country,categoria_expectativa_vida,rec_government_integrity,rec_energy_use_kg_of_oil_equivalent_per_capita,rec_life_expectancy_at_birth_total_years,rec_agriculture_value_added_of_gdp,rec_services_value_added_of_gdp,rec_infant_mortality_rate_per_1_000_live_births,rec_tiene_dato_gini,rec_ratio_servicios_agri,gdp_per_capita_current_us$
Albania,Mortalidad_Baja,-0.6243626043910527,-0.4606805954851344,0.3234145936994626,0.1491682101838796,-0.8126127556633151,-0.6052371969619449,-0.867906908224557,-0.2183166061243385,6846.42669381643
Albania,Mortalidad_Baja,-0.6232447254307081,-0.46132352715867997,0.3215332339866272,0.19752576796450472,-0.8355721139060188,-0.5882891398516753,-0.8703850233947592,-0.19347178511871616,6413.28280828537
Albania,Mortalidad_Baja,-0.7263565248267001,-0.3767895815447771,0.33111428519142194,0.19096343595064114,-0.7824924272360506,-0.62802739047362,0.9344477560278017,-0.156554129528172,5370.77749956875
Albania,Mortalidad_Baja,-0.6870081860341135,-0.37437674325559084,0.35358657396145515,0.08764967503654553,-0.743747126933758,-0.6698473889139123,0.9435911298298889,-0.0784944501267093,5460.4305086932
Albania,Mortalidad_Baja,-0.6929468889119181,-0.3798932614142346,0.35084068704723803,0.1224847067201631,-0.7655634711799513,-0.6608381380536981,0.937409168778481,-0.09612569990492298,5365.48880180298
Albania,Mortalidad_Baja,-0.6996186600213469,-0.3795542928519926,0.3469366005138688,0.13720841549016727,-0.7698144714001569,-0.654138937583596,0.9365560592186285,-0.10851186377250216,4614.0479692596
Albania,Mortalidad_Baja,-0.7415549696989915,-0.4074753328001335,0.30532617058481487,0.36114546643851986,-0.8905833664091317,-0.5633493692981998,0.9219005482697975,-0.22638042130642394,4168.37544462548
Albania,Mortalidad_Baja,-0.737651996276125,-0.40717608036323255,0.28197266963192935,0.3741862268411118,-0.8876711230241482,-0.5270904312697117,0.9458333779778094,-0.22580250863661316,3981.72662261867
Albania,Mortalidad_Baja,-0.7262685455667681,-0.41969912242795965,0.24901058815937716,0.4314775379908331,-0.9192334495910819,-0.4672487728626107,0.9730885489180688,-0.22986036705994806,4602.23051443229
Albania,Mortalidad_Baja,-0.653202299386902,-0.4901387454403002,0.31250128304455266,0.46658883358155534,-1.0002947690736141,-0.5237969924587215,-0.7067209519145667,-0.2279450707334873,4420.23461988353
Albania,Mortalidad_Baja,-0.7456025970080793,-0.3805073739688755,0.32044068709848833,0.2509734379451334,-0.809308377592221,-0.6062438097799964,0.9276104863882559,-0.19761592240823034,4222.3470988913
Albania,Mortalidad_Baja,-0.632216198191849,-0.4799922051193409,0.32495129443749143,0.3266224669916463,-0.9274722391280266,-0.5678524544133188,-0.7166282523928131,-0.20276938326236676,4465.70914328865
Albania,Mortalidad_Baja,-0.6272083424473885,-0.4798542609457366,0.32753579660689497,0.3315411433979317,-0.9316611285437647,-0.5676731562202694,-0.702956909059919,-0.18379304982640698,4149.14469936847
Albania,Mortalidad_Baja,-0.6273582161774662,-0.4790021237657894,0.33035117592288255,0.2748818476197178,-0.9050914217280833,-0.5878088638035323,-0.6973517012314601,-0.20889553995286075,4213.65007574693
Albania,Mortalidad_Baja,-0.7541198153078892,-0.37637773308627187,0.2963794423230991,0.273075733603958,-0.8040901223140262,-0.5701953371995543,0.9466848845005489,-0.21449490308720304,4498.50486763601
Albania,Mortalidad_Baja,-0.643454151178689,-0.49415830858918813,0.32549066980039015,0.4149409627000523,-0.990936630171278,-0.5543153340208788,-0.6119810259341876,-0.22881900825636736,3743.05529896187
Albania,Mortalidad_Baja,-0.6486505556644165,-0.49672842785437754,0.3213988582976527,0.4658923616150539,-1.016189111464329,-0.5372739533288822,-0.6134965901554756,-0.2275713525227625,3057.77257038113
Albania,Mortalidad_Baja,-0.714943055983582,-0.41721637823683577,0.1770081678482171,0.4669980100362503,-0.9059554902936837,-0.3565010842666104,1.0476634334232833,-0.22749124346716576,2741.72136549578
Albania,Mortalidad_Baja,-0.6683532410933598,-0.507220450184415,0.3058655543165425,0.6699675452386007,-1.1182743609796055,-0.46979265235410717,-0.6135245214957237,-0.21936766428132576,2446.90949947798
Albania,Mortalidad_Baja,-0.6714798476431758,-0.5069290814201574,0.296978985369841,0.7730836839846422,-1.161107041861691,-0.4286291707089311,-0.6568263717486265,-0.18083632437860914,1908.69900687608
Albania,Mortalidad_Baja,-0.671413083876008,-0.47359722209732413,0.07324825315269569,0.6982870831297603,-1.052044936866777,-0.15677678069830395,1.1249107794673585,-0.24664975135638884,1479.83884572006
Albania,Mortalidad_Media,-0.6799276568943522,-0.5023532944846558,0.2820389313754214,0.7143645424787779,-1.117364520678438,-0.4273459842825075,-0.734516718173909,-0.23374737293952746,1326.41652388077
Albania,Mortalidad_Media,-0.6914572133315793,-0.5019941699235647,0.2763101827748101,0.8345126909499356,-1.1679897280234837,-0.38881292347351215,-0.7992923183437188,-0.20689043570233373,1160.42047054038
Albania,Mortalidad_Media,-0.7560279833873143,-0.5356527138348873,0.21823183140144098,1.6030025142015092,-1.5444189862045814,-0.1282657283803941,-0.8364166704275446,-0.13191011746933007,911.320465445326
Algeria,Mortalidad_Baja,-0.6118054342872784,-0.4274193541320286,0.325932502482044,-0.05687608785212078,-0.6723035915731718,-0.6494681490200263,-0.9029786989647692,-0.18581611106042284,4961.55257664733
Algeria,Mortalidad_Baja,-0.6489024403518793,-0.3091542071568253,0.2622993352216504,-0.27986853746316376,-0.42589140285794763,-0.6063482561831182,-1.0413852929945056,-0.2248203003463784,4160.55926736925
Algeria,Mortalidad_Media,-0.627224776232988,-0.26451226534451944,0.14003398201473527,-0.30969592075556107,-0.3357464816451858,-0.4319676971225635,-1.048132774747958,-0.23088538614887077,3743.5419522929
Algeria,Mortalidad_Baja,-0.6373707467823394,-0.2457706742081816,0.19779699992720928,-0.3045048557483222,-0.37505184773095823,-0.5104933026932497,-0.9978754835652939,-0.2530544157430123,4468.45341883656
Algeria,Mortalidad_Baja,-0.6452900862520983,-0.29648080748919464,0.2165417947845593,-0.28702846665311155,-0.39108858565034643,-0.5421421266778683,-0.9963906546322687,-0.2212062503405074,4577.21029180491
Algeria,Mortalidad_Baja,-0.5748631869830458,-0.20635738502808007,0.21419164224711754,-0.34363770507492075,-0.2754446003924146,-0.5029560649966878,-0.9715836557955249,-0.28185973101300554,4554.66753957828
Algeria,Mortalidad_Baja,-0.49820106693168176,-0.2383642277059954,0.22023421201436902,-0.3664857382583176,-0.12805467530707587,-0.4836769472204209,-0.9689792571729088,-0.24766993568410578,4424.98529027556
Algeria,Mortalidad_Media,-0.4780593229984106,-0.2431966369695377,0.23022607423317173,-0.37334724093841326,-0.09342303944186198,-0.4890479536581396,-0.9580170920657922,-0.24349808206163515,4685.05902729002
Algeria,Mortalidad_Media,-0.6446580238221988,-0.21971328673246687,0.24657944291400458,-0.30327466296571387,-0.40779468511101336,-0.5756333299237671,-0.9579761295819431,-0.27914318099483154,6094.69392314956
Algeria,Mortalidad_Media,-0.6521632843101569,-0.29448676972240045,0.2332381865918611,-0.28204723348971006,-0.4015071516846308,-0.5657535508150202,-0.9401250318879,-0.22253048585096352,5979.60138960585
Algeria,Mortalidad_Media,-0.6578995485055049,-0.3342054502247734,0.23778014589297936,-0.26672833250340183,-0.4084178996797885,-0.5761013712388645,-0.92392677608173,-0.19528309869115074,6033.64884689543
Algeria,Mortalidad_Media,-0.7584292371625738,-0.2608033225352444,0.29552706425123526,-0.1695259336008344,-0.443715258961753,-0.6532282950419694,0.9787387220040026,-0.09292692072468484,5916.31364364343
Algeria,Mortalidad_Media,-0.647958076881839,-0.34915494205181175,0.21823064100179868,-0.20920257603920217,-0.44844811399629114,-0.5354283427427512,-0.9074076981953842,-0.20052625320380074,4912.78585503672
Algeria,Mortalidad_Media,-0.642537662629129,-0.32531146824856483,0.15200774598457076,-0.2616845267828499,-0.3643467160226109,-0.4511474098934972,-0.9167523762324925,-0.1901319785333787,4235.42990456612
Algeria,Mortalidad_Media,-0.6396235577231103,-0.374030951396771,0.2217248887377454,-0.12655911468338527,-0.5234336586988512,-0.5226894765879736,-0.879920759568616,-0.2100093237276111,5180.91881514686
Algeria,Mortalidad_Media,-0.6213963199499357,-0.390655141845105,0.1650517216038814,-0.04655219180572295,-0.5618789019704916,-0.4236652464548362,-0.8469458119141151,-0.21512058731454303,4167.45169937531
Algeria,Mortalidad_Media,-0.6073656728837935,-0.41620906984955736,0.14547168314108322,0.04594703767567243,-0.6330265683882746,-0.37536825521608996,-0.82223101599881,-0.2243703806384154,3660.66104745322
Algeria,Mortalidad_Media,-0.5988279185286496,-0.40638886501687244,0.09107644680962404,0.033642164096182314,-0.5917551605265362,-0.29937742246909116,-0.8284149312416711,-0.21951580569593654,3233.13339634212
Algeria,Mortalidad_Media,-0.6280796998626944,-0.4085143892648837,0.29655557507430913,-0.10527636467082452,-0.6021176904327817,-0.6222430490352093,-1.1373920167483005,-0.22430000840311876,2816.99384960555
Algeria,Mortalidad_Media,-0.6086483558122068,-0.40207813050537217,0.1899087394432515,-0.07759701354760001,-0.5646624103945217,-0.4626240751393901,-1.0980341837638135,-0.21967179253300623,2283.77299346126
Algeria,Mortalidad_Media,-0.6025743966155896,-0.3764055410729632,0.11101887852524332,-0.1250013367486999,-0.47623092504629705,-0.35932709149379805,-1.0804444636343715,-0.20835112508952158,1937.46411413019
Algeria,Mortalidad_Media,-0.5782511091764087,-0.4057622744408198,0.048562492780486924,-0.00039185806609265406,-0.5510230822428186,-0.2423039473252503,-1.0353461904897965,-0.21815463416081382,1896.30020878013
Algeria,Mortalidad_Media,-0.6113609432792796,-0.4739432424501145,0.1462700172332086,0.4049514696676134,-0.8731788909728527,-0.2953919992978337,-0.9751175115276143,-0.2329638804076931,1772.92869122761
Algeria,Mortalidad_Media,-0.6736197818346348,-0.4305263821962915,-0.4580616179161008,0.518157881508993,-0.6949395025765457,0.405975275083141,1.0829667557008,-0.22283666548744752,1466.94806760415
Angola,Mortalidad_Alta,-0.6260399103071352,-0.5159621550094506,-0.4922220167065761,0.5191572641327123,-0.7303688261872902,0.4021744568042035,-0.910082288840504,-0.23605474808200994,2929.69445467272
Angola,Mortalidad_Alta,-0.6146015379848385,-0.51444129528843,-0.5756661619191414,0.39020841964188846,-0.6358798394720232,0.45664025823992527,-0.9025301663013667,-0.2408943640900132,1925.87466082167
Angola,Mortalidad_Alta,-0.5918291390120266,-0.5036718419064131,-0.6340233731827416,0.17239381832681222,-0.4962030034756321,0.4692135875372285,-0.9406721552685557,-0.2459939572471238,1449.92286669308
Angola,Mortalidad_Alta,-0.5912331606492256,-0.4971786879819554,-0.6430259898321362,0.13705283459919493,-0.46901625686703996,0.47246843266503136,-0.8929127873904632,-0.2451117309722306,2189.85571407618
Angola,Mortalidad_Alta,-0.708847368458544,-0.35829879092266714,-0.6945002907977555,0.26140618377484837,-0.3822965743897848,0.6022470080398064,1.104154134489955,-0.1926014550463686,2538.59139143371
Angola,Mortalidad_Alta,-0.598669957136041,-0.5074531918632922,-0.7939518336323101,0.11927775721459,-0.4121595586804237,0.6138169566557894,-0.9616833213280667,-0.24656465445707398,2437.25971190821
Angola,Mortalidad_Alta,-0.6043694684110871,-0.5012695525737568,-0.8668326084634639,0.07823195090416424,-0.3566488133018842,0.6784914617517357,-0.9277885591498787,-0.2442167842437265,1807.95294072643
Angola,Mortalidad_Alta,-0.6206702993077146,-0.466600016908941,-0.9681038333741674,-0.040114242433937464,-0.21394394753886173,0.7617905316047442,-0.911587457870523,-0.2298407962459868,3213.90261080059
Angola,Mortalidad_Alta,-0.6152975316918922,-0.4889308974048853,-0.9890630090924721,0.007031567501334712,-0.2571551941692437,0.7864403448948873,-0.9435920886920723,-0.2381471584649833,5005.9997412707
Angola,Mortalidad_Alta,-0.6128842069810593,-0.5234112881180902,-1.024745745495384,0.11429226808726545,-0.3414928765520798,0.8359314257278045,-0.903999667573135,-0.25024759643730476,5057.74787833163
Angola,Mortalidad_Alta,-0.631812612987956,-0.5345599804163497,-1.1013903913271126,0.21982577532104153,-0.3755969797471065,0.9315304802831981,-0.8773695762302891,-0.24828847492740402,5086.02740086376
Angola,Mortalidad_Alta,-0.6436994843926803,-0.5415653182412982,-1.2072548945542838,0.2467577525239577,-0.3553639454221965,1.039703359989643,-0.8729173871364284,-0.2476658424124052,4615.91059831778
Angola,Mortalidad_Alta,-0.6489464720406363,-0.5448896171037437,-1.3602046222929904,0.18726427314689365,-0.27065324966030707,1.176193108291259,-0.8913201274502509,-0.2486078281551471,3597.34293216332
Angola,Mortalidad_Alta,-0.6450794997199056,-0.5335169940838427,-1.5701717682762522,-0.025761545129664942,-0.0714134255547973,1.33912830368933,-0.9306049977673505,-0.248900376255562,3136.64546955947
Angola,Mortalidad_Alta,-0.7428856691105428,-0.4598383604160394,-1.548400952901301,0.30690637578337565,-0.20187636336441536,1.4249645771106998,1.104034857152451,-0.22219112070238384,4103.0669003635
Angola,Mortalidad_Alta,-0.7127029009435976,-0.5814009540999446,-1.6984068846096967,0.48351569027317,-0.3238164402416304,1.564124967204546,-0.8289288003424276,-0.24239127463774118,3141.0459797605
Angola,Mortalidad_Alta,-0.717487351617063,-0.5859670906336256,-1.8851987403998087,0.4038553771751193,-0.21823544197140335,1.729231284092654,-0.8407015967234865,-0.24442187505124402,2617.05196022633
Angola,Mortalidad_Alta,-0.7307966271072128,-0.599611086402097,-1.9994054758205273,0.4628589603178128,-0.22068493084921806,1.8512434255225834,-0.7777323335761748,-0.2462301240389107,1916.46842218625
Angola,Mortalidad_Alta,-0.737771649098908,-0.6020391660967735,-2.2083290122730173,0.37106265588626786,-0.09648761957822832,2.0358095796892837,-0.8229773564160894,-0.24666554867427415,1266.21086410236
Angola,Mortalidad_Alta,-0.7462239692246986,-0.6087157233426493,-2.349187608819213,0.35307082371659426,-0.04119466226527374,2.168722297457359,-0.8171188597290842,-0.24765662952816603,992.698979254665
Angola,Mortalidad_Alta,-0.7755704498779632,-0.6243935181045912,-2.5007088646119415,0.48722508499866124,-0.0643853676936526,2.3429481000351506,-0.7986128293508674,-0.24425559173613565,882.147847234303
Angola,Mortalidad_Alta,-0.8586838053860695,-0.6566350345248194,-2.487114107625748,1.1147080162879361,-0.40349557312396866,2.4578210060567933,-0.7714191572018478,-0.2246294540681304,533.586202412447
Angola,Mortalidad_Alta,-0.7235084969615234,-0.7926020384353935,-2.419698582612045,0.9964669274972269,-0.63057711363831,2.342569778407263,1.0568921698824967,-0.3384627553137657,563.733795571487
Angola,Mortalidad_Alta,-0.8399088500059683,-0.6594397145872944,-2.8066417586849854,0.8022554872601935,-0.13673516775240305,2.7035467784037372,-0.7458044709225968,-0.23682035708904425,404.29481849612
Argentina,Mortalidad_Baja,-0.039259105613696554,-0.11122107990390802,0.5556012229348983,-0.4690954845532988,0.17552230025116033,-0.6975717391335412,1.2054631891353893,-0.13744601303931253,13935.6811110049
Argentina,Mortalidad_Media,0.09341947053924796,-0.07997693188959744,0.6079795221157804,-0.5159733968916039,0.24395260403131658,-0.7136708108620244,1.237067918387665,-0.13730866920463192,10738.0179223384
Argentina,Mortalidad_Baja,0.10012954930482673,-0.13594617003333415,0.6036792244680853,-0.5261274602736077,0.3455347990642884,-0.7052773499532312,1.2040117514077378,-0.12576944996339617,8535.59938004389
Argentina,Mortalidad_Baja,-0.2243312802011101,-0.19983866263850694,0.4772434073086109,-0.40960531161580155,0.15707873969520414,-0.6680073535708071,1.1391559078121078,-0.12819124852763103,9955.97478680428
Argentina,Mortalidad_Baja,-0.20377570140199142,-0.21354176281837808,0.48274325918351285,-0.41988108154522197,0.19870581309912883,-0.6672772053124416,1.1199617664856123,-0.1255670935951635,11752.7998922979
Argentina,Mortalidad_Baja,-0.053282075895884684,-0.2094590541544506,0.5381074607121978,-0.4776445767706289,0.3293770756044744,-0.6803424600886595,1.1279643776127946,-0.11989976137321973,14532.5009308511
Argentina,Mortalidad_Baja,-0.2352737269963776,-0.22216160772646018,0.4704263758191872,-0.4085613389754849,0.18492454539760206,-0.6634430336180279,1.120779098424987,-0.12457980039909439,12699.9623137756
Argentina,Mortalidad_Baja,-0.20107268605350231,-0.16015005248120825,0.41380057337663406,-0.4430587706824647,0.20404396211761056,-0.6328882815804748,-0.9182116228017927,-0.2201445403368973,13679.6264980954
Argentina,Mortalidad_Baja,-0.464542089571475,-0.1740815295984286,0.39229203663271717,-0.3136847286814606,-0.10727289525716116,-0.6519888673908651,1.1293493520957976,-0.14512273279287075,12233.1444119186
Argentina,Mortalidad_Baja,-0.42525825177356724,-0.19334348847286345,0.40403464833274794,-0.3318544503259437,-0.03890562763688166,-0.6519725432425467,1.1104395040245296,-0.14032420213307883,12963.675773326
Argentina,Mortalidad_Baja,-0.4573526288748251,-0.19371156461062217,0.3923103038435474,-0.31943825440455953,-0.06759502296014469,-0.649281705027672,1.1097912232782774,-0.1415684535314301,12949.717486654
Argentina,Mortalidad_Baja,-0.5449227292998966,-0.1614438568633995,0.3643079665473534,-0.2811008241692618,-0.20265032871968897,-0.6472425652329843,1.1270277341149462,-0.15171948125939305,12704.2831819684
Argentina,Mortalidad_Baja,-0.5763541766733423,-0.15683636094008702,0.35306041262015503,-0.2687602278985265,-0.23979251469452342,-0.6451519271325092,1.1168214965351753,-0.1550155268277082,10260.1313108254
Argentina,Mortalidad_Baja,-0.4793475318570819,-0.20803226419063833,0.3830981316794854,-0.31213077405513084,-0.062448748176612945,-0.6455440224872973,1.1188130720162397,-0.13805712944613008,8150.23527028221
Argentina,Mortalidad_Baja,-0.6196430502644072,-0.12421793069797589,0.3403042930904544,-0.24879966842780651,-0.33643089504797796,-0.646176096305605,1.1035225059771785,-0.16611707484328048,8944.1102657357
Argentina,Mortalidad_Media,-0.6650159078363069,-0.11358025041709467,0.32078409273238856,-0.23294854182022856,-0.39578587825440514,-0.6433761895760836,1.0823412756217397,-0.17540134731493917,7185.25155147027
Argentina,Mortalidad_Baja,-0.7184189840676503,-0.10509208788993461,0.28604954612660655,-0.21986492906635519,-0.465016262207335,-0.6410062952667073,1.0622110443350024,-0.19261972987182574,5869.38028970204
Argentina,Mortalidad_Baja,-0.7259558499215045,-0.12947549504565656,0.2793995618510431,-0.2157356472754491,-0.46031219939870954,-0.6427690592593169,1.061251532620396,-0.18255923223260528,5067.65342293276
Argentina,Mortalidad_Media,-0.7089029766013517,-0.10876543554876654,0.29477553433422843,-0.2161225086740861,-0.4790600849932448,-0.6471250636844914,1.0711514926458752,-0.1812299109875778,4242.02099089422
Argentina,Mortalidad_Media,-0.5806040170235763,-0.16527778792770173,0.3495701982254322,-0.2694936235109915,-0.23073696682401074,-0.6428196545286226,1.0798940376395707,-0.1562361726923962,3320.47775133903
Argentina,Mortalidad_Media,-0.4800202224144484,-0.2772355566060776,0.37444618713802963,-0.321296922943037,0.05484837053573166,-0.6343819538048143,1.0753912145601954,-0.12436708127899049,2569.69963519124
Argentina,Mortalidad_Media,-0.08667236507504059,-0.5284863351856895,0.41849312486152007,-0.4910383551481414,0.8154000760585062,-0.5358782886560971,1.0826341615972317,-0.007491511183777416,7141.47507662826
Argentina,Mortalidad_Media,-0.16989371856238325,-0.4831827359016749,0.4134687047491517,-0.4579093647800831,0.6696352037535555,-0.5625356625270858,1.0549409029808057,-0.03546901200887098,7637.01489203628
Argentina,Mortalidad_Media,0.14184508004863186,-0.4050429594470961,0.5863900998829019,-0.5786922657806978,0.8424866723912231,-0.6656603498238263,1.0433470158577436,-0.07006137168421567,7357.6162773788
Armenia,Mortalidad_Media,-0.017335969163406975,-0.22051797367415152,0.5514722534109311,-0.49092654926869184,0.38361577989492424,-0.6826296826713092,1.1774490250665355,-0.11141329569231767,6571.97445545099
Armenia,Mortalidad_Media,-0.2932903465620429,-0.23957729809152997,0.44955075821963314,-0.385235257184635,0.1653074770817361,-0.6575025465173243,1.1900330891964277,-0.11653838620635515,4685.17997128509
Armenia,Mortalidad_Media,-0.3139082325796605,-0.23902622066739965,0.44177567286150693,-0.3776071588375687,0.14500171169041765,-0.6556681672384271,1.1784560278833152,-0.11849756177018,4268.68093304583
Armenia,Mortalidad_Baja,-0.34581504763891413,-0.23245821173519524,0.4305303960894163,-0.3648993948336007,0.10398587488131866,-0.6538101141436109,1.1673101503852554,-0.12238805077471604,4597.22887399548
Armenia,Mortalidad_Baja,-0.4396096439701126,-0.19364294549950728,0.39981993966155677,-0.32491689510529687,-0.04986062048820156,-0.6514630903382239,1.1459830310892958,-0.1377604488400987,4196.00562301769
Armenia,Mortalidad_Baja,-0.6610848169817749,-0.07704946845768292,0.32660410961276076,-0.23212318806339333,-0.46149988212056836,-0.6473688637154746,0.9829960912591358,-0.19004998516240634,3869.05373867752
Armenia,Mortalidad_Media,-0.7610251666423605,-0.28591471564991383,0.2970853045746008,-0.07070380480973193,-0.5225722264850655,-0.6375532795043524,0.953220230469581,-0.1260531743245082,3524.42476874707
Armenia,Mortalidad_Media,-0.757868376152341,-0.32728353799745896,0.30667044010228334,0.08159725846456511,-0.6540989121536452,-0.6214666018970231,0.975065765430861,-0.1606646199977742,3512.39350276709
Armenia,Mortalidad_Media,-0.7426742483652673,-0.3567345754342164,0.1786534213032012,0.28434258581047933,-0.7394370921378611,-0.3995498676415224,1.0764713226502387,-0.2047545019452615,3852.11800610384
Armenia,Mortalidad_Media,-0.7230648470228475,-0.3850814993701864,0.1396484173785241,0.39277219112547446,-0.8140639939098053,-0.3196832040766082,1.101904927122736,-0.2146491715997606,3680.16692158886
Armenia,Mortalidad_Media,-0.7276340303418382,-0.37695497486577256,0.14474474937949297,0.3653199994093548,-0.7921258700780531,-0.33307859181756533,1.1008109205971546,-0.2116913179594732,3511.56399687426
Armenia,Mortalidad_Media,-0.6235644164939118,-0.2651454125681633,0.3224035634711152,-0.2657138417275823,-0.09911961423262894,-0.6234319902770862,1.034236246656478,-0.1361651434190489,3349.55309771906
Armenia,Mortalidad_Media,-0.6544970947256987,-0.2370500386678942,0.3135045820151103,-0.25118133299657297,-0.17666291762926506,-0.6249290580060847,1.0182400093951594,-0.14639142197447408,3041.34450723339
Armenia,Mortalidad_Media,-0.3881058766364204,-0.4144616501327954,0.3232616850855813,-0.35978574029201854,0.3421906198001572,-0.5255338180696598,1.110586945308999,-0.03650103859659082,2820.5926553347
Armenia,Mortalidad_Media,-0.3354631802754259,-0.453466543962675,0.30538807553868647,-0.37847290136177936,0.4420325184188415,-0.4791503558154825,1.1331280542452626,-0.0010600545701980602,3777.66859313767
Armenia,Mortalidad_Media,-0.6849400501251094,-0.2713577724267339,0.27528040870392595,-0.24211632384126397,-0.15788098552859103,-0.588162686553471,0.9607207331746985,-0.1327671732492972,2962.70234594569
Armenia,Mortalidad_Media,-0.4785296930637851,-0.4147188324976517,0.22845121846561892,-0.31662980561110604,0.22909504878846643,-0.4374244100712066,1.0763815248388262,-0.008041961802748382,2041.65267068997
Armenia,Mortalidad_Media,-0.6601738448584585,-0.4866589828616109,0.051989608735860796,0.743246659416483,-1.0818761764274865,-0.1159207508837494,1.1096466801655467,-0.2511098881107292,1557.48458908655
Armenia,Mortalidad_Media,-0.711753772838171,-0.355420450271454,0.021997485143584294,0.35506013271263503,-0.7102811325637649,-0.1587682487789079,1.1546025659937347,-0.20104768569346915,1130.08791444158
Armenia,Mortalidad_Media,-0.6215531179549101,-0.582868285690556,0.07167127810394168,1.027453431146705,-1.3530145894919783,-0.08118013310006406,1.0714431665562028,-0.2877554931555312,882.030167695474
Armenia,Mortalidad_Media,-0.6253136823999049,-0.5746267863428476,0.07179021754141315,1.0026268745702271,-1.3303146988326882,-0.08688182302036274,1.0754758288406223,-0.28465519438397513,742.651118319819
Armenia,Mortalidad_Media,-0.6214561477075401,-0.7013303083869544,-0.025308375653030356,1.6390314205423133,-1.7584098604093112,0.1511681062192466,1.0292155007874373,-0.31452873565735806,659.588988535629
Armenia,Mortalidad_Media,-0.6605232881438858,-0.5124544964221569,0.05290647209753181,1.0638226566117284,-1.1928723288142598,-0.016405120990707844,-0.9451925314257104,-0.21529446497471955,593.450581742282
Armenia,Mortalidad_Media,-0.7247161974149089,-0.5405285646109735,-0.19972311174005408,1.3913214601168247,-1.2804597676281388,0.2975011089781816,-0.9537605058312182,-0.20382313475364677,443.924860857976
Australia,Mortalidad_Baja,1.4031701735175743,1.2730758639121447,0.9464444572575241,-0.8435679839133077,1.3212229664652582,-0.7793266966729162,-0.5858378657257386,0.24962345578792022,64997.0136536475
Australia,Mortalidad_Baja,1.5460183098490368,1.3187583772281983,0.9895234078726205,-0.8857559886297797,1.5145253234942753,-0.7858674025509633,-0.5816198174657272,0.2964512812417408,60607.7788605166
Australia,Mortalidad_Baja,1.5688337993827826,1.353316629922946,0.9950223514313896,-0.8940993287407054,1.5357678641877706,-0.7853536802005536,-0.5881605694744982,0.3064433835253664,51791.540179984
Australia,Mortalidad_Baja,1.4047514209258187,1.2408155400203507,0.9423001738662977,-0.8454191081799056,1.3739322587120415,-0.7752783242171328,-0.6479070842339645,0.25479412400052487,54972.7017885437
Australia,Mortalidad_Baja,1.7362605786583405,0.9553005481956873,1.2102176448514446,-0.8421542009438373,1.0415057711644136,-0.9541544903491779,1.1344357189991174,0.14648536891977842,57196.4220783778
Australia,Mortalidad_Baja,1.3356852673760007,1.134186727515083,0.920325143594007,-0.8229084558752666,1.344052788632431,-0.7717665286834192,-0.6887748270353162,0.23099412799762933,53901.7145392154
Australia,Mortalidad_Baja,1.8177513228487787,0.9340570137297326,1.234826090332313,-0.8646830329273112,1.183166631887719,-0.9583340816556898,1.1227195708794881,0.1717266423735481,49888.0410842736
Australia,Mortalidad_Baja,1.4474939637994,1.2169668903035549,0.9556311208004578,-0.8566037359090553,1.4540910306304884,-0.7779866873115859,-0.6531722821979451,0.26713126421391503,56739.0265346593
Australia,Mortalidad_Baja,1.8913725645838808,1.1635912401540502,1.2545638228352185,-0.8943479386529112,1.1605129260363505,-0.9575391362971309,1.1602470577489945,0.20510731941128477,62544.0873773726
Australia,Mortalidad_Baja,1.5405392331428902,1.3967585091701034,0.9830828195582191,-0.8892273233420381,1.483569807666255,-0.7803451769274229,-0.6113003750146873,0.3029181536287161,68190.7010035651
Australia,Mortalidad_Baja,1.4872955179877487,1.4068512157532758,0.9662183194899261,-0.8748004913164116,1.398421472980643,-0.7768976819747738,-0.6136638036622133,0.28727165790813114,68072.8732340801
Australia,Mortalidad_Baja,1.4763343680158145,1.4643030291312957,0.9610635966855687,-0.8744982857572097,1.3543557862910065,-0.7740944313935851,-0.6161454895663945,0.2877825241018537,62605.600458306
Australia,Mortalidad_Baja,1.8796388128219503,1.2448116555750557,1.2468109154405616,-0.8958371609416286,1.1140443270956157,-0.9522321536780296,1.1384489508510884,0.20898088174224952,52144.6654705468
Australia,Mortalidad_Baja,1.4429943167032353,1.497453677345546,0.9488343264007097,-0.8672074554084638,1.293479093593981,-0.7701067364552041,-0.6282120792125239,0.2808360004451248,42816.5674002829
Australia,Mortalidad_Baja,1.840045810629677,1.3164533775237561,1.233037683124037,-0.8878210475946093,1.015541956690794,-0.9479275764870733,1.1424569169219632,0.20079301267179084,49701.2817843335
Australia,Mortalidad_Baja,1.4798945964508743,1.517295653428161,0.9601687349153274,-0.8782550675513068,1.3367612061238083,-0.7719223628534325,-0.6223331754273538,0.29292392609992907,41051.6120652288
Australia,Mortalidad_Baja,1.4418671942604355,1.4886146728936633,0.9491129168203649,-0.8662757743084748,1.2937771179123123,-0.7707199697185346,-0.6238737634926281,0.2794543753316477,36595.7071548423
Australia,Mortalidad_Baja,1.4472224768774558,1.4193622442674627,0.9522394670605678,-0.8647787139326966,1.3390366157766982,-0.7730325621836048,-0.6284288264011062,0.2772151749028638,34479.7679298388
Australia,Mortalidad_Baja,1.7577155664393833,1.1744951343508392,1.211449131255269,-0.8580799035463775,0.9612463727901944,-0.9482678373310733,1.1411024509412302,0.16634584882523903,30836.7306824685
Australia,Mortalidad_Baja,1.732506049320979,1.147259212692332,1.2036077809600052,-0.8501442546929221,0.9414214389996428,-0.9470545144305933,1.1317905149472465,0.15779303763714228,23718.1338501868
Australia,Mortalidad_Baja,1.3195542478360582,1.275333848820648,0.9139017130314462,-0.8236700203141781,1.2341865261501659,-0.7682518370222577,-0.6619825690834391,0.2320395515160325,20301.8431713256
Australia,Mortalidad_Baja,1.731250920274504,1.1122605556922835,1.204844990621396,-0.8478091095314357,0.9527999602725877,-0.9488434824952915,1.1393587574142394,0.15436066572462964,19695.7297379144
Australia,Mortalidad_Baja,1.4051887545967081,1.3812312990724904,0.9384203985216049,-0.8521738438148101,1.3057399662162412,-0.7702348804416325,-0.6501146991789624,0.2640843439978494,21870.4159669594
Australia,Mortalidad_Baja,1.2975800821951546,0.7728671682530704,1.0730508769907343,-0.7167853493771394,0.5115200023510883,-0.9284600070601668,1.0747651592398695,0.008293262723668954,20448.1219685874
Austria,Mortalidad_Baja,1.58278398625231,0.6319543838116549,1.1592262191933056,-0.8185570418725008,1.0956766733165715,-0.9325009364473956,1.192098242798089,0.10247270079453222,52176.6649141178
Austria,Mortalidad_Baja,1.6358340061512402,0.7331959842851608,1.1839988184427253,-0.8132453706738283,1.0231188854817308,-0.9510838405395743,1.183015466460499,0.10568485181342506,53648.7190742245
Austria,Mortalidad_Baja,1.626005670947154,0.6809436040166157,1.1763271305821992,-0.8201104027539367,1.0874625220542087,-0.942610614863828,1.1775645459645483,0.10952237545698895,48716.4098900349
Austria,Mortalidad_Baja,1.5333156173699214,0.6757812456851185,1.1456135631786284,-0.7972204173589095,0.9667733315984502,-0.9345141749416347,1.1671335234571707,0.08395754537536357,49885.9947355204
Austria,Mortalidad_Baja,1.426613391077761,0.6189188803569324,1.1066237493517002,-0.7804676879768557,0.9008231554789873,-0.9180083850799499,1.1647491594389527,0.06036366672564161,51194.0749841299
Austria,Mortalidad_Baja,1.4545059938219052,0.667530730801295,1.1197620206821945,-0.778822258044249,0.8674441603526429,-0.9273214881627613,1.169461933328428,0.062201919836604475,47163.7425775142
Austria,Mortalidad_Baja,1.386098385977561,0.6263934360033897,1.0941880548329856,-0.7688125603725124,0.8328901479956029,-0.9159720234021888,1.1640876191573166,0.04782097482446379,45061.4993920192
Austria,Mortalidad_Baja,1.3211843394396041,0.577746011130606,1.0685836271495637,-0.7607189791511202,0.8165944289856534,-0.9035603484894522,1.148146069468879,0.035834213972775,43915.228020857
Austria,Mortalidad_Baja,1.4388602963035366,0.6428525963691913,1.1129537946161168,-0.7794924483082708,0.8808827070977577,-0.922628218095262,1.173654586759368,0.06055092876843457,51314.9722616322
Austria,Mortalidad_Baja,1.4888664961017382,0.7100680354609172,1.1341574472791036,-0.7797202100891436,0.8534929485329373,-0.9361041821668504,1.1678149002090272,0.0669277786003799,50305.3545774973
Austria,Mortalidad_Baja,1.4843313069762223,0.7095555078625703,1.1329932038071184,-0.7788723396058499,0.8464689847430863,-0.9358280603690707,1.1742992429573351,0.06540038647308549,48250.4059142637
Austria,Mortalidad_Baja,1.4943053686416787,0.7087140644832669,1.136005506995273,-0.7814781630593934,0.8622643308655501,-0.9364174616065024,1.1719314909406773,0.06847700659219624,51116.8953522042
Austria,Mortalidad_Baja,1.5450824237107694,0.7642782401306161,1.156107130230595,-0.7837736533589368,0.8548244185276367,-0.9480810127556935,1.1582145085746074,0.07685540961334797,46611.1393420232
Austria,Mortalidad_Baja,1.5160950363625234,0.7104051252981424,1.1425550922624315,-0.7863288756560707,0.892894832411606,-0.9380789118846504,1.1605867588673702,0.07503661492197086,47857.4446635266
Austria,Mortalidad_Baja,1.5907472412882597,0.836641590624372,1.172975015162995,-0.7933580393771413,0.8515481540632429,-0.9544628709167177,1.1828632117587754,0.08848996776817922,51581.3982361071
Austria,Mortalidad_Baja,1.5809156530029413,0.8472896088130463,1.1701935331596844,-0.7908010571012737,0.8278938618397756,-0.9540662559008601,1.1888666208923238,0.08546052446505681,46622.9622913635
Austria,Mortalidad_Baja,1.5388903198970572,0.8261955960867309,1.1558224666142012,-0.779038772534564,0.7866740842251257,-0.9505897927628381,1.1661520961939136,0.07352547602216195,40382.2078298575
Austria,Mortalidad_Baja,1.4415493815898952,0.7642719406440991,1.122364982121856,-0.7572161179507395,0.7111205536159716,-0.9399175409915844,1.148457414373784,0.047508302125634005,38157.37022862
Austria,Mortalidad_Baja,1.3666439170100224,0.7076326436782423,1.0940764852392526,-0.7487796416111401,0.6876392949495619,-0.9260917398173444,1.155305768622094,0.032625190852363956,36614.2506533707
Austria,Mortalidad_Baja,1.3506999940391626,0.6918804549373125,1.0872230898016761,-0.7473254879673267,0.6903129663585336,-0.9223778476695826,1.1464070221428202,0.030368454014803092,32110.1159661425
Austria,Mortalidad_Baja,0.9788367389273566,0.8294158834335994,0.8205995743178967,-0.7072280816053755,0.9395194190491093,-0.7646348831856458,-0.6688259432679389,0.09860480212111784,26334.862215032
Austria,Mortalidad_Baja,0.9267201966403987,0.8282886023536019,0.803771664155279,-0.6929218532617887,0.8655136239320581,-0.7610515716498432,-0.6781230461625978,0.08334769984933499,24430.495982841
Austria,Mortalidad_Baja,1.1887094924596349,0.576099780192607,1.02677010264628,-0.7279696695934942,0.628894805245606,-0.8935322507518867,1.1647172987236747,-0.002796734391354666,24487.2974685956
Austria,Mortalidad_Baja,1.387958364825043,0.6629753563980001,1.0990191898270676,-0.7634034918801071,0.7762940429752515,-0.921989495387115,1.1887588362466295,0.04277042156273422,30207.0674314652
Azerbaijan,Mortalidad_Media,-0.5410086743986202,-0.4498195844254083,0.38072222215027995,-0.1096230460069213,-0.71565937215101,-0.7176894600841064,-0.6442998229170052,-0.0430296565062383,7770.594223351
Azerbaijan,Mortalidad_Media,-0.4899061810328237,-0.11670935333953986,0.3643068088358753,-0.2881371652613961,-0.6178345734711739,-0.6849561198219889,-0.8881885329241217,-0.21910475634542498,5408.04535175023
Azerbaijan,Mortalidad_Media,-0.6378271300217065,-0.23032320416497506,0.2809531362940444,-0.2981525227043436,-0.4412376636653358,-0.6211742764769299,-1.0021200859360035,-0.2757289489679702,4229.91064904503
Azerbaijan,Mortalidad_Media,-0.45431086701785084,-0.156439993165332,0.39302719469202646,-0.27304260657606605,-0.6778127740804156,-0.713534379955701,-0.8219176105400023,-0.1662253114958337,4805.75371765917
Azerbaijan,Mortalidad_Media,-0.5380590298084824,-0.4035118681228071,0.3687644857182106,-0.22459597834642772,-0.6234812584939059,-0.7201411666994395,-0.8271266781862845,-0.06175120216377189,4739.7943123408
Azerbaijan,Mortalidad_Media,-0.5901744517263603,-0.3451936785788321,0.3277362621524178,-0.25125525017027217,-0.5377308398325602,-0.6771468365610633,-0.8906667383619773,-0.14573675745766584,4147.1981423222
Azerbaijan,Mortalidad_Media,-0.6488035496842643,-0.3665339411801885,0.2947268300320385,-0.20009892784743266,-0.5081145273205077,-0.6412640500480662,-0.9029616013164077,-0.1928107867538727,3880.6852276838
Azerbaijan,Mortalidad_Media,-0.6503857903041695,-0.36030678535997085,0.25387256925035484,-0.19133917032370767,-0.48581627618346535,-0.5827376459793774,-0.9247597028561394,-0.2054619285579714,5500.50364628486
Azerbaijan,Mortalidad_Media,-0.6230364539482391,-0.43760599851273163,0.2616189751414925,0.0634359011403759,-0.7161681193968007,-0.5388953631381772,-0.8531062341378763,-0.23484863944708273,7890.84028062087
Azerbaijan,Mortalidad_Media,-0.6113745623972877,-0.47175201936959804,0.24420550079231212,0.2147244264270659,-0.8269639722491211,-0.48074874555902747,-0.8331818058953206,-0.24532004912643407,7875.34536661549
Azerbaijan,Mortalidad_Media,-0.6101780031433265,-0.4791650712822862,0.209964689195445,0.30571120753131165,-0.8660444617542616,-0.4115757144935057,-0.8141390011512191,-0.24431295312078544,7495.86527658099
Azerbaijan,Mortalidad_Media,-0.6017217349657563,-0.4908995542484494,0.15048313739309185,0.4189815096373196,-0.9122623690123299,-0.3014212316050434,-0.7679308840261727,-0.24483488642253798,7189.81869211976
Azerbaijan,Mortalidad_Media,-0.5849536333834571,-0.49873334228771565,0.0805654421822854,0.4814998309914771,-0.9247694262981758,-0.1869626196228722,-0.7452660304559791,-0.24588641525038507,5843.5337683582
Azerbaijan,Mortalidad_Media,-0.5635054600356564,-0.4998466996837295,-0.017277167136981443,0.4141768673344791,-0.8562324436186352,-0.08244975338229352,-0.7469734545972373,-0.24931060233419278,4950.39949009423
Azerbaijan,Mortalidad_Media,-0.5988242390495818,-0.5093279951582845,0.02478506719529952,0.6867206651176225,-1.0105321680650712,-0.06716248392987029,-0.769191070829822,-0.2387340885156573,5574.46810432575
Azerbaijan,Mortalidad_Media,-0.6234653418866629,-0.5216304221853204,-0.032038563381042134,0.8435162306838486,-1.077549091194637,0.01976102948669034,-0.7471153101239252,-0.2347605964145823,3851.33015175141
Azerbaijan,Mortalidad_Media,-0.625601255121425,-0.5260287427334785,-0.1192774949567043,0.8158661731735477,-1.0365795812382963,0.09851038584283434,-0.7299765278518331,-0.23674529522295645,2472.95725732287
Azerbaijan,Mortalidad_Media,-0.6437775915818711,-0.4838216212056619,-0.22896332882880918,0.7221377111648712,-0.9541838751001326,0.21055212763681463,1.0659667271263873,-0.24574144235566486,1578.36733030667
Azerbaijan,Mortalidad_Media,-0.6524510171004693,-0.4630689379234887,-0.27633707184802403,0.6538342230197283,-0.8750989637294891,0.24790411717973282,1.0715401829464397,-0.23727801161236417,1045.0136328106
Azerbaijan,Mortalidad_Media,-0.6483745800164825,-0.5007646366597551,-0.35607588821993474,0.7338170734072704,-0.9321110951421738,0.33359709736024146,1.0655624465247726,-0.2508461553360749,883.692580745256
Azerbaijan,Mortalidad_Alta,-0.6436252454232584,-0.5420502373155184,-0.4393670187239409,0.8224916717431878,-0.9966647494084967,0.4237080415579766,1.0589143588239616,-0.26575044617747406,763.108895463487
Azerbaijan,Mortalidad_Alta,-0.6515308149233635,-0.5479966796990092,-0.5733063725317467,0.8028376904270322,-0.9422366988570816,0.549619753198497,1.0610063388087239,-0.266569479210357,703.670998584686
Azerbaijan,Mortalidad_Alta,-0.6993824604084065,-0.5642364626141552,-0.7961887277103179,0.9459722652501379,-0.8767060549857443,0.782362075929971,-0.7584516646117976,-0.2307692854899659,655.097249579917
Azerbaijan,Mortalidad_Alta,-0.6706513613014005,-0.7460422344721215,-1.2123095525463012,1.31012596369548,-1.1937863618471263,1.2354236112544392,1.0425904610681906,-0.32672401289592234,314.55801908334
Bahrain,Mortalidad_Baja,0.5637611370099139,2.8685831434386713,0.6226081230233846,-0.7077887369497605,-0.6310546799639118,-0.6708231477974008,-0.8660313301862721,0.617655718962736,30470.5219276023
Bahrain,Mortalidad_Baja,0.6973751076847136,3.528015387733618,0.6263044701397751,-0.7777302444442887,-0.6289480485193896,-0.6285835483175333,-1.0681512311370893,0.4346715743235019,27147.8083882286
Bahrain,Mortalidad_Baja,0.5871634172428736,3.283261859803413,0.5887059726212243,-0.7381353355243477,-0.6092752559806739,-0.6188043396272545,-1.1795168062638013,0.3099327359186171,24342.8444554718
Bahrain,Mortalidad_Baja,0.59681033308012,3.2161372697167945,0.5985512941979767,-0.7393184377544314,-0.5953325334332225,-0.6304156639344769,-1.131118742972321,0.4450648535914329,27259.7438599327
Bahrain,Mortalidad_Baja,0.49944843926872307,2.9138633111744845,0.5764347257687987,-0.698163330474074,-0.5910657569347787,-0.6353860370054307,-1.1357139401331493,0.4006934797761925,26324.4066549559
Bahrain,Mortalidad_Baja,0.5145838753546679,3.0153266600828097,0.572057582731694,-0.709132360266255,-0.5786936162817935,-0.6254711926760959,-1.2037612066375452,0.37509903246544657,24784.7693514607
Bahrain,Mortalidad_Baja,0.4812621215971423,3.011620460767077,0.5563657541078866,-0.6982374420372247,-0.5904481790657308,-0.6145632128676097,-1.2576631936909415,0.22857492440116495,23800.001440631
Bahrain,Mortalidad_Baja,0.5296257299492451,3.124333650064982,0.5710040192898955,-0.7169783314724796,-0.5912235052835118,-0.6172297167362186,-1.2285648712629404,0.2929073972542228,23734.0551143019
Bahrain,Mortalidad_Baja,0.5466021921995006,3.038284308386399,0.5960493463076753,-0.7114373913330811,-0.6328528656834922,-0.6405058704541811,-1.0373719687231944,0.3685283001105386,26451.7965647453
Bahrain,Mortalidad_Baja,0.6623408937474828,3.338033318276821,0.6275555870172991,-0.7581504593740145,-0.6322109722116059,-0.6423715329849733,-0.9963291703519621,0.49550134823229836,26989.7601148469
Bahrain,Mortalidad_Baja,0.5323164276280927,2.895023696919746,0.6020830778785942,-0.7012101887891922,-0.6264614668175704,-0.6545558762403879,-0.9715955729898476,0.47803637956007794,26438.6733230428
Bahrain,Mortalidad_Baja,0.5956387487779308,3.1319961118124837,0.6159443971796736,-0.7269533009394575,-0.6511580307010829,-0.6480649440582418,-0.9569098504255333,0.42162216892946064,25032.7867743333
Bahrain,Mortalidad_Baja,0.5743011361182012,3.1602251847158858,0.5965878144153949,-0.7266615657821571,-0.6218904582572256,-0.6326609288115952,-1.0885311256200014,0.36663570184063354,21819.3291098099
Bahrain,Mortalidad_Baja,0.530055194808899,3.0979445832182977,0.5805005010150655,-0.7102949658674588,-0.630366985475588,-0.6254798778835042,-1.12908430209495,0.24669591162475069,19465.3140745038
Bahrain,Mortalidad_Baja,0.7314086194043874,3.5216832002472374,0.6517364377407497,-0.7813509073458116,-0.6670269282691428,-0.6467322512633424,-0.9057553621124437,0.49802375574762514,23299.4992780392
Bahrain,Mortalidad_Baja,0.7060920617833238,3.5891256370979163,0.6274669076386528,-0.7808674507160998,-0.6455558565704886,-0.6251396305369414,-1.062357493814122,0.3711181766495713,20908.4042548073
Bahrain,Mortalidad_Baja,0.7163719259320799,3.5796459799494103,0.630261481333336,-0.7863260377564685,-0.6230742424387352,-0.6279039536069368,-1.0747746327555066,0.46411015751742146,19267.282615072
Bahrain,Mortalidad_Baja,1.1437073731512464,3.1071212140913365,0.7839948738960945,-0.8729817357319782,0.21248211595583777,-0.6702156538960413,-0.9549163352055712,0.325453386178684,17966.1657837625
Bahrain,Mortalidad_Baja,1.454303626857794,2.8177116732026164,0.8875961206302954,-0.9469745557534173,0.8307422437413089,-0.69734040795543,-0.9529229540675161,0.4033685341612203,15963.9493171617
Bahrain,Mortalidad_Baja,1.516991858503577,2.943744530240391,0.9036854469978246,-0.9703809257829709,0.8622655983579434,-0.6965905400744925,-0.9503229723755497,0.43056658289517685,14486.0269029822
Bahrain,Mortalidad_Baja,1.289738079193558,3.3112606895313252,0.8264784240434779,-0.92199129377938,0.31459534286646407,-0.6740313603019403,-0.9198834432170344,0.37999060426683495,13501.4708801425
Bahrain,Mortalidad_Media,1.185730151851156,3.5894639249420726,0.7871819078006712,-0.9054702138913444,0.01506233125606432,-0.6589582365530966,-0.9168785603280989,0.3650116536402409,13573.2339887597
Bahrain,Mortalidad_Media,1.3991327009578574,3.397307503535713,0.8547192710060385,-0.9584460444528375,0.4580074756122732,-0.6740586713857697,-0.9545266591943284,0.4231988788883917,14214.4836839343
Bahrain,Mortalidad_Media,1.4701568561635558,2.7207502347613866,0.886856249351347,-0.9512884739055187,0.9546092980903501,-0.6936972528410835,-1.0459341244040983,0.4122195212121391,11900.9317778335
Bangladesh,Mortalidad_Media,-0.7895377352609443,-0.23200243619419383,0.1812121610616989,-0.1352144784678439,-0.36941367812494863,-0.49372035295711053,0.9478810994973881,-0.15763792456477865,2716.48592780431
Bangladesh,Mortalidad_Media,-0.5888376846300114,-0.3399186138872403,-0.06778380883372498,-0.1472173384067374,-0.34896394906344325,-0.11340720769634699,-0.9321726093544078,-0.19111232943526524,2482.84917843357
Bangladesh,Mortalidad_Media,-0.587244130900203,-0.34770735611501163,-0.06825277691793222,-0.12397940817020187,-0.37056883733956486,-0.10992086951988933,-0.9243563331717013,-0.1940960201063907,2248.85078828233
Bangladesh,Mortalidad_Media,-0.589273833092198,-0.3590444498860117,-0.022352827432764497,-0.08950746379243929,-0.4213839120660806,-0.16148843203771354,-0.9008894964816065,-0.19919701766391146,2129.79896954606
Bangladesh,Mortalidad_Media,-0.5774904713500706,-0.3803857284218654,-0.04775880609753532,-0.030204719367237065,-0.4671874896357191,-0.11848214759916373,-0.9294438287172675,-0.20683544077006083,1965.24372731467
Bangladesh,Mortalidad_Media,-0.5761126512659059,-0.3939714257499547,-0.08811882538898949,-0.009215253864392758,-0.4788392543260901,-0.07800330142048889,-0.9495781744484013,-0.2115874342947761,1811.08221668646
Bangladesh,Mortalidad_Media,-0.7068757191367816,-0.2681968268606125,-0.12327210812779,0.09742256332846655,-0.40654493065252695,-0.0030639095455779475,0.9878619596719529,-0.16491822759009778,1649.28380858601
Bangladesh,Mortalidad_Media,-0.5807215436191953,-0.41165685254583234,-0.21060076800407118,0.009140512118698374,-0.4631826648980122,0.04183631093932655,-0.9369662770229392,-0.21703524350970427,1224.38647668165
Bangladesh,Mortalidad_Media,-0.5739201499177642,-0.4415231085772997,-0.23790040110153055,0.0752349006750922,-0.5230494063438629,0.07482637423039401,-0.9688375836587968,-0.2281593795869975,1094.46199702838
Bangladesh,Mortalidad_Media,-0.5748600309741856,-0.45269329480231396,-0.28200016475722306,0.09809874253652473,-0.5319846095296061,0.12031190901592781,-0.9523650754846813,-0.2319682357653824,958.262989798283
Bangladesh,Mortalidad_Media,-0.5687858735354778,-0.4842693722557235,-0.30590679646239793,0.17797240985600182,-0.6020530581668884,0.15253438969208555,-0.98037379738602,-0.24335079427771078,859.680536375497
Bangladesh,Mortalidad_Media,-0.5789568794051656,-0.4884872835805086,-0.34923826598235613,0.2253004183704902,-0.6121108151139882,0.20431805701509087,-0.9839617075667129,-0.24154103196105753,837.336944695647
Bangladesh,Mortalidad_Media,-0.6990962714403394,-0.34857579292520235,-0.5205743651748669,0.2815556610905511,-0.44773457243762055,0.43811641537314383,1.1018608395913643,-0.19077147255694005,757.385280361508
Bangladesh,Mortalidad_Media,-0.5913253783804057,-0.49245939190430393,-0.447238950100578,0.24679802158995234,-0.5872582312341573,0.3041667448711217,-1.0093695005804038,-0.23930690759760243,679.211477428056
Bangladesh,Mortalidad_Media,-0.6024196368979235,-0.4973391121855145,-0.49410634025199335,0.29993857567454507,-0.5995728579484668,0.36053611439386346,-1.010454285162154,-0.23745136243731163,613.06204104124
Bangladesh,Mortalidad_Alta,-0.6116445465935818,-0.5003928780375263,-0.5520827930746337,0.3266854550086503,-0.592291935716343,0.4224747451336832,-1.0252836123483393,-0.23566653323601433,537.955492792911
Bangladesh,Mortalidad_Alta,-0.6212040098216063,-0.5043136056200028,-0.6068850093914424,0.36137655780463973,-0.5914210808770579,0.48284699730558645,-1.0320861630434504,-0.23409414817354324,490.388026533289
Bangladesh,Mortalidad_Alta,-0.6928162138751471,-0.4441533453537351,-0.7803300427672419,0.4690418582083625,-0.56219958968971,0.7087146849567643,1.0881441609053741,-0.22454665922015304,480.08585075452
Bangladesh,Mortalidad_Alta,-0.6473452455253754,-0.5153570794934742,-0.7451919297769336,0.46555757697367894,-0.5985986005240603,0.6385564875639178,-1.045057805359737,-0.229814600765133,455.614016909798
Bangladesh,Mortalidad_Alta,-0.6659831271886968,-0.520608320868677,-0.8170480124107915,0.5463648900155775,-0.6130850215153458,0.7252323905514872,-1.0743995452321053,-0.22532942057622923,426.74880754362
Bangladesh,Mortalidad_Alta,-0.6742258530842746,-0.5331584947234634,-0.8873655242630998,0.6014967018938824,-0.6304386370812924,0.803634769604479,-0.9949775684059372,-0.22824805786540964,393.886422327628
Bangladesh,Mortalidad_Alta,-0.6988416380402134,-0.544021037112082,-0.965568761398006,0.7371424657652559,-0.6765060431794825,0.9072352284473224,-0.9915367125391661,-0.223875990981249,394.65641001891
Bangladesh,Mortalidad_Alta,-0.6816963004384219,-0.5870637528597522,-1.144167568487873,0.7559067708312217,-0.746184246105488,1.0905787994780285,1.067020460232112,-0.27531569081899204,396.670730249751
Bangladesh,Mortalidad_Alta,-0.6971909301682315,-0.7653873611145531,-1.6333867401313187,1.2608636015926256,-1.029341785967983,1.6338207790332189,1.0495838293201123,-0.3289015191489001,309.458680823367
Barbados,Mortalidad_Baja,1.2680719505673448,0.4735411919705509,0.9014363471964286,-0.7816047115551339,1.6700249952581157,-0.7757321865380121,-0.8696747175815851,0.18764863806992252,22164.0260273876
Barbados,Mortalidad_Baja,0.8297624400225938,0.07625586258668846,0.760135146058343,-0.6588816313109085,1.3231761759908407,-0.7446733469503835,-0.9918815367461296,0.05052995868484009,18696.7858952957
Barbados,Mortalidad_Baja,0.49799059311921257,-0.4206044650485535,0.6134275211362521,-0.6654689896778736,1.5878806294015,-0.6470293131449727,-0.9901388644564639,0.01611308606152273,18347.1109131055
Barbados,Mortalidad_Baja,0.8044977048695956,-0.14747751972240933,0.7359179185303919,-0.694558787717812,1.6088690578132616,-0.7111012852463212,-0.9523597213993404,0.06902614034836127,20583.7265786414
Barbados,Mortalidad_Baja,1.0272677603470066,0.5670305361352485,0.8149069736025494,-0.7233048689472042,1.3166419342530333,-0.7499321561428023,-0.9812835895498218,0.13086069377874687,20055.915870771
Barbados,Mortalidad_Baja,0.41572728074755794,-0.17985015638438542,0.598852541730271,-0.5958991053171803,1.1492620962596973,-0.6723476185624317,-1.1395497011495188,-0.03055630265968856,19692.7606711615
Barbados,Mortalidad_Baja,1.6715291160295427,0.5761538789979342,1.1678314630237723,-0.8416330285425211,1.3670714115769278,-0.9244544270181806,0.8932588686385255,0.14803796901148097,19065.8069800213
Barbados,Mortalidad_Baja,1.3295529504189187,0.2267599156216628,0.9285627590234378,-0.786668086893196,1.8778766884435392,-0.7890863242596953,-0.8527597500748778,0.18924988239149115,18954.2913724506
Barbados,Mortalidad_Baja,1.403846466492621,0.44319289148060637,0.9462673047104695,-0.8172828189571824,1.878905901281684,-0.786305985354264,-0.8444894121757613,0.22517877193286778,19277.9423599235
Barbados,Mortalidad_Baja,1.4133678535554475,0.4236772452496286,0.9492353216522149,-0.819318568437017,1.9062580084417138,-0.7870328829907511,-0.8500327749919148,0.22749895896172415,19308.0091116993
Barbados,Mortalidad_Baja,1.4639762985571656,0.8090628560281418,0.9534509864819967,-0.8519606001627793,1.7967325671282626,-0.7755577652433127,-0.8598803304874694,0.26875925755193153,19034.0708028512
Barbados,Mortalidad_Baja,1.3651719603617851,0.625825687656886,0.9263351358525653,-0.8164913695823465,1.74766586209818,-0.7749273571401405,-0.879057686427333,0.2285043737850363,19345.9953139542
Barbados,Mortalidad_Baja,1.2974621824320771,0.3503916054799496,0.9103798433487198,-0.7859811931039906,1.7978236119614013,-0.7783220189108536,-0.908521095050119,0.19317220575830846,18860.3833703309
Barbados,Mortalidad_Baja,1.018425053549159,-0.17761839445561256,0.8075781937034965,-0.7576738097158993,1.9319317618811311,-0.7255096916347564,-0.8469169035885677,0.12961103064615548,16294.9099491834
Barbados,Mortalidad_Baja,1.3210635741279524,1.2793912526339943,0.8890775417316648,-0.83756462569606,1.3907642293305735,-0.7441684541640068,-0.9457120974754962,0.263519086166903,17565.6929970592
Barbados,Mortalidad_Baja,0.9189695056164887,-0.2355638195330432,0.77284687085674,-0.7442176060378162,1.8693479024593684,-0.7102887378073441,-0.8100153575359601,0.10650190516900783,17235.4396434785
Barbados,Mortalidad_Media,0.9935930306806467,-0.2273582425157402,0.7978098993224758,-0.7618496614249362,1.960930363535108,-0.7173552440836255,-0.80341351060085,0.1266651821859358,15619.6005955511
Barbados,Mortalidad_Media,0.9189823219156353,-0.2518428252847709,0.7715441616001308,-0.7471984265075073,1.8933057384075225,-0.7079287884928662,-0.8097647646415509,0.10849589088692431,14214.4202213572
Barbados,Mortalidad_Media,0.9441025784325247,-0.2782480896757869,0.7775003226088542,-0.7584028548202398,1.9674693163872625,-0.7060310844738772,-0.809147261668657,0.1189400351921167,12886.3665272467
Barbados,Mortalidad_Media,1.0001706489674793,-0.026925285845813614,0.8128735086207861,-0.7248952720269928,1.688546205098524,-0.7455512196303935,-0.8675426435928779,0.10674407151246353,12075.9587020649
Barbados,Mortalidad_Media,1.0621629217758795,-0.059877632149154876,0.8297788211800476,-0.7464171504500039,1.825783063021535,-0.7453731543913733,-0.8738909621980293,0.1289054877277267,11760.4524736133
Barbados,Mortalidad_Media,0.9587058816575477,-0.09016460098505207,0.7950511656617714,-0.7263053043451178,1.720781978101333,-0.733447518012333,-0.8555429840506048,0.10206340112731956,11639.5160522054
Barbados,Mortalidad_Media,1.0286219763894042,0.07270810637316862,0.8296352484871632,-0.7136519634026672,1.5836443545900312,-0.7620207728387353,-0.8762927799038003,0.10306417992856132,11674.6736471764
Barbados,Mortalidad_Media,0.4742527037280886,-0.1640152630700381,0.6209320276619805,-0.6090998422988152,1.199968381521885,-0.6800196100520259,-1.1005345166631573,-0.01739070048834912,8460.47380869104
Belarus,Mortalidad_Media,-0.16081167156879922,0.26000698890343726,0.4632783178298572,-0.37817821239679533,-0.3689255511776682,-0.698150777346747,-0.8697707770514984,-0.26235550418865183,7994.64806074889
Belarus,Mortalidad_Media,-0.21489314066175047,0.19040958724528237,0.43910612922889397,-0.37643524654681504,-0.33763692045566435,-0.6833720738809872,-0.8924670996486517,-0.26835307375016676,7489.71894713888
Belarus,Mortalidad_Media,-0.3216689255639824,0.07067209853135657,0.47144948044544205,-0.33929306791984637,-0.3978334332631288,-0.7012261250795093,1.196356611793161,-0.19538726964395448,6542.85579976768
Belarus,Mortalidad_Media,-0.26725384580504624,0.12966668471818693,0.49767617798042846,-0.3533910418737922,-0.4498148203370556,-0.7146478531485816,1.2085294956088426,-0.20704795705162365,6837.77339645635
Belarus,Mortalidad_Media,-0.14944137024149348,0.19279229292731445,0.5475806216484729,-0.39141091088400387,-0.4507599164972463,-0.7340029006765239,1.2277164643628184,-0.21661567602389398,6360.037502312
Belarus,Mortalidad_Media,-0.323886433992879,0.12677062047914137,0.4770645891772844,-0.3313178399520077,-0.4960608088334386,-0.7097786851154109,1.2180030242459337,-0.20776240228866283,5785.54491935194
Belarus,Mortalidad_Media,-0.4877541952111194,0.05272452503620814,0.40853596387473423,-0.277618766233108,-0.5194238198087966,-0.6845262944011876,1.1728875442670705,-0.19951166208264293,5039.77560949445
Belarus,Mortalidad_Media,-0.5608033431899303,0.06034851722482022,0.382317003498705,-0.24896061946626136,-0.6000243610475924,-0.6793752028208218,1.1574100043870454,-0.20568406051675237,5967.05595058777
Belarus,Mortalidad_Media,-0.6203707998674042,-0.024394965257741544,0.35891183202726057,-0.22113527567153787,-0.5804223504258649,-0.6752210207090499,1.1263129588194927,-0.1707848075017257,8341.31809294883
Belarus,Mortalidad_Media,-0.6356156217287617,-0.04384765149778129,0.35156398014548135,-0.21686884174458082,-0.564547504349425,-0.6716615496799403,1.1195680247212865,-0.16613009369872372,7998.0802045456
Belarus,Mortalidad_Media,-0.5877714777766101,-0.010881146692776927,0.3772540238248058,-0.22243579988234044,-0.6197422163631898,-0.6887941659161754,1.1275656766187248,-0.16089060662139265,6953.21591683101
Belarus,Mortalidad_Media,-0.6329835626738123,-0.052044901255759085,0.35391465145174933,-0.2143865458191864,-0.5694993460458625,-0.6747291874114639,1.1153131382882322,-0.1587667849336692,6527.6593428786
Belarus,Mortalidad_Media,-0.7257147303970634,-0.20563755952231694,0.3047902238343587,-0.18324205401776822,-0.47855773533519463,-0.6602427399849433,1.051063550622834,-0.11217667380368579,6034.67885177216
Belarus,Mortalidad_Media,-0.7164815285264878,-0.18527874253491755,0.3086194099657862,-0.18810622413524297,-0.48655794130480035,-0.6605853812469598,1.0593284730804018,-0.12090112994976732,5352.48809190697
Belarus,Mortalidad_Media,-0.7331217776943975,-0.2878659275377226,0.316053263007459,-0.12492174178515097,-0.5122679652189298,-0.6676102239824526,1.0161389824254323,-0.06854022585220731,6376.17569162063
Belarus,Mortalidad_Media,-0.6631811217351705,-0.1306174574764546,0.3431089237545321,-0.19478218231021638,-0.5457147614172975,-0.6761781759353362,1.0831746813059366,-0.12124872794430042,4735.48107556066
Belarus,Mortalidad_Media,-0.591786810569301,-0.017985235857763893,0.3755041156201326,-0.22076040420324802,-0.615939866417029,-0.6882770495764223,1.1248603430352058,-0.15826493954199955,3848.22350300163
Belarus,Mortalidad_Media,-0.5383123238940521,0.07545514823579676,0.39722483103876505,-0.24534445213390754,-0.6637534913998488,-0.6936753965738787,1.120624140526075,-0.1970927214795784,3126.07176665248
Belarus,Mortalidad_Media,-0.42372287425648714,0.20241349593110589,0.44769827871279383,-0.28522322586328586,-0.7196404775673457,-0.7122090743555463,1.1876765931682003,-0.2334408409359734,2378.33700470129
Belarus,Mortalidad_Media,-0.5648996376501226,0.06344213435569344,0.38202071023766476,-0.24452525284051632,-0.6312672793500829,-0.6824698177622313,1.1112223045934466,-0.20539548653683082,1819.52653114699
Belarus,Mortalidad_Media,-0.6265333618287682,-0.012904693563352915,0.3509063586237558,-0.22974563373128848,-0.5645003506446729,-0.6663684018352304,1.0570663716985575,-0.19150130078310118,1479.38066337175
Belarus,Mortalidad_Media,-0.7070085703106607,-0.19074302121516895,0.32091246028404447,-0.18359434543597714,-0.49824186427727946,-0.6653339409610652,1.0274409342407471,-0.10895369248086711,1244.37318523431
Belarus,Mortalidad_Media,-0.7197023683112999,-0.2972847291338078,0.3223164574496497,-0.1275079290323416,-0.52472294102656,-0.6740919869640831,0.9472720864337181,-0.0601365834123716,1276.28038121269
Belarus,Mortalidad_Media,-0.7050185506173534,-0.3745741746505032,0.028466259188746464,0.41230113168748095,-0.7658239432920724,-0.1554968689415605,1.153904017470331,-0.20840460488066892,1370.69991385664
Belgium,Mortalidad_Baja,1.9648541673976687,0.792579072730031,1.2787671357888581,-0.9022891147212504,1.5107482954515792,-0.9663284836939895,1.0645483069169246,0.21475583201958978,50822.2518538518
Belgium,Mortalidad_Baja,1.9843709549425077,0.891409155165584,1.2796612584531397,-0.9136625058348568,1.506306374962794,-0.9616436786421665,1.0372480791349412,0.23005371836394667,51658.238294958
Belgium,Mortalidad_Baja,1.8814596195281006,0.7181442211512719,1.2525139544939834,-0.87670644442701,1.436651545246875,-0.9618775994910157,1.0350104981371473,0.18731980969182113,45906.2875805246
Belgium,Mortalidad_Baja,1.7796965964236666,0.7712892923755399,1.2195369805033143,-0.8506139091801719,1.255920050795826,-0.9542800157522617,1.032479558579566,0.159349358364372,46716.6227467964
Belgium,Mortalidad_Baja,1.747056521394694,0.7146091968931334,1.2096770013828244,-0.8395045094410617,1.2427529474487375,-0.9531732882013524,1.0172153951966891,0.14727234311109683,47487.2100392561
Belgium,Mortalidad_Baja,1.7459350535436937,0.7735399130783985,1.208139147026059,-0.8417039628470169,1.20907008314797,-0.9514586431249695,1.0217745118528752,0.15016244120578512,44035.3239358548
Belgium,Mortalidad_Baja,1.8438079872157438,0.8592778194362645,1.2363635624549114,-0.8730404160741417,1.313169660452027,-0.9542283900714975,1.0267953433417956,0.18547205908550046,41854.5498296444
Belgium,Mortalidad_Baja,1.7786756748639296,0.7497782911172194,1.21958152811295,-0.8494454656502992,1.266499414224847,-0.9547561544337119,1.0299290687202993,0.15794284668201816,40893.804537772
Belgium,Mortalidad_Baja,1.7770275685984414,0.7654855375776705,1.2186445226685785,-0.8497126961345367,1.2561579331254151,-0.9541178680793724,1.0298971563341022,0.1584314791267281,47995.7786961339
Belgium,Mortalidad_Baja,1.7648073061931455,0.8544166849012947,1.2119900981075453,-0.8506543223701859,1.1960476312700274,-0.9499074620928087,1.0245272509762302,0.16086280951383777,46964.5946777056
Belgium,Mortalidad_Baja,1.660708950375516,0.7280592165285141,1.1829684385512895,-0.8156677080650996,1.1026177244904543,-0.9482236008779489,1.0196574152859976,0.12102355986710735,44874.1709182123
Belgium,Mortalidad_Baja,1.6807916477504579,0.8364869194313737,1.1857734906252453,-0.8265930296202957,1.0818496659713026,-0.9451422860741667,1.0148703869948945,0.13466647052551856,47760.8298776546
Belgium,Mortalidad_Baja,1.7071366374863275,0.9757365015259207,1.1902612842443825,-0.8404028450246339,1.0515855797375804,-0.9418974939572791,1.0167806752271988,0.1514861329934697,44197.393671162
Belgium,Mortalidad_Baja,1.6746132029034184,0.8522346424941624,1.1822576009161734,-0.826209806119294,1.0719107398039434,-0.9431263506042132,1.0014957429728741,0.13519623897800814,44923.3400135081
Belgium,Mortalidad_Baja,1.6771302994169344,0.9831423498883279,1.1802295242077214,-0.832605843005584,1.0057260258971161,-0.9394361378949255,1.0100308022378242,0.14336461551071988,48303.397956286
Belgium,Mortalidad_Baja,1.637459962651218,0.9526957679138482,1.1713068133745712,-0.8187149900897537,0.9450300345063648,-0.9406775673800073,1.037682657842334,0.12610836720001084,44319.165448813
Belgium,Mortalidad_Baja,1.6521920536777759,0.9975488390128947,1.174071713616726,-0.8252413804607879,0.9485713860925059,-0.9393975293468445,1.0315109620532696,0.1342024826453287,38705.1067959147
Belgium,Mortalidad_Baja,1.6633455396593262,1.0503337284345358,1.1754722402855144,-0.8311530822627708,0.9429785611775195,-0.937601585389673,1.0248014194399144,0.14174657383688816,36809.7013403619
Belgium,Mortalidad_Baja,1.5353037450947438,0.9854481615716582,1.1376499060886778,-0.7921508875874503,0.7807868869666198,-0.9327048674901046,1.0226036193678694,0.09808107319528608,35429.4077933344
Belgium,Mortalidad_Baja,1.4227605362820135,0.8922562288859949,1.103101140985054,-0.757395276665288,0.6704761219672822,-0.9274745943325307,0.9948898366304855,0.06019961806036403,30655.2092679024
Belgium,Mortalidad_Baja,0.9263609332512651,1.0698361912183385,0.7824949209894838,-0.711750239913566,0.835031153445294,-0.7387079965988762,-0.8426221085029928,0.11640180507059823,25006.191397109
Belgium,Mortalidad_Baja,0.7456511467995429,1.0390288120745166,0.7207474177209721,-0.6630722314600802,0.617481104670715,-0.7232776849209261,-0.9213948718368419,0.06683520352479685,23015.0712632462
Belgium,Mortalidad_Baja,1.1126887280530224,0.7629068274948857,1.007992710110914,-0.6686775517524794,0.2862374512949817,-0.9106822424687544,0.9796475663247819,-0.03946560349444761,23098.8865077401
Belgium,Mortalidad_Baja,1.7492694159356568,1.1836078979196514,1.2038402855597448,-0.8586351273835398,0.9733477877029909,-0.9429472538638175,1.0874333797638924,0.17011720253860171,28413.8264387368
Belize,Mortalidad_Media,-0.09935989497579127,-0.31178104515073196,0.3935713169132697,-0.4883557507878813,0.5706673306609136,-0.570089519531348,-0.9939856788034489,-0.1499533069116466,7068.45478269722
Belize,Mortalidad_Media,-0.14240171000596627,-0.29997726870845176,0.37933754293665134,-0.4749658231736602,0.49314672889943756,-0.5669527867968054,-0.9986399406741615,-0.16299398243610774,6122.61158580079
Belize,Mortalidad_Media,-0.15630741315666505,-0.32156689242388753,0.3444565687021229,-0.4719444589824442,0.4824600402167666,-0.5243159440483529,-0.9560272663999023,-0.1502819410000395,5227.19363786168
Belize,Mortalidad_Media,-0.07750358079678484,-0.3712776161541051,0.33298716696006264,-0.49688753819849407,0.6422894171015547,-0.47956065332815145,-0.9147678692834122,-0.10531977564688783,6190.04792278445
Belize,Mortalidad_Media,-0.10121924145637289,-0.5197642656548852,0.42196460131080266,-0.4848940745837426,0.7911913249860426,-0.5457522543946457,1.0986475938353226,-0.012646701215926093,6031.28139580144
Belize,Mortalidad_Media,-0.11225763042735594,-0.3432660000051002,0.3391620378166487,-0.4840286506735956,0.5714320423891128,-0.502487896094743,-0.9679944789765591,-0.12560439369682835,6072.58267640581
Belize,Mortalidad_Media,-0.37034414032497026,-0.2866209095642001,0.2394501256312263,-0.40509111901785133,0.11335021943180834,-0.4632674980243705,-0.9614687494720264,-0.1958388799055652,6142.49873185177
Belize,Mortalidad_Media,-0.40464724098504223,-0.2864835992645687,0.2082604811316484,-0.39268179646893536,0.06120738665967618,-0.4358590153703314,-0.9841078349407464,-0.19489834562374864,6154.49593498217
Belize,Mortalidad_Media,-0.4325733217353843,-0.2705384152018634,0.2054522153514107,-0.3826998114630637,0.007953729235845253,-0.4435874512675917,-1.0152653972452181,-0.20685648786275113,6128.14288539305
Belize,Mortalidad_Media,-0.4863263175489986,-0.2297891550972889,0.21193537643382315,-0.3629443355999418,-0.10018486643748403,-0.4748314915707401,-1.093105627758816,-0.236515790013203,5950.20299917747
Belize,Mortalidad_Media,-0.33044996046828357,-0.27154574672188125,0.2639170194897019,-0.4111970785517977,0.18037050027913548,-0.48698892784037384,-1.080947410421415,-0.1895108322041223,5709.68918765363
Belize,Mortalidad_Media,-0.23700445684485721,-0.3017942881954784,0.2980913713111272,-0.44271519752341626,0.346890507348803,-0.495930645507064,-1.0278397584887498,-0.1632691398195496,5582.22170621269
Belize,Mortalidad_Media,-0.19925584028159998,-0.36847233126433476,0.23838717509666596,-0.45608164416082936,0.4492364465578019,-0.400817831999505,-0.946023654339526,-0.11134730729273346,5451.13897172477
Belize,Mortalidad_Media,-0.2005475085956308,-0.34224919342971394,0.2679104818552874,-0.45412798667962734,0.4327323668403438,-0.4421298994394611,-0.9946220375046522,-0.12845389934966506,5401.22963143045
Belize,Mortalidad_Media,-0.20363652012878564,-0.3012188813120541,0.31761884949853,-0.4518154350877951,0.4030419234851249,-0.5108714368323981,-1.0534750608816021,-0.15782095342284558,5713.28126796797
Belize,Mortalidad_Media,-0.17359957685335023,-0.42162294254712,0.1849859431878311,-0.4646909706843861,0.5249675839775487,-0.31948775787592,-0.8906987565263633,-0.06879560865977236,5765.28199932455
Belize,Mortalidad_Media,-0.17292099702944605,-0.42736428744506055,0.17379745683424316,-0.46398143866980246,0.5317259066678288,-0.3051407377775408,-0.9000572402105846,-0.062079638970720386,5527.16775856439
Belize,Mortalidad_Media,-0.0504589357396078,-0.4727969201636731,0.19309927295811227,-0.5009067222547468,0.762520768758718,-0.286836441851048,-0.8944011806631693,-0.012935583714527993,5272.74417207961
Belize,Mortalidad_Media,-0.05253311285280987,-0.47566905768061896,0.18586196313929942,-0.4998215702999346,0.7619551835642037,-0.2783402686637979,-0.8984052752150777,-0.009835088222415439,5156.09817143194
Belize,Mortalidad_Media,-0.07028173637452345,-0.387466836859206,0.283305223537654,-0.4910201589630772,0.6809004158240762,-0.41798108680808993,-1.0292315278176487,-0.07306410869217139,4962.08962013799
Belize,Mortalidad_Media,-0.09395405784601818,-0.41792207703662926,0.22440222304730828,-0.4837834647087682,0.6626652214266585,-0.3479475772687077,-0.9956287897157601,-0.05149699697652188,4861.74314184267
Belize,Mortalidad_Media,-0.1393140674241491,-0.434092648946347,0.16159265737286227,-0.4676920332330465,0.6039948891445801,-0.28261973034377463,-1.0054256207369356,-0.038142562388186474,4721.81625660785
Belize,Mortalidad_Media,-0.23076811241811368,-0.41443194598219485,0.12275889519596486,-0.43898373074317054,0.44340977559221695,-0.26472127765131087,-1.0143844638982955,-0.060991354145092824,4729.67080428075
Belize,Mortalidad_Media,-0.33035561747472186,-0.5120373330753615,0.20656806920938087,-0.37821823672410726,0.5041809121171794,-0.3595733067597225,1.0221451291827657,0.03600343510852144,4012.07959009728
Benin,Mortalidad_Alta,-0.7367598759965845,-0.5652576840173895,-0.8836769352978766,1.104163315361302,-0.9105778645166573,0.9016025114205848,-0.898776670372887,-0.21699820091146177,1266.42710981159
Benin,Mortalidad_Alta,-0.6352033163063717,-0.7133852384375615,-0.945271930882549,1.1478792087983296,-1.1808187653842142,0.9460750513818643,1.0353322585700075,-0.32585846407480934,1318.65158107487
Benin,Mortalidad_Alta,-0.7467631217335458,-0.56621969705454,-0.9650416299916937,1.1100659617493118,-0.8804300516231762,0.9823652712558113,-0.9419140621500552,-0.2142237203892317,1200.19426631122
Benin,Mortalidad_Alta,-0.7490661102417755,-0.5673545553802672,-1.0053453017648981,1.1007964274230433,-0.8613825292806601,1.0196529733090418,-0.947459915148565,-0.21421302779624402,1130.82135339795
Benin,Mortalidad_Alta,-0.6506783035548414,-0.6867250348155537,-1.067638476574734,1.0437767800059714,-1.0470783552537895,1.0510224721009205,1.0440304298708007,-0.31431614384448314,1151.7409703472
Benin,Mortalidad_Alta,-0.7668146546092798,-0.5757936110837518,-1.0723171593764953,1.1940931927995853,-0.8892586216854036,1.1036479931240637,-0.9412657253419925,-0.2114386585860364,1054.97408066814
Benin,Mortalidad_Alta,-0.760667200799651,-0.5778861927429794,-1.1057007402747856,1.1455991840564765,-0.8577768963332181,1.1256214966721847,-0.9061355521656334,-0.21519905279029994,1010.5338961993
Benin,Mortalidad_Alta,-0.6658562737497439,-0.6527382610986205,-1.1590424034649267,0.9282409985621543,-0.9103385835788635,1.12499263434769,1.0535037065605624,-0.30030507779015014,1002.41886879614
Benin,Mortalidad_Alta,-0.7483641960206385,-0.571320481644353,-1.1855955578123833,0.9916103762978619,-0.7445763358620141,1.1721601205322894,-0.9444088819355354,-0.21813307737861304,1204.39918670094
Benin,Mortalidad_Alta,-0.749103689064531,-0.5727138590873866,-1.2170589689680216,0.9806007992743051,-0.7289924250096885,1.200374434292656,-0.9400167511501056,-0.21877653066830832,1168.92699279226
Benin,Mortalidad_Alta,-0.7610221075479583,-0.5768793001707097,-1.247212377355194,1.0466497960310726,-0.7527163884406728,1.2432575240037829,-0.9474684085574379,-0.21609766619316162,1071.5258366283
Benin,Mortalidad_Alta,-0.665031397402252,-0.6901907245243022,-1.2840541213166474,0.9955323626541892,-0.9430548789617785,1.252537028234663,1.0487095833143412,-0.31328715814051444,1059.41358852588
Benin,Mortalidad_Alta,-0.7851436088986027,-0.5891106034799639,-1.2482528617159403,1.2381942432552888,-0.8584277104422682,1.2829840322999393,-0.9123657701468555,-0.21171790483288921,973.244254931526
Benin,Mortalidad_Alta,-0.802879661692618,-0.5942089573118191,-1.2725177960242164,1.345619264688414,-0.9044340117404459,1.3287642192825693,-0.9298849656794985,-0.20703128009960042,1024.10277858112
Benin,Mortalidad_Alta,-0.807340154662167,-0.5958210603549963,-1.300273565992415,1.3593463756103696,-0.9016272963307524,1.3585871089667079,-0.9356629506942475,-0.20622495411545655,1060.60254502099
Benin,Mortalidad_Alta,-0.8212587314604706,-0.6033580069824729,-1.2822719397968592,1.4846934870682378,-0.977866079542051,1.366372588596231,-0.9067266101478184,-0.20371327432953207,912.338247188342
Benin,Mortalidad_Alta,-0.828534517546825,-0.6085006548145896,-1.2979009290441141,1.538517038972809,-1.004206532780962,1.3922522452325026,-0.8851073800673144,-0.20319204393567475,809.147072506221
Benin,Mortalidad_Alta,-0.8401098133268915,-0.61267661733436,-1.3201564225794007,1.6080397053522877,-1.032815263323966,1.4281408809610654,-0.8895621976113468,-0.20057388802473486,779.437777753268
Benin,Mortalidad_Alta,-0.8483031555558146,-0.6172105919838852,-1.3549951433935306,1.6512844208808939,-1.0452718287565457,1.4706813356940986,-0.8812606389531827,-0.19961496807520251,758.695803786371
Benin,Mortalidad_Alta,-0.6880090651645799,-0.7565865877843653,-1.3909209996874494,1.3344804306644855,-1.1480965758890413,1.413656285572615,1.0470663179789816,-0.3262054114179723,676.002878084282
Benin,Mortalidad_Alta,-0.8525633637983083,-0.6214810149677169,-1.429780157356715,1.6436753716653831,-1.0180992280910246,1.5415341599858408,-0.8702101501513257,-0.20055235208039407,546.463829658159
Benin,Mortalidad_Alta,-0.8464761868374598,-0.6199546341820473,-1.4955762567228619,1.5572680863916657,-0.9496607472986186,1.587796336210599,-0.8778061280247484,-0.2030370198965054,492.401499509072
Benin,Mortalidad_Alta,-0.8475364408616234,-0.622224276223902,-1.5047210942379892,1.5672176282684667,-0.9543042749686492,1.5984730992340939,-0.8611646458688602,-0.2037016770191014,487.424141384242
Benin,Mortalidad_Alta,-0.8811304375833044,-0.6275150971819964,-1.947153169364122,1.4808942342405944,-0.7387652795933677,2.0123557186127883,-1.0218449525515727,-0.19706562500419605,348.435238914394
Bhutan,Mortalidad_Media,0.021167873855090058,0.014764942515334683,0.5889959168029604,-0.4806479973711483,0.009917815964484156,-0.7200748060471036,1.15111966138224,-0.17149397379898423,3711.32767981591
Bhutan,Mortalidad_Media,-0.601929887433324,-0.4187172446121934,0.31723070724507074,-0.1408499522987704,-0.6073349331173983,-0.6521958183371188,-1.203125221820598,-0.1897462710547756,3570.61257980872
Bhutan,Mortalidad_Media,-0.61923559178947,-0.4204688137302435,0.29322877952538623,-0.07949307975026043,-0.6273509524888676,-0.6109175378635284,-1.1927729250044123,-0.2286756114781669,3191.66906999331
Bhutan,Mortalidad_Media,-0.6019124011286527,-0.24512046340717647,0.29681971485651937,-0.28140663334434296,-0.4766379797212479,-0.6425748956710056,-1.2128364355416823,-0.23174109868592907,3576.87987100503
Bhutan,Mortalidad_Media,-0.6223622106449762,-0.4329691950717217,0.30971900512760686,-0.015339427684840146,-0.6827217355175421,-0.6208103151927593,-1.1416299040212543,-0.22887870277909367,3400.20417245342
Bhutan,Mortalidad_Media,-0.7622944311005039,-0.32117504045875594,0.2489568410968076,0.09862234860327135,-0.625124702940795,-0.5388088728969274,0.8619073018628443,-0.19258931808522084,3435.28804735662
Bhutan,Mortalidad_Media,-0.5660205334044561,-0.4076128299831871,0.33278865500706295,-0.1953548475997579,-0.5770195323744374,-0.66921556900377,-1.191980581726691,-0.07312975518356424,3152.30905106786
Bhutan,Mortalidad_Media,-0.5784146275957951,-0.40879806134568597,0.32446264832749394,-0.1761769812863555,-0.5815964141699278,-0.6573939490977412,-1.2346569174812059,-0.10812133646568683,2954.04081911097
Bhutan,Mortalidad_Media,-0.6129605503779587,-0.42351188506371373,0.308072171679497,-0.03692698094086205,-0.6575203108399967,-0.6162874591540816,-1.2158244001295933,-0.1878292673699467,2849.49998647303
Bhutan,Mortalidad_Media,-0.6112705749017575,-0.418302057516794,0.3049156651345911,-0.04673021674025252,-0.6429162777968705,-0.6116438907216946,-1.2689316373614676,-0.17565594715020655,2679.95217201538
Bhutan,Mortalidad_Media,-0.7595101898975792,-0.29475218551193605,0.22576604158033955,-0.012744120652033009,-0.522187286197793,-0.5273638693602689,0.6992000468166657,-0.18195815617818384,2751.2128864294
Bhutan,Mortalidad_Media,-0.5572750400750014,-0.45720914618003256,-0.04105236706123554,0.17787118736186636,-0.6718516236552345,-0.10053278945673882,-0.945565332980602,-0.23632967238410985,2787.97967608562
Bhutan,Mortalidad_Media,-0.56360172930525,-0.4854957483539237,-0.08476851539390624,0.3046330275335529,-0.7533778344486536,-0.0371993285599132,-0.9028838613747925,-0.24366893530550593,2435.5798056672
Bhutan,Mortalidad_Media,-0.584672899468792,-0.5056732890813613,-0.22240111185914702,0.42112884667037753,-0.7830232127172809,0.11886439055914144,-0.8079879375364698,-0.24545256307382762,1918.39599211093
Bhutan,Mortalidad_Media,-0.610169989537589,-0.514071611798439,-0.2732707656068775,0.5694354763672533,-0.8416747678308673,0.19883591940885137,-0.8260659540699173,-0.23935302511833217,1919.59774896395
Bhutan,Mortalidad_Media,-0.6532541701508864,-0.46694695640993106,-0.30189594989900076,0.6574475684231864,-0.8718943734447328,0.2727931992402688,1.0713592362536235,-0.23848490071294315,1850.41570433398
Bhutan,Mortalidad_Alta,-0.6458723536430299,-0.5223195351017903,-0.42705675541959404,0.7051371354882479,-0.850912391136834,0.37692151656439143,-0.9035325617189265,-0.2301341686119338,1405.6071618158
Bhutan,Mortalidad_Alta,-0.6566857520318677,-0.529572099541535,-0.514950759630767,0.7392994818097165,-0.8419105775062612,0.46899647305935466,-0.8890332909991809,-0.22986642953760872,1299.94938578359
Bhutan,Mortalidad_Alta,-0.6862642344706253,-0.5416432516258937,-0.5674092030278479,0.9262114449388901,-0.9235050124227256,0.5581119511530714,-0.8857007713342961,-0.22374571442344937,1130.35934606796
Bhutan,Mortalidad_Alta,-0.6433778633548717,-0.596526304429525,-0.634722661739946,0.9167741360608737,-1.0371858431525038,0.6217485255872895,1.0522792555413003,-0.2844861745381766,1022.38240311018
Bhutan,Mortalidad_Alta,-0.7252529956360261,-0.5565721669397724,-0.7181258177947789,1.1125899140385895,-0.9684663051658957,0.7428245203950512,-0.9083689139829818,-0.21610165061526437,895.799489930972
Bhutan,Mortalidad_Alta,-0.7264816429087434,-0.5602248516299947,-0.8270191166862328,1.0616702174328971,-0.906782229137326,0.8379449945845812,-0.8999859764650073,-0.21835316267447547,812.238210772056
Bhutan,Mortalidad_Alta,-0.7400318365851705,-0.5672765879089218,-0.977231618961889,1.068065212472199,-0.858863925866686,0.9851540350625037,-0.9103957786368448,-0.21754269340819488,771.924911410619
Bhutan,Mortalidad_Alta,-0.8821173886733924,-0.6232796112442331,-1.303242213836982,1.9066136065062278,-1.1898845746168338,1.473409042730732,-0.9296784648812102,-0.18804552653976053,530.103676927417
Bolivia,Mortalidad_Media,-0.7047777530275655,-0.25985746411508337,-0.16305761879155173,0.10037171086808006,-0.38260954489090115,0.05412339334119354,1.0510931850645477,-0.16100666560073879,3643.92826984604
Bolivia,Mortalidad_Alta,-0.7089406211382555,-0.29415372760502334,-0.4828503184021561,0.13576080000214896,-0.3191861084787939,0.3836796797653782,1.074928190514341,-0.17031661348416088,3384.84486462654
Bolivia,Mortalidad_Alta,-0.7032682715628171,-0.28596479343108033,-0.41636129285347084,0.1112638659117754,-0.32048623359148704,0.31455846739905713,0.9972562251621948,-0.16785550323007103,3099.94219053514
Bolivia,Mortalidad_Media,-0.7028422329108647,-0.271526020843331,-0.13561983173232992,0.11314378661576219,-0.4136059076035755,0.01818687805048297,0.9915757535074496,-0.1659175930823199,3503.89601123129
Bolivia,Mortalidad_Media,-0.6974501859804623,-0.2730274954293797,-0.16796216879978434,0.14071771161814572,-0.4171524947648455,0.07026447231185928,1.040124600668746,-0.16585670468364938,3500.72642189887
Bolivia,Mortalidad_Media,-0.6979267654684592,-0.255827900048554,-0.2029157241214426,0.09981207522291968,-0.36067948971235736,0.11053625949438278,1.0471286518309284,-0.15866861263746845,3306.30301224425
Bolivia,Mortalidad_Media,-0.7026737585253142,-0.23759594189762664,-0.19893623641151742,0.02936153769883665,-0.3024175813214837,0.09129235278869374,0.9875447088512825,-0.15178747207509352,3035.87347732132
Bolivia,Mortalidad_Media,-0.6978837949428837,-0.27060050740191505,-0.2305064765595555,0.1439561079122843,-0.3919661043238929,0.14364201888928252,1.0902203250569802,-0.16405431251175512,2996.01289811344
Bolivia,Mortalidad_Media,-0.6860385711227768,-0.31201039858227536,-0.20171667239816352,0.2681912657044454,-0.5186420989421366,0.13132738695179286,1.1016197119576978,-0.18023962329678972,3041.43503162408
Bolivia,Mortalidad_Alta,-0.6835533544910856,-0.326503437514714,-0.21934281038592818,0.3024078390164374,-0.5473718755708811,0.15220559384474863,1.098995537587182,-0.18559811035809054,2870.02377000756
Bolivia,Mortalidad_Alta,-0.6860056660569719,-0.32690714087612893,-0.25563083771329964,0.29384210422679746,-0.5294650326633059,0.1859392922407086,1.099817645568741,-0.18535762820547003,2575.59857098084
Bolivia,Mortalidad_Alta,-0.6888320945936881,-0.3295587504505665,-0.30543611781337865,0.28771601912870637,-0.5103789760872428,0.23289790110323172,1.100502406240338,-0.18583085574553693,2315.52121930607
Bolivia,Mortalidad_Alta,-0.5810461124519105,-0.4765981104095424,-0.39072275669176315,0.16386284303200704,-0.5558873522203522,0.23602322047863322,-0.837267354273838,-0.24001319768581064,1929.78373077158
Bolivia,Mortalidad_Alta,-0.696286547882445,-0.3362722448470073,-0.4357713534368451,0.27107940543267695,-0.4598424419249809,0.3557128340285667,1.1023420403439936,-0.18698288642302324,1731.18172112209
Bolivia,Mortalidad_Alta,-0.6898027008937504,-0.3602970252999709,-0.43142695822371185,0.33672417517544007,-0.5250066776371328,0.35923915695157127,1.097152674535642,-0.19623094597241109,1692.67248455876
Bolivia,Mortalidad_Alta,-0.6990287117153222,-0.3467872536689653,-0.5130861002498908,0.2787459114527656,-0.44696567520651653,0.4306193874514187,1.1020518122331,-0.1901680454303828,1354.54905949929
Bolivia,Mortalidad_Alta,-0.698745345413852,-0.3648543772353559,-0.5750182232277818,0.31077491702707705,-0.46189818674186733,0.49365311666464895,1.0997797898929869,-0.19641291383429776,1202.71150446327
Bolivia,Mortalidad_Alta,-0.7090116865357693,-0.3552870359597735,-0.6858384734157454,0.2556250257013568,-0.3789387340321619,0.5932787447888734,1.1045744429088993,-0.1915423506640504,1020.12326200737
Bolivia,Mortalidad_Alta,-0.713704873283972,-0.365890448556571,-0.7911736767384794,0.2560778801702843,-0.35165024252709515,0.6941632047351507,1.1049662483497367,-0.194456291087787,953.191893246277
Bolivia,Mortalidad_Alta,-0.6058775119259844,-0.5122882794653024,-0.866496891295067,0.13253493026704066,-0.39608804023815103,0.6868286500512992,-0.9549864276582445,-0.24653313291872014,893.013760211149
Bolivia,Mortalidad_Alta,-0.7302827716897127,-0.3456518003435334,-0.9567124310698243,0.15727494326762315,-0.21191380599098436,0.8413882797109251,1.113449893605943,-0.1845381076775483,888.221328974352
Bolivia,Mortalidad_Alta,-0.7333517405669053,-0.3605415215189472,-1.0565146158920438,0.17049367220779998,-0.1986245897943981,0.93862337367844,1.1128263119901431,-0.18898547433801804,930.168227214313
Bolivia,Mortalidad_Alta,-0.7298960089563875,-0.3650119143087644,-1.1177693596078233,0.15563740367010426,-0.17264832252837048,1.0031578411103235,1.1148865304960602,-0.1816043367379201,975.777060358751
Bolivia,Mortalidad_Alta,-0.709754276525818,-0.560733140184066,-1.4276743345088068,0.5589829017490009,-0.4335315920871338,1.3187715980748094,-0.9641271271224547,-0.23165530091412445,852.754034861444
Bosnia and Herzegovina,Mortalidad_Baja,-0.1766247853736327,-0.044683730785898906,0.4321798782675934,-0.4289242634845597,0.06340429978308132,-0.6520631246553075,-0.8954631297749174,-0.22831164615590183,7655.59421024383
Bosnia and Herzegovina,Mortalidad_Media,-0.050630478913005345,0.0010344300609804742,0.4781871859501369,-0.4536794443512433,0.16573594316877627,-0.6691867238219438,-0.8594847720380587,-0.19928054719215382,7295.3438240957
Bosnia and Herzegovina,Mortalidad_Baja,-0.05792000802045383,-0.022305700140303673,0.4737440621847809,-0.45595753917262327,0.19075062487041194,-0.6651419701218948,-0.8635818182617403,-0.1983270145398109,6130.31133245161
Bosnia and Herzegovina,Mortalidad_Baja,-0.25452957640848006,-0.08646273559952133,0.4030533188411134,-0.41634205426259285,0.018306480887443632,-0.6396936882497088,-0.9096184492136992,-0.24495799936400336,6122.3753450882
Bosnia and Herzegovina,Mortalidad_Baja,-0.3058325356828612,-0.06637293860143753,0.38763907548684684,-0.3993150562022571,-0.08116727483873237,-0.6384277295338399,-0.9207388545265345,-0.26169316853105434,6047.84584261133
Bosnia and Herzegovina,Mortalidad_Baja,-0.2215413010224555,-0.0974037468406962,0.4143419256923773,-0.42769026515855946,0.07427285288666713,-0.6413291338744611,-0.878798633729557,-0.2354841004153997,5345.01985489192
Bosnia and Herzegovina,Mortalidad_Baja,-0.13018530422803362,-0.052704041564612905,0.4485202701657684,-0.44345969550919784,0.13193619957496222,-0.6553729180692973,-0.8549875603940671,-0.21575384253752328,4928.5665251728
Bosnia and Herzegovina,Mortalidad_Baja,-0.06443283091565136,-0.07877874439294846,0.4691177871526857,-0.4658844815314749,0.25628146688388553,-0.6573290266505512,-0.8238450712423497,-0.19500997709937606,4662.25883724069
Bosnia and Herzegovina,Mortalidad_Baja,-0.1787089279736495,-0.19414421108839636,0.42109846474666796,-0.4567244696152392,0.27364077579585044,-0.6309230879944941,-0.8623143632306329,-0.21199833203485646,5206.06558252
Bosnia and Herzegovina,Mortalidad_Baja,-0.24633001683742572,-0.17907907703456652,0.39914486954290823,-0.435919510227861,0.16232125812271347,-0.6272829484091715,-0.8908041019762778,-0.2320431243547475,5034.56616016469
Bosnia and Herzegovina,Mortalidad_Baja,-0.21197005915681483,-0.18690562469896937,0.4096900598463483,-0.44614988868475364,0.2216279695520863,-0.6288460588335789,-0.8879221230504577,-0.22132540721213684,4693.78899115381
Bosnia and Herzegovina,Mortalidad_Baja,-0.28060196317264396,-0.2102888415589962,0.4558592300044137,-0.388683729784972,0.12405548552592399,-0.661964642821302,1.1443567249416702,-0.12735369943552516,4982.69375768263
Bosnia and Herzegovina,Mortalidad_Baja,-0.26846424774034905,-0.1839091617206851,0.3922433388663475,-0.4315622732850159,0.1357771619083355,-0.6251444973769988,-0.8792035144419557,-0.23832720681810787,4506.47828548389
Bosnia and Herzegovina,Mortalidad_Baja,-0.26173418433874807,-0.1983658829506261,0.393719308733209,-0.4362098542683794,0.16452806796115604,-0.623772936689581,-0.8697265362630828,-0.23503216318674774,4539.91863774968
Bosnia and Herzegovina,Mortalidad_Baja,-0.35007526125248123,-0.1721515589986449,0.3690833446842447,-0.41003444371188735,-0.005210886277336568,-0.6215097081342038,-0.8385765248563131,-0.2650375261542864,4841.69311934649
Bosnia and Herzegovina,Mortalidad_Baja,-0.46376692401910957,-0.18277389657579274,0.39346085506581635,-0.3125584871544085,-0.08869617375873412,-0.651988182349813,1.1907210558263215,-0.13761355928929186,3931.48948737505
Bosnia and Herzegovina,Mortalidad_Baja,-0.3798066361197334,-0.17589237568029584,0.3601672783638494,-0.4037627730772186,-0.045464238396712375,-0.6190943842679821,-0.8204348760906535,-0.2739291087936053,3166.12865344833
Bosnia and Herzegovina,Mortalidad_Baja,-0.3157968811162479,-0.22289180459582322,0.376564072092291,-0.428347543931495,0.11539085388350401,-0.6170213010629717,-0.8271231374429089,-0.24944547279552776,2739.61076866057
Bosnia and Herzegovina,Mortalidad_Baja,-0.6773294876775163,-0.21877477651157834,0.26762843006433135,-0.26866882697421696,-0.2186807155819138,-0.6037965787086125,1.0291408225761547,-0.13901494162819644,2452.68616839392
Bosnia and Herzegovina,Mortalidad_Baja,-0.4961071089401893,-0.20501665624024634,0.3072468709522083,-0.3769449965025681,-0.16640694133657402,-0.5901160546066672,-0.8449274146789292,-0.29654112089824436,2033.94700935864
Bosnia and Herzegovina,Mortalidad_Baja,-0.5441691893641485,-0.18632350111215354,0.2962304288367746,-0.36073104409009216,-0.25361605555761757,-0.5938448946356072,-0.8623023561605023,-0.3127113504854917,1606.54672243362
Bosnia and Herzegovina,Mortalidad_Baja,-0.7102202709610013,-0.19738056188002104,0.25409578181517817,-0.25475659923672955,-0.2826636189568924,-0.6088840947813083,1.026662609309479,-0.16061418572606811,1387.89365131544
Bosnia and Herzegovina,Mortalidad_Baja,-0.5703473960234983,-0.17660140743190403,0.2857310224671459,-0.3498847336625868,-0.29581755756891653,-0.5908902920473709,-0.8788809811221963,-0.31687295130863513,1338.48059636261
Bosnia and Herzegovina,Mortalidad_Media,-0.5756831189175318,-0.4696248364912063,0.09743564100694345,0.25400749139750267,-0.7788785327108187,-0.25805807693443406,-0.9629828437484418,-0.2399206250852654,502.365980975339
Botswana,Mortalidad_Media,-0.2326472702826379,-0.5002312698819192,-0.07211186600665295,-0.48160648714097914,0.6196821053038779,-0.08006774128242422,-1.2260935265898807,0.05365821861017295,8328.70905682185
Botswana,Mortalidad_Alta,-0.37155924423252784,-0.6188612214518452,-0.704768331981606,-0.5880570900857337,0.787016480295088,0.490137642584608,-0.8816563983739885,0.11410922231812083,7807.88794500125
Botswana,Mortalidad_Media,-0.19039116835746733,-0.798383874012795,-0.5052387561744214,-0.6997972377014595,1.18320822457164,0.3111499202737028,-0.9207337584380129,0.3013149139546285,6323.29749806946
Botswana,Mortalidad_Media,-0.24638708037232748,-0.7376722641712034,-0.5154624846597935,-0.6553417333908413,1.026759774706032,0.31878194816805916,-0.9060326455287235,0.2373881380410014,7172.08956480028
Botswana,Mortalidad_Alta,-0.3005604623881388,-0.6715111740914356,-0.4825623367969639,-0.6075302702397639,0.8640856566869627,0.2766968167958975,-0.9958436832116846,0.1839719057908039,7407.95940141786
Botswana,Mortalidad_Alta,-0.4198351498738534,-0.5440710667693991,-0.5469591607472521,-0.5237939757058554,0.5724789304678951,0.3246679497277677,-1.0511352306979533,0.06353904451658063,7104.96401088027
Botswana,Mortalidad_Alta,-0.5198201550423567,-0.4332523633729594,-0.5739364924861228,-0.44978859223856904,0.31705145760780773,0.3358810367177586,-1.1390940166535246,-0.035147131343727156,6749.05994339013
Botswana,Mortalidad_Alta,-0.24345810294292425,-0.7384632340530126,-0.44821911889121335,-0.45217813520337763,0.8938874038329009,0.41827184685020213,0.9640165683349767,0.26068665017436954,6141.20394726616
Botswana,Mortalidad_Alta,-0.6211657208821062,-0.3372375805170511,-0.7410563953665557,-0.39935312909444715,0.13884074572502098,0.4835552148419272,-1.162331440881712,-0.12796537394692892,7122.36423421503
Botswana,Mortalidad_Alta,-0.5462105299007695,-0.43455260125771195,-0.8422502167827777,-0.4761045977951404,0.4000423303838594,0.5937737785181288,-1.0367639154892319,-0.04802039486497922,6666.91219583487
Botswana,Mortalidad_Alta,-0.5502998171203112,-0.44943872923086453,-0.9996660564790203,-0.4992457755841928,0.473357644722072,0.7504126380662568,-0.9260675974917449,-0.049140061948548974,6595.53845015424
Botswana,Mortalidad_Alta,-0.6557441022609503,-0.3454973588764671,-1.0336338210346585,-0.3799650230342621,0.1412087438823415,0.776192504412216,-0.9932085233040746,-0.17456508131615212,7287.38295334919
Botswana,Mortalidad_Alta,-0.620276234517545,-0.37820064366854006,-1.077729045774336,-0.45851371876934466,0.3319842722057329,0.8141094205268185,-0.9799280666974619,-0.11259037749948253,6215.73216077919
Botswana,Mortalidad_Alta,-0.35068627289835774,-0.6188383746457986,-1.0958278040612655,-0.3593473396430102,0.6743155974494169,1.1410109986332686,1.355375133058817,0.2295253695917114,5082.93388332404
Botswana,Mortalidad_Alta,-0.6605962519608197,-0.3387595979561516,-1.0648991966843455,-0.39658430852646104,0.17228133233869414,0.8006951743905522,-1.0169329175189359,-0.16729466118121944,5503.07395314313
Botswana,Mortalidad_Alta,-0.6422400090847964,-0.37207226118126996,-0.9814714606694785,-0.31943826099562733,0.05512239195469115,0.7365663071774673,-1.00925634075541,-0.19115741802860298,5529.12574632532
Botswana,Mortalidad_Alta,-0.6385579920385738,-0.3800287869846222,-0.9703674443603965,-0.3017700991521606,0.031619357580362495,0.7284849992418274,-1.0188617355132992,-0.1955421725864951,5291.58379144849
Botswana,Mortalidad_Alta,-0.6323626003485706,-0.3945421375847193,-0.936170676905155,-0.25498616597759327,-0.024191098074872908,0.7022028716122528,-1.0123940055463558,-0.20252000261293968,5391.07076619634
Botswana,Mortalidad_Alta,-0.6503944222304888,-0.38046992711982025,-1.1123331247623651,-0.3265229075474939,0.09693057224726837,0.8641471899828679,-0.9546595216000506,-0.1952444677589601,4956.69287735214
Botswana,Mortalidad_Alta,-0.6622402617092847,-0.3628064219513749,-1.1852317254934628,-0.3751502379344262,0.17354417287966228,0.9255605474393038,-0.9464668039338404,-0.18310005744457863,4230.12326909926
Botswana,Mortalidad_Alta,-0.6660605238471169,-0.31297137333276054,-1.1486154786158014,-0.11897239887077915,0.04767309804706993,1.0921215320954993,1.1443348873733403,-0.06030177389223229,3117.25087183011
Botswana,Mortalidad_Alta,-0.645379792516367,-0.3951485544519648,-1.0854837583735188,-0.2757321465626652,0.04194577577755315,0.8449404246637116,-0.942077228269836,-0.2011685490816934,3206.07123689853
Botswana,Mortalidad_Alta,-0.6383314622354861,-0.40930502037407174,-1.030182522694411,-0.21984649492611372,-0.02590494198738985,0.7989567211670177,-0.9342115975871497,-0.2071998412402135,3450.81180622992
Botswana,Mortalidad_Alta,-0.6420573945364024,-0.3757731083637037,-0.9788515226692094,-0.30456539943967265,0.04002283885956742,0.7388233849374564,-0.9605808303059191,-0.19489676901410014,3156.18194514079
Brazil,Mortalidad_Media,-0.09323103352244466,-0.3254522373780664,0.511589864303349,-0.47509002790558796,0.4938444683781973,-0.659896781349968,1.1273101335671474,-0.09229160453814705,9281.33334441234
Brazil,Mortalidad_Media,-0.024373645432052476,-0.2847330703711919,0.5412597232260916,-0.49673954350568206,0.4868354300302641,-0.6718488481376355,1.14222351802682,-0.09852972219439154,7972.5366498646
Brazil,Mortalidad_Media,0.09874347471089145,-0.36607038879611253,0.5756188251027599,-0.5563999902140521,0.7369949747367252,-0.6685039102568575,1.0734077663630646,-0.07902396651824461,7074.19378337644
Brazil,Mortalidad_Baja,-0.14033211814899194,-0.4539958541305524,0.4794484434247862,-0.4734786089260476,0.670807158137049,-0.6358252351753005,1.0672258460927078,-0.06692147068211468,9029.83326681073
Brazil,Mortalidad_Baja,-0.09750708705997184,-0.43677801429784224,0.49685104098524174,-0.4881355038707376,0.6801580960978749,-0.6419127746238209,1.0691679429445147,-0.06938776469127017,9300.66164923219
Brazil,Mortalidad_Baja,-0.049350216660831656,-0.44645496897558135,0.5129421328562223,-0.5085064741621577,0.7402282576692106,-0.64413159370285,1.0548393810755832,-0.06625826996003642,10080.5092819305
Brazil,Mortalidad_Media,0.11290358652107807,-0.41272397568653585,0.5751030029072131,-0.5682573186691823,0.8294180194482242,-0.6621764741181035,1.0442834691697211,-0.06919857784548306,8836.28652735657
Brazil,Mortalidad_Media,0.09971531057259511,-0.38561275424635766,0.5736261925544868,-0.5594023288272678,0.7712235935955777,-0.6654661588002838,1.0621170692444561,-0.07502799703702756,8936.19661712113
Brazil,Mortalidad_Media,-0.02582557669681415,-0.38384007615661453,0.52839929968921,-0.5100693397669517,0.653912247494726,-0.655623357858103,1.0699875585453855,-0.07980914039025178,12274.9939689363
Brazil,Mortalidad_Media,-0.09024163501976934,-0.3584382029036454,0.5080018529315311,-0.48164358420884684,0.551725533162115,-0.6543897449480304,1.0836609824277974,-0.08761077331031564,12458.8912138813
Brazil,Mortalidad_Media,-0.14897609516455476,-0.3475520679726382,0.48793379204307336,-0.457368286490013,0.4795008905900905,-0.6513095655018757,1.0891690968419434,-0.09222721289001207,12521.7213519966
Brazil,Mortalidad_Media,-0.20491920183170154,-0.33429538677638404,0.4692530954337724,-0.4337419622293109,0.40591850906688565,-0.6488959890362943,1.0990745665887929,-0.09695147039682855,13396.6243562986
Brazil,Mortalidad_Media,-0.17960687526709634,-0.30013198826727644,0.3718994346435706,-0.4682564689145759,0.4233828459891288,-0.5662917492500001,-0.9161222359215999,-0.1774584919741221,11403.2821278747
Brazil,Mortalidad_Media,-0.23093819674351895,-0.40870047991531516,0.4516819673779901,-0.43251244285979984,0.5104006415180524,-0.6354622861757926,1.0842738053543777,-0.08049617440067752,8678.6592244676
Brazil,Mortalidad_Media,-0.3685774777242449,-0.37941911777864196,0.4041102574800171,-0.3764585402495222,0.33314641591338845,-0.628162924272655,1.0650870467924727,-0.09502966414870045,8908.33176538648
Brazil,Mortalidad_Media,-0.3036517653061006,-0.40898065151148016,0.4127095555915858,-0.40408277463907566,0.4374111230644221,-0.6141598100609149,1.0450634622069164,-0.08093361028428697,7409.69130673473
Brazil,Mortalidad_Media,-0.3048133417939288,-0.4277571797948583,0.37830691403577416,-0.4011950243005813,0.4537184697609502,-0.5704352148457893,1.0383195340694256,-0.06065776554513724,5934.14470924968
Brazil,Mortalidad_Media,-0.3455116714127912,-0.4474877478397317,0.3062819342835378,-0.3790587595983921,0.42515188633369605,-0.49354342708279186,1.0428610106610492,-0.02882850943635415,4827.78173074714
Brazil,Mortalidad_Media,-0.40394368170100436,-0.44241066244813576,0.25474857419526353,-0.3525690025724153,0.3475701490390428,-0.4506934373212992,1.0096034205906028,-0.02015352605405954,3663.823188064
Brazil,Mortalidad_Media,-0.36276856109349914,-0.5132321024726587,0.17641478937287397,-0.36216639178722954,0.46876637300620383,-0.3330881437388194,1.0412450337437982,0.04620071426724187,3090.6070097455
Brazil,Mortalidad_Media,-0.3354508893583539,-0.5803888320867776,0.09011982979535449,-0.36580340771359937,0.569174253224664,-0.2108043435328415,1.0651555274544056,0.11197356055977765,2855.94018885769
Brazil,Mortalidad_Media,-0.29391892178558654,-0.6298507295028486,0.04647816085012717,-0.37749466603013865,0.6588351923465391,-0.13550842236065241,1.0692254115569926,0.15684944373870024,3176.28935747524
Brazil,Mortalidad_Media,-0.2652049161501528,-0.5832422859629989,-0.15246187508381434,-0.5168927763356862,0.6352152692259293,4.291297420599971e-05,-0.9093719400327518,0.08363858978837532,3766.54811466032
Brazil,Mortalidad_Media,-0.23197136145091368,-0.7275265836824193,-0.27705263983627515,-0.3992760581502439,0.8020349240932482,0.2780975447563454,1.1315253375912875,0.2732491699594903,4756.74840785403
Brunei Darussalam,Mortalidad_Media,0.4889353856167178,2.73530168384851,0.6220181926989066,-0.6588416105522892,-0.7875471304547793,-0.6784620809890127,-0.6305350812656989,0.16906084155846413,36632.9280421411
Brunei Darussalam,Mortalidad_Media,0.3373325443609321,2.3457371287967836,0.5740976372959679,-0.6031105021613855,-0.7504307939500781,-0.6713567353294818,-0.7620245413377276,0.07302301456836632,31006.9636220576
Brunei Darussalam,Mortalidad_Media,0.362644884891717,2.503734356318023,0.5684702196615785,-0.620378582362754,-0.7325748878370963,-0.6566714812289156,-0.8607174657222141,0.03424866408591867,26834.3592463839
Brunei Darussalam,Mortalidad_Media,0.3369876567565734,2.328941910372674,0.5737945216486826,-0.6037218574028418,-0.7393117247254413,-0.6723571934065482,-0.7716897412012003,0.11104614265039764,30426.5730284202
Brunei Darussalam,Mortalidad_Media,0.26215731479644866,2.092889960509522,0.558515250205555,-0.5707868111950605,-0.744019750976841,-0.6775937421351994,-0.7564356897921023,0.06542404627597048,30988.1190497851
Brunei Darussalam,Mortalidad_Media,0.22256478133657656,2.027687957327114,0.5397197574492243,-0.5601676422134421,-0.719358639404462,-0.6689128094163448,-0.8492461057373433,0.030608310820646717,28024.3824618568
Brunei Darussalam,Mortalidad_Media,0.4029862352607543,1.9456256053436745,0.6024738733969137,-0.6024173703600262,-0.43218153639519197,-0.6843855897060658,-0.788419622377277,0.0035124001744312183,26663.2973199878
Brunei Darussalam,Mortalidad_Media,0.27579184097509724,1.8605591444508232,0.5684399565981806,-0.5611445002881885,-0.6014976475140699,-0.6830788079633981,-0.757048317716922,-0.04480959497472914,30625.128732694
Brunei Darussalam,Mortalidad_Media,0.3617604652694274,2.329440449243818,0.5937941605802184,-0.6049269938157105,-0.7791148650393658,-0.6861928301973852,-0.6335251098981733,0.12833207494955365,41026.508391054
Bulgaria,Mortalidad_Media,0.3713186942791845,-0.016084389882646998,0.7117969167512139,-0.6220369175145976,0.3809450546649582,-0.7432358079799817,1.10617730861604,-0.1536041654639776,13999.6719197289
Bulgaria,Mortalidad_Media,0.3503812281326951,-0.113891202135237,0.6926312155815957,-0.6267768901835482,0.5289958845975515,-0.7260512716215564,1.056096837430881,-0.1340813381804436,12972.2173356002
Bulgaria,Mortalidad_Media,0.32080583129183204,-0.13071445413428406,0.6810177423031969,-0.615976803270889,0.5325228693854596,-0.7217434047712239,1.086196526763917,-0.12842606429358683,10769.9475699414
Bulgaria,Mortalidad_Media,0.13023388278914202,-0.14720234696534487,0.6088902637064755,-0.545237883837263,0.38532215286864824,-0.7029409503822319,1.0468088530656763,-0.13526718820382372,10372.8044341114
Bulgaria,Mortalidad_Media,0.18935411043215292,-0.121092906822425,0.6336434354278668,-0.5645555312129513,0.3949437254390302,-0.7120249112807203,1.066244963437292,-0.13781920520622348,9872.38507789106
Bulgaria,Mortalidad_Media,0.16947833852242863,-0.043416163500614724,0.6357900059897246,-0.5463299224978682,0.24434969412783647,-0.7228229919250037,1.1127592325341065,-0.1542006871329017,8696.68930427924
Bulgaria,Mortalidad_Media,0.16850764538753985,-0.05257489327125574,0.6347863245295755,-0.5465792270241288,0.2597956757859813,-0.7215900853233266,1.1228977401401499,-0.15105597649277291,7822.49923292968
Bulgaria,Mortalidad_Media,0.1291664887037037,-0.07985772319284884,0.617099808124479,-0.5350889714319659,0.27025831618191,-0.713947439849178,1.103371432795265,-0.1474261227295176,7268.65445473873
Bulgaria,Mortalidad_Media,-0.05648405494024539,-0.1644401848587334,0.540115046914567,-0.473354748848362,0.24613234136267104,-0.6857322301586539,1.0771900776227112,-0.13575650580656595,8069.60005667684
Bulgaria,Mortalidad_Media,-0.13801648774654848,-0.1875608649592663,0.507994656501692,-0.44435200797475916,0.21161635352146912,-0.6755818529540893,1.0739828460086003,-0.13345544613154936,7795.98092108928
Bulgaria,Mortalidad_Media,-0.10001465420268077,-0.1303285277164039,0.5279688744105262,-0.4524025604584771,0.14754202134660332,-0.6873300691038489,1.0825887164568093,-0.14563405748105213,7431.95789508871
Bulgaria,Mortalidad_Media,-0.027049356294429908,-0.11269164611139501,0.5564011235543369,-0.4786959053401813,0.18372666827006312,-0.6959634069206504,1.08553803168712,-0.1469160547317067,7849.58061302818
Bulgaria,Mortalidad_Media,-0.055542180101517874,-0.20973519464077076,0.5351175918499094,-0.47967270605270335,0.3244240100044997,-0.6786510347226902,1.054374022023528,-0.12625822442155138,6853.94805511171
Bulgaria,Mortalidad_Media,-0.04696445503728883,-0.11530593695250907,0.549449860899206,-0.47049145811207754,0.17095575340923863,-0.6943312078843084,1.1047469866922348,-0.1453972946750119,6988.27316296465
Bulgaria,Mortalidad_Media,-0.16049058993362642,-0.019171314899504653,0.518633877074048,-0.4148860857055079,-0.09840192812736892,-0.6996422434452063,1.1229612397631072,-0.17261078884688646,7271.30338858025
Bulgaria,Mortalidad_Media,-0.1247165274854683,-0.02527403131503294,0.5303901518356982,-0.4303135097921631,-0.056146365603450654,-0.7012393267938686,1.1016775514455124,-0.1714762448308751,5888.57081403932
Bulgaria,Mortalidad_Media,-0.1544122694231841,-0.006150807443753981,0.5221799861699112,-0.4158062495837191,-0.11542449882923356,-0.7020607506266846,1.1226902254090865,-0.17567590150443002,4523.1465578805
Bulgaria,Mortalidad_Media,-0.2261866593956836,-0.03237234501138038,0.4117934319497205,-0.410695500886847,-0.001684408146202132,-0.6476492410349479,-1.0019073217752257,-0.23938553803111573,3899.82596332878
Bulgaria,Mortalidad_Media,-0.24400934464301358,-0.06866815261233968,0.40270546329706497,-0.4125338093742724,0.028480346617274332,-0.6408196027818283,-1.0101437923384986,-0.23968620850463057,3389.68743360274
Bulgaria,Mortalidad_Media,-0.3016343395559168,-0.12185903156783441,0.4565994142418767,-0.37162475168024406,-0.04952435407297362,-0.6728237164320277,1.1187806763080859,-0.15270252451232835,2719.49436859287
Bulgaria,Mortalidad_Media,-0.36862329393267157,-0.15807129787634505,0.35220536083057546,-0.39522598207603693,-0.0016956108095128597,-0.6168391235680528,-1.0732473842436825,-0.26175327846614305,2092.98288625558
Bulgaria,Mortalidad_Media,-0.5000335865768575,-0.19501813831452433,0.3761866730965629,-0.3036193856093153,-0.10503674101448926,-0.6452757438206813,1.0935364292031213,-0.1443426987063149,1770.90704918691
Bulgaria,Mortalidad_Media,-0.49904277313402845,-0.1353122258122064,0.3112382017280989,-0.35742613390861394,-0.21498680157121136,-0.6097302135128904,-1.0915333783530583,-0.3012560995527902,1621.26210738992
Bulgaria,Mortalidad_Media,-0.21163569119691283,-0.420384458398698,0.45393979632183995,-0.4461012365963199,0.5426709615998812,-0.6328768659780586,0.962076239102641,-0.08730243075141575,2259.25922555221
Burkina Faso,Mortalidad_Alta,-0.6769514234987839,-0.547008980928245,-0.7960507462708153,0.741149613841837,-0.7556218545749471,0.7415685425440974,-0.8488542110454462,-0.2322767327260546,836.118304593682
Burkina Faso,Mortalidad_Alta,-0.6907907567006191,-0.47819966892186405,-0.8758634080737069,0.5350287694868908,-0.6014040657279017,0.8078884048120112,1.0833331749094857,-0.23654523915501102,895.535288442991
Burkina Faso,Mortalidad_Alta,-0.6729255030225887,-0.5432875144449952,-0.8834520420491596,0.6419727560549802,-0.6684086583097586,0.806649907388941,-0.8899154771789419,-0.23318799454872746,825.237038782475
Burkina Faso,Mortalidad_Alta,-0.6765330621856913,-0.5467234585256544,-0.9303270697929229,0.6459417780787073,-0.6565899307848586,0.8527905736538703,-0.8788226839723039,-0.23372982689841737,764.853077774946
Burkina Faso,Mortalidad_Alta,-0.666731049751838,-0.5893188106048302,-0.939945302145528,0.8162649938093853,-0.8588118188958592,0.9021544273137827,1.0614364214199727,-0.27840279247519406,777.465618514048
Burkina Faso,Mortalidad_Alta,-0.7145190899670527,-0.5596723670523998,-0.9928320892455968,0.8778976324127372,-0.7552112201660841,0.9611992438399584,-0.8986250218587177,-0.2246953835450689,709.091535894695
Burkina Faso,Mortalidad_Alta,-0.7266408237675493,-0.5672540969991126,-1.0375215271454743,0.9504508395164635,-0.7818979078188959,1.0191006478148612,-0.8762848159663896,-0.22358907848761966,663.742364842886
Burkina Faso,Mortalidad_Alta,-0.7385515214444589,-0.5723788495129905,-1.088922772958374,1.0062531100481638,-0.793903558942016,1.0804342510854015,-0.8788029610848469,-0.22155820239795576,630.124750752312
Burkina Faso,Mortalidad_Alta,-0.6571286771926358,-0.678956771857311,-1.1308528968041731,1.0061150650430108,-0.9937069038106102,1.1071250494506801,1.0472541011866912,-0.3106528844737496,764.861675106225
Burkina Faso,Mortalidad_Alta,-0.7734927074364898,-0.584313461812481,-1.1623450999360816,1.208862775930675,-0.8732143888408936,1.193451146563745,-0.9001818446120593,-0.21342548873538997,759.762065168498
Burkina Faso,Mortalidad_Alta,-0.7849213038909287,-0.5903229119754605,-1.2005549512929896,1.2748579865019134,-0.8968916650594791,1.2438861024623589,-0.8894847930519096,-0.2118404836485882,731.470138867833
Burkina Faso,Mortalidad_Alta,-0.7806952544417588,-0.5923647020497657,-1.2609508555260347,1.2186846234252022,-0.8505106453337057,1.290680907610797,-0.8673854238882042,-0.21508383815297843,725.024767725475
Burkina Faso,Mortalidad_Alta,-0.791332690504007,-0.5967574341505288,-1.352616858202294,1.236501626620084,-0.8275101568884613,1.3834670416037507,-0.8812043236587943,-0.21366930982035764,624.957252224766
Burkina Faso,Mortalidad_Alta,-0.6860407626599282,-0.6732370073703808,-1.5204235844596952,0.8871703336842915,-0.7751482919597734,1.4661143400733236,1.0582060007338905,-0.30422091262656303,601.569520671859
Burkina Faso,Mortalidad_Alta,-0.8241711410115706,-0.6086361674991245,-1.537222877750616,1.3510615927441787,-0.8211279715598783,1.5865800869358626,-0.9194325362892517,-0.207530518409143,619.437533256264
Burkina Faso,Mortalidad_Alta,-0.770625109208319,-0.5941413393778953,-1.6793576467518037,0.8838989888570941,-0.5301848881977743,1.6286468827547165,-0.903644807502761,-0.22433480740361622,514.684451177238
Burkina Faso,Mortalidad_Alta,-0.8162863048246989,-0.6098455034222495,-1.7490405853131408,1.1670588674367028,-0.6531934851519097,1.7545224999552131,-0.9249193539753697,-0.2134788034203981,455.513655620024
Burkina Faso,Mortalidad_Alta,-0.8499632244564171,-0.6237912100736256,-1.7961027459009729,1.389406033475989,-0.7559994687038134,1.8455832360121656,-0.9164375300249934,-0.206465888951118,441.164148016012
Burkina Faso,Mortalidad_Alta,-0.8204799413443035,-0.6163039122143928,-1.9123737992703516,1.1084700810290253,-0.5702415038006541,1.9008194711054431,-0.9109922942760296,-0.21633464363756189,403.81283743461
Burkina Faso,Mortalidad_Alta,-0.7134220854725555,-0.779335101157742,-1.9880925677151726,1.1739305443738026,-0.8666550843823524,1.9601420880846419,1.0539592806213365,-0.3321839514509103,362.373899996953
Burkina Faso,Mortalidad_Alta,-0.8615167014513587,-0.6334055614761268,-2.059779379786436,1.31849357436758,-0.6309298787425472,2.086951018238211,-0.9187968628128604,-0.20878184768343733,285.654087637533
Burkina Faso,Mortalidad_Alta,-0.8840235481328195,-0.6344793572796723,-2.1109536688669053,1.4168246912674187,-0.6541522643162031,2.1578515742934057,-0.9984582334855279,-0.2006755535747422,259.485223380436
Burkina Faso,Mortalidad_Alta,-0.866119064395149,-0.6297702076625354,-2.1842074938891147,1.243690974421559,-0.5388218352727302,2.193474707668723,-0.9973121513298828,-0.20662499962912417,248.908526921752
Burkina Faso,Mortalidad_Alta,-0.9855159991553842,-0.6845338205224913,-2.274916547433077,2.1076642156798,-0.978424317456892,2.4569631447936127,-0.8986577742450588,-0.18330252217702436,229.092294496817
Burundi,Mortalidad_Alta,-0.7235107205002452,-0.5391168852057248,-0.4653938690540048,1.1970128609975947,-1.0803711108396348,0.516441046747089,-1.020053267187195,-0.2064787500578127,250.634225368744
Burundi,Mortalidad_Alta,-0.7322516081609769,-0.5495256718364468,-0.5135010260081516,1.2605679304194601,-1.1068801104215988,0.5752700874991868,-0.9587166097305355,-0.2080208313082746,214.091455416133
Burundi,Mortalidad_Alta,-0.6144424759198075,-0.6864172995904627,-0.5520924541248176,1.1800401892329684,-1.3156909186407626,0.5734715840991452,1.031202854543101,-0.3198113313952966,210.008139902508
Burundi,Mortalidad_Alta,-0.7256650215304472,-0.546884622821978,-0.588086453897853,1.160341480664328,-1.0266295990187335,0.6273872824713372,-0.9773926580031485,-0.21030982197034337,210.236494521532
Burundi,Mortalidad_Alta,-0.7258858778484963,-0.5477486867272926,-0.6491202985994273,1.1238487801318628,-0.9864063262616684,0.679213755587448,-0.9826858458500551,-0.21124089674687163,224.89939239264
Burundi,Mortalidad_Alta,-0.7263425276268091,-0.5487143893227238,-0.7020424417736291,1.0946856919991346,-0.953010038613795,0.724643037909694,-0.9860802814627061,-0.21203603741071136,236.694472592753
Burundi,Mortalidad_Alta,-0.7680268578803938,-0.562268859322511,-0.7328452713829434,1.3720618878201116,-1.0860216505188742,0.8115924044877603,-1.0061974897429364,-0.2014373235097992,235.286205393908
Burundi,Mortalidad_Alta,-0.7590108829685588,-0.5609966820520175,-0.8227292814330032,1.2536553027605477,-0.9938638925091237,0.8745695567030325,-1.0061085287142593,-0.2054727824485335,280.966831311923
Burundi,Mortalidad_Alta,-0.8499344039494638,-0.593352183569687,-0.739383955630059,1.9737664584510612,-1.4032075248696825,0.9408847150466793,-0.9904418524336305,-0.1820015250593608,250.540481111877
Burundi,Mortalidad_Alta,-0.7552455397664793,-0.7708694228402101,-0.8632238268113896,2.141680383770403,-1.7506126757705154,1.0666293266017999,1.0631687578724618,-0.29971665153406357,234.843045388828
Burundi,Mortalidad_Alta,-0.8693996077174622,-0.6048809252386895,-0.8891773227776787,2.0341892650505224,-1.387298067784137,1.0984200229817411,-0.9775632896919839,-0.18075981119476653,231.688496393569
Burundi,Mortalidad_Alta,-0.8931799590792063,-0.6152386214383222,-0.9636560192125156,2.165353046674327,-1.4320584138421912,1.1975062496812239,-0.9753506671531089,-0.17646500583147517,230.070577369084
Burundi,Mortalidad_Alta,-0.9216688527208822,-0.6275829383817306,-1.0389700024273565,2.331685222396379,-1.495478017895608,1.3045630453481432,-0.9703650943965367,-0.17114558226268384,216.727705301976
Burundi,Mortalidad_Alta,-0.9089470192993024,-0.628308044520131,-1.1464200752419862,2.189074941389463,-1.3889771903322052,1.3792243577883285,-0.9413144198397947,-0.17774464504240717,199.097633037708
Burundi,Mortalidad_Alta,-0.9293268030825572,-0.637151768058647,-1.256338491886064,2.269912921955221,-1.3939491554745822,1.5025435137878882,-0.949569717820141,-0.17453326460938046,189.502074570768
Burundi,Mortalidad_Alta,-0.9067138017752443,-0.6323475789625225,-1.3898391152617657,2.028413185720469,-1.2230450753228899,1.5825913764366064,-0.945613565236221,-0.1829802118684361,166.162744906755
Burundi,Mortalidad_Alta,-0.8383125862176577,-0.8161374447172872,-1.4795504727463498,2.397602419581853,-1.6843592859540433,1.7167529602095606,1.08434693868894,-0.292448769463589,161.892755640319
Burundi,Mortalidad_Alta,-1.0068292388764104,-0.6733062937500274,-1.5330192385894652,2.6849503561282146,-1.524414392428266,1.8556397133788052,-0.9260091102602086,-0.16194682070225014,147.234619294225
Burundi,Mortalidad_Alta,-1.0256990824836891,-0.6834731909388029,-1.639752224824403,2.7652524519135655,-1.5329370603400316,1.9754916731498169,-0.9152473744556175,-0.159895435959287,125.194965184533
Burundi,Mortalidad_Alta,-1.043719909703452,-0.6944118096022451,-1.7573478237801716,2.8367500572987785,-1.534429079078215,2.1039656505875,-0.8962182988066492,-0.15864128918158832,111.406682804391
Burundi,Mortalidad_Alta,-1.0536296097253273,-0.6981128357011642,-1.886241539645504,2.8219451787394902,-1.4801264811764359,2.2263676078314374,-0.9222161049748112,-0.15760801871030444,120.952308575468
Burundi,Mortalidad_Alta,-1.0711175167295797,-0.70768182587463,-2.0015081939172648,2.8858740826526628,-1.4767808061693324,2.3511880676052046,-0.9142862809372554,-0.15594296045398065,132.159554541932
Burundi,Mortalidad_Alta,-1.1041883680919025,-0.7152919552357334,-2.055629040978698,3.0716611152299826,-1.5489722504863055,2.4424791202082217,-0.9675008279801423,-0.14646345136460504,134.537861752389
Burundi,Mortalidad_Alta,-1.1240444389439475,-0.7351595131386912,-2.298502776626017,3.108088990232212,-1.4984623094969005,2.6845678116143405,-0.8938147345826459,-0.14970738540677658,164.915311679326
Cabo Verde,Mortalidad_Baja,0.5983237902230114,-0.3701803382733361,0.6592056028438975,-0.6876268581097713,1.6152771793379728,-0.6662161058145205,-0.8057860495020877,0.030640967799522634,4323.31362032709
Cabo Verde,Mortalidad_Media,0.32095055874627176,-0.49756770125075084,0.4440290725388991,-0.6216066565182352,1.3697648238981541,-0.4802293978773216,-0.8438738202699201,0.026998336965964542,3971.44409203423
Cabo Verde,Mortalidad_Media,0.18488486168837795,-0.4076377242986496,0.4671127844447769,-0.577924693771183,1.0922838456743444,-0.562446497929791,-0.9286195608608112,-0.05242431942619047,3539.22661248299
Cabo Verde,Mortalidad_Baja,0.30158278155085627,-0.5042104299467639,0.4125330084525843,-0.6134664624171091,1.3470617139525287,-0.4472505366900139,-0.8683838806654973,0.035451875032254554,4380.78117331128
Cabo Verde,Mortalidad_Media,0.19393106325700007,-0.4421767326190061,0.42031483097603684,-0.5794718191081363,1.1324854636870434,-0.4977877412233608,-0.9180618526436817,-0.02153774571643355,4294.96510035729
Cabo Verde,Mortalidad_Media,0.24826101857046393,-0.4932680548028838,0.37855844724901244,-0.594058487395392,1.2590859138663784,-0.424123923958792,-0.9153655023123752,0.02875826142157356,3893.09571382506
Cabo Verde,Mortalidad_Media,0.4599490626135503,-0.3864291588262649,0.6053543356633888,-0.6504474131652656,1.4782136036682427,-0.6496804418343807,-0.9634944182481266,-0.00020511320587743298,3608.96605234906
Cabo Verde,Mortalidad_Media,0.43029404055305154,-0.43432821076829264,0.6862071174355546,-0.696868942431101,1.1533544944766083,-0.6835197174574308,0.9738293410741983,-0.057145878600346256,3415.06266730931
Cabo Verde,Mortalidad_Media,0.3207331185449297,-0.4621807093794276,0.4803552725719094,-0.6182862304850153,1.3522641433165377,-0.5317826969381152,-0.9280084521798742,0.00674616178108195,3985.60706548134
Cabo Verde,Mortalidad_Media,0.32702086072985503,-0.47828612462844194,0.4562818612135588,-0.6187129212270894,1.3762235940726613,-0.4987209896437461,-0.9382351854304998,0.023515721763133823,3960.97596791345
Cabo Verde,Mortalidad_Media,0.28447063735462574,-0.5074532214548032,0.37577992962239676,-0.603104647332847,1.3315485787625203,-0.4090928039922124,-0.9426149058304909,0.04824040865627999,3736.81517011087
Cabo Verde,Mortalidad_Media,0.22642525581278153,-0.46840222871178583,0.38704197969649357,-0.5845846446594642,1.2124894609445507,-0.445950364230303,-0.9775883655718398,0.013551862556206273,4002.01386888785
Cabo Verde,Mortalidad_Media,0.21834790005503277,-0.4147298192693614,0.4446826872955915,-0.5791702268687249,1.1693720131881054,-0.5285381512351099,-1.0719234312548709,-0.022576039525839503,3579.46006137809
Cabo Verde,Mortalidad_Media,0.15711167048160726,-0.5390732888877195,0.22781273088010118,-0.5602258676384503,1.1530474201113314,-0.26146459471831895,-0.9464424183560332,0.06954277257602176,3659.72046361628
Cabo Verde,Mortalidad_Media,0.042587285701767036,-0.5050236022981717,0.18357700300827556,-0.5220679601602498,0.9500476887981663,-0.24693549672324133,-1.0013027027607406,0.03866214888154182,3908.64885822576
Cabo Verde,Mortalidad_Media,-0.059397590664409056,-0.7372509496461004,0.09101523867880526,-0.47010762830797875,1.016297610215752,-0.09187105003985618,1.081649709175473,0.21962730629542757,3324.57675212498
Cabo Verde,Mortalidad_Media,0.14771130946052943,-0.6677743041468293,0.04029766106460978,-0.6166044219515275,1.306442363326966,-0.07065364601679941,-0.8282889241098612,0.17452310823448766,2256.99666191075
Cabo Verde,Mortalidad_Media,0.10903025412374984,-0.6730745853531068,0.006531661940867697,-0.6156158066232107,1.261573561776686,-0.049602708862365175,-0.8124291593937965,0.17530129084789997,2004.14680417563
Cabo Verde,Mortalidad_Media,0.09966781956761597,-0.6937614628422616,-0.029084590115749334,-0.6290670541622806,1.2828382164574714,-0.020857038061287303,-0.7915244468790248,0.19187040256219395,1929.49081468781
Cabo Verde,Mortalidad_Media,0.06140739372663634,-0.6699630171173271,-0.03304863961300864,-0.6113962717037388,1.205474658242093,-0.028871613983100064,-0.8474666919056759,0.1753994402273394,1717.97565369655
Cabo Verde,Mortalidad_Media,0.003837573072979744,-0.6965523975214751,-0.11397741732498734,-0.6244977761523185,1.17513679523432,0.02763383684730447,-0.8241456357465891,0.1949860567422896,1328.57874270666
Cabo Verde,Mortalidad_Media,-0.10926789129255031,-0.8291333294725032,-0.10416573605210067,-0.48766687686424326,1.0455807097104506,0.1075335567997866,1.0262711263224498,0.32981311101295413,1223.33055331575
Cabo Verde,Mortalidad_Media,-0.3356021721668815,-0.621805412874082,-0.343886263678581,-0.5483636602858236,0.65371173492502,0.1566011278535847,-0.8751558922772626,0.1136606843850452,1189.51479345891
Cabo Verde,Mortalidad_Alta,-0.6332886984523822,-0.37843519546945303,-0.8471409456574388,-0.2546073402705613,-0.04040795929999991,0.6195983483865337,-0.9344549164389901,-0.19736913475532375,1165.13832331934
Cambodia,Mortalidad_Media,-0.6603883190684509,-0.499190349766096,0.17776357600168388,0.7702323424627588,-1.0923781301968978,-0.2624494840299567,-0.8647185995439057,-0.22670458767736978,2325.03050040841
Cambodia,Mortalidad_Media,-0.6449018624361136,-0.5031011490423694,0.11379427552595917,0.8109463589879125,-1.0906278345399643,-0.16089352428742595,-0.8748628627038606,-0.22635813125405074,2167.40324198499
Cambodia,Mortalidad_Media,-0.6328516060200599,-0.4969737832936139,0.10617174112337029,0.7213219831690796,-1.0370130247375617,-0.16914063223324163,-0.9010475232545456,-0.22794545768829916,2081.73914242939
Cambodia,Mortalidad_Media,-0.6164256681066913,-0.4942512144450744,0.09112631655148426,0.6346552660184956,-0.987851901093336,-0.16654709845591975,-0.89015927943358,-0.23184802248337982,2225.87705485686
Cambodia,Mortalidad_Media,-0.6139194441094452,-0.4955426888955529,0.06453582438012945,0.6742122419514363,-0.9963981831375031,-0.11910736298071412,-0.9124933736776155,-0.22986658661513554,2036.67377566578
Cambodia,Mortalidad_Media,-0.6162575665311176,-0.49536732786405835,0.038678912609762015,0.7333320185310062,-1.01109517233389,-0.0683573842334187,-0.9650012853327194,-0.2253881835561628,1826.35391688754
Cambodia,Mortalidad_Media,-0.6233708094171984,-0.5022143950672968,0.0004135622404035314,0.7784057986351187,-1.0271531500759865,-0.022479742156428895,-0.9308689859900046,-0.22591988858318235,1675.19555711109
Cambodia,Mortalidad_Media,-0.6359636456661518,-0.5057415038741487,-0.0318689470253822,0.8440012440979319,-1.0486020491072416,0.02250413813396651,-0.9474309138691439,-0.22270950678667484,1547.32010444393
Cambodia,Mortalidad_Media,-0.6604205762674358,-0.5133812388397037,-0.055898791754244004,1.0012840358104755,-1.1211570851387314,0.07824290029492037,-0.9635826963426868,-0.21641596945492708,1431.56396469993
Cambodia,Mortalidad_Media,-0.689470399619569,-0.5248659683428982,-0.08192008859013224,1.200585040540653,-1.2182914795275037,0.14421766639607925,-0.9585186011260332,-0.20997402786787744,1305.6600972686
Cambodia,Mortalidad_Media,-0.7196124976784541,-0.5356364129548192,-0.11609462165720741,1.3973705902414528,-1.3095566183500487,0.21776561556565532,-0.9660690831136975,-0.2028611528454421,1192.80263041673
Cambodia,Mortalidad_Media,-0.7387832925693292,-0.5427135176783489,-0.17279753769108883,1.4997025331376745,-1.3432265693569096,0.2938733909974012,-0.9760953010330677,-0.19880404865772794,1088.98152823081
Cambodia,Mortalidad_Media,-0.7433421856141375,-0.5453108609800066,-0.2567309491837417,1.4800900929649812,-1.303855378056153,0.3714188541432851,-0.9845072981890401,-0.19898071725544592,952.274616324008
Cambodia,Mortalidad_Alta,-0.7522491265163476,-0.5510782040354425,-0.3372850821294882,1.5017464043399888,-1.2897714353710068,0.4539005283889471,-0.9763356459999484,-0.19875494544812145,875.748936193569
Cambodia,Mortalidad_Alta,-0.7617397791704663,-0.5569886912847662,-0.4206040567196723,1.5254875887962236,-1.2756891491013547,0.5395091148936855,-0.9694023410781809,-0.19838472845683186,866.283999789749
Cambodia,Mortalidad_Alta,-0.7486966703252187,-0.5564762861046848,-0.5101223300110613,1.3877437691183707,-1.1766393130119586,0.5978682209230118,-0.9475697745188456,-0.2043815106789439,731.692295125426
Cambodia,Mortalidad_Alta,-0.7731687333776992,-0.5619304321615278,-0.603979514078824,1.4877476027961969,-1.1905548547679607,0.7101477569237888,-1.0001662297999858,-0.1978535370254027,612.252648550727
Cambodia,Mortalidad_Alta,-0.7827341458298107,-0.5755603180746309,-0.7142565463243056,1.528004605971044,-1.1864574876891016,0.8243146499989547,-0.9233047224653053,-0.20113065419153736,525.797325120926
Cambodia,Mortalidad_Alta,-0.788692902570131,-0.5811241231501676,-0.8462492956345096,1.4968601794138152,-1.127132221422966,0.9459361116893581,-0.9177153216261731,-0.20254927064133843,444.199067529081
Cambodia,Mortalidad_Alta,-0.8325195844659993,-0.5993394007444875,-0.9808371314878113,1.7365144689467027,-1.2082437994866833,1.1256416861640066,-0.9216625779123742,-0.194221728564331,386.691123931778
Cambodia,Mortalidad_Alta,-0.8507443093795014,-0.609820643075963,-1.1543407040501152,1.7690168168652451,-1.168161757099883,1.3006222281344468,-0.91977365683344,-0.19327061161079795,350.147276634294
Cambodia,Mortalidad_Alta,-0.9042171061100833,-0.6321602135214774,-1.3205347335481648,2.0605799838144714,-1.266130454836982,1.5216238382617862,-0.9238797644091508,-0.1831816700257714,327.500984314444
Cambodia,Mortalidad_Alta,-0.9519793200311656,-0.6527232028435259,-1.4783378425590417,2.3173461227182406,-1.3491917742410537,1.7272984589592346,-0.9235502216774694,-0.174536258333213,296.426687526334
Cambodia,Mortalidad_Alta,-1.1050963399243001,-0.7054226712701588,-1.7199510111183767,3.261629603266032,-1.7560922850897498,2.156053276408639,-0.9962085056855114,-0.13823268276761347,343.485224671585
Cameroon,Mortalidad_Alta,-0.6278774217050812,-0.5165595255225544,-0.7365430422181549,0.3657385526018513,-0.5608849280266337,0.6085778986463861,-0.9627813126048566,-0.23813735132628128,1604.87726954895
Cameroon,Mortalidad_Alta,-0.7069095671665309,-0.4185658145515544,-0.8869980413513097,0.3719932168728256,-0.4394711771493766,0.7994605524106899,1.0962228994675352,-0.21358605898096567,1672.32657340872
Cameroon,Mortalidad_Alta,-0.6342613929293172,-0.5206145684269072,-0.8560831316663253,0.3387734072162163,-0.5058885935719284,0.7191636746412791,-0.9708774489461436,-0.2385895660974281,1555.60370660749
Cameroon,Mortalidad_Alta,-0.6319544854887573,-0.5226512866603683,-0.8722418794661642,0.3236877707800264,-0.4961967227842748,0.7314082209978783,-0.9461574728231623,-0.24058914823267386,1555.22660476477
Cameroon,Mortalidad_Alta,-0.6375633271852484,-0.5253513650301552,-0.9147208657137449,0.33878757189105413,-0.4897489663582088,0.7757490119550372,-0.9484187440370888,-0.23995069318102424,1610.69641591017
Cameroon,Mortalidad_Alta,-0.6477442232435571,-0.5277250045122359,-0.9619465236384834,0.3752820734804646,-0.4900316750720164,0.8293601686986709,-0.971015133050446,-0.23736675521453954,1496.08951771242
Cameroon,Mortalidad_Alta,-0.6522846605722106,-0.5346124940411044,-1.023279645425433,0.39012880171988873,-0.48318355149461456,0.8913697275432184,-0.9323379349718168,-0.23920035076306134,1441.7201725688
Cameroon,Mortalidad_Alta,-0.6630808472909472,-0.5394276658996601,-1.0717554074063818,0.44018377641757933,-0.4933500201631695,0.9486670993647901,-0.9333503199933764,-0.2374540224749585,1415.00009710569
Cameroon,Mortalidad_Alta,-0.7188490056623377,-0.45662136221290966,-1.1954201880109299,0.3921325487323474,-0.3779181793195837,1.097053356552679,1.0958879221549476,-0.22480220929142103,1649.4433905949
Cameroon,Mortalidad_Alta,-0.6683116671379208,-0.5441213425477472,-1.2047256970883202,0.4003339586702568,-0.42820775850105575,1.0695420672316691,-0.9339641618784342,-0.23879507368851638,1575.92882118897
Cameroon,Mortalidad_Alta,-0.6747278751432748,-0.5468488478845629,-1.2821950165291034,0.39630771115929564,-0.3986232884057288,1.1440602669088147,-0.9462622568040895,-0.23820890506851294,1449.09874362279
Cameroon,Mortalidad_Alta,-0.6779751274524204,-0.549601383345898,-1.3696599752347218,0.3674962132005116,-0.35402298912252317,1.223073767474516,-0.9492785126322736,-0.23902211645220284,1513.96056994878
Cameroon,Mortalidad_Alta,-0.6934000482737793,-0.5570535213911022,-1.4147366607479384,0.4580549639171708,-0.3881704034119125,1.2852188753858154,-0.9399359115628474,-0.23652505084404113,1398.58702025047
Cameroon,Mortalidad_Alta,-0.6920205456077867,-0.5589779189917237,-1.482973830389563,0.4122540623031825,-0.34277885430156824,1.3419257141273682,-0.9306945118653056,-0.238646184092125,1461.38999232337
Cameroon,Mortalidad_Alta,-0.6985884788689829,-0.5623141323409058,-1.5167965404585388,0.4415685581554658,-0.3473790987681623,1.3807106631843418,-0.9282315839625424,-0.23780818489811062,1492.14269801453
Cameroon,Mortalidad_Alta,-0.737863032558234,-0.4984604735398671,-1.6180889524864102,0.3920486184253551,-0.26656616964460633,1.5016404825456982,1.0976098556143077,-0.23622348185900532,1325.67248215933
Cameroon,Mortalidad_Alta,-0.7136062879736155,-0.5702898512203226,-1.6004843245640774,0.5058182465654557,-0.35463057129340597,1.4749585112739079,-0.9205372393968847,-0.23611147433504137,1191.45458990968
Cameroon,Mortalidad_Alta,-0.7293440601241304,-0.576063001825073,-1.6616654357902207,0.5796856426161903,-0.3715721362234625,1.54960851180375,-0.9322485092320905,-0.2329183603619358,1142.62466252106
Cameroon,Mortalidad_Alta,-0.7391620105838658,-0.582108779330744,-1.7057989213024904,0.6326140430566474,-0.3870983690069701,1.603049639100261,-0.9167814943554751,-0.2320638317553147,1133.39326749673
Cameroon,Mortalidad_Alta,-0.7546257289066264,-0.588635108028535,-1.729880676823549,0.7335740133596151,-0.4329859762618953,1.647018929818224,-0.9122062686710057,-0.2289235784283783,988.241276791846
Cameroon,Mortalidad_Alta,-0.7667562555432856,-0.5938766049118155,-1.7805337911410155,0.7916619812727588,-0.4465217807714562,1.708087010196558,-0.9141910521982202,-0.22684715673531747,789.623811072554
Cameroon,Mortalidad_Alta,-0.7257415930946578,-0.6271389121445193,-1.915753780626965,0.6583068199964766,-0.44787434907416307,1.8177488016824734,1.0778410775994045,-0.282262562090138,715.470296470585
Cameroon,Mortalidad_Alta,-0.7835336869404701,-0.6001530654001982,-1.8707330987371338,0.8539253390390085,-0.44701904511533685,1.8085872797277351,-0.9308026469935242,-0.22375884536973567,708.565731625965
Cameroon,Mortalidad_Alta,-0.7974286206441251,-0.6041119123979549,-1.9345866516178674,0.907354198536398,-0.45056399369940847,1.8818138213125082,-0.9544381880108739,-0.22054229255303182,832.006674487689
Canada,Mortalidad_Baja,1.0407308031799718,2.2603473276305595,0.7670906838578861,-0.9547468949922794,0.42773885460891137,-0.8211088564640241,-1.3406720809812112,5.141227839670574,56256.8007264015
Canada,Mortalidad_Baja,1.661466601721219,2.0333677569872215,0.9990304887560304,-0.9549876264149945,1.37524477052279,-0.7610349124037048,-0.6557407779069422,0.38572713045123286,52886.6616372703
Canada,Mortalidad_Baja,2.160808347016879,1.7333716299386162,1.3136333156696296,-1.0011704855791304,1.3398321809843026,-0.9444479007964293,1.0664063838512448,0.3351710415452329,43537.839298904
Canada,Mortalidad_Baja,2.063079177183535,1.9018774879013136,1.2786689853084563,-0.9816263333341799,1.1082624241752144,-0.9329731745317665,1.0628467966216133,0.31588975452654716,46352.8693445211
Canada,Mortalidad_Baja,1.9173472419308062,1.8331269089914874,1.23419806091931,-0.9381501967689164,0.9290905542423279,-0.9259971291782632,1.0458714424129552,0.2680840401253278,46539.1761570405
Canada,Mortalidad_Baja,1.9782186566208104,1.8690849528538547,1.2529060481314078,-0.9564727180562473,0.9982694237886874,-0.9289738477090673,1.0566767163304,0.28810933678811157,45129.628116623
Canada,Mortalidad_Baja,1.983294416530286,1.7755606798244195,1.256612953900211,-0.9537651112904996,1.0551756556239904,-0.93212084988101,1.0521927619264595,0.28423454839899837,42314.0615817218
Canada,Mortalidad_Baja,1.9351156030680776,1.717046329997588,1.2444370694504143,-0.936909069269181,1.0041606299280872,-0.9325401959133343,1.0640814513726462,0.26426112392576395,43594.1941045394
Canada,Mortalidad_Baja,2.0067796892925265,1.9023470057313332,1.2642896599760836,-0.9642221619340171,1.0036061134864274,-0.932712529294713,1.0961334088407928,0.2948187661458575,50960.8431174661
Canada,Mortalidad_Baja,1.9835623827216204,1.837071918047879,1.259177051788528,-0.9545091077269556,0.9990985940891072,-0.933961548952231,1.0990078441077706,0.28314897562941244,52638.1187235237
Canada,Mortalidad_Baja,2.0176326043045743,1.8591595782289414,1.2693817267175032,-0.964967916267561,1.0381617230969158,-0.9353562305996981,1.1026554661510573,0.2947419929141451,52670.3447335415
Canada,Mortalidad_Baja,1.9708299872201394,1.8597958413338462,1.2542460387278398,-0.9521858271514603,0.9707471154760533,-0.9321012500017171,1.0945456733334746,0.2811192678768687,52223.8588398531
Canada,Mortalidad_Baja,2.000072483260179,1.8321016231283838,1.2624300597146545,-0.9599659773702965,1.0389999774419887,-0.933160915774082,1.0769045403331752,0.2903590332536603,47560.6666009406
Canada,Mortalidad_Baja,2.0263026603525396,1.8093152721098869,1.2698508773904962,-0.9669686301461511,1.098353837562764,-0.9341695095248401,1.0626101795019154,0.2986116869856286,40874.8831932903
Canada,Mortalidad_Baja,1.8721754621207727,1.975945664988919,1.220268441625317,-0.9300271040862772,0.7648373013127304,-0.9222505209015834,1.0892694477308025,0.2584124188870872,46710.2526864484
Canada,Mortalidad_Baja,1.8812908742308558,2.0364132917345352,1.2198258744428625,-0.9362528009586231,0.7585459242841067,-0.919115664883702,1.0712103158215065,0.2670411993241796,44660.0838892281
Canada,Mortalidad_Baja,1.8878506049003596,2.0750443668378886,1.2214476198406434,-0.9395526158576537,0.7452358039944907,-0.9187540668363878,1.078582165400769,0.27073306638244193,40504.0370977806
Canada,Mortalidad_Baja,1.8816608056446908,2.086346295392054,1.2202054973052125,-0.9378220976903153,0.7241125437486876,-0.9189495874261822,1.08950728939698,0.2683432308437788,36383.6600068095
Canada,Mortalidad_Baja,1.9355125104753104,2.108172871564841,1.2369034106195584,-0.9536329563463097,0.7910676607444617,-0.9218115668031991,1.0976670647444013,0.28557694865843875,32145.5412620217
Canada,Mortalidad_Baja,1.92328497535928,2.060177051017971,1.233288204456655,-0.9485663666940338,0.8035162721516084,-0.921708983684242,1.0846108068833251,0.2801455792757525,28301.8645937428
Canada,Mortalidad_Baja,1.9545322671762884,1.9921422215790907,1.2456937948079487,-0.9537133025381099,0.879400104901156,-0.9266726782955066,1.0952296277632303,0.28438396759730084,24256.0192337185
Canada,Mortalidad_Baja,1.9378694862908505,2.0181194663526036,1.2401799571214631,-0.9500564578547099,0.8389778900153072,-0.9251675490505806,1.0988226624863073,0.28046650715497506,23822.096210932
Canada,Mortalidad_Baja,1.9071693947011406,2.105328398789455,1.2287498998169437,-0.9452543939610797,0.7461142114335008,-0.9208349291392791,1.103175679248005,0.27599274018696734,24271.0020563821
Canada,Mortalidad_Baja,1.9769298420332626,1.8566806070851622,1.2504384901095669,-0.9568031008420885,1.0174394709355545,-0.9270368390999018,1.0295370423528738,0.2898629529501635,20679.634792669
Central African Republic,Mortalidad_Alta,-1.3060644350254844,-0.8744930988830365,-5.484346007246349,2.596839983624002,-0.1808516255118656,5.670499791812025,-0.8438982437219245,-0.17069537126358025,467.359825026238
Central African Republic,Mortalidad_Alta,-0.8730206904758382,-0.8565486250747764,-2.7240849180756523,1.927604432503985,-1.0258144973902323,2.8280019650110217,1.0941955010880036,-0.30922402493817847,492.263142830507
Central African Republic,Mortalidad_Alta,-0.8971492900383532,-0.6410533547916196,-1.7602696117801864,1.7601613983176565,-0.964863281540657,1.8865503469199416,-0.9052579210582397,-0.19457005293403512,462.879071294011
Central African Republic,Mortalidad_Alta,-1.0585956200658113,-0.7465804541878942,-3.650353884667752,1.8639769465154103,-0.4030181029521662,3.7408584831995224,-0.8391008093462846,-0.19542503811870526,449.228467602439
Central African Republic,Mortalidad_Alta,-0.8873039062523468,-0.6338537821272847,-1.7161441280517746,1.7019191094222117,-0.9448903634095159,1.8321870365815822,-0.9319805434828916,-0.19492838214722585,455.243962859534
Central African Republic,Mortalidad_Alta,-0.9528942398366957,-0.674347030822188,-2.3178579924239817,1.8467602192149652,-0.8275372388660841,2.4451448293374067,-0.8930720854587728,-0.1924856850167569,432.324025684263
Central African Republic,Mortalidad_Alta,-0.905797103596608,-0.6431147655234862,-1.8324634457653939,1.7694912883302847,-0.9421228397261102,1.9588699866085248,-0.9308478012614403,-0.1927317659509793,387.176203444318
Central African Republic,Mortalidad_Alta,-0.8864552160816466,-0.6334218329296291,-1.7086345882998064,1.7002674853898354,-0.9465581646608787,1.8245574956905009,-0.9316377945091179,-0.19500334691199656,366.322853938121
Central African Republic,Mortalidad_Alta,-1.0149084344043322,-0.7045514090460119,-2.794798630527767,2.010320829131743,-0.7523297415630197,2.941734014647511,-0.9161720046146049,-0.18565724723065608,409.8504859647
Central African Republic,Mortalidad_Alta,-0.9323099607115749,-0.6558215538361211,-1.956207593374736,1.89314827260929,-0.9670398601422298,2.1041810747056138,-0.9256605329372078,-0.18888033332338827,364.36696260838
Central African Republic,Mortalidad_Alta,-1.001026528424205,-0.6747118246928655,-1.6357992851179717,2.5880431631782255,-1.441104527304653,1.9353590391894209,-0.9136512312521325,-0.1659937585808134,544.395849142785
Central African Republic,Mortalidad_Alta,-1.0266235014299159,-0.6855271046350576,-1.6930096871318883,2.743388927727425,-1.5045884257031954,2.0226145627280943,-0.9096563103784339,-0.16098319586950371,534.057281471636
Central African Republic,Mortalidad_Alta,-1.0548468814135452,-0.7041915354456855,-2.048220647807732,2.7456007766972634,-1.3892958718613078,2.3676173743355067,-0.9012472541037446,-0.16148813428385794,476.873786950728
Central African Republic,Mortalidad_Alta,-1.4952579246964748,-0.9690480362855497,-6.339447983189621,3.515611207027174,-0.39351688557986403,6.687155802544477,-0.7627536837424687,-0.1446252386444956,456.471673898404
Central African Republic,Mortalidad_Alta,-0.7230737454936255,-0.6916370295507732,-2.1133332342265176,0.7789000661237067,-0.5134697954203686,2.020998190861474,1.0691421396693996,-0.304812218786805,437.24827472489
Central African Republic,Mortalidad_Alta,-0.956345153521429,-0.668472185812693,-2.033963062786706,2.03377054553581,-1.0187599642257938,2.208089104323551,-0.9024877265255078,-0.18552504706072148,380.887048839475
Central African Republic,Mortalidad_Alta,-0.966731579083005,-0.6732516043262893,-2.126505475780658,2.0512843768260822,-0.9959668975602797,2.3016004630943137,-0.9118049116240832,-0.18439142882457293,333.942519903031
Central African Republic,Mortalidad_Alta,-0.9783460452177287,-0.6799442249605456,-2.1702743634182213,2.11760065683312,-1.0186844043997956,2.3574267584407895,-0.896227534325265,-0.1830899172366387,311.950023138687
Central African Republic,Mortalidad_Alta,-1.0014671669746638,-0.6889280196823779,-2.226572885268187,2.2512628395040952,-1.0697159563418674,2.4394864071101656,-0.9013308844191668,-0.1782671215524781,303.461321152782
Central African Republic,Mortalidad_Alta,-1.131983578392949,-0.7343396929688814,-2.1619357825985275,3.2428370599804834,-1.6136997569597056,2.5797341306949164,-0.9007342904922473,-0.14469814790745683,278.403992150941
Central African Republic,Mortalidad_Alta,-1.022322631072423,-0.7002746617392831,-2.310499146353389,2.363711755030182,-1.1041171818395181,2.543656205932412,-0.881097008345789,-0.17569098586734494,248.639290978403
Central African Republic,Mortalidad_Alta,-1.042523933774306,-0.7011270740481749,-2.3796673432825193,2.4356310380937884,-1.1077691080172671,2.6265805292403606,-0.9586488471162349,-0.1686099561396724,237.951702544735
Central African Republic,Mortalidad_Alta,-1.0480039599793072,-0.7024503665111441,-2.4104227079050955,2.451841047669669,-1.1042436821934567,2.6599214019239357,-0.9715004355057326,-0.16729517820101664,239.154133726071
Central African Republic,Mortalidad_Alta,-0.9879481586553636,-0.6849246523567787,-2.493927372145319,1.9739721411935338,-0.8279059163306147,2.6428278450114453,-0.9500868335487176,-0.1847878297483045,333.145863233895
Chad,Mortalidad_Alta,-0.8121012753541559,-0.8004847031160737,-1.2222295889568306,2.353580655256266,-1.7454318471622408,1.4581529710213543,1.0776006439728907,-0.2934806843449209,966.036468278568
Chad,Mortalidad_Alta,-0.9546820220208331,-0.6499554260427931,-1.2810866715649685,2.454889484624105,-1.4877940104780891,1.5639824968191867,-0.9182395715740042,-0.17015433976170802,946.358500208374
Chad,Mortalidad_Alta,-0.9825190645106147,-0.6566508337674545,-1.3274017408808865,2.6120494129400953,-1.5491100639603683,1.6416837498435481,-0.9603447309268598,-0.16231041399076557,866.947814890409
Chad,Mortalidad_Alta,-0.9761747867331291,-0.6592597942862041,-1.3536011878820449,2.5696359706277105,-1.5242795885898954,1.6578286177999895,-0.9179090508256655,-0.1663022112689636,893.336441643325
Chad,Mortalidad_Alta,-0.8395139894763896,-0.8161140476215553,-1.4573292673256033,2.4195030135714486,-1.7033014984454864,1.6996704898327522,1.0846217066507147,-0.2917186869682632,948.656629871231
Chad,Mortalidad_Alta,-0.9887747082581123,-0.6669150531793556,-1.494275777409658,2.579806156556465,-1.483163967165031,1.7963969169974312,-0.9169990389600513,-0.16604192153731778,854.46120040098
Chad,Mortalidad_Alta,-0.9993401259749597,-0.6702366158538576,-1.5514720600674767,2.615929722313898,-1.4808014222037786,1.8595248965337896,-0.9337513575629834,-0.16382374738556243,861.831767630746
Chad,Mortalidad_Alta,-0.96760621866677,-0.6619700703365015,-1.5717262508190586,2.384133611259041,-1.3557773911969804,1.8313622673524719,-0.9075658263839486,-0.17325366692062577,993.990730610869
Chad,Mortalidad_Alta,-0.9585153248868632,-0.6599221337730208,-1.6039351588587278,2.3011568571381718,-1.3021172133017886,1.845559501925248,-0.9025454818536354,-0.17637302698651297,1278.78981422494
Chad,Mortalidad_Alta,-0.9734160708422079,-0.6679690595653367,-1.614915820564764,2.4146261488392975,-1.3618196243147307,1.8791004974739562,-0.8782336089863703,-0.173991990103409,1304.88742971475
Chad,Mortalidad_Alta,-0.9385323783418813,-0.6574713169979086,-1.6772876364053406,2.1261798827180387,-1.1900946228993154,1.8804871798053548,-0.8718795366107381,-0.18415844074406623,1354.34344701937
Chad,Mortalidad_Alta,-0.7930557930239939,-0.8050836613258291,-1.7686247675072628,1.8929244991549294,-1.3210665923579603,1.8940928409512645,1.0734414416698475,-0.3089511555715616,1308.1421872538
Chad,Mortalidad_Alta,-1.0095393550638234,-0.6825647674068749,-1.761103287569098,2.5862540259082545,-1.4016462724582475,2.0562897576348824,-0.8931161912100125,-0.16731441846591782,1141.80069268412
Chad,Mortalidad_Alta,-0.9975917584429694,-0.679673810299049,-1.860043027629098,2.4377173389983966,-1.2895128767395416,2.121991744375669,-0.9005524471649091,-0.17192038602525717,1035.63719694254
Chad,Mortalidad_Alta,-0.9791085603503722,-0.6775371657281127,-1.8819247382498272,2.3077921509220376,-1.2195646804842273,2.11607531735402,-0.8611048541051811,-0.17869636269030476,1166.36883453841
Chad,Mortalidad_Alta,-0.9852676005229867,-0.6794796306158083,-1.94307310751192,2.3099202976539184,-1.1981431353166279,2.1760635648277242,-0.8767392470400495,-0.1776978338366974,980.483531485103
Chad,Mortalidad_Alta,-1.0194953268967928,-0.6922194578396603,-1.9866382845884758,2.532410084830695,-1.3002755356978812,2.2639433812640224,-0.8813156599768148,-0.16989483593102772,906.897260572747
Chad,Mortalidad_Alta,-0.992664355242793,-0.681254075791308,-2.0511472534944213,2.2863680466905407,-1.1453027683386465,2.2765526380449677,-0.9083948861558528,-0.1766166057831836,838.092107712557
Chad,Mortalidad_Alta,-1.003713716757382,-0.6860350479924985,-2.0846534914843344,2.3479207368107646,-1.1667740442645482,2.3216508431702563,-0.90744368930856,-0.17459559526376528,445.850767157087
Chad,Mortalidad_Alta,-0.7764470240564996,-0.8111771679253248,-2.3407507872499895,1.4353032668876147,-0.8898673948772612,2.355612263553084,1.0699112355544966,-0.324362011437377,289.087621122168
Chad,Mortalidad_Alta,-1.0180372631136234,-0.6865153027020447,-2.3543942053462494,2.2478948304296074,-1.0096152552520783,2.564357991843014,-1.0107152329845666,-0.17183645993880592,219.061391951349
Chad,Mortalidad_Alta,-1.0472813591817702,-0.6969445497975627,-2.3728288494190934,2.4487638167058527,-1.1087090868730487,2.623424740535002,-1.0151013276602274,-0.16477205416664598,194.32295331156
Chad,Mortalidad_Alta,-1.0490180582027646,-0.6982714477136253,-2.4422731334707195,2.4172532563089915,-1.0679473763603542,2.6844680637296454,-1.0229765346073851,-0.1653809951984624,163.121663683369
Chad,Mortalidad_Alta,-0.9865644464439095,-0.6879578333155817,-2.673293780213175,1.8573334162677824,-0.7065037684940974,2.79304413928201,-0.9536206987821045,-0.18856455570351155,203.964852705041
Chile,Mortalidad_Baja,0.8154116100971931,0.25151408061801017,0.8849821981745165,-0.6952829670314952,0.5633004990569634,-0.8196282494753442,1.2498284329219915,-0.07401383660439037,15405.6165774073
Chile,Mortalidad_Baja,0.682340412277669,0.3011656016826299,0.7467642885448158,-0.5975108755905921,0.7310666484989602,-0.7697425834267638,-0.6348378412804419,-0.030742869250224625,16206.8325493421
Chile,Mortalidad_Baja,0.8221406919920475,0.2175547308620357,0.883334417779976,-0.7025241309853378,0.6272370533910107,-0.8147444892336662,1.229303645134834,-0.0669981916459153,13114.815470545
Chile,Mortalidad_Baja,0.5102912593618788,0.15455296194424956,0.6751148088747212,-0.5706128085889469,0.7110723034043397,-0.7364636478860624,-0.7740105901238048,-0.060591490926239056,14495.716721687
Chile,Mortalidad_Baja,0.45159490754070175,0.1480272404886974,0.6555395395753743,-0.5567980593875614,0.6388679853099135,-0.730923769957281,-0.7779272926832512,-0.07649873789333578,15659.4808675628
Chile,Mortalidad_Baja,0.8494584173210117,0.19273926199553304,0.8889891474061029,-0.7132859178961697,0.7068962072357573,-0.8127480097064763,1.2078277281605565,-0.05514303836192436,14879.9086227187
Chile,Mortalidad_Baja,0.7402218685779336,0.2361936998033723,0.7598065477446938,-0.6166639945527385,0.8967982370731863,-0.7678373834091883,-0.6912950632236741,-0.008143862951020903,13649.8520452803
Chile,Mortalidad_Baja,0.8406207929678636,0.1707927986043405,0.8838867230904517,-0.7147453653616598,0.7288262065374328,-0.8086663031250868,1.1983765772882462,-0.054569966880660015,13433.9202987032
Chile,Mortalidad_Baja,0.6518707369622413,0.22526070756777564,0.7306517032344717,-0.5963223788344274,0.7880790611102183,-0.7595129005554266,-0.6894037154072499,-0.03229475885587657,14529.6767206336
Chile,Mortalidad_Baja,0.8733256960324697,0.23555127702226825,0.900971908914693,-0.7120573416906258,0.6738612180855458,-0.8211755570276869,1.2243481024242029,-0.054270285066936264,15683.5486369155
Chile,Mortalidad_Baja,0.6646844419057828,0.2675538963695095,0.7380524033471081,-0.5931841296636242,0.7468790180982195,-0.7659483574705788,-0.682100479142886,-0.033240092774909746,15241.9069981119
Chile,Mortalidad_Baja,0.6581452308356588,0.16862245423102615,0.8277774101581974,-0.6705412044735406,0.46396458092811643,-0.7955161231995636,1.2499562166779636,-0.10906173999509061,14487.3927832032
Chile,Mortalidad_Baja,0.4978765054091381,0.20480270177525528,0.6798784157632531,-0.5612209977179049,0.5999957930658992,-0.7448684330750605,-0.6830595901716794,-0.07435132626345714,12632.8704724192
Chile,Mortalidad_Baja,0.6887524555162801,0.1348008021995506,0.8334559313148449,-0.6835908945061169,0.5627928710968324,-0.7923300761552051,1.222601846369954,-0.0948939662838914,10098.8017167286
Chile,Mortalidad_Baja,0.5930919983525837,0.22478402924824972,0.7131577164757776,-0.5823938712716359,0.7000878370006928,-0.7555558847604593,-0.6618606904472564,-0.05035689572017843,10683.2188772511
Chile,Mortalidad_Baja,0.4733458931949792,0.33882374434570606,0.6809602164565023,-0.5406117105596167,0.39570582974472446,-0.7566027487119165,-0.6402841538162138,-0.09269869774269107,10346.4138184533
Chile,Mortalidad_Baja,0.6228117979492498,0.30563409983929274,0.8319195130660988,-0.6393274642622577,0.19397303161148793,-0.8146455738056859,1.3351317899941804,-0.13982529823324163,9318.65655296121
Chile,Mortalidad_Baja,0.5414023508679318,0.25721508249003294,0.700061923545068,-0.5639186977718659,0.5758564301570672,-0.7566872821811775,-0.6449298649831923,-0.0699577163806171,7480.32330998636
Chile,Mortalidad_Baja,0.593679147877255,0.22616136312841584,0.7143734288679264,-0.5828635210281545,0.6950607109495736,-0.7562029576832825,-0.6440520270224088,-0.05114279481440476,6120.59152055344
Chile,Mortalidad_Baja,0.7296164935300719,0.1387894903478704,0.846403662061008,-0.6929127068986173,0.6165326208466596,-0.7958273997826217,1.2129672497455002,-0.08320607666483143,4773.40177520754
Chile,Mortalidad_Baja,0.6113532714645775,0.13059090374027996,0.7111506188800969,-0.6040590222191026,0.8656138996418027,-0.7431606262109263,-0.6664115070318208,-0.033323703274157956,4430.84741157984
Chile,Mortalidad_Baja,0.5006365682776018,0.0764404106952525,0.6697842045408504,-0.5849769524170467,0.7954743556042817,-0.7261672704089975,-0.6942299558778573,-0.057283865263385414,4563.5952986689
Chile,Mortalidad_Baja,0.550148874105191,0.02925582769047177,0.7794919054059799,-0.6671409149610485,0.5269490005735656,-0.7659549949562905,1.2049393660078187,-0.12100441711871085,5052.99245766325
Chile,Mortalidad_Baja,-0.18232109241574077,-0.008687174044200482,0.439397545555903,-0.4247431149762646,-0.023269522826235345,-0.6595486897430798,-0.7762583220500465,-0.23963294768234616,5081.4682771561
China,Mortalidad_Baja,-0.06750484405872395,0.07953845135557026,0.47537485101444793,-0.4327329749235949,0.041964124279988246,-0.6776552502777062,-0.9326000245594035,-0.21056057261723743,12970.6056414327
China,Mortalidad_Baja,0.2220648204563149,0.0581629521627902,0.6684247899469307,-0.5513621093464243,0.12113184495531115,-0.7442311591514104,1.2169742191456583,-0.16874931487132427,12887.4357242941
China,Mortalidad_Baja,0.1941009877033638,0.0006086350189162114,0.6522562580312596,-0.5469966000750026,0.19522593544545463,-0.7333857963841517,1.2148941019033508,-0.15552672491794856,10627.4637989619
China,Mortalidad_Baja,0.2624168681234287,0.017300556585969348,0.6791364588628961,-0.5712702764313103,0.22917466209736814,-0.7416607261411325,1.2259513824790407,-0.1560576787802493,10342.9009524335
China,Mortalidad_Baja,0.15274120708806985,0.009022479606714538,0.6383137374857903,-0.5296684743685348,0.1432466591368236,-0.7314041032967045,1.2226188717556656,-0.15863499188541463,10085.6638148819
China,Mortalidad_Baja,-0.061181593434416155,-0.0459203406983215,0.5541539285603891,-0.4535695693580071,0.04202733275239995,-0.7052939226371854,1.197910733933267,-0.15544379026423671,8979.67652709856
China,Mortalidad_Baja,-0.23748748714205783,-0.09403077006300531,0.484445396963329,-0.3912429033342418,-0.036579462681336605,-0.6833182720508176,1.1756353107923951,-0.1522648118886034,8254.86859320357
China,Mortalidad_Baja,-0.20609740803629295,-0.03922496582614524,0.5022489471752021,-0.39634306347678394,-0.1017241584195277,-0.694498104739705,1.2008690661354786,-0.16266322328384786,8175.33285077393
China,Mortalidad_Baja,-0.44332961577218777,-0.023338049886635077,0.41730064421227253,-0.3027651768714321,-0.3463516354754741,-0.6772206934255549,1.1889742303526631,-0.17716588005090478,7781.06597484974
China,Mortalidad_Baja,-0.49176727882985205,-0.0023457478384488265,0.40216511517061904,-0.2811696529275068,-0.4264567226278002,-0.6765778391944209,1.1994988137041678,-0.1834885002253111,7147.03518622344
China,Mortalidad_Baja,-0.5911191285792333,0.005315685394129509,0.3600041465572028,-0.24656607126891356,-0.5294637507826233,-0.6685315400774282,1.1668419853005403,-0.19717417047098634,6405.0574241349
China,Mortalidad_Baja,-0.6170889567904804,0.01197418982958703,0.3542133646178138,-0.2343559336361767,-0.5671865056527082,-0.6672154155118639,1.1453630392568943,-0.19870795744948133,5703.76027973346
China,Mortalidad_Baja,-0.6331631202299254,-0.0076041890910899974,0.34555701967970986,-0.2292280727938208,-0.5601702822250306,-0.6650348177937211,1.13264896673053,-0.19379722296656232,4629.24551710077
China,Mortalidad_Baja,-0.5580834426984324,-0.08456316986073051,0.3169253526678146,-0.3143145445504021,-0.5182458518800591,-0.6378253644907633,-0.931067189922099,-0.30235365659903446,3898.24459158811
China,Mortalidad_Media,-0.6918911547608813,-0.16194987924504822,0.3287745015010923,-0.18822428451830575,-0.5148037530931571,-0.6683492048068647,1.0729587685617277,-0.11622990262905886,3523.44302065213
China,Mortalidad_Media,-0.6168174854965646,-0.38120346154176626,0.31408350432370147,-0.2240483751680849,-0.5259107497670938,-0.6656554278501197,-0.9341815531151789,-0.15068257685686653,2734.72709877693
China,Mortalidad_Media,-0.6059701981410062,-0.41499761309522415,0.32677792901519387,-0.11928628763010213,-0.6269621089394536,-0.6611074463060418,-0.913060117172529,-0.16293633525281936,2129.25696999613
China,Mortalidad_Media,-0.7438439875915618,-0.30680950842933064,0.3122215872703568,-0.028477106265652585,-0.579499787100096,-0.6466408407743693,0.9966048649917452,-0.11057309110105967,1777.64496828464
China,Mortalidad_Media,-0.6244068293592796,-0.4653276801762032,0.28343440773063855,0.19227300536627712,-0.8217303316026473,-0.541715794806763,-0.8792106978080996,-0.24231155497502693,1530.92726215723
China,Mortalidad_Media,-0.5987677009402183,-0.47033959567477457,0.21239869563381203,0.18864855159300364,-0.7996808820123998,-0.4402067786767853,-0.852036916646844,-0.24585222193840256,1306.97245408557
China,Mortalidad_Media,-0.7364347817397342,-0.3434941980805201,0.13409123648404553,0.25183089833161243,-0.6871328967156869,-0.3418266819735549,1.0442982953750695,-0.19878857352535462,1163.55957673426
China,Mortalidad_Media,-0.5801659038458293,-0.491400936590668,0.0765187555449257,0.42430934797507125,-0.8846027069132304,-0.19278626826875972,-0.8046373439039043,-0.24431681395817478,1065.40597574519
China,Mortalidad_Media,-0.5824907562636839,-0.5017117887288262,0.028467395939784437,0.5620235241089069,-0.9436245610150144,-0.09602847339448128,-0.7857731958095671,-0.24196141184396697,969.199513696287
China,Mortalidad_Media,-0.6803616725218403,-0.5382705633251389,-0.12139164195822025,1.1815533148171617,-1.2179060095919572,0.1764410783643841,-0.8029683368984339,-0.21997225365134498,612.680277898627
Colombia,Mortalidad_Baja,-0.19830802713871631,-0.26262679124559496,0.48160287087517945,-0.4248834998889239,0.29179303911610877,-0.6617882505469832,1.1866715138809343,-0.1072217841075529,6680.44506854481
Colombia,Mortalidad_Media,-0.05235297995860751,-0.3662969949990727,0.5214677075117597,-0.4965811708932345,0.6007203978110934,-0.6566685028411623,1.1009707990650317,-0.08262501481585655,6222.62164397614
Colombia,Mortalidad_Media,-0.02976468989260239,-0.3929617243607266,0.5263651592105947,-0.5090996972102269,0.6666548449745963,-0.6541840151239233,1.0816683244474516,-0.07665946298013282,5339.68711357943
Colombia,Mortalidad_Baja,-0.23140415361587297,-0.3528900306022463,0.458935989349213,-0.4238635082280457,0.41589569290722295,-0.6448222856461063,1.141409779278076,-0.08967221420667842,6472.54544924705
Colombia,Mortalidad_Baja,-0.24834461643425695,-0.34532541195914007,0.4537738556633904,-0.4161402433740989,0.38766440909561484,-0.6447046391630908,1.1488160582018463,-0.09161882933098192,6816.96818309544
Colombia,Mortalidad_Baja,-0.15629538257498277,-0.3378040763376331,0.48764753059294924,-0.4515934963570312,0.45808423407693055,-0.6530912321658209,1.136222863389942,-0.09092589175365762,6479.53231292429
Colombia,Mortalidad_Baja,-0.21941932797072894,-0.3292855684684581,0.46605635428050946,-0.42544923702828974,0.38645381759774955,-0.6495190434600413,1.1526357448782327,-0.09418117089336964,5959.84250367574
Colombia,Mortalidad_Baja,-0.2460292635713043,-0.31736815346604774,0.45795190775773587,-0.41331291347076393,0.3420486682497955,-0.6493398180226706,1.1642893539397314,-0.09724600728057564,6248.51490534512
Colombia,Mortalidad_Baja,-0.3565489274205137,-0.2718932131000176,0.4223057149224111,-0.36546734726021873,0.1621155873072393,-0.6469242762228509,1.1586750891035686,-0.11361275369138213,8187.20824890084
Colombia,Mortalidad_Baja,-0.3915166115909773,-0.23525135072220613,0.41342095834278625,-0.34771450038758156,0.0667807299977427,-0.6495192975135813,1.160195984561894,-0.12412067023214807,8279.10255642981
Colombia,Mortalidad_Baja,-0.4235372729334461,-0.2010320624325874,0.4053809123221074,-0.3313469214383036,-0.021629725291561652,-0.6520127513892564,1.162524277148563,-0.13383030447182104,8108.59838244229
Colombia,Mortalidad_Media,-0.42205220442417746,-0.19061660145827294,0.4069081622743357,-0.3308792665344694,-0.038457935997327164,-0.6536153854622242,1.1594989263687345,-0.1366588782146574,7400.9940695669
Colombia,Mortalidad_Media,-0.3642792627536141,-0.25267979892135806,0.42130548079153873,-0.3605478630092995,0.12149722946743724,-0.6490170393069676,1.1527028745659242,-0.11928230686700031,6398.2958447102
Colombia,Mortalidad_Media,-0.37498969020507045,-0.25961582658789173,0.4163074407713058,-0.3576789764234529,0.12312599754239772,-0.6468490074486897,1.139348399845723,-0.11911041041004383,5250.97292433518
Colombia,Mortalidad_Media,-0.4044392287056173,-0.22487936754984084,0.40903024579887143,-0.34255640727122727,0.0358119947730034,-0.6494748700803628,1.1339300732040494,-0.12951502674799237,5541.83629665898
Colombia,Mortalidad_Media,-0.30441455623586267,-0.30715561406907604,0.29008711084056443,-0.4337220470716037,0.2175938543926058,-0.4991487395429989,-0.8235887064710299,-0.19285194749620965,4769.926147194
Colombia,Mortalidad_Media,-0.3480518396630009,-0.307457527388249,0.2537636958399999,-0.4189476135965328,0.14957041817131694,-0.46783472807275905,-0.8359430698611037,-0.19363734635033109,3789.85361217027
Colombia,Mortalidad_Media,-0.48115750741041774,-0.30158174001643184,0.37008972085960246,-0.325495756318625,0.09374117883522182,-0.6297065078776979,1.026230262821893,-0.12250508220858003,3456.06610874512
Colombia,Mortalidad_Media,-0.4868304023525689,-0.34496645850558755,0.3436451212021112,-0.32590291202946475,0.15387800206124747,-0.597678511201737,1.0086258563470631,-0.10345985634269084,2818.57195413044
Colombia,Mortalidad_Media,-0.4441361110098201,-0.38462276125422373,0.31809687908869355,-0.34070660213343124,0.24480124992154761,-0.5477621282822057,1.0238541904881358,-0.07144528820517293,2311.94218760291
Colombia,Mortalidad_Media,-0.4734127744286497,-0.4536777335252602,0.17357201990046187,-0.31725601622820965,0.2790990278055133,-0.37281782259458895,1.03960534617757,0.01074054744943187,2428.92969771584
Colombia,Mortalidad_Media,-0.49346918345887403,-0.4820494228319141,0.10330917149720055,-0.304292759205522,0.28141018076503854,-0.2904949454631015,1.023213207755595,0.04592375214987676,2472.99084035833
Colombia,Mortalidad_Media,-0.5684601551671062,-0.42562868053263264,0.07371019229904269,-0.2593780484721727,0.12845863608567276,-0.27743857015982193,0.9534267736172014,0.005513798519720503,2555.00751039968
Colombia,Mortalidad_Media,-0.5868179257853641,-0.373199648446471,-0.18627903605579726,-0.10119301119770668,-0.3671474443546664,0.0038859405389967128,-0.9816801103583599,-0.2025392498304105,2583.34991436018
Comoros,Mortalidad_Alta,-0.7561775396553687,-0.5473301162495586,-0.42935589769193483,1.444655098742565,-1.2189090181538287,0.5325383223608766,-1.0466849595105998,-0.19648189416153067,1533.87755332151
Comoros,Mortalidad_Alta,-0.7621689495021429,-0.5530317835655807,-0.5107881485742644,1.4487832637643945,-1.196677138216087,0.6121516908243329,-1.029072568305107,-0.19741728576785705,1587.72988601478
Comoros,Mortalidad_Alta,-0.7651978255146785,-0.5536821309701312,-0.5032959806812067,1.4740780938683409,-1.2120966252691432,0.6100972807473761,-1.0317505404385139,-0.19639791832228187,1527.16990927956
Comoros,Mortalidad_Alta,-0.7638421046488393,-0.5534859369835027,-0.5261061445011626,1.4499149058207739,-1.1915126254728934,0.6273125001461337,-1.0337673481574599,-0.19710011495475038,1519.26386326167
Comoros,Mortalidad_Alta,-0.7440897659705225,-0.5496739624846568,-0.5706796867424178,1.2897966381071806,-1.0956760865959985,0.637470086678719,-1.011167576598997,-0.20389151373111797,1540.71132331975
Comoros,Mortalidad_Alta,-0.7227523442949211,-0.5438265290149374,-0.6183131171442766,1.1094589567024435,-0.9859675054816583,0.6466694103223962,-1.0036586438734654,-0.21046188991515657,1423.92480215551
Comoros,Mortalidad_Alta,-0.7239633858178433,-0.5427907833537656,-0.6438747772556757,1.094317252660214,-0.9666122900363315,0.6686519816270865,-1.0235664240836297,-0.20978418769084517,1365.48403353158
Comoros,Mortalidad_Alta,-0.7154323683781817,-0.5418629762141576,-0.6873324478983818,1.0118676816411447,-0.9104740087939173,0.6937788184455493,-1.011898406218378,-0.2132874340722017,1329.3704808998
Comoros,Mortalidad_Alta,-0.6392655897367856,-0.6459969238237692,-0.7569376607812486,1.0170694291463158,-1.1028257176925602,0.7504795152250308,1.0448736121803797,-0.3021012922820926,1615.71718460209
Comoros,Mortalidad_Alta,-0.7324341570595997,-0.548620148519815,-0.7254156528414744,1.1130889573089304,-0.9509643546680717,0.7514734804441361,-1.0134580170409764,-0.20977270112227714,1603.32653496691
Comoros,Mortalidad_Alta,-0.7280112931998602,-0.5464402970246574,-0.7729985775069736,1.0456777123431196,-0.8973412309918724,0.7840694481603827,-1.029463590179301,-0.21110478365781327,1490.31425650871
Comoros,Mortalidad_Alta,-0.735250459113089,-0.5511556793690829,-0.8055233441419154,1.0858654376683166,-0.9097775187672681,0.8236597857166583,-1.0155215370094643,-0.2105878093333156,1531.43969320468
Comoros,Mortalidad_Alta,-0.7389600571651064,-0.5537246087070512,-0.8341804919378204,1.098965754327897,-0.9080751923287885,0.8540626241287927,-1.0094327735686006,-0.21051584073794655,1386.57533553376
Comoros,Mortalidad_Alta,-0.7384062675601984,-0.5547804789435974,-0.8827146245419311,1.0674312642893846,-0.875669498400389,0.8946732360875753,-1.0074437471931428,-0.21171382352679508,1410.30516959473
Comoros,Mortalidad_Alta,-0.7261572250933391,-0.5506106331440995,-0.9597288208168537,0.9264122502557153,-0.7737619888827475,0.9407352585300714,-1.0217233929402336,-0.21564936925776174,1455.02768595586
Comoros,Mortalidad_Alta,-0.7350600776899403,-0.5553014629958715,-0.9732328238827863,0.9889512618895668,-0.8039783277577842,0.9664733985020089,-1.0098294673724664,-0.2142481615842154,1289.73631056361
Comoros,Mortalidad_Alta,-0.7407452960730001,-0.5592882774291683,-1.0185835954557605,1.0082744739878862,-0.8005246825813305,1.014300156694108,-1.0003138870867483,-0.21417476846535738,1154.90422349749
Comoros,Mortalidad_Alta,-0.7462281026377487,-0.5620121929830981,-1.0665090109361681,1.01904832870123,-0.7899224980236783,1.063046971233529,-1.0030579496782055,-0.2136550016239384,1103.20658498402
Comoros,Mortalidad_Alta,-0.6644041616447046,-0.6699120863074356,-1.201121373976355,0.9631513053074388,-0.9333075700670951,1.1693593723057052,1.0509241145236468,-0.30642399259851805,1091.27216412426
Comoros,Mortalidad_Alta,-0.7582305673115589,-0.568671942561768,-1.1860898592157778,1.0357453680471145,-0.758768736182134,1.1825283777929259,-1.0053378156922557,-0.21297752740046388,959.787894504834
Comoros,Mortalidad_Alta,-0.7638085311861817,-0.5725610957271118,-1.2460981426470206,1.0440274345954128,-0.7440993721123044,1.2423694739257976,-0.9995306876207912,-0.21305845499665982,762.116930318449
Comoros,Mortalidad_Alta,-0.7667374614253936,-0.5765239543601431,-1.294892657692432,1.045168268354029,-0.7312011043710216,1.289693264310849,-0.9812722122606201,-0.21412700250753597,691.699908770798
Comoros,Mortalidad_Alta,-0.7742124930045104,-0.5811298940796327,-1.3785775655719466,1.05133366769544,-0.706888075790625,1.3721406078070577,-0.9801476776320941,-0.2140032903314883,655.007796688241
Comoros,Mortalidad_Alta,-0.8085736611096985,-0.5975146919178728,-1.6481855309126145,1.1367508485520488,-0.6600310913124212,1.6514750160198695,-0.9975392883113916,-0.21012145491101658,812.215996806703
Costa Rica,Mortalidad_Baja,0.7264378950007313,-0.25104199491563123,0.8028630812391542,-0.7563964255383762,1.2322259950605998,-0.734120043065495,1.0006123845771113,-0.026828326417237286,13625.9008491478
Costa Rica,Mortalidad_Baja,0.6143302782618496,-0.3184719259383478,0.7611738142048723,-0.740134065317926,1.1746870370237454,-0.7156162086875865,0.9961404535863356,-0.05058565066298143,12838.1185359009
Costa Rica,Mortalidad_Baja,0.6369734277723222,-0.3316473721232474,0.7666682546442571,-0.7478355398760805,1.2289489916883758,-0.7151274881930914,0.9823844716148658,-0.041846517950995865,12394.0493969354
Costa Rica,Mortalidad_Baja,0.6317037509330241,-0.355235189326384,0.7624790764928415,-0.7504368686111759,1.2587373731295366,-0.7110373397013274,0.9710035934045868,-0.0399603328849546,12884.6859951947
Costa Rica,Mortalidad_Baja,0.5548763223661433,-0.38377529791570525,0.7358388174027353,-0.7363795871269234,1.191186850634402,-0.7011435108161119,0.9776059269136428,-0.05883992247404579,12590.2493781628
Costa Rica,Mortalidad_Baja,0.6095600017300526,-0.34439053874428555,0.7568830385146708,-0.7432415605610705,1.2089189108020215,-0.7111934996011471,0.983340000572904,-0.04820666846193239,12317.0902771322
Costa Rica,Mortalidad_Baja,0.5609486519682514,-0.343976252620874,0.742043931894385,-0.7313020078714699,1.1367805963456483,-0.7078468332887295,0.9976237470337537,-0.06286919673236757,12091.0301606335
Costa Rica,Mortalidad_Baja,0.5525407201403683,-0.34069635258519,0.7398276471282805,-0.7287080670672269,1.1191978734703216,-0.7077739906375843,1.0018495044907134,-0.06587709812848402,11714.7105980803
Costa Rica,Mortalidad_Baja,0.48471811976714385,-0.3421863500236912,0.7167388626937825,-0.7060853049150349,1.0453362804589914,-0.7024505244053363,1.0162504999792563,-0.07456252236693178,10911.4978783227
Costa Rica,Mortalidad_Baja,0.4055841720144927,-0.3402595505970227,0.6886232298613335,-0.6744823546840422,0.9704743416605993,-0.6965778526758903,1.031849267314419,-0.0768643030881434,10803.2401961972
Costa Rica,Mortalidad_Baja,0.44977282012433617,-0.3031264028507909,0.7088997085552813,-0.6870120319690991,0.9470725561455983,-0.705944942012736,1.0448661062808056,-0.08334600484469923,10126.999102414
Costa Rica,Mortalidad_Baja,0.3964694989611399,-0.29452532221031336,0.6908362498928575,-0.6647466537232719,0.8841836267697015,-0.7031528137337959,1.0595260874190184,-0.08638102241179996,9276.39107510528
Costa Rica,Mortalidad_Baja,0.2933207284758703,-0.2926872243810304,0.6541076883276316,-0.6236433340206543,0.7877525199012513,-0.6953906631591238,1.079475682377278,-0.08924443333641052,8265.78820275899
Costa Rica,Mortalidad_Baja,0.23542847756509336,-0.287496276553307,0.6339919777878993,-0.6000170189790193,0.7265325624391229,-0.6916968507057328,1.0930375495453195,-0.09169701558664473,6832.69829924138
Costa Rica,Mortalidad_Baja,0.011343726688515937,-0.2996632114121722,0.5522656680343614,-0.512886822173468,0.5446192335144509,-0.6722592729833192,1.1271876034920882,-0.09463263612774475,6937.24261596055
Costa Rica,Mortalidad_Baja,-0.03177488841879919,-0.2767818549106001,0.5395609213470276,-0.4927429764216792,0.46657228711725074,-0.672537726376345,1.148101350880509,-0.10032466925328176,6137.71199925542
Costa Rica,Mortalidad_Baja,0.09317121865494019,-0.2570279403056994,0.5866837209402143,-0.5395882879519712,0.5458708858175721,-0.6854422661668946,1.1364349929089783,-0.10132427958496404,5256.59640859159
Costa Rica,Mortalidad_Baja,-0.05342953079771076,-0.28672940182415374,0.5306125522561951,-0.4854979109532354,0.4639622299798185,-0.6692617681024369,1.1464134798510772,-0.09882525466039749,4703.00721784778
Costa Rica,Mortalidad_Baja,-0.040738547678217746,-0.27595561217402836,0.5364490319083288,-0.48908181671898765,0.4570549731676413,-0.67196938699915,1.1502139823057893,-0.10070898692015057,4431.0117207843
Costa Rica,Mortalidad_Baja,-0.051993559259037356,-0.2995567071770255,0.5295904956011661,-0.48778471563800907,0.48715119283578323,-0.6673301577155104,1.1388561762302811,-0.09618309870290576,4173.14856415514
Costa Rica,Mortalidad_Baja,0.11663956335850573,-0.2554436969443734,0.5952800303176922,-0.5486718934554768,0.5643935977013884,-0.6875273513595488,1.133034745949935,-0.10107984918047541,4067.71851429092
Costa Rica,Mortalidad_Baja,0.024546155236299355,-0.2631868972107049,0.5613639572308304,-0.5132308583983871,0.49431243731566255,-0.679101959516601,1.145509875424075,-0.10172875306098456,3985.12984506207
Costa Rica,Mortalidad_Baja,0.0722995779464253,-0.2387340369124174,0.5813985433458346,-0.5288708665875188,0.4957741497233277,-0.6867271032902051,1.1506628591673385,-0.10554679991956928,3812.75388284924
Costa Rica,Mortalidad_Baja,-0.23415890707779385,-0.17230206729306374,0.47792082527670593,-0.40081539719416814,0.10261392316944168,-0.6722434247164142,1.1875502687584656,-0.13136179178595375,3275.25256447416
Croatia,Mortalidad_Baja,0.46738830480486016,-0.08273331176022264,0.7416080359046153,-0.6644712896570644,0.5868977549198716,-0.7424353159856245,1.1669621637387322,-0.12772163504163186,18466.0955472648
Croatia,Mortalidad_Baja,0.4642298704339183,-0.06471928835738523,0.7426343488703535,-0.660807538942046,0.553299597869941,-0.7450588058823526,1.1777845275645162,-0.13145970720628564,17789.9304736722
Croatia,Mortalidad_Baja,0.47836474765969006,-0.07552678905437483,0.7460706216300503,-0.6668830876045717,0.5881445011386384,-0.7443901786924116,1.1683715789141194,-0.12715614220935878,14808.4620188819
Croatia,Mortalidad_Baja,0.18467603117328876,-0.1266983646715174,0.6330499095270454,-0.5610960276398527,0.4030389840997197,-0.7119677937894926,1.1242257723795663,-0.13159844684338773,15563.8167397199
Croatia,Mortalidad_Baja,0.2345033467429348,-0.13542057370844307,0.6505003604518549,-0.5811315518231494,0.46400863088482236,-0.7149121515859893,1.1323732709186292,-0.12670737283863903,15460.4183295843
Croatia,Mortalidad_Baja,0.312040429678183,-0.11787419744137212,0.6807446447453946,-0.6089989103266481,0.5047743234211785,-0.7240149733371976,1.1408035776166014,-0.12731198140799022,13902.6310485422
Croatia,Mortalidad_Baja,0.4092853738739367,-0.09556556231865125,0.7192580693449249,-0.6431754509987626,0.5562443695817878,-0.7358534536355086,1.1703139172833086,-0.12651560254145133,12821.1738140304
Croatia,Mortalidad_Baja,0.3921493752035209,-0.11122877269789812,0.7112437024010627,-0.6384857402840828,0.5674752123693906,-0.7320196972168668,1.1645477418487094,-0.12374525613942905,12285.3032582105
Croatia,Mortalidad_Baja,0.22925188668413013,-0.17241118199108826,0.6449962999129022,-0.5829199838440163,0.5236559731635597,-0.709161755413045,1.140081075029953,-0.11692229477322813,14187.9694531493
Croatia,Mortalidad_Baja,0.18993190789302025,-0.1703109633714675,0.6309070947689486,-0.5674082519375327,0.4841053438726637,-0.7062504418821329,1.1396761250221057,-0.11905667740075337,14136.3967669505
Croatia,Mortalidad_Baja,0.2237361619641238,-0.17282079113905835,0.6427926588968451,-0.5810304238527908,0.5190847408743535,-0.7085432765714565,1.1347096288209797,-0.11750177865571926,13508.6836989693
Croatia,Mortalidad_Baja,0.22934200008204317,-0.17063757080304076,0.6449178020969861,-0.5831526133463506,0.5202019493259873,-0.7092299594393503,1.1299568873404269,-0.1182380266273168,14694.9993201417
Croatia,Mortalidad_Baja,0.2869515597114193,-0.14178661168644346,0.669194250232547,-0.6018595358193556,0.5233631610977768,-0.7184519229406481,1.142150425025846,-0.1221656607636899,13731.2865213989
Croatia,Mortalidad_Baja,0.15863781615346803,-0.14118291428971574,0.6224545107859034,-0.552095020474438,0.40494125144129933,-0.7079463133776687,1.1368101060308633,-0.12790039264914488,14475.9632928725
Croatia,Mortalidad_Baja,-0.05915860263799226,-0.15361737826730287,0.5410119347595135,-0.4700949285856934,0.22612320616375448,-0.6876304091602565,1.1030459511964654,-0.1363665270484095,15889.4347074759
Croatia,Mortalidad_Baja,-0.07362446765964682,-0.10359444111425413,0.45990400475477317,-0.46542505622838537,0.29766759099423457,-0.6511506854106865,-0.9065326677021004,-0.1909559132802599,13757.605654192
Croatia,Mortalidad_Baja,-0.09122895838696735,-0.08920738336167575,0.45623107386182116,-0.4588458234713067,0.2482749015671083,-0.6522484197592175,-0.89072282809856,-0.1984853659387774,11502.753124287
Croatia,Mortalidad_Baja,-0.05877597439698336,-0.0813357234921849,0.4674940986613665,-0.46576511647509083,0.2815184246315422,-0.655972607463067,-0.8867231871970518,-0.1902953755125001,10443.5278353294
Croatia,Mortalidad_Baja,-0.06607458460334972,-0.10472574011827522,0.544470396002005,-0.4607001548548742,0.1365583193977964,-0.694934704746967,1.1348550424088342,-0.14623604127778317,9718.97322801967
Croatia,Mortalidad_Media,-0.04517923103777992,-0.07898944712238527,0.47222769549850824,-0.4688951035290896,0.29646520227618023,-0.6574349019504734,-0.8832597251858116,-0.1868258822904818,8190.11135193887
Croatia,Mortalidad_Media,-0.13689877697142963,-0.10186988666031113,0.4410935823723215,-0.4499231913390114,0.20031605636409355,-0.647146181477336,-0.8799923652002242,-0.21053746429328984,6219.58164143945
Croatia,Mortalidad_Media,-0.4427721163175845,-0.1900772552833349,0.39781964099911016,-0.3249268900852462,-0.06084382411220862,-0.6508974045425516,1.1040669309862472,-0.14239612778648109,5364.83824691607
Croatia,Mortalidad_Media,0.06056677406630695,-0.09012281104057138,0.5939057493649107,-0.5057851390708041,0.2298362445796558,-0.7087417997336898,1.1998176166384453,-0.13926904904100534,4953.65158789022
Croatia,Mortalidad_Media,-0.2542817174622136,-0.09719695280363205,0.40642902056569297,-0.42096617809857995,0.017075133982454638,-0.6399806407717503,-0.8285775139616671,-0.24714132064955985,4929.05772183424
Cyprus,Mortalidad_Baja,1.193711560776915,-0.20004398315844732,0.9515066273134951,-0.8621016815596393,1.8381570126826605,-0.7749611701485432,0.8933900711193096,0.10602838674459412,33894.44921875
Cyprus,Mortalidad_Baja,1.1836991806443862,-0.1609454208263311,0.9527102642773315,-0.8532115616099704,1.7612142322918372,-0.7804250342564178,0.9176759269658015,0.09727069940788344,33734.03515625
Cyprus,Mortalidad_Baja,1.0173360090116745,-0.2181952289494872,0.8955200597724813,-0.8220214869400417,1.607696528261604,-0.7597186380299503,0.9344627143624544,0.055719211147654046,28649.015625
Cyprus,Mortalidad_Baja,0.7464919364923316,-0.33034917110662276,0.80034356180201,-0.7743667974129561,1.387921117370745,-0.7230192926713654,0.95142490425427,-0.009140901130004181,29703.052734375
Cyprus,Mortalidad_Baja,0.7118758244140176,-0.35508674062054785,0.7870432312335205,-0.7699910288571268,1.3763876404780446,-0.7166879928034684,0.9479012036473956,-0.01590053635202307,29599.986328125
Cyprus,Mortalidad_Baja,0.9587147195682099,-0.22445301332060064,0.8768874513356526,-0.8087372571919326,1.531457164629498,-0.7546170593243069,0.9479908235904426,0.03903121590606656,26696.990234375
Cyprus,Mortalidad_Baja,1.1303893201008086,-0.13537138383746705,0.9391798152339652,-0.8359772548068409,1.6421285957745466,-0.7807167795813117,0.9470830768153811,0.07749661459155177,24715.154296875
Cyprus,Mortalidad_Baja,1.1502986018207917,-0.16161812493328237,0.9424098615919798,-0.8451657748065795,1.7131719244358763,-0.7779745645476446,0.9269664434106093,0.0873369591747492,23487.228515625
Cyprus,Mortalidad_Baja,1.1706709757925147,-0.16093384390449833,0.948722412968646,-0.8500280664758602,1.7420388949156957,-0.7795124166585121,0.9214496666711365,0.09335565913177277,27244.3515625
Cyprus,Mortalidad_Baja,1.1500065122591476,-0.18158451802325826,0.9401402128609193,-0.8483857114414093,1.7445164065409742,-0.7748049618376769,0.9161274363335233,0.09018568056598347,27797.45703125
Cyprus,Mortalidad_Baja,1.1558959166819576,-0.12032275661635733,0.9486329207201316,-0.8397255389322946,1.6556859918144924,-0.7848805461454692,0.9479402526765324,0.0829449384672005,28991.935546875
Cyprus,Mortalidad_Baja,1.1933914761852455,-0.056350137961709804,0.9670991497943919,-0.8383369714227964,1.609015869386401,-0.7976021080847908,0.9720965106789038,0.08479918666299274,32485.796875
Cyprus,Mortalidad_Baja,1.1151874310558054,-0.028565884456293447,0.9461876751627523,-0.8146589824056858,1.4498080833231035,-0.7964951379390146,1.0099115821464928,0.057222472504075556,31105.02734375
Cyprus,Mortalidad_Baja,0.8853434714351361,-0.10911479535274593,0.8670161163265333,-0.7718070482623453,1.2400246103776107,-0.7676583190385949,1.0323085309300146,2.958745016704012e-05,32236.44921875
Cyprus,Mortalidad_Baja,0.8693623470403191,-0.008430638192054613,0.8731169667702796,-0.7513075248221578,1.056299633666089,-0.7824165246626118,1.0920134273936537,-0.019578351048039344,35397.296875
Cyprus,Mortalidad_Baja,0.8627929590186497,-0.015044158453657622,0.8703833232920042,-0.750793405226519,1.057164460245652,-0.7809123375036651,1.0902949076744746,-0.020578975773118485,31244.87890625
Cyprus,Mortalidad_Baja,0.7885107421916929,-0.09335970058048598,0.8390871975278404,-0.7455626834683512,1.072567738204142,-0.763346570544599,1.068929449154742,-0.0313735758293997,26729.28125
Cyprus,Mortalidad_Baja,0.8826017379010461,-0.03313120925595953,0.874473587180296,-0.7586123355037455,1.1150748980144498,-0.7794500152159017,1.0746714454529258,-0.01196886537078723,24959.26171875
Cyprus,Mortalidad_Baja,1.0404651439864545,0.05838226118210154,0.9328026343306375,-0.7820786688069084,1.2015681268633709,-0.8049638844400873,1.0790879671139046,0.02199035485258269,23792.619140625
Cyprus,Mortalidad_Baja,0.9810473231194258,0.09627440123182686,0.8242636437071313,-0.7022867824553437,1.4485286950677136,-0.7653045568367658,-0.7208350646109936,0.07962707435434024,20252.24609375
Cyprus,Mortalidad_Baja,0.983464653453589,0.029269470390942288,0.819438680912256,-0.7150165575027837,1.551397828069423,-0.7556748369733326,-0.7241244106955032,0.08870505413982782,16093.2158203125
Cyprus,Mortalidad_Baja,0.5616122682142967,-0.19582448674656047,0.6577517729497304,-0.6441400394802466,1.322472594960817,-0.6870785217770046,-0.8797406998601875,0.0019083048877292508,14821.44921875
Cyprus,Mortalidad_Baja,0.574868091650973,-0.19794794577911645,0.6612009768682703,-0.6474912253125165,1.3469211177110036,-0.6875082552628407,-0.8920831719194682,0.006526370077881205,14388.3525390625
Cyprus,Mortalidad_Baja,0.5895269724439343,-0.15744809123415532,0.6722865032524046,-0.6457538699679541,1.2949420662369975,-0.6958792170866954,-0.8318626889745093,0.0031074806499708507,15261.4169921875
Denmark,Mortalidad_Baja,1.9056576023663758,0.6190226783876697,1.2716893816164798,-0.8928031155068015,1.6013345157939471,-0.9532263131188033,1.1288386166357525,0.19961596072386392,68091.3191138669
Denmark,Mortalidad_Baja,1.7879755178712695,0.5639276097619443,1.221112671513996,-0.8785925717390797,1.5027582692230617,-0.936871233496661,1.1372610317757883,0.1722381163279379,69727.9873677012
Denmark,Mortalidad_Baja,1.7142575546403334,0.5270402156830867,1.1902863324811213,-0.8693701651336447,1.4465154429318523,-0.9261738230318166,1.1406447744804786,0.15545473646316876,60985.4885601514
Denmark,Mortalidad_Baja,1.587341860048716,0.48224845698168384,1.1465349257270483,-0.8457598754485777,1.3311766394630578,-0.9102011110144289,1.1528401238016985,0.12392005031238454,59404.2663247723
Denmark,Mortalidad_Baja,1.596806426327926,0.48777069734642514,1.1500358845274286,-0.8471609065665404,1.336305569926168,-0.9117363926094074,1.1531244044600921,0.1259508066660972,61324.7665045565
Denmark,Mortalidad_Baja,1.5896876354691636,0.48974105037979687,1.1480713278733512,-0.8450976499792802,1.3227024014087894,-0.9115474922948218,1.156260933217424,0.12352272514855824,57521.5514992225
Denmark,Mortalidad_Baja,1.7674184698637676,0.5793831868623037,1.2154459517234462,-0.8717016943996971,1.4462930224390904,-0.9379399061686325,1.152224812878196,0.1637738472139617,54500.9260410217
Denmark,Mortalidad_Baja,1.7566258577345217,0.5460437347431663,1.2072342867440762,-0.8753707047179768,1.481516607294815,-0.9320123885251317,1.1377794136121002,0.16541565077803527,53094.0133607574
Denmark,Mortalidad_Baja,1.7509471550495257,0.5649155377673709,1.2075135271086523,-0.8709003498592303,1.4430683341275046,-0.9345932414445227,1.1497688657663716,0.1609337775797414,62520.4509747011
Denmark,Mortalidad_Baja,1.783442009474917,0.6117363379261977,1.2254717792288707,-0.8692681902330177,1.4208267287495948,-0.9440566951417907,1.1644477212310294,0.16385329170329896,61377.5940590412
Denmark,Mortalidad_Baja,1.7176829774915205,0.5920311085507406,1.1986100562201194,-0.8593797022011275,1.3484036802626713,-0.9366521912582487,1.175115506269243,0.14692819381077576,58443.7747103968
Denmark,Mortalidad_Baja,1.7705811177811885,0.6258088733888392,1.2215857892376176,-0.8645204775651467,1.37828844165591,-0.9453822236982635,1.1729297435467574,0.15806040139869287,61809.737898222
Denmark,Mortalidad_Baja,1.8051060917617092,0.6713953873774454,1.2312606355817857,-0.8661325865117805,1.3612600031895954,-0.9541747287252489,1.1426704451792367,0.1637481668569823,58104.5445594981
Denmark,Mortalidad_Baja,1.8337356130239957,0.6754465538476834,1.239686124035344,-0.8719671204069039,1.4001807039190455,-0.956479556205384,1.1213780697740254,0.1724236410170141,58412.7472358513
Denmark,Mortalidad_Baja,1.7637593357116115,0.7767354267432097,1.2247346658229101,-0.8409693154184044,1.16521266083004,-0.9630029333853825,1.1479724739170478,0.14222515837137056,64616.6657583663
Denmark,Mortalidad_Baja,1.7109060362057527,0.7911443937237207,1.2095146778822792,-0.8259872139821858,1.0683157810289332,-0.9609932092755911,1.164110006176665,0.1249687228102272,58631.6566433635
Denmark,Mortalidad_Baja,1.6990961201735966,0.8332135424172351,1.2047763290719398,-0.824593910995723,1.0290203776723446,-0.9589257336912493,1.1645490336588935,0.12392264429531258,52119.1787984282
Denmark,Mortalidad_Baja,1.6915356878230519,0.7467091261128517,1.2017581444008303,-0.824138540334719,1.0867418450950037,-0.9567861969224062,1.1592928899574793,0.12109075326761136,48925.8076698784
Denmark,Mortalidad_Baja,1.6707253145331784,0.7402473335631777,1.1947477993027664,-0.8201636336245939,1.0661443816192877,-0.9543358585996272,1.1630823932417655,0.11573254767970041,46625.050098011
Denmark,Mortalidad_Baja,1.6792341062037397,0.7598957391751253,1.198363804989351,-0.8182936465536284,1.0521276565958835,-0.9575340148032571,1.1492979480717016,0.11637221987920969,40519.0974905924
Denmark,Mortalidad_Baja,1.3430345179194436,0.9449507179190216,0.9400214013540482,-0.809699829188157,1.37344585347656,-0.790469605524584,-0.5502887849816285,0.20625268606434868,33257.1622586509
Denmark,Mortalidad_Baja,1.346203672357727,0.9824064175247184,0.9408264614495214,-0.8118868008618918,1.3543308116551804,-0.790149948213346,-0.5407256447904873,0.20857892550409657,30768.4775471112
Denmark,Mortalidad_Baja,1.6609249590523603,0.7711953407661383,1.1954661697575792,-0.8128811511473839,1.0010646635767761,-0.9586782265923552,1.1894575439322304,0.1079457300052551,30722.0251837567
Denmark,Mortalidad_Baja,1.0974491728574802,0.4492955173273607,0.9843187300916578,-0.7261720153104358,0.699261884296592,-0.8668366169028541,1.1088563174653192,-0.010991934512772306,35321.0980773087
Djibouti,Mortalidad_Alta,-0.13063592655047998,-0.8953016552432218,-0.7881874734509771,-0.8013277600476911,1.5317129813139205,0.5826908164117053,-0.8724342962122735,0.39415636204770754,3133.25779772463
Djibouti,Mortalidad_Alta,-0.16425489497999918,-0.8689425482568591,-0.8930356137481106,-0.7935922529244643,1.5026324233287678,0.6789885251125405,-0.8663131612797303,0.3671167548314924,3025.91126413549
Djibouti,Mortalidad_Alta,-0.14997258735773744,-0.8771716190364074,-0.8478187456466459,-0.7999942886044442,1.530507458316705,0.6282223321730458,-0.9688988447192199,0.3912126985829847,2844.88810647853
Djibouti,Mortalidad_Alta,-0.16464732745047772,-0.8617783956212742,-0.859126128779929,-0.7904088261443301,1.4971830823054497,0.637078503556473,-0.9778582927705435,0.3770461414045083,2837.16902340932
Djibouti,Mortalidad_Alta,-0.1683222043854055,-0.8590650331136687,-0.8819246953681978,-0.7928494367634722,1.5069082573154948,0.6549848713309293,-1.0116759525455392,0.3797285349877527,2718.08338799203
Djibouti,Mortalidad_Alta,0.1282529991275684,-1.1350302505490126,-0.9570656561687083,-0.7469171777288992,1.728711081639554,1.0933852434929308,1.3815265782328312,0.6371103990415584,2618.95521147369
Djibouti,Mortalidad_Alta,-0.08571372636821303,-0.9653611294549678,-0.9991303716199611,-0.8802468676014945,1.8069652612631275,0.7768464129197974,-0.926404175203398,0.4752073202677724,2510.4300076241
Djibouti,Mortalidad_Alta,-0.11378478689719836,-0.9341733764711248,-1.0170216364302922,-0.8627151453074265,1.7482506121679995,0.7859850473010992,-0.9903415884579545,0.4536286429919356,2376.12554719873
Djibouti,Mortalidad_Alta,-0.10130470166128729,-0.9678889820988578,-1.1693243589947673,-0.897403447387137,1.8605530826478365,0.9418568694198246,-0.8467601737945856,0.46646893379092147,2214.62084142432
Djibouti,Mortalidad_Alta,0.14775043793034845,-1.196713616041881,-1.1660830001341853,-0.7827160863376819,1.866868165413075,1.3552645551790197,1.4836579777303287,0.68512969372485,2075.94498424748
Djibouti,Mortalidad_Alta,-0.7242421646130165,-0.42514592976793103,-1.1570816319508481,0.317837921842675,-0.3155546563521792,1.0516564234334795,1.1015855346528762,-0.2131654902085191,1400.19357858954
Djibouti,Mortalidad_Alta,-0.8037174258135853,-0.5915258278034479,-1.0013239749995495,1.5233110994334242,-1.0920742171402067,1.1015937919218295,-0.9014017316893894,-0.20266589183035427,1306.34552844977
Djibouti,Mortalidad_Alta,-0.7101426949867687,-0.5588072096220362,-1.2267714461985424,0.6895694314839036,-0.5721925903527882,1.1502468814295357,-0.9416006772234731,-0.22854258521257687,1213.23352553429
Djibouti,Mortalidad_Alta,-0.7141833401958662,-0.5604615845484385,-1.2792617917676472,0.6842262927070994,-0.5506488743826623,1.2002139059360257,-0.9507578494433182,-0.22818447914580542,1150.9375857489
Djibouti,Mortalidad_Alta,-0.7316293056435121,-0.570467778166301,-1.2884825165143459,0.8221671257662084,-0.625389004711255,1.2369067703751244,-0.9157653251440867,-0.2256157335843459,1119.15233346969
Djibouti,Mortalidad_Alta,-0.866097696564674,-0.6148767594693221,-1.2507648618222134,1.8134615092846216,-1.155993169516191,1.4036316852241146,-0.9446997198722407,-0.19028772649454256,969.573220191902
Djibouti,Mortalidad_Alta,-0.806839746398595,-0.5968241088516386,-1.3101643883195642,1.3542265209317794,-0.8970433593364997,1.3670028353284112,-0.9261411436445253,-0.20697253090407197,898.464628136774
Djibouti,Mortalidad_Alta,-0.8603166389685036,-0.61594615035279,-1.3619024136202214,1.709479038577019,-1.0654317692851076,1.490084569024102,-0.9375071592847939,-0.19426578436232467,844.4483573908
Djibouti,Mortalidad_Alta,-0.8043551480244405,-0.5992524824798608,-1.4485102434106023,1.2565721266568963,-0.8002104049272456,1.4812085783035336,-0.922997962128838,-0.2104986540583716,806.261652944964
Djibouti,Mortalidad_Alta,-0.7648989489312751,-0.5871582455548977,-1.5044545738632789,0.9392882775968265,-0.6156794979204101,1.4704305834493345,-0.9148657974271228,-0.22174749958118145,764.634465224597
Djibouti,Mortalidad_Alta,-0.6998366323134856,-0.6307520626391702,-1.5611834963273277,0.7622897832739415,-0.6426273142157284,1.4905118625126133,1.0682099633370787,-0.28750669573501375,743.013270420348
Djibouti,Mortalidad_Alta,-0.7685986556074614,-0.592278493898099,-1.5747204809564832,0.9353565839717719,-0.5935922000475694,1.5374927729457684,-0.8925162259260353,-0.22323818692141323,742.133791107063
Djibouti,Mortalidad_Alta,-0.765325735851781,-0.5926706813076307,-1.6486427792785479,0.8680341737071253,-0.5335727890651064,1.595445337573548,-0.8928881841105378,-0.22551203785781632,737.612183644052
Djibouti,Mortalidad_Alta,-0.7961077353929927,-0.6021432501531573,-1.7551510749058847,1.013360726542976,-0.5693106028210537,1.7290733581594961,-0.9308864912383457,-0.21832837297462593,786.201866748458
Dominican Republic,Mortalidad_Media,-0.3720790634234049,-0.5098738028306542,0.17544292548288867,-0.3578411855778883,0.45588691329310693,-0.3352116286582801,1.055971611257512,0.04541869659212275,10104.2449349081
Dominican Republic,Mortalidad_Media,-0.3643221000552567,-0.5987943901754548,0.029987614982624144,-0.349741108042576,0.5522169755353651,-0.14480681630315936,1.0582211338223477,0.138997737656167,8527.0754858205
Dominican Republic,Mortalidad_Media,-0.3151409542681899,-0.627541055340262,0.03338282459450671,-0.3659828911376101,0.6246685572166156,-0.12415053752876332,1.081151571923555,0.16240559936395116,7135.22273255899
Dominican Republic,Mortalidad_Media,-0.3703961789129482,-0.59664827399458,-0.03052723262165661,-0.313812438511883,0.5091632095570594,-0.04965404739745449,1.0808409337412181,0.15241083421881918,8183.01623600375
Dominican Republic,Mortalidad_Media,-0.33827234466390776,-0.6231587145189273,0.019926754788542993,-0.3548168321105856,0.5895681013885977,-0.11465987142990536,1.0835728003514409,0.16475027586834814,7882.98221584944
Dominican Republic,Mortalidad_Media,-0.23641516063773999,-0.6595706758076874,0.05942389086961239,-0.3962727971805662,0.7385660412640188,-0.12187293170393318,1.108957492087028,0.18109709968713525,7412.71571571512
Dominican Republic,Mortalidad_Media,-0.23175719033647585,-0.6723039758066474,0.04230003836805712,-0.3956743206055736,0.7488515200104188,-0.09579088228561011,1.102777515361715,0.1953819825574763,7160.44200982307
Dominican Republic,Mortalidad_Media,-0.31523067555986173,-0.6392769381885799,0.013386710793687494,-0.3632272899548079,0.6280382929271756,-0.09617136096642817,1.0741491468198607,0.17688431479552674,6800.95309395474
Dominican Republic,Mortalidad_Media,-0.3594155251978186,-0.6167705081319379,0.006266556941793244,-0.34735001624244594,0.5629819942880819,-0.10809327397941626,1.0602921897781459,0.1607013844084197,6496.45166971142
Dominican Republic,Mortalidad_Media,-0.3761731600524455,-0.5996482950609976,-0.011828378662006485,-0.3286398407663973,0.5223563862232258,-0.08671138669846407,1.0576132199961592,0.14920534028701005,6136.59429329301
Dominican Republic,Mortalidad_Media,-0.2951597816872521,-0.6456401826719477,0.022433979479003774,-0.37162928975344206,0.6572859742326659,-0.09944813219903115,1.079072426903524,0.17903793711013805,6013.81965002603
Dominican Republic,Mortalidad_Media,-0.3236635927533993,-0.6409322918070912,0.0008842813524700018,-0.35924728886121404,0.6185979899113843,-0.08361077182935697,1.0627476185455307,0.18049172134673497,5826.51014109195
Dominican Republic,Mortalidad_Media,-0.35452552309020546,-0.6156583600787877,-0.026732959288179044,-0.332505578186974,0.5550236732556135,-0.05574831133720548,1.0490857891869503,0.16317280128958542,5478.62470398954
Dominican Republic,Mortalidad_Media,-0.37132545369600795,-0.590984187012181,-0.055094634687496084,-0.30595771635139013,0.5048590001320448,-0.018375238942063166,1.0395245500880483,0.14490542151356295,4973.95186999952
Dominican Republic,Mortalidad_Media,-0.48169710797196374,-0.4747448107694135,-0.09604877227149146,-0.22057509883526633,0.2714899504557621,0.0007712109406199374,1.0211653165324397,0.05091870674028978,5023.58513403515
Dominican Republic,Mortalidad_Media,-0.555727661301261,-0.4031053470430664,-0.08842440334855137,-0.1795986282170115,0.117361990491334,-0.035450461817877976,1.0061501193342794,-0.006704893585806976,4649.64558875814
Dominican Republic,Mortalidad_Media,-0.5495972186233895,-0.40512427953049385,-0.10668505252877428,-0.1740867321904957,0.12570600428140638,-0.0069979619350976074,1.0058637112062008,-0.004844185905861137,4055.14270347371
Dominican Republic,Mortalidad_Media,-0.5048002064433706,-0.4589346127418075,-0.07009099860040609,-0.22268453919610143,0.23530943428525775,-0.047204683102837264,1.0076103370652114,0.036055550192501784,3878.31206735244
Dominican Republic,Mortalidad_Media,-0.5030648479056077,-0.45968347071545784,-0.07360338967327412,-0.22237169569476278,0.2373505618373234,-0.04175192750659856,1.0012841364003902,0.036415991874322096,2451.69161616569
Dominican Republic,Mortalidad_Media,-0.5421892959695862,-0.41093888278830615,-0.11352909497221403,-0.17561102173135973,0.1396668088436207,0.005060988903225483,1.002101118410112,-0.000410201997112003,2383.26171780393
Dominican Republic,Mortalidad_Media,-0.6033644386695447,-0.3429042694953881,-0.13954185442592917,-0.12187228803709543,-0.003369404414373167,0.024953770533673203,0.998565494180824,-0.05253209594477454,3065.60329524196
Dominican Republic,Mortalidad_Media,-0.6023039939848358,-0.33790263537261567,-0.1649967136052847,-0.1096950164165455,-0.009199653002010422,0.062203892620312506,0.9909243419031486,-0.056278215060568404,2935.89367312668
Dominican Republic,Mortalidad_Media,-0.6628381718751691,-0.2712212554912093,-0.18695564441551352,-0.0589241923208807,-0.150548101787073,0.07616396257279767,0.9804559387476336,-0.10773228040089672,2831.45883638033
Dominican Republic,Mortalidad_Media,-0.606086678731523,-0.3738698400179553,-0.4112423566968663,-0.1357549552725132,-0.2652880694513432,0.21821302303958956,-0.8858916447271716,-0.20040341405546108,2109.16940728689
Ecuador,Mortalidad_Baja,-0.1825594154322035,-0.34739326777749285,0.47709096368482523,-0.4424746593380376,0.4506936054128522,-0.6495124170913629,1.1355835444028972,-0.08961058237047931,6515.58528418336
Ecuador,Mortalidad_Media,-0.24588877790940822,-0.40391054816067246,0.44763632675130793,-0.4249595648046547,0.48986290536204846,-0.6355621741078694,1.1150520719942723,-0.07965054574393027,6061.32350181711
Ecuador,Mortalidad_Media,-0.22605977041676265,-0.49719007274814603,0.3510676158245583,-0.42654277791899137,0.6270847678777969,-0.5014800791969264,1.168354235205361,-0.0010029003841520723,5463.64515348598
Ecuador,Mortalidad_Baja,-0.35630190112208393,-0.3836319372617468,0.4104361292837992,-0.37936276675093905,0.35359069074519955,-0.6284123918167567,1.1229305317716929,-0.08486399215858098,6205.05765246766
Ecuador,Mortalidad_Baja,-0.27926642608123364,-0.36717876458728105,0.4400798545154199,-0.40681905842727917,0.3969901456880167,-0.6388080701665704,1.142056481452103,-0.08792292691037717,6303.91886658338
Ecuador,Mortalidad_Baja,-0.25874066511906835,-0.3591081610833656,0.4483990319702724,-0.41386836230204405,0.401782230152847,-0.6416968233632718,1.1428839393260273,-0.08906805078274949,6233.32244797718
Ecuador,Mortalidad_Baja,-0.2701355398917584,-0.3763552470666316,0.44225146816699235,-0.41166484104956247,0.4209086430640755,-0.6380590426599082,1.135164915025809,-0.08583716185032259,5917.63771271481
Ecuador,Mortalidad_Baja,-0.25388232512378295,-0.34915811309259687,0.45133112894616534,-0.41446009253463667,0.3891963701358844,-0.6436615368005478,1.1476515401509628,-0.09097339691806888,5976.1596805651
Ecuador,Mortalidad_Baja,-0.579047591143523,-0.20390421651561022,0.34694621115863616,-0.27334096523194307,-0.1611372164402054,-0.637776889795312,1.1073446069700703,-0.14406634993718526,6405.79979300441
Ecuador,Mortalidad_Baja,-0.5780413254336604,-0.187868006238872,0.3490560885287182,-0.2718221032434809,-0.1878631191741346,-0.6402930919604584,1.110385349408709,-0.14780943927423834,6109.29031510341
Ecuador,Mortalidad_Baja,-0.6226567807570145,-0.1858234211240935,0.33240695201656545,-0.25510263125177807,-0.23314165502790055,-0.6365097305163576,1.0883446259395786,-0.152004551718047,5634.08393191094
Ecuador,Mortalidad_Media,-0.7073789266986441,-0.1852680387634178,0.2907693935776531,-0.22980951242973308,-0.30968844033706533,-0.6280471686981034,1.040132067196061,-0.16770424616603002,5153.6916424375
Ecuador,Mortalidad_Baja,-0.6835034912039251,-0.23525016125646955,0.30543818810452866,-0.23945504072546173,-0.20901442219169478,-0.6179306763254822,1.0167164036127982,-0.13436589155188516,4520.30959039763
Ecuador,Mortalidad_Media,-0.6394084404455198,-0.2730773657354159,0.3069824689956694,-0.25897924044113224,-0.10915600255398106,-0.6001911937923607,1.0184468572984122,-0.11335032142415546,4053.36331139298
Ecuador,Mortalidad_Media,-0.7231272637727594,-0.16027455232758117,0.2906801075629677,-0.21921430926278007,-0.3691881881215867,-0.6305021719916504,1.0306963864295524,-0.1726354830775207,4194.75750661981
Ecuador,Mortalidad_Media,-0.6665848597344267,-0.21848889016235626,0.3110369062217075,-0.24439262735320383,-0.21983924537294097,-0.6266951412765214,1.01859558282373,-0.15152542328164015,3478.92488770671
Ecuador,Mortalidad_Media,-0.6878432832674678,-0.24803007056632678,0.2992412858771377,-0.240792156899376,-0.18966490474785155,-0.6198883163033886,0.9836035592608734,-0.14793597224368155,3243.67010359339
Ecuador,Mortalidad_Media,-0.6368673046028196,-0.3075640876671158,0.25792517940638526,-0.25749964607927517,-0.06642018523686699,-0.5412312304841027,1.0129524519490438,-0.09142907431043035,2909.02606014388
Ecuador,Mortalidad_Media,-0.5930133179088539,-0.3445652086420466,0.2322065858634347,-0.2717569752154545,0.018833501998298585,-0.48664411881238795,1.03370778031315,-0.051505766915087015,2586.20914663347
Ecuador,Mortalidad_Media,-0.5844101971814375,-0.36767899810131055,0.2023713482836058,-0.2730771325422048,0.05296932802993892,-0.445719323188322,1.0355166177838684,-0.031374873253656455,2315.62215223014
Ecuador,Mortalidad_Media,-0.48082441214294225,-0.33478298122853,0.09562190558327911,-0.37128664013916235,-0.034399843734507995,-0.3114489450337806,-0.8919686342879576,-0.16896676640691588,2059.1585535974
Ecuador,Mortalidad_Media,-0.6033594558911158,-0.30185718195193656,0.027995116555119604,-0.319215397560462,-0.21994071359150694,-0.2732922903521823,-0.9535662435883379,-0.1759460158079711,1791.30359685037
Ecuador,Mortalidad_Media,-0.7343134372178043,-0.28968606853140305,0.005931822631469966,0.14806826365861958,-0.5159982609513147,-0.18063525846717243,1.1207786197238085,-0.175888122283003,1382.23421759909
Ecuador,Mortalidad_Media,-0.6306085230557822,-0.5091403236860942,-0.13443558534943767,0.8152365087738089,-1.069864176406401,0.13096503692750971,1.058248440616224,-0.2564669117147396,2108.00698245316
El Salvador,Mortalidad_Media,-0.19130931358689685,-0.44746513909920416,0.4587751985531377,-0.451764735709264,0.612187799841972,-0.6287340107788544,1.0840986129777703,-0.0674724896000149,5074.60210221806
El Salvador,Mortalidad_Media,-0.20515024408758092,-0.5203790888489949,0.33123578881852583,-0.43378482402928065,0.6747818329185181,-0.46844518253378875,1.162825103220712,0.01667991604198521,4642.60743101342
El Salvador,Mortalidad_Media,-0.09736313974932263,-0.36153730255268757,0.3424241169447776,-0.49322907865302895,0.598649281876927,-0.4971788848704414,-0.8810188537431367,-0.12058082518336105,3997.19279583709
El Salvador,Mortalidad_Media,-0.3398859205351441,-0.4419811430122398,0.3287915639143567,-0.3798024766113442,0.431514597865594,-0.5163345980419821,1.12611940282523,-0.02696060340827197,4320.11671534627
El Salvador,Mortalidad_Media,-0.32280436333420104,-0.46727934038678104,0.3053994449063801,-0.3852003418792529,0.4794440215440787,-0.48142068349157396,1.130122489538175,-0.009622551911537797,4183.54620971358
El Salvador,Mortalidad_Media,-0.24699906265244664,-0.4942070239090057,0.33505542964623714,-0.4174952314397128,0.5985195363439161,-0.48995692691243453,1.1524598603188616,-0.0009289527458064273,4020.12671373919
El Salvador,Mortalidad_Media,-0.16990802072684227,-0.4987786915557772,0.3968185760540411,-0.4542570686716407,0.6919448679958337,-0.5397632113948474,1.1268184835635535,-0.01665168926145494,3901.34014965811
El Salvador,Mortalidad_Media,-0.18455894765017083,-0.5020231709978137,0.3794209296827613,-0.44650618245743867,0.6791967866342657,-0.5228227666122005,1.141706825214587,-0.00895804872175765,3790.34089108162
El Salvador,Mortalidad_Media,-0.2515854393469713,-0.4890437198599515,0.33840439550632845,-0.4161717284459077,0.5872103317364176,-0.4962218363697911,1.1441368193202217,-0.0055300831546081786,3666.01248913873
El Salvador,Mortalidad_Media,-0.24845080819714188,-0.49574903096769074,0.3300151537400414,-0.41675399002553143,0.5976078225599412,-0.4841659572989021,1.1453991278876958,0.0008997240737164403,3582.26694005169
El Salvador,Mortalidad_Media,-0.2805828587377539,-0.46552127458700204,0.3507270561983071,-0.4055351676485885,0.5293771473559955,-0.5235368188167514,1.1397446189842404,-0.02343867634302324,3497.91256915509
El Salvador,Mortalidad_Media,-0.34747970397524114,-0.4568841671840863,0.2975291986875012,-0.37543623538473747,0.43844469518027207,-0.4818277319622287,1.108250734608396,-0.016352328140680383,3330.60049486653
El Salvador,Mortalidad_Media,-0.21736010124084443,-0.518773969314518,0.3196690455344878,-0.4285904041918597,0.6568359336890098,-0.45868977653551374,1.143673680662293,0.017558199688002596,3040.07300952878
El Salvador,Mortalidad_Media,-0.15500262745196247,-0.5789092629774449,0.2760436006188522,-0.45030593660062246,0.7900699322589312,-0.3779827340287563,1.1483698873668113,0.06619356488304373,2910.18651752011
El Salvador,Mortalidad_Media,-0.25381686740074305,-0.5389640840283821,0.24564977717626407,-0.4092291978975504,0.6301247424856034,-0.3782511353109714,1.1114143372605114,0.04773118240827015,2983.24829577976
El Salvador,Mortalidad_Media,-0.20760789430390555,-0.5756685785061301,0.2269819234049322,-0.42634016866718605,0.7212637614963412,-0.3360199658380031,1.115783712046137,0.07535645169045124,2830.65693770733
El Salvador,Mortalidad_Media,-0.16779140111483531,-0.6166184513690173,0.19492372157400142,-0.43983865583691806,0.808964684792887,-0.27904952768785096,1.1201416054304556,0.1091916905434129,2665.61807194853
El Salvador,Mortalidad_Media,-0.24056879112510554,-0.6315241647128121,0.09410190343789912,-0.4040508044236464,0.7330330120347764,-0.17850695158797936,1.078203948652246,0.14278570253813477,2447.39140845394
El Salvador,Mortalidad_Media,-0.27942999194656243,-0.6427022859707902,0.0365721698769991,-0.38263634536999963,0.6851966306407834,-0.11664548754230072,1.0557803221172597,0.16710934172514696,2285.68907438892
El Salvador,Mortalidad_Media,-0.30760367444722114,-0.6454273818363815,0.002440404208365712,-0.3688209381098058,0.6495148485940325,-0.08324476110858733,1.0336942345661293,0.1774428538526857,2207.83089518069
El Salvador,Mortalidad_Media,-0.2567737143163431,-0.6678747023426799,0.013474131045854366,-0.38909702157393433,0.726775999135452,-0.07574259507582093,1.0367404243830205,0.19000957499046545,2115.41187355626
El Salvador,Mortalidad_Media,-0.3258772234241179,-0.6310756397312101,-0.07205902706897374,-0.327948951012807,0.5919943084295511,0.019944242317098015,1.0036367790565544,0.17521891049809762,2058.04459070452
El Salvador,Mortalidad_Media,-0.376118184860875,-0.5759926659000109,-0.16004621931716104,-0.28612196417020797,0.48691805159563484,0.10951869159308547,1.0165666052084583,0.1355643369401039,1982.87093542615
El Salvador,Mortalidad_Alta,-0.5019225613853922,-0.44982224097607165,-0.4139587613271715,-0.20760384060483894,0.26231986511210936,0.3525309404245006,1.0422386767986804,0.042648426581561816,1548.3763038362
Estonia,Mortalidad_Baja,1.4552208890648093,0.5936666996223511,1.1144183641373135,-0.7927365279071458,0.9755863787346691,-0.916820283950478,1.1775310251527888,0.0711325469469046,28451.1477825175
Estonia,Mortalidad_Baja,1.488672103841972,0.5809720046848235,1.123244226357942,-0.802979170717198,1.045102642233645,-0.9171526579387047,1.1603212809138697,0.08307352284779357,27953.7670230126
Estonia,Mortalidad_Baja,1.5536535112321874,0.5671580815584035,1.1438001340321604,-0.8224795863784496,1.153582152192703,-0.9204862176771086,1.1761358551902934,0.10276429795569061,23933.9939421065
Estonia,Mortalidad_Baja,1.2707559350104625,0.51540817069951,1.0480507008428805,-0.7597511621489956,0.8344844545381583,-0.890941395325268,1.1619775789008027,0.028383797669053662,24021.2501413306
Estonia,Mortalidad_Baja,1.3713773597820558,0.719060216279026,1.0953798117217262,-0.747180959153918,0.6822355541585107,-0.9276146348683494,1.133076889245477,0.03356210921131106,23618.1361254581
Estonia,Mortalidad_Baja,1.2351433915871584,0.6724763586741792,1.0474870147961302,-0.7209078451323256,0.5606100899434149,-0.910225755862829,1.1257350496925682,0.00042930024029577685,20851.5223496861
Estonia,Mortalidad_Baja,1.214149031156588,0.6989674446274384,1.0420450787604632,-0.7102229432512809,0.4955445913689296,-0.9120937322965521,1.1092183353735383,-0.008137473923182426,18666.3736521706
Estonia,Mortalidad_Baja,1.075891154494573,0.4658735439010931,0.9812097238235373,-0.7192253806155211,0.634157043527693,-0.8686761631422452,1.1568702133433955,-0.021348210293693964,17722.1557669523
Estonia,Mortalidad_Baja,1.008569406359233,0.5478227436343676,0.9649333945111305,-0.6863950463129527,0.4240147003831949,-0.8748521438912578,1.1314732587483152,-0.04966608383610743,20581.7898991695
Estonia,Mortalidad_Baja,1.024860549197802,0.5997996714149105,0.9739620911113795,-0.6807839379592007,0.37208407760400775,-0.8834758433623763,1.1233939431521254,-0.051014161459620455,19310.3874900757
Estonia,Mortalidad_Baja,0.9510826654389065,0.4980394471869145,0.9428618807507749,-0.6811664957629693,0.4146723797912202,-0.8633894844523649,1.1396593798036845,-0.06044109781382312,17568.2137969714
Estonia,Mortalidad_Baja,0.9752001464814758,0.5903421511124249,0.9579327563821065,-0.6703460122923053,0.3132403175881686,-0.8785902520322624,1.136644154705478,-0.0647191886113786,17555.5455239426
Estonia,Mortalidad_Baja,1.0061838124493296,0.5811492667255286,0.9652403906397014,-0.678693357955337,0.37833817292393923,-0.8787992104697753,1.0997906504964112,-0.05305206378078081,14663.7041018705
Estonia,Mortalidad_Media,0.8900166319521526,0.3083306807864356,0.9064928234351148,-0.699427255396642,0.614063692194461,-0.8305182526895368,1.1127375920913887,-0.05349463679803357,14712.4494217916
Estonia,Mortalidad_Media,0.9243903211779575,0.5015111503503015,0.9321741840186915,-0.6722676072970456,0.38198542211180775,-0.8607935232980122,1.0929881918475757,-0.06648675752087918,18205.9064113446
Estonia,Mortalidad_Media,0.8128533072850616,0.6182241161167032,0.905045503776988,-0.6222155138122065,0.056142367684329675,-0.8688618419784386,1.0778041256465831,-0.11224616002074889,16745.4308011148
Estonia,Mortalidad_Media,0.685066957912417,0.40758685357142294,0.8469138167884165,-0.6282272204817029,0.18675661058700732,-0.8284243996085766,1.077239721541821,-0.12307934312282026,12641.4800976473
Estonia,Mortalidad_Media,0.607114007103466,0.3232730360399638,0.8139266545405015,-0.6231437478651061,0.20594079586690084,-0.8096935064342398,1.0553636115323952,-0.1341697670857122,10414.6381183565
Estonia,Mortalidad_Media,0.6033776659382265,0.29119981084023056,0.8097541544954654,-0.6278142715365344,0.24950858573367984,-0.8045805701573443,1.0481119779077528,-0.13098148059226333,8916.0728274602
Estonia,Mortalidad_Media,0.5571181385423389,0.21519451319314856,0.7885565434791162,-0.629837085124041,0.29715292458428333,-0.7899016569516113,1.044531778775841,-0.13478461914455886,7205.40703313243
Estonia,Mortalidad_Media,0.5326087007545532,0.13953916450689463,0.7748030005552522,-0.6375799812623011,0.3731055187811123,-0.7771320362176557,1.049367749619377,-0.132746203396989,5343.18310760735
Estonia,Mortalidad_Media,0.5412194806128572,0.16856531758668702,0.7785934953702338,-0.6336387660788851,0.34799384031912095,-0.7814298893569482,1.0235527916085596,-0.1326995022266233,4502.66614992392
Estonia,Mortalidad_Media,0.5178457272885083,0.10835305931158971,0.7667893153186862,-0.639060457767983,0.40139428735427674,-0.7711385094097808,1.0348622354640655,-0.13251853455551654,4070.60902410208
Estonia,Mortalidad_Media,0.14658478633654728,0.11967729809149111,0.637739687593804,-0.5280333482045391,-0.06945395369364166,-0.7405915718427462,0.8869333696343124,-0.2157040622365713,3134.38975345407
Eswatini,Mortalidad_Alta,-0.6321738482023181,-0.3570093508477174,-0.7653531178481325,-0.2960059653611833,-0.0237092091736531,0.5357336911228363,-0.9536554464182909,-0.19004051739392103,3889.65276959161
Eswatini,Mortalidad_Alta,-0.6560423092013289,-0.3454707586109877,-1.0366958021105221,-0.3819039099887467,0.14231802581612862,0.7806944335893977,-0.9712572612461619,-0.1763021293132901,3966.29863253832
Eswatini,Mortalidad_Alta,-0.6524952847007957,-0.34220573110330005,-0.9796891997153421,-0.37821293501724235,0.12246584695920015,0.7265605313054007,-0.9776775380951694,-0.17599059896117425,3454.784217446
Eswatini,Mortalidad_Alta,-0.644258119856572,-0.36904734238304254,-0.9802148820306877,-0.3205332801276999,0.05688657630519767,0.7385752117195317,-0.9496988261915407,-0.1923120906352438,3913.12643969301
Eswatini,Mortalidad_Alta,-0.6486188531752979,-0.38267697888406466,-1.0773767374194214,-0.3031177212122128,0.06801775777883806,0.8344821594957104,-0.9244911075099103,-0.19649011161042695,3973.46344933667
Eswatini,Mortalidad_Alta,-0.6512182906956527,-0.41509060752756316,-1.198388903598664,-0.23255855139945347,0.03704909599305073,0.9606112586251143,-0.8677686187455034,-0.2076241052971426,3853.99147918102
Eswatini,Mortalidad_Alta,-0.671709934926752,-0.3186073616518302,-1.1543105627460253,-0.09466818285477213,0.030161224034353507,1.0926921183406526,1.1417946156156835,-0.07092183963696952,3239.80707501414
Eswatini,Mortalidad_Alta,-0.6579416175976578,-0.433895951125773,-1.3510474342918395,-0.2174146008705708,0.06446975544672806,1.1091943981332772,-0.8476857666387494,-0.21317663272356396,3420.75357067279
Eswatini,Mortalidad_Alta,-0.6558156291426918,-0.48416416438488846,-1.4919202679145918,-0.11421547441782054,0.003088550230932241,1.2568644026926277,-0.8327588116430569,-0.23090792669510157,3771.90796458406
Eswatini,Mortalidad_Alta,-0.6549617435298287,-0.501417344603376,-1.5411807159522737,-0.08026584532844916,-0.016772828394113704,1.3080881064116707,-0.8323426435455314,-0.23698082525956427,3951.12008139006
Eswatini,Mortalidad_Alta,-0.6486888529915182,-0.5501619887351694,-1.6189348429986323,0.03502317092922208,-0.10679122691129808,1.3966754640705799,-0.8209984274923099,-0.25481438421881364,4347.99569336631
Eswatini,Mortalidad_Alta,-0.6648202793371317,-0.5178435161433798,-1.7284285412874618,-0.0801384904856361,0.03461472840029761,1.4880969074147423,-0.8087071903837406,-0.24124698309818604,4312.34243414155
Eswatini,Mortalidad_Alta,-0.6608225968795918,-0.557765992979734,-1.8179100406165998,0.0030031362566301234,-0.022999934623945673,1.5834563868993947,-0.8157893227265636,-0.2555612892288961,3992.95199562618
Eswatini,Mortalidad_Alta,-0.7100229485954448,-0.43334502525954327,-1.8185405066447793,0.07025953560200948,0.05890798688020149,1.7235708899909696,1.1294601508687125,-0.13439367047099027,3239.7578007877
Eswatini,Mortalidad_Alta,-0.6904862771546184,-0.5783479689635697,-2.036903919871043,0.11233649194018058,-0.012590557604917008,1.8169303563495662,-0.8528564702741295,-0.25359920774004824,2999.82816920508
Eswatini,Mortalidad_Alta,-0.6967255880118144,-0.5833673397570268,-2.02975128952461,0.1752272448494182,-0.05232251655287096,1.8224583114162793,-0.8239394497767012,-0.25320446095663196,3180.86121498525
Eswatini,Mortalidad_Alta,-0.6984719260761457,-0.5864543210798804,-2.0529122197404006,0.1831854227161981,-0.05165777054795084,1.8462905947171377,-0.8046638896035294,-0.2540977760457044,3035.06156119205
Eswatini,Mortalidad_Alta,-0.7188987665985359,-0.5988311827349095,-2.2464944602820984,0.22302840444435212,-0.009756304737181198,2.0421638495934955,-0.7961683913704609,-0.253299115498723,2945.36394872311
Eswatini,Mortalidad_Alta,-0.7098623705654802,-0.5940106550123686,-2.259392024188667,0.1411484332674332,0.04033836827798376,2.038174790808095,-0.8144976651388522,-0.2549744552503457,2581.24172793045
Eswatini,Mortalidad_Alta,-0.732679644441342,-0.6039256919259971,-2.232706008381019,0.3338114662329382,-0.07335517128421698,2.0513988590946974,-0.7916729735726244,-0.24981333340646938,2060.18418135789
Eswatini,Mortalidad_Alta,-0.7358138321962295,-0.604163761585655,-2.1636367143047375,0.3998478315469264,-0.13191494495259368,1.997812732364537,-0.7856468030024164,-0.2479237650398684,1351.86550182919
Eswatini,Mortalidad_Alta,-0.7239765681920372,-0.5980975060402876,-2.1063931474920556,0.34424372944988557,-0.12074067116897053,1.9309667945927973,-0.791403709551852,-0.2494495486316613,1467.5389023828
Eswatini,Mortalidad_Alta,-0.7476821772207526,-0.48451498059046677,-1.9677021208334997,0.232290678856925,-0.031608240097792895,1.8388215676758424,1.11339630010123,-0.20366761333307426,1668.9749133064
Eswatini,Mortalidad_Alta,-0.6772600478020263,-0.575576149408863,-1.3344078285778191,0.5034316804118469,-0.47611938344150884,1.2129706330205616,-0.6837119243277352,-0.2503644582003981,1750.75400773784
Ethiopia,Mortalidad_Media,-0.8342615489815041,-0.5812261896748316,-0.20836549959819914,2.192224502107832,-1.7014343512515904,0.46965620905966465,-0.9412651375466679,-0.1774437268918294,1011.07332413462
Ethiopia,Mortalidad_Alta,-0.6988360530028269,-0.7385659571762088,-0.3729363875789919,2.0098272883387223,-1.841464194209863,0.5641065063045425,1.048714330753764,-0.30321193715457717,910.947887074508
Ethiopia,Mortalidad_Alta,-0.8257270384625928,-0.579920246344604,-0.3105673878730243,2.068016439413639,-1.6014585822071017,0.5434633437035932,-0.9458317315984306,-0.1813986119231199,905.313159254148
Ethiopia,Mortalidad_Alta,-0.8080105795580418,-0.5775846069543317,-0.35465037199690935,1.9264415814440399,-1.5166442358233394,0.5568362545810546,-0.9157780266609319,-0.18800953841205853,828.709080522921
Ethiopia,Mortalidad_Alta,-0.793874824663136,-0.5763967672991558,-0.4029627544750896,1.8075401065376224,-1.4420502290982076,0.5789855021222039,-0.8879527297811574,-0.19371937630698177,747.968003672674
Ethiopia,Mortalidad_Alta,-0.8206210288497063,-0.585817814968758,-0.4545370176852051,1.9670605286714176,-1.5071818054830426,0.6618589464878277,-0.9005216165194079,-0.18757107977618348,745.632433925343
Ethiopia,Mortalidad_Alta,-0.8369053336985042,-0.5909940776263867,-0.517973221545633,2.039843811203104,-1.5215957586511486,0.7385912564644597,-0.9205116551775216,-0.18391779152722848,696.196084806324
Ethiopia,Mortalidad_Alta,-0.6986224740151783,-0.744922037560924,-0.6685324486958355,1.8354607179630211,-1.6516877132599532,0.8152327815343656,1.0489608583429992,-0.3091958415670676,621.845673808133
Ethiopia,Mortalidad_Alta,-0.8734638467210509,-0.6027480789572894,-0.6901729584953018,2.1835320013783495,-1.5329646458770045,0.9357926836768817,-0.9704305280853214,-0.17608727000851387,549.986577082588
Ethiopia,Mortalidad_Alta,-0.9057241057262305,-0.615068452650825,-0.7590876979825041,2.375639751989497,-1.610309840283434,1.0420869124860548,-0.9776058600287765,-0.1691627041186738,484.039833104062
Ethiopia,Mortalidad_Alta,-0.945313436676408,-0.6300264243749351,-0.816887080224014,2.628923148119867,-1.7239362816612354,1.1500833976643774,-0.9822902870702737,-0.16031302417014243,452.101031885754
Ethiopia,Mortalidad_Alta,-0.9137555200010604,-0.6216642529344634,-0.9449267350779549,2.324219239644159,-1.5211995424103932,1.2119269946084081,-0.9806504799487377,-0.1707608080461045,343.024942351887
Ethiopia,Mortalidad_Alta,-0.7796808073398535,-0.7862023256528561,-1.137121125576219,2.162838466729088,-1.6719390241459764,1.336639468947029,1.0694923796760576,-0.29943737290350825,330.619412798644
Ethiopia,Mortalidad_Alta,-0.9856449157874191,-0.6494476357285963,-1.089461655286045,2.7599428939311164,-1.7013230295940671,1.4415162268164499,-0.9914823700968125,-0.15537956324273422,368.574712267445
Ethiopia,Mortalidad_Alta,-0.9928591428234231,-0.6550758468400164,-1.1799208141771114,2.7645662557655983,-1.6753452219607357,1.530087474307473,-0.9808266682558031,-0.15588213056527256,316.410475118075
Ethiopia,Mortalidad_Alta,-0.9736113250900635,-0.6513262629039426,-1.315283017465318,2.5457083088164385,-1.5154800955045475,1.61660279396205,-0.9787513309250446,-0.16344944458746952,237.146255996319
Ethiopia,Mortalidad_Alta,-0.9888102276052871,-0.6601333668892972,-1.4246391385778503,2.5972036750129748,-1.5078086857152382,1.7331173349953535,-0.9689899811502767,-0.16231438570033097,189.345737521418
Ethiopia,Mortalidad_Alta,-0.9846143372206121,-0.6628263932307934,-1.5504489959804812,2.499512935643545,-1.4167615052297968,1.8349931947999563,-0.9545395522959814,-0.16651842532826616,158.243458082465
Ethiopia,Mortalidad_Alta,-0.8174288899987318,-0.812636786106798,-1.6864112524950137,2.1217758640380477,-1.4697604256075905,1.8610818695380649,1.0793890164289015,-0.30153847291841973,133.169812538096
Ethiopia,Mortalidad_Alta,-0.9516696769890869,-0.6598809769247223,-1.8095750835832576,2.121711976490994,-1.1364918213743151,2.008645825552583,-0.9226787703029713,-0.18128567358346875,116.800491132777
Ethiopia,Mortalidad_Alta,-0.9801990174415434,-0.6722979481380106,-1.8931373451349733,2.282975919799986,-1.1943347645136826,2.122685255405539,-0.9188798974492738,-0.17606838372302952,109.593813612988
Ethiopia,Mortalidad_Alta,-1.036453770753666,-0.6930302312944172,-1.9460569641743797,2.6604635318382828,-1.3748950068296275,2.2513837080574906,-0.9244459189060228,-0.1629570885417635,118.457204255261
Ethiopia,Mortalidad_Alta,-1.0711261634316591,-0.7067940913681028,-2.0184312840000382,2.8704218564177566,-1.4612246873007546,2.36461926157774,-0.9266587083155422,-0.15572667310728622,122.269202606069
Ethiopia,Mortalidad_Alta,-1.049391785884671,-0.918527684951388,-2.4653663519043123,3.387124002025473,-1.8869194340306579,2.8751171081117555,1.1375744510354677,-0.2623321179542519,136.523619088963
Fiji,Mortalidad_Media,-0.5061554019948363,-0.3503048849797592,-0.03395052654968447,-0.3407945262099153,-0.020098447568889177,-0.168454009760626,-1.2316952292715377,-0.10631062852747963,5405.03006162671
Fiji,Mortalidad_Alta,-0.5845147111316034,-0.38421904637418136,-0.24201044462632235,-0.1085915891824733,-0.35369465229505265,0.05350776673883684,-1.0679127903549948,-0.2060989108878381,4696.17103944634
Fiji,Mortalidad_Media,-0.5810969658281229,-0.3516044163047819,-0.11330165096825981,-0.17978322299132338,-0.32494975714909086,-0.08033912878612517,-1.1330211812326885,-0.19496655666824975,4844.42127154524
Fiji,Mortalidad_Media,-0.7091236471340084,-0.22924831512313554,-0.17054291349846207,-0.034857600918431875,-0.24370953008745677,0.03964008306491462,1.0160470760472156,-0.13879510837554376,5950.82866866702
Fiji,Mortalidad_Media,-0.5163330596443159,-0.3634590785288715,-0.03177025144967727,-0.34462809041796966,-0.041698256135646705,-0.16872017878285542,-1.1073142025289344,-0.11316841220435198,6085.41979485376
Fiji,Mortalidad_Media,-0.5014531567564723,-0.3574429526454906,-0.006929542437431913,-0.3507231465860982,-0.024549096270269077,-0.19506075977903803,-1.0918410674353256,-0.1200101886443301,5826.84814459328
Fiji,Mortalidad_Alta,-0.5744413765698424,-0.29891388886430786,0.014093968849537942,-0.3258506251070268,-0.17739779779504075,-0.2520170620868231,-1.1696024411791008,-0.16734398102702502,5363.79026679243
Fiji,Mortalidad_Alta,-0.4685214031413997,-0.39047763768625465,-0.027229114184875662,-0.3615521665971895,0.049618405596078774,-0.15528380593278374,-1.0568538548736612,-0.09252946433615877,5097.53106864695
Fiji,Mortalidad_Alta,-0.4919928396707782,-0.3547668049286673,0.004004851789110898,-0.35377888288752657,-0.011251362263141163,-0.20606915570200346,-1.0939055039318775,-0.12154856553924243,5293.35676680464
Fiji,Mortalidad_Alta,-0.6187438516726274,-0.34564807437697825,-0.05309219438310462,-0.15980777104097527,-0.018648259456379934,-0.10710888690745177,0.9530061993031966,-0.05392181913009153,4572.44377544245
Fiji,Mortalidad_Alta,-0.46137884568964505,-0.39556551807036927,-0.04338809893320303,-0.3680442954178872,0.08244976281116145,-0.14166969794889542,-1.1092456024213602,-0.07908241407933775,4341.40338748749
Fiji,Mortalidad_Media,-0.28144404010877344,-0.40866314790670316,0.08114068070305126,-0.41981765362228707,0.36432211383483604,-0.23094506867810138,-1.066164787319949,-0.06203384694709252,4139.60288609702
Fiji,Mortalidad_Alta,-0.3006228038956086,-0.4487105850142162,0.015241651956151667,-0.4171593880111424,0.3614417126426782,-0.15140823213792812,-1.0115556621536845,-0.03424593126121206,3449.14452883369
Fiji,Mortalidad_Alta,-0.2991718659563978,-0.4279955653575134,0.03203116984939654,-0.4119188531840843,0.3532739703326315,-0.17409085740532915,-1.083438551538741,-0.04283807068324241,3164.13275408169
Fiji,Mortalidad_Alta,-0.4029752708629617,-0.5787337776846747,-0.001284605507696445,-0.32415621244122816,0.483413138939369,-0.11690880058778066,1.0356276128808026,0.128390901932452,3899.92231512129
Fiji,Mortalidad_Alta,-0.3637008622703764,-0.48812673784174393,-0.08775189162938152,-0.43869716837685224,0.3449376468349493,-0.07708818425753725,-0.976082378947605,-0.0042431261176817114,3762.74692789299
Fiji,Mortalidad_Alta,-0.4864030801017961,-0.4272211378756029,-0.1178319861984699,-0.3857202831202526,0.09418956529735512,-0.07488417687490864,-1.0065299250996167,-0.06506376940417091,3455.10599907349
Fiji,Mortalidad_Alta,-0.4723995971494275,-0.4429476112693762,-0.1197104487071286,-0.3975883884728773,0.13573108664940525,-0.07238454856233534,-1.007214956053461,-0.048962269150020166,3377.69126953493
Fiji,Mortalidad_Alta,-0.5970258951376521,-0.3153557953865137,-0.15279258101528792,-0.2626169974049761,-0.22426494557371998,-0.04901051010635182,-1.0282512689811032,-0.18071493812322453,3097.19096651759
Fiji,Mortalidad_Alta,-0.5919991029129992,-0.3117361296716374,-0.11133007101630193,-0.2811272502565757,-0.2246720221404026,-0.09342582331769278,-1.1048153134744272,-0.17973215186346891,2655.58079586044
Fiji,Mortalidad_Alta,-0.711247620807615,-0.22696368842052073,-0.16095138214570004,-0.037258418070048704,-0.269164896404309,0.02302095045269631,0.9019167734370368,-0.14848339992491416,2136.56794118683
Fiji,Mortalidad_Alta,-0.5945735164073247,-0.3106416978640035,-0.12181399698273566,-0.27670805349217237,-0.22236039599789342,-0.08156314476277987,-1.0652704181599182,-0.1792234377214364,1944.997414609
Fiji,Mortalidad_Alta,-0.5863957946573919,-0.36145695964015356,-0.14711409971593825,-0.12675622673943848,-0.35422358294618767,-0.0371724605097582,-0.9973322027722011,-0.19845777661547714,1995.72071163264
Fiji,Mortalidad_Alta,-0.5685080276397253,-0.4871072860354157,-0.10737199120247075,0.3244140953344048,-0.7553983089115479,-0.011129866895431273,-0.9091396826366107,-0.2426277308186463,2466.74347815903
Finland,Mortalidad_Baja,1.8579108350110265,1.5020802490308727,1.241606464195688,-0.8972030837082348,0.8998097681943135,-0.9501962288000179,1.2339659415779303,0.2082109077020934,50440.560224974
Finland,Mortalidad_Baja,1.9352924024969769,1.6080357022245866,1.262425499699539,-0.9239948912288858,0.9659099589212142,-0.9506223122465501,1.2327723597167914,0.239110805301055,53099.1351400148
Finland,Mortalidad_Baja,1.8964451368180806,1.5155354446550193,1.2533918731861318,-0.9085331931844263,0.9501769277109228,-0.9521076745782754,1.2373050382134383,0.22067632941112336,48828.6846862799
Finland,Mortalidad_Baja,1.8495742025075177,1.551893019885114,1.2365446137457432,-0.8977719181205538,0.8692947030785926,-0.9469212346460459,1.2210911138662814,0.21017873161455558,48358.1807773701
Finland,Mortalidad_Baja,1.8006601831252018,1.5548119457879355,1.2201111222157255,-0.8848100357445718,0.8011510363961462,-0.9429127494229059,1.2063759466396975,0.19676084139579178,49654.2497035329
Finland,Mortalidad_Baja,1.794631987295788,1.530015297161187,1.2189836972698074,-0.8819302983411653,0.8039808246818788,-0.9434970405797364,1.2069712244745106,0.19324893863328219,46085.0174739036
Finland,Mortalidad_Baja,1.7916656993215727,1.5117898919413428,1.217440948602861,-0.8808407407239944,0.8155293013319366,-0.9428949052996912,1.1942848252352356,0.19254519644422777,43451.2562442158
Finland,Mortalidad_Baja,1.7952473464994108,1.4424054169231602,1.2203167023863206,-0.878684011006903,0.8563346301610458,-0.9453935184239527,1.1930120200312613,0.18939076441209474,42560.3456767103
Finland,Mortalidad_Baja,1.879976202981578,1.5949390756022501,1.2427586321092794,-0.9093802825966666,0.9065181455423353,-0.9452007540535535,1.1989082243022637,0.22476237181350475,50073.7760815871
Finland,Mortalidad_Baja,1.8682435607549133,1.5739212373045004,1.239993262558021,-0.9049525123706086,0.8973752916784629,-0.9455530772273627,1.2019801219063968,0.21944951152006884,49691.0145200739
Finland,Mortalidad_Baja,1.8360747698282258,1.5712935736637845,1.2286802729801247,-0.896548363558902,0.8587338999487776,-0.9424747272847727,1.185214441054278,0.21110465882661636,47551.6740841369
Finland,Mortalidad_Baja,1.7475394490414653,1.6319151433870427,1.1996839888082762,-0.874471225262786,0.6937862376098308,-0.9354461910141593,1.1839741198204785,0.18757900963119772,51060.3242589767
Finland,Mortalidad_Baja,1.7514893728219143,1.726692861886193,1.1977277881913804,-0.8803041981899737,0.6562128618331949,-0.9318001550439763,1.1772800248518203,0.19554933662492116,46506.2919016566
Finland,Mortalidad_Baja,1.8052174985569418,1.601812571547158,1.2186019773206445,-0.8891410276615515,0.794800341479604,-0.9399688741334145,1.1879730451501835,0.20315560216797354,47478.3495310999
Finland,Mortalidad_Baja,1.760591001467158,1.826422669065429,1.2012500262540153,-0.8856946787090194,0.5990401576742219,-0.932105884637676,1.2159791058048843,0.20051468021031002,53769.4726240385
Finland,Mortalidad_Baja,1.7210710763795363,1.9441725735422704,1.1864854528391713,-0.8797161961968157,0.47614840794319313,-0.9264317690115467,1.2226918975254195,0.19498377349414783,48473.0240091455
Finland,Mortalidad_Baja,1.7602158568191004,2.0053272580476205,1.1960305123383768,-0.8940325716895907,0.510664696345654,-0.925639363612447,1.2132854662300931,0.21204880494039083,41214.0187765069
Finland,Mortalidad_Baja,1.736056447013414,1.8006572385712734,1.1940831785165573,-0.8777502932245216,0.576367179464277,-0.9313617884294717,1.2123786801259013,0.19164588910701527,39049.8703780223
Finland,Mortalidad_Baja,1.763948991798099,1.9689348032049305,1.1971415160684402,-0.8939345851170848,0.5409112083810196,-0.9261272505802791,1.201710869046822,0.21215271297693372,37768.1334202029
Finland,Mortalidad_Baja,1.764390718036112,1.9834339524684539,1.197734011088598,-0.894284362564707,0.5290686671106202,-0.9264592420971753,1.2112993635744171,0.2121712389699401,32920.0857192568
Finland,Mortalidad_Baja,1.399118915191128,2.1378202931297903,0.9264130961868677,-0.8801342270557917,0.8540964367002871,-0.7535649182116423,-0.5325299037084308,0.2974897095777429,26989.389260959
Finland,Mortalidad_Baja,1.3288228411798095,2.0197667689845638,0.9075498496410284,-0.855068707853632,0.8083012300809654,-0.7534170883178457,-0.5375684353389534,0.2686987354652156,24965.202996776
Finland,Mortalidad_Baja,1.5598471343968179,1.71408287542217,1.1437366136252203,-0.8232646757873834,0.34076685336153334,-0.9262249513924266,1.229389822789393,0.12955511364196431,24335.9225082659
Finland,Mortalidad_Baja,1.1902712809758798,1.1913981173584625,1.038326648167452,-0.6979246630613787,0.07329196073520033,-0.9186326006392004,1.162627747253795,-0.0112257351879117,26246.2743214462
France,Mortalidad_Baja,1.5680919910774964,0.3280892364571203,1.1238075071304652,-0.8664705700482227,1.5481960741189176,-0.8845359675155908,1.074067255547909,0.14081008250262478,41082.8119320747
France,Mortalidad_Baja,1.735261936136654,0.47430357670315965,1.1909591459545157,-0.8831927207453618,1.5613243311050473,-0.9193304837617852,1.1057190331622926,0.16951989033640485,43725.0999521245
France,Mortalidad_Baja,1.7518939934761055,0.45495990011612764,1.1939744509162384,-0.8904206982581016,1.6166175490696526,-0.9174445576365668,1.0903081247753665,0.17736114812328113,39169.8606000707
France,Mortalidad_Baja,1.5307420916215901,0.3813900414207773,1.1181914513562066,-0.8485633172197206,1.4084546345828195,-0.8903210029463472,1.1140283317440132,0.12175218353794752,40408.2848574751
France,Mortalidad_Baja,1.4713905727428078,0.355802631667127,1.0968705460331616,-0.8380658588109721,1.3633808308169728,-0.8819641316093845,1.110306215223556,0.10799137165429343,41418.1766484844
France,Mortalidad_Baja,1.577972697329652,0.4134471930406305,1.1357660077808982,-0.8545709779096695,1.4285068669873602,-0.8985221070521642,1.1103718997164422,0.13155680745827272,38687.1626407164
France,Mortalidad_Baja,1.578263876808541,0.4100644993900244,1.1352333259692038,-0.8550419427022071,1.4353726355788896,-0.8978982275610723,1.1035261946860344,0.13235835467536156,37024.2157133669
France,Mortalidad_Baja,1.6009551104369524,0.44501466022754815,1.145621099318814,-0.8545869186317316,1.4146917307628222,-0.9048380577700214,1.1087634785315685,0.13435703179234304,36702.4323733379
France,Mortalidad_Baja,1.5932689685961838,0.42892236225137453,1.1420244998238893,-0.855683730286978,1.4268518550675724,-0.9019860724262494,1.1121803587204682,0.13397403809112396,43148.0459288416
France,Mortalidad_Baja,1.602971341930368,0.4668393317153497,1.1473267310933748,-0.8506726609310882,1.3883334480507719,-0.9078535062119282,1.0949339716551558,0.13286374707843154,42669.1795111893
France,Mortalidad_Baja,1.5441506137452299,0.43399761429019107,1.125707647618243,-0.8417077114276446,1.3542001624536537,-0.8985351914233615,1.0935363023120646,0.12004493190305171,40863.5814412333
France,Mortalidad_Baja,1.5667020286947069,0.4533011317446961,1.1347624718748983,-0.8440591569607492,1.3564658379327037,-0.9031810309248964,1.0983920147844815,0.12394383213977507,43929.7840873812
France,Mortalidad_Baja,1.577045164300847,0.4622894889424232,1.1380075527226423,-0.8445389403150585,1.3611438562563616,-0.9049282015101591,1.0827467526593024,0.12650372321393097,40694.8211697025
France,Mortalidad_Baja,1.6605091982267828,0.49098896770018174,1.166973919025407,-0.860363510584164,1.437043911533391,-0.9154343923098316,1.0796934801733367,0.1471160127234889,41728.0884164132
France,Mortalidad_Baja,1.6524678936729118,0.5548360667470367,1.1699175133101538,-0.8468967342041005,1.3301558693672177,-0.9242527046417229,1.0864889016181294,0.13665405491414837,45464.8181385158
France,Mortalidad_Baja,1.6479162685154258,0.5724219738829751,1.170325829033443,-0.842812410746347,1.2959714340896027,-0.9266549626903829,1.0951251836634992,0.13280199129964598,41486.1907828787
France,Mortalidad_Baja,1.5613866162921766,0.5483763474407916,1.1397959431507945,-0.8247641072925394,1.212889961454228,-0.9161703601549552,1.079572022550263,0.11155645003147985,36431.5658906555
France,Mortalidad_Baja,1.4955973361862422,0.5355302128109801,1.1170895613538816,-0.8100908854785178,1.141438456030286,-0.9090176478020857,1.0690127865871486,0.09467913461612709,34696.3718316971
France,Mortalidad_Baja,1.3574958417401073,0.47301125660659904,1.0674375234000981,-0.7863337306588634,1.0401175863264318,-0.8892269172282701,1.0642418166252348,0.0628548713081867,33644.9282220364
France,Mortalidad_Baja,1.3956604715030774,0.4957112832341831,1.0812956285895208,-0.7917205845980337,1.0613905235631438,-0.8953515182472496,1.0596674519633102,0.07124279185636212,29479.5222101175
France,Mortalidad_Baja,1.366701411072663,0.4864619279754131,1.0719562294276963,-0.7865091161672374,1.0312824718956888,-0.8920960064288473,1.0734379113732868,0.06344335579751084,24144.5727019529
France,Mortalidad_Baja,1.3266952481882286,0.48487446212603025,1.0590960854036915,-0.7767277584545309,0.9768093368056469,-0.8888457093743305,1.0756322925587096,0.052035148825779115,22331.7948343036
France,Mortalidad_Baja,1.314489322073817,0.4798321072172303,1.0552174880180611,-0.7748339269436487,0.9651760885820405,-0.8873733442051525,1.0843655155177945,0.0487592101424264,22340.5939516217
France,Mortalidad_Baja,1.3474458807095155,0.882171405767517,0.936138665108333,-0.8116887928366215,1.4546466524459438,-0.7862628058777559,-0.62857451337867,0.21212272132780385,26791.8151982369
Gabon,Mortalidad_Media,-0.5539704608563287,-0.46570141247938324,0.0016605617673571878,0.22434495971770085,-0.7237303728597162,-0.13438832926164235,-0.9010040463546103,-0.24007682358233096,8409.20741452279
Gabon,Mortalidad_Media,-0.5671395243622885,-0.4119490859591249,-0.047778300538688034,0.03992318103135517,-0.5411295169704022,-0.1121374919277636,-0.9922895751876033,-0.21888770044012207,8181.40914134398
Gabon,Mortalidad_Media,-0.5833011622661606,-0.33762791613509757,-0.08194542899265261,-0.20361776261555187,-0.3079253208872632,-0.11245499667095596,-1.1102764448978268,-0.18996831651025586,6605.80346077904
Gabon,Mortalidad_Media,-0.5731020982378974,-0.376613861220188,-0.04627657746672318,-0.07422249031716832,-0.4377001503213931,-0.1294804755099417,-1.0606680737308898,-0.20532404609093446,7441.1786472281
Gabon,Mortalidad_Media,-0.576196398816257,-0.37344992798015614,-0.08367977401186591,-0.09497130418602401,-0.4084973624142472,-0.09640375811674273,-1.0679555677164445,-0.20369953293218046,7624.2775233771
Gabon,Mortalidad_Alta,-0.73306975844684,-0.23668300823002236,-0.023646282354873385,-0.07942930129954012,-0.31470333616104307,-0.18319834034109175,0.8033210154622388,-0.1549290826208582,6921.73373135624
Gabon,Mortalidad_Alta,-0.5763218683815942,-0.3618353363290012,-0.08691144515395513,-0.14716524039823925,-0.3644169218888054,-0.1020228399194901,-1.1430133222375345,-0.19916750348583778,6677.07003901644
Gabon,Mortalidad_Alta,-0.5714961923199098,-0.3939029561167957,-0.1069841580976869,-0.053330016107931755,-0.44566206592802116,-0.07013278827222713,-1.098889286929981,-0.21126158818518964,7047.12654634355
Gabon,Mortalidad_Alta,-0.5546467709984368,-0.4699039256712342,-0.08976281828375572,0.18051025030658663,-0.6683698109923605,-0.056038153352632514,-1.02577845502132,-0.24049155130173955,9201.36276648105
Gabon,Mortalidad_Alta,-0.5653925888201974,-0.4731633149494823,-0.08331155927144833,0.2607786371900601,-0.7121556823506129,-0.04580497056400007,-1.0302055420350371,-0.23750499794664026,9197.70106323947
Gabon,Mortalidad_Alta,-0.5770181943867508,-0.5039246093800146,-0.20574922950271646,0.38099519619898703,-0.7693388950246889,0.09430463391189303,-0.794665264162135,-0.2476090608053279,9296.96587941088
Gabon,Mortalidad_Alta,-0.5878454242121463,-0.5036355702761292,-0.20690809890398265,0.44069540735141266,-0.7943878901004742,0.10822795626735682,-0.8359100845953087,-0.2431089410781453,10219.1139339454
Gabon,Mortalidad_Alta,-0.5728229371827371,-0.48158669756207945,-0.22643328807608357,0.24321230667159854,-0.6593026963171951,0.08910615665965171,-1.0040437396468638,-0.2397019282754589,8356.74662013345
Gabon,Mortalidad_Alta,-0.5785657703301962,-0.4553525696313262,-0.35659047663303883,0.07976037602192543,-0.49661129550823313,0.18883775510145162,-0.9727813586788343,-0.23216088820492903,7290.57526093114
Gabon,Mortalidad_Alta,-0.5867825652264179,-0.5058548980941511,-0.3564216873512917,0.34260628908601276,-0.6922458278231272,0.23331343648778158,-0.8422149760871684,-0.24608451445061652,9688.64519690633
Gabon,Mortalidad_Alta,-0.5857120867739207,-0.5111839928028145,-0.44755934608498343,0.2981583730520425,-0.6439998546637536,0.31213215908595016,-0.8054519448682667,-0.24981807998468414,8003.54289696049
Gabon,Mortalidad_Alta,-0.5911086914174875,-0.5159354656203892,-0.48682508423911075,0.3233976692765801,-0.6471164109722243,0.35512759812102523,-0.7860993026442178,-0.25013398463855085,6847.00985685394
Gabon,Mortalidad_Alta,-0.6953993996635258,-0.35590850947289004,-0.49486010279158615,0.3080765300222357,-0.4803686838745265,0.416606374862708,1.0996670721352444,-0.19385964550718293,6547.87613955186
Gabon,Mortalidad_Alta,-0.5941038589238387,-0.49759458872071105,-0.6356924894761533,0.16292274435311382,-0.4874967190727544,0.47142090414743687,-0.8054045188815351,-0.2454060681227025,5465.79193590708
Gabon,Mortalidad_Alta,-0.5938148477320304,-0.4695354108688856,-0.5954898381351019,0.06780171233339483,-0.4169194770553525,0.41786499016969625,-0.9178531308420015,-0.2350241324779233,4710.74862768151
Gabon,Mortalidad_Alta,-0.600784625134163,-0.47260450731611164,-0.6747179058731338,0.06918728532157781,-0.39200272369606437,0.49570284720185787,-0.8618022095534714,-0.2353713218552146,3966.48001864663
Gabon,Mortalidad_Alta,-0.598972974738722,-0.504847729445245,-0.7267344938063363,0.16027961971727178,-0.4601536423398101,0.5585314881683732,-0.7965917220734042,-0.24719765073374023,3835.75718279727
Gabon,Mortalidad_Alta,-0.5986011164282755,-0.5189854695932403,-0.760486731527483,0.1950369406902741,-0.4829643984797523,0.5956561181851677,-0.7764779975315705,-0.2522584970629746,3982.906200928
Gabon,Mortalidad_Alta,-0.611839251787755,-0.5367378053149655,-0.925787451229733,0.23530182240530717,-0.4608108410953607,0.7624953970317849,-0.7481139434251047,-0.2554927459284327,4414.8755828572
Georgia,Mortalidad_Media,0.457950223918277,-0.13639467203761746,0.7317997703209804,-0.6679199772619145,0.6699360603731698,-0.7331485352327118,1.1381778707887062,-0.11704133257490512,6729.84659930283
Georgia,Mortalidad_Media,0.35536880337595034,-0.18577930607949464,0.689139064469132,-0.6339018710383293,0.6614312178743719,-0.7172694814040483,1.128896151711382,-0.10947865037307652,5083.60695484577
Georgia,Mortalidad_Media,0.35090880935629,-0.1597691904192734,0.6906569068487465,-0.6286516217715106,0.6130102776414653,-0.7210653312256634,1.1445039603192109,-0.11487356004142935,4300.85701291207
Georgia,Mortalidad_Media,0.3262818398540037,-0.22763101511137857,0.6737069502080062,-0.6279859351752619,0.7065442970824586,-0.7083299023907513,1.1104284163709441,-0.1016732550067746,4741.2832715876
Georgia,Mortalidad_Media,0.3269384227004064,-0.1841142412133708,0.6791545103124137,-0.6224176133529955,0.6328754824112781,-0.7153146102204557,1.1350534947119537,-0.11050336195951566,4804.0546040444
Georgia,Mortalidad_Media,0.39019675841591195,-0.16403475151759964,0.7042192469145021,-0.6447848484647876,0.6558241158780075,-0.7234537513997485,1.1348779707258394,-0.11305815152052817,4418.75206546679
Georgia,Mortalidad_Media,0.15307209514428963,-0.31941395288751095,0.6006682077109029,-0.5716706053712219,0.7065126532777438,-0.6801801672815506,1.0899815528717491,-0.08719677784158053,4143.40125686315
Georgia,Mortalidad_Media,0.06169177195980888,-0.34541367814463775,0.5648208312287522,-0.5389571996283051,0.6682317558602439,-0.6689016880227469,1.0919445885881127,-0.08411733955285466,4086.6223465965
Georgia,Mortalidad_Media,-0.08331154840135332,-0.4245353779959158,0.503402400638814,-0.49211863361281144,0.6721050249026485,-0.6449719142555678,1.0735279471986898,-0.07153376313636378,4830.33486170249
Georgia,Mortalidad_Media,-0.12075492405485592,-0.46012497463096236,0.48572701721106004,-0.48205401805959464,0.6989735498601005,-0.6363775020031746,1.0601526084796595,-0.0652030147088491,4712.00229382665
Georgia,Mortalidad_Media,-0.17268882724509857,-0.4770237398955719,0.4283859445372533,-0.4563098786786497,0.6651260576775287,-0.5819321983925438,1.1039151308333224,-0.03995930934731218,4530.69533409431
Georgia,Mortalidad_Media,-0.16244962406573496,-0.4722049820367229,0.44452144627884,-0.4621286871348435,0.671252812245568,-0.5989473324426091,1.0905757262451492,-0.04816086627949556,4119.66818307193
Georgia,Mortalidad_Media,-0.14035182809676255,-0.5212122509904622,0.38674631158923245,-0.4653284970067578,0.7492687509862063,-0.515147800728744,1.1301126863408704,-8.846377336282907e-05,3281.72930937343
Georgia,Mortalidad_Media,-0.2435647492175079,-0.49904428557213215,0.3307025484927156,-0.41838472573744967,0.6078170749255488,-0.4829120364584695,1.1574768613399646,0.0035245288773262107,2822.68939668797
Georgia,Mortalidad_Media,-0.3348352836030378,-0.5058102869749967,0.2258996422411327,-0.3749097835045089,0.5016931983611402,-0.38454459907115957,1.1125850295272812,0.03306369003877435,3324.7537205015
Georgia,Mortalidad_Media,-0.5622279364351118,-0.3985335671114635,0.18139645835361695,-0.2825687423452705,0.11792250649207942,-0.4180555601742237,1.0204737835553501,-0.0261181804302483,2635.36650276116
Georgia,Mortalidad_Media,-0.69041237565798,-0.3218555352529111,0.16279123567176557,-0.22689656982564185,-0.1184108176577679,-0.4439176506863625,0.9334494621620573,-0.0768681478112696,1996.02013272284
Georgia,Mortalidad_Media,-0.7362969076615183,-0.28104503140867104,0.019111387741547525,0.0962867160724088,-0.4823747165585127,-0.209766423452107,1.0334992766103894,-0.17281072536660158,1642.78359414797
Georgia,Mortalidad_Media,-0.715671342969174,-0.2915582841828524,-0.06123388120882485,0.16747854995658573,-0.49905606317247064,-0.07858391550437724,1.0736748753640657,-0.17512760951180273,1305.04748557208
Georgia,Mortalidad_Media,-0.6792713987762401,-0.3615995282395036,-0.09773614751747023,0.4068834765176297,-0.6932247152802681,0.026397150054596807,1.107028837608819,-0.2008037271249304,1010.03151630868
Georgia,Mortalidad_Media,-0.6735646461278012,-0.3566878439424002,-0.18772760633333976,0.39183846218649154,-0.6429126490766364,0.1324116966729823,1.0918215618921308,-0.19750203187451093,853.526171868939
Georgia,Mortalidad_Media,-0.6666617527715447,-0.39202716602956783,-0.2187385114150347,0.4784534048714336,-0.719220700350564,0.17223661009746943,1.0851235719994126,-0.2106982833596403,801.98383707929
Georgia,Mortalidad_Media,-0.6660092868371256,-0.4037234107252792,-0.25217349248197596,0.5009588149999511,-0.7323673031926475,0.20687671606545566,1.0834862030660912,-0.2148135635501489,749.908534993961
Georgia,Mortalidad_Media,-0.6719909015035452,-0.523002545740572,-0.2978015181749646,0.9453435944858068,-1.0118700886209835,0.30148258614151846,-0.9612897769698723,-0.21849964864150534,578.336923460866
Germany,Mortalidad_Baja,1.345286909076649,0.820610905670804,0.9428016544662152,-0.8052364243294465,1.446976216004586,-0.793679059778214,-0.5648700532634954,0.20063858270645632,49686.1154582583
Germany,Mortalidad_Baja,1.1832361239330378,0.8893705831463661,0.8837948076321653,-0.7666005583767015,1.2100798302061282,-0.7755245123882173,-0.6469350515218837,0.1635479482827667,52265.6541620571
Germany,Mortalidad_Baja,1.646349500385891,0.6335547156751147,1.1775414806436522,-0.832989998454047,1.1921222162451208,-0.9366345107576207,1.1488648105166535,0.12246548922641642,47379.765194548
Germany,Mortalidad_Baja,1.6061513518878965,0.6750095540620682,1.1684021564974028,-0.8154915828520002,1.0727145259744502,-0.9397554610316795,1.1567604610786975,0.1054589612342994,47623.8656074829
Germany,Mortalidad_Baja,1.4884978729696043,0.6362138007325672,1.1261453456626511,-0.7919075796708608,0.9697904709152131,-0.9245025212586865,1.130730109752653,0.07753705567771921,48874.8595028454
Germany,Mortalidad_Baja,1.5228343610646378,0.6821211379912631,1.1416076011617053,-0.7926853964675193,0.9474913997664466,-0.9341249731576056,1.144670210269051,0.08115422829059107,45526.5999576533
Germany,Mortalidad_Baja,1.569277787485495,0.7116330730386436,1.1584688416664688,-0.7987989318448498,0.9712483494254015,-0.9417840938707622,1.1360682439270815,0.09126347508531385,42961.0356905775
Germany,Mortalidad_Baja,1.5504808712810438,0.6971457621791821,1.1506637856031385,-0.7963044546429845,0.9686171144352659,-0.937974558335954,1.1244807695606733,0.08814923967024993,41911.0109851054
Germany,Mortalidad_Baja,1.5682226837405435,0.7134588450370581,1.1591396409360795,-0.7987367279580427,0.9634730279308586,-0.9423466727345544,1.152826337378258,0.08999643418936629,48971.0824722599
Germany,Mortalidad_Baja,1.5676271003921118,0.7454147574764927,1.1606981181328182,-0.792231117096106,0.9190467338550411,-0.9465775816645962,1.136469458902073,0.08661786558394391,47220.0102098851
Germany,Mortalidad_Baja,1.5269148638297532,0.7289660248497354,1.1465649784159455,-0.7850806929551563,0.8848213337599061,-0.9411821842699246,1.1417462670337521,0.07669768207261723,44735.5882319701
Germany,Mortalidad_Baja,1.5463109971614215,0.7282675152302394,1.1527415326071953,-0.7901286580690877,0.9131422396465295,-0.9425711843895488,1.1418612958865588,0.08235720767156415,47646.582043143
Germany,Mortalidad_Baja,1.5658523174978969,0.7442172550020745,1.1587090087386105,-0.7911735010483488,0.9238348072534067,-0.9456870688795784,1.1107503462476869,0.08738895612176201,42409.9356994694
Germany,Mortalidad_Baja,1.5955537417640022,0.6611596212214869,1.1603057900083409,-0.8131002175181172,1.093118663009732,-0.9353617837909722,1.087296727003198,0.10717726624402507,42487.2137101496
Germany,Mortalidad_Baja,1.570354607228706,0.7581558767073329,1.161353803016563,-0.7898155291506782,0.9093418383528796,-0.9480892303246377,1.1120988203180031,0.08691080909360221,46386.3295924799
Germany,Mortalidad_Baja,1.5892472155320685,0.7720640566060186,1.1684378974157097,-0.7930089793935111,0.9176839177875261,-0.9510612134390884,1.117146146419743,0.0910467985297613,42350.9217211489
Germany,Mortalidad_Baja,1.630534445555151,0.8270559956391448,1.1772826950859574,-0.8084481070702546,0.9680305273226165,-0.9491425546447628,1.090532501600977,0.11025129989136748,36980.3349948954
Germany,Mortalidad_Baja,1.5341841877391074,0.7100144831343695,1.1438510547510472,-0.7881864491902607,0.9376577798334752,-0.9374436994479894,1.0734440403264682,0.08413084914453337,35084.4363546269
Germany,Mortalidad_Baja,1.4057591279924024,0.6466181349938138,1.0978319078590493,-0.767415511902015,0.8487627879044158,-0.9185298788568312,1.0802919999428557,0.05468514415977449,34566.7359143735
Germany,Mortalidad_Baja,1.429901774500112,0.6543380922150797,1.105687525079863,-0.7718015794151976,0.8735627812239236,-0.9212754350092356,1.0701501526154265,0.061127267842630895,30711.1022511331
Germany,Mortalidad_Baja,1.4532997124822358,0.6714173706198655,1.114917383300583,-0.7748255626253766,0.8799499056263814,-0.9256995363526818,1.0766313491701713,0.06547140339105462,25486.5942008748
Germany,Mortalidad_Baja,1.4998525313592022,0.7454233438999353,1.1370529172491015,-0.7738702755763127,0.8314643073021758,-0.940551719397466,1.099776573454454,0.06874178816697682,23878.3641471651
Germany,Mortalidad_Baja,1.441445619858418,0.720182209388527,1.1161985439292161,-0.7636335744440341,0.7866458057606588,-0.9323769813437671,1.098684038638942,0.055094116538118215,23925.8559901991
Germany,Mortalidad_Baja,1.5518766880114403,0.8677884719689661,1.154107410629681,-0.7870480541479865,0.8141991791969917,-0.9454812813350817,1.1145494551853077,0.08579436665157686,31747.2449398447
Ghana,Mortalidad_Alta,-0.6328931300986813,-0.5221884266739056,-0.28246507234146223,0.7290698325561231,-0.9224241319712867,0.24046502964904093,-0.8282510667401641,-0.2338158000855058,2229.89122647803
Ghana,Mortalidad_Alta,-0.6329710401133425,-0.5154573403239903,-0.3642886112942615,0.6436739850994324,-0.8380572918770186,0.30355632418322176,-0.912191884315092,-0.2316829036859167,2445.18662529344
Ghana,Mortalidad_Alta,-0.6292907595995976,-0.5151496619010093,-0.3856353341782118,0.6067466370653625,-0.8123143192974451,0.3166348785898706,-0.9068018059877567,-0.2332621930981877,2195.45481659987
Ghana,Mortalidad_Alta,-0.6174696051868876,-0.5138914314870503,-0.40623231214146566,0.5196336865400699,-0.763223613771215,0.3184396369611312,-0.8819152432036799,-0.23771276169983513,2186.65822682613
Ghana,Mortalidad_Alta,-0.6357563118725471,-0.5198173527086654,-0.4220012490634167,0.6396883353962595,-0.8198699166954697,0.3584489387020324,-0.8914218832313934,-0.2330778822130633,2195.32166016377
Ghana,Mortalidad_Alta,-0.6515306437233336,-0.5266172371461888,-0.45288404074674954,0.739005410975466,-0.8626599345139057,0.4086790537539836,-0.886700395527136,-0.23000350145925874,2012.28662641265
Ghana,Mortalidad_Alta,-0.6562637513255635,-0.5109173094736172,-0.5051374993297197,0.7214326688003665,-0.8807917256173499,0.4748355344163603,1.0671430735017828,-0.2531114020398647,1912.47991339951
Ghana,Mortalidad_Alta,-0.6715975126194841,-0.5418547165334479,-0.5026634081255894,0.8876081851817523,-0.9344850223089306,0.4864384653533609,-0.8181293912760739,-0.2290994288365223,1722.77282833606
Ghana,Mortalidad_Alta,-0.6883553961267124,-0.5468494773320967,-0.5013574646248304,1.006422633711004,-0.996115730724804,0.5096276656640432,-0.8277678201288372,-0.22449505635315387,1949.90832923846
Ghana,Mortalidad_Alta,-0.6858400645823789,-0.544695708277626,-0.5827072043507537,0.9269911175760568,-0.9229753516829946,0.5727192691602212,-0.8574394258377576,-0.22542041133837315,2294.79584693743
Ghana,Mortalidad_Alta,-0.6665295607730669,-0.5298514133869049,-0.7199961525745608,0.7151240265815919,-0.8180763115981224,0.6797690495394093,1.0685120545427986,-0.2580233000057848,1543.77524235764
Ghana,Mortalidad_Alta,-0.7019092267413651,-0.549974975282506,-0.7442095752214086,0.9321480251893015,-0.8664690955972865,0.7310323137682226,-0.8965702215988325,-0.22292874870312385,1507.43573198753
Ghana,Mortalidad_Alta,-0.7353446281293808,-0.5607783667608505,-0.8166277552026784,1.1217990825825621,-0.9384653073824668,0.840500871558979,-0.9235572134126542,-0.21489789274264165,1263.89251760539
Ghana,Mortalidad_Alta,-0.7689429669816973,-0.5718817873251852,-0.858972063510673,1.3342230540075521,-1.0337089128118861,0.9253265410287639,-0.9417536846691836,-0.2066173643752504,1047.70430093586
Ghana,Mortalidad_Alta,-0.7698009716634089,-0.5728227922681837,-0.8872993048033149,1.324007940568369,-1.0189693413467844,0.9507192670275826,-0.941560662435424,-0.2069809692997434,1182.65761256016
Ghana,Mortalidad_Alta,-0.7473996553788195,-0.5692212695936122,-0.9443254907969925,1.1412242778538477,-0.9083421955404108,0.9681976272253452,-0.9102112528095776,-0.21506847717541233,1050.12461524926
Ghana,Mortalidad_Alta,-0.7701871862147533,-0.5768072298332066,-0.9623311023941288,1.2928483968395716,-0.9808811040693962,1.016839563790563,-0.9197245818022894,-0.2093641975763436,906.441027564887
Ghana,Mortalidad_Alta,-0.7835823802696553,-0.7799594816563714,-0.7818086927401666,2.399467502490565,-1.914432231757278,1.0403024104094318,1.0700979234538568,-0.2913828621438529,478.611909191028
Ghana,Mortalidad_Alta,-0.934659753071349,-0.6382597339392672,-0.8066297261350697,2.6118888417047987,-1.735992614093822,1.1349510099683624,-0.8615642675112087,-0.16814094902133392,406.132105329565
Ghana,Mortalidad_Alta,-0.92756867699254,-0.6353906603728363,-0.8578227804341467,2.5237138183324497,-1.6705031001723305,1.1667736502788457,-0.8757174215981669,-0.17028848822220177,358.39927142073
Ghana,Mortalidad_Alta,-0.918642649607161,-0.634507108329676,-0.9094881647312245,2.4336121177937695,-1.6076246801022154,1.1982971201457726,-0.8639723201447935,-0.17405731958415843,297.46164468774
Ghana,Mortalidad_Alta,-0.9257337629796402,-0.6374600977344176,-0.9572181199367384,2.4547191937129593,-1.602039474839739,1.2490167602041156,-0.8700887026109314,-0.1729848532833661,263.542156494853
Ghana,Mortalidad_Alta,-0.9327031358780753,-0.6412766710166694,-1.002432410803463,2.4807027704219093,-1.601239189850371,1.298160977234057,-0.8667440348011759,-0.17231506252097406,253.746936203344
Ghana,Mortalidad_Alta,-0.9641581165084482,-0.6660313088565745,-1.1238791671104973,2.687921890450909,-1.6857875277861925,1.4569236155721215,-0.7599605730558536,-0.17173606818335985,371.537243033836
Greece,Mortalidad_Baja,0.734647496076319,-0.1531026475697105,0.8160711901484923,-0.7422569167855366,1.0884395258220647,-0.7501432726020927,1.0518203086704785,-0.038766313958077114,20971.8349258283
Greece,Mortalidad_Baja,0.7726723223918791,-0.17272246289319187,0.8255716697980773,-0.754777005931978,1.1755743776247818,-0.7497177782917549,1.0300906914478274,-0.024459147725343466,20654.7001960815
Greece,Mortalidad_Baja,0.7478010868698639,-0.20718500490657027,0.814193219761695,-0.7543840782290309,1.1938460053262236,-0.7425366432566141,1.0184285717054609,-0.02686142088430804,17886.733165236
Greece,Mortalidad_Baja,0.5345848346586043,-0.3159682509027881,0.7370298860110776,-0.7202469143424524,1.053443576428771,-0.7104137936982068,1.0205704314878263,-0.07490734641211705,19335.3602002969
Greece,Mortalidad_Baja,0.5429441720727506,-0.3023706977545086,0.7410742110229314,-0.72004690281229,1.0440965242830917,-0.7131451387689218,1.0255922607089578,-0.07439620869580632,19873.4015238771
Greece,Mortalidad_Baja,0.6105656081524646,-0.2726397499770113,0.7650257133235605,-0.7316597125159991,1.0962153154294496,-0.7225806226638187,1.0223035519943262,-0.0584569992044468,18631.9930129293
Greece,Mortalidad_Baja,0.6324991058077962,-0.24628865629731533,0.7746189324574166,-0.7326723162142902,1.0865323221632797,-0.7282762210066923,1.0303774707921411,-0.0557441961754393,17919.2426377048
Greece,Mortalidad_Baja,0.5802645625227119,-0.29291833410379947,0.7535335112486616,-0.7276026953410799,1.0839308840017403,-0.7172554667851299,1.0199715295159744,-0.06457628246151897,17980.7298238137
Greece,Mortalidad_Baja,0.4686023820929358,-0.36281628433522484,0.7084950555779814,-0.7024649339317317,1.065965774725326,-0.6979051038883898,1.0074730565552978,-0.0707579289785416,21474.7257123892
Greece,Mortalidad_Baja,0.479911795925278,-0.34869314831658355,0.7142378250481738,-0.7050530085966832,1.052093179093827,-0.7010384785799281,1.0134313381915037,-0.07335585384194226,21573.3449762805
Greece,Mortalidad_Baja,0.5196538655625048,-0.30645278308421064,0.7334971953747682,-0.7150321250407993,1.016346145189004,-0.7108665763984892,1.030093910428936,-0.0807916654352327,21624.346052551
Greece,Mortalidad_Baja,0.5954284353712733,-0.2720825574605061,0.7604516936425336,-0.7278712518979631,1.073070634626431,-0.7216060321429254,1.0269856508475306,-0.06308576289449624,25504.7866510124
Greece,Mortalidad_Baja,0.7732358692977275,-0.16310917913813272,0.8267939371222741,-0.7533299713633343,1.1611047086177777,-0.7512735412483983,1.035187087959349,-0.025703698443743817,26653.0488008626
Greece,Mortalidad_Baja,0.772911935996944,-0.1512925615666533,0.8279850574377077,-0.7513030090662293,1.1418237466155872,-0.7531145223729784,1.0417455480957574,-0.02753886971172609,29425.4573200263
Greece,Mortalidad_Baja,0.7083867672904536,-0.13613336545918667,0.8098833452466514,-0.7330466246092069,1.0228208079437442,-0.7509764410247914,1.0686979777893282,-0.049150033920282776,31695.8331092209
Greece,Mortalidad_Baja,0.6041536554994211,-0.11876064741502777,0.7791324420551169,-0.7042705779964835,0.844968274657332,-0.7460788446980203,1.094092004651012,-0.08238541173057345,28440.7625328955
Greece,Mortalidad_Baja,0.5574936069829379,-0.09013093185835552,0.7670414669084276,-0.6875752340825004,0.7346835144855807,-0.746911006164924,1.1051523172216169,-0.09981336119006079,24416.0232970275
Greece,Mortalidad_Baja,0.5862960220616171,-0.1483091826988938,0.7711707637052798,-0.7052382012350362,0.8626725756043138,-0.7404865787541528,1.0973420310409245,-0.08403225613603471,22054.1315756886
Greece,Mortalidad_Baja,0.5059418279700898,-0.14306058107263647,0.7464639356038398,-0.6843273859139002,0.7389902401640215,-0.7353775916006571,1.1102960260313397,-0.1083603597955255,21449.2552764245
Greece,Mortalidad_Baja,0.4381744813631675,-0.13689611463437532,0.7242034622114639,-0.660762140123814,0.6521931519022331,-0.7312144051812799,1.125957457688362,-0.11875679752602547,18020.612039764
Greece,Mortalidad_Baja,0.42868595297451795,-0.03637013460669217,0.6277055099943076,-0.5811720142847459,0.9014857661412582,-0.6999322744925083,-0.8854977331646718,-0.05567352757576849,13782.195640943
Greece,Mortalidad_Baja,0.40350887932354185,-0.03841246647106999,0.6193764234002597,-0.5751121290955388,0.8693735707062046,-0.6976687234293961,-0.8870584983595646,-0.06259504497733553,12156.9572824221
Greece,Mortalidad_Baja,0.5613644634652496,-0.1381791686634621,0.7646430902172168,-0.6974798898464061,0.8098921198147472,-0.7403343511045684,1.1100936250559879,-0.09301087635129013,11638.2010697215
Greece,Mortalidad_Baja,0.4757417705205771,-0.2120268095633993,0.7291137549083953,-0.6850969390243578,0.8150963660705836,-0.72248759169771,1.0919096442899718,-0.10123761941153592,12779.081491606
Guatemala,Mortalidad_Media,-0.23587555329496684,-0.4026899781220809,0.15674231763477892,-0.4427402697731967,0.4166889253312376,-0.30709177904569346,-0.9399215038132793,-0.0831177435253646,5358.70127494396
Guatemala,Mortalidad_Media,-0.2549649750521729,-0.4891464483748888,-0.011137240652958465,-0.45133450437162964,0.4919619138128639,-0.11923424587986017,-0.989991835721163,0.004376272646304219,4912.62225721201
Guatemala,Mortalidad_Media,-0.23557376864839313,-0.45489021785038986,0.06620803820271898,-0.4383349065208423,0.46094873755762245,-0.19021630527642117,-0.9629093409553735,-0.031586953254742756,4477.61761796418
Guatemala,Mortalidad_Media,-0.22186579282160124,-0.4299828127880638,0.12416560414907593,-0.44597327827399347,0.4598051142929368,-0.2594609976248192,-0.934538604520305,-0.05782201602683479,4511.99755157656
Guatemala,Mortalidad_Media,-0.20096731779716334,-0.450598141504404,0.10607996409269418,-0.4514130416051329,0.509485394248772,-0.22858005518294267,-0.9353192160888806,-0.037320101200378375,4352.94651790253
Guatemala,Mortalidad_Media,-0.22509904908011236,-0.45129206534530203,0.08677060230597558,-0.4436236441707152,0.47146255207355947,-0.21195342968721992,-0.9356367875760587,-0.03822774324847167,4324.99608157801
Guatemala,Mortalidad_Media,-0.20929168442435186,-0.47133161085235664,0.0647367931160725,-0.4471978751092639,0.5130807166457106,-0.17793543013124566,-0.9406671658114802,-0.017967291794299622,4060.13754974186
Guatemala,Mortalidad_Media,-0.27089182851124605,-0.47989063720372993,0.004487876220650146,-0.4385014709798843,0.4372323237360669,-0.13203305831137319,-0.9406535663121196,-0.013305451647557753,3893.50522093509
Guatemala,Mortalidad_Media,-0.4049846275176432,-0.5786135173197796,0.006762383256278419,-0.32691308443688544,0.48153338857032135,-0.1291818138877287,1.0378666502092324,0.12825649839097675,3689.14471813777
Guatemala,Mortalidad_Media,-0.3404897897852506,-0.4966196385834432,-0.07139689501906162,-0.443414817119632,0.3748397320458353,-0.08259566112599082,-0.9254252232469911,-0.002734095482387039,3444.15971264862
Guatemala,Mortalidad_Media,-0.355748352236152,-0.5061877435970502,-0.09716701899066177,-0.4489122162538937,0.3719518168304382,-0.06412111647164515,-0.9200178639234347,0.0050573644869750245,3286.61959336267
Guatemala,Mortalidad_Media,-0.3873873100426134,-0.5237318160430463,-0.14847690144636316,-0.45905747576969247,0.3636181211234195,-0.027979502813549606,-0.9152663419957385,0.01997639204413937,3168.98370607705
Guatemala,Mortalidad_Media,-0.41850167127571003,-0.5159246402170077,-0.21594987345319153,-0.45661294137467895,0.3356656731920562,0.030593954554452463,-0.8968389285313014,0.008591168922876508,2805.25960237322
Guatemala,Mortalidad_Media,-0.4495343221150485,-0.48474032664272915,-0.2510144757964359,-0.4382295751260369,0.27126905329661055,0.06040890800500198,-0.9082443021884685,-0.02108088353743559,2611.64632773352
Guatemala,Mortalidad_Media,-0.4781311006317607,-0.4560005156256946,-0.2823941066655619,-0.4210070803111906,0.2108076955361914,0.08731004098918915,-0.9155541461892025,-0.048933748415312894,2763.05988172926
Guatemala,Mortalidad_Media,-0.5408339629430119,-0.3867383907764727,-0.3010272831250533,-0.3748594257941427,0.05142275738778046,0.09612481627014707,-0.9687116380998884,-0.11088515351480838,2458.81573919384
Guatemala,Mortalidad_Media,-0.6701064333177328,-0.2637743282465928,-0.2568610510610019,-0.06451664177122562,-0.15039320652615226,0.1444919575950926,0.8884265355558368,-0.1193708667682783,2225.1234753878
Guatemala,Mortalidad_Media,-0.6160543315545478,-0.3332542969992927,-0.4522536590739424,-0.27764594848457097,-0.12447086207463193,0.23802461691781618,-0.9608157956803067,-0.18434920662521231,2046.46611650758
Guatemala,Mortalidad_Media,-0.6120978617872446,-0.3610709938239618,-0.47185037132738983,-0.19633719722049398,-0.19409766164065345,0.26783217816475413,-0.9205868916577693,-0.19481749156160766,1840.91184884
Guatemala,Mortalidad_Media,-0.6087337275387741,-0.37754384711728733,-0.4819420279289622,-0.15375262971519543,-0.23257217701608096,0.2826132472141655,-0.9197759586569922,-0.20101876208630182,1722.54701910774
Guatemala,Mortalidad_Media,-0.6034267411877601,-0.4084159227963565,-0.5080687495109846,-0.07266676322717286,-0.30280827933112187,0.31778212356484836,-0.9057747448715163,-0.21256987398976873,1669.33517469705
Guatemala,Mortalidad_Media,-0.6078589019160633,-0.4084733579751645,-0.5662302530900554,-0.08569397127408057,-0.27392248061499497,0.37222667661309317,-0.8955387762374756,-0.21196416421010378,1537.68663578252
Guatemala,Mortalidad_Media,-0.6918628687360749,-0.41341439003826136,-0.6545817666834113,0.41996737502066006,-0.5474433455521027,0.5825978573954141,1.0915001025060478,-0.21414366746064029,1648.96578971559
Guatemala,Mortalidad_Alta,-0.6587172998518198,-0.5383902772877057,-0.8859749743758281,0.5373127079384106,-0.6126228656108913,0.7876551271364156,-0.8885620264820779,-0.23681537144439052,1421.06177809796
Guinea,Mortalidad_Alta,-0.8323339544484661,-0.6012247914817818,-1.037745735360243,1.705075202786128,-1.173855312355024,1.174326515530312,-0.9145962474183287,-0.19572328168943753,1416.59612011764
Guinea,Mortalidad_Alta,-0.8355889926476101,-0.6040444110265122,-1.1046303111977565,1.6906387861451637,-1.1443815257952226,1.2362426542053464,-0.9125913095638907,-0.19634685201176405,1244.96550477914
Guinea,Mortalidad_Alta,-0.8324999139622062,-0.6015108742196912,-1.1413211995128913,1.6366848196068473,-1.100602533084492,1.2611066826058746,-0.9344537603477361,-0.19686888594934687,1053.66097696415
Guinea,Mortalidad_Alta,-0.8384685837425198,-0.6078438439053011,-1.1409827516070787,1.6992510110932166,-1.1397204290411942,1.2730059574113453,-0.8931134616570531,-0.19723293617290066,1031.34146480732
Guinea,Mortalidad_Alta,-0.6664348957298746,-0.743355942889912,-1.1631872978772833,1.3075619043428979,-1.2085505266345524,1.1872498177310573,1.0414973954263131,-0.3267348794719954,933.273615633705
Guinea,Mortalidad_Alta,-0.7809215497719745,-0.5909602899389916,-1.2511261190875127,1.2204031571765832,-0.852842765644239,1.281675069157156,-0.8799038268431989,-0.21427147024647125,833.598621691121
Guinea,Mortalidad_Alta,-0.7406878143772588,-0.5774553286029406,-1.3385894855584903,0.870894731778967,-0.6382807370749839,1.2951346290076138,-0.8896311387562272,-0.22554563519406784,711.996509782316
Guinea,Mortalidad_Alta,-0.7394661900435789,-0.5760578459293008,-1.434546354963198,0.7922634266599922,-0.5606883156193907,1.3725668882641668,-0.9195365295005795,-0.22643290675676098,747.356966759448
Guinea,Mortalidad_Alta,-0.7454745242003439,-0.5778845145116052,-1.4356094620069848,0.8339789854329425,-0.5818159769813785,1.3821856748854329,-0.9229660632732017,-0.22481390555822967,765.146999389279
Guinea,Mortalidad_Alta,-0.744635151499571,-0.5784132650313135,-1.4453017150052598,0.8249425324172641,-0.5747332196024049,1.389655076220692,-0.9168733832336295,-0.2254881057397531,748.455020824734
Guinea,Mortalidad_Alta,-0.7043083789463847,-0.5965021769692862,-1.4996358124419096,0.6867192784238454,-0.5851294277123391,1.4227487755629016,1.073913904315041,-0.27506013639911303,699.353377212197
Guinea,Mortalidad_Alta,-0.7360212612354329,-0.5771563800407468,-1.5161787671952882,0.7218569487323989,-0.4973527220321238,1.4372865476671222,-0.913997737680351,-0.22916796420002034,636.694958747648
Guinea,Mortalidad_Alta,-0.7527265243824665,-0.5846383983910187,-1.5525277587011386,0.8258051304793705,-0.5411026856683099,1.4937368585230815,-0.9070118588247706,-0.2260738868198247,659.235326211315
Guinea,Mortalidad_Alta,-0.7407135866093909,-0.5826466916142866,-1.6000287419132357,0.7159803752301519,-0.46933776078772105,1.517170112669563,-0.8944022852077895,-0.23056193018296733,662.185914665575
Guinea,Mortalidad_Alta,-0.7454976955768577,-0.5835075173160783,-1.618247956637622,0.7347012252502254,-0.4713728926188257,1.538852812138697,-0.9066777986357486,-0.22919406780926743,703.532825784369
Guinea,Mortalidad_Alta,-0.7277720375161115,-0.560166225550208,-1.7000918820343487,0.535879430108858,-0.3852504555064979,1.5969753871676342,1.0866111319009524,-0.25896209450690283,650.148575304743
Guinea,Mortalidad_Alta,-0.7433243143459682,-0.5868142807626948,-1.7243874966834503,0.6647021589170319,-0.401887640346701,1.6272671254664492,-0.8891222057707311,-0.23264242411142155,446.980554135013
Guinea,Mortalidad_Alta,-0.8300769037518864,-0.6227950265836546,-1.535288274324352,1.4493010066219691,-0.8908989016187979,1.6031456257302699,-0.8005422241462463,-0.21134481716389775,463.17768685098
Guinea,Mortalidad_Alta,-0.8391376444917171,-0.6270909447295953,-1.6119126869808358,1.4679439114862203,-0.8744580276421671,1.6813961672951863,-0.8065498405159743,-0.21036843696262053,584.897740538081
Guinea,Mortalidad_Alta,-0.8273122338060839,-0.6250967537930131,-1.6959783265970592,1.3342493765089252,-0.7767622465403862,1.7355415957204292,-0.8024228012180057,-0.21516317856473488,566.48540588068
Guinea,Mortalidad_Alta,-0.6974502024374148,-0.7667268418430367,-1.6903247410364524,1.2295053524709023,-0.9939719091235467,1.6826480785220383,1.0497056491747982,-0.3299831193894258,495.916073559269
Guinea,Mortalidad_Alta,-0.8498169497777083,-0.6386562435410913,-1.853499062935445,1.4158151917577073,-0.7705461445131763,1.9047960630196605,-0.781925368871558,-0.21366456319476484,483.085120214741
Guinea,Mortalidad_Alta,-0.8498149643785291,-0.6410238475256086,-1.9498654331293386,1.3606758116868802,-0.7099660285275485,1.9869766437560947,-0.7791765766467551,-0.21571790092036486,518.157066924026
Guinea,Mortalidad_Alta,-0.8708453607152716,-0.6518504811736612,-2.4993379314783364,1.1544049562959884,-0.40684733637561904,2.479105240335281,-0.8639506512703596,-0.21772808759676165,713.031460558683
Guinea-Bissau,Mortalidad_Alta,-0.8472093320386175,-0.5846806230654702,-0.6091363857436984,2.0082960259471383,-1.4575539277774663,0.8222431772894456,-1.0383714898482546,-0.1779248682197972,873.437861875428
Guinea-Bissau,Mortalidad_Alta,-0.7141948455014656,-0.7551553707444447,-0.8642887210030119,1.8365503505639336,-1.5879968870987837,1.005345056568752,1.0530123195421113,-0.30944348204520833,912.484104692847
Guinea-Bissau,Mortalidad_Alta,-0.8193463145483524,-0.5795718374049065,-0.8309305432937286,1.6752832769086325,-1.2086913024682773,0.9692778738295282,-1.0377394639597228,-0.189290822969866,836.26731423732
Guinea-Bissau,Mortalidad_Alta,-0.7729593175735858,-0.5684651133184502,-0.8166569088854381,1.370733830241555,-1.0613080724980912,0.8922842328527925,-0.9804952967510807,-0.20304407553976372,807.425524872835
Guinea-Bissau,Mortalidad_Alta,-0.6597676774763661,-0.735027093025526,-0.8981272460528895,1.4130388491110826,-1.3516664352014192,0.9516749802653464,1.0395792209986146,-0.3229907149781496,808.531613218504
Guinea-Bissau,Mortalidad_Alta,-0.8405401988050808,-0.5948749123980124,-0.8832292689489258,1.8288921468146107,-1.28175520158408,1.0505607768589282,-0.9730319066608943,-0.18798558071979127,783.123186602022
Guinea-Bissau,Mortalidad_Alta,-0.8499223033169311,-0.5956998900977801,-0.9463325803315941,1.8430887179694608,-1.262719480003041,1.1152355482947076,-1.0114343809511053,-0.18521075691904132,679.665386626818
Guinea-Bissau,Mortalidad_Alta,-0.8444956245801352,-0.5983337459744362,-1.0210311401818553,1.7729570214291808,-1.2052680904817579,1.1729530129940147,-0.9823295735185127,-0.18935085460315598,645.066837207039
Guinea-Bissau,Mortalidad_Alta,-0.853037996981117,-0.603915165239152,-1.0682698349199575,1.8144164045011204,-1.2136148535382394,1.2270697912906918,-0.9675978725911025,-0.18884133437654954,652.022501029449
Guinea-Bissau,Mortalidad_Alta,-0.900742153701625,-0.6221797453857952,-1.107226169062054,2.141614775757822,-1.373593024187569,1.3318013866621232,-0.9643309700084615,-0.17796140306287445,654.304534409417
Guinea-Bissau,Mortalidad_Alta,-0.9075202408530852,-0.6229828597102577,-1.160597628706563,2.147489920380207,-1.3550088976706944,1.385175034793312,-0.991696911298023,-0.17612949205632622,635.461653303881
Guinea-Bissau,Mortalidad_Alta,-0.9098984109585916,-0.6254204312653083,-1.2509970929847536,2.11031235046838,-1.3049314470272853,1.4653326883433757,-0.9953748548050083,-0.17718698183294002,719.539573498937
Guinea-Bissau,Mortalidad_Alta,-0.786522813857958,-0.7951995166608239,-1.429791171548731,2.042519436501192,-1.5118653362354202,1.5959656430287996,1.0714817664118985,-0.3036944198067796,600.194298540768
Guinea-Bissau,Mortalidad_Alta,-0.9513427488519691,-0.6452924370259298,-1.4022088155094359,2.332436717221208,-1.3743874283582658,1.6572838709874114,-0.9781736817313729,-0.17072735143730355,583.190020139094
Guinea-Bissau,Mortalidad_Alta,-0.9543807924269225,-0.6447348236399858,-1.5381838427739072,2.2545783002935966,-1.2817115305549982,1.7739189728316676,-1.023361197902237,-0.17067872778126753,640.210331101753
Guinea-Bissau,Mortalidad_Alta,-0.9698662379272835,-0.6506525442697102,-1.5955254279681959,2.3302691120886427,-1.3013431824258355,1.845172775888791,-1.0319423044307292,-0.16761109040730293,519.069789794741
Guinea-Bissau,Mortalidad_Alta,-0.9955648089625093,-0.661977249744158,-1.6845142717987789,2.4668036492469465,-1.3440762997591613,1.9594426432449141,-1.0300705078307835,-0.16311691558685504,448.513075469701
Guinea-Bissau,Mortalidad_Alta,-1.017229488105379,-0.6724797079046466,-1.7983166877082712,2.5597318701471528,-1.355733173885867,2.088851698697015,-1.0273639502407559,-0.16015534432454692,463.073962650452
Guinea-Bissau,Mortalidad_Alta,-0.9773628652204835,-0.6604271311158916,-1.9235957732394178,2.1930216956550526,-1.120298440498313,2.135414258686157,-1.0321610097412497,-0.17231639742543037,431.376557669634
Guinea-Bissau,Mortalidad_Alta,-0.9985537884645814,-0.6733480829540858,-1.9790703949966044,2.33381183988621,-1.1820353590646975,2.2174927046163813,-0.9915546372209325,-0.16999811995462255,419.78486611807
Guinea-Bissau,Mortalidad_Alta,-0.8406108044955308,-0.8328133667517015,-2.2047652685965615,1.9907465460742617,-1.2298949922232707,2.3371412074958027,1.0856500926620405,-0.3064624241148194,362.034574570354
Guinea-Bissau,Mortalidad_Alta,-0.9935588602070314,-0.6742775863031794,-2.2092456222610686,2.152533994954789,-1.0069932049455392,2.4040418036079885,-1.0138927950423366,-0.17484555384691952,327.138431972397
Guinea-Bissau,Mortalidad_Alta,-1.0092929030104492,-0.6814202943045929,-2.2637490883413833,2.2370480499445105,-1.0339349640140014,2.474182682523872,-1.0106937856216491,-0.17218614730552884,316.945495037639
Guinea-Bissau,Mortalidad_Alta,-1.2208220985109932,-0.7667459074816961,-2.40403854663238,3.729396366793516,-1.7831637035602026,2.9148928026260723,-0.9466218541875375,-0.1255091840708712,589.487023081945
Guyana,Mortalidad_Media,-0.5150164152066602,-0.4291306849658636,0.349334281840199,0.3196722610701642,-0.8706317825467019,-0.5276153841318691,-0.9245164739730021,0.2869490912655063,17913.4928066879
Guyana,Mortalidad_Alta,-0.6629334928713744,-0.4364092457876842,0.2598345378388103,0.42169384199155124,-0.8614690889847391,-0.4438750272592192,-1.361061412559946,-0.16501888530309772,9860.87014834386
Guyana,Mortalidad_Media,-0.6044523631704203,-0.5033346681389249,-0.06844904714783115,0.6285095367746669,-0.9345569577357412,0.01277197465377311,-0.8678658543066786,-0.23479747119844524,6775.70939096303
Guyana,Mortalidad_Media,-0.5893271447209519,-0.502822609484811,-0.12131535528173956,0.5038748606566843,-0.8567717158205785,0.038037924696757264,-0.8308768152515607,-0.24125303025040623,6405.82443444562
Guyana,Mortalidad_Media,-0.6014398060630598,-0.5090812713090968,-0.16965891126041657,0.5679772972567778,-0.8757845712634412,0.09794807790198251,-0.8222996782658867,-0.23960691528668826,6048.38697180418
Guyana,Mortalidad_Media,-0.6365026860063172,-0.5231578195789679,-0.18435737502380192,0.820881713621201,-1.00589703651355,0.16381442647286631,-0.8105132655950686,-0.2317505541933046,6178.6650437298
Guyana,Mortalidad_Media,-0.6227647922807492,-0.5168013574408651,-0.21647559444314055,0.6922123744256079,-0.9243942380230594,0.16893480290084179,-0.8314834921571963,-0.2348563380180836,5870.87823759835
Guyana,Mortalidad_Media,-0.673004144330487,-0.5287169954497181,-0.21508699588468783,1.033033620617706,-1.095746273992209,0.23818783222770545,-0.8910053548734804,-0.2197341854396203,5640.41560569466
Guyana,Mortalidad_Media,-0.667630291226263,-0.5256199810346602,-0.25324638168873204,0.9625253717538087,-1.0430785450840352,0.2610573463625183,-0.9106728710383212,-0.22094919992678763,5472.68820452237
Guyana,Mortalidad_Alta,-0.6863411575849897,-0.5359084840340215,-0.28717256126350865,1.0921009078760433,-1.1042106437801213,0.320107428548833,-0.8826288437713794,-0.21825158193873612,5556.91231156932
Guyana,Mortalidad_Alta,-0.6890321586472192,-0.5350212678525598,-0.29368219999728906,1.099056282517816,-1.102856132965345,0.32812239369840523,-0.9022279359966203,-0.21683984500388392,5444.39751913913
Guyana,Mortalidad_Alta,-0.6891338120569159,-0.5395735282288733,-0.3288013989160615,1.0960197019706388,-1.0950156319149116,0.36105979240452646,-0.8652918710695481,-0.21916915283961963,4947.22170589917
Guyana,Mortalidad_Alta,-0.7237255774127421,-0.5496982992077011,-0.32078390861285283,1.3440776150112572,-1.2253721488766098,0.4043461920098663,-0.8858772038385541,-0.20952736032811886,4581.76179693492
Guyana,Mortalidad_Alta,-0.7416017541959947,-0.5509757121336887,-0.30071515063341736,1.4654664603972918,-1.289243041036968,0.4103683142862763,-0.9320250860948542,-0.20263840552072332,4209.13230624565
Guyana,Mortalidad_Alta,-0.7643567971028381,-0.5656974578812974,-0.3462751570398044,1.629981935277846,-1.368857513260414,0.4874822467303228,-0.8771007993438036,-0.20037450497024184,4008.9628671603
Guyana,Mortalidad_Alta,-0.7575605520081902,-0.5569197146157185,-0.34421945270261534,1.5534094666729918,-1.3201402357398415,0.47068194808398567,-0.9390649507636519,-0.1992453912062328,3608.28685240188
Guyana,Mortalidad_Alta,-0.7915382189192921,-0.5707292645072114,-0.3756053471450396,1.787552380139869,-1.4344932426469441,0.5489330586369557,-0.9296394895087505,-0.19188627306743955,3135.60553528326
Guyana,Mortalidad_Alta,-0.7598987068133136,-0.5629718306909903,-0.389139924170106,1.5631494061721634,-1.3164833750893394,0.5156779878606902,-0.8973452316716588,-0.20143132726372603,1084.06541388904
Guyana,Mortalidad_Alta,-0.7985407928689845,-0.5766794432609914,-0.36507721247336855,1.8612559053852047,-1.4820907981325222,0.5532983043724284,-0.8935354157260036,-0.19155630208971625,1033.31030902188
Guyana,Mortalidad_Alta,-0.8051465697158621,-0.5777024496769321,-0.3817746440262882,1.892132988533845,-1.4903782935829382,0.5760558444671203,-0.9103103502639212,-0.18950598955260517,973.742598054188
Guyana,Mortalidad_Alta,-0.8003554506999155,-0.5761452616789982,-0.3786898294378937,1.8599445614006151,-1.4747641716099937,0.5664424800662854,-0.9080880171418086,-0.19072929174377234,950.866932470993
Guyana,Mortalidad_Alta,-0.7921148494114205,-0.5742259792215144,-0.38607408203145216,1.7993188319008186,-1.4416264040628608,0.561077168753761,-0.8995046258801067,-0.193300317209664,931.574723847673
Guyana,Mortalidad_Alta,-0.8023177723210047,-0.5788224018176589,-0.4024022494763827,1.8669291537747392,-1.4726864523161094,0.5906794377151803,-0.8937230209791525,-0.1913606861922234,931.796651718955
Guyana,Mortalidad_Alta,-0.9746372509020544,-0.634178290570221,-0.4019066149317228,3.097707350960224,-2.112235406672426,0.8430152830411779,-0.9562876211614699,-0.14590714406620248,819.668541584905
Haiti,Mortalidad_Alta,-0.6615748973950868,-0.5226742452432456,-0.6220852631432015,0.6633559336206383,-0.7506340624453368,0.558918729842339,-0.9969665544396975,-0.22597721555398637,1760.62635668777
Haiti,Mortalidad_Alta,-0.6512924791385365,-0.523708679672169,-0.7576340626695193,0.5168894224601611,-0.6311054798647655,0.6602172648901505,-0.9794610666088921,-0.2320192056760595,1835.44394078496
Haiti,Mortalidad_Alta,-0.6383496110519646,-0.5176130081384063,-0.7470319372252521,0.423046529694424,-0.5834034652362887,0.6308898224358791,-0.9915574007673176,-0.23446933410539295,1290.32538667383
Haiti,Mortalidad_Alta,-0.627763630143103,-0.5131046405281892,-0.7474675430812805,0.34221457599107397,-0.5396241341822909,0.6148663491337863,-0.9986976994334134,-0.23677876570877526,1352.17204191532
Haiti,Mortalidad_Alta,-0.6285923555856343,-0.516468503891848,-0.7727569363998499,0.3447219960009157,-0.5361859480931086,0.6395709940445387,-0.9739185814975322,-0.23818782617389073,1496.38048970156
Haiti,Mortalidad_Alta,-0.6361135326114074,-0.5176587227899427,-0.8072424872305961,0.36944161986004265,-0.5345505434051019,0.6784035996154678,-0.9960675849723188,-0.23602698196513522,1395.23945184461
Haiti,Mortalidad_Alta,-0.6346252457769072,-0.5186534854286717,-0.8511553871815838,0.3354525927446681,-0.5029197133094592,0.7139761425670332,-0.9904011618000594,-0.23752807668053072,1318.40268167953
Haiti,Mortalidad_Alta,-0.6344829417533767,-0.5196241590098352,-0.8698548082659239,0.32622609644697476,-0.49274828241656965,0.7301468846927173,-0.9843381737411443,-0.2382088243888556,1411.12684746796
Haiti,Mortalidad_Alta,-0.6472256907775021,-0.5241363385041282,-0.8961487559404591,0.4011582956283253,-0.5226258362162077,0.7710848175004335,-0.9904606145719448,-0.23530807244491653,1460.18898613914
Haiti,Mortalidad_Alta,-0.6666383354321259,-0.532284221424194,-0.9252834818081719,0.5284466592065771,-0.5808523875136736,0.8253330639294729,-0.9849263982044949,-0.23133457761604032,1457.83221179626
Haiti,Mortalidad_Alta,-0.6963613143160636,-0.4926051632875702,-1.0075339133176944,0.5386846731694508,-0.5703064411793493,0.9343571406035309,1.083579509260259,-0.24062853386254446,1361.39396587374
Haiti,Mortalidad_Alta,-0.6808411838737013,-0.5393679672080605,-1.0190086219118146,0.5772201312719263,-0.5754487448954615,0.9262651447070731,-0.9852755004029286,-0.22968102285389808,1312.03953552013
Haiti,Mortalidad_Alta,-0.7883817571237344,-0.60880805958331,-2.289016439609024,0.6350612777719833,-0.19002454301978516,2.1699505372551195,-0.9519397236745892,-0.2299912748795852,1209.72733503094
Haiti,Mortalidad_Alta,-0.6737726795483544,-0.5368794184702722,-1.0579240001249521,0.4992435795747395,-0.5203183671624048,0.9481740700662704,-0.99314657958845,-0.23185790747790136,1196.8528706018
Haiti,Mortalidad_Alta,-0.6755775086669721,-0.539535411944171,-1.0921715663807547,0.49805252623987906,-0.5101648225503139,0.980986562531645,-0.9806812032517733,-0.23265435412024893,1094.66058421644
Haiti,Mortalidad_Alta,-0.6803917777179855,-0.5415873707332421,-1.1351125723674726,0.5054094834068683,-0.49894741968436884,1.0242422197261232,-0.9866169317295475,-0.23205754273801799,984.566983448521
Haiti,Mortalidad_Alta,-0.6718526860643148,-0.5386815314082117,-1.1847503489622984,0.40986816334934684,-0.4308326624512894,1.0529767494593638,-0.9956974310096818,-0.23475905712741857,828.805700289589
Haiti,Mortalidad_Alta,-0.6720149443934794,-0.5393462720244045,-1.2505500808549943,0.36890184083673117,-0.38626844484233996,1.1085507501166327,-1.003761293393867,-0.235676227660071,775.845704056916
Haiti,Mortalidad_Alta,-0.6534395490108156,-0.5391028962882229,-1.3831442093001423,0.17142380621705844,-0.24336418220500466,1.1962979713337922,-0.9689725651203498,-0.24448404497310766,683.185298155273
Haiti,Mortalidad_Alta,-0.6693424366456272,-0.5390567981556705,-1.3606991259728485,0.2772633328254357,-0.2990170447269582,1.1969093099002772,-1.0206801717309335,-0.2377873308842493,578.995291079709
Haiti,Mortalidad_Alta,-0.6534045764255886,-0.5342267331011545,-1.4542921171198784,0.10094473639141821,-0.17345027918990524,1.251790625211138,-1.0319910683752498,-0.24310055114658052,720.969568042522
Haiti,Mortalidad_Alta,-0.7514695733480523,-0.4452164051428929,-1.6168843345292911,0.2494462676997652,-0.12780929614249295,1.4837930558181411,1.108839701326758,-0.21584573962362424,748.821159844528
Haiti,Mortalidad_Alta,-0.6818465329072473,-0.5472463752522574,-1.5602089909149373,0.24916036086555282,-0.21722607050769555,1.3848295706359512,-1.0267224583539356,-0.2384182931753449,820.600046761464
Haiti,Mortalidad_Alta,-0.8379791010728862,-0.612776441068249,-1.733671111822386,1.3144050408576586,-0.7294500358803058,1.7703924295067288,-0.9692520722758489,-0.205820540663413,372.006104665125
Honduras,Mortalidad_Media,-0.4330179094488372,-0.28772527571597156,0.20650068730327198,-0.388945282106496,0.006017457295681428,-0.4393173204535911,-0.8983173017806656,-0.2082589830598257,3003.28996826399
Honduras,Mortalidad_Media,-0.36383490771402793,-0.35698300843414177,0.1357255699129276,-0.40456415395894973,0.17590332243377038,-0.32471321519152274,-0.9377651139125787,-0.13402813354450277,2735.14751503977
Honduras,Mortalidad_Media,-0.35278997812309787,-0.3331549741194234,0.18612946327821472,-0.4103302848879337,0.17324502906455042,-0.38580830988198056,-0.9245241817082037,-0.1572163790528437,2307.61494319511
Honduras,Mortalidad_Media,-0.49883294488085717,-0.38611683527002927,0.2664208266551361,-0.3139501960260876,0.18335686438390986,-0.5022688665655687,1.0441934298137703,-0.05513915549330106,2502.32744328073
Honduras,Mortalidad_Media,-0.5150847438364824,-0.3873592417951875,0.249410898547397,-0.3059381022436293,0.1656862439989275,-0.4866560567029985,1.0482652355513982,-0.049493007604060724,2464.64241531918
Honduras,Mortalidad_Media,-0.5019103513415294,-0.3849744023347007,0.26584050536712267,-0.3125736537552182,0.17884993062194987,-0.5026782048157981,1.0468472141875553,-0.0554959232890983,2413.0076562942
Honduras,Mortalidad_Media,-0.4826301867661398,-0.4290347041870019,0.20882878125218188,-0.3158690322336955,0.24516871328398038,-0.4216292616615184,1.0506843060258548,-0.01303371305709558,2307.34468351082
Honduras,Mortalidad_Media,-0.5061170403152649,-0.430027929258847,0.18003890424319424,-0.3052620003358826,0.21497464004190703,-0.3943773822025899,1.0172777555675476,-0.006862274287608688,2271.20265980349
Honduras,Mortalidad_Media,-0.48625394631003305,-0.4414330389839208,0.17381436368884276,-0.3140829860745496,0.2459069948981666,-0.3792906080219876,0.9788690165337111,-0.0008392967876481028,2179.88171977271
Honduras,Mortalidad_Media,-0.4321926382790219,-0.4914405601092612,0.14278975525570062,-0.3327052468426931,0.3615071266780968,-0.3176650295067615,1.0049651397165138,0.03967192864382668,2081.12843527945
Honduras,Mortalidad_Media,-0.5702365743819231,-0.4252682492395808,0.11557547718506062,-0.277096067058097,0.12611957326419443,-0.33801558667573,0.9349749162458689,0.0022155466595675244,2126.03474686503
Honduras,Mortalidad_Media,-0.5877394408757539,-0.40753772786348574,0.08333663275213855,-0.25315641522595067,0.08556813042516676,-0.29785298266965693,0.9297026191294233,-0.009633661663342785,2073.66121088074
Honduras,Mortalidad_Media,-0.45317205177484854,-0.5243856229384773,0.058997668483549634,-0.3194366199455819,0.36388398421843104,-0.21890400237141583,0.9550052895678912,0.07904360044086617,1893.32722662035
Honduras,Mortalidad_Media,-0.4373916893546861,-0.5373063168905139,0.05115671252041529,-0.32535305318736085,0.39483038314431307,-0.20269883166460362,0.950867353897424,0.08873096419834561,1781.15703614674
Honduras,Mortalidad_Media,-0.5111979918623215,-0.4717512804360148,0.02498262174234433,-0.2729353360042766,0.2384178996373556,-0.19012172568414853,0.9311560485468393,0.0409207519206361,1732.49062702803
Honduras,Mortalidad_Media,-0.545623752051862,-0.43007822542644397,-0.005417540244385134,-0.23401751027281872,0.1543302801533084,-0.1557156966124833,0.9360269941025827,0.009555219487236949,1577.73789197407
Honduras,Mortalidad_Media,-0.623821414942431,-0.34578565319477783,-0.020771588484670513,-0.17737946090977413,-0.029011147075327204,-0.15770454788227925,0.8874576428464163,-0.05725507503206562,1425.84780051892
Honduras,Mortalidad_Media,-0.6540129484041325,-0.3097163877745258,-0.042356966129219006,-0.1471925376783283,-0.10399423481430833,-0.13555920085946,0.87058038161987,-0.08541088872432934,1304.70039153826
Honduras,Mortalidad_Media,-0.627164874361455,-0.32752724661459665,-0.08954783294198221,-0.1374867941610599,-0.05244877746760124,-0.05748674242538626,0.9145544146536229,-0.06893686940330179,1215.13995412761
Honduras,Mortalidad_Media,-0.634020365960016,-0.3135020355638369,-0.1192781419888868,-0.11790136511973748,-0.07709125968694946,-0.016345478434767913,0.9060910992232515,-0.07959716979937498,1156.08162681357
Honduras,Mortalidad_Media,-0.7090382666277808,-0.24251992729226002,-0.12523068469614757,-0.017505931591879575,-0.31176570453626967,-0.02320665519616566,0.8330796856391568,-0.15502412654700798,1132.49965345317
Honduras,Mortalidad_Media,-0.6881901670879162,-0.2737194094056014,-0.2000793489489952,0.11637900827128467,-0.3898449528573655,0.10560199166991946,0.9192719950858355,-0.1654733965646879,1132.1648753329
Honduras,Mortalidad_Media,-0.5704278842659058,-0.4580302871761275,-0.24875390447737525,0.1165802167371599,-0.5605444429305616,0.09004591286917474,-0.97236008812433,-0.23436276772968012,1092.56400746252
Honduras,Mortalidad_Media,-0.6501285569758772,-0.49623938070009965,-0.36445658246596896,0.7194414407371239,-0.9158848837341206,0.33993652205649005,1.0667290228721464,-0.24902187468753523,931.669547257738
Hungary,Mortalidad_Baja,0.2967250965130447,0.006103131728609272,0.6880662710387779,-0.5890727656293614,0.27613649363341375,-0.741173094257052,1.1438764689014482,-0.1589320912549625,18483.6366867035
Hungary,Mortalidad_Media,0.3684598270836269,0.05069249981654155,0.718710047830007,-0.6120430995222739,0.26430618317827104,-0.7536100331481537,1.142567673494698,-0.16742871850119773,19030.628130329
Hungary,Mortalidad_Baja,0.3474833765234039,0.04404770558627611,0.7110014865127467,-0.6038160512108458,0.2576198068453355,-0.7513251576534692,1.1633129023091033,-0.16480332308858858,16386.9308821258
Hungary,Mortalidad_Baja,0.02292967098377871,-0.01526756716179743,0.5852736932988165,-0.48638457267035534,0.061572467279366605,-0.7149094291302589,1.1077160208410417,-0.16758601703670034,17012.8598553199
Hungary,Mortalidad_Baja,0.026033635184141757,-0.003534736867477634,0.5878851678580153,-0.4859158976751164,0.04450586701346049,-0.7170857677817831,1.117061103058766,-0.16961687801266168,16605.0570511887
Hungary,Mortalidad_Baja,0.15320199946949306,0.027259670521618266,0.638103269010841,-0.5308496035552951,0.10851125640570308,-0.7325920976910784,1.1448620677020882,-0.16991365985992973,14736.1668157258
Hungary,Mortalidad_Baja,0.45806878120259087,0.10761412656298683,0.7563857625987824,-0.6295705450645226,0.28134172459895945,-0.7703284908367349,1.2069715753074655,-0.1572115817721884,13215.8605277789
Hungary,Mortalidad_Baja,0.3982145031707651,0.11884867430706285,0.7383179561019952,-0.6124971082752195,0.1794944562933537,-0.7674745618220978,1.2116024673962076,-0.17601231995911526,12782.9412577973
Hungary,Mortalidad_Baja,0.25757560094877896,0.03259295207888651,0.6779949123692253,-0.5689700807910038,0.19674845306391964,-0.7428703554699776,1.192920187050174,-0.16295324246794451,14352.501883174
Hungary,Mortalidad_Baja,0.19581521993468878,-0.002286267335113756,0.6513650763015661,-0.5496206230756042,0.1998929466535243,-0.7322648075044633,1.1730906240598622,-0.15832832971108862,13739.4620151401
Hungary,Mortalidad_Media,0.21402889481211482,0.01762326491456085,0.6600618732864902,-0.5544537469240631,0.18205627276829295,-0.7367138981116471,1.1737751786700417,-0.1625644393793605,12950.1594488143
Hungary,Mortalidad_Media,0.3526017066894791,0.04570500089296535,0.7134741854790867,-0.6050289542440337,0.2601147765777113,-0.7522908507139738,1.1784761709979903,-0.16371112294881635,14211.460557822
Hungary,Mortalidad_Media,0.37218023844708004,0.04509359588604209,0.7196179774159279,-0.6139361202276015,0.27761291362311513,-0.7531769391046544,1.1471583046740284,-0.1654725032623709,13189.8433874768
Hungary,Mortalidad_Media,0.3992355821644693,0.03095679438022911,0.7280042880705953,-0.6260243535000163,0.32681939191748466,-0.7533032372700593,1.1475104313570192,-0.16079606262458157,13051.1831777184
Hungary,Mortalidad_Media,0.36179971632336405,0.04941763079609438,0.7163039947408947,-0.6093978679457723,0.2606663071502293,-0.752977483730201,1.1476153297481593,-0.1669382918716404,15762.6322515113
Hungary,Mortalidad_Media,0.2797547075815692,0.046615266159927435,0.685942915579526,-0.5781304947671033,0.19024032774264366,-0.745688149953282,1.1391769702580576,-0.17023352579421042,13934.605460375
Hungary,Mortalidad_Media,0.24267888456248174,0.03301370225524262,0.6707909893551129,-0.5655916757202342,0.179537270880902,-0.740460038662501,1.12991827677193,-0.16908005448881802,11478.4891640501
Hungary,Mortalidad_Media,0.19902801440828102,0.04732745718346079,0.6564362356905595,-0.5469667415109326,0.11494794494786126,-0.7390351520867066,1.1311611047164318,-0.17432629171970754,11212.2046968994
Hungary,Mortalidad_Media,0.15607003752668921,0.026028203697353185,0.6393300565761799,-0.5316841995679253,0.11375297393150824,-0.7328575263904145,1.1555681368744388,-0.168566475439063,10291.2694721409
Hungary,Mortalidad_Media,0.2766596077617989,0.02829766615955721,0.6829031078407195,-0.5790044382260487,0.21911436103667215,-0.7427080675778996,1.138371006774377,-0.16580587684924952,8410.09248198479
Hungary,Mortalidad_Media,0.23803698608325732,0.0014517230433018005,0.6662487385961957,-0.5667691533989373,0.2306185812885474,-0.7356860409996153,1.1438076293353643,-0.16010763663386435,6658.04494326809
Hungary,Mortalidad_Media,0.1801873406479312,0.020150131984001823,0.6476287213658751,-0.5415353931473222,0.14616987026636885,-0.7340534976003792,1.1603146740622179,-0.16571213148645364,5280.94887987063
Hungary,Mortalidad_Media,0.05116013417459278,0.0030656558260656955,0.5987474486422346,-0.49354453203308796,0.05765436162022891,-0.7208333607121548,1.1530498333745154,-0.16717924290874386,4629.91760812548
Hungary,Mortalidad_Media,-0.08224962006186473,0.04371721712737694,0.467947991551968,-0.4356613740216094,0.0731141818610726,-0.6714091588005768,-0.9284955145576834,-0.2105786126362354,4509.41740910077
Iceland,Mortalidad_Baja,2.090787499256323,4.583603413646799,1.0539023754616434,-1.198700136809669,0.8077395745715271,-0.6882572180000579,-0.7442863688489578,0.6906350672884773,75121.0152280628
Iceland,Mortalidad_Baja,2.1998425812027236,4.636838849413458,1.0893183284934593,-1.2301646683818697,0.9273581538393837,-0.6955010816742482,-0.7069519065855183,0.7238530960816684,69178.4046960961
Iceland,Mortalidad_Baja,2.216286415009802,4.714543176173685,1.0914218006897862,-1.2388562579299447,0.9189511927495461,-0.6928911910253841,-0.7164444990698091,0.734924756718482,59023.5663465778
Iceland,Mortalidad_Baja,2.189715705463016,4.791755332651375,1.0766435654932571,-1.2373328095275642,0.8677482326937317,-0.6844643336576633,-0.7672009978607426,0.7370725652341428,68452.23622306
Iceland,Mortalidad_Baja,2.416222854165373,4.599667132618933,1.304266331939958,-1.211691669304904,0.3619740411502249,-0.8491802701972838,0.9537213786892975,0.6087274025731579,74452.1890731447
Iceland,Mortalidad_Baja,2.2421848521807473,4.176048196785028,1.2620439331982949,-1.1430499152194082,0.3085127247308287,-0.8542449431290869,0.951470613067175,0.5279999430136504,72010.1490316258
Iceland,Mortalidad_Baja,2.322745798830794,4.100031248603648,1.291994119308632,-1.1605873825643067,0.4503988366850846,-0.8642263418658505,0.9863884413863702,0.544420152586178,61987.9263620283
Iceland,Mortalidad_Baja,2.3511819325833683,4.463964436581345,1.2905045777581623,-1.1857018442379585,0.314369958920671,-0.852798876614909,0.9825436629694572,0.576778596858585,52951.6815110898
Iceland,Mortalidad_Baja,2.5151329355312,4.893363620501854,1.330375325842359,-1.25128997380915,0.34388153477879535,-0.8478516835171258,0.9950353317563965,0.6536289023961308,54576.7448146565
Iceland,Mortalidad_Baja,2.4569648515721916,4.948830974037741,1.3104033572401785,-1.2377738958872484,0.2307844408524934,-0.8422170795171264,0.9886309402571543,0.639771195403551,49804.9829978371
Iceland,Mortalidad_Baja,2.451803347372085,4.82744600322691,1.3162080927117519,-1.2285175057482962,0.25807175988783193,-0.850059423240198,1.034740453457144,0.6254629399701104,45995.5478789467
Iceland,Mortalidad_Baja,2.480790979708833,5.025951404558275,1.3191932437235028,-1.246198513519912,0.206647494071993,-0.8442269007760721,1.0287144828364065,0.6477260773764174,47714.5922308485
Iceland,Mortalidad_Baja,2.455770342276106,4.688639920306538,1.3216214527786896,-1.2229616665102623,0.33081482651510774,-0.8554987134572335,1.0394539905132794,0.6173717834731518,43237.0729488958
Iceland,Mortalidad_Baja,2.660102014913993,4.942401732515743,1.3733360771266576,-1.2945901568904954,0.5429700160950275,-0.8537428280380129,0.9915967275190856,0.7021586699791237,41301.273219718
Iceland,Mortalidad_Baja,2.585460522955015,4.919980274178496,1.3552717348661791,-1.2702477160926977,0.41340230592223326,-0.8545541162624385,1.0399314603713914,0.6723042053425736,56943.3704468563
Iceland,Mortalidad_Baja,2.505398900273457,4.270684537341027,1.3501918065259368,-1.2164966049880483,0.6032677221343745,-0.8745729163213509,1.06127623209402,0.6038905263659375,69495.7267376825
Iceland,Mortalidad_Baja,2.226908756802689,3.7030769670732537,1.2859777463601543,-1.108436241099727,0.42329624590327386,-0.8849015131082731,1.1291993430443246,0.47396062079961593,57492.9342498703
Iceland,Mortalidad_Baja,2.1585138638928862,2.9944916564398705,1.2873385740564807,-1.0545632833531748,0.6528979808720284,-0.9087981186810152,1.1645086383706564,0.4038940221414291,56794.8501588953
Iceland,Mortalidad_Baja,2.095652968310494,2.9529333226223455,1.2685560868580066,-1.0352164487498094,0.5810804223939399,-0.9062754254536894,1.1580448886764794,0.3824244349458762,47334.9306537723
Iceland,Mortalidad_Baja,2.067952675972335,2.9571151727216973,1.259867623605548,-1.0276314274510794,0.5369655612422701,-0.9045727258141745,1.1574497850391179,0.3741476352024184,39476.6978486684
Iceland,Mortalidad_Baja,1.6464573597151044,3.2987276958628624,0.9600404211740234,-1.0095661464769616,0.7205620907973894,-0.7162748904414923,-0.6553211177607441,0.4613563293238845,32409.2161491753
Iceland,Mortalidad_Baja,1.5942439586840798,3.293839400714578,0.946158361315133,-0.9935421640434389,0.6304485924310413,-0.7155587385352373,-0.6322385618756265,0.4423207671797581,28897.4439396908
Iceland,Mortalidad_Baja,1.6331120252861964,3.434904599505912,0.9534258732169874,-1.0115059201961984,0.6247811147630976,-0.711955426860674,-0.6418631482957586,0.464397017977056,32096.3722613695
Iceland,Mortalidad_Baja,0.47135355568178683,1.9528098844847754,0.6144038481032528,-0.6267191264163531,-0.2759335851262688,-0.6793556954690867,-0.8887994709411307,0.036091072267631835,26633.5913761549
India,Mortalidad_Media,-0.7262577557937505,-0.31002538991511414,0.057831532697404806,0.14496161135451746,-0.556354514204803,-0.25317534861653146,0.9129886305834594,-0.18441847972344738,2347.44829434623
India,Mortalidad_Media,-0.5789038515932394,-0.4961600443855447,-0.18920898805335254,0.3683614067452774,-0.7565494877804133,0.07678381145626267,-0.874167696695697,-0.24325720271460982,2239.61384367482
India,Mortalidad_Media,-0.5846920656740829,-0.49871383441199385,-0.09559597960156864,0.4766151186579989,-0.8482120451669085,0.00776267457016383,-0.8494791144330818,-0.2410534983998106,1907.04251637669
India,Mortalidad_Media,-0.5613831388326399,-0.4803882772799597,-0.07721071968587928,0.274320538544748,-0.7339478933227238,-0.05016552165214988,-0.9436993174463069,-0.24224210900371962,2041.42863698585
India,Mortalidad_Media,-0.5671610828933817,-0.48865261162071516,-0.11931867506575496,0.31548358089320205,-0.7492762155257957,-0.0016098078730490961,-0.8917384521364564,-0.24397821466624076,1966.25455171679
India,Mortalidad_Media,-0.579618237505486,-0.49942032434854067,-0.18950418566700367,0.38679420256864305,-0.7704721587869536,0.08042994178980345,-0.8446747557283156,-0.24440470920028134,1950.10468280866
India,Mortalidad_Media,-0.5843328847338499,-0.5023214761294952,-0.25107194175973646,0.38467532391770076,-0.7487817567659278,0.1397534337557388,-0.8458774851366975,-0.24441717354898218,1707.50892912243
India,Mortalidad_Media,-0.5886942496968923,-0.5039859285346017,-0.3021128834875575,0.3821953932269142,-0.729121479619159,0.18891029328709585,-0.8557566289844261,-0.24391839203068189,1583.99815907985
India,Mortalidad_Media,-0.6010150793732733,-0.5066565942147313,-0.34929338278788313,0.43225756227025447,-0.7358949925945448,0.2453195476982043,-0.8829623092398391,-0.2405978987905638,1553.88396075118
India,Mortalidad_Media,-0.6151780754341145,-0.5125454100573483,-0.3889458126995505,0.5123332799535363,-0.7648879288765309,0.30019258109504077,-0.8833954275952522,-0.23786751447631455,1432.84397512195
India,Mortalidad_Media,-0.6192194902052147,-0.5165163897406657,-0.4422121945203463,0.5168094975382886,-0.7515653235272713,0.3526054717193211,-0.8699309700090978,-0.23853599380852447,1429.32199520032
India,Mortalidad_Media,-0.6691082021095786,-0.4491934088758032,-0.4621578045241124,0.5671764258750966,-0.7416668539351337,0.415634875070493,1.0791215192019248,-0.22994097103471767,1445.46127486037
India,Mortalidad_Media,-0.6381960882164516,-0.5263599298240319,-0.5437873977496575,0.5997933232026698,-0.7628509635585736,0.4680361374980615,-0.8616266086527105,-0.23624504190447504,1347.51939071367
India,Mortalidad_Alta,-0.6781471709775853,-0.4468336113808936,-0.581865140061224,0.5290105172735803,-0.6729315759500314,0.5257559061839757,1.0826141785320358,-0.22773391903599893,1094.94974598436
India,Mortalidad_Alta,-0.6449139372113742,-0.5301516100279617,-0.6680970732678895,0.5703055801078967,-0.7042463471241938,0.5828006375139609,-0.8745072538416323,-0.23649627124495937,992.519584923828
India,Mortalidad_Alta,-0.6603534505971531,-0.5351841212593602,-0.6974262041126673,0.6608797704477318,-0.7406254673967768,0.6299561157355961,-0.8856612907597561,-0.23276396899158447,1021.88707706826
India,Mortalidad_Alta,-0.6669144538913345,-0.5379886137488301,-0.7520513346894029,0.6735980058088062,-0.7281802488722102,0.6856639897744521,-0.8928408315949918,-0.23191326527331751,801.668353659022
India,Mortalidad_Alta,-0.6776282887189893,-0.5422654870969198,-0.8087757008248353,0.7151558175291253,-0.7301484818561996,0.7493206098753444,-0.9006175620936343,-0.2300501359678983,710.488080408949
India,Mortalidad_Alta,-0.6759973195435153,-0.5318317764874504,-0.861634785457053,0.6827766024756179,-0.7492420044950585,0.8115648378730749,1.071635316413063,-0.25723961898939013,624.258826510066
India,Mortalidad_Alta,-0.7047471057398966,-0.5523140256204995,-0.9132457227631943,0.8435414447805596,-0.7604116736325719,0.8772365441781349,-0.9196063103987298,-0.2245820069222435,544.143133545002
India,Mortalidad_Alta,-0.7091989337815575,-0.5556209744656123,-0.9692395249661863,0.8455350180165131,-0.743626924658716,0.9319077219811416,-0.9147021950723113,-0.22482087236909565,469.149928973927
India,Mortalidad_Alta,-0.736431762045974,-0.5662315252523069,-1.0108442828270876,1.019940410584702,-0.8216740080296107,1.0079846880609074,-0.9151580924718057,-0.21889395498868125,450.357900514128
India,Mortalidad_Alta,-0.746830194097032,-0.5716062254097387,-1.053736004547203,1.0740311995753709,-0.8369997556894633,1.0605763714320786,-0.9080736343989821,-0.2174961776470276,442.750218937263
India,Mortalidad_Alta,-0.8316529043725702,-0.600777163913785,-1.261696212798401,1.5465073636344144,-1.0088365333932081,1.359868801456293,-0.9643564069579476,-0.19815260025407022,375.17600537305
Indonesia,Mortalidad_Media,-0.7753894100705913,-0.3178558902736485,0.2846633173271415,0.09039379338930176,-0.6332786491811495,-0.5932164732301166,0.927622975119685,-0.1921626451296834,4730.83484836107
Indonesia,Mortalidad_Media,-0.7108953377796065,-0.320915275817182,-0.029194555576971176,0.24933434204818627,-0.5906492024338414,-0.10697941868658656,1.0819894826018697,-0.1868798137523126,4287.17313995098
Indonesia,Mortalidad_Media,-0.7243700114126139,-0.31531649864102906,0.025454887641442797,0.20621155124246615,-0.5839706386896328,-0.19507008375810797,1.0566604603322232,-0.1858913352561044,3853.70288774146
Indonesia,Mortalidad_Media,-0.7601952880910565,-0.29842668874999906,0.1772733275947381,0.07297132658956418,-0.555964685411479,-0.44213940838779014,0.9459014106370758,-0.18259665442417045,4106.94856160358
Indonesia,Mortalidad_Media,-0.7560901238200285,-0.3100576081256489,0.18744600830278374,0.09933896934722364,-0.5873965453842194,-0.450621752117236,0.9188057442872382,-0.18716591692207196,3860.95353090726
Indonesia,Mortalidad_Media,-0.7501420268211995,-0.3143450452971845,0.17272740757175198,0.11479811998742562,-0.5940983158228453,-0.4257313804748578,0.9046109816970627,-0.18845675930554528,3798.88326174526
Indonesia,Mortalidad_Media,-0.7126776525354924,-0.3320317322154876,-0.004385059052527299,0.2787183531644285,-0.6301098716926496,-0.13660432972945513,1.0981633260773191,-0.1916113288598001,3521.46943457574
Indonesia,Mortalidad_Media,-0.7003714928662533,-0.3390825031422563,-0.0542042844386667,0.3275443534657404,-0.6438068429437747,-0.054430622959765584,1.1362414995446817,-0.19326310549088804,3288.22269725538
Indonesia,Mortalidad_Media,-0.6945050959867535,-0.35459029965282746,-0.04959978488163822,0.3729736474188893,-0.6879288029520501,-0.05099348864102171,1.1306865955573961,-0.1992007610201269,3441.06808464008
Indonesia,Mortalidad_Media,-0.6876871175154711,-0.36230905118656087,-0.06286579698460529,0.39972953895457386,-0.7053522100630755,-0.02578770413154835,1.1213701917641188,-0.20182130863910885,3566.60284506078
Indonesia,Mortalidad_Media,-0.6812596374709098,-0.37394192969505585,-0.06750154861459223,0.4359623554899076,-0.7360900190126647,-0.010992513363389966,1.1137966280083427,-0.20610122727904623,3632.27254030331
Indonesia,Mortalidad_Media,-0.6742446251242779,-0.381705673587967,-0.08147266510991039,0.46304142999203124,-0.7534318899277578,0.015308247006907472,1.1041615565225953,-0.20872353946782396,3579.46442466152
Indonesia,Mortalidad_Media,-0.6661232094246056,-0.3929536210155146,-0.09356463916713681,0.5001023122909015,-0.7809331755015778,0.0411057063677035,1.0936341219876173,-0.21269806778067513,3065.68348377765
Indonesia,Mortalidad_Media,-0.6455583714263389,-0.46426646618416445,-0.04679996509092556,0.7021928978619936,-0.9912924821806163,0.01826487417108441,1.0788663308778759,-0.2405532147102411,2218.48541852977
Indonesia,Mortalidad_Media,-0.6460386126582,-0.445562962383217,-0.07867518937410456,0.6544134133230368,-0.930401262817551,0.053870021465233786,1.0744815616256698,-0.23282550224683735,2124.55483920618
Indonesia,Mortalidad_Media,-0.6554235743510658,-0.4147010041147343,-0.1419674764851939,0.559730904242449,-0.8186976302597068,0.10826310673482198,1.078408672811662,-0.22021752284115775,1823.21976255073
Indonesia,Mortalidad_Media,-0.6625471728018737,-0.3991868861668108,-0.18646271464024666,0.5062546862491869,-0.7548309078394657,0.14459547966415676,1.082802300226155,-0.21379164308171594,1558.31562847163
Indonesia,Mortalidad_Media,-0.6632947997658425,-0.40465476972893116,-0.2170371975095389,0.5128019896203229,-0.7531672928830893,0.17462919263454502,1.0824105604826744,-0.21555279439217145,1238.21447629488
Indonesia,Mortalidad_Alta,-0.6664564447663276,-0.4345786896891148,-0.37116031746132105,0.5521434904918283,-0.7509615216284848,0.32676822621288937,1.079936572733957,-0.22533471946408856,1126.84004447173
Indonesia,Mortalidad_Media,-0.6568722857188043,-0.44759931516397705,-0.28263106479530803,0.6106355820385103,-0.8313122373904696,0.24887177987290765,1.0749690727596295,-0.23128509069201292,1043.2105838671
Indonesia,Mortalidad_Media,-0.648065057199405,-0.4874899770288598,-0.30322193279980536,0.7122384580962389,-0.9249805204218691,0.2804768022432398,1.0670479909455106,-0.24633781561149443,881.002913569131
Indonesia,Mortalidad_Alta,-0.6456029105379808,-0.5041826882031692,-0.3292055975831705,0.7501372359141669,-0.9551012237983186,0.30978626979810275,1.064167636484429,-0.25244771707405494,732.307093405708
Indonesia,Mortalidad_Alta,-0.6304680864189633,-0.5509625558100343,-0.2851160237954506,0.8874320114847842,-1.1006058204027518,0.2836547708069943,1.0531721230447566,-0.2708430106114517,763.711124950924
Indonesia,Mortalidad_Alta,-0.6833352564412235,-0.5354071455694415,-0.6600438836887386,0.8184975394112224,-0.8257186305317822,0.6269405054310592,-0.9564815839454921,-0.22316178285478083,1011.22614205568
Iraq,Mortalidad_Media,-0.5360877251152849,-0.39556416195834443,0.36764183143546697,-0.22906021526346418,-0.6216789985772995,-0.7178441713581747,-0.8603948694449357,-0.07052130400506734,6520.73154560584
Iraq,Mortalidad_Media,-0.6328783484889529,-0.3310129897984166,0.1293748737051533,-0.24449682578359563,-0.36980526037481665,-0.4140728827880521,-0.9551444471242567,-0.1917624699253334,4868.49431080783
Iraq,Mortalidad_Media,-0.46340939998050124,-0.4070824979475533,-0.038307287546021807,-0.36850023520166186,0.06919273760253108,-0.13968831272797944,-1.0084470538595558,-0.08377466692928409,4295.18945121228
Iraq,Mortalidad_Media,-0.6275837474202657,-0.3212009250720922,0.09107196583712578,-0.2644074688326936,-0.331203580509236,-0.3628948880476486,-0.9691176776688522,-0.18724111003813787,5671.8568632942
Iraq,Mortalidad_Media,-0.624626905182348,-0.323912319129634,0.08515804699850503,-0.2557296370735672,-0.336312741402861,-0.3523099373240502,-0.977512153893668,-0.1881295505998788,5646.68932074742
Iraq,Mortalidad_Media,-0.6007579867239059,-0.3091208403732979,-0.03552475991646557,-0.26947686202307414,-0.2594589013535038,-0.18018385622033437,-1.0272528769588283,-0.17995669810366816,4759.2846435467
Iraq,Mortalidad_Media,-0.5473135564942246,-0.3628718391557226,-0.15013741139017536,-0.3418690909412718,-0.059270910098881247,-0.04840099921952162,-1.0069447382525127,-0.1299492774588102,4334.42096404188
Iraq,Mortalidad_Media,-0.5345227148004708,-0.3748042117458789,-0.12311426120247765,-0.3453327659973498,-0.04039663739416094,-0.07108039312454406,-0.9817199934390599,-0.11881131964625052,4440.14189252367
Iraq,Mortalidad_Media,-0.5802233901401083,-0.38663436108174826,-0.007884853180237393,-0.011148319930001482,-0.5012268971283513,-0.16497373192136586,-0.91157978831393,-0.20989193351517593,6249.39226978969
Iraq,Mortalidad_Media,-0.5703845025689303,-0.4078342242199675,-0.023292200485189537,0.06091655043134603,-0.5583326479376938,-0.12982343117444173,-0.8937652334770998,-0.21764024004180232,6650.35282247395
Iraq,Mortalidad_Media,-0.7451281496379528,-0.267273206260362,0.04871804084451389,0.026436250393872485,-0.44045539792617433,-0.2668740919674361,0.9632078778064719,-0.16816359076551318,6477.59618450955
Iraq,Mortalidad_Media,-0.5621016134489638,-0.4572529635696025,-0.03678347523583694,0.21265836783933667,-0.6941372885266892,-0.09621747173010159,-0.816593953831964,-0.23647413057896532,5775.54229080293
Iraq,Mortalidad_Media,-0.580436781870865,-0.3960534688752848,-0.12948868527593904,-0.0019311547200900336,-0.47021962845070847,-0.03591051478231949,-0.9001119436899085,-0.21196511825932812,4461.75196161555
Iraq,Mortalidad_Media,-0.5883828462652525,-0.33791673190920407,-0.11462661889201543,-0.19290810785296275,-0.3026771324396881,-0.07751298219337219,-1.037826372868661,-0.18976820305798658,3714.71205987194
Iraq,Mortalidad_Alta,-0.5745829853273052,-0.4480303410915517,-0.18314005143583678,0.14768235589711565,-0.5927352550878886,0.03610666515180594,-0.8159952050736221,-0.23134552766671435,4542.96609046032
Iraq,Mortalidad_Alta,-0.579934445399843,-0.45444059951545007,-0.2884801968175954,0.1341352140951947,-0.5528359741049198,0.13500277409575695,-0.8252755296048591,-0.23264692194385989,3128.99010329066
Iraq,Mortalidad_Alta,-0.6856560297349824,-0.3385936572747758,-0.2933294315263596,0.31518765838196316,-0.5403580550735918,0.22452493086669756,1.0982889573932333,-0.1894227623938483,2276.55435744086
Iraq,Mortalidad_Alta,-0.596645384235232,-0.5197919508081289,-0.2869092979353173,0.508507117657363,-0.8198078450470145,0.19818127404885655,-0.7250403466988196,-0.24748938962391115,1762.39360423421
Iraq,Mortalidad_Alta,-0.5923452825842703,-0.517366332503217,-0.3316161880746219,0.4426597679879244,-0.7676348885212152,0.2283380626916186,-0.7432829759593733,-0.24863348949216402,1328.37157628292
Iraq,Mortalidad_Alta,-0.6518325867420122,-0.5388411833272958,-0.2122346684492662,0.9593781821794669,-1.083414438666118,0.217892076691503,-0.7161926237545582,-0.2327312403837999,817.887862499622
Iraq,Mortalidad_Alta,-0.6739017251453396,-0.5414399951204762,-0.1296926738967654,1.1531850799317287,-1.207828619636551,0.17795729354499135,-0.7507945899804194,-0.2240695304306053,1266.15961275094
Iraq,Mortalidad_Alta,-0.6696561702284254,-0.5427373739322086,-0.14903254914559355,1.1215673094287748,-1.188208065815108,0.18992013266612362,-0.7271946708660049,-0.22656254370581408,1435.695683789
Iraq,Mortalidad_Alta,-0.6768311957252291,-0.5481089141327046,-0.11855614799382536,1.2072712863926935,-1.2484391695454096,0.17741437040039576,-0.6931368278561987,-0.22569891014315785,1980.18916038782
Iraq,Mortalidad_Alta,-0.7911988434638143,-0.5898469180591843,-0.21911496947265005,1.977670171836203,-1.619037147236695,0.4328831036786883,-0.7070008062171673,-0.19878857751811158,619.135530927038
Ireland,Mortalidad_Baja,1.23806471247006,0.6106857259657307,1.0528148521899061,-0.7387927022342224,0.6165397038514212,-0.9055918887160018,1.308562204666622,0.0008025848853554507,105234.511567597
Ireland,Mortalidad_Baja,1.3207934568925785,0.6217631341290126,1.0789502972141758,-0.7569166857452475,0.7222485216237692,-0.9129680069173334,1.2828234387260775,0.024370395051713956,103961.976350649
Ireland,Mortalidad_Baja,1.3529877896575244,0.6126040137094413,1.0883094248144103,-0.766602018452903,0.7820680175346656,-0.9140032871685261,1.2782605013163753,0.034957417123175155,86622.5067251295
Ireland,Mortalidad_Baja,1.3362153102337648,0.5637046617177212,1.0779125593595047,-0.7706155210735113,0.8348957845660573,-0.9051479599869134,1.2578799643754857,0.037043905248445363,81810.1926481407
Ireland,Mortalidad_Baja,1.3201535362195167,0.6115015647046962,1.0766062947326296,-0.7578098885408618,0.7419293826558536,-0.9108536781565097,1.2574069393300902,0.026568890888431507,80738.9628834696
Ireland,Mortalidad_Baja,1.258708235599288,0.6030654744281739,1.0571374185216196,-0.7443614622947219,0.663891876544982,-0.9053271795066897,1.2757393953772531,0.009124560741687465,72198.1076995377
Ireland,Mortalidad_Baja,1.1827137016555986,0.576031053432151,1.0290690104239923,-0.7291049669268399,0.6028867852227987,-0.8949184531364063,1.2469864756818942,-0.008141250397668082,64192.9418053178
Ireland,Mortalidad_Baja,1.083968070728435,0.5579714278394537,0.996174500660957,-0.707537915985744,0.48930049961166133,-0.8848374575148802,1.2522877585607655,-0.03455605733162914,64311.8234684057
Ireland,Mortalidad_Baja,1.410665179589745,0.3156740092002848,1.0742492077960808,-0.8300722747594651,1.33647002482836,-0.8715281237701281,1.1127985682086887,0.0953490248429289,57278.2590911107
Ireland,Mortalidad_Baja,1.4468858264915283,0.3273935518340802,1.086619339467042,-0.836985778976813,1.3710793741301814,-0.875918840955831,1.1087362107198495,0.1045051823700022,52619.2123745817
Ireland,Mortalidad_Baja,1.5388574806182689,0.4182256428359209,1.124698540898194,-0.8444731637314372,1.3617684768942007,-0.8967003321866698,1.1318340750482954,0.11877242548907349,49411.7387476787
Ireland,Mortalidad_Baja,1.500320905176474,0.4144028392595185,1.1124815712230611,-0.8356923909446383,1.311187087095517,-0.8933925353794527,1.140886386433059,0.10775924912013574,52692.7813135606
Ireland,Mortalidad_Baja,1.5433939576435196,0.43618024985868153,1.1275321665993887,-0.8422989910456272,1.3420214555295629,-0.89962412104644,1.1303093286718071,0.11793710590924573,48679.4026820361
Ireland,Mortalidad_Baja,1.467849645687217,0.5199624386601676,1.1084694581234722,-0.8068655399621592,1.1188298191789876,-0.9053062991409414,1.0991729811529158,0.08728204029508665,52133.0909237885
Ireland,Mortalidad_Baja,1.3739430079963972,0.515100626857874,1.079939394379336,-0.785205463147916,0.9853348059979615,-0.898279203122139,1.1383378439477239,0.05914293706628246,61353.1065629523
Ireland,Mortalidad_Baja,1.2526381582540833,0.5756459735954235,1.0474690130474957,-0.7443899467074536,0.7187150009989333,-0.8984630664505517,1.1688204608146686,0.015465276915917148,61396.417461176
Ireland,Mortalidad_Baja,1.2073248924389226,0.6382619580642845,1.038445140681489,-0.721761143173484,0.5607379122083244,-0.904286473563742,1.1775370428281309,-0.005650235456525071,54329.1618599624
Ireland,Mortalidad_Baja,1.1872521665668994,0.6459601862753568,1.032554324790954,-0.7152245210445575,0.5214166293507921,-0.903834862340241,1.1761675872086732,-0.012309586878240852,50933.0216095589
Ireland,Mortalidad_Baja,0.9901697464748508,0.5774118430067807,0.9641842706795847,-0.6780575177124026,0.3429650760798135,-0.8789532322230498,1.18514920224133,-0.0609632638798131,47754.2023194244
Ireland,Mortalidad_Baja,1.0753547800852954,0.6436925355640953,0.9973633404717837,-0.6878463552872389,0.3633354459829842,-0.895324130799916,1.1940299347056869,-0.04500258434087018,41203.5295847568
Ireland,Mortalidad_Baja,0.916759626947003,0.6837008247652723,0.9503167450032484,-0.640737421236444,0.0783901968384077,-0.889249614639979,1.206247743294499,-0.09607529398506809,32705.4345565698
Ireland,Mortalidad_Baja,0.757377278470651,0.9225943824052808,0.7513624435588637,-0.648388637188654,0.5455243210679643,-0.7507112154072961,-0.6527312084880619,0.03396618162626336,28282.409882073
Ireland,Mortalidad_Baja,1.147490128023541,0.6854164879136297,1.0239330599620124,-0.6985386617960808,0.4033130849809461,-0.9069357398384211,1.194568177608965,-0.029408296045228266,26334.5672050501
Ireland,Mortalidad_Baja,0.3556699760272828,0.09743172446575224,0.7200480225853731,-0.6002854817600848,0.1734817526870971,-0.760278057489864,1.1825314388011745,-0.1762874682106364,19158.4564773907
Israel,Mortalidad_Baja,1.0684732159160952,0.15692773191379555,0.8552320207575856,-0.7121244066228639,1.4906820113499264,-0.7799435566613708,-0.7600759066308911,0.0990464877046645,54949.621556429
Israel,Mortalidad_Baja,1.4860214942956507,0.2398031533942798,1.0890379574190396,-0.860981438453368,1.568014168921386,-0.8648509903879231,1.0494991459254748,0.12914245098990018,52270.9040241956
Israel,Mortalidad_Baja,1.4879246637901022,0.2570909069425858,1.0915084120692695,-0.8585964876677021,1.543301362906564,-0.8677111987948439,1.058406807441598,0.12717160411195866,44575.5719045492
Israel,Mortalidad_Baja,1.3089910550243582,0.14014569051230286,1.0239508660990635,-0.8341768282800505,1.4662975073190538,-0.8367073250813577,1.0461696938953258,0.0906236839951563,44250.6313628073
Israel,Mortalidad_Baja,1.1779170764687656,0.07873218973756543,0.9771112341354522,-0.8122909877007294,1.3712956751174543,-0.8178211626254882,1.0504738702216505,0.06028451602349061,42362.6652754196
Israel,Mortalidad_Baja,0.8864867673550242,-0.09745140318032827,0.8686397572958979,-0.7701636522365636,1.2231449281897642,-0.7695781175633823,1.0383588793565304,-0.0013423310357776608,41138.470964272
Israel,Mortalidad_Baja,1.1322427959640187,0.08771909354916825,0.9641075106981236,-0.7996555764206383,1.2898338506965286,-0.8160327217426678,1.0685983134416228,0.04524343286941143,37671.5389138798
Israel,Mortalidad_Baja,1.1379539651159616,0.11656634308029662,0.9690061690195693,-0.7962950968283304,1.2523249298942805,-0.8209833764489796,1.082728921945839,0.04271635598675183,36213.1041481958
Israel,Mortalidad_Baja,1.0864212297987053,0.08448875746489189,0.9497246384515772,-0.7889980909028036,1.2275976386656566,-0.8123070389157809,1.0800813827395128,0.03195489845514474,38343.3046626235
Israel,Mortalidad_Baja,1.0644511175213147,0.09740273024779304,0.9444077243983116,-0.7815040785257001,1.174741432112802,-0.8128017599685659,1.0934996902282204,0.023456383712986972,37034.3161080785
Israel,Mortalidad_Baja,1.1913956252295292,0.18519115926338975,0.9928629389654007,-0.7980338186167539,1.2216988688408899,-0.8355579325753295,1.1048191811541408,0.048676203953791214,33321.4300881602
Israel,Mortalidad_Baja,1.1607550386217353,0.18317121536680106,0.9832605095638078,-0.7908841223923906,1.1798588655890567,-0.8330886986441823,1.1125745168664047,0.039769632962644075,34522.5215979073
Israel,Mortalidad_Baja,1.1367140138169851,0.1951294162170462,0.9772051365920917,-0.7830419271884443,1.1254785403374767,-0.833287318906137,1.1260687804779494,0.03078963474555796,31439.0887027614
Israel,Mortalidad_Baja,1.1090574452256736,0.15511820133853327,0.9643679607148801,-0.7828834450995397,1.148484569997036,-0.8250355455467471,1.1121764646409769,0.028366762530398548,28508.4938886475
Israel,Mortalidad_Baja,1.11655951925366,0.19110539621599093,0.9705946178609202,-0.7787833670541224,1.1022467137330683,-0.8312380157551159,1.1296954049437211,0.025327555595035994,30269.217773489
Israel,Mortalidad_Baja,1.131171949291683,0.19033401766615649,0.9749845783178925,-0.7824789879998123,1.1249606529087486,-0.8321419933941314,1.1250478679089546,0.029830200402722856,25721.2594077311
Israel,Mortalidad_Baja,1.1499843600228865,0.19089593668629576,0.9808061222073869,-0.7869804949676835,1.1517285480709578,-0.8335510534804481,1.1199152471522367,0.03539832330536319,22527.2619795719
Israel,Mortalidad_Baja,1.2070540778878307,0.20661804604726533,0.9999971028860677,-0.7983257165281034,1.2106251821624223,-0.8400364421927559,1.1120136754711167,0.05022834800243925,21286.8388636595
Israel,Mortalidad_Baja,1.3317013221963132,0.2636900837660094,1.0443948660224742,-0.819357747955304,1.3030859115342062,-0.857786779330829,1.107192754116853,0.0792755893034563,20568.0694088834
Israel,Mortalidad_Baja,1.379162002428459,0.32421818009436587,1.065536200862117,-0.8209705350275753,1.2765502068829337,-0.8706645180301109,1.1265828938767997,0.08462968939257104,19643.4690380742
Israel,Mortalidad_Baja,1.148907858944805,0.18987838281876582,0.9803653966210937,-0.786885339141288,1.1517649485146353,-0.8333150057053477,1.1196698458021188,0.035224621723628946,19076.4584298321
Israel,Mortalidad_Baja,1.2193689544723723,0.22681260188668603,1.005972931488714,-0.7980042255705413,1.1965961371946943,-0.8440859044604637,1.1195008424751407,0.05095740671509805,20966.3052667971
Israel,Mortalidad_Baja,1.0092472011952363,0.34315815415360934,0.8383338387022288,-0.6957477102952577,1.258767929003199,-0.7785671439295985,-0.7234187263996927,0.08309820503343773,21706.5194056329
Israel,Mortalidad_Baja,0.01208385330676831,-0.08789122912369218,0.4822860919967396,-0.4802833267100698,0.42199315396824866,-0.6571962591152536,-1.0311814122695155,-0.1627374251592122,19025.6840502517
Italy,Mortalidad_Baja,0.9272859670635089,0.0969595822721936,0.9023606388676793,-0.7480803534028251,0.9737564631830519,-0.8031043098698567,1.1329217154145081,-0.01767932588449081,35653.9042103495
Italy,Mortalidad_Baja,1.09159064286919,0.19514754489799546,0.9633907586397292,-0.772019468203889,1.0590994488562635,-0.8301229901872293,1.1391271624645112,0.017233068479723418,36852.5425414951
Italy,Mortalidad_Baja,1.0424408916222383,0.09160019250163384,0.9370347941911297,-0.7770855061531228,1.1516111885810911,-0.8103416959583605,1.0966899278333972,0.017698457216011626,32091.4866621366
Italy,Mortalidad_Baja,0.7064594728727962,-0.06164124639892569,0.8170509059392188,-0.7200614592483081,0.9030143590189633,-0.7624248696741542,1.1026874223214782,-0.06036156649093727,33812.788724868
Italy,Mortalidad_Baja,0.6196473192806711,-0.10125572856878146,0.7849948695271225,-0.7046732320000925,0.8432058254439362,-0.7495791868960693,1.0837630423332523,-0.07962562899046988,34904.1081923834
Italy,Mortalidad_Baja,0.7301919261686508,-0.05266319378336327,0.8253986055303,-0.7244400741927179,0.9232030093231293,-0.7655508481897779,1.102695059025852,-0.054639733307917104,32844.115660604
Italy,Mortalidad_Baja,0.690401362194795,-0.07733603661025024,0.8101753492387602,-0.7185740413309125,0.9054014920521297,-0.7587148833318826,1.0939802008790205,-0.06266664980159692,31391.5692898108
Italy,Mortalidad_Baja,0.6837981721364079,-0.09498958460712621,0.806479358731139,-0.720029907654884,0.9227265795216447,-0.755578345231831,1.0911626517709898,-0.06227125601402694,30639.8829751432
Italy,Mortalidad_Baja,0.5883914028024565,-0.14912553942574144,0.7704468524697077,-0.7050869805193105,0.8723837640983211,-0.7399447526290572,1.0714625551802037,-0.08218781312528944,36028.3494022349
Italy,Mortalidad_Baja,0.5897426058793602,-0.12177260263446181,0.773211399371424,-0.7005107243043317,0.8334981001303011,-0.7440746016152958,1.0736661004970462,-0.08525915440985388,35701.6746002376
Italy,Mortalidad_Baja,0.587240058927484,-0.1022836330982762,0.7734098677334782,-0.6959601222421969,0.8036630998015938,-0.7464621978486008,1.0624231158927369,-0.08787905691402692,34854.3949441965
Italy,Mortalidad_Baja,0.6959280377976834,-0.027672800743390458,0.8151613792360395,-0.710406867034709,0.8433880278735751,-0.7660012967635212,1.0781380032951438,-0.06648398177512804,38432.3742820019
Italy,Mortalidad_Baja,0.8399419290525341,0.04528998435995273,0.8681478301366612,-0.7341260462680159,0.9351800200167123,-0.7880226026738788,1.0943762601108613,-0.03474892451034123,35856.8625485539
Italy,Mortalidad_Baja,0.9339505718560385,0.06057334266382821,0.9004281139721808,-0.7557058209185006,1.0414602958275205,-0.7978332547533422,1.111087838508676,-0.010326125480239173,37099.6133958219
Italy,Mortalidad_Baja,0.8271904724203476,0.10958668420519037,0.869874762820227,-0.7195451523213867,0.8199136213298773,-0.7966586597006827,1.106211895468452,-0.04684318926511416,40828.5795580937
Italy,Mortalidad_Baja,0.840181420062861,0.14512113468033844,0.8773208983703964,-0.7166028730202127,0.7841868565688862,-0.8029942932734884,1.1138872422992159,-0.047813875184956334,37826.1754554823
Italy,Mortalidad_Baja,0.7919351040772146,0.12371660098568289,0.8594825762662255,-0.7078939037343177,0.7503498983963349,-0.7959122726569925,1.1019582027655241,-0.058532886215842794,33537.1286994269
Italy,Mortalidad_Baja,0.9272767368141569,0.16401008970997472,0.907195327857304,-0.7354734034391301,0.8774155280780173,-0.8125887363138009,1.1212897600419014,-0.02541219133919398,32062.723833669
Italy,Mortalidad_Baja,0.8802238315909537,0.14146794642512275,0.8906016050313641,-0.727870351154638,0.8429527948071905,-0.8058514144684918,1.1279109477740736,-0.03646624595560227,31348.1901841445
Italy,Mortalidad_Baja,0.9419908810087675,0.15602275576676086,0.9120245641664813,-0.7411306782726186,0.9067666539951441,-0.8128866627064095,1.1359303033846726,-0.020843851211299197,27577.5700319855
Italy,Mortalidad_Baja,0.6752017220189721,0.050656197954029154,0.8159895512585513,-0.6915721246735392,0.6940194281447621,-0.7762955268789049,1.1001672283347717,-0.08304670362747352,22451.3964379368
Italy,Mortalidad_Baja,0.4530262542798914,0.12691282295890804,0.6472179574491845,-0.5565953299309125,0.7015312397149961,-0.7248615318516803,-0.9154375247480422,-0.06742639166308811,20570.4385917862
Italy,Mortalidad_Baja,0.6264676390175381,0.05050896172513349,0.800670880580052,-0.6794573100115343,0.6241841827179806,-0.7726846213572653,1.1067747056561725,-0.09733693935804216,20190.0035636084
Italy,Mortalidad_Baja,1.0208863296691748,0.25601830805274756,0.9479317502311033,-0.744433599834826,0.8601740895742876,-0.8345603855597276,1.1839907495573403,-0.012565119623181575,20712.1798690324
Jamaica,Mortalidad_Media,-0.09955624119724248,-0.37554327933381726,0.3064732410808583,-0.48881312100863766,0.6118654801848107,-0.4534000160541789,-0.9268291393263965,-0.10106802650844116,6022.15339791763
Jamaica,Mortalidad_Media,-0.203982373143274,-0.5677723778301953,0.2446118379365233,-0.42902417933408754,0.7182535769323631,-0.35722744306122295,1.119886814239857,0.06605634417487935,5165.33782130331
Jamaica,Mortalidad_Media,-0.09303588866892315,-0.422417595985552,0.24383439544984786,-0.49037561966994325,0.6546190557819672,-0.36779047643714297,-0.8918296303717803,-0.06257435553841129,4879.44025773374
Jamaica,Mortalidad_Media,-0.0788220680931725,-0.4010583859589505,0.2832669557908056,-0.4946642182020218,0.6636304251220141,-0.4153202550596706,-0.915741224752536,-0.07780703087599405,5607.24299266608
Jamaica,Mortalidad_Media,-0.22329811658854848,-0.5010375979641656,0.34316427230385804,-0.4283182098367255,0.6314799827922211,-0.4914587422866854,1.1337786108814796,-0.00024486323948330613,5578.10347525832
Jamaica,Mortalidad_Media,-0.1277961150179971,-0.39425735835562487,0.263049025998055,-0.48074613386616594,0.5772316476889815,-0.4051769167241499,-0.8940685875387917,-0.09050347839438255,5259.31332766957
Jamaica,Mortalidad_Media,-0.08228068342290903,-0.3990112500515274,0.28758953052933856,-0.494578190841135,0.6547011548078724,-0.42146186616429293,-0.901468631607762,-0.08202427728403794,5009.79448724295
Jamaica,Mortalidad_Media,-0.05406113654163114,-0.41329385145330944,0.2898537856865578,-0.5038775334817552,0.7088581507902428,-0.4136061847266407,-0.8841349524316724,-0.06954424076145727,5062.8955502426
Jamaica,Mortalidad_Media,-0.06836097522227277,-0.4078695004692946,0.2787008889032593,-0.4972837772435921,0.6863633132663797,-0.4059475552644601,-0.9210101589834829,-0.07006065654549865,4975.11325459872
Jamaica,Mortalidad_Media,-0.04707985855258931,-0.4161092080362981,0.2802036100272591,-0.5033555672079353,0.7273856145828682,-0.40060994804848293,-0.9251669725651235,-0.06044614314039387,5124.21301411137
Jamaica,Mortalidad_Media,-0.003146852230768063,-0.4332684351620126,0.2849519448929313,-0.5163570006363413,0.8112445687055593,-0.3913621477416922,-0.9262258889883879,-0.04156793969566808,5340.83333232158
Jamaica,Mortalidad_Media,-0.02029331950789426,-0.42682355237024855,0.27877034734661776,-0.5102817559982387,0.7806727511680814,-0.390107178288676,-0.9414161752698618,-0.04640603099619267,5232.63644918132
Jamaica,Mortalidad_Media,0.016569146291136566,-0.43647745795832843,0.2898119536675441,-0.5213002025417105,0.8476527204326317,-0.391670387028185,-0.9449568550730816,-0.03454908655566141,4809.977380312
Jamaica,Mortalidad_Media,0.09100802393096408,-0.463709722545447,0.29919919536021483,-0.5430199521448025,0.9891270675724105,-0.37807551014325097,-0.9533502622511751,-0.0032888658555013106,4428.38153333557
Jamaica,Mortalidad_Media,0.06582725417385266,-0.42860307673388054,0.3299380208331025,-0.5351096326645257,0.9251102978032534,-0.4284692014605835,-0.9833501147594763,-0.03290211245615954,5029.80095281745
Jamaica,Mortalidad_Media,-0.015609132954206822,-0.38171244189364356,0.33500016633081053,-0.5091986459806519,0.7631989749878748,-0.4657765135065115,-1.0239773192648436,-0.07553127111365354,4716.48612542727
Jamaica,Mortalidad_Media,-0.05088543758899798,-0.379898117883553,0.31270884566274354,-0.49831195961054875,0.7047352475535101,-0.4489391533408802,-1.0191445227874087,-0.08024593176997719,4417.00127135363
Jamaica,Mortalidad_Media,-0.0005768968255705081,-0.40117550847304484,0.32381780168270785,-0.5151999668393971,0.7978763158138397,-0.44409407176597593,-0.9872127168387601,-0.06200712121859464,4184.43974867497
Jamaica,Mortalidad_Media,-0.009146040354845661,-0.557370112718678,0.44014208385640685,-0.524586038847237,0.9340344852198122,-0.5336776626891131,1.0664488691097345,0.003060097423241148,3807.56293124552
Jamaica,Mortalidad_Media,0.039565941175601055,-0.41216922965449915,0.33445220150165694,-0.5270180321353689,0.8714970395830298,-0.4441061453388436,-0.993486435135974,-0.04829582828791762,3549.70758394618
Jamaica,Mortalidad_Media,0.011680346473774333,-0.6094804691214127,0.3772182626256767,-0.5265511740603531,1.0145474331019226,-0.44356227579057433,1.1158588252847994,0.05507700876356278,3680.64551727724
Jamaica,Mortalidad_Media,-0.02130241335367418,-0.418331242410223,0.28356676321308555,-0.508372012252021,0.7765444011577541,-0.3983414257654481,-0.974365838033384,-0.04945093815877227,3503.55026688858
Jamaica,Mortalidad_Media,-0.02241721953176544,-0.4268883877835619,0.269690417507803,-0.5077396593814846,0.7810178241996012,-0.3804864890606798,-0.9708135843977572,-0.042158288421099144,3453.09252800226
Jamaica,Mortalidad_Media,-0.14874138921462712,-0.36814212493170567,0.2665803172072701,-0.4697036764934996,0.5349097951284891,-0.4217498012108055,-0.9867760701049533,-0.10231460072061943,2630.84935382822
Japan,Mortalidad_Baja,1.4862615386791962,0.6122032293063796,0.9860418491447118,-0.8383388571060617,1.802535352317232,-0.8030598313019282,-0.6302036102937916,0.23829057503222195,34065.6438962526
Japan,Mortalidad_Baja,1.464106193005516,0.6667880124261808,0.9799146434148902,-0.8334858446553816,1.7279265338627434,-0.8020309869605419,-0.6057141444261878,0.23221788543018979,40094.5599795288
Japan,Mortalidad_Baja,1.7337303401965467,0.4837916952312737,1.1915262326670393,-0.8812546686255597,1.543973109722856,-0.9207194485677408,1.1113528115677722,0.16766442064405543,40028.7341726762
Japan,Mortalidad_Baja,1.7321083968618136,0.49424739358393527,1.1921713099164508,-0.879135056792029,1.5249492595852145,-0.9222546786987068,1.1175420720407028,0.1656395109459204,40415.9567649547
Japan,Mortalidad_Baja,1.7598989682644621,0.5250984670996385,1.2058015261158406,-0.8797170824248026,1.5194321162568394,-0.9289489464005443,1.1254525258814447,0.16947694087041135,39751.1330982711
Japan,Mortalidad_Baja,1.878211288754595,0.6069724646290906,1.2599946367643113,-0.8893483722883864,1.577093387590914,-0.9495370219096275,1.1312329347263912,0.19311344420556603,38834.0529341227
Japan,Mortalidad_Baja,1.6993522091660367,0.4754189417323946,1.1800857121040746,-0.8742394349322101,1.5067470405618786,-0.9169859125405102,1.1167133675861447,0.1585694951926109,39375.4731620781
Japan,Mortalidad_Baja,1.673460323679878,0.46139203572522614,1.170626200724783,-0.8702286394458989,1.4909971691588972,-0.9129562486810058,1.1165265833045261,0.1528551758926665,34960.6393843385
Japan,Mortalidad_Baja,1.7777491631278424,0.4952664605667085,1.20864891192241,-0.8885854373966743,1.5941436527721304,-0.9254521620955348,1.1036299359936308,0.17923597011248224,38475.3952461838
Japan,Mortalidad_Baja,1.8379112938743492,0.5247252342017134,1.2346683411979054,-0.8956229954109794,1.64251544825454,-0.9340156507472392,1.1000196578350294,0.19304245200458725,40898.6478964744
Japan,Mortalidad_Baja,1.7873931052866223,0.4840177503861563,1.2108022987293474,-0.8925209355627591,1.6268894821317774,-0.9243250211833618,1.094459089211753,0.1837937479124882,49145.2804308193
Japan,Mortalidad_Baja,1.7784756098226473,0.4820210112226696,1.2072449427013154,-0.8910612376692983,1.6160113031971388,-0.9234266332201357,1.0962691214055442,0.18139939680376202,48760.0789494211
Japan,Mortalidad_Baja,1.7112144187979472,0.5212424245514973,1.1868174469578956,-0.8683930413418187,1.459219756351326,-0.9242101965344107,1.1013169493003805,0.15702679291807212,44968.1562349739
Japan,Mortalidad_Baja,1.7700790385243301,0.4786205905818727,1.2037033402231232,-0.8899540530856289,1.608147638290291,-0.9223427557892145,1.0971555076715436,0.17936810481209492,41308.9968370512
Japan,Mortalidad_Baja,1.7572030827262355,0.5516397653433173,1.2041704192118245,-0.8745834095106357,1.4786674081630546,-0.9322115255376237,1.1037236724650186,0.16641085393221303,39876.3039685725
Japan,Mortalidad_Baja,1.3487449211076874,0.7252430220691415,0.93620448382535,-0.8071860961654473,1.5635136828378435,-0.7873972553366073,-0.6804257585631925,0.20818296811391818,35779.0245416427
Japan,Mortalidad_Baja,1.2612835300117613,0.6818141768082465,0.9071265030858435,-0.782284007153963,1.4722588040775775,-0.7809504697259624,-0.718195224344381,0.1823441290848655,35991.546002862
Japan,Mortalidad_Baja,1.2822259583319313,0.6838338912984042,0.9143758588652591,-0.787826156861023,1.4979261359281542,-0.7828415097199655,-0.708488366442396,0.18792731264830728,37812.8950199948
Japan,Mortalidad_Baja,1.288156897291482,0.7060880253446458,0.9165602763811929,-0.7900234389780558,1.4898986473992641,-0.7833114327982191,-0.6976144933115966,0.1900044493893411,38298.9801712303
Japan,Mortalidad_Baja,1.2652396024448387,0.6632356412974393,0.910659729992013,-0.7815800771384535,1.4763384252255851,-0.7835393601457226,-0.6977880739008671,0.1801818722321931,35387.0374203599
Japan,Mortalidad_Baja,1.1039080387480324,0.5858662129917446,0.8573953382956934,-0.7355369595428847,1.3038646245087602,-0.7719793234315735,-0.7624155669982762,0.13214688842702904,32820.7936433254
Japan,Mortalidad_Baja,0.9726125349516329,0.5573150739983549,0.8147878676720168,-0.69878178026616,1.1359212041478153,-0.7629747974342885,-0.796121958572324,0.09319247267460595,34406.1824638092
Japan,Mortalidad_Baja,0.8968344564087708,0.5625547290613784,0.7899077245609749,-0.6784188881579101,1.0262802584690527,-0.7573107539855678,-0.8121766991000305,0.07172013873515229,39169.3595701504
Japan,Mortalidad_Baja,1.3398292104366414,0.9713833525716774,0.9350206507855938,-0.811763747969036,1.3758121413652584,-0.7862317082031287,-0.5874292258459677,0.21096056754456993,44197.6191013908
Jordan,Mortalidad_Baja,0.09581381049768531,-0.3108956436603529,0.5027764852106991,-0.5494899528164842,0.8197854711819726,-0.6363287848219326,-0.803856237394101,-0.12126476816442311,4332.25159897931
Jordan,Mortalidad_Media,0.09571171969440825,-0.33966341455527244,0.4979793546620325,-0.5531920234416918,0.872201088246055,-0.631071389563201,-0.8511660932144129,-0.11567081785582561,4183.49998326866
Jordan,Mortalidad_Baja,0.11156530415676644,-0.34817753224761105,0.5023521351025351,-0.5587471378729321,0.9071894086669688,-0.6310380185352975,-0.8516894031316418,-0.11004119181879346,4022.0401356135
Jordan,Mortalidad_Baja,0.13200646695693105,-0.3128574177838461,0.5133872884329918,-0.5584913760741277,0.8771984781351178,-0.6384470025650231,-0.8203913148918582,-0.10988456607558716,4170.1144003465
Jordan,Mortalidad_Baja,0.13657752028334288,-0.284629919029089,0.5171502982405654,-0.5545054568239054,0.8420019308134451,-0.6429043957953557,-0.8202533551941611,-0.11204623002799419,4145.43989673265
Jordan,Mortalidad_Baja,0.08557873949466827,-0.3004512716362565,0.4985200210958844,-0.5438548131803596,0.7975668335483476,-0.6362645129939799,-0.8392019044566079,-0.12393371304569833,4065.61628749384
Jordan,Mortalidad_Baja,0.06353456142493857,-0.32054904115430294,0.48845453895524266,-0.541083828177541,0.8018186424438524,-0.6310553687329432,-0.8656315945539614,-0.12663756291828282,3986.71677010853
Jordan,Mortalidad_Media,-0.012572954594180091,-0.34355106213211284,0.436712802384586,-0.5217904206775696,0.7195041961139935,-0.5898138384375511,-0.8754091181987425,-0.13238794937164572,4042.75678097555
Jordan,Mortalidad_Media,-0.007006150933559163,-0.3351002387849725,0.4503361999472408,-0.5229817690014746,0.7239466177767239,-0.6064446595980293,-0.8925781998125497,-0.13728362271632277,4191.18050084986
Jordan,Mortalidad_Media,-0.011473423017587109,-0.3342200403683613,0.44385271039676333,-0.5204530661791668,0.7183941871414198,-0.6004760169580567,-0.9107626996074649,-0.1357128767740559,4311.21916713038
Jordan,Mortalidad_Media,0.022784729861719172,-0.3128699944394916,0.47351997297775095,-0.5278072662985506,0.7434449415320349,-0.6279598729436822,-0.9137556760735599,-0.13717961702550951,4169.50470054618
Jordan,Mortalidad_Media,0.054664010345089276,-0.3070088817625809,0.4868733491614733,-0.536470908350055,0.7686629621081907,-0.6324175040900405,-0.8623425566164258,-0.1309986124736579,3946.85503855525
Jordan,Mortalidad_Media,0.10455836486043799,-0.3442128362494888,0.5803198271916932,-0.5557757844334482,0.7049537687835988,-0.672440519066305,1.0847711501021295,-0.08332674451585742,3718.46571622945
Jordan,Mortalidad_Media,0.008017093725610103,-0.3199466300402225,0.4677857450875592,-0.5250926227079815,0.7348287673589492,-0.6256142060995533,-0.921911336184269,-0.14019738161461825,3435.8337590698
Jordan,Mortalidad_Media,0.14745464689527224,-0.3305878013114459,0.597317607223449,-0.5709421020388858,0.720500379162201,-0.6779611886685004,1.084657173210494,-0.08506098441937088,3241.6524135556
Jordan,Mortalidad_Media,0.27430172768504324,-0.2938374574559083,0.5561936265139102,-0.5883311944294836,1.0680261689118913,-0.65018809267916,-0.906375968085886,-0.06750354919109114,2506.20599484139
Jordan,Mortalidad_Media,0.27582080460763814,-0.4320720418245349,0.6311437920922909,-0.6353800540471398,1.0097888111226343,-0.6718161884087719,1.0034230535738444,-0.06133312529406121,2342.63459574933
Jordan,Mortalidad_Media,0.11284989490373723,-0.38908675014201544,0.42570371848790917,-0.5515111403718319,0.971304791157669,-0.5373744680150039,-0.9986471282885991,-0.06397580492908306,2087.87079273635
Jordan,Mortalidad_Media,0.0682498713700816,-0.39730195915151884,0.37961180277663187,-0.5369321280783902,0.9060203699410735,-0.49292076867751067,-0.9957182407390968,-0.05977930104842061,1940.08641342805
Jordan,Mortalidad_Media,0.1206070517170856,-0.4114789798061277,0.39651601788565766,-0.5530529971167704,1.0005292138695068,-0.4963414107506139,-0.9928662732329105,-0.04366986102979675,1775.67625581432
Jordan,Mortalidad_Media,0.08957431498121482,-0.5651646399026047,0.5084384874336791,-0.5725604008698295,1.050403448533657,-0.5845285972694284,0.9812134207327423,-0.016492154754134403,1706.26744384401
Jordan,Mortalidad_Media,0.043634671801357855,-0.44011564431216715,0.2881139503851981,-0.5257096473692304,0.9018430389037765,-0.383090571165375,-1.0089775631814124,-0.019980893985199866,1632.29454010563
Jordan,Mortalidad_Media,0.060151637217992715,-0.45864336843453807,0.269830282771712,-0.529789876235034,0.9430337963994434,-0.35355726390338943,-1.0109951690728445,-0.0015109772377156772,1570.61002940477
Jordan,Mortalidad_Media,-0.25419603900040033,-0.518927488501025,-0.040786362670605494,-0.46854236353599077,0.5268339452596864,-0.08996051526838778,-0.9167066972617259,0.02212133030176891,1415.71151592128
Kazakhstan,Mortalidad_Media,-0.07214473540327739,0.2222040597832314,0.48271169534666863,-0.40382108664297184,-0.1634044555790144,-0.6968374568477176,-0.9858795053988134,-0.22708463183274424,11255.3396437881
Kazakhstan,Mortalidad_Media,0.06024956802302292,0.15133915952781693,0.6152162465227413,-0.48339829133237766,-0.19431569821086483,-0.7420523178222553,1.0793138912739266,-0.21056887209536096,9983.60103576902
Kazakhstan,Mortalidad_Media,0.05215893216724715,0.05278150476995456,0.6021020091170362,-0.4912579005699306,-0.030940468626507067,-0.7268060446201849,1.07940113177941,-0.18602313392284697,8781.50797787648
Kazakhstan,Mortalidad_Media,0.1525937753360572,0.17286101258682884,0.6509469069864271,-0.5169932672057488,-0.14740431508861487,-0.7527435615516334,1.077185490090988,-0.21249452679235098,9457.12614657136
Kazakhstan,Mortalidad_Media,0.2659867003160614,0.21361336250801186,0.6967033893918162,-0.5561045317847225,-0.113985088080988,-0.7682675706250177,1.0884148520289518,-0.21728035726366662,9472.48527327758
Kazakhstan,Mortalidad_Media,0.0690822433250304,0.03870367936412073,0.6061718682177786,-0.5002580391874609,0.007908595329334689,-0.7256749994725791,1.0577706038189036,-0.183659292380062,8943.08416791984
Kazakhstan,Mortalidad_Media,-0.18607755734430126,-0.04562635541445558,0.5031664075629556,-0.41250623253599816,-0.08133048610751697,-0.6912826682532129,1.0048465712234627,-0.17713147207813085,7475.56688689424
Kazakhstan,Mortalidad_Media,-0.30102969412474556,-0.17516784717323242,0.44737161644687196,-0.3831163764413257,0.037179908664636774,-0.6622816995069347,0.9831449503446071,-0.15091269510059857,10196.1226255982
Kazakhstan,Mortalidad_Media,-0.37309104530121673,0.03680139942296624,0.44298338209036653,-0.33151235286066666,-0.39596986984541277,-0.6877110176945833,0.9805341747667256,-0.2074837148622667,12427.7094576939
Kazakhstan,Mortalidad_Media,-0.2691256301080809,0.25726671126244716,0.5029428068238198,-0.3481237151934068,-0.6839744196969948,-0.728429071774849,0.9599790787715998,-0.2607159963203813,13478.459627612
Kazakhstan,Mortalidad_Media,-0.3600347610006589,0.20849611048964142,0.4644726453464215,-0.318732934822356,-0.683070889140403,-0.7135154337413144,0.9467023337883791,-0.2531862925587197,12018.7966527993
Kazakhstan,Mortalidad_Media,-0.43181915755026634,0.17619919254324276,0.4414695422336438,-0.28127295145905523,-0.7626961335649335,-0.71536084354729,0.9079161348689258,-0.2334844136012349,11287.1464926039
Kazakhstan,Mortalidad_Media,-0.6141627278047072,-0.012382952634451648,0.3454334969924998,-0.24869005620704393,-0.557144708973168,-0.659303739197558,0.7536340065379059,-0.22009573425633394,8793.07589980782
Kazakhstan,Mortalidad_Media,-0.6854317469900952,-0.17246375166599012,0.2992747173265049,-0.24490973368644708,-0.3319955300367336,-0.6253471011880495,0.6862794785560962,-0.19250806535676424,6938.01175663001
Kazakhstan,Mortalidad_Alta,-0.6130039944400033,-0.045510472051369724,0.33702680244973515,-0.26116313667807634,-0.4884865077464564,-0.6489022222095089,0.628317955051297,-0.22663252048234434,8123.54705891736
Kazakhstan,Mortalidad_Alta,-0.6298204138408464,-0.17131372878584025,0.31599743179949463,-0.2712669846965656,-0.28891031321244354,-0.6275881417496187,0.562026781754941,-0.20127918605825879,6449.43931096532
Kazakhstan,Mortalidad_Alta,-0.7577728129871087,-0.23863953950923109,0.12793829804870138,-0.16669115942673202,-0.33201843287127897,-0.41895132447592026,0.636391515845951,-0.15867269564985081,5030.13494711519
Kazakhstan,Mortalidad_Alta,-0.7046212294328351,-0.2448829973056786,-0.09981629142201016,-0.08450385166685853,-0.23375585875075827,-0.06692381508342726,0.8577290712640306,-0.13492800206324956,3577.35804001782
Kazakhstan,Mortalidad_Alta,-0.6632461469843107,-0.2687212563192453,-0.18784678234177685,-0.06172264444143061,-0.1590650262169272,0.07564193259176427,0.9222469123341361,-0.11219773554678197,2722.47407755402
Kazakhstan,Mortalidad_Alta,-0.7091374256729474,-0.2248213930742776,-0.2910181957997684,-0.026217844249003308,-0.2219481321576259,0.1776167307443045,0.9813187436893362,-0.14578793597316164,1958.02050246511
Kazakhstan,Mortalidad_Alta,-0.7094566388213349,-0.2322757051534715,-0.32917186455826003,-0.013084991662698942,-0.22358483027309264,0.2178126577157271,1.00130583271623,-0.1466356386189563,1573.55219932325
Kazakhstan,Mortalidad_Alta,-0.7141732346961392,-0.26908726734893196,-0.44586781899653893,0.08788972491833413,-0.27859795239091856,0.34404797133293674,1.1168251217608003,-0.16101497476504134,1422.27331810957
Kazakhstan,Mortalidad_Alta,-0.602765316991713,-0.3914784151652643,-0.5139531276884353,-0.15514167947675678,-0.23431674542872968,0.3091838187431566,-1.038487538104342,-0.2059334317514272,1180.0444563226
Kazakhstan,Mortalidad_Alta,-0.6095348315180192,-0.3910665506140435,-0.66548617901629,-0.22106884959694098,-0.13820340674171763,0.4412979305434289,-1.1565809015156578,-0.20217116358164705,1217.79138769863
Kenya,Mortalidad_Alta,-0.6151870718598413,-0.5105803907446379,-0.6410535244837121,0.33173068241610537,-0.5755171229263801,0.5088734188367541,-0.956519161564416,-0.23964557183443547,2109.56288513137
Kenya,Mortalidad_Alta,-0.7016137780824548,-0.42176928488883064,-0.8235106990648169,0.3974742646705264,-0.4810351913182087,0.7416707437111656,1.0939577580308815,-0.21550411317433554,2061.35622089594
Kenya,Mortalidad_Alta,-0.6867504849957041,-0.4659794629564528,-0.7738951405967365,0.5293406621919471,-0.6227004716148699,0.7096140367223407,1.0833674858934303,-0.23297545834936795,1927.66459027849
Kenya,Mortalidad_Alta,-0.615809802297487,-0.5126999566195054,-0.7047638292105551,0.3013124047035448,-0.5391216773779639,0.5643950375632564,-0.95144813958285,-0.24099409224834378,1960.40808854893
Kenya,Mortalidad_Alta,-0.6149951830168223,-0.51117159867813,-0.7232797244017397,0.2772161431017738,-0.5179367295615736,0.5776547761253531,-0.9675613026966887,-0.2408462337285548,1836.45275528993
Kenya,Mortalidad_Alta,-0.624283197699096,-0.513553362058833,-0.7381152190747922,0.3307347583917555,-0.5394012365316257,0.6031798990832428,-0.98002426077706,-0.23828756644203924,1667.48447230835
Kenya,Mortalidad_Alta,-0.6151942386010557,-0.5109235636155357,-0.760156295137216,0.2521030639311099,-0.49087892612660866,0.6084504731429997,-0.9785666082276065,-0.2410435525375047,1554.12610314423
Kenya,Mortalidad_Alta,-0.715368688653038,-0.37508739207358954,-0.8483679656633611,0.2655565679864439,-0.34583765398761834,0.7500217297788134,1.1044515948657863,-0.19735573399263345,1489.11959777284
Kenya,Mortalidad_Alta,-0.605678411453758,-0.507406001860482,-0.8192597088739362,0.14180357897638574,-0.41118060042338606,0.6434131160551159,-0.9922415630212833,-0.24397098693358343,1482.81566253497
Kenya,Mortalidad_Alta,-0.6141666303011608,-0.5114284947503769,-0.8340222488306346,0.19813438709037912,-0.43692260978500885,0.6691770786894495,-0.9857297119452002,-0.24245701109790752,1370.87885214659
Kenya,Mortalidad_Alta,-0.6200861111289525,-0.5135356137328594,-0.8449794376877435,0.23384970267219807,-0.45175111205829815,0.6871545444164697,-0.9881970488503671,-0.24110116507010843,1285.00536171512
Kenya,Mortalidad_Alta,-0.6223763109180493,-0.5152152681017556,-0.8492399477260715,0.2515129941246753,-0.46074872345971996,0.6947984873445272,-0.9806522907011708,-0.24095696354632068,1096.14499807675
Kenya,Mortalidad_Alta,-0.605545069479829,-0.5094586057643139,-0.8975150833336343,0.09685569443826514,-0.36215011653290835,0.7100892567486541,-0.988266628442761,-0.24574892833376505,1091.51873101194
Kenya,Mortalidad_Alta,-0.6199808444817309,-0.4609872395846312,-0.9744165337566519,-0.073679541170042,-0.1859498110914772,0.7617324146647184,-0.9749908491600092,-0.2275818149570797,1047.9678324485
Kenya,Mortalidad_Alta,-0.6811498912719344,-0.538504926958712,-0.8706395186851472,0.6762817931480005,-0.680025472086218,0.8022683598010913,-0.9632144861328564,-0.2276193447806273,915.54435473604
Kenya,Mortalidad_Alta,-0.6745042955613286,-0.5381116966910388,-0.9468308336434901,0.5846606888600423,-0.6069875238521805,0.8573971483004967,-0.9599119012393054,-0.2309375917685223,840.201439476765
Kenya,Mortalidad_Alta,-0.6789088693273649,-0.5410245819974251,-1.002428277793865,0.5848952890700692,-0.5888776860595994,0.9113745021290023,-0.958633383077717,-0.23101814228432077,699.80237063381
Kenya,Mortalidad_Alta,-0.692005025549057,-0.5584078928695481,-1.1859059316216116,0.6678873525714979,-0.6493547766295449,1.1202282338001137,1.0741243389698363,-0.26388693951190456,523.456312433863
Kenya,Mortalidad_Alta,-0.7471556051824382,-0.5671707175098039,-1.115988727212539,1.0136405871274161,-0.7760735234655474,1.109433394560283,-0.9661302467901143,-0.21606715274414467,463.662781300121
Kenya,Mortalidad_Alta,-0.763757404497587,-0.5752462174995827,-1.19613991983514,1.0897853169963425,-0.7902026955686687,1.2027384508882089,-0.9622819797295967,-0.21373566858193316,442.898457253405
Kenya,Mortalidad_Alta,-0.777909567419636,-0.5832168563264516,-1.2606689019545112,1.1621348059395886,-0.8091047096377817,1.2799548287114204,-0.9475016087168799,-0.2121862530393266,402.936385605382
Kenya,Mortalidad_Alta,-0.8035994950176623,-0.5920668300622016,-1.3153156722463868,1.3109833509070177,-0.867222480462479,1.3636608220270845,-0.9626214618801257,-0.2062468722258642,410.700452474814
Kenya,Mortalidad_Alta,-0.8103080858368681,-0.5974852556809536,-1.3968180134754284,1.317891289847975,-0.845653779120108,1.4439859259174677,-0.9503377206614962,-0.20676797279541154,414.626365130846
Kenya,Mortalidad_Alta,-0.8092256113116659,-0.6129220504003458,-1.4931094199813566,1.31499389037199,-0.8319636945342257,1.5349315334632847,-0.8151959343277118,-0.2150054582198614,340.064842175429
Kuwait,Mortalidad_Baja,0.3800114609506199,2.4743666898098264,0.5733802844365763,-0.6300074058796075,-0.6874990310220513,-0.6625057775915941,-0.8855369121033105,0.2221181542539242,39981.7690981957
Kuwait,Mortalidad_Baja,0.32531218531303185,2.4699519484494403,0.5355830280269955,-0.6200590739549636,-0.6342435961756987,-0.6345168603585272,-1.1122446164990192,0.0477666938144061,34018.6342879647
Kuwait,Mortalidad_Baja,0.6229751205122528,2.291527009011208,0.6208362511606791,-0.7015537541913488,-0.02068618306782466,-0.646249695345626,-1.2381646073008872,0.14257407895972074,25236.0755520534
Kuwait,Mortalidad_Baja,0.229044697577143,2.1255754505391344,0.5150635408843589,-0.5819650718321883,-0.6113162313267905,-0.6455356284490759,-1.1251188830603993,0.16097724205828678,31707.8737464917
Kuwait,Mortalidad_Baja,0.3615414158185508,2.5307334158425494,0.5499541651603099,-0.6341837756058992,-0.6420004897022077,-0.6424178377007783,-1.0646241804559462,0.17973540654196962,32067.9623689512
Kuwait,Mortalidad_Baja,0.40662171928749036,2.5876614600024066,0.5525629299000616,-0.6509982479451474,-0.538654510370711,-0.6302368220415819,-1.1667165932774828,0.08640808225039806,29047.6535822842
Kuwait,Mortalidad_Baja,0.5440769680442142,2.612769164459365,0.5923974237440381,-0.6918410496409868,-0.3300157425565985,-0.6351526716541842,-1.186668583934737,0.13287371985251528,27323.6890643847
Kuwait,Mortalidad_Baja,0.49836375570552893,2.621343288067184,0.5801239636979942,-0.678288253546184,-0.4167530109375583,-0.6342983169782737,-1.163868614124641,0.11674320710156799,29882.2126867068
Kuwait,Mortalidad_Baja,0.3248843464470865,2.2813235759455766,0.5660899063423823,-0.6031172489117433,-0.7028543935338953,-0.6703904265252421,-0.8356373003002935,0.1857752517183611,44368.781373043
Kuwait,Mortalidad_Baja,0.4663248643471182,2.610719279506298,0.6118202381901485,-0.6554892838748239,-0.7224763482264785,-0.6801553875076876,-0.7159183263545088,0.3405477395763738,49651.0439709448
Kuwait,Mortalidad_Baja,0.5202658077517217,2.7519254808587243,0.6275802629661567,-0.6763048120709241,-0.7295615561711188,-0.6816349410309986,-0.6833241421966905,0.38382282387405686,52155.2225460479
Kuwait,Mortalidad_Baja,0.4797739089337,2.681912942455486,0.6108359151296521,-0.6634904366740011,-0.7171251790975243,-0.6746510783181237,-0.7502537227291621,0.32697787150455254,49169.6063983139
Kuwait,Mortalidad_Baja,0.5513238073418592,3.061663299978455,0.6036416968442495,-0.7076598547247708,-0.6775426158359766,-0.643989208003369,-0.9557557021515273,0.2752612202647041,39212.2522190461
Kuwait,Mortalidad_Baja,0.49260487905089523,2.7909172953922696,0.5932838310818145,-0.6742407027483491,-0.6315013409621892,-0.6467387058711991,-0.9436421755716797,0.10185021035424209,37907.1001320042
Kuwait,Mortalidad_Baja,0.916042076411186,2.5820902354429816,0.7203061472175654,-0.7885854504004971,0.17559064998251106,-0.6685157933656748,-1.044227796538956,0.2310609579877056,55585.1889344442
Kuwait,Mortalidad_Baja,0.6908486271943334,2.317047643818377,0.6648077905255763,-0.7093249162965135,-0.07728232416273528,-0.6717497508299881,-0.9701413233090082,0.1362329089337177,45709.4132876371
Kuwait,Mortalidad_Baja,0.5968050936319604,2.763041536992766,0.6211830550936286,-0.7049063300813813,-0.4277451608338515,-0.6486857735896616,-0.9990375166201149,0.13846081668106835,42946.6374104066
Kuwait,Mortalidad_Baja,0.7385111948529504,3.37703122961616,0.6555261451315639,-0.7694648399700128,-0.5636995898183969,-0.6421580680670573,-0.915150524024319,0.21238067822163104,36122.6142741227
Kuwait,Mortalidad_Baja,0.8325274839162699,3.5727108088932473,0.6703213101087968,-0.8097063017673872,-0.46292677313973174,-0.632067797928624,-1.0144010557879588,0.2647740302911495,27552.2827399787
Kuwait,Mortalidad_Baja,0.8369716012884121,3.3228481729987784,0.6659616329112745,-0.8059470525712787,-0.2537045365119972,-0.6290460094180864,-1.1555050299241738,0.26558500709654087,22690.655175144
Kuwait,Mortalidad_Baja,1.61502171814745,2.1019903483405615,0.9584886064640292,-0.9579508692242512,1.421364203076692,-0.7328534761575034,-0.9305559689367173,0.40543978420206317,18512.7523035862
Kuwait,Mortalidad_Baja,1.2255829098276345,2.516608781789672,0.8334033536241825,-0.8642995724395293,0.5817189149360648,-0.7029813101426264,-0.8629458578949971,0.30343267986106404,17374.2318664227
Kuwait,Mortalidad_Baja,1.6191178021392743,2.021134846599928,0.9615859005811089,-0.9555369887370736,1.4702245639276788,-0.7355414945614096,-0.9346309361765137,0.40202061507473275,19296.3471698729
Kuwait,Mortalidad_Baja,1.1694141986682307,1.7794693704397226,0.8239837289577325,-0.8206248711037775,0.9393548730176765,-0.7139190880301534,-1.0002564545315586,0.25406196662874647,16168.165602374
Kyrgyz Republic,Mortalidad_Media,-0.7328903866126956,-0.23521113740995755,0.28382038691924744,-0.22233454760392876,-0.25357526033562805,-0.6178511468677805,0.9709439185994282,-0.15405821563572653,1739.72018344174
Kyrgyz Republic,Mortalidad_Media,-0.6940371713989026,-0.23511889186865234,0.298134287278258,-0.23719395912985103,-0.21798478869607352,-0.6211638963660477,0.9771275250148258,-0.15199783652789123,1349.99730650542
Kyrgyz Republic,Mortalidad_Media,-0.7457904968953025,-0.2356195096021642,0.2764740833785668,-0.21818125361034077,-0.2667614847529632,-0.6138747780613201,0.9430543341917146,-0.15595657837346943,1229.51766602907
Kyrgyz Republic,Mortalidad_Media,-0.7798697717048199,-0.24461621310376186,0.21848125618955308,-0.1959032984992447,-0.2979024228033182,-0.5509185930268948,0.953334938820958,-0.13645323036529444,1421.99927504102
Kyrgyz Republic,Mortalidad_Media,-0.7951516057354077,-0.227037282083088,0.19719429927989476,-0.15712717383897196,-0.3587153233283446,-0.5216024184841419,0.9451752522239776,-0.15609939153865465,1283.5203037417
Kyrgyz Republic,Mortalidad_Media,-0.7806971181536793,-0.23353749501151855,0.1397934316876133,-0.11005853676722677,-0.3673846154739748,-0.42867531726077607,0.9710916261833602,-0.1573704628045562,1221.39046807082
Kyrgyz Republic,Mortalidad_Media,-0.7609276298033087,-0.24541486573220614,0.061945181617288333,-0.031816775059081925,-0.3907670522050741,-0.2997923706360722,1.02738606966768,-0.1602721346999047,1103.27489428412
Kyrgyz Republic,Mortalidad_Media,-0.7468715355492029,-0.24967838793341507,0.015991405403416214,-0.009355923510829922,-0.38752997415471446,-0.22793991961611865,0.9946204045170974,-0.16087572408790352,1105.65193844261
Kyrgyz Republic,Mortalidad_Media,-0.7252045259375322,-0.28574905701916925,-0.02408851297673529,0.12987132274941082,-0.48760116471318904,-0.14015203497752127,1.0475484130317576,-0.17369037882547766,1264.52668823891
Kyrgyz Republic,Mortalidad_Media,-0.713964950316125,-0.2928177098485401,-0.06835681159171315,0.17592623501455018,-0.5021425822757697,-0.06655700045159718,1.0820923999930285,-0.17546183758339717,1269.66303464348
Kyrgyz Republic,Mortalidad_Media,-0.6894029799619601,-0.31656036104165736,-0.13284718678484458,0.2745184280962565,-0.5549378121182513,0.04828381457088338,1.0869381388823822,-0.18306114009882324,1168.62244675446
Kyrgyz Republic,Mortalidad_Media,-0.6723010209501414,-0.3674037574023967,-0.11506940963631829,0.4289628632517528,-0.7041805696511314,0.05646239337195064,1.0969248410699408,-0.2026159403030086,1117.40174350185
Kyrgyz Republic,Mortalidad_Media,-0.6688166686762529,-0.3739918415784807,-0.1834919624123837,0.43941376447760316,-0.6904258736472528,0.13392674666676085,1.0880562161231502,-0.2041750521306122,876.954476440354
Kyrgyz Republic,Mortalidad_Media,-0.6658489176175423,-0.3957189327087009,-0.2206760604976697,0.487847971775354,-0.7278727494322712,0.17519112898379996,1.0843912968559262,-0.21209102243904887,870.198894546917
Kyrgyz Republic,Mortalidad_Media,-0.6230589887517005,-0.5452778885035242,-0.1591804648615631,0.9056603750813614,-1.1515364784291062,0.1652377446084588,1.0512249403203189,-0.27003708762924156,966.388569370494
Kyrgyz Republic,Mortalidad_Media,-0.6061032888519733,-0.6227518313879008,-0.20129105002140585,1.1024254498992376,-1.3323472010897646,0.22858292059310759,1.0358939663497118,-0.2992487679294046,721.771577544361
Kyrgyz Republic,Mortalidad_Media,-0.5897054523722642,-0.6900590232506568,-0.21420712085570753,1.2796631359296222,-1.5017993292411203,0.2616957840443982,1.0219829510370844,-0.32488474920578314,543.113512472219
Kyrgyz Republic,Mortalidad_Media,-0.5914534206654546,-0.6940786509470943,-0.2204556210331731,1.3024081452636884,-1.5153254632273079,0.27171789651336653,1.021989317122128,-0.3255392937616478,476.548193640077
Kyrgyz Republic,Mortalidad_Media,-0.612036530699018,-0.7019621176900195,-0.22012045219205154,1.4552863245661982,-1.596735125467824,0.30261535541465645,1.0270820288457712,-0.32066618175481276,433.233873286
Kyrgyz Republic,Mortalidad_Media,-0.6509765933494593,-0.7179050750010886,-0.26671669428813194,1.7169010627037598,-1.7205617600076084,0.40124521947860714,1.0367644864105476,-0.3123950469492016,380.505828812441
Kyrgyz Republic,Mortalidad_Media,-0.6687576051865846,-0.7253653130281578,-0.2962713166804362,1.8315224914183375,-1.7718133782877987,0.4533234710119989,1.0411941234554882,-0.3087843926493167,321.726775366804
Kyrgyz Republic,Mortalidad_Media,-0.6931429677606163,-0.7346046611587915,-0.2912641176022735,2.0153360832195046,-1.8712082025600765,0.4860069081925166,1.047222926584977,-0.3029185487084922,308.41129550148
Kyrgyz Republic,Mortalidad_Media,-0.7005202635359243,-0.7369727763883878,-0.27014093670445166,2.0824066554190885,-1.9138110142563574,0.4792147013267495,1.049026959381402,-0.3007503643893794,279.621738464365
Kyrgyz Republic,Mortalidad_Alta,-0.9118111060625526,-0.6146840472065869,-0.581315394155973,2.5298561871172422,-1.7523198880554784,0.9009813509662021,-0.964928331148222,-0.16466264157513377,364.250365258345
Latvia,Mortalidad_Media,0.6272867623050699,-0.03912027350323265,0.7956445397723864,-0.6972497145254368,0.749185854332214,-0.7605849826560925,1.1452250875310122,-0.08777810573305539,20227.2307431581
Latvia,Mortalidad_Media,0.36057410260348166,-0.16500723819274166,0.6929991893798098,-0.6338436300881722,0.6299157799531296,-0.7206481540354739,1.1228157772794647,-0.11503427566989077,20261.8887788916
Latvia,Mortalidad_Baja,0.4056707624001775,-0.17883692979244248,0.7079891803005895,-0.6528966086168138,0.6950801516008877,-0.7223037354667721,1.1236248824656732,-0.10967570449925595,17564.2321549354
Latvia,Mortalidad_Baja,0.17833261235933381,-0.2492310429922949,0.6167850000881678,-0.5740751298173172,0.6074841861363889,-0.6924182092929574,1.0792396278350074,-0.10481714286518923,17294.9751600969
Latvia,Mortalidad_Media,0.42870032733731755,-0.18806717061974826,0.7151329742775769,-0.6632548454735616,0.731661242244218,-0.7226315071925049,1.1141554952484916,-0.10724353027868971,17252.1710428626
Latvia,Mortalidad_Media,0.8268531754119227,0.018888091833972224,0.8630840987555419,-0.7364232326601579,0.9503190734134762,-0.7837415383352762,1.1192518179613133,-0.036364778721154734,15132.4958333982
Latvia,Mortalidad_Media,0.6020677918060835,-0.15406929096896127,0.7753709630480088,-0.7100392856905886,0.8950301584660668,-0.7406851070542426,1.0896299456648115,-0.07844768298042759,13838.5266823272
Latvia,Mortalidad_Media,0.5500654364300189,-0.18028301839687896,0.7565859382727456,-0.7016609945643985,0.8602807444310651,-0.7329006552848758,1.0903262830028706,-0.09021259996738956,13321.9753140616
Latvia,Mortalidad_Media,0.36102678332424853,-0.2677803920253736,0.6813438450585294,-0.6471257593576978,0.8064859507580106,-0.704646262220322,1.0812300357560183,-0.09267315274353088,15185.814581236
Latvia,Mortalidad_Media,0.30210829412543794,-0.26910343629358574,0.6598630658782476,-0.6242574057321448,0.7551121617154078,-0.6996856389693513,1.0838049186795318,-0.09446978902806119,14484.4715282132
Latvia,Mortalidad_Media,0.29618571718443387,-0.2579950937465914,0.6590898922770614,-0.620399757806084,0.7308267124145768,-0.7010052019636595,1.0918193001258583,-0.09681808391205377,13329.3499931271
Latvia,Mortalidad_Media,0.3094573903152382,-0.2629264600006694,0.6634526662893694,-0.6260490606543961,0.7515599174504678,-0.7013925132905754,1.0934414532904102,-0.09490460858339195,12902.574053337
Latvia,Mortalidad_Media,0.43015836001559826,-0.23625579885200804,0.7098832996558686,-0.6702864866834891,0.8152153088007207,-0.7150675756598319,1.0864862582331754,-0.09741270138255259,11188.4191700977
Latvia,Mortalidad_Media,0.4140207797117287,-0.28907512465053303,0.6977760765542886,-0.6709687312033279,0.8907572020444777,-0.7053917825424154,1.0594086173247712,-0.08706527519992646,11996.0322729773
Latvia,Mortalidad_Media,0.34635365446929656,-0.27399145448143264,0.6750720680941649,-0.6425109769095851,0.8033861435321404,-0.7023246344235102,1.0710397635675268,-0.09256981379627299,15677.6080864506
Latvia,Mortalidad_Media,0.13644502941085093,-0.2861656558247261,0.597097755275501,-0.5627782109891387,0.6322209838025465,-0.6830851507117626,1.057012985090642,-0.09908684358879455,13370.9789452508
Latvia,Mortalidad_Media,0.09400496733654054,-0.3252272105434484,0.5772724977509496,-0.551124357967382,0.6605830969647094,-0.673585617876721,1.0444997452266411,-0.09200552150988789,9211.7374468148
Latvia,Mortalidad_Media,0.06922903105658898,-0.37409070862367405,0.5630240070140089,-0.5472109214140587,0.7223155881416935,-0.6641938195022552,1.0377369057386356,-0.08125122288347497,7283.78738127622
Latvia,Mortalidad_Media,0.009872944256579197,-0.369591819141053,0.5421964279551168,-0.5232381036287467,0.6607879743003292,-0.6602037627117039,1.0475754910745345,-0.08390833581825291,6109.73265186817
Latvia,Mortalidad_Media,-0.08849577533500264,-0.4135932882462751,0.5011839446863502,-0.49084728687937584,0.6461109419090961,-0.6451650212059294,1.0231944156093777,-0.07883579714689992,4914.57992829302
Latvia,Mortalidad_Media,-0.15361730267851104,-0.4255191420787712,0.4766112618134203,-0.4664042156161748,0.6078505151091741,-0.6383047329729816,1.0346360405505761,-0.07744186720961882,4003.60935783538
Latvia,Mortalidad_Media,-0.07453393960407462,-0.2929715499992819,0.4375261344241287,-0.49607394416139755,0.598296287130162,-0.6196277789069762,-1.0150537952415895,-0.16255286569987326,3504.61829462397
Latvia,Mortalidad_Media,-0.1881218261605984,-0.26940642160779743,0.3907103243803947,-0.4610742821654199,0.3981110532694806,-0.5986887154722924,-1.0150023766953122,-0.19179015548042117,3278.17896440803
Latvia,Mortalidad_Alta,-0.6183993662728606,-0.3247331935589605,-0.043815921379785974,-0.1475913439205747,-0.044040067778820635,-0.10271530385392622,1.0578566946932717,-0.039906314080628946,2256.77360387054
Lebanon,Mortalidad_Baja,0.7715619328082644,-0.6121135711437738,0.5542827619146655,-0.7488571933693562,2.2010089290317496,-0.4731326505299118,-1.0080738652556738,0.1865480194355298,3654.35845534878
Lebanon,Mortalidad_Media,1.009492975113768,-0.688430678643038,0.5865535597365805,-0.8150815706951832,2.6524069236540413,-0.4356280209352778,-1.0954280482029752,0.28548836438309566,4045.37391066234
Lebanon,Mortalidad_Baja,0.7314211474404531,-0.6577457633779388,0.44985264542997366,-0.7333286894551907,2.17254996409766,-0.35128084872270265,-1.008184538669176,0.22598341084972903,5561.19166950397
Lebanon,Mortalidad_Baja,0.3709523407519676,-0.5115844937955618,0.4199944196146316,-0.627056182858744,1.4801042743735664,-0.4389417467803462,-0.9980703699562115,0.06592720714141287,8905.88005497437
Lebanon,Mortalidad_Baja,0.3131148120032936,-0.4870050136153115,0.42176820506239787,-0.6112608016783453,1.36575222041989,-0.46062369054119134,-0.9776159630626595,0.03643365674751525,9174.53666204759
Lebanon,Mortalidad_Baja,0.2919346228847506,-0.4568911203559415,0.45364346302172104,-0.6059171153002909,1.3089130313701984,-0.5098516616428171,-0.982665799281407,0.008014316181723324,8608.21084982387
Lebanon,Mortalidad_Baja,0.29288655539329345,-0.45445794443053966,0.46483319074871277,-0.6080039159493288,1.3052715806999267,-0.5228041646883413,-0.9567218999993716,0.002014119722745955,8089.012088155
Lebanon,Mortalidad_Baja,0.29040899391192787,-0.4697767083474562,0.44442944956914493,-0.6079255291772032,1.3101085715856016,-0.49584295153585034,-0.931251062388422,0.012223510874771026,7714.1099998804
Lebanon,Mortalidad_Baja,0.25350293677381885,-0.4787466317581402,0.4070539078148766,-0.5968174089227832,1.2556362647824741,-0.4592058881667186,-0.9116971955100606,0.0151763499231167,7577.6413302369
Lebanon,Mortalidad_Baja,0.1989401356791249,-0.4512021545633244,0.4101665065713984,-0.5807475786477052,1.1471741587899715,-0.48264990165583366,-0.9149187558323237,-0.013348575089450448,8162.37929361396
Lebanon,Mortalidad_Baja,0.22657538579698447,-0.45107192225220766,0.4249260292661395,-0.5880503704741659,1.1943747035775751,-0.49335100535596244,-0.9395320894521559,-0.008019132292841818,8406.98405608118
Lebanon,Mortalidad_Baja,0.18194492861103131,-0.6466238405579785,0.4627360881010913,-0.6048369024453857,1.2443337789482296,-0.4885858809570188,1.0289208021309955,0.04853522825436052,7834.96257108993
Lebanon,Mortalidad_Baja,0.2394325365099458,-0.45744721794795495,0.4292193961698358,-0.5930619271659991,1.2174218391616267,-0.49341881332801474,-0.9195003132379049,-0.004241381605026712,7625.81051551165
Lebanon,Mortalidad_Baja,0.13925345715552281,-0.4161994565571536,0.41992203446084947,-0.5630552598259235,1.0255013354040763,-0.5168781090043737,-0.9247390989538826,-0.048116574000522216,7090.85493856621
Lebanon,Mortalidad_Baja,0.3210378773989111,-0.5084181525686827,0.4165455678160487,-0.618513012499594,1.3833474620629578,-0.4463548754012381,-0.8832347445589515,0.04280296936829592,5912.04532820842
Lebanon,Mortalidad_Baja,0.2123486394406129,-0.49119626689458606,0.369170094625338,-0.5862457055036798,1.1929199182854107,-0.4217583635305123,-0.8589140043655641,0.01616422511949997,5125.25809960149
Lebanon,Mortalidad_Baja,0.23657736623941036,-0.4913248914165668,0.3731506200537585,-0.5904782602122012,1.2387762187648272,-0.4211611289370103,-0.9146020582580219,0.02608251405475498,4635.2514117486
Lebanon,Mortalidad_Baja,0.2040956492402108,-0.45668327255838365,0.40074420093858293,-0.5809797706810891,1.1618989964267112,-0.46942272083469605,-0.9323038604288287,-0.005394987364383652,4602.19804637945
Lebanon,Mortalidad_Baja,-0.08188704617505241,-0.3710552203605561,0.31475851863142656,-0.4916444660885807,0.6427569684251903,-0.4603840697072406,-0.9757142915934474,-0.09684105481145061,4600.68371412993
Lebanon,Mortalidad_Baja,-0.35521432607480735,-0.29523750843770724,0.2559919226663965,-0.4142723718075925,0.13468959058568508,-0.4756864372103778,-0.884911254382968,-0.19816707531820799,4437.71588507526
Lebanon,Mortalidad_Media,-0.3450253585972587,-0.30473647204950527,0.24478738427531344,-0.41612967308336307,0.16012210274337346,-0.4581700037085105,-0.8983773144063605,-0.18675371251519102,4290.85283803266
Lebanon,Mortalidad_Media,-0.3147756965089178,-0.3248607902947588,0.23076901258403237,-0.42365011729377755,0.226251639009175,-0.4300291558641855,-0.9140767562131873,-0.1638901918903417,4009.55929751102
Lebanon,Mortalidad_Media,-0.32165682779920546,-0.3331042531344245,0.21106469307630504,-0.42068237646682144,0.22226154126414088,-0.4070137009596305,-0.9185443788975205,-0.1560868805473709,3986.83513941026
Lebanon,Mortalidad_Media,-0.095070873811567,-0.4426969567324562,0.2028668300547526,-0.48692228010666233,0.6704620311376853,-0.3164205896720952,-0.9174136459256275,-0.040245310811491575,2958.74263957462
Lesotho,Mortalidad_Alta,-0.6641467950649849,-0.39468478261392886,-1.305288420008243,-0.31477222753141176,0.14574635994776658,1.0534429183870502,-0.8569793486600861,-0.19864781069120468,1030.12579628833
Lesotho,Mortalidad_Alta,-0.6598260232027842,-0.44818718995174184,-1.4525044860657317,-0.21639012514847006,0.08623681823614504,1.2050961497634902,-0.8880461208291384,-0.2175200392917051,1066.58643600093
Lesotho,Mortalidad_Alta,-0.6644523586956333,-0.4194048121264074,-1.4403027887479145,-0.30290587230757965,0.16264175104988954,1.181674133724441,-0.9303818535576713,-0.20659984417625515,918.582577421982
Lesotho,Mortalidad_Alta,-0.6752297831513443,-0.39910028024195704,-1.4967310256720185,-0.3600400018672642,0.2395025995450203,1.2280318284320149,-0.9114512302307289,-0.19587275252958064,1082.05706777516
Lesotho,Mortalidad_Alta,-0.677333924098213,-0.40525390385619453,-1.5483570811108722,-0.3572461939738984,0.25012276090521035,1.2781812219998532,-0.9060432514127192,-0.1980390609224515,1170.65569702819
Lesotho,Mortalidad_Alta,-0.6604944668715154,-0.3595245465546211,-1.5690333286139797,-0.14284850064646032,0.16537747613738552,1.518543011348476,1.1501697893632978,-0.04401528416214656,1069.36673247542
Lesotho,Mortalidad_Alta,-0.6975244799732971,-0.3941833371601211,-1.746681542243897,-0.41586318449972914,0.3699673188228114,1.4619684812743599,-0.837450567510196,-0.18960239520661182,992.491840678465
Lesotho,Mortalidad_Alta,-0.6926369969536997,-0.4115931253335993,-1.7608600830618868,-0.3843318147257066,0.33688411961240383,1.4805481677235441,-0.8473570675986768,-0.1986619802708503,1121.19851342518
Lesotho,Mortalidad_Alta,-0.6941794046948067,-0.42623436218472316,-1.842723261749897,-0.3668879087891832,0.34361882519913634,1.55730823208177,-0.8974583747793157,-0.20002721307415233,1173.5377928819
Lesotho,Mortalidad_Alta,-0.7021150359789652,-0.43231246123643896,-1.9656103787662602,-0.3751290696432269,0.38910970671244016,1.6717465034653627,-0.9083565284016979,-0.19801395140774142,1151.03735837227
Lesotho,Mortalidad_Alta,-0.6908871847686572,-0.472671421135387,-1.9952165430545983,-0.3006672650756579,0.30913639030485507,1.7140033852581908,-0.9015426585970032,-0.22097417201199854,1217.93071228944
Lesotho,Mortalidad_Alta,-0.6886252587130499,-0.4923488378043512,-2.0371469708355647,-0.2600123261617751,0.2801393613369567,1.758769385742591,-0.9085634850913908,-0.2280510451326298,1280.73390931581
Lesotho,Mortalidad_Alta,-0.6981648854614139,-0.48941931276780126,-2.159252880274689,-0.2976039825490474,0.35116524997852594,1.8696917733392635,-0.9200195009097669,-0.22383983175375116,1119.47557793042
Lesotho,Mortalidad_Alta,-0.6953878894256442,-0.5190199351905801,-2.240709336824802,-0.24723417906148026,0.3194829754954154,1.9545192067181218,-0.9271490962387028,-0.23603762008040607,878.847950537772
Lesotho,Mortalidad_Alta,-0.6931391568698482,-0.5808707236452526,-2.286603269074203,-0.03149928290419657,0.15144639231685375,2.0303049189907467,-0.8906345321649367,-0.2562547297800619,898.482517882593
Lesotho,Mortalidad_Alta,-0.6882149221441759,-0.576860117162034,-2.2583279678810886,-0.05822807045676365,0.15850997514345688,1.997622825065018,-0.9067070870225573,-0.25618865646713457,861.188420899563
Lesotho,Mortalidad_Alta,-0.7004422262961837,-0.5814362257800809,-2.294993144015196,0.006977615251709757,0.1371595277017451,2.0466298698416807,-0.9125958574111466,-0.2536336249691243,925.467485502842
Lesotho,Mortalidad_Alta,-0.6982666189025619,-0.5804484726509432,-2.2970092847030092,-0.011221584227031456,0.1477793426108684,2.0448955782961713,-0.9150762532847496,-0.2541015589808862,861.381496414995
Lesotho,Mortalidad_Alta,-0.6965803852034796,-0.5794053049317697,-2.258166376794494,0.0009807025301253325,0.1279016627736772,2.0096478078010547,-0.911113278891881,-0.2539181100811394,766.685820928242
Lesotho,Mortalidad_Alta,-0.6897311641554328,-0.5776859815624548,-2.218436550976066,-0.01869184321767281,0.12281214316507,1.966850211270492,-0.8954189885590138,-0.2555190854738242,583.270036200288
Lesotho,Mortalidad_Alta,-0.6962649289065256,-0.45664845501920787,-2.107425661400341,0.011120842756634997,0.172939384143326,2.0256142221401525,1.1380144193057298,-0.1043924507599629,388.92334985135
Lesotho,Mortalidad_Alta,-0.6928979502215193,-0.5802315773626311,-2.120822742450769,0.07729486494431792,0.0348256801500999,1.89129563050121,-0.8607201718209532,-0.2543315033603058,412.677473676821
Lesotho,Mortalidad_Alta,-0.6730605735772633,-0.5675615413197608,-2.0497916596792956,-0.04404552100811032,0.08101164140714195,1.798089565854044,-0.9003105665544853,-0.25604865606704685,442.779545779081
Lesotho,Mortalidad_Alta,-0.6491907836389421,-0.5355383150907969,-1.658323263852813,-0.054076401736248114,-0.024513416952862355,1.4188662393779368,-0.9684776044981072,-0.24868978481945625,513.413448796175
Liberia,Mortalidad_Alta,-0.8772704651625302,-0.6075714943947896,-0.7782899074431135,2.1667146165404336,-1.4971357407810002,1.0176379752210205,-0.9551844908512193,-0.1775914656141771,744.617175237387
Liberia,Mortalidad_Alta,-0.8870223385519298,-0.6131621115515365,-0.8477270280656575,2.1999823166671746,-1.4925107312734887,1.0917423280527458,-0.9493582096941033,-0.17682909589673612,667.96610514319
Liberia,Mortalidad_Alta,-0.9035935642933265,-0.616234598217278,-0.8886633135519784,2.2803488588023324,-1.515905184326611,1.1484318941797327,-0.9862574202237988,-0.1718983080281053,616.787867006715
Liberia,Mortalidad_Alta,-0.8724815678907518,-0.6090684703638342,-0.9543001071841437,2.026074418504093,-1.3638485095302673,1.1597181982440163,-0.9611156413751785,-0.182036551126326,658.164180770507
Liberia,Mortalidad_Alta,-0.8578095728281362,-0.6064221948564443,-1.0008460002697064,1.8988052920696286,-1.2836660573486205,1.17860991060243,-0.9453714894176222,-0.18730367104452372,692.203127129794
Liberia,Mortalidad_Alta,-0.8595838916662566,-0.6071442733922722,-1.0507815264769749,1.8781092781393889,-1.2547854919808357,1.2229641987742554,-0.9551690714135306,-0.18742665743706605,699.269095727404
Liberia,Mortalidad_Alta,-0.7079115508300016,-0.7590350797236557,-1.1530215794833396,1.6211712759770924,-1.3786635356422061,1.2414377526276654,1.0517500156337216,-0.31672466266177646,714.613063145659
Liberia,Mortalidad_Alta,-0.8527016092683319,-0.6112718631207983,-1.1827570482575183,1.7672918077872481,-1.1580308164974573,1.3278235390882316,-0.9184541676033475,-0.1934142950677027,692.590082351257
Liberia,Mortalidad_Alta,-0.7525910516133888,-0.7776662410163351,-1.2220207258721945,1.9122652806303482,-1.5108117779669854,1.3678197412311686,1.0628753197326923,-0.30754626153181397,706.714490064507
Liberia,Mortalidad_Alta,-0.9376711788906711,-0.6383086271959848,-1.075690733011926,2.445852511716529,-1.5495005942711817,1.3629849155174893,-0.9290714679078733,-0.16976654529102492,710.744570927863
Liberia,Mortalidad_Alta,-1.0137907010403513,-0.6647231403450569,-1.0755069599944387,2.9982663485510868,-1.8394212694321062,1.4760023899744104,-0.9374156757258296,-0.1505512614869089,638.368751462083
Liberia,Mortalidad_Alta,-0.9448000434983436,-0.6363594135795427,-1.280999755091609,2.337852937229828,-1.4117065768664991,1.5413275581599895,-1.0171498941076773,-0.16817676434659184,568.087865520004
Liberia,Mortalidad_Alta,-0.9447259003924736,-0.6341603243210329,-1.3597165097699904,2.273943738035035,-1.346377952130435,1.6051607217809045,-1.0553084106115804,-0.1680658422422997,492.252808033724
Liberia,Mortalidad_Alta,-1.1261828706212842,-0.6960177022038705,-1.21120393450574,3.6868050506878713,-2.1401596393521873,1.7502574438588236,-1.0545496996223038,-0.12021717512941027,448.386367025545
Liberia,Mortalidad_Alta,-1.2403515583893352,-0.7344378147655859,-1.1443826243202941,4.555368646947282,-2.6184863759006998,1.8633556852687898,-1.0646595015520885,-0.09017171004365315,451.713856283285
Liberia,Mortalidad_Alta,-1.0921363389021341,-0.9106984374610655,-1.3535060009030224,4.3541027220184,-2.7661960620553887,1.9940654066412924,1.1470250181533148,-0.22990815967314904,374.211308104278
Liberia,Mortalidad_Alta,-1.2321473284296565,-0.7399606826235863,-1.371968847681156,4.378053591777655,-2.4547228619863684,2.04740398195747,-1.0299485785102682,-0.0983117660899393,320.55808618515
Liberia,Mortalidad_Alta,-1.27940918381666,-0.7608072775752608,-1.4485975111624823,4.68857339899966,-2.5961957781096157,2.1850103203442064,-1.007755690734768,-0.08914180902317992,287.487333441381
Liberia,Mortalidad_Alta,-1.286922545094469,-0.7658340728365994,-1.606100333468205,4.64650977534329,-2.5202987266962005,2.329376674912985,-1.0183673932727568,-0.08996235883306897,284.140223992458
Liberia,Mortalidad_Alta,-1.3939307875193159,-0.8062845645267787,-1.8266696603943737,5.287346723504023,-2.781066571025641,2.674945403444003,-1.0445552359559158,-0.06672598239235022,239.779556677091
Liberia,Mortalidad_Alta,-1.4860439320655592,-0.839881160086032,-1.785402041315953,5.991100284338406,-3.1677105305120503,2.778754367293427,-1.0298442099361091,-0.04376029681247445,299.536445539621
Liberia,Mortalidad_Alta,-1.4780428343086152,-0.8438162781947282,-2.010422653740439,5.809603895291359,-3.000287701884446,2.959678637754126,-1.0109216465156938,-0.05109292521622544,300.463828598983
Liberia,Mortalidad_Alta,-1.4943680988312733,-0.854856548215522,-2.221528217822909,5.808127995067038,-2.9304534922981293,3.164131250692501,-1.0048581710017752,-0.05155158229213097,298.485340578945
Liberia,Mortalidad_Alta,-1.2776502753590913,-0.8156127564506703,-3.4744216911432444,3.5421043856251035,-1.3374703286247025,3.914435214305146,-0.8944020203060381,-0.13521628975861133,62.1438140627579
Libya,Mortalidad_Media,-0.41381784175712844,-0.3160642181235794,0.44268353922073916,-0.24408606747009878,-0.7242669250295684,-0.7676090649978856,-0.4390579333922499,0.12593664372408986,5986.63694851258
Libya,Mortalidad_Media,-0.47554380564205523,-0.32599653719521093,0.40753390844188064,-0.22853721044583883,-0.7041803982262471,-0.7438581971966067,-0.6028753446047674,-0.05592350761428555,4935.82787349801
Libya,Mortalidad_Media,0.7087388612444528,-0.6279078021775314,0.4644203868586389,-0.7235277449323279,2.1213927579037346,-0.38160089198041974,-1.075888066763798,0.2069439398109305,6650.33810585348
Libya,Mortalidad_Media,-0.34175470440497746,0.029953545863379002,0.3759006062174562,-0.3676300077962471,-0.24025895614774923,-0.6461584034760159,-1.0766302268004992,-0.2769920242708362,9963.19489084483
Libya,Mortalidad_Media,-0.3752502776842661,-0.004958625726764069,0.36440200736957,-0.3668106398215952,-0.2446858389325095,-0.6394287319775226,-1.0360612788193975,-0.28412318831736505,11196.5854810844
Libya,Mortalidad_Media,-0.05418884926922858,-0.16371279520568327,0.4496675681265693,-0.4740687179728527,0.4621087736687066,-0.6388098797309922,-1.1322216349156857,-0.16802090870212022,9965.83236729757
Libya,Mortalidad_Media,0.2703412167591901,-0.3891330866544176,0.48399163838217624,-0.586905384568426,1.2531907093499464,-0.5695663110726961,-1.2366581045094742,-0.018485940014221575,7525.80299308216
Libya,Mortalidad_Media,0.04342710915671305,-0.2914944848271265,0.46469615490072547,-0.518403829146231,0.8127837669055552,-0.625109492594166,-1.2480101321427974,-0.11912818994595309,7458.48917756374
Libya,Mortalidad_Media,-0.05735207510848682,-0.20231145492520147,0.4411768914511949,-0.47759232324769035,0.5326963383113815,-0.6310485885282354,-1.216757134223513,-0.160456963154818,8926.42074591474
Libya,Mortalidad_Media,-0.4808138446899639,0.03820641690982372,0.33684081676465005,-0.33394587883357674,-0.4688007237738245,-0.6388483448687784,-0.9809857282869074,-0.32222125106502264,11951.7134126011
Libya,Mortalidad_Media,-0.4628116660441153,-0.148110182653858,0.3863565959560869,-0.2765521811507148,-0.6638674397846807,-0.7069121108751024,-0.8358911615459681,-0.17834846904887613,14975.8902795144
Libya,Mortalidad_Media,-0.21649181370499568,-0.19739491341332063,0.39450217249889014,-0.4388656850474306,0.2845403077006412,-0.6213191936850249,-1.1385691120401948,-0.21028169729455354,7593.8391525702
Libya,Mortalidad_Media,-0.43251222117689336,-0.2058565356747243,0.41111070321803167,-0.27358591444528485,-0.6877366117238699,-0.7302310239494045,-0.7286323907754506,-0.050525589610207144,11600.9068649472
Libya,Mortalidad_Media,-0.47980929888856405,-0.29831289357812624,0.3943293309592065,-0.24990346582356207,-0.6754522199510551,-0.7273156328194583,-0.7659011517066043,-0.09063071715668009,9551.05403869755
Libya,Mortalidad_Media,-0.511220416692827,-0.4452067794989597,0.3893414127444472,-0.030578049082354453,-0.7541658504929547,-0.6909910673761939,-0.6219855346979877,0.1012545333125447,13906.1407818125
Libya,Mortalidad_Media,-0.5410430909263575,-0.4506219987045475,0.3740999255813882,0.003004291635795908,-0.7664158636701129,-0.6759864625461781,-0.6670810735829082,0.007701786247813314,11144.9448413435
Libya,Mortalidad_Media,-0.5354912227227395,-0.44978197533338926,0.37299996310509786,0.05952277025126662,-0.7918363344465293,-0.6550601914992276,-0.6746157566255564,0.05405571156183189,10048.8480434289
Libya,Mortalidad_Media,-0.5694581688498429,-0.23803677764116832,0.3226635713917306,-0.28341761562015294,-0.5300734347762978,-0.659883027068163,-1.0309434951201562,-0.2182232130214985,8079.24957329001
Libya,Mortalidad_Media,-0.5709378466059405,-0.1474424958451707,0.26573547425432753,-0.3364241719035655,-0.29164446156417084,-0.5780353193922756,-1.1600481867463195,-0.3081690737423737,5773.76333234281
Libya,Mortalidad_Media,-0.572224625326152,-0.16186594398753257,0.23724635256567164,-0.33415239688731,-0.2803836039974005,-0.5421829966491313,-1.1761411915395397,-0.2925868824827965,4674.09943200321
Libya,Mortalidad_Media,-0.2796657970473032,-0.2617152536284636,0.2811180765179681,-0.418748884615417,0.27236978797097156,-0.4987695185413059,-1.2278856916707257,-0.1735850637385971,3718.29434696755
Libya,Mortalidad_Media,-0.6009268193782831,-0.38034688162903507,0.1241375338126017,-0.13005416999328084,-0.48271940513844513,-0.37856845978570597,-1.1352527023189578,-0.2100524340647567,6312.80030498965
Libya,Mortalidad_Media,-0.6277986991507792,-0.20689481099942642,0.20661365294279263,-0.30684681201881125,-0.37670363322338407,-0.5253078331462744,-1.2031741462759165,-0.2713321813356865,7214.10040377084
Libya,Mortalidad_Media,-0.5889366829103632,-0.22846188877393334,0.10278729751997019,-0.321512319187403,-0.24820189837225795,-0.37562240735303853,-1.2298975527875144,-0.2243777006102799,5205.25706378741
Lithuania,Mortalidad_Baja,0.8150512355050721,0.1050812399968256,0.8688822430875531,-0.7193330008074985,0.7957998455162599,-0.796507555859242,1.16982027893962,-0.05258620488266269,25085.784063499
Lithuania,Mortalidad_Media,0.9832896501566165,0.24773495773318108,0.9341393378670428,-0.7357577750311783,0.8238209783417744,-0.8300110956372128,1.163562594742091,-0.021459354409780362,23870.4594851722
Lithuania,Mortalidad_Media,0.8612344046643583,0.15505837783081317,0.8877160823286141,-0.7218955244689673,0.7873681458591172,-0.8072961370039009,1.1689421252093495,-0.045408475117665825,20428.6478157394
Lithuania,Mortalidad_Baja,0.5119100205605259,-0.028622068472305202,0.7589785281153267,-0.6657905803238781,0.5732066060505254,-0.7530519205293997,1.1359943752060109,-0.121846349536546,19608.7943945553
Lithuania,Mortalidad_Baja,0.5648054536917176,0.00020409053846413318,0.7781195477113236,-0.6738296697579598,0.6059585671981177,-0.7612221240063664,1.1325258445030089,-0.11002347261572443,19247.2315367967
Lithuania,Mortalidad_Baja,0.8949778287619737,0.1993956191233138,0.9028606632835963,-0.7228094203584479,0.766547935775633,-0.8166448451654429,1.182882565973912,-0.04176886617370129,16800.1510246099
Lithuania,Mortalidad_Media,0.6282212934726108,0.022024170381445655,0.8009804135955108,-0.6863823454752169,0.6600514413535091,-0.7695803044686933,1.1467612796823443,-0.09509420735154223,14934.2702840428
Lithuania,Mortalidad_Media,0.5464971306161727,0.0048698140355312525,0.7739711206050988,-0.6691818346897432,0.5676534819020272,-0.7610889653363038,1.1588115077739,-0.1170222470886596,14269.8039878287
Lithuania,Mortalidad_Media,0.3826065955440068,-0.06356226439538881,0.7124011605016018,-0.6298455789584099,0.4757151993277263,-0.7380924866439282,1.1544126497119491,-0.1370229960872471,16446.1647181663
Lithuania,Mortalidad_Media,0.31731559857748703,-0.09445830313893258,0.6851720369682586,-0.6083110290314137,0.4691653974380843,-0.7279748606374866,1.1439715512129103,-0.13273521964846297,15636.5252586048
Lithuania,Mortalidad_Media,0.3312236413113798,-0.03454616765783982,0.6968337232582311,-0.6064630635845789,0.37872134593341966,-0.7382665285548786,1.1584165028952684,-0.146048794938759,14288.1853493139
Lithuania,Mortalidad_Media,0.29536690846628033,-0.05080093660979885,0.6818060763043241,-0.5947552380391826,0.3736571669308445,-0.7327145788611347,1.147610961074506,-0.14431060371168908,14261.8433787325
Lithuania,Mortalidad_Media,0.27381551017780026,-0.15394798892393666,0.6623722924720088,-0.5991721836356514,0.5311970988595515,-0.7150364402495095,1.114948671036339,-0.12196508493145253,11829.122609457
Lithuania,Mortalidad_Media,0.44941980940297765,-0.08756816880450662,0.7302245834366441,-0.6582575953473581,0.5884214309389936,-0.7379716829719224,1.0598932423923784,-0.12921652228725833,11854.3711053096
Lithuania,Mortalidad_Media,0.26476623866844107,0.04029731416912267,0.6784073922815848,-0.574934854189558,0.1852463027851633,-0.7425452938667598,1.08984564585876,-0.17348679489568136,14955.5345462921
Lithuania,Mortalidad_Media,0.20086610150291487,0.028203158321857137,0.6537779868637044,-0.5516353893756757,0.14763150342700343,-0.7354288068181751,1.0846631276251304,-0.17343338743953712,12295.1212779366
Lithuania,Mortalidad_Media,0.10991876230327294,-0.039654047378163075,0.6141317965652571,-0.5232751395482665,0.18284144893874588,-0.7182410250021711,1.099190809999527,-0.1586959762717462,9210.10118229413
Lithuania,Mortalidad_Media,0.13141448659343782,-0.03740054903708313,0.6224309960846874,-0.531045046720278,0.19895633395843093,-0.7205043074876467,1.1078593290231522,-0.15765970658703488,7857.03148786492
Lithuania,Mortalidad_Media,0.193622309534956,0.004615315448451047,0.6494918280670683,-0.5504010625681971,0.18311815449425428,-0.7318817299717756,1.111576583175299,-0.16545463461453286,6734.57487061946
Lithuania,Mortalidad_Media,0.20634334830127063,-0.03050552303581142,0.6504856587701411,-0.5592783630104975,0.25557204747422413,-0.7277204130132781,1.1114147142139654,-0.15610147919226647,5507.47434187652
Lithuania,Mortalidad_Media,0.011492633857749235,-0.12918722775002744,0.568887397736147,-0.495289808556618,0.2477694348753935,-0.696794404743407,1.0916568554017678,-0.14068939194367236,4148.13091485015
Lithuania,Mortalidad_Media,-0.1380225305568486,-0.1703005777177359,0.5101444457287814,-0.4419242183424837,0.1822887849911502,-0.6783893431190111,1.086706572568708,-0.13671378586098543,3532.52787363242
Lithuania,Mortalidad_Media,-0.38165483878590123,-0.27987121107414287,0.4097316272292298,-0.3601205670374067,0.14889006111374936,-0.6418941194568797,1.0684474433565023,-0.12037333493543156,3300.63634928559
Lithuania,Mortalidad_Media,-0.6089983589537695,-0.09163215451354054,0.27706695244127466,-0.32007891206224337,-0.42415300595504685,-0.6065873786505689,-1.1384167180827802,-0.3361838529406542,2182.69156931505
Luxembourg,Mortalidad_Baja,2.475670340244501,1.202580649861893,1.3866182220775831,-1.085446918053949,2.3240262839870818,-0.9434652752204966,0.6346303402338411,0.44610172922465474,123719.658915996
Luxembourg,Mortalidad_Baja,2.3891138444548656,1.7570651792923158,1.3285689163705583,-1.0954496650668986,2.0163930325739634,-0.9038915259849398,0.45047524214941015,0.4743723141457361,134965.815442152
Luxembourg,Mortalidad_Baja,2.4048748896061207,1.5513052317897837,1.3454468808494302,-1.0869322379061166,2.10324324793413,-0.9180393324565198,0.5229763256782101,0.4583474026604305,116860.02817236
Luxembourg,Mortalidad_Baja,2.4295521073472215,1.7011749807124428,1.3537132445015645,-1.098349717246531,2.036695419001466,-0.9187052674082824,0.5765031806428178,0.4697285152410537,112696.649059674
Luxembourg,Mortalidad_Baja,2.3327766774516565,1.5430946544571882,1.3301228441874857,-1.0627307616309967,1.955919722318355,-0.920731962849595,0.5977288532712518,0.4273220400356422,116926.759593905
Luxembourg,Mortalidad_Baja,2.3313764068227147,1.484346790734017,1.3304616114832861,-1.0600415652395285,1.9882377422579052,-0.9219075627844133,0.5883981069257749,0.4241683765503791,110193.213797228
Luxembourg,Mortalidad_Baja,2.3620606546234257,1.6324150030896032,1.3327801904465335,-1.077206221696487,1.980471297294756,-0.9154775467646618,0.5535226752183917,0.446883338369461,106899.293549552
Luxembourg,Mortalidad_Baja,2.365434532353596,1.617517201173939,1.3354323465014357,-1.0768267866844472,1.9855598855397507,-0.9173325473859125,0.5671474621757293,0.4455090069251887,105462.012584423
Luxembourg,Mortalidad_Baja,2.4748778970781866,1.6609910860603698,1.3845677359111628,-1.1009134485377658,2.0278691126215542,-0.9376603298314353,0.7547469708682264,0.46194094106034955,123678.702143275
Luxembourg,Mortalidad_Baja,2.5371440194816848,1.8315862589808911,1.3938852896951521,-1.1291367964918995,2.0702149932595453,-0.9301574000422982,0.6961558786226181,0.4984695124350509,120000.140729859
Luxembourg,Mortalidad_Baja,2.5826375474911294,1.8955191106066318,1.4108589554971163,-1.1424437833074834,2.0785944983596902,-0.9349104463980834,0.7493026651165003,0.5109035247882515,112584.676270958
Luxembourg,Mortalidad_Baja,2.525955108433037,2.01364204145356,1.3826661977039039,-1.1359379216662515,1.9797911444736087,-0.920524548407961,0.6643090687699856,0.5100036049853227,119025.057203467
Luxembourg,Mortalidad_Baja,2.581336848459618,2.063955856057494,1.4020262743913339,-1.1519399122788454,2.016456350670235,-0.9253098702861314,0.7058936929688346,0.5258985269073264,110885.991378721
Luxembourg,Mortalidad_Baja,2.5367152002485738,2.0462788635257336,1.3820407339268261,-1.1420958271952064,1.9988783263537981,-0.9170670026346679,0.6299585390924715,0.519142214422484,109419.746953106
Luxembourg,Mortalidad_Baja,2.6072607774862977,2.165665064309425,1.4158851878568497,-1.1594129592126847,1.9516448886374143,-0.931438170993226,0.8033617062963874,0.5298465667978435,120422.137934157
Luxembourg,Mortalidad_Baja,2.4634369660830764,2.159301353405229,1.3757298365742496,-1.1165135594014863,1.7105789647168095,-0.9275740905476493,0.8475207374842935,0.47996844516093295,107475.320297978
Luxembourg,Mortalidad_Baja,2.5558802560433014,2.283480880502923,1.3965688863091634,-1.1505699156322549,1.8161778863110247,-0.9242567565731293,0.7999206921340172,0.5217351706673199,90788.8004876145
Luxembourg,Mortalidad_Baja,2.5239742684110253,2.4010575709093684,1.3875461203988713,-1.1449387871158558,1.6839421356549686,-0.9222420147928785,0.8448877504643781,0.5144126920744052,80988.1376230858
Luxembourg,Mortalidad_Baja,2.438640726558188,2.3450357072544747,1.367865869020936,-1.1156199248936416,1.550078211089783,-0.9243643946519032,0.9017841069580004,0.4781747969524646,76544.9170868473
Luxembourg,Mortalidad_Baja,2.316627651689118,2.0546503849179754,1.335755836179568,-1.0690328512676204,1.5237642717894238,-0.9254627968693296,0.8739543544289341,0.4248436206219811,65689.3214536911
Luxembourg,Mortalidad_Baja,2.2167621811279083,1.8613243998263973,1.3135661267993088,-1.0301696551140975,1.4472073369052838,-0.9298754426199087,0.910876175658802,0.37753799247297015,53005.7339209179
Luxembourg,Mortalidad_Baja,2.2662826290608096,1.857378437139589,1.3281596128524846,-1.0443383843265481,1.5295442501378949,-0.9319922544810126,0.9024394466925145,0.3935884950357652,48440.1420151355
Luxembourg,Mortalidad_Baja,2.1913063417753227,1.7575002042206964,1.3092731560786974,-1.0177908193077343,1.4556599578875073,-0.9327814456778741,0.918934587612777,0.362163281742764,48659.5988753233
Luxembourg,Mortalidad_Baja,1.8814931170531863,1.6128572385552529,1.2181706097843497,-0.9235992916850704,1.0523987888327668,-0.9212187917941204,0.922061034434185,0.25637832449428555,51032.349635318
Madagascar,Mortalidad_Alta,-0.6774087050685719,-0.5332635575872493,-0.7220994411135808,0.7328010505724467,-0.7580409345339554,0.669800541710439,-0.969917774079013,-0.2252707148881013,503.514533472879
Madagascar,Mortalidad_Alta,-0.6848555421120235,-0.5350585523711221,-0.7685016588448983,0.7516724749804604,-0.7499119348514963,0.7189475345884906,-0.9883964486389871,-0.22353100027145872,483.469463351371
Madagascar,Mortalidad_Alta,-0.6968087130441253,-0.5398208233256425,-0.7616653237443793,0.8458032629304351,-0.8026798434405793,0.7314959136650978,-0.9822112832736538,-0.220712320245122,450.771615201509
Madagascar,Mortalidad_Alta,-0.6866570839907202,-0.5315526914603568,-0.7133007646225382,0.7839322941380527,-0.7809535985105408,0.6723961337955395,-1.0174628141092732,-0.22068028354784347,499.818837622534
Madagascar,Mortalidad_Alta,-0.6978612899466284,-0.5365202435428691,-0.6919358375261515,0.8846112290048964,-0.8431183912066399,0.6720787946907603,-1.003520721857922,-0.21810274324596984,500.45718552916
Madagascar,Mortalidad_Alta,-0.6883952598051134,-0.535318194039779,-0.7185206154032684,0.8071053247238591,-0.7957880050295566,0.6817866941348703,-0.9876576076028767,-0.22168700224758014,491.866848718929
Madagascar,Mortalidad_Alta,-0.6918734738976242,-0.5374553421471853,-0.714897033682623,0.8389654421290449,-0.8151697927232915,0.6846586597832849,-0.9781174208758154,-0.22118008430450925,453.970714522463
Madagascar,Mortalidad_Alta,-0.6986916389414887,-0.5396480280115488,-0.7134945828110235,0.8886172280601636,-0.841481992659243,0.6934917665416329,-0.980274228901999,-0.2193681751318507,445.320069480568
Madagascar,Mortalidad_Alta,-0.7003952900364632,-0.5400770458371782,-0.720782855496886,0.8952850813205939,-0.8420932759660389,0.701975409291363,-0.9836114414660715,-0.21894332841414121,505.684922503435
Madagascar,Mortalidad_Alta,-0.7024158677290263,-0.5416776584725919,-0.7371539304881578,0.9028003213174485,-0.8413792559933951,0.7193269506637807,-0.9784766680991688,-0.21900066690911546,515.301589361832
Madagascar,Mortalidad_Alta,-0.6434774655877242,-0.64117906878284,-0.7991438160419104,0.992913805977337,-1.068156737273312,0.7880532108840512,1.04694796615345,-0.2997966781894694,493.511162904211
Madagascar,Mortalidad_Alta,-0.7387537043712782,-0.5549412926118048,-0.737027282964897,1.1694572572951536,-0.9822874156775913,0.7737541311277425,-0.9760188229135218,-0.2101148554193285,506.163691559309
Madagascar,Mortalidad_Alta,-0.6323493763770509,-0.6808003921671566,-0.7858033072899386,1.1028164317360651,-1.1788520565080334,0.7881492848268903,1.0382352956552454,-0.315115684735212,450.009391645726
Madagascar,Mortalidad_Alta,-0.7661353415092333,-0.5670480533938211,-0.7744415430348925,1.3542495627006583,-1.0693998081189733,0.8476796357599179,-0.9613863896417429,-0.2047416646381517,446.315238370592
Madagascar,Mortalidad_Alta,-0.7375706474675083,-0.5587507188589911,-0.8308415478571025,1.1157565432359096,-0.926070093456065,0.8534880093880104,-0.9543797389743875,-0.21325381631403661,512.579800058444
Madagascar,Mortalidad_Alta,-0.7520338737111985,-0.563508610053825,-0.8854494246880493,1.182299425768489,-0.9407319471692595,0.9203179579152307,-0.970185615353073,-0.21006145367572143,419.548001431865
Madagascar,Mortalidad_Alta,-0.7552371873825825,-0.565338264974952,-0.9940020325978145,1.1347394364225953,-0.8773057304153453,1.0161435597986148,-0.9866228203835761,-0.21070792617110495,324.146874882604
Madagascar,Mortalidad_Alta,-0.6433380453293562,-0.7261786705124788,-1.1074598305147603,1.1390929482834555,-1.129552936165414,1.1002997746705692,1.0366826811593328,-0.32899212787995247,305.812074924388
Madagascar,Mortalidad_Alta,-0.7955462980259869,-0.5770646927911768,-1.083972098867972,1.3557674909208652,-0.9572615888038776,1.149330663322471,-1.0324945925371205,-0.20048324589023636,272.20074858856
Madagascar,Mortalidad_Alta,-0.8014975780807045,-0.5857454718790763,-1.1388886910905285,1.3910465388669995,-0.9653560519940011,1.2090998108003328,-0.9797791227898598,-0.20246670944886852,352.620095849925
Madagascar,Mortalidad_Alta,-0.8257411795731664,-0.5950473519739183,-1.2068217477365595,1.5246018826566878,-1.0119935442042616,1.3024731684154074,-0.9881898185088784,-0.1974512789871763,304.941777398445
Madagascar,Mortalidad_Alta,-0.6580474819746968,-0.7357836267406443,-1.3513460020445252,1.100023399456625,-1.0272455328149124,1.3291844082269197,1.040750488854536,-0.33001520724727995,319.283278235657
Madagascar,Mortalidad_Alta,-0.8197143255854966,-0.5985426840977275,-1.338327803175227,1.416162472746764,-0.9153132802809467,1.407491825627048,-0.9606091571938082,-0.2028094873037995,280.282905559649
Madagascar,Mortalidad_Alta,-0.9283627592194929,-0.6385567752432204,-1.6743065105328765,1.9857270661759425,-1.0952234810620718,1.850941317759485,-1.0214806170088633,-0.17992810692835431,273.149653945976
Malawi,Mortalidad_Alta,-0.6807159050991713,-0.525914871237232,-0.3259158564559553,0.9889655497052048,-1.0243589323299216,0.3378052901033346,-0.9693809343702802,-0.21654168887068492,604.269751184515
Malawi,Mortalidad_Alta,-0.6684928640312563,-0.5230078761806981,-0.41452245261708814,0.8458303858684078,-0.9189358081071967,0.39454423059730126,-0.9738008206716391,-0.22114371716929315,617.447520802454
Malawi,Mortalidad_Alta,-0.662578675004378,-0.520303345758291,-0.41904285633659694,0.7969255424688495,-0.8906862837627822,0.38901400889799187,-0.9805297603363137,-0.22239713710157283,602.507478176106
Malawi,Mortalidad_Alta,-0.6674498582037528,-0.4737972829781436,-0.5284327663868995,0.615597174686042,-0.7714422551329797,0.48474472374080346,1.0755757200040288,-0.23864193299282732,580.889816066776
Malawi,Mortalidad_Alta,-0.6255696909623527,-0.5099649676908687,-0.5342189161899755,0.4610633965826767,-0.6761602718873196,0.431962536083047,-0.9763788691585162,-0.2340486159102566,533.203173686705
Malawi,Mortalidad_Alta,-0.6431133443116103,-0.5178454326789809,-0.5819344829527313,0.5638252195391273,-0.71530617633434,0.49921965234637,-0.9708515251698868,-0.23090949139184108,495.769683367165
Malawi,Mortalidad_Alta,-0.6876464935249095,-0.4506021491985286,-0.7304796899345034,0.4996081033287739,-0.6051329586531894,0.6645741154939093,1.085533732175085,-0.2275591037601457,450.506105510719
Malawi,Mortalidad_Alta,-0.6510883850973133,-0.5282971018275264,-0.7319537702430046,0.553721037255384,-0.6665191693696414,0.642118895279117,-0.9281265803915593,-0.23385016454107893,539.605363240686
Malawi,Mortalidad_Alta,-0.6716188245413628,-0.5347210811798466,-0.7930373475867363,0.6579082763968398,-0.6979405801069959,0.723027438367708,-0.9503034150075798,-0.2290011413909963,529.5133440206
Malawi,Mortalidad_Alta,-0.6820302204737084,-0.5385658232977302,-0.8663113992289122,0.6845277110367682,-0.6855735803855144,0.7997787921026349,-0.9647946641581282,-0.2272441563571872,496.947368267313
Malawi,Mortalidad_Alta,-0.6848314609461351,-0.5458629530670929,-0.980877542727425,0.6549868384273958,-0.6375255913422719,0.9043719722799075,-0.9273105351990838,-0.23052096803832522,558.46208832772
Malawi,Mortalidad_Alta,-0.7045939653449188,-0.5541275523765286,-1.073042767079873,0.741820305660202,-0.6515771208428219,1.0116884423316546,-0.935301987366397,-0.227118600132086,763.061000394572
Malawi,Mortalidad_Alta,-0.6838814162773059,-0.600132122971754,-1.2228953458865914,0.7700515056504544,-0.7392534309012617,1.1675963670630163,1.0662255880943723,-0.27946332502087307,683.124694716799
Malawi,Mortalidad_Alta,-0.7456560688631951,-0.5712536627448873,-1.2641361460916838,0.9223125504241318,-0.680891825183144,1.2342945512102315,-0.9522714734084889,-0.22002479498752026,625.869729869625
Malawi,Mortalidad_Alta,-0.7511551742261925,-0.5764709895711781,-1.3467430748739342,0.9206680664567242,-0.654749879787863,1.3139120648757274,-0.9379394854946856,-0.22095891052677674,554.048820396119
Malawi,Mortalidad_Alta,-0.7433041231297111,-0.5774234699624677,-1.444367118349621,0.8135651680434319,-0.568339850205548,1.3864872403453705,-0.9217208592744228,-0.22558210828356445,475.180261659331
Malawi,Mortalidad_Alta,-0.7792782243081211,-0.5913073170448436,-1.5183902338114617,1.0303627908218258,-0.6571780790083837,1.502775343585579,-0.9276919747406391,-0.21789455292294568,440.822149023873
Malawi,Mortalidad_Alta,-0.8095267046397135,-0.605201357749993,-1.6232881815677624,1.1934855789543333,-0.7095046822826995,1.6378426998678812,-0.9199701384099366,-0.21285446145557285,414.361121984475
Malawi,Mortalidad_Alta,-0.6997539527863258,-0.7697750577771657,-1.7897319503219822,1.1884885509329832,-0.9395222762376837,1.7706992617061459,1.0503763635239136,-0.33143382301765034,404.674248445428
Malawi,Mortalidad_Alta,-0.8763142301419375,-0.6386307125046561,-1.956483068128474,1.4966849343284994,-0.7621551716002982,2.0228979011863117,-0.8975116424104506,-0.20400238529875464,383.348596852642
Malawi,Mortalidad_Alta,-0.9077280154408428,-0.6575971440256912,-2.181198440537082,1.607418071538422,-0.7501361760503021,2.263218440670336,-0.8695466823184959,-0.20197843930102494,428.210439838398
Malawi,Mortalidad_Alta,-0.900509787777383,-0.659613272112107,-2.3820569035289254,1.4382932246014772,-0.5948296381209234,2.4234612784085767,-0.8671086595995856,-0.2078965187532596,215.474524898357
Malawi,Mortalidad_Alta,-0.930815219287893,-0.6767309333581768,-2.5410975740942283,1.579222058847791,-0.6204398913786467,2.606241331258275,-0.839420547429357,-0.20481920559468997,224.22415918428
Malawi,Mortalidad_Alta,-0.8978630800774098,-0.6700807295332291,-2.9814739924185414,1.0612646457212374,-0.19530296829576724,2.9281271376232816,-0.8826305305227342,-0.21986246188567676,200.362370007247
Malaysia,Mortalidad_Baja,0.08154806733270492,0.31444921666288705,0.5418342622189525,-0.43920599467745924,-0.07170115495989027,-0.7177642903907495,-0.8572441906164259,-0.19246654843191818,11748.0919307944
Malaysia,Mortalidad_Media,0.17865359413481982,0.1258374691280615,0.6606145988362426,-0.5255948456682535,-0.03419658519171609,-0.7513729167408086,1.2508293566790416,-0.18463756304470552,10903.1116425938
Malaysia,Mortalidad_Baja,0.08691463313471959,0.147710582453215,0.5322869950087186,-0.4605719417737195,0.15140641848642433,-0.7002054926556336,-0.8974302107067624,-0.17607866011482526,9957.52626697613
Malaysia,Mortalidad_Baja,0.24749521497980723,0.2559858427718667,0.5955156243162425,-0.4833367399454417,0.20587613616082667,-0.7295356238969953,-0.8411101647810513,-0.14568781727255414,10920.191763972
Malaysia,Mortalidad_Baja,0.3517301656866191,0.15601516111073194,0.7264247230170118,-0.5898422481790189,0.07115757857867777,-0.7698324998616295,1.2430811055357098,-0.1860076773371354,10901.8019954421
Malaysia,Mortalidad_Baja,0.039636947783967924,0.20396456823943393,0.5230357327237951,-0.43917993131972055,-0.0037989083487992015,-0.7053566545202881,-0.8708366969432957,-0.19776548715538578,9862.54806612235
Malaysia,Mortalidad_Baja,0.08115809846855945,0.22276041812847394,0.5377683202675865,-0.4462006534214961,0.027482026459301534,-0.7112209167759594,-0.8732062198638155,-0.18802942440462833,9476.53409809923
Malaysia,Mortalidad_Baja,0.14153455356180691,0.10804087301149545,0.644799244303901,-0.5137963192954224,-0.03800878730521745,-0.7453733890501699,1.2341899367981608,-0.18306327540423573,9648.6797937523
Malaysia,Mortalidad_Baja,-0.14256966822613815,0.2229380215412335,0.46289609346804705,-0.38754382280285704,-0.27509215796865194,-0.6927420212927649,-0.9326735600910012,-0.2497771428712901,11013.3107334403
Malaysia,Mortalidad_Baja,-0.10500878708623526,0.1353283805945535,0.5575006064395842,-0.41551492948701496,-0.31111236629445205,-0.7289245941446355,1.217396204698066,-0.2012353668859599,10713.6407638899
Malaysia,Mortalidad_Baja,-0.23686759389409529,0.18178817689599774,0.42920754721534177,-0.3710974671397697,-0.3469196232098878,-0.679491792174536,-0.9341827093135215,-0.2717736003826966,10600.5744240026
Malaysia,Mortalidad_Baja,-0.19970907664815496,0.1258880852312958,0.523557879181213,-0.3777759246461162,-0.37890718226854025,-0.720785926772761,1.2675743182794907,-0.19831311923058142,10217.1068585031
Malaysia,Mortalidad_Baja,-0.11381721257016322,0.2540832288014767,0.4773116516113429,-0.39081285686641276,-0.29161214887362136,-0.7006426679950624,-0.8809426138658183,-0.24761793798922582,8899.34505544675
Malaysia,Mortalidad_Baja,-0.08761194392284385,0.2283399064821583,0.4842673018697098,-0.40254490134741744,-0.21939164187465673,-0.6991866397741591,-0.8687033594840747,-0.23745567497854092,7191.43287234626
Malaysia,Mortalidad_Media,-0.1446951139518368,0.2650650571403245,0.5587627857271509,-0.3825016762230717,-0.568503529810946,-0.7464539782399231,1.2963280656366534,-0.22874793554015027,8371.82156086005
Malaysia,Mortalidad_Media,-0.2876634284736014,0.40886133586188295,0.42037414780134996,-0.34233201352821585,-0.6504342277147612,-0.6893343741690546,-0.9170323006489869,-0.2947103430716679,7168.93031942508
Malaysia,Mortalidad_Media,-0.17030666486933124,0.23785542669834686,0.5466474864461908,-0.3755736788572259,-0.5447334717361488,-0.7403365957696633,1.2964893482512114,-0.22289286236614608,6158.40785533236
Malaysia,Mortalidad_Media,-0.16165142832914686,0.33142855107099545,0.4686482116411345,-0.3703445957632451,-0.46505146151319643,-0.7059429467427388,-0.8336306288037205,-0.26951292569360574,5555.58179951206
Malaysia,Mortalidad_Media,-0.289735460939486,0.2732026245426411,0.42196862090273185,-0.34247237474825304,-0.5658166049071416,-0.6897454832885492,-0.8889797547444169,-0.3002116912543683,4939.24851854427
Malaysia,Mortalidad_Media,-0.15338425330961036,0.11251653426650622,0.5394239084206021,-0.3967415573364494,-0.3128136885875427,-0.7228715680354736,1.2815300885202998,-0.1918888409994446,4465.32194567208
Malaysia,Mortalidad_Media,-0.19956692281412983,0.10870516313333106,0.43861929237923675,-0.3959843403403229,-0.2007082925369923,-0.6732036350222035,-0.8688105158274899,-0.2549435099670315,4184.03163773539
Malaysia,Mortalidad_Media,-0.11090430911586951,0.10974309843791066,0.46842500284941024,-0.41905532283985975,-0.08261738424992454,-0.680707298880368,-0.844383418503607,-0.23064728648367627,3943.79943910239
Malaysia,Mortalidad_Media,-0.1654645724842442,0.17551925559901518,0.4568250692989619,-0.3935913060429299,-0.2588454209548148,-0.6863406814465021,-0.8330104637273543,-0.25492809614588813,4083.52874483605
Malaysia,Mortalidad_Media,0.060894886908946594,0.12293856611085222,0.6177016153053692,-0.47985468872931486,-0.13636193501382307,-0.7414523155919663,1.257568809636214,-0.18802702817251782,4363.14458333034
Mali,Mortalidad_Alta,-0.8724317850359928,-0.6130313589813423,-0.9476523939265487,2.048017562608851,-1.3835403114816507,1.1571906402859675,-0.9205373040511653,-0.18372967119115308,969.72220560562
Mali,Mortalidad_Alta,-0.7290807277567761,-0.7650563440492048,-1.0568683244463384,1.8344045457415696,-1.523628433591829,1.1917150837964103,1.0568906996832688,-0.3097896621929035,1027.27345365357
Mali,Mortalidad_Alta,-0.8836444150219318,-0.6174002437692606,-1.0597431607317283,2.055085162791352,-1.3471422216769384,1.267687684258653,-0.9409732381589779,-0.18228604990122538,953.242943290974
Mali,Mortalidad_Alta,-0.8715405615525067,-0.6166919483075031,-1.097652035511767,1.95701191513715,-1.2869371306982507,1.2840088803010776,-0.9133721209131891,-0.1872746417028061,971.949318638092
Mali,Mortalidad_Alta,-0.7296823447996496,-0.7676164114084937,-1.1638231243500163,1.7763498580795674,-1.4576401548008504,1.283607989256936,1.0571478850289273,-0.31179429501044587,996.379292136901
Mali,Mortalidad_Alta,-0.8649368934742423,-0.6183375466803682,-1.1988769478322772,1.8576665925256537,-1.2036634608269727,1.3616428146980604,-0.8954984215189492,-0.19173522956987799,924.057531692284
Mali,Mortalidad_Alta,-0.8634858089863925,-0.6173292410653719,-1.2471265716682425,1.8119891418817564,-1.1614044720177708,1.3993218206698719,-0.910593267231723,-0.1923858987148911,872.468587171653
Mali,Mortalidad_Alta,-0.8619840531304823,-0.6171710204101601,-1.3104820928729775,1.759519568816818,-1.1113388483074957,1.450193434894936,-0.9203680285877336,-0.19358945932501342,838.11986940103
Mali,Mortalidad_Alta,-0.8562124125189381,-0.6163609008606332,-1.3615729033335044,1.6881366291341993,-1.0570139056129753,1.4851351016255623,-0.9188937952992908,-0.19610698427107326,940.243260037952
Mali,Mortalidad_Alta,-0.8474123773186952,-0.6144840282800691,-1.4223136857679712,1.5881311539407001,-0.984135329960196,1.5236076638477174,-0.919299860963992,-0.19948320857407414,903.190452512378
Mali,Mortalidad_Alta,-0.8849416370188823,-0.6275791449699628,-1.4225178861746797,1.8606084079900016,-1.1271350301077385,1.5796303819703845,-0.9227688492868422,-0.1900442195035562,878.217175344858
Mali,Mortalidad_Alta,-0.8492579380583617,-0.6181309484521816,-1.5134779923228043,1.552792984100251,-0.9367617452343807,1.6046931594386613,-0.9093669469358574,-0.20129626372594722,941.574944706639
Mali,Mortalidad_Alta,-0.8311177195515698,-0.6151815931880665,-1.569395338817412,1.3979914493119185,-0.8400247432114851,1.6269407738193018,-0.8863810698165069,-0.2079331303921753,827.617660082715
Mali,Mortalidad_Alta,-0.6878237769743274,-0.7616340973206811,-1.6259366273641591,1.195734287313188,-0.9971524459931144,1.6132924594551288,1.047258490849087,-0.3309666147505699,815.78868795173
Mali,Mortalidad_Alta,-0.824501548036487,-0.6143859607947336,-1.7060111849980584,1.2635457404934753,-0.7219266900653,1.7321720643338037,-0.9000261332185537,-0.2116966475652769,820.715705601841
Mali,Mortalidad_Alta,-0.8121159643269743,-0.6129951992313531,-1.7759543364306916,1.1389775435542961,-0.6353140305600491,1.7743292069757641,-0.8849772312544151,-0.21683541773500686,711.675463215078
Mali,Mortalidad_Alta,-0.6936704168813498,-0.7221241999097661,-1.8072032575960912,0.9421399485214379,-0.7532612995338623,1.747067572112692,1.055039134538159,-0.3198208870744804,633.221946737432
Mali,Mortalidad_Alta,-0.8323753445012338,-0.623198743444112,-1.8972000853487117,1.2174776805729615,-0.6369643370049343,1.9080013003688243,-0.8818463749884553,-0.21438967761952493,591.630393473705
Mali,Mortalidad_Alta,-0.8312060231307603,-0.6168991589338809,-2.0150476784211504,1.102331614863503,-0.5251261533820754,1.999944133130109,-0.9648290974993305,-0.21332975255386266,542.887347640863
Mali,Mortalidad_Alta,-0.9499702478883676,-0.6588437318309468,-1.969954534163788,1.998041348108628,-1.0125801011654754,2.1394883271517813,-0.9610944018704928,-0.1832009882214296,371.627016389759
Mali,Mortalidad_Alta,-0.9927230037079976,-0.6753664509664221,-2.0264516023123047,2.277250210687165,-1.1409594033549126,2.2514646628208963,-0.9612554009457039,-0.17374452606093516,318.042432039222
Mali,Mortalidad_Alta,-0.8571036967031053,-0.8393005733232829,-2.2123168817335057,2.108674140029872,-1.290128789156671,2.368551072445526,1.0897387151712372,-0.3027146552714324,291.159497911347
Mali,Mortalidad_Alta,-1.0043847327291657,-0.683621930132583,-2.236411722113427,2.237510215755104,-1.0497770977511558,2.4471234486476705,-0.9659094132660595,-0.1748553137534476,256.199554978241
Mali,Mortalidad_Alta,-1.076629399354769,-0.7159484562131982,-2.5906737619659554,2.552561086270149,-1.0966428300923057,2.855531206692275,-0.9780230948168938,-0.16352913809219255,265.717051612187
Malta,Mortalidad_Baja,1.1549857699296397,-0.3430641298073111,0.9188074326384188,-0.8743483263587413,2.001599330267493,-0.7489954126675616,0.8323105036124777,0.11002861614967456,36224.2819955817
Malta,Mortalidad_Baja,1.0961255839593271,-0.3469798467921762,0.905582167773386,-0.8624914017167531,1.928494526594871,-0.7449369208597134,0.841221743155426,0.09832592775335972,38065.354346575
Malta,Mortalidad_Baja,1.089660972768149,-0.3337741619574449,0.9050447475358743,-0.8587358648112666,1.8979736739314776,-0.7465659745172091,0.8503158708082639,0.09444196464954455,31833.596382464
Malta,Mortalidad_Baja,1.0960611921380032,-0.2674315090141521,0.9142486658999254,-0.8493629012856327,1.8018087781015728,-0.7574787712946952,0.8847606928098737,0.08660741146614573,32421.9179753188
Malta,Mortalidad_Baja,0.9934982046853557,-0.33001742370965764,0.8760108141085707,-0.8346329228633277,1.750595783983408,-0.7404088685478705,0.8801788388691042,0.06500463885658334,33382.2677502638
Malta,Mortalidad_Baja,1.0615654463620223,-0.3085963664214956,0.8991914263949474,-0.847724406903819,1.816594230122166,-0.748565006746893,0.8722149332528273,0.08229989254063313,30317.2443357939
Malta,Mortalidad_Baja,0.9944062054366071,-0.30855874233347413,0.8786319983040916,-0.8313174071128556,1.717782162047313,-0.7438570655971251,0.891656161311202,0.06212145049618931,26459.0772054811
Malta,Mortalidad_Baja,1.0303580487113184,-0.2943534911537817,0.8911912496671892,-0.8377555223837119,1.7480405683972249,-0.7486209617305042,0.8890314480427413,0.07083129315250028,25529.6813131565
Malta,Mortalidad_Baja,1.0274474589993206,-0.21210325694806348,0.8992812997323794,-0.8234865772237715,1.6128699930713144,-0.7613891822035639,0.9348716297923207,0.05786048429370555,27424.5765369278
Malta,Mortalidad_Baja,0.9975552073915811,-0.1898721046656373,0.8925560817569451,-0.8125220710371834,1.5335378192770452,-0.7627973583398932,0.9556781692415866,0.045612084990806406,25415.5566806942
Malta,Mortalidad_Baja,1.0027636688729586,-0.13721717254627885,0.8999004756701341,-0.8051143597894127,1.4574028079268673,-0.7714676777965253,0.9829791609196055,0.03943261159453593,22878.3131257656
Malta,Mortalidad_Baja,0.8537818692855808,-0.17301549219999723,0.8503746633763372,-0.7746328777089811,1.2953056794022193,-0.7553646022607491,1.0064756801437857,-5.283011594817144e-05,23516.9691282762
Malta,Mortalidad_Baja,0.9662646045420914,-0.084593372684862,0.8944710127098257,-0.7875264851294077,1.3199898196912674,-0.7772056556428482,1.022323813834941,0.02072984876385736,21946.6070188242
Malta,Mortalidad_Baja,0.9048930098705003,-0.10591229018734077,0.8733516984781735,-0.7760532922946177,1.263674234676496,-0.7695355912220745,1.0284073985697655,0.005430773532147687,21176.3216665018
Malta,Mortalidad_Baja,1.0653626293206901,0.022392884527944926,0.9364961833986252,-0.7940913255059103,1.2954503684683578,-0.8010351798054818,1.0521987529794927,0.03476187699266492,22315.3104812611
Malta,Mortalidad_Baja,1.0280652653989186,0.032112107941220096,0.9261373591194788,-0.7833809052012002,1.225140724103642,-0.7999502122240265,1.0683014643158208,0.022129301880339625,19444.1743635565
Malta,Mortalidad_Baja,1.0126400981445856,0.06789970298523049,0.9253221125824826,-0.7737147224270811,1.1455078645574117,-0.804511949354508,1.0923411458248937,0.012232696490776379,16653.6038312389
Malta,Mortalidad_Baja,0.4473827571053426,-0.02971420299122181,0.6360550621134953,-0.585826649589553,0.9104585251628071,-0.7031273174552031,-0.8503446348653525,-0.05266464514128649,15831.3439802756
Malta,Mortalidad_Baja,0.42140130493936545,-0.0232416012271752,0.6285389220559192,-0.5782476132842735,0.8630724103852011,-0.7022070979443291,-0.8444961813033574,-0.06119113084948097,15212.1312964883
Malta,Mortalidad_Baja,-0.02601228794545997,-0.160167383367135,0.46871932669599214,-0.48663671151976734,0.4559754491150013,-0.6457517150181373,-0.9431918000757413,-0.1686897254932732,13593.9787182902
Malta,Mortalidad_Baja,-0.05927050454080962,-0.1827788617565591,0.4574174739372575,-0.483085938652631,0.4374143986470983,-0.6404437557084155,-0.9196749711489509,-0.17651279851846946,11251.2024877398
Malta,Mortalidad_Baja,-0.0251214298622095,-0.18344686954873946,0.46710583168925723,-0.49110137147709904,0.49159298529300255,-0.6424303705798833,-0.9434308408154892,-0.16556095819921712,10357.7026407269
Malta,Mortalidad_Baja,-0.09916855342433227,-0.16452332089078917,0.44721277118554337,-0.47034472296001,0.3496197148299446,-0.6405306319767529,-0.8977938769482816,-0.19119769780936074,10348.4860163
Malta,Mortalidad_Baja,-0.28228794696371584,-0.17361839565196113,0.387066429627106,-0.4251980070909282,0.107711170825256,-0.6248897508836089,-0.9097998827541476,-0.24221889614949743,9828.22830085662
Mauritania,Mortalidad_Media,-0.640613979273556,-0.5157033120917125,-0.22183184564118316,0.7855063395896713,-0.9608463237185701,0.19427859626866784,-0.9063268516231335,-0.22720051268794944,1960.35240077424
Mauritania,Mortalidad_Alta,-0.6454237522498534,-0.5193502578621304,-0.2676347502881966,0.7980083768678115,-0.9535968192777569,0.24115275287339588,-0.8971661826387203,-0.22733697080084825,1947.78918383313
Mauritania,Mortalidad_Alta,-0.6604388177864939,-0.523172747989678,-0.23629526818837623,0.9221197969718884,-1.028117210566319,0.23626991476850134,-0.905790864661,-0.22260774562284158,1795.76459566714
Mauritania,Mortalidad_Media,-0.638850064313526,-0.5049100397496218,-0.23599392028010266,0.7768756892923565,-1.0057166463582292,0.22369023611968153,1.0616828014565278,-0.2537411187632855,1767.072710621
Mauritania,Mortalidad_Media,-0.678580703466445,-0.530233987892761,-0.294989881859314,1.0171519931061748,-1.0577256561044106,0.31277332750901843,-0.9127720865161224,-0.2189812894061237,1722.93528854073
Mauritania,Mortalidad_Media,-0.6710601748031949,-0.5288942905379914,-0.33646206406501333,0.9399828264981,-1.0039774293501438,0.3371552991366765,-0.9082935591910213,-0.22187330347668272,1615.00401327323
Mauritania,Mortalidad_Alta,-0.6623214711893166,-0.5302322042534806,-0.38513180200347774,0.862911585609121,-0.9521464781225277,0.3681332732608098,-0.8747158723367678,-0.22651174148609854,1565.76575722696
Mauritania,Mortalidad_Alta,-0.6479370029175044,-0.5218847114821495,-0.4298015508522137,0.7131052779567395,-0.852428581237522,0.38138610008661644,-0.9156711487319655,-0.22913554565582694,1554.94897871782
Mauritania,Mortalidad_Alta,-0.6550449180345014,-0.4884347244554618,-0.4057605082826008,0.6875082813638735,-0.8738683211026289,0.3757360560425217,1.0694124580483133,-0.24558322972560975,1713.00865264234
Mauritania,Mortalidad_Alta,-0.6570739574472801,-0.527869601957809,-0.3845642972032648,0.8228063946717696,-0.9305260202378873,0.3594380075931003,-0.879345391662985,-0.22759211866168944,1934.24103064714
Mauritania,Mortalidad_Alta,-0.651482258701481,-0.5272568432397731,-0.4229605206709909,0.7619862698092181,-0.8865591160929047,0.38416779448750127,-0.8738566318336973,-0.2299903281857597,1859.11733247641
Mauritania,Mortalidad_Alta,-0.6526525502987631,-0.5290811864199217,-0.4005152001939288,0.792112616406474,-0.9125879433140964,0.36829461626078364,-0.8552471097423795,-0.23008305858253658,1931.19975525465
Mauritania,Mortalidad_Alta,-0.6553824380067964,-0.5302573233342827,-0.46789354720855336,0.7670045799709124,-0.8752208403202688,0.42870759993236884,-0.8676648033802525,-0.2302017642464177,1659.96369705455
Mauritania,Mortalidad_Alta,-0.6676710108040985,-0.5315636336622926,-0.5187135810539538,0.8083092745900791,-0.8741168054171911,0.48705317617521604,-0.9089549099210372,-0.2263325415320595,1435.43010811893
Mauritania,Mortalidad_Alta,-0.6438928032460455,-0.5445435012813229,-0.45226719326127773,0.8257540215094594,-0.9964503297157865,0.4364385705307434,1.058709691899865,-0.2665648389007879,1635.5630623124
Mauritania,Mortalidad_Alta,-0.6897959638479326,-0.5440250147638817,-0.5493306337237234,0.9693241672199764,-0.9543793545978088,0.5491870599090629,-0.8708602752214556,-0.22317299089137338,1405.15016203368
Mauritania,Mortalidad_Alta,-0.698910297467604,-0.5512329662911607,-0.5636043279305403,1.0437845379838457,-0.9941063629827566,0.5777779234943556,-0.8351132912005763,-0.22280114059097156,1300.60367988659
Mauritania,Mortalidad_Alta,-0.706778926298301,-0.5518110569408319,-0.7141296092259151,0.9886409393715074,-0.9072710141891016,0.7133066409066076,-0.8892535653709546,-0.22144820653875152,998.96583416747
Mauritania,Mortalidad_Alta,-0.6455213360053067,-0.6399401296192728,-0.823636852116667,0.9830751578617607,-1.052113580343954,0.8103472112116794,1.0478224911616323,-0.2990555326800367,823.554457141893
Mauritania,Mortalidad_Alta,-0.7492598038419372,-0.567965997933327,-0.9112760719691624,1.1687655457377635,-0.9320722417053515,0.9419330538807154,-0.9220674621034424,-0.21341622268815297,732.017820812675
Mauritania,Mortalidad_Alta,-0.7622835979305564,-0.5775641156339703,-0.9986071185933196,1.2263976720220633,-0.9378738375243189,1.038050030312095,-0.8921627790250921,-0.21327881854225295,648.879643934862
Mauritania,Mortalidad_Alta,-0.7801952041883958,-0.5859310147944762,-1.0727342092438947,1.315424456180325,-0.9607188784292909,1.1281532458580281,-0.8887788774836101,-0.210481768740916,651.817840199777
Mauritania,Mortalidad_Alta,-0.6495406659415224,-0.7361752333777243,-1.130858088071202,1.201140291294162,-1.162570463610742,1.1341547921691248,1.0372843722250407,-0.3300801819183641,680.911061879778
Mauritania,Mortalidad_Alta,-0.7021787950523576,-0.7611174303405441,-1.3495389974638454,1.4637779266174942,-1.2304425938681964,1.3999211008350638,1.0505305417661517,-0.32202466936072505,904.719170071042
Mauritius,Mortalidad_Media,0.3814636034224401,-0.34268449539078377,0.5877782549756279,-0.6251187202726675,1.2861812880126031,-0.6518077476585731,-0.8842115669787372,-0.031653873276383304,10223.7882316574
Mauritius,Mortalidad_Media,0.3830023146770243,-0.36401979291158265,0.5853115274685632,-0.6286314000577246,1.3249364307426337,-0.6482838387050077,-0.9081588038454838,-0.027532148261179917,9068.97300226707
Mauritius,Mortalidad_Media,0.38416346162688664,-0.39025163694460036,0.5825681969692003,-0.6330925069657747,1.3693678810092522,-0.6441251380433746,-0.9274071605256529,-0.023124276239307157,9011.04288445023
Mauritius,Mortalidad_Media,0.1712178416938985,-0.4022020272105964,0.4571217072817982,-0.571702606819732,1.070458028345683,-0.55594602418195,-0.962831541107289,-0.053301506476165994,11403.2527870674
Mauritius,Mortalidad_Media,0.35607464549765555,-0.34848758500102994,0.5780176091099538,-0.6190296662907181,1.26373536342834,-0.6485166125887611,-0.9063646671979513,-0.037265765053181577,11643.4605962124
Mauritius,Mortalidad_Media,0.2477936482486374,-0.4717306746961555,0.6163539923645303,-0.6295901784726734,1.0521178978848504,-0.6633087891365055,0.986008156803468,-0.053947950426444846,10841.6847754844
Mauritius,Mortalidad_Media,0.3710581191304635,-0.3379075821916385,0.5852029777930057,-0.621845912112429,1.2629065643867454,-0.6518699420806601,-0.8768545957952185,-0.03555845640719174,9965.72531085228
Mauritius,Mortalidad_Media,0.31056011499623715,-0.3364744840390121,0.5653006331414538,-0.6058765631621237,1.1780794340544016,-0.6471760337192463,-0.8884321953015386,-0.05262447671007864,9507.87133656424
Mauritius,Mortalidad_Media,0.31637390008331967,-0.32696718040640466,0.568780538724885,-0.6061425525006537,1.1687350003865697,-0.6493739602616322,-0.8720422444795901,-0.05284402084617651,10366.3550754936
Mauritius,Mortalidad_Media,0.2285233906031163,-0.32730720243604655,0.5397156519398039,-0.5834147473678813,1.0489902521899,-0.6422199201779617,-0.8882314092937975,-0.07735579967057588,9764.64413060045
Mauritius,Mortalidad_Media,0.32336406577954513,-0.38313503029246043,0.6540357675560762,-0.6476575469442483,0.9692775070369487,-0.6833259278542314,1.0225372410664564,-0.07013330755389213,9291.23627601053
Mauritius,Mortalidad_Media,0.2522782828103006,-0.31688409548632684,0.5491166149392848,-0.5881158577644132,1.0632008433195677,-0.6459653610479085,-0.8701551326166499,-0.07260207964878879,9197.04299089459
Mauritius,Mortalidad_Media,0.2616665795941979,-0.30746556881347137,0.553373799949036,-0.5890772652769327,1.060538092196159,-0.6482652249812937,-0.860828886879303,-0.07147106472821374,8000.37643182154
Mauritius,Mortalidad_Media,0.070431293212223,-0.34680394568376355,0.48044702059514377,-0.544855185331135,0.8614594841792956,-0.6201252789261043,-0.928085327724667,-0.11614990860838903,7318.12640972422
Mauritius,Mortalidad_Media,0.12562333957218044,-0.31964031855232933,0.5067793792593995,-0.5556058532326824,0.8949493863769523,-0.6352119945590625,-0.8983658764691234,-0.10744754837252435,8030.05228087539
Mauritius,Mortalidad_Media,-0.008568899563834428,-0.3640083875082506,0.3966717848134274,-0.5194268120857678,0.746805194250462,-0.5381757338088334,-0.9141886378477322,-0.10755306824548438,6574.6635764099
Mauritius,Mortalidad_Media,-0.06307592993419352,-0.4583320755536313,0.5066028510071781,-0.5046604848222013,0.7480824816044364,-0.6411673823659024,1.050601125652518,-0.06417523479070686,5695.97525509869
Mauritius,Mortalidad_Media,-0.058425045918137325,-0.352100217498559,0.3907776800559229,-0.5072036270049685,0.6516581622773293,-0.5456822100498142,-0.8659502452260208,-0.12892770528460257,5354.02974260642
Mauritius,Mortalidad_Media,-0.11108927533420043,-0.31640267717359993,0.40798263210133817,-0.4920655729161748,0.5401499613633794,-0.5869298143825203,-0.8715848298565596,-0.16448869036077896,5460.60800184198
Mauritius,Mortalidad_Media,-0.11530424780720275,-0.31719489393412054,0.4033414133725742,-0.49062152532829667,0.5341223792786942,-0.5824083538057678,-0.8723414546871839,-0.16392534693637956,4858.26575549747
Mauritius,Mortalidad_Media,-0.1035192842541062,-0.3175218751646798,0.4099498476686555,-0.4939493193998593,0.5540818162808026,-0.58719626952377,-0.87910569427187,-0.16184943813610136,4073.06053055903
Mauritius,Mortalidad_Media,-0.12661282126007328,-0.3072885429503757,0.4045307160680372,-0.4859527677169022,0.5115009078257071,-0.5892167737212923,-0.8980598200109922,-0.17001901720236207,3908.55694927435
Mauritius,Mortalidad_Media,-0.12088029471523934,-0.3240027050709054,0.3812007693044691,-0.4867075459056161,0.5339730318740298,-0.5568947047151622,-0.8997197859625772,-0.15398621040021282,3981.98343249582
Mauritius,Mortalidad_Media,-0.4868747191246974,-0.33219555082518715,0.08118320596953586,-0.3659473100648098,-0.03904654762401705,-0.29756104579644715,-0.948177394111422,-0.16347615581071478,3648.01649622256
Mexico,Mortalidad_Media,-0.23636068042533975,-0.34010900638797276,0.45752794277979264,-0.4217523995698053,0.387769966564237,-0.6456745686583272,1.1095715238598456,-0.0958361439036397,11402.1410374782
Mexico,Mortalidad_Media,-0.12936238695982516,-0.3009525850508622,0.39119727417837524,-0.48000825980313405,0.5129366864843844,-0.5770791605302121,-0.9840330533417867,-0.16338401256198876,10314.0506725979
Mexico,Mortalidad_Media,-0.23077113763592627,-0.4301183840342295,0.4440415789231875,-0.4363191352017872,0.5434875195066959,-0.6261509903210307,1.0342084940805156,-0.07735070152492568,8841.2707511328
Mexico,Mortalidad_Media,-0.19952864551701488,-0.2689019008016983,0.4051123524117693,-0.463058347338989,0.3680431710085552,-0.6170354113956379,-0.925362882917365,-0.20601501431372793,10369.5553585271
Mexico,Mortalidad_Media,-0.31336862480021227,-0.3701649129323301,0.42536244174226434,-0.3965932880026427,0.3678667275370816,-0.6342004375980385,1.07286932911319,-0.09448976257060288,10084.7937553679
Mexico,Mortalidad_Media,-0.162341806447334,-0.28303193413661615,0.40937468516043585,-0.47395030853913284,0.43926714441167924,-0.6096666616716078,-0.9293261635994443,-0.19013937186851104,9649.27816772402
Mexico,Mortalidad_Media,-0.11438683953188829,-0.3567050875349172,0.498944729096284,-0.4726752255247828,0.5259602127404416,-0.6523585641389622,1.0678960768196566,-0.09036960924210541,9097.92397674769
Mexico,Mortalidad_Media,-0.11279471591231464,-0.2932815891856273,0.4226287964205587,-0.48740271223843856,0.5301738509365765,-0.6108895577319752,-0.9580832341902978,-0.17318252489448072,10021.2386124039
Mexico,Mortalidad_Media,-0.23961297992332037,-0.36946457323425214,0.4514668650751256,-0.4262508331215228,0.4327522669130065,-0.6397981268464695,1.0460161672584676,-0.09403466361765644,11391.3773510244
Mexico,Mortalidad_Media,-0.1400437216712381,-0.2865494140804212,0.4065925397423898,-0.4774176513462657,0.4845878783149985,-0.6009024745570622,-0.984206208938617,-0.17734321588288937,11216.800851866
Mexico,Mortalidad_Media,-0.23614432930108986,-0.3616009127432272,0.4531502008800316,-0.4272450938622955,0.42168119953107974,-0.6409786496357446,1.0326194303191123,-0.09703358092995235,10744.1335229686
Mexico,Mortalidad_Media,-0.1323378563674024,-0.29177298369975807,0.4079113342301912,-0.480598439748585,0.4989849506859896,-0.5991064195310939,-0.9681015159642639,-0.17438940700986072,10664.4944046282
Mexico,Mortalidad_Media,-0.1294816262338191,-0.37393630378582005,0.4906743801977816,-0.4700785656590249,0.5404547761809614,-0.6478867916994233,1.0333726937881977,-0.08959892797417501,9728.80078237782
Mexico,Mortalidad_Media,-0.09748471816199875,-0.3116196283310505,0.3978341701675586,-0.48961862361307634,0.5722435206997466,-0.5744687524844928,-0.9836563222268329,-0.15149907402581447,8423.56933214711
Mexico,Mortalidad_Media,-0.23896288597259752,-0.36024210481060054,0.45179123363149476,-0.4266350534861723,0.41600693502168595,-0.6406242338506756,1.0162965579515573,-0.09889465310071227,10523.7685427665
Mexico,Mortalidad_Media,-0.1380737311169583,-0.2969717639941843,0.3925470137690247,-0.4778037601511836,0.49518042033397214,-0.5816307068456286,-0.9784480342960087,-0.16845193123116003,10134.3327129706
Mexico,Mortalidad_Media,-0.20595512455995504,-0.3325727118025807,0.4665041691407153,-0.43657469189606296,0.3979737344198543,-0.647319274414254,1.0113675339514712,-0.10498104807059966,9512.63575346699
Mexico,Mortalidad_Media,-0.1854719647405802,-0.3601644850108688,0.47070909069933964,-0.4481515454845329,0.4638578770115296,-0.6446409188405358,0.9978593073763227,-0.09836666608419092,8671.75891885163
Mexico,Mortalidad_Media,-0.23080689992347844,-0.3745761623182434,0.4524939747706708,-0.43246011832518144,0.4470551525339733,-0.6386335124321292,0.9893896696989593,-0.09727060554243416,7849.66759649565
Mexico,Mortalidad_Media,-0.09033750309873917,-0.3406050159816387,0.35609603961554737,-0.4902380634530808,0.6063362422205592,-0.5175735312598347,-0.9832856916976369,-0.12435826270784112,7434.07465031562
Mexico,Mortalidad_Media,-0.33036811969278407,-0.42640280127373537,0.35034081504474746,-0.39010535666319235,0.41790734147505837,-0.5452183646581312,0.9960995188789163,-0.05672699929036773,7983.03398381759
Mexico,Mortalidad_Media,-0.18544739469418325,-0.35881353509747005,0.2544298421644645,-0.4585409949189285,0.46878338200127834,-0.41882471033621504,-0.9860095709018233,-0.11345283125108924,7952.76479510706
Mexico,Mortalidad_Media,-0.3695273595110874,-0.460727810578957,0.2553429672671221,-0.3666662419092486,0.4059157249273113,-0.4380465929630171,1.0055637358542793,-0.009476808257869285,7524.0271380091
Mexico,Mortalidad_Media,-0.07272609021871604,-0.49651426895079787,0.10059287971184705,-0.4830280214219553,0.7640783366682095,-0.18154448950535207,-1.0425170716358176,0.029267333144223057,4183.87847727479
Moldova,Mortalidad_Media,-0.30922268759342497,-0.43927687607590327,0.36793519350022635,-0.39536370866013143,0.4691945169755295,-0.5568453054471725,1.1360809747005425,-0.04393792071931374,5744.29618434435
Moldova,Mortalidad_Media,-0.47858795434125856,-0.37181216390817173,0.3081279103115615,-0.3258423688071909,0.1918943598039452,-0.5483312374044153,1.0289005922503391,-0.0761689463793288,5274.60582195352
Moldova,Mortalidad_Media,-0.3929993714022676,-0.24347695380449874,0.27767925112827957,-0.39657377518231796,0.05082433745400983,-0.5240034785225517,-1.0212976243401253,-0.22830350458675225,4375.7788930524
Moldova,Mortalidad_Media,-0.6102103934694345,-0.3513633885608069,0.18770705012142083,-0.2591734760614801,-0.007346820143171173,-0.42605621758856266,1.037273014169882,-0.011799647009684333,4405.33418162155
Moldova,Mortalidad_Media,-0.6329300692548211,-0.33438397039678497,0.20287953881765686,-0.2528245105642224,-0.045106976565864654,-0.46042191818727773,1.022552428993843,-0.04041038308219902,4156.44981956646
Moldova,Mortalidad_Media,-0.6788131984533001,-0.3011438471588715,0.2201076872894578,-0.23713325933565008,-0.12914791346644194,-0.5049189546926176,1.0008342728902115,-0.07588482018168519,3453.26727720294
Moldova,Mortalidad_Media,-0.5891148357358088,-0.32983039164520744,0.2738196447780429,-0.27886844917590425,0.0186314284595146,-0.5476636973162109,1.0180413194394182,-0.09304759213015773,2847.08794770479
Moldova,Mortalidad_Media,-0.6143799758374061,-0.323022892139025,0.26012790059700863,-0.26792411038623554,-0.018973214585078002,-0.5401147374678291,1.0082080491918297,-0.09412067751887321,2749.55137054338
Moldova,Mortalidad_Media,-0.7761879600192744,-0.23332279161581973,0.11266251725361842,-0.09414517307699416,-0.3645903852020018,-0.3864063657922415,1.0004134215600906,-0.15675088628191025,3289.95758568777
Moldova,Mortalidad_Media,-0.677722318410584,-0.3163580196359492,0.19693296641435082,-0.23611269647733263,-0.11147203085355342,-0.475958092947049,0.9994396291269967,-0.06346393677520346,3321.04397795719
Moldova,Mortalidad_Media,-0.5933155141659605,-0.3601516389526218,0.20388605681087363,-0.2693051541925068,0.0328108669341281,-0.4495738478240684,1.03388920299394,-0.0326838322229987,3044.8084324815
Moldova,Mortalidad_Media,-0.6099949258287871,-0.3454998727697852,0.22647604176387598,-0.2669082195566147,0.00881566385205984,-0.49494157453819443,1.0144790442494873,-0.07092840551724333,2941.36224066021
Moldova,Mortalidad_Media,-0.6019571238431856,-0.3795220944436599,0.15634599484542405,-0.26144081183987855,0.03699778869495207,-0.3882680289068533,1.0335657454632527,7.132037236212696e-05,2436.79935102421
Moldova,Mortalidad_Media,-0.390362259222905,-0.5483127517658186,0.09677603202170516,-0.3432706597999235,0.47516416317015864,-0.2404240119066368,1.0905409453926038,0.0924193482872614,1898.43975710988
Moldova,Mortalidad_Media,-0.48224005097865297,-0.4872197647377123,0.11076565113097026,-0.3080888120457986,0.3037292432741925,-0.29495442022182594,1.0631903801855553,0.049725383982388405,2110.55305353857
Moldova,Mortalidad_Media,-0.5582295599633448,-0.43147179073145236,0.041651421290086366,-0.24402350690000468,0.15302852161795066,-0.22507625101949372,1.0406566944313413,0.014402084423116746,1531.21618590748
Moldova,Mortalidad_Media,-0.725282253347949,-0.25356273019664577,-0.08415125448799979,0.05140689136822907,-0.3827462635274961,-0.07064694813277755,1.0481315285594817,-0.160291328825369,1183.02481442894
Moldova,Mortalidad_Media,-0.6983444042115109,-0.2973722307846048,-0.13765337669126856,0.22428605592788953,-0.504408356515389,0.04364470257318914,1.1212561694642114,-0.17576359739039538,1034.39197746993
Moldova,Mortalidad_Media,-0.6798702351153304,-0.33867291926029086,-0.1367679969799882,0.3483049553613432,-0.618596561087995,0.06998042166539159,1.1016710983612907,-0.19133203022255157,897.178494749468
Moldova,Mortalidad_Media,-0.6692818783774721,-0.3646390249536463,-0.13211436714750505,0.42518539581086623,-0.6915826094627421,0.08035076578753547,1.091083069044116,-0.20120821273188777,682.319095965299
Moldova,Mortalidad_Media,-0.6465664424673604,-0.4457129959626181,-0.12943786151647518,0.6463079371725,-0.9064310198917402,0.10640469980638195,1.0715369686343799,-0.23223058879437114,570.799866188293
Moldova,Mortalidad_Media,-0.6320435747464667,-0.5012775954286236,-0.12610504139648687,0.796345828453112,-1.0536339678063111,0.1207791644318234,1.059702909525826,-0.25354642545006123,507.404076252819
Moldova,Mortalidad_Media,-0.6156968070352854,-0.5714118195258959,-0.15006633352767623,0.9782350488664566,-1.2247148166982877,0.16500954526510764,1.0454702542709104,-0.28014481846145456,440.538683980372
Moldova,Mortalidad_Alta,-0.7731374991440876,-0.5648003568020924,-0.22301432975313296,1.7601151840036307,-1.47629613272544,0.3947071583161832,-0.8905836962423606,-0.1951300847779982,593.593177049161
Mongolia,Mortalidad_Media,-0.7272770313177398,-0.3170044103070242,0.3230882789765827,-0.03010724608356774,-0.5979322242650377,-0.6583790561860304,0.9900061021054991,-0.09043609793571356,4993.51487463495
Mongolia,Mortalidad_Media,-0.5911670222065164,-0.4482750414935932,0.3374813969562215,0.0657599771034878,-0.7653102671914577,-0.6284681319940297,-0.8799146178997468,-0.12193186803926948,4517.61578018785
Mongolia,Mortalidad_Media,-0.6071856536642317,-0.4515540514738443,0.32998380505267977,0.07848408024410258,-0.7703661335552807,-0.6230847033305409,-0.8982453817792653,-0.17545983755370653,4001.25193077703
Mongolia,Mortalidad_Media,-0.6153927634466111,-0.4546638510902489,0.32817519857022015,0.07411162759992929,-0.771265085093604,-0.6269763068281945,-0.8876385523208903,-0.21104816012479405,4347.54610314873
Mongolia,Mortalidad_Media,-0.7699325388324125,-0.3045435080083503,0.29683759905138585,0.025584273686217296,-0.5932074318329524,-0.6209374488326638,0.9941455371382595,-0.15793868429422941,4107.64288528468
Mongolia,Mortalidad_Media,-0.6353407333593808,-0.4112362117218742,0.2945371953628296,-0.058227479421425754,-0.6324891273703643,-0.6114561810479571,-0.9726592454599963,-0.22546670947454117,3645.96708669551
Mongolia,Mortalidad_Media,-0.7844514814882277,-0.2599442186356216,0.2773544138700668,-0.11763661012495602,-0.4540983766733102,-0.6243764395761459,0.9054756717915466,-0.14856854395065433,3619.90026383792
Mongolia,Mortalidad_Media,-0.6140245460217484,-0.42737689131518725,0.23962685837521291,0.003887557285290222,-0.6603431717283055,-0.5178826933704693,-1.0082488402983725,-0.2303566258729151,3838.92126989984
Mongolia,Mortalidad_Media,-0.7606162022585669,-0.2926773714192819,0.13831996086819134,0.09832310352248375,-0.5484933744267918,-0.3821840575983506,1.0728262952980205,-0.17974988615644416,4126.23975800524
Mongolia,Mortalidad_Media,-0.590585666602859,-0.44467167216523446,0.14906623623211676,0.11019540062917477,-0.7000911672249235,-0.36487837309606486,-0.9234240881131535,-0.23506487058153946,4340.14310544449
Mongolia,Mortalidad_Media,-0.7545936439313503,-0.2669188470029985,0.06554017367455191,0.04256640503712683,-0.45764979451841664,-0.2891699851455208,1.0648693729706435,-0.16849707883046805,4328.89001905655
Mongolia,Mortalidad_Media,-0.7481136026617307,-0.27086132958855486,0.04224466787293471,0.06549371114150715,-0.46470564369016365,-0.2505978817382043,1.074323793308474,-0.16950356033970992,3736.04201455077
Mongolia,Mortalidad_Media,-0.71954859677376,-0.2892392845292329,-0.06028539373294251,0.17127818738284462,-0.49968497998403916,-0.07986776743283597,1.1232275801687983,-0.17432829325015514,2625.21881402433
Mongolia,Mortalidad_Media,-0.592339726997229,-0.5037377875376808,-0.07980086950916107,0.5534546692039835,-0.8977081699332992,0.007803087797861652,-0.8236369489561486,-0.23999966407398393,1703.32756790019
Mongolia,Mortalidad_Media,-0.6263999253050472,-0.5162886429284467,-0.09881007083604587,0.7908862948237778,-1.016429024061902,0.07485873258011583,-0.8242455727389524,-0.2319237028155547,2127.42678594737
Mongolia,Mortalidad_Alta,-0.620029427367202,-0.5371747617847138,-0.08659036944638104,0.9032117292315167,-1.1682582082609223,0.09546468294485694,1.0511232604376277,-0.2677241661075663,1627.68787743359
Mongolia,Mortalidad_Alta,-0.6530531824439105,-0.5325418794908156,-0.17302923135122736,0.9649446312042096,-1.0908781500784213,0.18180165162662942,-0.7741035219335388,-0.2290552375203634,1329.89179579053
Mongolia,Mortalidad_Alta,-0.6579349621414676,-0.5391430294081595,-0.29468889662539866,0.9393316256740603,-1.0402577616892232,0.2943018306214005,-0.7523104735581014,-0.2312577836071782,994.90010913241
Mongolia,Mortalidad_Alta,-0.6570964940631372,-0.5383628062654778,-0.40368390154465583,0.8567537821964908,-0.9565497394436345,0.3835501621383398,-0.7802740531685881,-0.23239815212967774,794.154552001815
Mongolia,Mortalidad_Alta,-0.6314157849004863,-0.5305142489748076,-0.5708813674791773,0.561182325740768,-0.7421448243253783,0.4855953292256001,-0.8026425463832529,-0.2411024119255063,643.168068921658
Mongolia,Mortalidad_Alta,-0.6784129252502561,-0.4453707558962486,-0.5802976985705164,0.5255005850001255,-0.6699211271848089,0.5238445786703119,1.0828843426615435,-0.2271907555316659,570.249213248399
Mongolia,Mortalidad_Alta,-0.6983393881110004,-0.5555773184021672,-0.6500694036540038,1.0009757820211198,-0.9467456014967709,0.6525448148578576,-0.8088017924142485,-0.2258502842268278,524.453483552485
Mongolia,Mortalidad_Alta,-0.7552607005615465,-0.5795982414337634,-0.6754104518862336,1.415753451639614,-1.1613333343724,0.7616134137024504,-0.7784833724911608,-0.21362580575873202,476.02755082717
Mongolia,Mortalidad_Alta,-0.728095220305895,-0.7585833180864597,-0.7770089154303819,1.990678069252301,-1.6986165256628931,0.9521586805314237,1.0563634099448211,-0.3044051300757822,652.67456284915
Montenegro,Mortalidad_Baja,0.20853131529722327,-0.20404658056630273,0.5489433102925096,-0.5593949393800849,0.8155471657404,-0.6610866807245701,-0.7782577888267239,-0.10311001974271056,9990.20444616996
Montenegro,Mortalidad_Media,0.27498309020865175,-0.19461489419128472,0.6592859382358363,-0.6032445517426848,0.6038034371891481,-0.7095843096345615,1.1386044013313883,-0.10962290088065696,9377.48879714989
Montenegro,Mortalidad_Baja,0.15723525010941672,-0.17864726632234346,0.6190202831825515,-0.5544661233531041,0.4700555353798903,-0.7029333280592286,1.1692642375462734,-0.11571090611957036,7612.62845881291
Montenegro,Mortalidad_Baja,0.06435382684103796,-0.2228694765018598,0.5804525415416477,-0.523598751093637,0.4615141601426559,-0.6886342765611357,1.161140336256302,-0.10896349042653936,8842.48528706869
Montenegro,Mortalidad_Baja,0.05462011195497116,-0.23622555201518994,0.5753660774406304,-0.5215320735622044,0.4755029069849659,-0.685746164192924,1.155329453537798,-0.10648345759533007,8790.88152116679
Montenegro,Mortalidad_Baja,0.15434912773326084,-0.2389396530879631,0.6107647289325195,-0.5613981584863637,0.5703358948218002,-0.6931016903125036,1.1355084758839846,-0.10352452025287229,7758.36921956034
Montenegro,Mortalidad_Baja,0.07962188525652136,-0.256820176606989,0.5818551254560058,-0.5341935824791828,0.53326144808805,-0.684417285073431,1.1390363618761101,-0.10169356210432234,6999.1358134109
Montenegro,Mortalidad_Baja,0.13288807994555676,-0.25178332806322545,0.6015388135910895,-0.5546176668817451,0.5728432657561365,-0.6893794161831699,1.132138267689464,-0.10143171678085472,6491.19280618646
Montenegro,Mortalidad_Baja,-0.06576898133226061,-0.28318251778752634,0.5266173009037958,-0.4801352158614935,0.4467487793499043,-0.6688632831079708,1.1506918700283977,-0.09984409952363682,7364.96590101549
Montenegro,Mortalidad_Baja,-0.009703850963699454,-0.26043501302304595,0.5494249434395129,-0.4992958897700647,0.45863837118562967,-0.6768657874177306,1.1533518080419216,-0.10311486195697117,7172.92908521143
Montenegro,Mortalidad_Baja,0.02871052743357491,-0.3235065158020242,0.5556306855160811,-0.5229592353645911,0.6010161864271945,-0.6698165645292657,1.1104464638241969,-0.08936664928010002,6577.74033229273
Montenegro,Mortalidad_Baja,0.04128267973492364,-0.2857461812561811,0.564657002472533,-0.5228816452207071,0.5479481091799524,-0.6768146122517502,1.1296143946604418,-0.09673899128312224,7325.64689244715
Montenegro,Mortalidad_Baja,-0.12415359939181167,-0.28601156347496554,0.5049862335748898,-0.4578966434848992,0.3981742295288263,-0.6635940150602696,1.1467705862831745,-0.10179900861949531,6688.40259641346
Montenegro,Mortalidad_Media,-0.24214066632341696,-0.32025656694462723,0.45899886545592633,-0.4152400413127839,0.3504949276322493,-0.6491832784889626,1.1619342096313554,-0.09656499794733153,6727.10776676969
Montenegro,Mortalidad_Media,-0.23312333368213983,-0.1929145062204397,0.4752010123683367,-0.40482220706328204,0.13774740374056166,-0.6686141691451408,1.1542528331641968,-0.12898865846678825,7367.75190910882
Montenegro,Mortalidad_Media,-0.4985895703698725,-0.2769757416814097,0.36899533969224674,-0.31233442830784314,0.039451059120322096,-0.6337745611037229,1.1191718046788002,-0.12140338472200479,5976.39414454596
Montenegro,Mortalidad_Media,-0.22164790345925883,-0.2425117407460916,0.474235906556459,-0.41484765141707214,0.23412731648378915,-0.6622006263628242,1.153695296321518,-0.11606762836230966,4425.67887307803
Montenegro,Mortalidad_Media,0.15611804947439792,-0.19758230408724045,0.6163520855244085,-0.5565596544115066,0.5013582733874206,-0.6998292054666906,1.158701755559066,-0.11188881674810419,3674.6179242797
Montenegro,Mortalidad_Media,-0.26108395132633044,-0.2909472964379452,0.33899236976167024,-0.4460333349186339,0.27921221181647815,-0.5495381117907681,-0.8633505656246163,-0.1990785626626368,3380.16512135859
Montenegro,Mortalidad_Media,-0.5372629929407576,-0.22702996354394744,0.2298616625760863,-0.359084905572852,-0.20759467005850613,-0.5060349869712888,-0.8821589416747251,-0.27133716594650625,2789.15906483509
Montenegro,Mortalidad_Media,-0.5497014570328785,-0.20688104084164088,0.23505884554057743,-0.3523825604166007,-0.2362045699996368,-0.5207025848878977,-0.9602433868158309,-0.28138439921721903,2106.6350684523
Montenegro,Mortalidad_Media,-0.3560258753217742,-0.28940425435418493,0.26433039886655973,-0.41421470151793727,0.12909707675052057,-0.4869406285766541,-0.8871021497354197,-0.20327611339995616,1909.59870186179
Montenegro,Mortalidad_Media,-0.42680612141263563,-0.26738964670812,0.23546252469449586,-0.3899058201206058,0.004430578018311759,-0.4765836211692437,-0.9333896468468839,-0.22143335181563933,1627.06511911987
Montenegro,Mortalidad_Media,0.21279847780171898,-0.1807912225147631,0.5482249406082127,-0.553751719554918,0.8038774463965109,-0.6630509369354701,-0.8555506744444963,-0.10133274999204256,10795.966586356715
Morocco,Mortalidad_Media,-0.2959874969637224,-0.3288403373478986,0.26474904867091753,-0.43607238964437406,0.24623771871240607,-0.46246013370941064,-0.8090648319679334,-0.17444130095456745,3455.39624023438
Morocco,Mortalidad_Media,-0.5908293880916826,-0.17697613485672775,0.2407418668278879,-0.3378965268897412,-0.31934543515875397,-0.5449977966083891,-1.0086656531720806,-0.30454296925911495,3785.93627929688
Morocco,Mortalidad_Media,-0.38827659119557667,-0.29205802116258267,0.2424240975512551,-0.4053929336544836,0.07627748609633117,-0.4684750499450353,-0.860801549731542,-0.2068322942724345,3268.0302734375
Morocco,Mortalidad_Media,-0.3999150432664057,-0.2942382222243821,0.22887829260038647,-0.40121918749429597,0.05999959364803659,-0.45518549905565603,-0.8658468790676319,-0.2048482542361586,3508.09765625
Morocco,Mortalidad_Media,-0.4652441771407355,-0.25954191022435963,0.22034213008037334,-0.3782882380530162,-0.06367705220969144,-0.4702550966143322,-0.9296751442342934,-0.23175476678587054,3501.69799804688
Morocco,Mortalidad_Media,-0.47506786244887855,-0.2702517340663257,0.19947356900407226,-0.37550732532332115,-0.07297289441397792,-0.4457627023553911,-0.9139970901808538,-0.22483808125794857,3296.52661132813
Morocco,Mortalidad_Media,-0.3915088620514888,-0.336234654358771,0.1674030078238966,-0.4016082752267512,0.1060471339700006,-0.3720427298869532,-0.8634761290413628,-0.16592315843131727,3140.85546875
Morocco,Mortalidad_Media,-0.6251234596814813,-0.2583461660953194,0.11829759003450757,-0.3133955932377253,-0.31932184583423756,-0.4013964946652612,-1.031068779129103,-0.22954729393558848,3146.24780273438
Morocco,Mortalidad_Media,-0.4180294095326532,-0.387933528953154,0.05762603840256156,-0.3886565027806038,0.10697398426987548,-0.23954841709366304,-0.8862293254219415,-0.11666106076888022,3435.40698242188
Morocco,Mortalidad_Media,-0.7608066646404568,-0.2643264198861743,0.1140055817820361,-0.008394844171349336,-0.4461208846941229,-0.36876749866118463,0.9547816859741862,-0.1684177335874486,3379.7431640625
Morocco,Mortalidad_Media,-0.5913071158903812,-0.3646705475342732,0.0040039833171517485,-0.0882200224779589,-0.4393170334680178,-0.19885230605626683,-0.9300417904660159,-0.20184073631240773,3164.17724609375
Morocco,Mortalidad_Media,-0.5712772181524384,-0.4031425808238721,-0.03134859629244406,0.04042973506778463,-0.5384208233306794,-0.12525227714185347,-0.9147086539713882,-0.21574184404308827,3301.98876953125
Morocco,Mortalidad_Media,-0.5693954827269341,-0.4232202851818675,-0.06457072781745105,0.0916308343298795,-0.577271698405256,-0.08666378701406138,-0.8944854524733725,-0.22308415480613242,3067.9853515625
Morocco,Mortalidad_Media,-0.5722443322443105,-0.4279237620916557,-0.11661273073837403,0.09297921861220282,-0.5639113562619015,-0.03635838902431676,-0.8843187262980801,-0.22432503480892413,3119.58862304688
Morocco,Mortalidad_Media,-0.5790482690758478,-0.4196981996138793,-0.17463923516601784,0.05939432062742078,-0.5143876515479482,0.01576203975421414,-0.8660198876553449,-0.22055263089467436,3183.20043945313
Morocco,Mortalidad_Media,-0.5960105037789413,-0.36925954536474004,-0.2555321112368551,-0.1086405433557926,-0.3334523267110428,0.07208739093663824,-0.896183409120713,-0.2003284792449081,2755.5859375
Morocco,Mortalidad_Media,-0.6917818504696991,-0.31490849819325906,-0.2938309049821859,0.25147640778853486,-0.4780911710298035,0.21754635099514252,1.1033103977255907,-0.1803466075525913,2438.12646484375
Morocco,Mortalidad_Media,-0.590998767682434,-0.42554247808658047,-0.35582824630905363,0.03140749045651725,-0.4376791444956415,0.1865093221374059,-0.845380826535701,-0.22082901433260926,2242.98828125
Morocco,Mortalidad_Media,-0.575903582467973,-0.4915484346682398,-0.3653909470991402,0.21390303066509342,-0.6101503449717016,0.21804230411338976,-0.8288478788207712,-0.24602220190390695,2183.55541992188
Morocco,Mortalidad_Media,-0.5794813278612824,-0.5080996893936909,-0.39161217456405617,0.28697645932225746,-0.6571617360067024,0.25550692321197366,-0.8019069050486383,-0.2503981056640892,1941.87255859375
Morocco,Mortalidad_Media,-0.5796546599038487,-0.5012796821501718,-0.44515903284609987,0.22295450577092313,-0.596402114923013,0.29599405112232324,-0.8129699281408111,-0.248890520676119,1596.02062988281
Morocco,Mortalidad_Media,-0.5827664161645012,-0.5101958884666316,-0.5007323382604191,0.24068630449485384,-0.5945398154757856,0.3521121441798374,-0.8161311515457048,-0.2511346305145032,1506.24523925781
Morocco,Mortalidad_Alta,-0.7098575220042177,-0.31739607478721926,-0.5595235441716169,0.1875031437456276,-0.34575554839109945,0.46438963230081876,1.1094287085515127,-0.17840652782191724,1499.107421875
Morocco,Mortalidad_Alta,-0.6139362877361466,-0.5309122251602002,-0.8453046811726237,0.27612625448577377,-0.5020437475374984,0.6934246384733922,-0.7956508137259735,-0.2512368975804033,1466.78820800781
Mozambique,Mortalidad_Alta,-0.7549035885865661,-0.5639300957992748,-0.6349704820578237,1.3713255499567225,-1.1302512794932293,0.7153018171387886,-0.9227382099480286,-0.20645578721045998,578.251663751351
Mozambique,Mortalidad_Alta,-0.7810074463604382,-0.5762579888104488,-0.7921045430098961,1.4681926413839501,-1.1286156662361968,0.887659773085421,-0.9269573476572985,-0.202953804524811,509.907829475551
Mozambique,Mortalidad_Alta,-0.7740480083226354,-0.5720420371379366,-0.7777780797396654,1.4194240281272514,-1.1056354060011357,0.8639704365217364,-0.9408526549698921,-0.20376810448577276,462.433876479921
Mozambique,Mortalidad_Alta,-0.6295076337690564,-0.6948950969965761,-0.7969138788773373,1.1376963217333813,-1.2099440006299567,0.8028681615795166,1.0355324205796,-0.32039256061126853,519.09255091362
Mozambique,Mortalidad_Alta,-0.7694414044366834,-0.5748801869260334,-0.8239855915153269,1.3743083181453073,-1.0715638183933889,0.8990904144661147,-0.9065523587835835,-0.20736689121607127,517.507260258101
Mozambique,Mortalidad_Alta,-0.7718396472984045,-0.5777037777831225,-0.8873222419078768,1.357419575415312,-1.0425305468846906,0.9570084589761414,-0.9007324973022204,-0.2083019865567574,470.93856305196
Mozambique,Mortalidad_Alta,-0.7374595972062998,-0.5671776529448377,-1.006812198388425,1.0327788917063963,-0.8307308121334955,1.0066085433280743,-0.9086126463972826,-0.21885142184006412,441.489734819071
Mozambique,Mortalidad_Alta,-0.7337986700069435,-0.5665611011655992,-1.0863905344118967,0.9548821646820269,-0.7618397165872349,1.0680215799211774,-0.9187469979183174,-0.22089817618375013,610.563774706589
Mozambique,Mortalidad_Alta,-0.669582427656518,-0.6446065514821467,-1.1822556060116594,0.9002404580668764,-0.8769198309217683,1.1439353277798279,1.055803897873295,-0.2969381452650103,697.142680444123
Mozambique,Mortalidad_Alta,-0.7451828233647259,-0.5719235030015887,-1.2253914399688908,0.9490181580994981,-0.7102131200512136,1.20193484878501,-0.9357520230464216,-0.22010441444664175,686.505672517351
Mozambique,Mortalidad_Alta,-0.7645757938969137,-0.5799702596440636,-1.2778813916511487,1.0598197929554847,-0.7511519171680283,1.2755530906244954,-0.9361237248251728,-0.21633952678304413,685.685748199513
Mozambique,Mortalidad_Alta,-0.7839109737957839,-0.587808171151125,-1.3465501271495304,1.1583289116999955,-0.7794789980759538,1.3624279612521597,-0.9417963727831851,-0.2126759975249221,618.17649286789
Mozambique,Mortalidad_Alta,-0.8041953055663067,-0.5973169918217385,-1.4387752666543325,1.2536547781736773,-0.7995028828598068,1.471395311646065,-0.9393993266611056,-0.20961007147845012,496.185839392659
Mozambique,Mortalidad_Alta,-0.8125726323260505,-0.6023393554391256,-1.4708575768977796,1.302009305152925,-0.8162580817313063,1.5122406336258394,-0.9263537457219155,-0.20876248159470623,547.697144193651
Mozambique,Mortalidad_Alta,-0.6748969791204582,-0.7401382498243484,-1.6064469796666594,1.0438782763787695,-0.9053326826702222,1.5668053223361809,1.0462090858697248,-0.32890546689701783,592.159111184122
Mozambique,Mortalidad_Alta,-0.7912956258418344,-0.5999888177210578,-1.6546020779197825,1.0448339982130144,-0.6217207828282587,1.637710109549933,-0.9136817939480717,-0.21827465687332742,507.874923914304
Mozambique,Mortalidad_Alta,-0.8106961603231407,-0.6110467905542603,-1.7790513784909978,1.1200645872555894,-0.6221569337459847,1.7736706968384637,-0.8998020563810845,-0.21658612618577117,457.487647833183
Mozambique,Mortalidad_Alta,-0.804307850049228,-0.6108190902360052,-1.9062200866898324,0.9958957724815563,-0.5135970013588084,1.8717436074196672,-0.9066484313341141,-0.220407964352396,436.773856167384
Mozambique,Mortalidad_Alta,-0.8190615836407406,-0.6169449484957155,-1.9963653563033013,1.0459761501493139,-0.5085196078352945,1.9696182225972894,-0.917598726542006,-0.218072481702974,400.056973161545
Mozambique,Mortalidad_Alta,-0.8307398407475467,-0.6234945320229341,-2.1158245716982207,1.0604142543723383,-0.4762282278412673,2.0885180169200837,-0.9197939441091532,-0.21747659263917846,339.488737800648
Mozambique,Mortalidad_Alta,-0.7294875947561765,-0.7231405175741312,-2.3193926263531615,0.8086711538764675,-0.488257864437295,2.2217324877149993,1.0676329175710626,-0.31463361081549646,313.886661721198
Mozambique,Mortalidad_Alta,-0.8128863854613234,-0.6298588958157688,-2.3609349173676697,0.8198500517211649,-0.27896134485382784,2.276082847217496,-0.8465386136604758,-0.2300786855181472,304.792138621913
Mozambique,Mortalidad_Alta,-0.856931257636449,-0.6390912892171792,-2.488436006331656,1.0254707447462925,-0.331688628846707,2.4431738910994074,-0.9381135449507458,-0.21763807577990962,327.12623979157
Mozambique,Mortalidad_Alta,-1.0130678827779258,-0.7046266280540707,-3.2216242751128523,1.7091569503654636,-0.43998780111134356,3.295417734549714,-0.99996494020211,-0.19091525758415168,191.826096861406
Namibia,Mortalidad_Alta,-0.546219075730475,-0.4244658873262059,-0.6989709279646541,-0.44347026681954665,0.28073247758807063,0.4751910810857355,-0.8752450144976922,-0.08448333174467343,4349.79908493314
Namibia,Mortalidad_Alta,-0.5339004957272888,-0.45907495356885725,-0.9020269173525177,-0.4923774795909964,0.44856891758576956,0.6651124274326256,-0.8749739668611232,-0.04799068246937083,4412.8355693052
Namibia,Mortalidad_Alta,-0.48450474638689267,-0.5056622612375825,-0.8075294262319828,-0.5131981496372119,0.5206770007682916,0.584591579853336,-0.8245595406881059,-0.009163037823235798,3878.58982993966
Namibia,Mortalidad_Alta,-0.44323318186396066,-0.5594049156343108,-0.8683151675948277,-0.5568329686032853,0.6698013412404445,0.6488463099959322,-0.7679234863135982,0.037006658609576304,4731.9210318831
Namibia,Mortalidad_Alta,-0.5096412871239598,-0.48955905985968035,-0.9231787252420371,-0.5147959832456916,0.5245286710932854,0.6905606541638338,-0.8280174118921333,-0.024210207701370723,5308.60813408705
Namibia,Mortalidad_Alta,-0.49893986977228,-0.5080634702555352,-0.9851134288047099,-0.5351455559048601,0.5943605007544446,0.7496426460457846,-0.8198029793908224,-0.006273464610326879,5143.96072323076
Namibia,Mortalidad_Alta,-0.5034921886880228,-0.5092018066684001,-1.0418592288938555,-0.5418679653869176,0.6164051796053237,0.8033547426407639,-0.8077988398789382,-0.006612028151426336,4395.68776162376
Namibia,Mortalidad_Alta,-0.4415914042328075,-0.522182647983419,-1.0203447743346745,-0.28513567915188687,0.4704740752197937,1.0351982351461355,1.2941315528284134,0.14338750659310578,4774.10650865775
Namibia,Mortalidad_Alta,-0.5596566743140358,-0.45000216066893534,-1.088779746932916,-0.506617460788415,0.4948780759040352,0.8385420190337063,-0.8648729406020701,-0.05753528721980172,5378.32326241205
Namibia,Mortalidad_Alta,-0.5660107841511369,-0.4491258386725855,-1.1475072134913682,-0.512484244403853,0.5142409495290552,0.8933030379105378,-0.8603750090518827,-0.0587344730503927,5346.62131149967
Namibia,Mortalidad_Alta,-0.663538340043186,-0.34532850078449123,-1.1269995731203677,-0.39921202832412606,0.1856053306588068,0.8661284258120352,-0.94031347334254,-0.17537630280311167,5942.64680978673
Namibia,Mortalidad_Alta,-0.6652716945370108,-0.3388628009080495,-1.1209512854748833,-0.41015564607015687,0.1977125916145971,0.8577255166157058,-0.9467755305835546,-0.17117752068991798,5834.7917675794
Namibia,Mortalidad_Alta,-0.6628625256028977,-0.3420034732275545,-1.1049275825031433,-0.40113466988267016,0.18285102231887485,0.8436997379830933,-0.9521757593124796,-0.1732195085509758,5418.21633365814
Namibia,Mortalidad_Alta,-0.6734038235259899,-0.313664964793837,-1.1017914820211592,-0.08738978787104251,0.012124769026465199,1.038515012914962,1.1406088300193513,-0.07484729190784184,4302.91374148376
Namibia,Mortalidad_Alta,-0.6447444479673575,-0.4009024637693492,-1.0674454012704457,-0.24168868688115971,0.009249428839540441,0.8334405103786364,-0.8906169556062187,-0.2036019341426034,4204.78555422749
Namibia,Mortalidad_Alta,-0.6468237001327175,-0.3947968641005329,-1.0794390927751278,-0.26345730346786633,0.03280318647211966,0.8420902238183876,-0.8974565523600972,-0.20112779004180553,4379.04313682732
Namibia,Mortalidad_Alta,-0.6525579626789658,-0.38469723103679343,-1.1367691226913448,-0.3116930936558739,0.09269953263035274,0.8905629277447904,-0.9165242509557239,-0.19662151409189632,4017.1834716928
Namibia,Mortalidad_Alta,-0.6726775508174838,-0.3426368583061306,-1.227792559628313,-0.41960450063732463,0.24093214619787673,0.9559319791866605,-0.9658773194083643,-0.16770004757881102,3685.77299991587
Namibia,Mortalidad_Alta,-0.6507325861480223,-0.37667278540802746,-1.3639433117750597,-0.48509098056253647,0.41584387959205205,1.0879456717064024,-0.8829930259080636,-0.12737399990536014,3403.15496192955
Namibia,Mortalidad_Alta,-0.5794190206207086,-0.3970861731865112,-1.3448232523474857,-0.2337359985364967,0.2875696022094062,1.3248149432944218,1.2010277875487592,0.03559563686922623,2569.24739317883
Namibia,Mortalidad_Alta,-0.6673255468134246,-0.38348563061554314,-1.3326442724686869,-0.3627325775489768,0.19567758207056518,1.0726428960553651,-0.8948241209573256,-0.1940353121937886,1772.07565537493
Namibia,Mortalidad_Alta,-0.6806824003074952,-0.35356138196376685,-1.3710179744104545,-0.42496418271085573,0.284136888994844,1.0945102141780565,-0.9291940330951951,-0.1718679433457156,1915.58926594875
Namibia,Mortalidad_Alta,-0.6787704117594614,-0.3578406379294477,-1.365648814070768,-0.41624308137255417,0.2715748679592711,1.0915563584150743,-0.9235042415426575,-0.17512823613673628,2156.67590512714
Namibia,Mortalidad_Alta,-0.6785330440082882,-0.34203088614423033,-1.2960821005787322,-0.43415569715503755,0.2746563555532645,1.020986036988701,-0.9343464653418221,-0.16739374251024064,2483.20353415161
Nepal,Mortalidad_Media,-0.6695837097585176,-0.3744754865164569,-0.1961468458302917,0.4373469339107572,-0.6850787058419303,0.14579859050760757,1.0882704060372193,-0.2042224925565801,1385.91066274851
Nepal,Mortalidad_Media,-0.600791893871407,-0.4974498577908219,-0.16167581525643293,0.5177866210853928,-0.8358517475497396,0.0814762792012802,-0.9327393073503809,-0.2346705035130674,1252.75076731986
Nepal,Mortalidad_Media,-0.5926110856525667,-0.4923350073292078,-0.17357118063400195,0.44015775950985536,-0.7874970316026952,0.07746483568584084,-0.9567653146885995,-0.23585936904069255,1154.21517578318
Nepal,Mortalidad_Media,-0.6006585488874094,-0.49332217493821623,-0.1573567635128198,0.5015395267106201,-0.822993805690441,0.0745094491542389,-0.9719548784789516,-0.23286398771240918,1203.14294706401
Nepal,Mortalidad_Media,-0.6128525719399949,-0.49742852743267085,-0.18359924456513507,0.5715636585347057,-0.8500031484597135,0.11442147316635182,-0.9801250434081141,-0.23000647010320607,1179.19843190389
Nepal,Mortalidad_Media,-0.6266411415537066,-0.5032662802106237,-0.22298655312521784,0.6494556202226733,-0.8780608634378035,0.16857799219457947,-0.9796845163995784,-0.22740249557157138,1034.28374906846
Nepal,Mortalidad_Media,-0.6463364847428128,-0.511106141609671,-0.2526879717804513,0.776595356093243,-0.935415585620052,0.2234038314008705,-0.9782975429713017,-0.22318499551959714,877.256454696737
Nepal,Mortalidad_Media,-0.6651753368032144,-0.5197937012936492,-0.311783773626793,0.8825927724654343,-0.97263456598191,0.3023524264108155,-0.971821285773038,-0.21999566115128916,875.543635474862
Nepal,Mortalidad_Media,-0.6845123306343577,-0.5224133014820839,-0.3014432410328975,1.0116778149783496,-1.0382113461042266,0.3193055763230058,-1.0119875694112463,-0.2132073940961181,821.455224911731
Nepal,Mortalidad_Media,-0.7020284094984681,-0.5294211966905512,-0.32593037360114513,1.1262225972836855,-1.090745733576067,0.3664852056883007,-1.0099936761861292,-0.2094519357399946,803.269595420477
Nepal,Mortalidad_Media,-0.7226451979258993,-0.5369037068835926,-0.3500586176564872,1.2608241564185034,-1.1530645432251843,0.4175088674949564,-1.0141808187783428,-0.2046455990087631,788.202937148377
Nepal,Mortalidad_Media,-0.7330804121692577,-0.5418833163767908,-0.3895020244430339,1.3157116401644526,-1.1694733229131753,0.4669636680264666,-1.010377382171066,-0.2030229892256809,785.518656222132
Nepal,Mortalidad_Alta,-0.6252142194233326,-0.712595042846624,-0.47637469913863506,1.4032502064922947,-1.4849298038173053,0.5405626006983345,1.030602225082634,-0.322694344946971,585.278491984574
Nepal,Mortalidad_Alta,-0.7422022640198721,-0.5474125262623983,-0.47904934004548966,1.3313996488370037,-1.1485320799237049,0.557020238345408,-1.0072234768250432,-0.20269983625581284,473.078751198621
Nepal,Mortalidad_Alta,-0.7347873496631016,-0.5458602223946297,-0.5247209869984037,1.251020725300326,-1.0912105623313768,0.5848670910738039,-1.0061041820376868,-0.20549965191266023,464.817391891529
Nepal,Mortalidad_Alta,-0.7489562030817081,-0.5516563174645701,-0.5616662147382341,1.332561543517371,-1.1218205003095938,0.637418164006387,-1.0068927909771521,-0.20269770853890184,385.449767660642
Nepal,Mortalidad_Alta,-0.7664859382462494,-0.5598992818856724,-0.5945838821221412,1.4469513532242733,-1.1729851469823456,0.6926019143668676,-0.9945946837106996,-0.19956833205138064,340.431796437968
Nepal,Mortalidad_Alta,-0.804728843766241,-0.5678565437507118,-0.632352704495015,1.674948823004893,-1.2711818043126901,0.7768255006329912,-1.0591331596397073,-0.18797511427828928,309.024168339372
Nepal,Mortalidad_Alta,-0.8216322906433154,-0.5752287441295073,-0.6866708816291238,1.7672866248192454,-1.302041072103072,0.8484136751680706,-1.0577578655467783,-0.18494106058907755,279.587750044428
Nepal,Mortalidad_Alta,-0.6943846176230201,-0.7485273911779392,-0.9086648714008787,1.663662385375546,-1.4814867090097823,1.0130820998773644,1.0481554525592975,-0.3150178856140302,246.429706587633
Nepal,Mortalidad_Alta,-0.8569827456928389,-0.5913443901401165,-0.815608248978388,1.9530520966614817,-1.358151419273086,1.0114594063072515,-1.0512860062639764,-0.17906386713817335,238.89140296106
Nepal,Mortalidad_Alta,-0.8521813641076099,-0.5913185088178202,-0.8921589409090012,1.8733494670351039,-1.2908419113334684,1.0694181325243624,-1.0509450806595177,-0.1818004999877436,240.795114544664
Nepal,Mortalidad_Alta,-0.929887887360309,-0.6219492025175,-0.84518058204252,2.4855480220872,-1.6344670821240217,1.1486248293436327,-1.0134258956965707,-0.16330546806547552,223.830289183078
Nepal,Mortalidad_Alta,-0.8415723609328799,-0.815012067326202,-1.3705011438572416,2.4855246000469426,-1.7669185742716742,1.628928187117949,1.0850430885150204,-0.28948916004736547,197.843001330326
Netherlands,Mortalidad_Baja,1.5814938409105943,0.8107097240615886,1.0141088595984875,-0.8722108424877324,1.823216149927715,-0.8053175618946181,-0.5832449193566345,0.2753938689796539,59123.318556487
Netherlands,Mortalidad_Baja,1.9498023131330864,0.7207291457508409,1.2901811499968614,-0.8879194129677737,1.5076493829419206,-0.9716605486688895,1.1304636280231648,0.19976845884528335,60141.9880911492
Netherlands,Mortalidad_Baja,1.9375375768084508,0.6890329324626164,1.285799995167211,-0.8894329078842746,1.5394872918413167,-0.9660434993703229,1.1324746016126617,0.20003323803361692,53467.9277413737
Netherlands,Mortalidad_Baja,1.9673369196582622,0.7164169568117806,1.298688532255052,-0.8912775562102722,1.5428481653805104,-0.9722293966909362,1.1317187033654832,0.20526201991983242,53554.9007491475
Netherlands,Mortalidad_Baja,1.8716851954244258,0.6162735767305952,1.2570348994483547,-0.8870336344540739,1.5516746995576454,-0.9505024116935196,1.1321335221794253,0.19006611773324508,53955.0770024266
Netherlands,Mortalidad_Baja,1.8898417521304245,0.6595631638971781,1.2623391610877714,-0.8857034643555088,1.509967880802182,-0.9582231516884231,1.124585103072112,0.19032747329450886,49513.6817346384
Netherlands,Mortalidad_Baja,1.8548934159040786,0.6427093302533311,1.2431611785854282,-0.882887484654502,1.481001894918978,-0.953052080510472,1.1084649206572237,0.1831033228167397,46808.5291492503
Netherlands,Mortalidad_Baja,1.828051069243444,0.5964191396990918,1.2329717902138817,-0.8836882167013682,1.5122934153227292,-0.9443344221534588,1.1160716038012783,0.18072448456731166,45793.8135434697
Netherlands,Mortalidad_Baja,1.946477336742227,0.7132118139564241,1.2862051231095906,-0.8892404139096456,1.513547281633982,-0.9702009087314613,1.1209977249492533,0.20016786559010735,53457.2234864322
Netherlands,Mortalidad_Baja,1.9500717951271451,0.8142937717824673,1.2786235215888824,-0.8964977721641119,1.4463033640895988,-0.9695353562050647,1.1208323757915775,0.205440914116071,52602.2860520766
Netherlands,Mortalidad_Baja,1.9294216565959676,0.8423312447971242,1.270745242565836,-0.8923834430925079,1.4054708055887697,-0.9667095505761883,1.1122357143925887,0.2017365596151874,50473.9442002689
Netherlands,Mortalidad_Baja,1.9483501220432522,0.8716666347046114,1.2760613856276926,-0.8989289874795292,1.4179695784965816,-0.9669969853784335,1.115510204712038,0.2091254581646114,54701.7728030611
Netherlands,Mortalidad_Baja,1.9450187439789761,0.9648759744224116,1.2716579805850559,-0.9027685658832287,1.3715958290908432,-0.9627710065359121,1.1060013960670578,0.2150389033139572,51305.7338533973
Netherlands,Mortalidad_Baja,1.9347485317888415,0.9017751380585824,1.2706249764628537,-0.8967236549418331,1.3848344053983452,-0.9647972675124866,1.110629095675735,0.20733993939346584,53172.0261581418
Netherlands,Mortalidad_Baja,1.821243779211157,0.9126284627975172,1.2357243347843858,-0.8650714359761588,1.20391220145701,-0.9585447060469608,1.1141673745653424,0.17237824035249547,58246.7026905874
Netherlands,Mortalidad_Baja,1.8001325601568197,0.8996745570535595,1.2291826156538521,-0.8587295592567803,1.180574408346291,-0.9574655580246493,1.109669260236784,0.16548382821493207,52100.7996285947
Netherlands,Mortalidad_Baja,1.792203632178413,0.9165678389699661,1.2264046588573552,-0.8572165025069964,1.1592700637094828,-0.9565622768254877,1.1110299798232797,0.16394529171388889,45123.5432406426
Netherlands,Mortalidad_Baja,1.8349036260021951,0.9489365457130642,1.2380719917742649,-0.8710669967017546,1.212063348539246,-0.9571982378704381,1.1043925819814087,0.1799872054563494,42165.396168388
Netherlands,Mortalidad_Baja,1.8620041577451747,0.9756403314371056,1.2450032559217086,-0.8803054166938454,1.2443959216874556,-0.9570956303427404,1.0967299601921359,0.1909336353413713,40611.3414353091
Netherlands,Mortalidad_Baja,1.4690144266343714,1.1234893139490039,0.9650780909868018,-0.8581734083639689,1.5318845109027124,-0.7826775994492929,-0.6499690931183861,0.2675358084438044,35896.7504630706
Netherlands,Mortalidad_Baja,1.456626233338425,1.0959073550815785,0.9626659441512015,-0.8530571590441514,1.5226787041119443,-0.7835815544623673,-0.6426556029186943,0.2611427628468651,29446.5330872868
Netherlands,Mortalidad_Baja,1.43112463646048,1.1224141047028777,0.9549248662428329,-0.8466666131169496,1.4653335630232749,-0.7820603652017262,-0.6333559999699545,0.2538940706457149,26955.7128032278
Netherlands,Mortalidad_Baja,1.4442226973357017,1.071140574885082,0.9598268103765113,-0.8482498176822877,1.5141904931790506,-0.7840569592937178,-0.6392378933267417,0.2553459440251995,26225.1697734149
Netherlands,Mortalidad_Baja,1.3222146786028497,1.0654951782606472,0.9210357787308343,-0.8143427521837767,1.3391960543940309,-0.7762711437325676,-0.6551163144336869,0.21879921176737885,29301.1940492376
New Zealand,Mortalidad_Baja,1.588122834906911,0.9005425948967805,1.0168165218354825,-0.8766146655183154,1.769206961290009,-0.8055245449932383,-0.548185783740607,0.2793571025029785,48760.0381935936
New Zealand,Mortalidad_Baja,1.5535602823301669,0.9095419324597955,1.0050822734825382,-0.867743376629532,1.7171834919694868,-0.8025142863813892,-0.5578367834540459,0.2702355346311841,49689.498134519
New Zealand,Mortalidad_Baja,1.499696820044343,0.9033747899153187,0.9884051203877113,-0.8524197632782594,1.6396005380908427,-0.7995369909720642,-0.5609231520537481,0.25344248970210304,41850.92032802
New Zealand,Mortalidad_Baja,1.5371420049967068,1.0497367090057326,0.9973118409309158,-0.8690572421021322,1.6153270326607627,-0.7977914004227271,-0.5455196726032892,0.27270017564170307,42779.2298164101
New Zealand,Mortalidad_Baja,1.5135827586139399,1.0185988237899388,0.9900500627924977,-0.8614233716586696,1.600185361278497,-0.7967708037767184,-0.5552174389651483,0.2644542053409645,43257.0769238879
New Zealand,Mortalidad_Baja,1.4075577928641334,0.9686796711977765,0.9558857218294003,-0.830751012743501,1.4810024642583781,-0.7899673423007467,-0.5879363387169603,0.23188794881054733,42950.3841711138
New Zealand,Mortalidad_Baja,1.4454469705633024,0.9909534662269036,0.9668552223584317,-0.8425084695160014,1.5283262408891627,-0.7911768671962978,-0.5888526772943752,0.2451740588027675,40113.7195382428
New Zealand,Mortalidad_Baja,1.4683165231353656,1.0458902920029598,0.9716832873480516,-0.8518848116950157,1.5403088777612002,-0.7898305723646193,-0.5968960569930826,0.2566396705580339,38665.3723018158
New Zealand,Mortalidad_Baja,1.5012938769586335,1.0995027508981774,0.9820424692688374,-0.8627902118248454,1.5536001285870404,-0.7913563513687284,-0.5780580074646644,0.2682481788989462,44618.266973847
New Zealand,Mortalidad_Baja,1.4635643645658305,1.058464392078349,0.9733352161960482,-0.8493071723998036,1.5053147707076202,-0.792432519039491,-0.5579524794665851,0.25174042504042804,43000.4646849189
New Zealand,Mortalidad_Baja,1.4530522858672785,1.0369159330353686,0.9687132958803413,-0.8463836855391786,1.512248217418517,-0.7907261395859475,-0.5801959112466757,0.2495170046347279,40053.6991536369
New Zealand,Mortalidad_Baja,1.426389889835242,0.9884132042881071,0.9628838208122286,-0.8360579083000075,1.489141855498357,-0.7919672879667522,-0.5683164242349861,0.23686562577672277,38431.7766788499
New Zealand,Mortalidad_Baja,1.40503719330242,0.976488867521394,0.9559268352834684,-0.829860922448383,1.4668638315259916,-0.790540581639243,-0.5763414534148348,0.2303438278135303,33761.9009639947
New Zealand,Mortalidad_Baja,1.4516603340066174,0.9428599287339352,0.9708597681208966,-0.8416096041424109,1.5569548311554637,-0.7939356364639117,-0.5800045923652772,0.24309211668070316,28276.7255416225
New Zealand,Mortalidad_Baja,1.4439731908304434,1.0080587703097428,0.9678173138827306,-0.8418963625008937,1.5058617709608342,-0.7922966535404535,-0.5676598577704408,0.2435051071099681,31324.7397977102
New Zealand,Mortalidad_Baja,1.4104507688918082,1.000250083707629,0.9583143509521643,-0.8317697547838951,1.4547899466754544,-0.7913147480397653,-0.5609234444048545,0.23186336770907956,32479.9817381467
New Zealand,Mortalidad_Baja,1.4409558241800489,0.9881148764090454,0.9670949388947245,-0.8402961568369891,1.5132898227957496,-0.7925046539336538,-0.5714511096262478,0.2417122566494697,26654.5932018985
New Zealand,Mortalidad_Baja,1.425109472528994,0.9917163626633088,0.9611978355093542,-0.8364847321082973,1.4929984881668794,-0.790635670835788,-0.5818643389382405,0.23814593936164252,27751.0654708859
New Zealand,Mortalidad_Baja,1.4126540387651163,1.0258316628778827,0.9565464574488243,-0.8345031674598364,1.456255570417579,-0.788875617212965,-0.5806447312963969,0.23630969188393292,25420.234882944
New Zealand,Mortalidad_Baja,1.3841030674160435,0.9827492399305978,0.9480839430551331,-0.824901715920517,1.4393793984191796,-0.7880082809389131,-0.5902282151719165,0.2257419828100792,21913.7081719961
New Zealand,Mortalidad_Baja,1.3652518801511448,1.0343185685805296,0.9408291207811141,-0.8220139886391156,1.3851466241547747,-0.7851398666623592,-0.590824766744714,0.22322351287182554,16874.1874918196
New Zealand,Mortalidad_Baja,1.2830634262552911,1.093037435492568,0.9125570106500422,-0.8023124896057993,1.2388000355544153,-0.7773012385523295,-0.6064911200300069,0.2031127202796404,13882.8568268586
New Zealand,Mortalidad_Baja,1.2721084225546782,1.1109183069692152,0.9085074184913591,-0.8001579765231648,1.214323752141845,-0.7758995722465317,-0.6086667249802964,0.2010799448538044,13641.1027183822
New Zealand,Mortalidad_Baja,0.6827266150560066,0.563961269302358,0.7241473609609501,-0.6180603187050909,0.6972759045809825,-0.7457547916170644,-0.8105123828913545,0.0051032018697777515,17400.4201848172
Nicaragua,Mortalidad_Media,-0.6155756691980944,-0.4841274633858885,0.24751015043904717,0.29380693632365595,-0.8856625667483586,-0.4697753443227853,-0.7241518195286079,-0.24916544893205061,2322.89053964583
Nicaragua,Mortalidad_Media,-0.5982409147514393,-0.4730464095977799,0.20973773121716538,0.20324708575745776,-0.809926525894452,-0.4335039017912278,-0.8283492171638982,-0.2468582835897169,2138.38588469449
Nicaragua,Mortalidad_Media,-0.6021562194658574,-0.44214338505737777,0.17831607717367304,0.10798805038267645,-0.7097197884382453,-0.4087087777335793,-0.8524391390646524,-0.23480629475113496,1938.44704754382
Nicaragua,Mortalidad_Media,-0.616361229456818,-0.40515379681423586,0.1641002582727836,0.004844080019520247,-0.6062004544815394,-0.4113526268256198,-0.8215891653516563,-0.22059513276976883,1958.62051528095
Nicaragua,Mortalidad_Media,-0.6218153140285555,-0.3895848720976506,0.1710518744812547,-0.058051562407918755,-0.5565879232327651,-0.43447485862423285,-0.8729988375052731,-0.21481444818393675,2035.16549390507
Nicaragua,Mortalidad_Media,-0.6247772123822588,-0.39283195950120076,0.1964943033687224,-0.06333386080813036,-0.5679022780846871,-0.47199876962478216,-0.8998882500042633,-0.2165444743044856,2182.61380995674
Nicaragua,Mortalidad_Media,-0.6226871615441008,-0.40621379703739485,0.21015431309647575,-0.024391509869347516,-0.6102213008385606,-0.48330320001025195,-0.8904932413428981,-0.22188783834402936,2131.68704828322
Nicaragua,Mortalidad_Media,-0.6046082152359381,-0.4553949287268087,0.21481624725768872,0.13517529713220877,-0.7551103388166398,-0.45540792198242996,-0.8563538218747946,-0.24056661302569166,2074.45620634731
Nicaragua,Mortalidad_Media,-0.7530066074452212,-0.32623657216459256,0.16007957769956122,0.2025620238790915,-0.6529655117937803,-0.3911589969286615,1.105277299138768,-0.19289683246645928,1958.37047579547
Nicaragua,Mortalidad_Media,-0.5954689947279344,-0.4727196038340669,0.19547829620551194,0.21077689741809136,-0.8066561175834601,-0.41099911797741795,-0.8447550326666331,-0.24598285164219091,1835.43996363715
Nicaragua,Mortalidad_Media,-0.6042611012751772,-0.4769097733592873,0.18502337096760355,0.30423360084804707,-0.8508270213056909,-0.37524614334880146,-0.8550365838062837,-0.24253403748149388,1784.69836017555
Nicaragua,Mortalidad_Media,-0.6066222225173007,-0.4799765538640601,0.15733593375274624,0.38430903101468383,-0.8798834952170077,-0.31729216408668903,-0.8805027775891394,-0.2390504321976885,1679.71192084633
Nicaragua,Mortalidad_Media,-0.5749039736289238,-0.4468454916228017,0.08065005271767081,0.1453690264879477,-0.6925036443185133,-0.25849491220984155,-0.9079518411572594,-0.23446125529747563,1526.56706951408
Nicaragua,Mortalidad_Media,-0.7471845220566723,-0.24528525473472518,0.014822600092299701,-0.02815049538990161,-0.3714665806003672,-0.23002732555353078,0.9706040167753524,-0.1591681010570105,1467.08288052845
Nicaragua,Mortalidad_Media,-0.5717193728620348,-0.4147893413592978,0.01206576843103168,0.06501672547313708,-0.5827383923949634,-0.1767358017000095,-0.930833303538031,-0.2209058129066333,1523.68437086409
Nicaragua,Mortalidad_Media,-0.5661180130292575,-0.41669610014924696,-0.019503867207870874,0.07448133728151196,-0.5768338855050273,-0.1333115874588071,-0.9389645433551039,-0.22104812132138424,1350.38145753377
Nicaragua,Mortalidad_Media,-0.5724829631470263,-0.39989119600036355,-0.05568151946579724,0.016458457670843307,-0.511976317455956,-0.10589863034960942,-0.9471841505867118,-0.21421049304191864,1248.17371577788
Nicaragua,Mortalidad_Media,-0.6902119677869349,-0.3192427965166247,-0.12626566561786912,0.2824292591210069,-0.5652323204560026,0.040387895076245295,1.0953544268225925,-0.1842204080449551,1183.30214010175
Nicaragua,Mortalidad_Media,-0.5584073969922719,-0.4717562652946615,-0.1039837935526088,0.2030584130531099,-0.6787551079718809,-0.03697259125244795,-0.936009906565687,-0.2412225620693555,1098.62118662335
Nicaragua,Mortalidad_Media,-0.5713528505377296,-0.44448219201891387,-0.19656618133730952,0.10138168409731763,-0.5566853568691728,0.03925154784528173,-0.9427332211260753,-0.2297601117087152,1021.35216668794
Nicaragua,Mortalidad_Media,-0.5660766523482994,-0.48818900473003257,-0.22342350324135118,0.23624998743533276,-0.669684400159192,0.08350761805010837,-0.9146777264651949,-0.24530611499459848,1014.3339042591
Nicaragua,Mortalidad_Media,-0.6889362622470969,-0.34859895266062524,-0.376422146240046,0.31994951790056503,-0.5231274247406885,0.3046223627881416,1.0982510167390296,-0.1923498086689921,1051.874235891
Nicaragua,Mortalidad_Alta,-0.5924747803577061,-0.49927953253676766,-0.343033602168288,0.35485390992043964,-0.6911739124292138,0.22397789194371298,-0.924104715620585,-0.24074699434398122,1017.3124434882
Nicaragua,Mortalidad_Alta,-0.6545640049357097,-0.5177892614601426,-0.5791626976686695,0.6308023718520357,-0.7456279777171309,0.510805503126618,-1.0111642059927062,-0.22621802829375448,891.779352309996
Niger,Mortalidad_Alta,-0.9694322813858613,-0.6482340225263649,-1.0567900242535186,2.6842880890916065,-1.6799021434923858,1.3935965466957374,-0.9393223582290255,-0.16106931360186366,609.745147661683
Niger,Mortalidad_Alta,-0.7761314588778594,-0.7862971992053788,-1.2039523558958414,2.097445663308931,-1.6152216687588048,1.3881125742218383,1.0686818203418336,-0.30161801420876644,608.722439593808
Niger,Mortalidad_Alta,-0.9399527115579756,-0.6400823401861067,-1.1286575635635396,2.430679769449628,-1.523681665429522,1.411300224214799,-0.9309572842979938,-0.17017838436518795,579.512495758236
Niger,Mortalidad_Alta,-0.9251320733468559,-0.6354103651785862,-1.1315140763070493,2.3233035348843556,-1.4669826587233263,1.3920127927647783,-0.9253007601544403,-0.17415636811176488,561.691304349698
Niger,Mortalidad_Alta,-0.7881613313248839,-0.7909081135724307,-1.2039122978281371,2.1867047757565583,-1.6627022353442427,1.4063032643631774,1.0716584317903257,-0.29877303440594793,578.568035680892
Niger,Mortalidad_Alta,-0.9103463893836844,-0.6313944422434069,-1.1744444759072197,2.1917349165499003,-1.3839356406648267,1.406688698475678,-0.9218590305553398,-0.17882927172480484,521.804130023434
Niger,Mortalidad_Alta,-0.9042758143303732,-0.6297934543725273,-1.1951219294309559,2.135849822647387,-1.3478179605610783,1.4152954908098174,-0.9206260962485369,-0.1808008914910112,502.706475406446
Niger,Mortalidad_Alta,-0.8799580636003428,-0.6224333766003993,-1.223176670824872,1.945100147943146,-1.239080076230425,1.4033687613692374,-0.9133204459644719,-0.1877076629240354,485.662574175279
Niger,Mortalidad_Alta,-0.7556607345566059,-0.7797759269288256,-1.2648538943990797,1.909998793739016,-1.4955435796133676,1.4089063724347306,1.0636782578598705,-0.3076802854001838,565.30989731175
Niger,Mortalidad_Alta,-0.8958785807992719,-0.6258530252355786,-1.2146281961701426,2.0570411263310957,-1.2978818483113894,1.4182776207285652,-0.9339589473753878,-0.18267375249935464,552.103334363117
Niger,Mortalidad_Alta,-0.914553013643367,-0.6329282743516568,-1.220079227616776,2.1914745672066553,-1.36729639955277,1.4510483838804347,-0.9313250229240067,-0.1782789832332281,528.510104469655
Niger,Mortalidad_Alta,-0.7634204319033149,-0.7838422994922836,-1.3149744811995152,1.938262441240109,-1.4941185181692882,1.4632972522285996,1.0656490660892228,-0.30685174559620265,510.75956176268
Niger,Mortalidad_Alta,-0.9380765427192989,-0.6431685465269187,-1.2919470112742886,2.3224286299048433,-1.412856057059087,1.5475539642384886,-0.9288057840512145,-0.17400915461684846,474.425692340831
Niger,Mortalidad_Alta,-0.9273966435796818,-0.6400017628044641,-1.373027697891078,2.1920696848632577,-1.3157252708467602,1.5996952261673174,-0.9396143990772308,-0.17779296120393623,461.131533961487
Niger,Mortalidad_Alta,-0.9827259082910149,-0.6591783351441303,-1.4034756889571496,2.572650385048835,-1.50430136094826,1.7073238450987132,-0.9524315510052381,-0.16413652321450994,475.044955398162
Niger,Mortalidad_Alta,-0.8189619950774709,-0.811523939484117,-1.6083298741724175,2.1787884460709357,-1.5257148586476315,1.7969842595100658,1.0796892858087168,-0.2996087033980187,387.168065883301
Niger,Mortalidad_Alta,-0.9973547043653475,-0.6677709092411426,-1.638033694193181,2.534575732947843,-1.4040379611771296,1.9273649562694966,-0.969470453389609,-0.16445200191536974,333.345078419447
Niger,Mortalidad_Alta,-0.8673922135025546,-0.8364768186827304,-1.9015683294429375,2.366631969065492,-1.5293333910571247,2.1197983963213973,1.0919697675486992,-0.2940446213929989,318.643121918273
Niger,Mortalidad_Alta,-1.0041140604702437,-0.6723493781790519,-1.903691940223668,2.4124705963347655,-1.2465070824404691,2.160640053050015,-1.00489927060378,-0.16651585564395083,283.468281798296
Niger,Mortalidad_Alta,-1.0617957677512533,-0.6949698035162674,-1.9948498656220743,2.7804616122534282,-1.410182086555126,2.3244223150624252,-1.0050731378824984,-0.15405826282692947,265.225363452469
Niger,Mortalidad_Alta,-1.0763487572147281,-0.703328711476903,-2.1308565927528615,2.80810046579525,-1.379968804915781,2.4620226122998883,-1.0031279526178432,-0.15326740313999476,225.294391147438
Niger,Mortalidad_Alta,-1.0734056537940944,-0.7055166152976095,-2.270892595775163,2.7056037769189913,-1.2798621947987554,2.5768926896109416,-1.0010951007379205,-0.15689121563771968,205.417936120931
Niger,Mortalidad_Alta,-1.0399728416574334,-0.6971798306721201,-2.4261735508063498,2.3717426108457875,-1.0528894792762507,2.65918587539773,-0.9984076728524425,-0.16839541570486039,194.771959898935
Niger,Mortalidad_Alta,-1.015922605328885,-0.7106736318120737,-3.059263588849976,1.8631399570257507,-0.5871938242421666,3.16821792580501,-0.9159139787272548,-0.19071433774497765,237.01998956862
Nigeria,Mortalidad_Alta,-0.7840637815677655,-0.5915765694848633,-1.428707474988062,1.1200148853045977,-0.734847884625201,1.4340373644688085,-0.9227825886694019,-0.2151335348285564,2139.37478476974
Nigeria,Mortalidad_Alta,-0.7874385929524677,-0.5948581793749859,-1.486676524878443,1.1144031188795434,-0.7138577173984312,1.489024543949547,-0.9147536455424894,-0.21581819341321384,2017.27486481527
Nigeria,Mortalidad_Alta,-0.7884359638303028,-0.5949101101901622,-1.5655481483507179,1.0665536630974923,-0.6596181764029285,1.556038335532482,-0.9345764796759708,-0.21626483013897058,2019.65706326224
Nigeria,Mortalidad_Alta,-0.7584357492265246,-0.5843025350869906,-1.6408376728081375,0.7966755086560218,-0.4903235166917567,1.57405523472594,-0.9492665098846693,-0.22454067624176194,2265.15520863056
Nigeria,Mortalidad_Alta,-0.7276108233902746,-0.5907492534857471,-1.8094480755123712,0.5888941968763883,-0.40816480705664837,1.7078622843057605,1.0828782361950129,-0.269483840689028,2057.87944554011
Nigeria,Mortalidad_Alta,-0.7350516568189612,-0.5734071946549618,-1.797344363017223,0.5078929473820414,-0.2778107355314028,1.6676183439122143,-1.0074213522333488,-0.23086272021433318,1876.34027111773
Nigeria,Mortalidad_Alta,-0.7133245661663598,-0.5714372767184761,-1.8749283878577085,0.3222261189544442,-0.16021041089005714,1.7043239201415263,-0.966780660791728,-0.23961042598973264,2070.4127339595
Nigeria,Mortalidad_Alta,-0.7586154252449857,-0.5111144268182783,-1.9588945811696588,0.33539150157584374,-0.12159171642981925,1.821241683109956,1.1034566054632795,-0.23735901741413257,2585.73360671797
Nigeria,Mortalidad_Alta,-0.7350360941430383,-0.5801374279030512,-1.8401496178072012,0.5086724211855649,-0.2723849906140724,1.7085116095830986,-0.9502852248978608,-0.23427795413697838,3088.72131316169
Nigeria,Mortalidad_Alta,-0.7505074618635836,-0.5867449800433171,-1.8327111826306524,0.6315282746125468,-0.3413476241000743,1.7262732755478611,-0.9382163570066469,-0.2308395210031718,2872.79083379398
Nigeria,Mortalidad_Alta,-0.723912600553257,-0.6239783548417603,-1.8782506805650079,0.6597954529085279,-0.459199071447353,1.7820234735322307,1.0775715984292398,-0.2814604822776009,2633.19734671361
Nigeria,Mortalidad_Alta,-0.7809549433664499,-0.5995342649184356,-1.8375546354853871,0.8590679226448568,-0.4621928440636034,1.777305020880551,-0.9207277085024788,-0.22418294285022877,2418.41316975875
Nigeria,Mortalidad_Alta,-0.717965203543622,-0.6627814339545752,-1.9354709260347776,0.7487387766998603,-0.5308781232906109,1.8472096904191957,1.0707965358059843,-0.29569789138190894,2202.25672957344
Nigeria,Mortalidad_Alta,-0.8224100122611352,-0.6115364348301184,-1.9123779404440668,1.098192754580662,-0.5569807674035908,1.899472635527218,-0.9646951146624347,-0.21345643127001518,1820.48633854782
Nigeria,Mortalidad_Alta,-0.8228627780384372,-0.6141264306598397,-1.9371364040572037,1.0954614423859914,-0.5500561545213615,1.9226763156827305,-0.9460909262824775,-0.21467187157068734,2154.10543545364
Nigeria,Mortalidad_Alta,-0.8202843301495469,-0.6132775272698824,-2.00376929617551,1.0315297558274261,-0.4923247183138335,1.9744336017649176,-0.9595650615517584,-0.21604216715029112,1815.52697545827
Nigeria,Mortalidad_Alta,-0.8355160918200186,-0.6194873377566413,-2.050403184268453,1.1143774622381708,-0.5201588979358654,2.03667770365161,-0.9620953712893914,-0.21309334890732812,1599.53891556365
Nigeria,Mortalidad_Alta,-0.8715743808512315,-0.6335117501721849,-2.0619365031776873,1.3748868590440413,-0.654838563763285,2.101076493450698,-0.9536546335147622,-0.20477768860406764,1211.37703504386
Nigeria,Mortalidad_Alta,-0.8937152052716569,-0.6435371645366995,-2.10990409509292,1.5132862004015164,-0.7133871566495158,2.175805175207735,-0.9432799247745596,-0.2007225582325764,962.48104194733
Nigeria,Mortalidad_Alta,-0.837774876254793,-0.8317937178625955,-2.2078661582654915,1.9678975404762078,-1.2167259622795346,2.335482674782382,1.0849515157375031,-0.3071951547499312,763.388745367223
Nigeria,Mortalidad_Alta,-1.0167625580875665,-0.6865515409815358,-2.192530276786547,2.351137252819716,-1.12339345795217,2.4278801164983976,-0.971349947911059,-0.17066992635715506,712.164852077686
Nigeria,Mortalidad_Alta,-0.8805406691998356,-0.6449119908512213,-2.38015244170119,1.2600027065783423,-0.49072880840014893,2.386152739020533,-0.9409583574826634,-0.20949924163739514,566.428231812933
Nigeria,Mortalidad_Alta,-0.8689683623073742,-0.6452582136159847,-2.4175021603237203,1.170052324009083,-0.4362481568854226,2.403473268963383,-0.9047372004707088,-0.21473041775023605,547.318298903379
Nigeria,Mortalidad_Alta,-0.9405022075163865,-0.6881886933315627,-2.532321935907876,1.6916405426217291,-0.6943341806044425,2.619610232720227,-0.7589684614970418,-0.20584242297347494,1271.61617353199
North Macedonia,Mortalidad_Media,-0.1572275708611351,-0.21335943127634874,0.42880808819307337,-0.4671562669797979,0.3223133967824682,-0.6308179370851797,-0.8162024533062291,-0.20549127332206363,7606.2375253797
North Macedonia,Mortalidad_Media,-0.10827864968755002,-0.2179054377118758,0.4440347252695202,-0.48031878217395174,0.3984519313038013,-0.6338593500182257,-0.8185410648557019,-0.19075053221971205,7620.80296977508
North Macedonia,Mortalidad_Media,-0.1407320400751918,-0.21696107553898333,0.4331665592810101,-0.47159145720036455,0.3535492482192899,-0.6312764665640183,-0.828759483641115,-0.19975021010681243,6659.59651070776
North Macedonia,Mortalidad_Baja,-0.0275360279244508,-0.17774133368683057,0.5529422244624278,-0.48115705088101596,0.30139058547532716,-0.6886486584295018,1.203642961620832,-0.12035500423771056,6718.85826635458
North Macedonia,Mortalidad_Baja,-0.02278847423461615,-0.1704832845848736,0.5555121937356187,-0.4820654500566923,0.2932984994898461,-0.6901758100077667,1.2069000862318584,-0.12171580327839171,6713.98925398989
North Macedonia,Mortalidad_Baja,0.08063085699054509,-0.14375739256119774,0.5957590195518023,-0.519450237326249,0.3412290197466543,-0.7025101283908108,1.2031435542518225,-0.12465226123907935,5955.2973863451
North Macedonia,Mortalidad_Baja,-0.1520815483774634,-0.20577896945891072,0.5049707078996357,-0.4355798867071654,0.23659071968553924,-0.6744555733545967,1.2105254412513187,-0.11766183545068842,5598.48622617967
North Macedonia,Mortalidad_Baja,-0.18806631726236273,-0.2253929867396501,0.4897313375684231,-0.42395334409154994,0.237515700035541,-0.6685204203303176,1.2059671452807679,-0.11454334609583156,5262.68671928674
North Macedonia,Mortalidad_Baja,-0.2930770769253212,-0.23681307349480843,0.4497434475985512,-0.3852382517375375,0.16044500302942744,-0.6578124713067608,1.184178374823904,-0.1177313802576464,5925.38592218015
North Macedonia,Mortalidad_Baja,-0.2595146067264795,-0.2662063418805737,0.45894778877863557,-0.40152452702408403,0.2420676725490859,-0.6562315986620317,1.1854795446365454,-0.10886497647930032,5626.26115664893
North Macedonia,Mortalidad_Media,-0.15023933961046942,-0.27270908286528006,0.4976138243420652,-0.44527382959114664,0.3524751620232709,-0.6639356018523991,1.172128622430903,-0.10401202226196232,5049.8265386157
North Macedonia,Mortalidad_Media,-0.2498848484870313,-0.2569299067681681,0.46328306490838594,-0.40439928640917455,0.23459226607278572,-0.658307253563768,1.1812411151320557,-0.11118555458640694,5416.86672931659
North Macedonia,Mortalidad_Media,-0.3381451114723806,-0.2760099629550094,0.4285649589887225,-0.373093450866499,0.18603831610580024,-0.6478151092154394,1.1584621229285275,-0.11185792894658286,4833.36586759968
North Macedonia,Mortalidad_Media,-0.36852485886681197,-0.33867475844289835,0.4100642879999866,-0.3696042796518829,0.2653231511183476,-0.6353813932517567,1.1245265177601134,-0.10018618647068783,4799.78722768888
North Macedonia,Mortalidad_Media,-0.5908172178031927,-0.2626231530755941,0.337720371443996,-0.2767601542354474,-0.0749755702031385,-0.6222002243699836,1.0625442047613296,-0.11933729229781603,5026.4202989873
North Macedonia,Mortalidad_Media,-0.3666245321486783,-0.22738163664618372,0.33941501695764265,-0.4099253697029998,0.07253404058512564,-0.5920029856000621,-0.9585775952143958,-0.2506347875628875,4204.11328760452
North Macedonia,Mortalidad_Media,-0.5146697237254684,-0.31349437426168253,0.3601356912598521,-0.3118235457493771,0.08322349279052094,-0.621468315579101,1.0692779776061128,-0.1041266899713496,3440.4411057968
North Macedonia,Mortalidad_Media,-0.5874212087868865,-0.2944548049426994,0.31220457124593143,-0.2781053850440288,-0.032363942250195066,-0.5794093819164601,1.0458773992372161,-0.08447492657527145,3120.98401394233
North Macedonia,Mortalidad_Media,-0.5436834938941845,-0.2617891646329626,0.35295721458076135,-0.29472954043331934,-0.029933763067193586,-0.6315053541745838,1.0774625800901072,-0.1306266015384811,2818.5814561242
North Macedonia,Mortalidad_Media,-0.593798713347681,-0.21367509484766173,0.33959990661436207,-0.2700057733592764,-0.15920895257422824,-0.634457127502565,1.0738141764830675,-0.14507830592638649,2445.36286400013
North Macedonia,Mortalidad_Media,-0.5482005335732846,-0.23686106034316887,0.3541780622500775,-0.28979916281731716,-0.07679115681879611,-0.6350236810433831,1.0874112965522322,-0.13623823403566593,1989.13537265159
North Macedonia,Mortalidad_Media,-0.4345230406009434,-0.22210183514149084,0.30183066997702324,-0.3896823166056517,-0.042600854676464406,-0.5660495783960463,-0.9396749548225685,-0.26277106579614545,1823.02267682636
North Macedonia,Mortalidad_Media,-0.639799187251109,-0.23617345834541714,0.3195395973197015,-0.25599168554599905,-0.16381808664490646,-0.6266721299187235,1.0389194795292909,-0.144244774767128,1861.89899780644
North Macedonia,Mortalidad_Media,-0.6144761622281276,-0.38124736661897723,0.1338503817168199,-0.08085883298821323,-0.5180672313040671,-0.3850587320886565,-0.9178784898558023,-0.21083789646496565,2355.24705371138
Norway,Mortalidad_Baja,1.2709980579539537,1.6304643163356132,1.0720500545737521,-0.7301043651270194,-0.15168497731652794,-0.9276375358836021,1.3973334721543593,0.01629417390576471,109269.520580298
Norway,Mortalidad_Baja,1.5969863081364055,1.648037059722423,1.1643952090496252,-0.8267391090895198,0.3843523895186046,-0.9376369313105376,1.313193953417919,0.12781803118296248,93072.8925119571
Norway,Mortalidad_Baja,1.8651749746918598,1.3817296341105987,1.2482010158030754,-0.8930818470374362,0.9642328414916416,-0.9558115138698124,1.2462150111092634,0.20149919503063032,68340.0181033702
Norway,Mortalidad_Baja,1.7442898003572298,1.403217273960433,1.2115850912703447,-0.859398440844642,0.7614761035658818,-0.949593609785101,1.2592695490137455,0.1638880373450916,76430.5889473338
Norway,Mortalidad_Baja,1.6949906959295877,1.575562955647587,1.1934697822480955,-0.85259933897656,0.5892923713102612,-0.9425800604486506,1.2788566331190907,0.1573895097169008,82792.8427113304
Norway,Mortalidad_Baja,1.6653264430581391,1.4889795124556033,1.1845860650961275,-0.8413271590480789,0.6002556940116461,-0.9419602416010459,1.2550557219250413,0.1452549956523421,76131.8384032764
Norway,Mortalidad_Baja,1.645826790126521,1.3177874204673434,1.1816075452837849,-0.8287345372875439,0.6660242696288695,-0.9452894657641272,1.236633024612848,0.13032396918871172,70867.3609970749
Norway,Mortalidad_Baja,1.5735830200758991,1.2501110249259104,1.1624488081885986,-0.8045793810932842,0.5817199878072158,-0.9448817245639172,1.2504546501618854,0.10208206741503821,74809.9658049898
Norway,Mortalidad_Baja,1.567786639227919,1.518185208331323,1.1546627589255873,-0.8147299499081435,0.4310797415269181,-0.936477296755791,1.264958905070384,0.11572911415533407,97666.6951838749
Norway,Mortalidad_Baja,1.5860127307912157,1.7345838973522147,1.1543769295235,-0.8299320756126107,0.3510029111058781,-0.9299396668364872,1.2648645012508295,0.13514165306467502,103553.840134417
Norway,Mortalidad_Baja,1.471587775608792,1.6302592023951596,1.1213501304089013,-0.7931800639849127,0.23220879160973784,-0.9267097009305574,1.2574137277242106,0.09377242001893205,102175.919298374
Norway,Mortalidad_Baja,1.4198966254567358,1.5306001146444486,1.1094068844573708,-0.7733186927423117,0.1951509196440323,-0.9285534204790334,1.2714922486489766,0.06985802203149483,101221.813476644
Norway,Mortalidad_Baja,1.384626899732957,1.6598819987868676,1.090163197081982,-0.7719611142641478,0.10697719165752145,-0.917487422338293,1.2165296074416665,0.07306476858060909,88163.2085931423
Norway,Mortalidad_Baja,1.5458829573229782,1.6914329849685612,1.1396718467399005,-0.8184787497613146,0.33310625927297044,-0.925885461613589,1.2250552349479311,0.12424804572781707,80347.5700665184
Norway,Mortalidad_Baja,1.4263242228874777,1.886961994648265,1.1011970500733752,-0.7919599895805564,0.03021215310876757,-0.9160435951906275,1.2658973416064785,0.09508714092871137,97503.5407803783
Norway,Mortalidad_Baja,1.4528064602072635,1.6838267702676097,1.11443697453136,-0.7902073908994243,0.1747608095024913,-0.9241329860595184,1.2610374782277878,0.09094509775552626,85502.2677087731
Norway,Mortalidad_Baja,1.4062164984093577,1.8564312228651276,1.0967641726777062,-0.7843863911072582,0.008973585670135453,-0.9168915009790981,1.276298245041869,0.0857736845551465,74434.4996835671
Norway,Mortalidad_Baja,1.4293397000455523,1.798397558052455,1.1032416600760395,-0.789373614608128,0.08703970367504754,-0.9180534949467379,1.2513437721875242,0.09197852885666868,67047.1704558264
Norway,Mortalidad_Baja,1.4411921959614344,1.6678093073529576,1.107166661605894,-0.7883691393945029,0.1906500681337655,-0.9201144332899213,1.2144656923258697,0.09136728957323428,57768.6980958462
Norway,Mortalidad_Baja,1.475310749850307,1.5540555107708411,1.1192803229284976,-0.7934754804149591,0.30875431066780146,-0.9245156351271715,1.1978303994173343,0.09654912384167667,50250.3298214345
Norway,Mortalidad_Baja,1.125299174011466,1.7617173591203665,0.8488787317842699,-0.7873305295353912,0.644970966057095,-0.7483797715809457,-0.5722180993966044,0.19283347047788935,43170.557174499
Norway,Mortalidad_Baja,1.079946990139713,1.9045559136004329,0.8307590777161804,-0.7813380422498397,0.5060939611050133,-0.7406780912386611,-0.5754055399825069,0.18815637011227027,38601.897639231
Norway,Mortalidad_Baja,1.3798162977761472,1.6257565428464653,1.0925335483466034,-0.7674772865317985,0.09851190575135504,-0.9212002038225576,1.2494609207346927,0.06583404869038478,38178.2368777076
Norway,Mortalidad_Baja,1.2567103361953826,1.1385688719669718,1.060018373792265,-0.7142917607946953,0.2023939312597911,-0.9239069322257532,1.160546126110745,0.006289139820352702,34875.7043347536
Oman,Mortalidad_Baja,0.23942339422771966,1.498049668245752,0.5643227095599062,-0.535510270356405,-0.4588929129428011,-0.6910408554579419,-0.788449333453827,-0.07572207903392547,23223.5829405935
Oman,Mortalidad_Baja,0.6183299667567508,1.4854231203917867,0.6846095456773742,-0.639938139874296,0.10584035281647147,-0.7153122809738894,-0.7504315432984623,0.03708633935772612,19403.4600160211
Oman,Mortalidad_Baja,0.7553664441621282,1.2797997211344807,0.7297859823693937,-0.6703597647101412,0.4339780777094142,-0.7274578503999731,-0.7794396758063535,0.06975422479253843,16784.8630630058
Oman,Mortalidad_Baja,0.4052564301185544,1.116075171043603,0.62155863518802,-0.5666908261894817,0.011191151394824517,-0.7093600742628405,-0.8354351170983223,-0.0433547994930934,19180.1864152801
Oman,Mortalidad_Baja,0.31148086128436814,1.3009264979724595,0.5871879462741023,-0.5491149023403039,-0.22138471190296966,-0.6973623107431697,-0.8410026173548049,-0.060152240790205536,19901.7615642016
Oman,Mortalidad_Baja,0.37046751963955804,1.199189133336918,0.6027623393055295,-0.5638266056458094,-0.047271976011325045,-0.699012653287574,-0.9011708437941104,-0.041762202237090595,17820.0661809335
Oman,Mortalidad_Baja,0.3301562275995248,1.0662924592107277,0.5910534050957061,-0.5478271701525369,-0.02445267526646866,-0.6986512476637072,-0.9340894451799373,-0.05915707319743996,17110.1897460545
Oman,Mortalidad_Baja,0.3197054414800544,1.3255202716921484,0.5833865896830444,-0.5555633323449811,-0.18593041002041635,-0.6915516074976071,-0.9048163670331686,-0.04911863292532381,18808.3077921839
Oman,Mortalidad_Baja,0.10589055106282241,1.5998021809129723,0.5127515158699592,-0.5066784600106553,-0.6659138393894098,-0.6728706089042722,-0.8754797723299044,-0.10131892589865332,23160.6502252547
Oman,Mortalidad_Baja,0.10339018359990718,1.6750488830019261,0.5139964097643561,-0.5080356837285525,-0.7329842579220964,-0.6746463418159259,-0.8311404134746863,-0.07861615063383814,23458.0233840053
Oman,Mortalidad_Baja,0.18338421304187483,1.888921059820834,0.5383550598309708,-0.53791747922633,-0.7521745205185474,-0.6771775487121634,-0.7690909278093876,-0.03599325755502514,24642.2978768596
Oman,Mortalidad_Baja,0.24004031937612627,2.0659593338854503,0.5519510308408768,-0.561217055115931,-0.759716737844907,-0.6746877224896086,-0.7572772266981425,-0.021184078498077047,25188.0074151885
Oman,Mortalidad_Baja,0.24629210560507667,1.8866935431564182,0.5551923757274961,-0.5558708024937339,-0.6381610469222694,-0.6772628604257145,-0.7960539539273328,-0.048088473934315146,23570.1798147325
Oman,Mortalidad_Baja,0.08249427428743417,1.443126277932553,0.5085438764422747,-0.4934702424894788,-0.6156101739997581,-0.6758310385519923,-0.889795911729695,-0.11698414352489933,20655.9180249218
Oman,Mortalidad_Baja,0.10477962118248432,1.6281732803445483,0.5231392942678128,-0.503085785704545,-0.7541828490076912,-0.6841565856268541,-0.7488232040121348,-0.06466811633289471,26576.779241509
Oman,Mortalidad_Baja,0.43480931063648987,1.9660708203851087,0.6132031745170838,-0.6115486498518422,-0.4030056060711872,-0.6868327273762674,-0.7715728696411199,0.012872291532503716,18792.653772482
Oman,Mortalidad_Baja,0.2931458111923104,1.7489818684464344,0.576794433583478,-0.5608581258368297,-0.5191619015775892,-0.6878831286537869,-0.757258217322827,-0.04647884807220287,16930.8565071853
Oman,Mortalidad_Media,0.16208221613741033,1.0943469502538081,0.5561361445573367,-0.4925012959740532,-0.4044131081969519,-0.7052814634657889,-0.7362842807060304,-0.13103823758579336,14434.8577924647
Oman,Mortalidad_Media,0.4074886423097561,0.9143196680097987,0.6382328570072433,-0.5524011494577183,0.05010859206950563,-0.7265135995275073,-0.7171005254224811,-0.06829685229057275,11800.8507411171
Oman,Mortalidad_Media,0.415723746182304,0.8453347769061007,0.6420835741074769,-0.5518097098975475,0.10059725798156488,-0.7288261151210874,-0.7233969493729377,-0.0694355288494059,10463.5425832141
Oman,Mortalidad_Media,0.39431466440009366,0.8108108584861103,0.6361875506834975,-0.5443015351389885,0.08663304439199632,-0.728624309788533,-0.7261961099100478,-0.07797612636875967,9869.13050219438
Oman,Mortalidad_Media,0.35907930784624664,0.7637974131514961,0.6263997634285037,-0.532304060952481,0.05762268433211515,-0.7281256133723533,-0.7287448376607626,-0.09163282078331703,9611.96360191054
Oman,Mortalidad_Media,0.28495849005690554,0.8116354919492628,0.6029332834160714,-0.5133009871822392,-0.08354504118989359,-0.7230388955841413,-0.721560730338823,-0.11240445164793716,9753.84755185404
Oman,Mortalidad_Media,0.46116316857533024,0.25347547304149226,0.6579508481627154,-0.5445939329941647,0.5536454918482219,-0.7383129776701514,-0.883492343396487,-0.0755418889017585,7414.30279204109
Pakistan,Mortalidad_Media,-0.6653151908551457,-0.5287076154289028,-0.6903826696108992,0.6650751462796252,-0.7335290393538821,0.6250977632703815,-0.9653573060819456,-0.22783236099665538,1538.3228133171
Pakistan,Mortalidad_Alta,-0.6757472868742368,-0.536263381996248,-0.7953544153456844,0.6867724935384634,-0.7124010718350899,0.7311823988714075,-0.9501733370094183,-0.22803161985882897,1455.31922370186
Pakistan,Mortalidad_Alta,-0.6661527995780424,-0.5326952066537282,-0.8503035083621437,0.578630466193524,-0.635313096715205,0.7625463302697939,-0.9631831239863686,-0.23092505569020105,1278.39735206896
Pakistan,Mortalidad_Alta,-0.6571109872591417,-0.530418263798998,-0.8355255468887184,0.5269455156794173,-0.6148178270057822,0.7374502615819978,-0.9505688487236059,-0.23343070750142336,1390.41690981745
Pakistan,Mortalidad_Alta,-0.6829188024246661,-0.5154026166957841,-0.8999202800536288,0.6284953845550478,-0.6862249531912705,0.8418587332562739,1.076067163596196,-0.250530915041147,1569.33814626355
Pakistan,Mortalidad_Alta,-0.6787458798313538,-0.5396070026518986,-0.915692717668029,0.6367693280231865,-0.6456964484556171,0.8377600787329438,-0.95350858804226,-0.2295504796919341,1519.23459514248
Pakistan,Mortalidad_Alta,-0.6897810176213839,-0.5436566463616194,-0.9541254457372041,0.6916166082561537,-0.6608053047880702,0.8863808495470087,-0.9607523385909393,-0.22726532306521152,1424.69161195897
Pakistan,Mortalidad_Alta,-0.6793825490304466,-0.5682744518585773,-1.0427290694664781,0.732444417332504,-0.7500067221931963,0.9907307356811983,1.0684572412648488,-0.2692243786715803,1380.47020838317
Pakistan,Mortalidad_Alta,-0.7181427419874038,-0.5524881180966942,-1.0282674883789509,0.8423366761827882,-0.7114411393974325,0.989579412465005,-0.9896266823842892,-0.22044029268759174,1266.61340849959
Pakistan,Mortalidad_Alta,-0.6774964022166038,-0.6019506681492263,-1.1388890618461174,0.797271225136154,-0.7879148353052938,1.0903684781165872,1.0637401955083756,-0.2810743963412973,1225.4340119198
Pakistan,Mortalidad_Alta,-0.7270522319037312,-0.5579465866044208,-1.1211456214838091,0.8542262052640581,-0.6872987614043271,1.0820996147802047,-0.9871306402659779,-0.2202069963807607,1204.36475491585
Pakistan,Mortalidad_Alta,-0.680185540226083,-0.6177639216707914,-1.2347925337781402,0.8142168213494172,-0.7791939734846995,1.184155262664068,1.062794365575402,-0.2860862358534285,1131.73513834324
Pakistan,Mortalidad_Alta,-0.6911064397673177,-0.5898210245253735,-1.2878243494360557,0.725108148661165,-0.6783291296277728,1.2244877637318796,1.070029892096395,-0.2748075694180091,987.304571124485
Pakistan,Mortalidad_Alta,-0.7177174073889943,-0.5583264183791944,-1.2714992905364884,0.7001502792845296,-0.5569660764019722,1.1963873151100453,-0.9825611903583555,-0.22573270482285712,963.788066395225
Pakistan,Mortalidad_Alta,-0.697941540856687,-0.5512814968507926,-1.347321756304139,0.5041574714333485,-0.426266600258976,1.2300609849493396,-0.9983466523728435,-0.2314398620212083,1067.04324565284
Pakistan,Mortalidad_Alta,-0.7211466768680519,-0.520859011855447,-1.462541873662762,0.4935345648349556,-0.40648981574087323,1.3646249012974443,1.0889831634503264,-0.24649496919815345,998.090114197524
Pakistan,Mortalidad_Alta,-0.7149422650610694,-0.5590730195431591,-1.3893899353836114,0.6072743874284381,-0.4677982214244048,1.2918795807919943,-0.9905767676608492,-0.22842224909509068,900.873564984808
Pakistan,Mortalidad_Alta,-0.7116712705867222,-0.5792347262594614,-1.541127552006646,0.6293352657429676,-0.5182422891446802,1.4557485872190252,1.078603212948549,-0.26799548434434994,827.619861189926
Pakistan,Mortalidad_Alta,-0.7079109776634801,-0.5902725410473931,-1.5280385765191202,0.6624444982220232,-0.553978066278394,1.4470953143497232,1.0759416274660785,-0.2723651385171174,771.902247348954
Pakistan,Mortalidad_Alta,-0.7385422082860441,-0.5701610662630555,-1.5144213983496777,0.706204470102247,-0.47839283983393827,1.4334613890631602,-0.9913236815585544,-0.22505223641105876,672.44178669894
Pakistan,Mortalidad_Alta,-0.7488967694761507,-0.574249003910839,-1.555075542892571,0.7558248256047329,-0.49034766973043287,1.4831354297264288,-0.9962661252888065,-0.22308287614808042,599.937345723927
Pakistan,Mortalidad_Alta,-0.6992035581081234,-0.6642171286611803,-1.6743619433290855,0.8220244042565747,-0.6710890214729955,1.6058442737929493,1.0639631648458048,-0.2990905597495831,609.939506905073
Pakistan,Mortalidad_Alta,-0.7929859044510681,-0.5942565814743656,-1.622084358058903,1.0510530523319526,-0.6276774019843316,1.6082074790547123,-0.9690953605478012,-0.21472798717196434,642.338346499898
Pakistan,Mortalidad_Alta,-0.8497595856561736,-0.6173895193187287,-1.8408521584085156,1.3291505300057198,-0.6989357734000754,1.8776768349188073,-0.9882398226322453,-0.2042027904854795,450.550279346206
Panama,Mortalidad_Baja,0.20393097134428664,-0.40758291857024687,0.4936056897192171,-0.5870783735058365,1.1166496306267502,-0.5878463931080707,-0.880356592073386,-0.058322553762176876,17332.4360742988
Panama,Mortalidad_Baja,0.25382616795673807,-0.4818696137511564,0.6173004645744848,-0.6333376069799251,1.074876495459065,-0.6621644603409437,0.9791371450291346,-0.05174132742847454,15509.8069109784
Panama,Mortalidad_Baja,0.2869994847320051,-0.46929639675967344,0.44972136391502493,-0.6086405960082375,1.3007427630658612,-0.5025425354363717,-0.9031048889719031,0.0074113988755571125,13290.5608347594
Panama,Mortalidad_Baja,0.145996976504862,-0.43406901021897204,0.5844006507662367,-0.584224415387734,0.8957757325555055,-0.6613599178058451,1.0260806895026613,-0.06406082879540975,16477.9066285687
Panama,Mortalidad_Baja,0.2106405985360105,-0.4228736501712558,0.6088974818835788,-0.6083302518780064,0.9351383391960325,-0.6681917482780475,1.020599401629269,-0.06477624239202795,16151.3273478476
Panama,Mortalidad_Baja,0.23030702190147842,-0.4156103864010492,0.6168121358335836,-0.6151473034799428,0.9405309331253121,-0.6708847630621069,1.0211252665289268,-0.0657779951214536,15694.6297454295
Panama,Mortalidad_Baja,0.1513172133378549,-0.4451678715441095,0.584976999582407,-0.5878182759179154,0.9195282319204815,-0.6600070236274967,1.0187943689517434,-0.06167626859382608,14832.3611608191
Panama,Mortalidad_Baja,0.11970993565158711,-0.47808450356452503,0.5697123170188549,-0.5797073315617989,0.9471138030591232,-0.6522942369744347,1.0058693881284835,-0.055748002510197237,14082.6548502728
Panama,Mortalidad_Baja,0.11059974593185937,-0.4996912654658086,0.5638609511936605,-0.5789926826501921,0.9757465478419728,-0.6481402522200518,0.9952525533906631,-0.051575745220712566,13213.1989637473
Panama,Mortalidad_Baja,0.11381327691185705,-0.5401877740423456,0.5601614595960711,-0.585689435603653,1.047761568035301,-0.6419389786170419,0.9716356339672059,-0.043266173047306955,12273.3225037637
Panama,Mortalidad_Baja,0.2502406684871409,-0.5918408345135173,0.6028439396631808,-0.6466463250931855,1.2593027027233523,-0.6443629850574732,0.9172601493988319,-0.029473263027521124,11064.8063606203
Panama,Mortalidad_Baja,0.25995861199258896,-0.6367695475886945,0.5438068368772038,-0.6449398944438356,1.320310109482513,-0.5637335744603686,0.9581791745986443,0.01578521677682654,9662.29592216607
Panama,Mortalidad_Baja,0.25848249346587804,-0.6616315563896598,0.5038108710832052,-0.6402940724523241,1.3457854775116025,-0.512251531720724,0.9878977141718759,0.04372454852599095,8331.46421351868
Panama,Mortalidad_Baja,0.24048806915002355,-0.6844883815974675,0.45302706572243523,-0.6278015478384628,1.3507112261384444,-0.4531589747633298,1.0278888381013693,0.0740680997681527,7796.92617035048
Panama,Mortalidad_Baja,0.17978281309987174,-0.6861381811429835,0.3993235886383005,-0.5975439810797739,1.2850274459777928,-0.40689314095508683,1.076013774128514,0.09288900466604097,7347.59050324397
Panama,Mortalidad_Baja,0.2790383182459556,-0.7069163863018816,0.45053913584764266,-0.6433182907703535,1.4180273191835244,-0.4349136625138172,1.0243276182774226,0.08810730627031002,6317.81730274124
Panama,Mortalidad_Baja,0.29255020791690534,-0.7092604919086792,0.4582663961732495,-0.6496259752135378,1.4356045003443727,-0.43971104715862575,1.0167342431669155,0.08691996643636016,5528.76705469354
Panama,Mortalidad_Media,0.22305982389298498,-0.7205719268334904,0.38210354586464806,-0.6135052601633261,1.3706923838550535,-0.36763320152274503,1.0826612196004868,0.11889717830762753,5017.7410922824
Panama,Mortalidad_Media,0.16654483658347005,-0.7521648684832855,0.28766320784473737,-0.5783664015575216,1.3302883424583416,-0.26265388157150565,1.163703593821263,0.17316921475814304,4644.56582353041
Panama,Mortalidad_Media,0.20983654442210378,-0.7205325982094112,0.3710269049925347,-0.6069771327788974,1.355949792998984,-0.3583640840884914,1.0926856021597975,0.12255546742151892,4264.66428846636
Panama,Mortalidad_Media,0.3902690466762594,-0.6881024661339473,0.5735539880040179,-0.7012469510968651,1.521157456870459,-0.551722630162736,0.9179862811166704,0.03613855080577899,4090.58617397129
Panama,Mortalidad_Media,0.36935024999341126,-0.6758732922520145,0.5749958479610997,-0.692836269316084,1.4845649982798341,-0.5617427181290015,0.9198509822173415,0.028455138303790206,3991.7767076924
Panama,Mortalidad_Media,0.32221480512161527,-0.6678301235841954,0.5478307122863468,-0.6708111519085935,1.4233942872890912,-0.5447352498993134,0.9464942729455426,0.032745582944248924,3975.09308659503
Panama,Mortalidad_Media,0.16604057689443671,-0.6525603651480061,0.44008656975798915,-0.5960425676332755,1.2331284628901273,-0.4652978148641161,1.0478598286981127,0.0595602736954528,3513.89737854631
Papua New Guinea,Mortalidad_Alta,-0.6399043597520871,-0.5223856454800686,-0.31446562583560517,0.7481399432407398,-0.9175482158709596,0.2758342764424062,-0.8578418794898968,-0.23139872885538182,3102.28968594061
Papua New Guinea,Mortalidad_Alta,-0.6380143183323664,-0.5297274511916314,-0.45626766353731757,0.6734611367174586,-0.8383230072167679,0.3974587441362665,-0.8091945098429847,-0.23688105700109596,2607.57861874444
Papua New Guinea,Mortalidad_Alta,-0.6391811313163966,-0.5202551215328495,-0.40967791949308713,0.6695869919324908,-0.8389571109265648,0.3526835986671474,-0.8965561635723516,-0.23175396609759386,2429.61134585269
Papua New Guinea,Mortalidad_Alta,-0.6292163195146591,-0.5256076331077512,-0.4177201460565244,0.6311440419124554,-0.8286058534461807,0.3514113743367747,-0.8105001174541242,-0.23822807758051096,2575.77274140393
Papua New Guinea,Mortalidad_Alta,-0.6353913144007461,-0.5254156877634213,-0.4347736020682296,0.6538953553121021,-0.8309586119130334,0.37299838174781985,-0.8377851415000737,-0.2358216854354344,2566.36833735041
Papua New Guinea,Mortalidad_Alta,-0.6450768262890023,-0.5288236743862937,-0.458973709346365,0.7078798591186495,-0.8505442933594154,0.407611629844703,-0.8435502397674928,-0.23365159998461105,2477.76530986323
Papua New Guinea,Mortalidad_Alta,-0.6461395089909882,-0.5234071028369414,-0.4960824276429257,0.6644580060809906,-0.8058837976027687,0.4356410063631111,-0.9084943876287506,-0.2312286532185132,2316.39479758492
Papua New Guinea,Mortalidad_Alta,-0.644778573469649,-0.5254149973478679,-0.5350556991457207,0.639087161132615,-0.7819747283384748,0.46803646145558264,-0.892256598829154,-0.23307186412700048,2484.5963398603
Papua New Guinea,Mortalidad_Alta,-0.6433903062463956,-0.5274992243649121,-0.6085719894645323,0.5903507621379047,-0.7333570992522318,0.5292581424432471,-0.8825377272228849,-0.23532223763630516,2723.17529825196
Papua New Guinea,Mortalidad_Alta,-0.6370189666904313,-0.5210873091311554,-0.6959998400556926,0.4657593572969745,-0.6300840930595533,0.589418207084223,-0.9418071524334981,-0.23600054971100565,2560.77458976327
Papua New Guinea,Mortalidad_Alta,-0.643652941475121,-0.5254973431591166,-0.7272355700150872,0.5020092157359699,-0.6407854029295645,0.6269600497481884,-0.9284614690710205,-0.23558087733793043,2635.0873631547
Papua New Guinea,Mortalidad_Alta,-0.6612288700909555,-0.5294294017707967,-0.7040508628374245,0.63566264529541,-0.7162172162961964,0.632078976505772,-0.9467714990527227,-0.2299482354946828,2288.37591141234
Papua New Guinea,Mortalidad_Alta,-0.6820402820428383,-0.5372719309908254,-0.6991171361170132,0.7927959019222133,-0.8013594337354675,0.6593885565272704,-0.941905406931157,-0.22491639409692155,1866.86889851208
Papua New Guinea,Mortalidad_Alta,-0.6576541963160428,-0.5799922192091662,-0.7770383905512643,0.8345484633059845,-0.9195291557017102,0.7483532631719751,1.059334856019276,-0.27660465141840995,1568.83193368607
Papua New Guinea,Mortalidad_Alta,-0.6948456937885203,-0.5495872428755868,-0.7552005017337318,0.8826184388766458,-0.8394656927500821,0.7312957020005126,-0.8778370536962286,-0.22573441341111272,1624.79319935188
Papua New Guinea,Mortalidad_Alta,-0.6969335832731364,-0.5474908523817962,-0.7784902093868991,0.8692930761087343,-0.8199156577236009,0.7516283736119442,-0.9107844858539507,-0.22421130174930276,1370.753415829
Papua New Guinea,Mortalidad_Alta,-0.7071977579949571,-0.5574749621070983,-0.8243041120395085,0.9412073427035634,-0.8502662276034142,0.8100703235422453,-0.8585045373673164,-0.2249256074288989,1238.18282926706
Papua New Guinea,Mortalidad_Alta,-0.7918413386547971,-0.5813635958858934,-0.7915019702278063,1.5532198058426678,-1.1753966399936067,0.9043093687552755,-0.9147796605142946,-0.20080485586573138,744.486489977433
Papua New Guinea,Mortalidad_Alta,-0.8345019213455115,-0.5893397149758007,-0.8742801245959586,1.77582297446901,-1.2521900371437789,1.0314523728413012,-1.0042982084100434,-0.18790307959419594,620.596147680561
Papua New Guinea,Mortalidad_Alta,-0.9000674294085187,-0.6165087146103871,-0.7523256413753929,2.35440357106698,-1.6065521414380313,1.0306801970574566,-0.9420615085286395,-0.1720161383657428,577.467922387259
Papua New Guinea,Mortalidad_Alta,-0.8864794850201048,-0.611543182119697,-0.8121292854912769,2.2139254711583884,-1.5107136288795697,1.0601453589445453,-0.9557805419214669,-0.17596342265543324,506.331789534482
Papua New Guinea,Mortalidad_Alta,-0.7901641712885386,-0.5850553904631296,-0.9994144973241863,1.4183855087860966,-1.0351574150959155,1.0784798893154937,-0.916887583462535,-0.20528965584644,537.847459634131
Papua New Guinea,Mortalidad_Alta,-0.8096965746495249,-0.5960550350091717,-0.9596056763182765,1.6060945615992133,-1.1542463675477406,1.0776054596276998,-0.8690189646019708,-0.20179819675340788,635.957919047725
Papua New Guinea,Mortalidad_Alta,-0.8530886381674785,-0.6054154926554001,-0.9959651626133941,1.8706998335279337,-1.2716092028329031,1.1680117859387436,-0.9375980268802495,-0.18872178082544522,998.229967376131
Paraguay,Mortalidad_Media,-0.7782985891339521,-0.2299331562230769,0.2800327495960004,-0.1806281131838956,-0.4110920158595878,-0.6359842078412107,0.9810016481287962,-0.1284028074565815,6205.6259537937
Paraguay,Mortalidad_Media,-0.753331032218086,-0.2515519854606453,0.038766327662075294,-0.002966538723742196,-0.40351399148772055,-0.2600260723817709,1.0330041667837995,-0.1621042520049239,5976.9317978996
Paraguay,Mortalidad_Media,-0.7687034359947608,-0.19721120767955058,0.2822489404016017,-0.18977100475314618,-0.41628156031875757,-0.6333737768443211,0.9833327739254363,-0.1471644503179909,5365.47220721191
Paraguay,Mortalidad_Media,-0.7639623700940663,-0.1642075844422386,0.27811046992307553,-0.2007461992215192,-0.4158397445924465,-0.6288027841262717,0.9994270538928787,-0.17061542059782298,5821.18199548637
Paraguay,Mortalidad_Media,-0.7494450021024252,-0.1488756746348097,0.2893776602638339,-0.20167016327323473,-0.4319178641924579,-0.6328993679933363,1.0046690033113714,-0.16964050797065516,6258.44991640954
Paraguay,Mortalidad_Media,-0.7337240214782424,-0.12696874549808362,0.29617324072296497,-0.2075182278553087,-0.44683919396950933,-0.6355535922633799,0.998209424059985,-0.17743082179390662,6152.26711537703
Paraguay,Mortalidad_Media,-0.7944014983559416,-0.2559837328654834,0.27106149016991093,-0.11236949039175237,-0.44956494027024485,-0.6211387633335973,0.9873211598904479,-0.15266019110926754,5775.1596339946
Paraguay,Mortalidad_Media,-0.7963836522898359,-0.23681350778650942,0.269043750219745,-0.1723062182346633,-0.3952728728480413,-0.6255345803090866,0.9597105192820012,-0.1414771839216613,5879.33792308671
Paraguay,Mortalidad_Media,-0.77650793155819,-0.27870904883784814,0.18231235111225275,0.038388740881871775,-0.5190027810103062,-0.4589350800695169,1.071136575618846,-0.17540773989709846,6652.25478942291
Paraguay,Mortalidad_Media,-0.7622139166171074,-0.2895004699195437,0.13337596326566659,0.09603715904874599,-0.5419319541169616,-0.37592725306716124,1.0982137866290873,-0.1784762158847733,6435.68342733182
Paraguay,Mortalidad_Media,-0.7896495451254897,-0.2492391277678351,0.20162796904118155,-0.07687455384023267,-0.4302114977365915,-0.5111626280623778,1.0000656271637887,-0.16462444390330427,5642.1699167298
Paraguay,Mortalidad_Media,-0.7290031695839516,-0.3405045067042679,0.06451864084465936,0.29819148602526,-0.6811283179866345,-0.23307964463997602,1.1768120882914523,-0.19634383243242864,5805.40154543044
Paraguay,Mortalidad_Media,-0.7375649607801091,-0.31667426347056926,0.0687994409805707,0.21131100691205895,-0.6080443962688105,-0.2576794104433917,1.1289589590529039,-0.18739611389294786,4750.96273669322
Paraguay,Mortalidad_Media,-0.7666753888018363,-0.2662241487794668,0.12407363786205947,0.012540917173941124,-0.4652514158702222,-0.3799363393291355,1.0360963582633589,-0.16943552549059238,3941.84815479271
Paraguay,Mortalidad_Media,-0.7151913164392564,-0.3478385155478247,0.022281220818351363,0.3318940472913552,-0.6892774249635718,-0.16432009113811127,1.1571666619007597,-0.19819789996985993,4384.9546943793
Paraguay,Mortalidad_Media,-0.7164657889275816,-0.3359901617494003,0.004443569559817541,0.30261864203393574,-0.6523816239992983,-0.14507098982010186,1.1624329670426696,-0.19336103595470355,3211.93621659546
Paraguay,Mortalidad_Media,-0.7193191956191531,-0.32217328415373914,-0.009131230484116513,0.26466600149119623,-0.6103078806653033,-0.13382844937289973,1.163393286202312,-0.18786694621692085,2439.43124694576
Paraguay,Mortalidad_Media,-0.7062610614493602,-0.36316784943087066,0.012817309473607114,0.382153232718478,-0.7297948831933769,-0.13950685595837747,1.152826031663176,-0.20377343061315295,1970.87169852378
Paraguay,Mortalidad_Media,-0.6917270526978015,-0.396134024778849,0.014370374213364435,0.48091956824635806,-0.8211866604528812,-0.11976384973019602,1.1375496520329502,-0.21621835539453882,1786.21533938543
Paraguay,Mortalidad_Media,-0.692596126337275,-0.3792465826012255,-0.012671849668873497,0.43731638926440186,-0.7667147227839215,-0.09024054858536393,1.134322519558312,-0.20927838755688116,1443.99885236205
Paraguay,Mortalidad_Media,-0.7036814384402694,-0.33435010666668774,-0.049543878574198924,0.312065340632835,-0.632111542926693,-0.06463949999893787,1.1404908952782498,-0.19158169365308508,1367.76506935997
Paraguay,Mortalidad_Media,-0.7008000707380593,-0.32126044416622374,-0.08469318371739386,0.2820474489169702,-0.5857514661258405,-0.020328469573756835,1.1320145798503538,-0.18589708532228078,1637.68615122932
Paraguay,Mortalidad_Media,-0.5610454318825803,-0.48254535286571076,-0.08508932151116325,0.2766538748107521,-0.7355950458547389,-0.04233377076417,-0.9229689025842938,-0.24341016779051483,1736.11729210765
Paraguay,Mortalidad_Media,-0.6330450830840927,-0.5015536045370113,-0.14133055870714709,0.7930380821741649,-1.046399852572256,0.13496645824860093,1.0600252957462049,-0.25348635972983957,1978.71514099575
Peru,Mortalidad_Baja,-0.3918817631275605,-0.11501205995059077,0.42700634317473407,-0.33238767184398343,-0.13982117155278273,-0.6681783940334309,1.2050469094920917,-0.15060293011203363,7350.63034300417
Peru,Mortalidad_Media,-0.6185385147033831,-0.20039667874046702,0.3303902170663928,-0.2610332830945787,-0.2072962659038776,-0.633313060894016,1.0192410365234617,-0.15411550558027387,6826.20255614477
Peru,Mortalidad_Media,-0.44134029583294687,-0.28181217625882676,0.38936974533862784,-0.3350583050197746,0.10018744028158,-0.6377805548171238,1.1212873432075332,-0.11771569730139386,6133.32552410183
Peru,Mortalidad_Baja,-0.4264564076592876,-0.25537145656962384,0.39818255887903503,-0.3369900367786925,0.06902220953722565,-0.6433708803509568,1.1444029106802984,-0.12180038600985388,7037.00803692604
Peru,Mortalidad_Baja,-0.35071785578995873,-0.23862920133644447,0.4282093505933728,-0.3635495612881401,0.11035687078734369,-0.6525634621544559,1.1706952872476075,-0.1207356032817622,6978.49121548627
Peru,Mortalidad_Baja,-0.28369765643364586,-0.25493075840011026,0.4512623760680124,-0.39093742048198293,0.20036502351503338,-0.6558838209493513,1.1834806292090527,-0.11284683415694613,6736.16693725487
Peru,Mortalidad_Baja,-0.2951073554036753,-0.2650508637071426,0.4458364054693502,-0.38794386850937496,0.20711608714310414,-0.6532935765197434,1.1754576211179442,-0.11144050175606335,6217.03599995447
Peru,Mortalidad_Baja,-0.3171486034282759,-0.2591875306373788,0.43828504823961245,-0.37890969588081325,0.1766105809966555,-0.6522610869217985,1.1705083898827582,-0.11422570477041694,6231.71150338894
Peru,Mortalidad_Baja,-0.4567222307676245,-0.21316756158816966,0.39145897935841545,-0.3206090821631811,-0.03184972045262502,-0.6470895977541282,1.141715132276479,-0.1338860887718754,6667.13410360861
Peru,Mortalidad_Media,-0.5078092840038122,-0.16883362441158806,0.37725580377316853,-0.29606711432726407,-0.15562378272667193,-0.649332391863078,1.1345486455215046,-0.14772604142186457,6746.80025696601
Peru,Mortalidad_Media,-0.5479106440576256,-0.14475246193070385,0.36453249750975186,-0.27862870307464144,-0.23494608153513066,-0.6491860650770132,1.1128393217214385,-0.1572711391240963,6519.37852981527
Peru,Mortalidad_Media,-0.5988204086238048,-0.13624399385430447,0.3455185337034075,-0.25973915818472015,-0.2983406023538123,-0.6453352039260434,1.065211584148534,-0.1655517043542749,5861.35793645245
Peru,Mortalidad_Media,-0.602230811460643,-0.19248908692240765,0.3372660814227975,-0.2663164938067326,-0.2059038794449746,-0.6359061535452093,1.023746312222118,-0.15507115406009686,5072.11494019615
Peru,Mortalidad_Media,-0.5926266860104276,-0.25079096896966246,0.3339015758588358,-0.2776893314469265,-0.0974423696926579,-0.6274893323167414,0.9949730840252045,-0.14245912497972985,4181.18755462253
Peru,Mortalidad_Media,-0.7050637345462619,-0.19500766539938721,0.29755189708227786,-0.22938580970191388,-0.29867110622430465,-0.6257092152051744,0.9525339595038153,-0.16467420905259283,4197.58444634142
Peru,Mortalidad_Media,-0.7136614193294291,-0.18071684470879987,0.295392492394835,-0.22513004350282714,-0.33208089292124415,-0.6267726094367434,0.9350187414591216,-0.17013079079873628,3581.0893081917
Peru,Mortalidad_Media,-0.7411215301171286,-0.20850526358244742,0.281131985847317,-0.21944772761796139,-0.31122053194963656,-0.6194501961842525,0.8865687538831524,-0.16839011046515,3129.55996496982
Peru,Mortalidad_Media,-0.645706929271007,-0.2919113216435088,0.26971123981520556,-0.25928487757866536,-0.09640812997466996,-0.5665904550702676,0.9082401747447906,-0.12232026975768906,2706.66947297608
Peru,Mortalidad_Media,-0.556280220107959,-0.36598513643719505,0.2317055619557541,-0.2914768906749666,0.08526934980221534,-0.4820041174439138,0.9403082586666749,-0.06491464130975327,2397.25147277714
Peru,Mortalidad_Media,-0.4530798152128317,-0.45324668624245734,0.1872937996318845,-0.32800304587982554,0.2984075141095921,-0.383350285227282,0.9949686195665752,0.003749520282189528,2129.44114197634
Peru,Mortalidad_Media,-0.4092365815176603,-0.4985885062424481,0.15143097443047263,-0.34285382726545693,0.3951320411231062,-0.31991097552509684,0.9988469478837136,0.04124938905717493,2007.37019626753
Peru,Mortalidad_Media,-0.4018552830234223,-0.534004483197521,0.09639973727676829,-0.3418589505475242,0.43777597548509495,-0.24628411419215224,0.9914613609038416,0.07717555687295041,1929.57273038846
Peru,Mortalidad_Media,-0.44770918016214045,-0.5325486279969679,0.0036637178734723157,-0.30103380905099425,0.37808232058757096,-0.13909691023146878,0.9735597799906097,0.08999593127704367,1945.41338451698
Peru,Mortalidad_Media,-0.6154363397423287,-0.3673341054367668,-0.5941513368923794,-0.23596995880281635,-0.13235535535303075,0.37717576222379845,-1.0109444169338468,-0.19582658482461945,2189.53431515311
Poland,Mortalidad_Baja,0.7119614459640854,0.23011151107851444,0.8473740284270019,-0.671301007704386,0.46026294302336157,-0.8074135211179103,1.1980937032149912,-0.0988552259353182,18891.213529396
Poland,Mortalidad_Baja,0.7458223731712008,0.3044051776960153,0.8629517718060575,-0.6655099018650029,0.40394705580423473,-0.8202339687579175,1.1724880362946408,-0.09712051618317658,18635.5088812509
Poland,Mortalidad_Baja,0.7596433698418006,0.2482906722420912,0.8640111877013352,-0.6799813394404814,0.5012269030210175,-0.8136504807143388,1.1952691179131396,-0.08725131263008107,16150.9291009726
Poland,Mortalidad_Baja,0.48267681415289254,0.12995106201948395,0.7640916294053719,-0.6304809190159455,0.291452008301596,-0.7745833843361996,1.1679611922795783,-0.15115938771702953,15874.5220531254
Poland,Mortalidad_Baja,0.5039899352791157,0.1669490818414711,0.7741468522828086,-0.6292679286280175,0.2660463068513784,-0.7816905789268276,1.1721069892857068,-0.14976070936960983,15658.210586693
Poland,Mortalidad_Baja,0.583351107693078,0.18370744290838825,0.8029888642747298,-0.6475808744562864,0.3447425516999776,-0.7910944195468104,1.2110870824791589,-0.13071430461777622,13913.3415190124
Poland,Mortalidad_Baja,0.6641339090120133,0.244706680911082,0.8348254895345972,-0.6575290112672413,0.36461295260126103,-0.8065788336962576,1.2296756405865203,-0.11579865165078385,12464.0121044827
Poland,Mortalidad_Baja,0.6270745310208359,0.19799408311171277,0.8187576661398921,-0.6564164810807488,0.38286950706473677,-0.7967769755775911,1.2222306828369685,-0.12038644970608886,12637.5220324406
Poland,Mortalidad_Baja,0.5180755071425486,0.11927357771870409,0.7770354624786604,-0.6429294274756459,0.3468327277900801,-0.7768194658266159,1.2155088479508638,-0.14176237726349117,14262.2841914116
Poland,Mortalidad_Baja,0.5415208144758019,0.10757808993902584,0.7829194397592425,-0.650571791807023,0.39999286579206794,-0.7766127088087011,1.201986691623742,-0.13298478746631298,13621.9023794031
Poland,Mortalidad_Baja,0.45103776248972216,0.11141274718713741,0.7540053710439132,-0.6268259979467465,0.2676410582378389,-0.770152204475865,1.198588417308347,-0.15933111486943136,13087.420943321
Poland,Mortalidad_Baja,0.34689296035956985,0.11961836774248977,0.719353189283424,-0.5941173841348395,0.12735316382649992,-0.7629848953662505,1.1895918279575675,-0.18162638599466424,13867.6669408192
Poland,Mortalidad_Baja,0.2568793482284305,0.06361545415366075,0.6798252941349634,-0.5667385512791413,0.14060244700753938,-0.7466379717241287,1.1544211626029783,-0.1741221678718562,12567.7317676382
Poland,Mortalidad_Baja,0.13263796235215422,-0.02219125074913337,0.6248777945623549,-0.5292415175684477,0.1744018555919079,-0.7231510783297215,1.1227080570966275,-0.16016858517100685,11556.3026866026
Poland,Mortalidad_Baja,-0.012213055415741511,-0.03149712791645612,0.5704592064228851,-0.4750175156140191,0.05703924442231362,-0.7093860001120498,1.0952248980118389,-0.16597084904053294,14048.5604672654
Poland,Mortalidad_Baja,-0.15029292855047457,-0.0493459357583669,0.5183248726598122,-0.4234340814812978,-0.03823185077540103,-0.6953927951893735,1.0919781591960538,-0.16726050163357026,11272.5293683383
Poland,Mortalidad_Media,-0.09380845994372931,-0.05683394225258349,0.537797604919996,-0.4466270235286271,0.025849598718082845,-0.6987041535083393,1.0820605504875105,-0.1639708284990809,9068.85528307627
Poland,Mortalidad_Media,-0.09052182959116532,-0.0833279185653409,0.5365205537048026,-0.45051072342488,0.07516693173033417,-0.6952321678631068,1.0911226895098745,-0.15637603422163315,8043.92332253757
Poland,Mortalidad_Media,0.008205015676003985,-0.07178200937285423,0.5742824149308023,-0.48670667079958363,0.14635484045615094,-0.7054761929053714,1.1144734283474194,-0.15333608131203613,6711.72715262967
Poland,Mortalidad_Media,0.10069280614607704,-0.10689830198884562,0.6035949984294249,-0.5275215339699478,0.29054587697840384,-0.7073700706454094,1.0909288186286181,-0.14281345183233685,5720.81366178104
Poland,Mortalidad_Media,0.10977130101756744,-0.14252153847981017,0.6030759620969044,-0.5352221307675148,0.36032975096731845,-0.702742937510383,1.0860621450607577,-0.13388417964055488,5223.45178967082
Poland,Mortalidad_Media,0.10530399807798646,-0.13104915796234615,0.6030047225951332,-0.5317079440031856,0.3369550296804197,-0.7043280241788944,1.0987299307400344,-0.13586543652738764,5015.23790036613
Poland,Mortalidad_Media,0.1562381661436548,-0.08038114598957673,0.6274002240785401,-0.5449871227266568,0.2966850336245579,-0.716434218369215,1.1210113070654153,-0.1446941224889679,4520.64100449111
Poland,Mortalidad_Media,-0.0852001591656495,0.11333248928307861,0.5612643443556911,-0.4272443798281788,-0.25675713055252325,-0.7264892725829499,1.1772782374030548,-0.198351213440009,3700.95956775144
Portugal,Mortalidad_Baja,1.0575322588090301,0.08213567111240135,0.9406221602873266,-0.78233106786241,1.1888633973850755,-0.8099082067987116,1.0871479385120322,0.02362346300845669,24620.519556875
Portugal,Mortalidad_Baja,1.0209529349188629,0.09328088230717017,0.9306389027482007,-0.7715609380807205,1.1173402941574393,-0.80909854501066,1.1038231597680042,0.010996848620131838,24711.4510062111
Portugal,Mortalidad_Baja,1.0480018461584353,0.09570208646951936,0.9391854097576655,-0.7777673759610484,1.1532604766020187,-0.8113789677540971,1.0973259664997357,0.018765559356558492,22299.4044062173
Portugal,Mortalidad_Baja,0.9064457805631719,0.024426180586029977,0.8880593429137693,-0.7549474522036612,1.0585403528979165,-0.7902015732808918,1.0992656285417497,-0.013271693973288812,23343.3628970034
Portugal,Mortalidad_Baja,0.8422700410983031,-0.0007899872296339303,0.8656558685722424,-0.7434318899532205,1.004303479708522,-0.7817200126441665,1.1040279385473042,-0.02883989354648528,23541.1401075289
Portugal,Mortalidad_Baja,0.9050812386270995,0.03858143559474567,0.8891872040822852,-0.7522808635547049,1.034007616507826,-0.7923383646594037,1.1074044565692596,-0.015763380736969063,21442.3842768879
Portugal,Mortalidad_Baja,0.9671940447392823,0.060440485506402235,0.9105924496868767,-0.763846030252318,1.0905535405242248,-0.8001456440850514,1.1014020360389356,-0.0003211019296336659,19980.2808866516
Portugal,Mortalidad_Baja,0.9466175674189224,0.04887809507958229,0.9030295776883672,-0.7607270462998803,1.0786975807252297,-0.7968777697906073,1.1010264977636381,-0.004801265651488418,19215.7813014347
Portugal,Mortalidad_Baja,0.9298960745860035,0.006446590061939255,0.8932763389849083,-0.7636379544065868,1.121634332734394,-0.789011795854829,1.0826479289439317,-0.003583570264778402,22120.6850127107
Portugal,Mortalidad_Baja,0.9343603856679329,-0.007856151062235943,0.8930814937438665,-0.7670858419373487,1.150959732599521,-0.7870693142787726,1.073532042538119,-0.00013910179018467028,21676.4859642714
Portugal,Mortalidad_Baja,0.8977884980342626,-0.020164289510720638,0.8805395441914661,-0.7601835863970376,1.1167705878108802,-0.7825611102949128,1.077373952809477,-0.009314198208438929,20593.4274224109
Portugal,Mortalidad_Baja,0.8841947974834196,-0.014481395506125226,0.8769978180789715,-0.7559271310433344,1.0877385549958394,-0.7825032813970698,1.084413955845199,-0.01423317949460054,23246.5425416481
Portugal,Mortalidad_Baja,0.9142622890025168,0.008875322595392728,0.8887546223207712,-0.7594197118597904,1.0947811052674221,-0.7882975277552979,1.088497541067375,-0.008636751072470555,22551.935098809
Portugal,Mortalidad_Baja,1.016638826648773,0.05137889120069873,0.9247425099029107,-0.7774145386818279,1.1776784406044039,-0.8021869544801243,1.0821464026973058,0.015863527602421212,23151.2154130712
Portugal,Mortalidad_Baja,0.9946115782141035,0.09879119718829427,0.9231751179696512,-0.7642198560664479,1.0698385089098008,-0.8081187449888841,1.1144550249181602,0.002274180502122136,24949.0413566739
Portugal,Mortalidad_Baja,0.9548798643299002,0.11642663703164748,0.9129353229610264,-0.7516100371227183,0.9833516992289445,-0.8081114578152635,1.1355925903691657,-0.012253848738967038,22811.0564844365
Portugal,Mortalidad_Baja,0.8909688171983802,0.09736258572466806,0.8912846701798807,-0.7391449977459035,0.919713723332967,-0.800618788105423,1.1436441376222755,-0.028647333364572092,19839.4540499032
Portugal,Mortalidad_Baja,0.9647644810843282,0.14698613475136924,0.9192988197251157,-0.7489864976191032,0.9492546679356576,-0.8136251007450985,1.1494531089924473,-0.013779149655052586,18780.12751241
Portugal,Mortalidad_Baja,0.8655627160068687,0.09411835180483807,0.8831513063170384,-0.7334754150930465,0.8875189064850887,-0.7983238651011937,1.1492160007369672,-0.035801543222198584,18064.1580932987
Portugal,Mortalidad_Baja,0.8305159368763866,0.077106905398804,0.8705627570530947,-0.727720897564965,0.8630570261628309,-0.7931809016593041,1.1500437443937972,-0.04382682073419519,15797.7821340276
Portugal,Mortalidad_Baja,0.6701437078152043,0.16532284842617728,0.7285159666848031,-0.6099239852674327,0.9152845661387162,-0.7508216275462383,-0.7505465029462914,-0.016973597866994317,12936.6928204482
Portugal,Mortalidad_Baja,0.6938201973573688,0.17954276332712002,0.7383603928632958,-0.614013122714342,0.9231168704738689,-0.755183605269663,-0.7293417556529964,-0.012847190260792313,11734.7649743954
Portugal,Mortalidad_Baja,0.6243783479092553,0.15668491114923067,0.7133966141699706,-0.6000696381513368,0.8624181987906469,-0.7461753751643493,-0.7452128432058982,-0.029309934545853622,11526.3720667968
Portugal,Mortalidad_Baja,0.5846913306594859,0.10278107503262982,0.6975407246737237,-0.6006265902911954,0.8807296380174149,-0.7358455940577262,-0.720785966202923,-0.03517509587025658,11781.3618502221
Qatar,Mortalidad_Baja,1.300990630375284,5.136167079336375,0.8084227099464001,-1.004827959548253,-0.7601260576101083,-0.6469666248903643,-0.6225092546973181,0.7887095492952142,88701.463352273
Qatar,Mortalidad_Baja,1.2673261144050152,5.143881863461337,0.7827873776709144,-1.0015951046088536,-0.7204893493153341,-0.6285902837535492,-0.7881973862817948,0.7283235544850551,71751.8831257169
Qatar,Mortalidad_Baja,1.0968439635648513,4.848280108192321,0.7131966757994486,-0.9469132195819492,-0.6730534864470088,-0.5998519991757976,-1.05956488869816,0.48032930287144765,51683.5054376677
Qatar,Mortalidad_Baja,1.3213490188692396,5.4466937667759145,0.7748222856098426,-1.0364832191004258,-0.6854032441393133,-0.6025892908892704,-0.9663438691506456,0.6822966867004636,66841.3013484919
Qatar,Mortalidad_Baja,1.3390564362948691,5.376970779519303,0.7927355912384062,-1.036851959849941,-0.6920508011722268,-0.6199431445173598,-0.8556588526329603,0.8111804228080639,71039.8490579352
Qatar,Mortalidad_Baja,1.6826169815731686,4.9084453616964305,1.033120932620142,-1.0388271057999254,-0.6838320362386452,-0.7631799614277286,0.5361381581815327,0.4456529524286217,63279.8556949332
Qatar,Mortalidad_Baja,1.2460491862855978,5.007984289741077,0.7599280914987385,-1.010218373191805,-0.568194197533918,-0.6226740523408791,-1.034528392409491,1.0858920485432373,61253.6375482797
Qatar,Mortalidad_Baja,1.382773537017135,5.2677036392788255,0.8098289962663514,-1.0582001692694876,-0.5848747985914554,-0.6401443695786821,-0.8771187080947631,1.3021531284483112,68985.2946961507
Qatar,Mortalidad_Baja,1.606185447102728,5.609306905805564,0.907917423166738,-1.1257462205499058,-0.6599371110619925,-0.685703991338237,-0.4598589761633512,1.6506774490222078,95840.6310094498
Qatar,Mortalidad_Baja,1.9008098219364375,6.3742518491639455,0.9853549745192527,-1.2469044822896342,-0.6429160394252252,-0.6884703055029767,-0.38741005401369927,2.001690400152751,103697.008372373
Qatar,Mortalidad_Baja,2.0079534627166393,6.750700511985594,1.0086881120907376,-1.2914509407265589,-0.6687673468953794,-0.6791732300045056,-0.37487380137835385,1.9630979740778982,108470.378825036
Qatar,Mortalidad_Baja,1.4826596742931617,4.913026246181664,0.9093541439933517,-1.0601570264290956,-0.6372159471727445,-0.7342369319757485,-0.25371959118633686,1.9594770715971643,103261.506539346
Qatar,Mortalidad_Baja,1.4742749188391568,4.991795650362551,0.8311279716775961,-1.055521280483959,-0.2020666132527359,-0.6195331045938117,-0.9922626461812794,0.5518713200962289,77387.3267885308
Qatar,Mortalidad_Baja,1.2025189975481747,4.5045469611202895,0.754403175504772,-0.9596340544973424,-0.3348890320955902,-0.6156059032368274,-1.0640425420548258,0.4442780085789904,60785.7351551657
Qatar,Mortalidad_Baja,1.399846285621603,4.6107592053381845,0.8077820569970873,-1.0225305064928762,-0.05860694730000171,-0.6184128000679636,-1.1140777369361807,0.5177566279296315,80781.4039187792
Qatar,Mortalidad_Baja,1.3366067847535552,5.577945360850487,0.7661265076757153,-1.0500783054311238,-0.6652368198336821,-0.5876477071583863,-1.0730200195499409,0.6406930092751955,65954.3419525051
Qatar,Mortalidad_Baja,1.4468659338652647,5.9072755588862735,0.7893391704463648,-1.0986899347244734,-0.6510229853982843,-0.5817303363891261,-1.095380056042976,0.7416040631876663,62582.4453138755
Qatar,Mortalidad_Baja,1.751263247349831,5.550087471617871,0.8933751753842174,-1.163652619026668,-0.008828481338093996,-0.6077689905244913,-1.0799981785950898,0.6828905679052958,53949.6764091147
Qatar,Mortalidad_Baja,2.183443914176975,5.95808014104621,1.0243111283081328,-1.2996456676037127,0.3920784054491293,-0.6257561172517483,-0.9777745719561517,0.8319980107382279,41035.5008380177
Qatar,Mortalidad_Baja,1.6586655771011356,5.582574463584359,0.8738223436393846,-1.1338857596952965,-0.2275761089120878,-0.6109705223650563,-0.9693595681409435,0.6441900545435667,31602.470865136
Qatar,Mortalidad_Baja,1.816253895513192,5.489058463228559,0.9206451196584924,-1.1761705360490078,0.08614204324967822,-0.6187845505093545,-1.0167109441316056,0.6923495797682375,27226.6593510117
Qatar,Mortalidad_Baja,1.599617554334291,5.198723484606073,0.8617998777955671,-1.1016626643727665,-0.09963659261252988,-0.6170013523648324,-1.017756857223806,0.6067179734467031,25870.7991864314
Qatar,Mortalidad_Baja,1.7972477878599602,5.2477119788659765,0.9328926108865372,-1.153510630128328,0.1059459423734328,-0.6371420340292959,-0.8867630105741053,0.6570361305415229,27535.182940934
Qatar,Mortalidad_Media,1.6053993358417116,3.9399521440821577,0.8876224313690717,-1.0501432192847366,0.6006522581089072,-0.6513459124337827,-1.1325503142095923,0.5410367880402027,15822.5090711554
Romania,Mortalidad_Media,0.23657238349089202,-0.2485594424308612,0.6390655234008118,-0.5952551369488509,0.6611203174673276,-0.697989902170497,1.1149689742355875,-0.09958436370564311,15557.8826247584
Romania,Mortalidad_Media,0.34522952233164406,-0.18102274564512977,0.6860768246931397,-0.6292486437994274,0.6441433923156115,-0.717235545427308,1.133459181704816,-0.1106902876129347,14986.7854904274
Romania,Mortalidad_Media,0.39933915824858013,-0.17656830041648813,0.7059928810137543,-0.6500848183610336,0.6854819607130184,-0.7221707487963335,1.1260753292968035,-0.11028969446114795,13082.3006559554
Romania,Mortalidad_Baja,0.062068752631325635,-0.24366433150558972,0.5769925703246701,-0.5256813139419236,0.49469725423076494,-0.6850394195331306,1.1445525624082051,-0.10523780681490708,12992.0326104674
Romania,Mortalidad_Baja,-0.0012237576296065256,-0.2128845275326982,0.5574266459744577,-0.49726945342930184,0.38401053795104645,-0.6846030458365806,1.1536803346098188,-0.11474266083075707,12502.2624061935
Romania,Mortalidad_Baja,0.13125320669883092,-0.17925573896086358,0.6096404227428025,-0.544256154772493,0.4475940919981537,-0.7008074125920103,1.173680040460815,-0.11621436294016835,10727.9822007426
Romania,Mortalidad_Baja,-0.013783326907476814,-0.17573393203379334,0.5572869599541592,-0.487440641785283,0.3091096683392617,-0.6894793254423028,1.1739921399520068,-0.12286598519763448,9404.54005870715
Romania,Mortalidad_Media,-0.11939534716836159,-0.12944412997675722,0.5240429881759394,-0.44069500517369414,0.1330853395741508,-0.6879513451101356,1.1867427675182838,-0.1376607016804134,8977.01748158196
Romania,Mortalidad_Media,-0.3146111222051965,-0.12319542295324236,0.4538827671783462,-0.3638517406760531,-0.055687868502535154,-0.6730304070016055,1.192341486719851,-0.14654812845835918,10031.7710755404
Romania,Mortalidad_Media,-0.38038024123715775,-0.1273668058842688,0.42951221635899256,-0.3387785837254075,-0.10854602981802508,-0.6670161497459335,1.1912969406660279,-0.14821147909739013,9497.67411615237
Romania,Mortalidad_Media,-0.40371941423219027,-0.08106087707393858,0.42521517291487504,-0.3253257974952164,-0.21101277940055663,-0.6715553238328257,1.1708946850443716,-0.16258103814500496,8929.95366231474
Romania,Mortalidad_Media,-0.5959740102942285,0.026851036700622614,0.3661158282724662,-0.23896552646770042,-0.5740258537408506,-0.671572138293353,1.158892018046546,-0.19851074486018433,9560.6755277458
Romania,Mortalidad_Media,-0.5368366093106679,-0.027407772790848814,0.38292986016457436,-0.2667942626594982,-0.4245915805543955,-0.6690041584863813,1.1904408196310967,-0.17974595231821566,8399.5374234284
Romania,Mortalidad_Media,-0.5131337524285808,-0.10117986705648967,0.38326585840837657,-0.2851471378622613,-0.27618573182410605,-0.659568217133067,1.1675936309161177,-0.16215833337478275,8548.4543409242
Romania,Mortalidad_Media,-0.68285257051627,-0.06448111178614611,0.30887320665837886,-0.22681269119290523,-0.4923029868836939,-0.6485962505117498,1.0901634201944939,-0.19688971390212168,10435.1561230787
Romania,Mortalidad_Media,-0.6107210285400343,-0.1428217380355935,0.34127231023156435,-0.25482481249853417,-0.2966126525256973,-0.6439090035033455,1.0913225489117977,-0.16211878019940695,8360.33775916596
Romania,Mortalidad_Media,-0.7340590111989498,-0.12676414216916526,0.2959395837279122,-0.20795419202159932,-0.44041147636460476,-0.6347290163268976,1.0172872311009253,-0.17746940887638984,5757.53127301178
Romania,Mortalidad_Media,-0.7638336422356314,-0.18547425016031946,0.28397879586170865,-0.19282599876718454,-0.420115535443225,-0.6332356381020897,0.9857277141063497,-0.15283194772025255,4618.00350802913
Romania,Mortalidad_Media,-0.7744800903810133,-0.2963669509102731,0.208400486783676,0.0821325983857013,-0.5738338686119312,-0.48687659884313095,1.0630005501192703,-0.18260548397406662,3494.99056448955
Romania,Mortalidad_Media,-0.7824966819643229,-0.2839062273801763,0.23135270918820466,0.024157788861836116,-0.5373592704195903,-0.5321058725804043,1.0160945276744742,-0.17833855096850804,2679.40626016154
Romania,Mortalidad_Media,-0.786396127716502,-0.2719897783596019,0.23232516423637053,-0.019356126604173796,-0.5002399767286132,-0.542701621124398,0.9900183855826734,-0.17383721418353593,2119.85509684554
Romania,Mortalidad_Media,-0.7770181118592845,-0.288785413387655,0.22402148109607015,0.034687331724967574,-0.5449460270206381,-0.5187071599728941,0.9840724318012805,-0.17998822609611892,1825.19299373184
Romania,Mortalidad_Media,-0.800589783251075,-0.22900179761454936,0.23310326160270672,-0.17215108090320652,-0.3676503274710192,-0.5762696685839439,0.9098345012188611,-0.15755681952513917,1659.92904910528
Romania,Mortalidad_Media,-0.6625561655658434,-0.4619182680867358,0.016798346830947854,0.678187295972591,-1.003363863128862,-0.07935293991129769,1.1067828853651085,-0.241037848962179,1650.04922365201
Rwanda,Mortalidad_Media,-0.6557855368999269,-0.5301043888018374,-0.2452210972478117,0.9204334740207203,-1.0363486741655743,0.24342638877103395,-0.8231057905676467,-0.22763432854063748,975.469323979541
Rwanda,Mortalidad_Alta,-0.644397948975535,-0.5291247987883825,-0.3027600966901599,0.811852654774736,-0.9627332616936931,0.27677566620641736,-0.8048836651538223,-0.2324195341625338,829.544845639777
Rwanda,Mortalidad_Media,-0.6725682127629575,-0.5371690385848918,-0.2824967471700517,1.022327985473272,-1.0780410692031714,0.30041962816199064,-0.8206962183323445,-0.22433508067382696,778.701498787411
Rwanda,Mortalidad_Alta,-0.6280281284774988,-0.5054783798398569,-0.21609345636702468,0.6719467869206373,-0.8948751106405095,0.1662362368203279,-0.9613404673830408,-0.22774120036777667,810.051412137354
Rwanda,Mortalidad_Alta,-0.6431062525985001,-0.5296101098185165,-0.3708369846361816,0.760236284645754,-0.9122224753603758,0.33233889844754383,-0.8100746643842234,-0.2338705682401525,771.773511057901
Rwanda,Mortalidad_Alta,-0.6736162045037642,-0.5320782737892475,-0.34624092332358153,0.9621178006858739,-1.0153558425824363,0.3508913030405032,-0.8880633450234181,-0.2223408970091752,758.300966737624
Rwanda,Mortalidad_Alta,-0.6463932157911852,-0.5262059497708693,-0.4208221989240239,0.784892239223848,-0.9648776629795734,0.4015544044900333,1.0618013189116369,-0.25988447423387245,729.519134044611
Rwanda,Mortalidad_Alta,-0.6466661707943803,-0.5281563300331665,-0.4361801614800872,0.7295089418342442,-0.8684259163235136,0.39002449634524294,-0.850855389131453,-0.23247520643988012,733.998630392314
Rwanda,Mortalidad_Alta,-0.6604056741801735,-0.530176857030484,-0.45386992996904907,0.8048691072863867,-0.8975543198574463,0.4230684105044725,-0.883167379332988,-0.22798472387929442,724.957526109262
Rwanda,Mortalidad_Alta,-0.653642629157631,-0.5247477651451309,-0.5184154584456282,0.7550269040571254,-0.9100592473318606,0.4914786186076566,1.0645502829376479,-0.2582634809591012,704.92421796616
Rwanda,Mortalidad_Alta,-0.6738310453558201,-0.5332329991640445,-0.5321762821922185,0.8417343741995882,-0.8860775622645473,0.5070727333646373,-0.9171106714729256,-0.2247130561034722,706.8172686891
Rwanda,Mortalidad_Alta,-0.6801623946703238,-0.5349916753640219,-0.5904953752697539,0.8459539990117573,-0.8664307854005633,0.5647692076688827,-0.9345569748734321,-0.22353422369878367,651.133677964662
Rwanda,Mortalidad_Alta,-0.6586854339796244,-0.562278417200636,-0.7270132556762952,0.8003016747868599,-0.8992991469875932,0.6964577879846008,1.061829925662074,-0.27036545631134373,593.624927744346
Rwanda,Mortalidad_Alta,-0.7091101233538579,-0.5473692908795786,-0.8100080620793253,0.9167424789206404,-0.8270516276787576,0.7926361881376838,-0.9616105160168551,-0.21955695722558932,564.039095842449
Rwanda,Mortalidad_Alta,-0.7181530487850633,-0.5527207966933834,-0.9295037921075315,0.9107686819257144,-0.7836264597819703,0.9074282606327249,-0.9663130413954171,-0.21950192818410125,528.326391755502
Rwanda,Mortalidad_Alta,-0.7497081454419704,-0.5654757572337803,-1.0472119274679652,1.0675273024521141,-0.825647155495477,1.0538828001669391,-0.9771331457883048,-0.21356615774591764,426.234183487629
Rwanda,Mortalidad_Alta,-0.8184003907662735,-0.5883242840738588,-1.150706270389787,1.4909530912010962,-1.00872091209623,1.2415321874225342,-1.0164939417310501,-0.19687892825587927,356.995022901154
Rwanda,Mortalidad_Alta,-0.7378787884082902,-0.776277797892337,-1.4172342325557203,1.6890255248238588,-1.328002243393139,1.5115903254703456,1.0594326506103424,-0.3149430850694608,324.016863847189
Rwanda,Mortalidad_Alta,-0.9028622745832676,-0.6272026534095969,-1.4912576861484268,1.9143188602355863,-1.1207556784284898,1.6584672221810257,-1.0042819256802906,-0.1833419697423962,269.540446333402
Rwanda,Mortalidad_Alta,-0.9152089872491258,-0.6380851799407615,-1.7619842524043414,1.8487888397702383,-0.9973808507616493,1.9076628271648162,-0.9984641257655993,-0.185968339646375,249.012274982252
Rwanda,Mortalidad_Alta,-0.9141695243694966,-0.6457041915046462,-2.0507334184289947,1.680016944027139,-0.8152738757350362,2.153055197516716,-0.9814229696748422,-0.19277026882241483,234.043016755733
Rwanda,Mortalidad_Alta,-0.9598694290425034,-0.6680386780827646,-2.2998680384377206,1.8706582572435557,-0.8339954823718665,2.4337416382164765,-0.9758748224269187,-0.18669766894012463,237.308846200901
Rwanda,Mortalidad_Alta,-0.8347927873689474,-0.8406145729235588,-2.6653622164137367,1.6783605588492485,-0.9125479416127794,2.7201355777086444,1.0846769776241423,-0.31708337595501934,251.86926386091
Rwanda,Mortalidad_Alta,-1.1562259450071524,-0.7686522249463249,-3.17106743234595,2.8463801848022667,-1.075853368906878,3.4772414551914794,-0.8638027038379177,-0.16055969556438715,227.971147849318
Saudi Arabia,Mortalidad_Baja,0.30480097254709315,2.0301290800071965,0.5727157083025332,-0.5772240982626017,-0.641534191019233,-0.6787274866373194,-0.7574722444105957,-0.02498409844035343,38510.2276211037
Saudi Arabia,Mortalidad_Baja,0.4814285454374875,1.8986649276178076,0.628923613189166,-0.6217943594408257,-0.29525775544777366,-0.6912776630978776,-0.7766988314200878,0.02363340666357372,31920.7653655643
Saudi Arabia,Mortalidad_Baja,0.6265101500871415,1.5388974912206475,0.6768474849523849,-0.6493844284714614,0.14643963487548373,-0.7054785805898024,-0.8498738095398977,0.053801508382634256,24338.8307301067
Saudi Arabia,Mortalidad_Baja,0.533401830051746,1.8534143748295087,0.6422266982979272,-0.636405232209418,-0.16888950305257977,-0.6919404433171229,-0.8208379581801044,0.041693311282893664,29566.7933827436
Saudi Arabia,Mortalidad_Baja,0.45492887615892397,1.9298155034935291,0.6173771022042438,-0.6171170637684422,-0.3355141562248271,-0.6863231935844859,-0.8053989275219218,0.020488162997431753,29360.0658968566
Saudi Arabia,Mortalidad_Baja,0.518491600785757,1.7468377948178295,0.6358406161445269,-0.6297254891257211,-0.10934122116113665,-0.6903515230346513,-0.8737699519319868,0.03603114339034011,23929.2907135982
Saudi Arabia,Mortalidad_Baja,0.6154103473007758,1.6683069938472852,0.6687421487847423,-0.6528902707832086,0.07215452445685522,-0.6992592345739328,-0.8630740512265787,0.059999683552845684,22267.7217050387
Saudi Arabia,Mortalidad_Baja,0.5203976446193714,1.746087573359276,0.6353019575481005,-0.6308320096140972,-0.09894190018832394,-0.6893883275869614,-0.8866778763328802,0.0379748099979092,23256.1549553531
Saudi Arabia,Mortalidad_Baja,0.20765472574843938,2.0132123635229564,0.5355039158607751,-0.5534078135648314,-0.7334786697060365,-0.6668284202036633,-0.8456911613567506,-0.03853269108747315,27805.4850319422
Saudi Arabia,Mortalidad_Baja,0.15795973548529638,1.809008843504686,0.531205734900146,-0.5283560427920766,-0.7422194900083943,-0.6776287152774847,-0.7870619966739751,-0.029416043777874157,27865.465604962
Saudi Arabia,Mortalidad_Baja,0.23102995066658902,1.985102467450521,0.555564600350867,-0.5545834968748641,-0.7604299240195057,-0.6827366585103364,-0.7138589147382137,0.028622420036573115,28733.4375513452
Saudi Arabia,Mortalidad_Baja,0.20880099641210312,1.8784470462977971,0.5539751772537223,-0.54365284168289,-0.7568344954910212,-0.6888934587102542,-0.6904657829322223,0.06347351611964516,27126.7498747702
Saudi Arabia,Mortalidad_Baja,0.12230367608956316,1.6791284363881975,0.5213899714870041,-0.5154148509250535,-0.7184703149466689,-0.6796851885863108,-0.8176612908839651,0.01764871462068518,22028.3901426586
Saudi Arabia,Mortalidad_Baja,0.016853459239578233,1.4217974465074152,0.48729766060631863,-0.4767929769063258,-0.6965594934242427,-0.6732527924172593,-0.9121107536066486,-0.07117664257279505,17718.3911648365
Saudi Arabia,Mortalidad_Baja,0.02193236794047143,1.1971875530457219,0.5204683071366023,-0.4608357894838983,-0.7395012162678023,-0.7116867793900282,-0.6378133703903599,0.10319679950029956,22320.4888964331
Saudi Arabia,Mortalidad_Media,-0.009619186327495297,1.1775876310897533,0.5033487224483701,-0.4529949264608243,-0.7270951378356535,-0.7010078676190625,-0.7228797898890846,0.027109678080855598,18596.1502627898
Saudi Arabia,Mortalidad_Media,-0.025320877556909774,1.1312954725529591,0.4990667805810844,-0.4468675987371693,-0.723645050828992,-0.7011550476159073,-0.7310351144908476,0.022701007342092377,17563.6145370639
Saudi Arabia,Mortalidad_Media,0.03800550991249302,1.384312060800047,0.5094180044151952,-0.4749714792943061,-0.7372483005359625,-0.6911649055525941,-0.7509850796930368,-0.029214845122507105,15975.7473782258
Saudi Arabia,Mortalidad_Media,0.04804060423944001,1.5274960712558057,0.4975004295894962,-0.48704434224073984,-0.722120045761649,-0.6731031669422016,-0.8696227286504608,-0.11324002980611364,13154.4978989446
Saudi Arabia,Mortalidad_Media,0.08703969272058659,1.5618307338349118,0.5049813382062442,-0.5011841654888158,-0.6571443949540738,-0.6702990985415243,-0.9093239511208802,-0.10591862116960432,11487.220410693
Saudi Arabia,Mortalidad_Media,0.4739263167873238,1.8270753142640552,0.6254041853960572,-0.6180173721948095,-0.2513965832851618,-0.690344246975816,-0.8122877861634006,0.020614547061244576,10586.0543471363
Saudi Arabia,Mortalidad_Media,0.4313178524104192,1.662112636247876,0.6159715289047243,-0.5987662053929093,-0.2291908572297532,-0.6929866364035122,-0.8214177386925519,-0.002108378006973277,10805.311325122
Saudi Arabia,Mortalidad_Media,0.366874691642342,1.7680341251312635,0.5934854063124122,-0.585411345536117,-0.38195702451919555,-0.686009328123631,-0.818937852375033,-0.015675423351676515,11714.5623675159
Saudi Arabia,Mortalidad_Media,0.18805885799469466,1.35364164907383,0.5271518779285702,-0.5276620030947772,-0.3083394843982126,-0.6691290192250743,-1.073502376594554,-0.06995375933775627,10786.4008952769
Senegal,Mortalidad_Media,-0.5725573036969527,-0.49655294197182287,-0.27964403869807997,0.2722459186929147,-0.6769562253042627,0.1447625035872489,-0.867222740196882,-0.24694952606223647,1574.0281059306
Senegal,Mortalidad_Media,-0.7025624650986049,-0.31226460517384386,-0.4496010032906514,0.19726989684832585,-0.38638371920704895,0.3595760030805839,1.0858676157468143,-0.17762434587884718,1598.10676952274
Senegal,Mortalidad_Media,-0.5765701727601695,-0.4985463389135931,-0.3582905790566531,0.250425539424627,-0.6377511376802202,0.2167665666034565,-0.8785245727862865,-0.24702626452266563,1461.08720350553
Senegal,Mortalidad_Media,-0.5807438766941575,-0.47300020059074394,-0.3904627248535517,0.14638348669680978,-0.5419124504590092,0.23270935706539064,-0.8668872812557955,-0.238619032551513,1431.18128932159
Senegal,Mortalidad_Media,-0.7101564070158138,-0.2885483305360126,-0.4873663834515089,0.11596505732602669,-0.3000419300703303,0.385227106389616,1.0625675533127823,-0.16811215617415548,1452.55612562445
Senegal,Mortalidad_Media,-0.5888494838546291,-0.46180771607964977,-0.4667981917267937,0.09506529330910352,-0.47213966353706127,0.2996472447851839,-0.8663677003412189,-0.23349918144172677,1356.80518449031
Senegal,Mortalidad_Alta,-0.592501381543347,-0.45243268226673045,-0.4875813795058013,0.0629194699570943,-0.4358713645507197,0.315590830738255,-0.8694623888522344,-0.22967902983526267,1266.43957151587
Senegal,Mortalidad_Alta,-0.5923190601201671,-0.4602270234721607,-0.5074522651153426,0.08131347245139064,-0.44753022203857973,0.33712121446230936,-0.8600063921507126,-0.23245435208006304,1218.00613555438
Senegal,Mortalidad_Alta,-0.6061840947666892,-0.41491641785707567,-0.5775575436527518,-0.07673560822385916,-0.28170399339640606,0.3834310045573489,-0.917114758637289,-0.21429544042941095,1398.89137601382
Senegal,Mortalidad_Alta,-0.5982093133198535,-0.44517007774411843,-0.5764093360211087,0.004033113967697788,-0.36106062562142277,0.39169106073111193,-0.9264142068605365,-0.22589236547835395,1379.83196553924
Senegal,Mortalidad_Alta,-0.6024266229961405,-0.4414585227996839,-0.6264128196819148,-0.020918675327261604,-0.3242066828383887,0.43641700858724075,-0.9308935534475364,-0.22392243877765333,1326.83798848379
Senegal,Mortalidad_Alta,-0.7066897617205186,-0.29601568190546707,-0.7195368014921546,0.05574111625484457,-0.1890953382114894,0.6251353070979145,1.1223895419921348,-0.1431034205599523,1374.67591873844
Senegal,Mortalidad_Alta,-0.5947599715706018,-0.5071064580611657,-0.6674232743865061,0.18168241641952865,-0.4924178979089413,0.5032944598656215,-0.9243341813895185,-0.24666786917547406,1275.88357492357
Senegal,Mortalidad_Alta,-0.600298086158183,-0.5110442068366897,-0.7168179489009032,0.1971901410304514,-0.4854932468609001,0.554275655310858,-0.9156452540868643,-0.24667491817992826,1308.69404336205
Senegal,Mortalidad_Alta,-0.6029624461466729,-0.4881949229735966,-0.8002501447916022,0.060325087647698394,-0.35690957277779145,0.6125929070406329,-0.9286739691278489,-0.23993327112632828,1398.79218010021
Senegal,Mortalidad_Alta,-0.6228774640275925,-0.4380463369299035,-0.8944229636103949,-0.09681033800218869,-0.1779114199593313,0.6846688264056002,-0.9060143456591849,-0.21970867747144512,1188.93877808175
Senegal,Mortalidad_Alta,-0.6059879254556971,-0.511992229171041,-0.9314877630510565,0.08865688617280743,-0.3502385176160482,0.741452187025847,-0.9329251501678568,-0.2476164840886403,1017.20196747987
Senegal,Mortalidad_Alta,-0.7187377869074572,-0.4101230435574942,-1.0240968312583265,0.3128742435231916,-0.34572286039287253,0.9237764869285456,1.1014368977490034,-0.20886006269316626,979.846101520171
Senegal,Mortalidad_Alta,-0.6371452319229143,-0.5326625478504671,-1.1230434029612009,0.22701929210399718,-0.36606778945676316,0.9546032099373127,-0.9194448743623831,-0.2455215212096561,918.102079522155
Senegal,Mortalidad_Alta,-0.6613959601133754,-0.5429740544547565,-1.2437594111493209,0.32913756347603107,-0.3784557264276834,1.0927766233374783,-0.9292041363393637,-0.24150114953757507,817.888034221442
Senegal,Mortalidad_Alta,-0.652518542211978,-0.5455818068309085,-1.3473709147480346,0.21948714700289007,-0.2914399043441979,1.1703789635420234,-0.8943615801032203,-0.2473308015764797,669.430447319209
Senegal,Mortalidad_Alta,-0.7302954922335521,-0.48761720337261105,-1.4710723216197426,0.40203547434668474,-0.3150089584454462,1.3620789110357543,1.096226415451177,-0.23367149253366437,637.213530563724
Senegal,Mortalidad_Alta,-0.7011245204797603,-0.566111779488432,-1.5503235961578439,0.4501387588628094,-0.3438942152648189,1.4146986658007887,-0.9069581619639124,-0.2388029738552202,603.233162455158
Senegal,Mortalidad_Alta,-0.7441538801106933,-0.578909369666935,-1.5715165830719753,0.7383618967634948,-0.4843246275104963,1.4946858939239502,-0.9372117600192944,-0.2272258045066578,714.994396357297
Serbia,Mortalidad_Baja,-0.09843075002466674,-0.043923396588213474,0.5395932419191423,-0.44050621942504953,0.0026354801264472094,-0.701705198249039,1.1557658140712577,-0.16106426192058937,10022.9688543402
Serbia,Mortalidad_Media,0.031477136776105225,-0.042706280683493414,0.587537371184756,-0.4901000917623259,0.12004566504617209,-0.712909875334856,1.17613117271393,-0.1544311742160685,9680.52798074468
Serbia,Mortalidad_Media,0.04070587876761425,-0.0434476630159701,0.590932273975239,-0.49361575151752934,0.1299379603845709,-0.7136343016009913,1.1801364194736539,-0.15353078420390975,8098.70955668849
Serbia,Mortalidad_Baja,-0.15252412349961583,-0.052246726417278684,0.5193233107806521,-0.42005525372007885,-0.03192275525229943,-0.6962258887401349,1.164513461185638,-0.16037082238434947,7755.632986437
Serbia,Mortalidad_Baja,-0.20634774592030394,-0.04654474080948823,0.5004717243630488,-0.39831418732782076,-0.09073552400620621,-0.6927568767876476,1.168867292857857,-0.1635829194635265,7559.86165747394
Serbia,Mortalidad_Baja,-0.18858115491740776,-0.023066905996709363,0.5095506829093164,-0.40233784231227476,-0.11488510009204744,-0.6978182994816235,1.175614736340954,-0.16821482370358326,6548.03653824187
Serbia,Mortalidad_Baja,-0.15093172877516628,-0.0053402056926667415,0.525834523042974,-0.4139701929775255,-0.11002231542480609,-0.7040446278153433,1.2019833245961196,-0.16891239171408395,5982.37030126471
Serbia,Mortalidad_Baja,-0.11246416646943344,-0.03713955042858358,0.5364610902600127,-0.4325842985076016,-0.019930518360164462,-0.7024315065391622,1.1994138917601904,-0.15957658530728558,5820.3215576888
Serbia,Mortalidad_Baja,-0.3432868178852715,-0.12948231894848602,0.4422215455751423,-0.35419072630368187,-0.07189691926829983,-0.6693535009217058,1.1721373763131928,-0.14784709987010963,6886.67809068704
Serbia,Mortalidad_Baja,-0.41290037782369315,-0.07260426799011388,0.42265714976575824,-0.3209360029579959,-0.23419239565401534,-0.6719923933093526,1.1676789589715444,-0.1653576939195741,7040.41812068781
Serbia,Mortalidad_Media,-0.33099801776463034,-0.09902108768723128,0.44964350876377,-0.355823467476136,-0.11375465055899728,-0.6747358645207864,1.1655882878988837,-0.15560440264690895,6263.04086072815
Serbia,Mortalidad_Media,-0.2775933730399053,-0.02788509593094643,0.40055264886965597,-0.3999071365128368,-0.10116119068170101,-0.646508371893935,-0.906596620877892,-0.2589264685258614,7082.2861666075
Serbia,Mortalidad_Media,-0.34199547038832534,-0.11106625934969193,0.4438109501499974,-0.3536861393233852,-0.10385507297907628,-0.6716493627820725,1.1452630355327114,-0.15475553154129018,5970.92660940072
Serbia,Mortalidad_Media,-0.31626599713612713,-0.1514549848440828,0.4487404349456211,-0.3685467612605364,-0.010792262826267829,-0.6676007952894374,1.1365198162215993,-0.14429328825952242,6414.0448463847
Serbia,Mortalidad_Media,-0.32797687237252826,-0.0050301573155324885,0.46078078037329623,-0.34604865255146333,-0.27331422068512684,-0.689123050008861,1.1771074612690446,-0.17820097543902458,7376.73517910716
Serbia,Mortalidad_Media,-0.3847872803910133,-0.017602590293992294,0.4383679946962563,-0.32597863521711384,-0.30411867265309683,-0.6823019946656574,1.1612158527690788,-0.17866619652847104,6081.08765700202
Serbia,Mortalidad_Media,-0.4392605925006009,0.02651675430510919,0.4236030550416002,-0.2992141619375128,-0.42952366198814484,-0.6847098857564955,1.1778290180564794,-0.19053920617662223,4492.7136699046
Serbia,Mortalidad_Media,-0.12784692922931098,0.06781655540037469,0.5426914616649283,-0.4135508526345334,-0.21426233794008476,-0.7173834986739163,1.2333399817911996,-0.1837440746177112,3807.97417321786
Serbia,Mortalidad_Media,-0.10816338874449959,0.18720266472659697,0.5631879327370275,-0.4065058334882824,-0.401539918925895,-0.737356975508561,1.2682422655831678,-0.21006755483763817,3597.08798057009
Serbia,Mortalidad_Media,-0.8096078683133213,-0.2542105087910297,0.2188976556108309,-0.15910068475549227,-0.4012424071351912,-0.6063729975659374,0.9862372501791341,-0.172662192330036,3153.9011312754
Serbia,Mortalidad_Media,-0.8099431290603125,-0.2759310912062401,0.23114871438175963,-0.05166217604055556,-0.4793425535062492,-0.5855841604842522,1.0134728496825203,-0.19288172977667983,2390.73459447107
Serbia,Mortalidad_Media,-0.6090732075764523,-0.453849930321317,0.3341516070179763,0.04222238632690989,-0.7595709880129685,-0.6414422902372028,-0.8497935792058844,-0.20243341964010292,1812.42088281393
Serbia,Mortalidad_Media,-0.6235343017879887,-0.4618401413446603,0.32412755516346575,0.1623771387241031,-0.821229429726134,-0.6025195692826093,-0.8552164882758935,-0.2119384637271744,974.725469278615
Serbia,Mortalidad_Media,-0.6290824089131212,-0.4517158874019841,0.3152269658587247,0.1037219792075087,-0.7714695125119856,-0.6052208852091621,-0.9765778055145264,-0.23566350769133232,2349.40645150289
Seychelles,Mortalidad_Media,1.074613002206911,1.08894685374889,0.8177911767293824,-0.7595891084528523,1.112974712482568,-0.7367643398169587,-0.9529835163343052,0.1756407116033007,16836.6721895387
Seychelles,Mortalidad_Media,0.8539922083627522,-0.133848035699993,0.7553131870296821,-0.7061187041337473,1.6484617396372925,-0.7179327822725264,-0.905680446126482,0.07952737824120043,14982.9111487767
Seychelles,Mortalidad_Baja,0.5628392754643289,-0.16356593799611147,0.6562235958499598,-0.6357316812364355,1.2956056192775045,-0.6898710601013247,-0.9679966891778593,0.002187829596745905,14041.4754074575
Seychelles,Mortalidad_Media,0.6324852901836776,0.3818660995669971,0.6847705497315941,-0.610662906549811,0.8905558507824459,-0.721801411717762,-1.1358672230836455,0.013195987111218888,19141.5118743615
Seychelles,Mortalidad_Media,0.4805552375668938,-0.20623902367842625,0.7217993524177082,-0.6822984530010074,0.8439385494162771,-0.7192457822411504,0.8887000160559082,-0.09812144607906248,18440.2340460932
Seychelles,Mortalidad_Media,0.6814422056139587,0.4716742267551025,0.7023977788824141,-0.6259951634750652,0.8895068170987276,-0.7261218871156336,-1.0794332757018956,0.027992657351448957,17480.3651911372
Seychelles,Mortalidad_Media,0.8113612384367674,0.409258525347254,0.7526079019316576,-0.6552045109999456,1.066277408190428,-0.7435111664543637,-0.9831576169444627,0.053962087445574125,16566.9946042294
Seychelles,Mortalidad_Media,0.7022441815135154,0.24100045716152235,0.7235632859690515,-0.6166540757129884,0.9837159966985213,-0.7433746983017576,-0.9837271859808046,0.00943708250890482,15333.1051727105
Seychelles,Mortalidad_Media,0.2778971715353006,-0.23454710223580957,0.56025607104275,-0.5772410267722882,0.9936310723924712,-0.6582501847742805,-0.9433035221129962,-0.07212994493510289,15188.1902175113
Seychelles,Mortalidad_Media,0.35986891813188393,-0.3011178930913719,0.6762120170973629,-0.6521053492741674,0.861190484440654,-0.6987483040589779,1.03758643015652,-0.08806873525526976,14821.2921476077
Seychelles,Mortalidad_Media,0.36247236033694685,0.2891736033563313,0.6155938886711927,-0.5242525535056395,0.45335783681623343,-0.7211841803932417,-1.0077224458079892,-0.09047471420214875,12337.1554669388
Seychelles,Mortalidad_Media,0.16109962791092272,-0.07777844988334551,0.5352281809199575,-0.5188876382771769,0.5990756751940906,-0.6719761832130047,-0.9479354906883577,-0.12479225249118336,12110.0937461973
Seychelles,Mortalidad_Media,0.21610576594109845,-0.08948489125060692,0.550863814463957,-0.5342949492952622,0.6982882340972411,-0.6740220930532466,-0.9688547502309455,-0.10660953055969569,10934.79494629
Seychelles,Mortalidad_Media,0.14565914676586364,-0.18608650790951842,0.5211782031404602,-0.5345352771988019,0.7382702043595105,-0.6549091370258739,-0.954011707261383,-0.11564979572178236,9747.09180546291
Seychelles,Mortalidad_Media,-0.0834706551640184,-0.161395122128985,0.4437004098909137,-0.46825133652519524,0.4038964675272848,-0.6383250789786835,-1.0690806851525314,-0.17951269948191273,11265.4376270005
Seychelles,Mortalidad_Media,0.34586876766996866,-0.05342564916085967,0.5979389797677057,-0.5621678675284197,0.817486747530399,-0.6903118982727401,-0.9204095816964968,-0.07585684841941687,12669.3026687222
Seychelles,Mortalidad_Media,0.26951020750331023,-0.0672613868878215,0.6674103131490972,-0.5909686494463584,0.37338322897817466,-0.7259066215315906,1.0342382726237567,-0.15095479752512686,12782.9938926475
Seychelles,Mortalidad_Media,0.23199724215890896,0.061579461588538296,0.5709858783289925,-0.5125000470905613,0.486431030048053,-0.698419593970079,-0.9149062373306092,-0.1229901503357243,11802.1118276833
Seychelles,Mortalidad_Media,0.21119370702860538,0.11569284823033812,0.5670734978605563,-0.49634308224261825,0.38414204960933984,-0.7039794844909887,-0.9464199110371079,-0.13423650758036254,10827.671636033
Seychelles,Mortalidad_Media,-0.5045454206178016,-0.20054533380583364,0.3678318344808167,-0.2817985262028979,-0.62397445647923,-0.6918197804147519,-0.7860742673921384,-0.19097629418089945,9070.28460757013
Seychelles,Mortalidad_Media,-0.48549782356964133,-0.08293161257025188,0.36588650120344063,-0.2973147748637198,-0.6209266219528581,-0.6809703882509606,-0.8190398301908284,-0.2396142609245817,8864.16919495467
Seychelles,Mortalidad_Media,-0.4631815093249949,0.02774343968891959,0.3678989607707063,-0.3100267983706231,-0.6258777758652636,-0.6741061158250313,-0.8221460788386616,-0.2798747363196867,8153.2986369879
Seychelles,Mortalidad_Media,-0.4259691485369632,0.10126692981422547,0.38314312609417955,-0.31086184924035287,-0.6585444385150343,-0.6831638916036123,-0.8251709793001858,-0.2840416088845178,8063.65500575169
Seychelles,Mortalidad_Media,-0.07613103443332224,0.031974014615056036,0.4695306803218452,-0.43971086010258703,0.09665756611392096,-0.6704216226588072,-0.9174029297740229,-0.20786430005477685,7180.66832748656
Sierra Leone,Mortalidad_Alta,-0.843003297994689,-0.6005806415463856,-0.9497112891796864,1.8230983063397248,-1.2615359981200789,1.1134170504811378,-0.9397580105821406,-0.1901948709815957,860.774590932595
Sierra Leone,Mortalidad_Alta,-0.8456878503407916,-0.6026376517588123,-1.0543083379806801,1.7762901971452736,-1.2005334043564804,1.205489594998308,-0.9512870071352015,-0.1911099176918417,886.192939104469
Sierra Leone,Mortalidad_Alta,-0.8696925218773559,-0.6087243755173036,-1.1151244116231307,1.8989781106146852,-1.2395273240862137,1.2901430118143824,-0.9889674839979774,-0.18470266448381562,845.982914284565
Sierra Leone,Mortalidad_Alta,-0.8640371961883683,-0.6095494612011543,-1.1691341828814785,1.833570284945642,-1.1895825663664001,1.328929046184907,-0.9724390982623503,-0.18792281412887846,844.049555179116
Sierra Leone,Mortalidad_Alta,-0.7337220281118273,-0.7728722349930915,-1.3340360233065562,1.706822480420387,-1.364782008757441,1.4345201512771244,1.0583198467322832,-0.3142558396110373,845.914540460932
Sierra Leone,Mortalidad_Alta,-0.8702272202132416,-0.6143950091104473,-1.3633291100161276,1.7581306880459528,-1.08322024648896,1.5021357202839651,-0.9879949549553919,-0.189584707021491,779.186007841728
Sierra Leone,Mortalidad_Alta,-0.8656695237551545,-0.6195579048437646,-1.4473699842994099,1.6978807462968175,-1.03077627143073,1.570663051488835,-0.9390648993719726,-0.19458307502573602,844.416411175476
Sierra Leone,Mortalidad_Alta,-0.8946429832206589,-0.6329882059786623,-1.6337521968816744,1.7961038759527315,-1.0193609000877706,1.7717557937043076,-0.948788273873935,-0.19071061709322723,964.575980888989
Sierra Leone,Mortalidad_Alta,-0.898766501966722,-0.637333742177345,-1.667294967861919,1.8161680344198412,-1.0218969011320418,1.8081147621446412,-0.9277224260318255,-0.19130356167640333,1117.7586465721
Sierra Leone,Mortalidad_Alta,-0.8895842260196288,-0.6362925254400584,-1.7204881785963746,1.7228585338440412,-0.9566797897701138,1.8404777293730807,-0.9169511711241634,-0.19512287670785894,1117.47183075115
Sierra Leone,Mortalidad_Alta,-0.8966132840403065,-0.6384748342377331,-1.8472712811661263,1.6862741350698103,-0.8909665605341031,1.9564342994779251,-0.9472882894024335,-0.19456628157182665,937.504428180231
Sierra Leone,Mortalidad_Alta,-0.7586111254569714,-0.798132661258335,-2.0557630029512723,1.4695808908411336,-1.0016625992541273,2.0861657349188407,1.0652093185706146,-0.3228584111488755,761.146365577281
Sierra Leone,Mortalidad_Alta,-0.9077581820144004,-0.6460617921674322,-2.0809444058446034,1.6244331594799986,-0.7788491476846684,2.170715770306317,-0.9617543797138837,-0.19584126828600168,685.039673490948
Sierra Leone,Mortalidad_Alta,-0.9119481335865298,-0.6503412498113285,-2.195677240364146,1.5892282886456186,-0.7227053312990963,2.274796588694148,-0.9588861456665585,-0.19723032785042738,652.845806767943
Sierra Leone,Mortalidad_Alta,-0.9145057700719601,-0.6552029807844978,-2.2813901503547136,1.5670942184559336,-0.6856442493304687,2.3531466951428808,-0.9383492167329877,-0.19923199753683257,705.359014080005
Sierra Leone,Mortalidad_Alta,-0.9249300068510043,-0.6622972472075181,-2.366837205568218,1.5999974134380237,-0.6768387331088872,2.4425848736412767,-0.9235140436142324,-0.19902658040429871,631.889926264998
Sierra Leone,Mortalidad_Alta,-0.9277578468745002,-0.6660167829829571,-2.4579877775619297,1.5705978007261219,-0.632198026391126,2.5249111348424504,-0.9163253069827013,-0.20047358860473757,580.26796974773
Sierra Leone,Mortalidad_Alta,-1.1730778307884626,-0.7473144280726669,-2.434118276267391,3.349691910491276,-1.568839977804045,2.866765600819761,-0.9759485598644371,-0.13661672915046758,462.633324427945
Sierra Leone,Mortalidad_Alta,-1.1798187148626345,-0.7476345370856985,-2.537008979801865,3.319437274431775,-1.512594609146324,2.961005792106616,-1.018494793526581,-0.13510717744638828,417.749983329227
Sierra Leone,Mortalidad_Alta,-1.0203174978280984,-0.9147740559003297,-2.8047817951258223,2.973059866622311,-1.5552866618053462,3.1197957001765753,1.1307241114500843,-0.2760190199952729,413.817607346927
Sierra Leone,Mortalidad_Alta,-1.16122856016708,-0.7475408042011775,-2.7604587509270435,3.060600442880574,-1.304650067671065,3.124602119213816,-1.0015565301632685,-0.14494029862430446,388.995111216836
Sierra Leone,Mortalidad_Alta,-1.1500040610762536,-0.747341215563433,-2.8689003127917805,2.921729160572343,-1.1976606131272316,3.2011953394247783,-0.9870905429345325,-0.15053668161153455,358.315716051546
Sierra Leone,Mortalidad_Alta,-1.3717860982315904,-0.8278749453165455,-2.538269676035653,4.772244048580082,-2.2941423708802775,3.2580387904735613,-0.9058675645418781,-0.09265764584781838,143.743743239644
Sierra Leone,Mortalidad_Alta,-1.246726137861676,-0.7962093150881726,-2.912702708079615,3.6619732434435583,-1.5922691751040694,3.3933946995350173,-0.8565269155748301,-0.1333129295301228,208.351997250955
Singapore,Mortalidad_Baja,2.9131519660645595,1.8311832987173569,1.374129601556694,-0.6186609138200645,2.00674740649681,-0.8436627335951099,-1.4349611881527995,17.171226980178346,90299.0694637269
Singapore,Mortalidad_Baja,2.450870529209747,1.5009260702308058,1.2795026834385879,-0.8480098594068712,1.7218604792159256,-0.9730721750663427,-1.0110542547711387,14.66942884142574,80056.1288247844
Singapore,Mortalidad_Baja,2.341971742673222,1.4254081123525266,1.2584556795470876,-0.9245219503786519,1.6679563635578911,-1.0131238567651577,-0.9037669636062629,14.07688997146102,61410.0792630788
Singapore,Mortalidad_Baja,2.345214212782416,1.4262144722720944,1.2582954656983623,-0.9080220566336625,1.6612083907852133,-1.0058801774288764,-0.9116598990890508,14.096553648708666,65952.0378959293
Singapore,Mortalidad_Baja,2.4308227898751578,1.4770047167994982,1.2701615360598544,-0.7632974697919384,1.6539092082910312,-0.9384084718542345,-1.023943124443865,14.574383620910984,66881.6067035265
Singapore,Mortalidad_Baja,2.424634002715667,1.4778403768923236,1.2717630319063797,-0.8182078941025198,1.6805429142206236,-0.9621980900610303,-1.0011416467903973,14.533524815500636,61236.251270627
Singapore,Mortalidad_Baja,2.359880310546948,1.4263867659538167,1.255674782295814,-0.7991236101346428,1.6105599321280812,-0.9585358601749123,-0.9586815699678841,14.190364012367311,57005.5887176547
Singapore,Mortalidad_Baja,2.2597438596468136,1.3534398535490828,1.234408687488575,-0.8349122385310641,1.5406905517302922,-0.9806570921579132,-0.871446896521223,13.6504143429053,55645.6068614606
Singapore,Mortalidad_Baja,2.157108331158409,1.2824770300331614,1.2146877305381836,-0.9091119573989339,1.4911131727496274,-1.0192937118777456,-0.7696403047940372,13.091658330842732,57564.8023114977
Singapore,Mortalidad_Baja,2.1651954847189145,1.284449201910723,1.2142668579845741,-0.8675744570523741,1.4740569596803024,-1.0010633829372306,-0.7894533880352776,13.1407568112551,56967.4257940383
Singapore,Mortalidad_Baja,2.1693288625800626,1.2783460990475033,1.2101717936559213,-0.7762206885050411,1.4241530794248463,-0.9619091686711017,-0.8227467870177856,13.175815224535972,55547.5553077786
Singapore,Mortalidad_Baja,2.063122090475914,1.1963088650262206,1.1850694487553206,-0.7681444110997374,1.3230104003043603,-0.9657844404698636,-0.7454323364256263,12.60967462868808,53891.4570264372
Singapore,Mortalidad_Baja,1.961747513415841,1.1272894772680786,1.1661754682289909,-0.8519998448177519,1.2802487017601507,-1.0084426143230365,-0.6413853806735321,12.05628181432234,47236.683084953
Singapore,Mortalidad_Baja,1.7708581591091894,0.9969509925614664,1.1303936973568958,-1.0062096370448528,1.1975602204098181,-1.0871979910783875,-0.44668325535579273,11.014761981447622,38926.8054365453
Singapore,Mortalidad_Baja,1.741327811598716,0.9737636182902331,1.1232082519286946,-1.0002437763559278,1.1672528566072584,-1.086692568359558,-0.4264153704288987,10.857877583427571,40008.5720489092
Singapore,Mortalidad_Baja,1.613832544029228,0.8728302123030623,1.091736264669291,-0.9663659479468663,1.0316333169977305,-1.0810552335396975,-0.34159297456687837,10.181693732297859,39432.8860198877
Singapore,Mortalidad_Baja,1.376543531020186,0.8474456260343816,1.0114222545545506,-1.0448687846871623,0.9295430172547369,-1.093066870194391,-0.41599562761216485,8.897883752178327,33768.4528234651
Singapore,Mortalidad_Baja,1.1890772268115104,0.9944040863351888,0.9302642961850585,-0.9715393999514245,0.716598557076105,-1.0243645307566276,-0.5600939323774625,7.611240559060377,29961.3172812732
Singapore,Mortalidad_Baja,1.2589555708368443,1.4196245370676512,0.9249887152730805,-1.0112451725124023,0.711046744311732,-0.9916724701391234,-0.7158705307147861,7.4174802596459415,27608.080013423
Singapore,Mortalidad_Baja,1.108843950612531,1.3388597253457735,0.872552193050814,-0.9492021821516896,0.5884555645142732,-0.959335262554072,-0.7700687718414825,6.690411941221536,23730.3840054566
Singapore,Mortalidad_Baja,0.9127002173641793,1.3658315949983655,0.8014029648689183,-0.8655430605044026,0.3618325357604645,-0.905777476456585,-0.8134083086440795,5.471213776811556,22159.8373710639
Singapore,Mortalidad_Baja,0.7930083277612832,1.6019780823744343,0.7393218984217518,-0.8221668753493023,0.19907694121702435,-0.8448070496802619,-0.9643170864596831,4.44695018204565,21699.7414868907
Singapore,Mortalidad_Baja,0.6673858538352188,1.590000315227696,0.6984213958881054,-0.7657373904727329,0.04411094663281562,-0.8157291660590791,-0.9495487120236172,3.678081049305431,23852.8389514753
Singapore,Mortalidad_Baja,0.5309845275251243,2.331180720385261,0.6026181497654037,-0.7201986663350062,-0.2841274887455077,-0.6955086688415995,-1.2100157716990263,1.7338363773857561,24914.8507020358
Slovenia,Mortalidad_Baja,1.060043936146842,0.436921718648612,0.9779212196629536,-0.7230801748748268,0.6371926010861584,-0.8650712532227574,1.237524056338592,-0.025904046755163668,28373.8382265999
Slovenia,Mortalidad_Baja,1.0835582514455402,0.47893333218443723,0.9881996395707591,-0.7209545644549653,0.6112144564772095,-0.8726856019593316,1.2243589861497068,-0.023725144800201436,29187.369382785
Slovenia,Mortalidad_Baja,1.0217252189840655,0.45093160620187545,0.9668471889423109,-0.7108688408872578,0.5621909822943285,-0.8642090755345313,1.2393274634255889,-0.03872721514075966,25392.0651093612
Slovenia,Mortalidad_Baja,0.7382645754418489,0.37682181917526913,0.8675368923133016,-0.651097082294443,0.28180312637665994,-0.8306825765989093,1.194680745888824,-0.10917604487663612,25814.1687167572
Slovenia,Mortalidad_Baja,0.7023913692599834,0.3690555949129422,0.8552153503195978,-0.6433109253248829,0.24345784444185126,-0.8267249528395807,1.1912845295325667,-0.1183893371395131,25888.0481065655
Slovenia,Mortalidad_Baja,0.7471358088416358,0.3984475820647478,0.8716345144679689,-0.6490863333674743,0.2645263905691252,-0.8342859439645176,1.1848828963589546,-0.10885105208098345,23303.077705959
Slovenia,Mortalidad_Baja,0.8464538369107655,0.4207027225149791,0.9068981812652939,-0.6711861268774448,0.36502790219101955,-0.8458305955677842,1.2154745768834534,-0.08437045815996097,21447.8377796036
Slovenia,Mortalidad_Baja,0.787877491307826,0.3832434844948686,0.8851279569066763,-0.6632158606190794,0.33744003876366335,-0.8359232661205099,1.2168921427929644,-0.09667546783945458,20697.2748530619
Slovenia,Mortalidad_Baja,0.9059852491869415,0.4429351135720156,0.9286461991991357,-0.6827419158281559,0.412621310762013,-0.853994986331281,1.2316716873602653,-0.07069564232152037,24013.0682060959
Slovenia,Mortalidad_Baja,0.8663605932509558,0.4199278812664806,0.9128511492569928,-0.6761391886133606,0.39577317350911645,-0.8470803162738267,1.2081720568110432,-0.07822753427823342,23236.9655321695
Slovenia,Mortalidad_Baja,0.9909289828177669,0.4809018646432404,0.9575580124129484,-0.6964507657506983,0.48229620683200103,-0.8653997964124255,1.2037030858618625,-0.049698203656594386,22442.1417859955
Slovenia,Mortalidad_Baja,1.0484834590190835,0.5205607035102128,0.9790043464827614,-0.7036519532684486,0.5059302454251429,-0.8754720861644293,1.1988984626110661,-0.03780813986640008,24940.6284841605
Slovenia,Mortalidad_Baja,1.0712709680471335,0.5214275188782598,0.9855877240613091,-0.708768663141229,0.5400987268027484,-0.8769938179756004,1.1832792475565421,-0.030671674143231464,23329.8417691156
Slovenia,Mortalidad_Baja,1.01503249462963,0.4959155969936777,0.9653090162274494,-0.6990694570612014,0.49914492441787406,-0.8689028022216769,1.1802692923943128,-0.04357780079830742,24501.7897290425
Slovenia,Mortalidad_Baja,0.9552282656346457,0.6123133352103218,0.9551903303202012,-0.6624553509168466,0.24484227545716597,-0.8810810315123262,1.17337869687637,-0.07478482526858321,27461.9764165315
Slovenia,Mortalidad_Baja,0.8275540279733665,0.5417613239518145,0.9091952821488067,-0.6434069358564303,0.16603468224196538,-0.8613439106675946,1.1872901930013264,-0.10344639134842065,23725.1596001515
Slovenia,Mortalidad_Baja,0.8043219878881139,0.5030026364045598,0.8979277268602266,-0.6441712904421455,0.19322717160058456,-0.853634517714671,1.174322872138788,-0.10479146202203288,19563.005059144
Slovenia,Mortalidad_Baja,0.7598284837035054,0.4840799571975276,0.8819159268838888,-0.6362236310776976,0.1592612699266015,-0.8473857153598868,1.1705722948869373,-0.11509691690250878,17969.7095907161
Slovenia,Mortalidad_Baja,0.7374990542090186,0.4699906178402363,0.8738479883704353,-0.6332853012263685,0.14756430057076164,-0.843731245205223,1.175304427005967,-0.11999587268413958,17103.8297783905
Slovenia,Mortalidad_Baja,0.5535645801109829,0.3565829904975768,0.8046271675630607,-0.6067373838351368,0.059742415949563366,-0.8127068321040329,1.156366367344302,-0.15812151434812832,14711.674874253
Slovenia,Mortalidad_Baja,0.5478054232485097,0.36182097344787667,0.803815946130517,-0.6047050944694679,0.04135038329351276,-0.8132955995698865,1.1682932739991378,-0.16094795855845034,11639.1297780477
Slovenia,Mortalidad_Baja,0.4919463517167064,0.5389464767047016,0.6715071533404813,-0.5602922445839098,0.38469272179339276,-0.7413717798212665,-0.7499683976640197,-0.06232494885497131,10375.6255869861
Slovenia,Mortalidad_Baja,0.2520380659261744,0.3401366994792347,0.5952638719523722,-0.4875679630719513,0.16575819005967274,-0.7277469919431592,-0.8383432221591194,-0.13991101819098517,10135.7219109212
Slovenia,Mortalidad_Media,0.19009105700148585,0.2576877680041141,0.5769402394768266,-0.46829749293475165,0.12370735397679195,-0.7252550032235908,-0.8466215481498267,-0.16216458244180404,10738.0887611468
Somalia,Mortalidad_Alta,-0.8168196065386492,-0.6167401664238543,-1.8682492099666148,1.1196147887476984,-0.5946182305607427,1.8599129325585595,-0.8843924970876036,-0.21754589386445444,573.128092472349
Somalia,Mortalidad_Alta,-0.8081894094749845,-0.5974694305554582,-1.518829711262494,1.2225472555501948,-0.752258251140094,1.5431216091504465,-0.9690458707244387,-0.2088996040431847,549.114742721701
Somalia,Mortalidad_Alta,-0.8873889239411966,-0.6230020719401437,-1.3726828407965315,1.8881114618031687,-1.1518537259902732,1.537507548344537,-0.9657931667534034,-0.18651720385798481,518.184778494334
Somalia,Mortalidad_Alta,-0.8207826667428255,-0.5976840095196879,-1.5392892609060775,1.281414633172159,-0.7696873146166368,1.5756777610671486,-1.015675423242691,-0.20410824939554684,539.893931565407
Somalia,Mortalidad_Alta,-0.8268907298288637,-0.6148277289292248,-1.7578988575698524,1.2437756241111477,-0.6921071608590642,1.7786849626142531,-0.9151643091210397,-0.21146782411655363,509.525801898508
Somalia,Mortalidad_Alta,-0.8880098885527252,-0.641388223389639,-2.069316936111322,1.4988070367863882,-0.7203178202733476,2.133351979823904,-0.9356602413877815,-0.20166231018173808,510.939952317726
Somalia,Mortalidad_Alta,-1.0018877991103559,-0.6646575648142639,-1.5714117128112624,2.5919612002212045,-1.4516166030984943,1.8749213340872963,-1.001865660158678,-0.16054772007469736,460.928490585175
Somalia,Mortalidad_Alta,-0.9886026282079389,-0.6602474802904761,-1.6618365702030151,2.4348142569618503,-1.3365382097239151,1.9307166355890082,-1.0177172185787322,-0.1649380073910101,445.583080073396
Somalia,Mortalidad_Alta,-0.9352017670113765,-0.64409296069572,-1.7869837351841338,1.9726508536275824,-1.0519271029648376,1.9575086631757117,-1.0151458992075928,-0.1807753497147085,429.431656725102
Somalia,Mortalidad_Alta,-0.890611794845842,-0.6334336403838918,-1.9280607468831619,1.574439491092763,-0.7986007608996507,2.012573687740539,-0.9929608200614648,-0.1956279201759346,393.398703952979
Somalia,Mortalidad_Alta,-1.0014863467636599,-0.6916148386841906,-2.556971199951291,2.038113340029035,-0.841497240857483,2.7170647463601147,-0.9454227418684651,-0.18290840254081225,350.261946720512
Somalia,Mortalidad_Alta,-1.339036919572054,-0.8766003847463435,-5.2076007330197385,2.983069565609995,-0.47073015831306886,5.481540559725322,-0.8803450463741065,-0.1553633653704764,235.325945610434
South Africa,Mortalidad_Alta,-0.08500047757346592,-0.5476775787270861,-0.021262967146547768,-0.5273618127273886,0.880058411736281,-0.08789690348864071,-1.1570932639473914,0.09676814359982601,6523.41097815853
South Africa,Mortalidad_Alta,-0.18509934562766067,-0.6342991384987477,-0.24164122895974605,-0.5859926722968587,0.9234151426384073,0.07228463934180801,-1.170278424840542,0.179011562608152,6843.39941886204
South Africa,Mortalidad_Alta,-0.058130663920733794,-0.5865824426361721,-0.06343092825585735,-0.5598549340407131,0.9887266485945062,-0.0475740445291446,-1.1520075235549037,0.1355499464758521,5580.60383075189
South Africa,Mortalidad_Alta,-0.12874591026757726,-0.5054239075336608,-0.007131948280852017,-0.497396256901186,0.7700877934320335,-0.11392336291592442,-1.2446332729783955,0.06686970712028223,6533.71121032856
South Africa,Mortalidad_Alta,-0.08469004295341753,-0.5566584910255533,-0.045230501967197856,-0.5374804511705061,0.9102442050053595,-0.07059906799671323,-1.1947297436453121,0.11155374139257665,6914.1780318076
South Africa,Mortalidad_Alta,-0.06376589008393918,-0.5689671083880721,-0.052049081680916896,-0.5499037403592048,0.9643366266891921,-0.061448767025324535,-1.204298812221926,0.12620743525108077,6618.33508255701
South Africa,Mortalidad_Alta,-0.1553393897531315,-0.5973489789057654,-0.1637451914567724,-0.5617900549269504,0.8964753580520585,0.012964403339774722,-1.1899072271701834,0.14727051007199804,5651.20585165749
South Africa,Mortalidad_Alta,-0.20738230898375132,-0.626844524599493,-0.2501954563076358,-0.5793025974844155,0.8853131695688111,0.07383830061802016,-1.1860819952417703,0.1730672829332829,6112.27382485974
South Africa,Mortalidad_Alta,-0.26596985028380693,-0.7138908564759421,-0.20373164807739896,-0.43436146828018213,0.8256833990988938,0.13423847488273233,0.7902275935066243,0.21702457846888334,6856.73137092522
South Africa,Mortalidad_Alta,-0.2969075165030037,-0.6601458436390621,-0.3940042414966572,-0.6006485586301964,0.8514544408296535,0.17435588339129926,-1.2130441052721819,0.20578168921346476,7331.65467384919
South Africa,Mortalidad_Alta,-0.27543721921452236,-0.6888801168022626,-0.43864932970659604,-0.6264701852026803,0.9406430722335885,0.21811625410416524,-1.2030786979521615,0.23372450218384538,8076.97678479741
South Africa,Mortalidad_Alta,-0.29284097070645887,-0.6756993785580236,-0.5011599635057267,-0.6244684634525561,0.9330724343396571,0.2744175745571943,-1.2131330037005812,0.22232147750326417,8646.05571071635
South Africa,Mortalidad_Alta,-0.30982399169807995,-0.6857831275547052,-0.467232276761514,-0.44528912843689455,0.8317846692559622,0.38540868983788346,0.7602338986862969,0.19062878174189885,7973.47195771517
South Africa,Mortalidad_Alta,-0.37587632221336453,-0.6077381145036681,-0.7302567609553652,-0.5994076542128726,0.8405444500265443,0.4851367500971776,-1.1904270408295323,0.15124630120184118,6374.70560042992
South Africa,Mortalidad_Alta,-0.43394726655691707,-0.553980504522159,-0.7934547133751046,-0.3498016999795409,0.5814146527078516,0.7272165400614772,0.9083760012237196,0.11140454619635899,6184.75474328399
South Africa,Mortalidad_Alta,-0.44507798000684784,-0.568623387589642,-1.0708442301946108,-0.6047706553624553,0.8495049140481542,0.8068838617419893,-1.0988917288058775,0.09947498523837714,6591.85535960564
South Africa,Mortalidad_Alta,-0.44922236482014033,-0.5776459205127614,-1.1901586982439685,-0.622684532268448,0.9081299535493356,0.9220479174111254,-1.0529208556806657,0.10225898166041325,6077.38293388876
South Africa,Mortalidad_Alta,-0.4146469771002712,-0.568645276487331,-1.239596034506698,-0.3557822523238222,0.6250521133992911,1.2502696744146247,1.2208222408167755,0.1728168759246384,5836.87663325127
South Africa,Mortalidad_Alta,-0.4532144725102193,-0.5806848195555052,-1.2559417058727376,-0.6312051535043108,0.9357687909388802,0.9853175724539545,-1.0289402040614872,0.10204027996440466,5221.46333731721
South Africa,Mortalidad_Alta,-0.43813199597421115,-0.6011558308090996,-1.2749380141542426,-0.6452354011542151,0.9817666049537005,1.009501190424214,-0.9681557163592636,0.11346892252550879,4062.21755993786
South Africa,Mortalidad_Alta,-0.4210149109983724,-0.616119301837852,-1.216128533819788,-0.6457849040712975,0.9814626930869038,0.9621047819085979,-0.8987975486550852,0.11743762284593588,2688.23676032806
South Africa,Mortalidad_Alta,-0.39896542601850105,-0.6284606778173862,-1.1047733335291008,-0.6433434942877825,0.9758192780000791,0.8574888184197009,-0.9220852128799244,0.13287182115525226,2847.15191945908
South Africa,Mortalidad_Alta,-0.3316968345678011,-0.6565276230631718,-0.7662054981497626,-0.4158680551505146,0.7752938038669576,0.7327712046119983,0.9850286596121193,0.20299886424683944,3217.84693448467
South Africa,Mortalidad_Alta,-0.40963490842964567,-0.5885466916282616,-0.8427542375161634,-0.5857072605886621,0.7800842552040609,0.6093496702301653,-0.9589713930260901,0.0963160034231811,3855.6340871567
Spain,Mortalidad_Baja,1.1874243252195797,0.15768552694914809,0.988643509203007,-0.8015980348515879,1.2596311122925399,-0.8309409984303116,1.0909194385687389,0.05152858112381864,30270.2687017458
Spain,Mortalidad_Baja,1.2226457879133314,0.19756712907979643,1.0037828325063438,-0.8036252870713596,1.2479549055108885,-0.8397033055811259,1.102553280507309,0.05624281510960197,30799.4775937775
Spain,Mortalidad_Baja,0.903523670821415,-0.034815711007450414,0.8806957511505717,-0.763999304622478,1.1485195667912595,-0.7806528360026865,1.0676998068674666,-0.00543671513853311,27233.9426461608
Spain,Mortalidad_Baja,0.9203651625114905,0.009915548937049127,0.8907368522091386,-0.7607386087540884,1.1020994957599686,-0.7888899501284878,1.0873018547966407,-0.006956590929400347,29786.5245689007
Spain,Mortalidad_Baja,0.9130984703021287,0.01581202242563549,0.8891557189778418,-0.75799205048017,1.0820309288261,-0.7893098967141249,1.0926291051922628,-0.010006512773824694,30602.4212881113
Spain,Mortalidad_Baja,1.0274119785109985,0.08863497897646423,0.9321092964307334,-0.77390411799831,1.1342311561720013,-0.8088191499754387,1.0994136376364887,0.013620252229686824,28381.3425596906
Spain,Mortalidad_Baja,1.0638402877816389,0.09454455555278275,0.9439085980010522,-0.7818260517572042,1.1783916783588708,-0.8123080945824335,1.0921126387145452,0.0236932579435139,26755.6061149398
Spain,Mortalidad_Baja,1.0358987335428624,0.0717701595323087,0.9328663222018614,-0.7787566508335396,1.1735484541611845,-0.8067549106364587,1.0877328739374064,0.018649764289398352,25982.4416197775
Spain,Mortalidad_Baja,1.1157940135058084,0.09815134857867942,0.9602101875074482,-0.7939190020226574,1.2490456482400591,-0.816523565594667,1.0790622708956168,0.03876836984770829,29707.765509467
Spain,Mortalidad_Baja,1.108298699071733,0.0946016311383266,0.9575275833432488,-0.7926737258346933,1.243673322791393,-0.8154376113215863,1.0792876888755008,0.03703902713858445,29228.846559842
Spain,Mortalidad_Baja,1.1183999601120174,0.10869731801110341,0.9621596625026647,-0.7928169927777664,1.2360949109818944,-0.8183697868743618,1.0840783261002376,0.03800013338008312,28456.4438151477
Spain,Mortalidad_Baja,1.103223093317471,0.12571738301359048,0.9593711384943431,-0.7863050929962072,1.1866932949415854,-0.8199889357877499,1.0977786237270293,0.030938251847984877,31824.6219134777
Spain,Mortalidad_Baja,1.1389269188897622,0.18820393069818608,0.9771264849854664,-0.7847239348744692,1.139753466697778,-0.8323503535436039,1.121639984091134,0.03247286572230379,30658.7422282912
Spain,Mortalidad_Baja,1.1880448751584194,0.21038645084077526,0.9945881492048307,-0.7930623393841627,1.1766767606148743,-0.8392965483806857,1.119572292504788,0.0439642530888264,32279.8208476151
Spain,Mortalidad_Baja,1.1848176658865086,0.3184817567003768,1.0054033843119852,-0.7744557627849507,0.9999114764937965,-0.8561188322032199,1.1796436868101896,0.02709730497342594,35603.248328071
Spain,Mortalidad_Baja,1.1825084419875578,0.4054075986418695,1.0133440740630877,-0.7590355696781583,0.8617098474792714,-0.8692962815580342,1.2114501528367922,0.014343591036435871,32652.015594702
Spain,Mortalidad_Baja,1.1702564449295272,0.4468410709992733,1.013223639314677,-0.748655488338001,0.7814891568111394,-0.8745791834711037,1.2202854949495703,0.0053361283437152185,28421.686527407
Spain,Mortalidad_Baja,1.0992855976190319,0.4218813818025489,0.9880463405748026,-0.7349875887085997,0.7198648550537164,-0.8653446082646508,1.2131241163253454,-0.011692124375336954,26450.9530130382
Spain,Mortalidad_Baja,1.1286940560432221,0.4241285336102674,0.9978216774866984,-0.7421271965437707,0.7573372467270657,-0.8679937571927139,1.2160684529966925,-0.0036397770245699124,24925.0267844576
Spain,Mortalidad_Baja,1.0786058858997625,0.38858551564630006,0.9790441589736631,-0.7360291951697631,0.7384106749249401,-0.8590653898948737,1.2196679265266315,-0.01383522791381564,21522.0170990262
Spain,Mortalidad_Baja,0.8263409354303672,0.48425421785312756,0.7812742128965444,-0.6491478412716033,0.8897544698315739,-0.7666209700636026,-0.6890712139777855,0.031502438186216786,17111.0685058941
Spain,Mortalidad_Baja,0.724964451262754,0.41884354144764707,0.7489095808964394,-0.6190926746189067,0.7857314169076016,-0.7605595328696406,-0.7223722313156473,-0.0005399485945838944,15368.2337984435
Spain,Mortalidad_Baja,0.8304176597098737,0.24972576685739886,0.8876151790398688,-0.6981386198812648,0.5955895402009718,-0.8196242324301379,1.2101505958395822,-0.06772795683305771,14743.2671031455
Spain,Mortalidad_Baja,0.5225906041082908,-0.02274963104010937,0.7643027705521463,-0.668313540460511,0.5736658072251524,-0.7553477719712142,1.1635978285627229,-0.12071379791805215,15460.9110266653
Sri Lanka,Mortalidad_Baja,-0.16072494706466317,-0.3381084567088328,0.3757013779127779,-0.48504202648697364,0.45759318416180217,-0.5544354173245062,-0.7111339239475434,-0.1713796131949527,3342.63650253855
Sri Lanka,Mortalidad_Baja,-0.21744439445741132,-0.3073178783269045,0.3751886432852701,-0.46663529180789565,0.34678593282938,-0.5753566347468317,-0.7434003065286545,-0.1987634065336248,3996.96240014909
Sri Lanka,Mortalidad_Baja,-0.18703669694701247,-0.33496628402438433,0.35641457784604325,-0.47562357863897353,0.415372693712741,-0.5395115366994709,-0.7297238740801648,-0.17327767799854482,3847.60137695639
Sri Lanka,Mortalidad_Baja,-0.3478856497340599,-0.2807301072257166,0.425854568680379,-0.3680605952689406,0.1873993283789609,-0.647223192617793,1.2037907596040693,-0.1071522490629877,4081.94772722003
Sri Lanka,Mortalidad_Baja,-0.34072928486701104,-0.26069830545600675,0.3596794688836591,-0.43013940924113214,0.11250579114485754,-0.5984016343815999,-0.7391900926192847,-0.2505087671678545,4358.56095906047
Sri Lanka,Mortalidad_Baja,-0.38500634004516,-0.23678235875671663,0.3577471444445276,-0.4161670628066726,0.019476878565961697,-0.6116803733007703,-0.739021001600543,-0.2715295254214804,4398.88828068715
Sri Lanka,Mortalidad_Baja,-0.26267045235458997,-0.21894195603083105,0.4637802252551993,-0.39353869830352783,0.1590300778481497,-0.6637223231770873,1.2233083829693838,-0.1176554595748503,4149.19190775593
Sri Lanka,Mortalidad_Baja,-0.28270171590634485,-0.2854285953142793,0.36085631813830776,-0.4467555250692027,0.22575258873225013,-0.5798931318333578,-0.7474829200623616,-0.22265421083083603,4057.7158346231
Sri Lanka,Mortalidad_Baja,-0.30161069530093376,-0.2846021272357827,0.34636251438090754,-0.4403306504781879,0.19568308771121223,-0.5680083970442757,-0.754081622689118,-0.22369377505222826,3971.91913148166
Sri Lanka,Mortalidad_Baja,-0.3062579919980428,-0.2851404005896663,0.34192134785577144,-0.4387908799686548,0.18870949352955757,-0.5638779804406747,-0.7543967239024012,-0.2234581227574508,3740.61589348326
Sri Lanka,Mortalidad_Baja,-0.4116575804031577,-0.2573253581807455,0.40464118921053976,-0.34124287519965113,0.0879322671290308,-0.6451685410720913,1.188440267712939,-0.11692404592757655,3327.77612404326
Sri Lanka,Mortalidad_Media,-0.40261176823218336,-0.2528823465419284,0.3124290730198013,-0.4073628051942398,0.01416614362822749,-0.5613505302575859,-0.7932000116633218,-0.2538506960935977,3224.95736331928
Sri Lanka,Mortalidad_Media,-0.3944927450290464,-0.2515764668807671,0.32091793307277877,-0.4101081519978043,0.02599553642557889,-0.5694905948556974,-0.7921123155587542,-0.25467845295686364,2808.36779237408
Sri Lanka,Mortalidad_Media,-0.4806735147814618,-0.41730707268736783,0.22815918808070226,-0.31877591504049263,0.2341387415537609,-0.44611325743262875,1.0315045746119726,-0.026686241965473423,2026.65939950702
Sri Lanka,Mortalidad_Media,-0.3868482236482753,-0.28502407603147145,0.25074145772662637,-0.4052024699298908,0.07515662388544636,-0.4796334539031775,-0.8775531513672727,-0.21075652544788537,1973.58476901287
Sri Lanka,Mortalidad_Media,-0.3005984162477593,-0.3207265747978097,0.2642830266826486,-0.43249745570439074,0.23761632149735823,-0.4654938775653559,-0.8497591391519952,-0.17623487582827563,1578.63451125392
Sri Lanka,Mortalidad_Media,-0.36146476012260725,-0.38780060016122614,0.39121755104873085,-0.3746131309136298,0.34514438177188,-0.5991530641990621,1.1255298538103273,-0.06268812609093838,1389.50625583936
Sri Lanka,Mortalidad_Media,-0.29940787124046947,-0.32497051668833266,0.25854412519684006,-0.43270079925021854,0.24270640561788903,-0.457545385999472,-0.8486526864807817,-0.1724064095823375,1207.21994764165
Sri Lanka,Mortalidad_Media,-0.32830194597162765,-0.44475826014287145,0.012931045194182783,-0.40917205511796384,0.30477575961704506,-0.15355699704708833,-0.9637975858162913,-0.04692309923720234,1028.62068132555
Sri Lanka,Mortalidad_Media,-0.2335663133681432,-0.3339218736360659,0.27764302903284666,-0.44931045992628643,0.3629111940087687,-0.46231207520754897,-0.9112247030596567,-0.15059142464855657,946.382255128072
Sri Lanka,Mortalidad_Media,-0.19912367873726983,-0.3878105648210737,0.4663163936515731,-0.4413268366270877,0.5046851480121939,-0.6417792924984951,1.115636402230118,-0.08179450138755556,834.936014905338
Sri Lanka,Mortalidad_Media,-0.6021359216911003,-0.44408943670268214,0.21600700632881745,0.07710228661795127,-0.7041635543125047,-0.46609384135803755,-1.1121371919117633,-0.23383586157317876,803.544026627385
Sri Lanka,Mortalidad_Media,-0.6038103508422967,-0.44408406981788007,0.21828388618597286,0.08321786877547177,-0.7077771224661913,-0.4680070440286236,-1.1147395599300984,-0.23341974213292244,846.460813304966
Sri Lanka,Mortalidad_Media,-0.6573549383775366,-0.4359694543209342,-0.05084272816684132,0.6181371155361661,-0.9120546793540106,0.0054102332087836436,1.0908379757052153,-0.22981261128420044,741.838255293455
Sudan,Mortalidad_Alta,-0.705489374878344,-0.5569336781967018,-0.0345288879459075,1.4674882700814447,-1.413939263503933,0.1490949071436929,-0.6893928705450789,-0.2170908940139218,1046.24084472656
Sudan,Mortalidad_Alta,-0.7064812870606733,-0.5599919791311957,-0.155787214321365,1.4041336002460472,-1.340488865906451,0.2537752207056023,-0.688659800049753,-0.21930666958680162,712.122009277344
Sudan,Mortalidad_Alta,-0.7068109676609524,-0.5460826237186116,-0.4372968882679334,1.1519818928861492,-1.0854321958297992,0.47809041447664624,-0.8866870357856134,-0.21601076111611417,577.795227050781
Sudan,Mortalidad_Alta,-0.6996552038588341,-0.5436815902198003,-0.4465286604382257,1.0941356313030015,-1.0518387170264185,0.47521230620787913,-0.8870597700392369,-0.21794994692686814,709.975280761719
Sudan,Mortalidad_Alta,-0.6614936227597297,-0.5238198813663932,-0.6508089101235324,0.6484246848668724,-0.7340432766424089,0.5836572623207359,-0.9915350435139387,-0.22681539030492837,731.027465820313
Sudan,Mortalidad_Alta,-0.6595491081793023,-0.5235395057637954,-0.6930407404580978,0.607284781572651,-0.6976563838101313,0.6162831553213193,-0.9964467293535189,-0.2279228645669093,966.505676269531
Sudan,Mortalidad_Alta,-0.6890284606643744,-0.5317687739492428,-0.7235765920493267,0.7914226124562342,-0.7802657247979852,0.6840183051969355,-1.0258848918435177,-0.21992271233407618,1033.21594238281
Sudan,Mortalidad_Alta,-0.7740522804631147,-0.560045225125887,-0.7306819360086088,1.3979893413740923,-1.0941709507563808,0.8153985217581354,-1.048844469740315,-0.19799637450576857,1292.37963867188
Sudan,Mortalidad_Alta,-0.6595702278969414,-0.7342828364788724,-0.8674305105199236,1.4295171034441856,-1.3705077509074348,0.9252635651662509,1.0394992752066414,-0.3224212310849335,1275.43835449219
Sudan,Mortalidad_Alta,-0.775143223056445,-0.566272930765488,-0.7844413992508517,1.3953704717084296,-1.0816924461776374,0.8663819513090532,-1.0028871798152037,-0.20085742990750738,1138.62780761719
Sudan,Mortalidad_Alta,-0.8045534711281357,-0.5813945356171701,-0.7930011747388364,1.6248721295036501,-1.2061096919918244,0.9210595244807214,-0.9595914707019857,-0.19568561122688455,1019.22210693359
Sudan,Mortalidad_Alta,-0.7921682395786583,-0.5810907883929359,-0.7340554877218506,1.5930323489938496,-1.2166365742225813,0.8565995908566173,-0.9063651702376652,-0.19994959254552852,1332.6572265625
Sudan,Mortalidad_Alta,-0.8638874431269379,-0.6057098133816534,-0.6624068251080555,2.161043206412036,-1.540363851584305,0.9032826092696706,-0.9016267170007943,-0.1809768957029631,1305.63598632813
Sudan,Mortalidad_Alta,-0.7556887282597526,-0.7663417404194289,-0.6475363092562951,2.2710418935551617,-1.8902203543679867,0.8838253866351355,1.0630599746506981,-0.2952824410470809,1178.22180175781
Sudan,Mortalidad_Alta,-0.9810369543516331,-0.6520599485269369,-0.58771549918607,3.087390066991758,-2.06185087865834,1.019602638682421,-0.842550059176487,-0.1531288776587898,1527.58239746094
Sudan,Mortalidad_Alta,-0.9963129789010309,-0.6609986162332235,-0.5432811409085971,3.244762871703296,-2.1658609733136873,1.008090288437835,-0.79897100620018,-0.15040642734044685,1444.37219238281
Sudan,Mortalidad_Alta,-0.9319904129635692,-0.6387444386037533,-0.7511782635018929,2.6366269079089566,-1.771197061056926,1.0858447579343529,-0.8355646056176529,-0.1688532655142458,1132.474609375
Sudan,Mortalidad_Alta,-0.9770402643988084,-0.6630848007094303,-1.0095532758356298,2.826215724187297,-1.7892316645685695,1.37500073624571,-0.8099632034011539,-0.1640230287903786,905.543640136719
Sudan,Mortalidad_Alta,-0.9802100846893569,-0.6658535902161016,-1.077126234181349,2.810596764044802,-1.7588560833491442,1.4373476179975826,-0.808304805155043,-0.1646659849300789,705.113342285156
Sudan,Mortalidad_Alta,-1.0047894379394535,-0.6663785136013692,-0.9492583892698352,3.0403687032920503,-1.9143778245685827,1.3610688679745324,-0.8624890831584144,-0.1535998993773925,580.320251464844
Sudan,Mortalidad_Alta,-1.004608773365476,-0.6645846143119711,-0.9244662265530759,3.0482303283432506,-1.925021790579414,1.3387862040645813,-0.8742132686362094,-0.1526239930567712,506.262634277344
Sudan,Mortalidad_Alta,-0.9710422405446075,-0.6518285438202185,-1.0352345203980122,2.7242207112285337,-1.7130928719149132,1.3803743485775408,-0.9050376352193994,-0.16177176672742938,451.293304443359
Sudan,Mortalidad_Alta,-0.9673204616819839,-0.652488669527763,-1.2112759489305727,2.5859115896461136,-1.5792708705442626,1.5231302782697067,-0.9229684776711045,-0.1654169684693425,362.116882324219
Sudan,Mortalidad_Alta,-0.9025935866919078,-0.6334820573940415,-1.613705913196486,1.8573426682111156,-1.0555122428148545,1.765104805243655,-0.9676724286468532,-0.18749730901801764,462.585235595703
Suriname,Mortalidad_Media,-0.562388778657396,-0.09969204363952215,0.36374197952473897,-0.2682051746751408,-0.326514684358286,-0.6545486919648524,1.1066687185772512,-0.1697470825155546,6084.43876736445
Suriname,Mortalidad_Media,-0.5350766510518177,-0.23344595258754064,0.17265248492388,-0.3479317225755052,-0.17693036533336903,-0.44021514249210203,-1.08021906649095,-0.23826221080913623,5029.84838543953
Suriname,Mortalidad_Media,-0.42780573853886394,-0.19562719031490824,0.3339798867878904,-0.38946102791107734,-0.04564549221135045,-0.6085157405793051,-0.9989419116561404,-0.27743542770712587,4755.39221710693
Suriname,Mortalidad_Media,-0.3502834429489561,-0.24243208628972737,0.310949353026375,-0.41019738338631107,0.11857844503619419,-0.5523703060687801,-1.0231688448085934,-0.22616946381193848,6629.66775248603
Suriname,Mortalidad_Media,-0.4864222538659039,-0.2196244349193578,0.24848968988462727,-0.3685611903276959,-0.11834301363038705,-0.5185116739830984,-1.0131465620081412,-0.2576661719553977,6665.74180472239
Suriname,Mortalidad_Media,-0.6385003369224388,-0.32622346913801215,0.16401219063371655,-0.28724949918827436,-0.3556413592735916,-0.472317443055118,-1.0290813524397844,-0.19126991224101547,6049.52128553675
Suriname,Mortalidad_Media,-0.35547322976449014,-0.27993849273312266,0.23572707576967794,-0.40376060269123976,0.14478982262098794,-0.45825817031535765,-1.064048851691284,-0.18591418678121047,5644.2061057532
Suriname,Mortalidad_Media,-0.43340623587782845,-0.28301674090865486,0.17594101857283878,-0.37954684731168514,0.020682611056010436,-0.40713751378062984,-1.049397454488886,-0.19038168245114961,8813.61705392067
Suriname,Mortalidad_Media,-0.5207942291179839,-0.2520620778516398,0.15411101323743556,-0.3516843469234454,-0.14002658761951745,-0.4108255117246058,-1.0760152543346038,-0.22077440748825017,9108.18905406764
Suriname,Mortalidad_Media,-0.5785462249051254,-0.25505800139305995,0.10838419952889074,-0.33363393222805127,-0.2313064673483923,-0.3711410941258612,-1.0661884856158814,-0.22327428007071098,9043.19281529222
Suriname,Mortalidad_Media,-0.6212371928297921,-0.2712504729698475,0.08419351187801442,-0.3145994241414438,-0.29561301785283617,-0.3555228044759268,-1.038468265135471,-0.21373691651893179,8851.24050668908
Suriname,Mortalidad_Media,-0.624701118398513,-0.28963611075592005,0.10871829096368352,-0.30713542253296866,-0.3147545803179156,-0.3912805911392605,-1.058818675090497,-0.20726921501662254,7949.88867218383
Suriname,Mortalidad_Media,-0.6181231774479142,-0.3140857243332787,0.05186218922417042,-0.2875375043743866,-0.29269366272586794,-0.3103269073396074,-1.0351843349762888,-0.18365958605749721,7943.60482816915
Suriname,Mortalidad_Media,-0.6039348969030351,-0.33128472889863975,0.010875957061510483,-0.20840951199487223,-0.3382607589795336,-0.234365139793621,-0.989042386596612,-0.18933246101424528,7129.5768626291
Suriname,Mortalidad_Media,-0.5902417273137878,-0.36655334189398403,0.005406699679591086,-0.08533336236373695,-0.44344868443357083,-0.20008019659944584,-0.9408312235415721,-0.2025681507664343,6576.08546307249
Suriname,Mortalidad_Media,-0.5739029020921455,-0.38802032304407796,-0.03286799879563758,-0.009507171963831773,-0.4927225506606082,-0.1307980683958895,-0.9458874706677152,-0.2099122890884776,5530.17615638309
Suriname,Mortalidad_Media,-0.5757268709444826,-0.3734051649123046,-0.03414686165204767,-0.06228939490968283,-0.4459382103603786,-0.13745851863611575,-0.9936183397256266,-0.20426921628680117,5002.65798695759
Suriname,Mortalidad_Media,-0.5775648694479399,-0.3735447866422604,-0.05114331163331101,-0.062018136388907574,-0.4400474153116706,-0.12058692635522342,-0.9762237959495872,-0.2041483300773082,3453.42865937765
Suriname,Mortalidad_Alta,-0.5810893306977324,-0.38152579267708236,-0.11344063166659335,-0.04940399415529406,-0.4329969099325399,-0.058475174302051625,-0.9464964300083063,-0.20654532741585874,2887.7721728844
Suriname,Mortalidad_Alta,-0.5865347616439683,-0.3864441212189244,-0.1987418413754458,-0.05430595483127282,-0.4040174551914482,0.023196042228982472,-0.9277794460562743,-0.20751126103008194,2516.10404020956
Suriname,Mortalidad_Alta,-0.5891275119057823,-0.3863945127528808,-0.24151209825561878,-0.0686362605986649,-0.3798571372947156,0.0620953844341674,-0.9375702733357105,-0.20701976044178894,2202.340682196
Suriname,Mortalidad_Alta,-0.579522304625788,-0.44497103505861596,-0.2884423865874562,0.09016268536231009,-0.5170274387548001,0.12742227194832018,-0.8947322106974855,-0.22897582932366417,1714.64846637242
Suriname,Mortalidad_Alta,-0.591449108009719,-0.41577535302956564,-0.36972746400878614,-0.018347307017243963,-0.3930486768513545,0.19142810237930352,-0.919343721378334,-0.21688913140638472,1988.22172925433
Suriname,Mortalidad_Alta,-0.6444841947205903,-0.5312935871198211,-0.34560419500365397,0.7928189246429249,-0.9402466320313831,0.3142851417177518,-0.7929882506196069,-0.23378799589196075,1609.82504373206
Sweden,Mortalidad_Baja,1.9615056795051842,1.0921922976902159,1.2803201716257653,-0.9096147328026687,1.2894889351571464,-0.9659719872549336,1.1854718861802442,0.2196312849175035,55296.9371472535
Sweden,Mortalidad_Baja,1.9509601302235147,1.0868854260766807,1.276461615822662,-0.906795866329285,1.2807213196324754,-0.9648589335398065,1.176923842411816,0.21694423012168287,61174.9680215622
Sweden,Mortalidad_Baja,1.937889978097351,0.9397260291867122,1.2761515923477444,-0.8964237919458325,1.3359840665114344,-0.9689850815720616,1.1736466279703137,0.20389517852694747,52653.7565934247
Sweden,Mortalidad_Baja,1.908202162813337,1.0590154906366473,1.26394513371631,-0.8935121458573665,1.229995195627449,-0.963386969290943,1.1755718866069482,0.20203588468370937,51773.0464558993
Sweden,Mortalidad_Baja,1.9825851245200956,1.1804091631646128,1.2834535531033697,-0.920159814818547,1.2836086803566347,-0.9631436146748258,1.1747357509093372,0.23294551594860718,54181.9069780904
Sweden,Mortalidad_Baja,1.8797215728850778,1.0805660068084517,1.2533812465076644,-0.8871281604405643,1.1832387394156312,-0.9599283947944486,1.161870529301688,0.19603994576172726,53300.8587281785
Sweden,Mortalidad_Baja,1.8750642296842812,1.0495253682926278,1.252326081542326,-0.8846184032583322,1.1945042696679513,-0.9603087980767545,1.1566141474975262,0.19319180110186257,51820.3972482676
Sweden,Mortalidad_Baja,1.8877074236661613,0.98983949215804,1.258819207878878,-0.8848898620425527,1.2375380497939124,-0.9640065451804865,1.1676621342267413,0.19213323752175318,51197.9529341175
Sweden,Mortalidad_Baja,1.9982656994876733,1.1543811332861784,1.287773036321983,-0.9240087860919397,1.3281012100656766,-0.9637444569197995,1.1610732845574745,0.23764597762383521,59583.7140001673
Sweden,Mortalidad_Baja,1.9993518725876223,1.2260078845995581,1.2860210767948117,-0.9277179208823396,1.2948740494740498,-0.9611820910850224,1.1595145083675162,0.24270003016497257,60844.2767113975
Sweden,Mortalidad_Baja,1.945678485420206,1.2648044696519427,1.268718263551986,-0.914254224619397,1.1917984197060174,-0.9571662832227801,1.1624974532702768,0.2281629671990076,57749.8251328664
Sweden,Mortalidad_Baja,1.9116104500531013,1.2711263523723033,1.2593920121105076,-0.904246356772412,1.1283159448898337,-0.9563590049094435,1.1774469543694914,0.21635865236013296,60379.7748160321
Sweden,Mortalidad_Baja,1.9175843636459,1.3407733007626572,1.2591396116660585,-0.9092716349749685,1.1039104559894306,-0.954076029862466,1.1752347914661019,0.22287650481445814,52542.8274141037
Sweden,Mortalidad_Baja,1.9463199686577333,1.1492123562526024,1.2717058205808696,-0.9092472548766677,1.2526599666173905,-0.9608817340251472,1.158517687360517,0.22145465184148921,46707.8673215418
Sweden,Mortalidad_Baja,1.89436198101062,1.3044729244206474,1.2518928767050712,-0.9016134753148445,1.0932817086785773,-0.953034700676109,1.162956689360276,0.2146871115624044,55817.4392710726
Sweden,Mortalidad_Baja,1.8571356826141698,1.3323452669780338,1.2404741378541317,-0.8919994656426933,1.0175347925096987,-0.9507962813949651,1.1718793839022292,0.2039229700419238,53568.5645523213
Sweden,Mortalidad_Baja,1.8774195389520074,1.353930936082123,1.244910611986614,-0.8993618250579747,1.0453309218550775,-0.9499884791842425,1.1581672389892204,0.21308212419551104,46531.6001120572
Sweden,Mortalidad_Baja,1.9096056552603462,1.4193266554153747,1.2522208034506508,-0.9119028570287246,1.066958278310869,-0.9486904069711647,1.1490005963640415,0.2282282909422906,43378.6152117149
Sweden,Mortalidad_Baja,1.8828403314934234,1.44218754909516,1.2445720220527003,-0.904785172831009,1.0071294626475784,-0.9475916180096305,1.1626041763256088,0.21988896610288358,42758.2015503417
Sweden,Mortalidad_Baja,1.79336357753704,1.336377774069909,1.2192030660653348,-0.875026228491391,0.927582814052457,-0.9457153598174992,1.1545020531286556,0.1862477454691081,37292.4214343004
Sweden,Mortalidad_Baja,1.8475661672013792,1.4461768854006103,1.2339115951482593,-0.894870379188776,0.949339150234611,-0.9458202883321751,1.1659857007931858,0.20881563173054288,29957.9387652616
Sweden,Mortalidad_Baja,1.8335353855925012,1.408648461261774,1.2309324294369257,-0.8890039446199903,0.9446475856990951,-0.9466636423759728,1.16955611466709,0.20168641489570718,27259.4806735435
Sweden,Mortalidad_Baja,1.8189631468214273,1.327586839125027,1.2294132626748333,-0.880727441732321,0.958105748846492,-0.9494130485829329,1.1781158280053274,0.191084238133893,29632.7736101599
Sweden,Mortalidad_Baja,1.6256143241292436,1.3579678471031569,1.169173243732771,-0.8276080936386573,0.6468685471343839,-0.9379047710824577,1.1788989145342033,0.1328524907655959,30254.2972932631
Switzerland,Mortalidad_Baja,1.6799232038292666,0.6192647531851625,1.0400644768714669,-0.8960802894985559,2.12843620960476,-0.8082309780410756,-0.6906602800703592,0.3054646869267961,94394.5106803525
Switzerland,Mortalidad_Baja,1.8866491444784865,0.47302140359934264,1.2462007894745848,-0.914607698051447,1.7999542934620778,-0.9291245691626261,1.056440140359689,0.21532104083183518,93664.7736696111
Switzerland,Mortalidad_Baja,1.9166383180634747,0.4769168030605854,1.2578078562913628,-0.9200122259120143,1.8409493008559288,-0.9317044786371671,1.0488361983536594,0.22378706999025585,85897.7843338323
Switzerland,Mortalidad_Baja,1.946925895028999,0.507890655559711,1.2729461724526194,-0.9207174710652899,1.8400395651559118,-0.938542467044659,1.0557035468166067,0.22836778148622341,84121.9310304414
Switzerland,Mortalidad_Baja,1.8504656493420653,0.43115553663069073,1.2275013300203068,-0.914619901459885,1.8086501372730872,-0.9201943598290842,1.0456200082561482,0.21056246605259457,85217.3691512274
Switzerland,Mortalidad_Baja,1.8060954437669499,0.3992527540218157,1.20702617726909,-0.9112184841755832,1.788900170217668,-0.9122857926761729,1.042807752667485,0.20187401818630202,82254.3770471336
Switzerland,Mortalidad_Baja,1.9046285219848011,0.46300081605398463,1.2515987069610066,-0.9200198155842529,1.8438670767419238,-0.9287372687181742,1.0452340169093606,0.2222105898362035,82153.0745447889
Switzerland,Mortalidad_Baja,1.899827469294719,0.4698532515178039,1.2506849022990674,-0.9178404409580561,1.8256052660548674,-0.9294944396262373,1.0504733635023358,0.21975771700369648,83806.4476003837
Switzerland,Mortalidad_Baja,1.944920430451383,0.524878311910727,1.2743488246332595,-0.9173241595202022,1.8103075931330341,-0.9410697208398211,1.0654912948760005,0.22526952070067652,88724.9910735609
Switzerland,Mortalidad_Baja,1.9857992963243392,0.5786660599369263,1.2962945611468086,-0.9161697070740603,1.7903289036455683,-0.9521744801477876,1.0812065650211446,0.22969295816173493,87304.3305813557
Switzerland,Mortalidad_Baja,1.9604135696238278,0.5475147475081233,1.282950616372979,-0.9164909705821795,1.7992134922489198,-0.9456307483548897,1.0726583059009027,0.22661557831591964,85836.2076767359
Switzerland,Mortalidad_Baja,1.9836469751820982,0.5878135271377296,1.2966523814806736,-0.9141247314979983,1.7726349321412713,-0.9534648945884637,1.0868239067246557,0.2277014166774039,90476.7589651577
Switzerland,Mortalidad_Baja,2.008152990792176,0.60834941011711,1.3065695304372058,-0.9161526641857713,1.7783482649987512,-0.9582259333443149,1.0835728502109914,0.23236425846091902,76531.3728182297
Switzerland,Mortalidad_Baja,2.009092989452754,0.626396273443361,1.307966987334004,-0.9136340862373296,1.751141879465799,-0.9610682099776516,1.0885208982947037,0.23020251957377869,71568.3123885672
Switzerland,Mortalidad_Baja,1.9798588037961988,0.6582843364380975,1.2992607164211707,-0.9028071305096268,1.6546549451971932,-0.9640706010700925,1.1082532955442403,0.2170261951884352,74175.1927898555
Switzerland,Mortalidad_Baja,1.9637947119721397,0.6362036459927997,1.2927503101226783,-0.9025869650354992,1.6647848700827201,-0.9596393820260877,1.1096558955890161,0.215055756321272,64989.1553256031
Switzerland,Mortalidad_Baja,1.9879667146587698,0.6815277788647199,1.2995857196463978,-0.902479902195924,1.6289969369399806,-0.9680394015242112,1.0977965229071271,0.21698994628737636,59011.0324592016
Switzerland,Mortalidad_Baja,1.549661980232712,0.7651089451990887,0.999768513667147,-0.8641716579164986,1.833226503487983,-0.7996485277797156,-0.6484623095816584,0.26967692202929683,56242.8933645639
Switzerland,Mortalidad_Baja,1.8344130554002516,0.5583896293765432,1.2328112693924713,-0.8908052968978806,1.5826142326080328,-0.938882011456756,1.1018315808728103,0.18784523994369073,54659.4571488233
Switzerland,Mortalidad_Baja,1.4728427576050827,0.7050832337388132,0.9775186770543012,-0.8398608383596304,1.747266576560023,-0.7973181468075815,-0.651267014333935,0.24230121777833336,49335.7456291067
Switzerland,Mortalidad_Baja,1.81426059914549,0.5781374495852325,1.224429268301697,-0.8840837794939169,1.5208368051853278,-0.9403494906483116,1.0996779748568135,0.1797425509064258,42458.7384679187
Switzerland,Mortalidad_Baja,1.5225063910443957,0.8155585734864457,0.9910653425239588,-0.8583237192099161,1.7601750059128465,-0.7973939776689722,-0.6369331839865386,0.26319280405005363,39638.7911061864
Switzerland,Mortalidad_Baja,1.8328385685823885,0.5699915297091034,1.2320531777127905,-0.8890630452155964,1.5613976947991142,-0.9405355623241174,1.102642827708451,0.18593984058877924,38865.021939688
Switzerland,Mortalidad_Baja,1.3173116220778138,0.6557376126655516,0.9315802049119755,-0.7934305682991383,1.5305469434372538,-0.7911143328211703,-0.6448612026780505,0.19014855958935095,50113.8321221345
Tajikistan,Mortalidad_Media,-0.7378919504534298,-0.5224168904873145,0.23013594202111745,1.2630424708531207,-1.3723038125036555,-0.230387153953725,-0.8469193814631384,-0.21013590594608877,1052.17949484894
Tajikistan,Mortalidad_Media,-0.707695675379483,-0.5307002668568566,0.14495070620261763,1.272969432836365,-1.356280167769266,-0.1058183908792378,-0.7944769933678621,-0.21510155171405448,896.748053372182
Tajikistan,Mortalidad_Media,-0.6874979794727866,-0.5267439557843854,0.0892152452548734,1.231856049753313,-1.307747542132795,-0.03345987764421826,-0.8489867482379232,-0.2145931654341715,834.311715460625
Tajikistan,Mortalidad_Media,-0.6784585292597031,-0.5183941681759843,0.15208938770038188,1.020711587271868,-1.226412166628398,-0.17149751419366133,-0.7905972145084728,-0.2235079106309979,871.022372934846
Tajikistan,Mortalidad_Media,-0.6680779020077992,-0.5172055979142918,0.14193896959472063,0.969667582037613,-1.1976823876334561,-0.16817220163113106,-0.7796514652383313,-0.22611106761864697,834.288404578801
Tajikistan,Mortalidad_Media,-0.6574670301756759,-0.5121121662119079,0.11295307149381204,0.9330918893890428,-1.1602191075032144,-0.13345192556822838,-0.8368960065599689,-0.2246145800089553,829.45714764957
Tajikistan,Mortalidad_Media,-0.675153147272882,-0.5142931022875099,0.1130313772147147,1.0524147199202671,-1.2163967018013344,-0.10673964311062947,-0.882717154657886,-0.21790982093997296,788.710481734485
Tajikistan,Mortalidad_Media,-0.6201555441975156,-0.5650393214303293,0.033881447572796576,0.9838805322260809,-1.2928107840305556,-0.03605693814509475,1.0641450955403262,-0.2802297483968966,956.916310930656
Tajikistan,Mortalidad_Media,-0.6673232832730219,-0.512765097251231,0.05210760237473362,1.108694537298236,-1.212714635172607,-0.00506249462341446,-0.9692860732851938,-0.21238188437115368,1081.54402932039
Tajikistan,Mortalidad_Media,-0.6338028695534894,-0.5037682884933977,-0.015723073809107212,0.8338687501020308,-1.0473921195835811,0.004880500893573225,-0.955785179535626,-0.22254745780766044,1028.19704279396
Tajikistan,Mortalidad_Media,-0.6573817116508727,-0.5108762064280412,-0.03890061363775249,0.9843475306019027,-1.1163586954901747,0.058426897425906565,-0.9738927041317178,-0.21636674085096463,952.452819695469
Tajikistan,Mortalidad_Media,-0.6709815510647598,-0.515946628522924,-0.06401190552110932,1.067469296713135,-1.1513411618026734,0.09985549135115046,-0.9772914958861207,-0.21335193732093188,833.601978202852
Tajikistan,Mortalidad_Media,-0.6269948159903392,-0.5028847296542059,-0.15163973810135087,0.6984122245098399,-0.9289872938549507,0.10922700505388894,-0.9694699541376819,-0.22634268533105273,737.338883219356
Tajikistan,Mortalidad_Media,-0.6562151457989515,-0.44600112761720845,-0.26746770179995155,0.6103776866597361,-0.8350525717357538,0.23432655678697956,1.074927853063595,-0.2308381256047055,664.795655734657
Tajikistan,Mortalidad_Media,-0.6423062039201038,-0.5119512753265687,-0.22519578411786098,0.7761153527078293,-0.9484163465363116,0.19623151105544268,-0.9499184876433577,-0.2249004432205136,703.327375898643
Tajikistan,Mortalidad_Media,-0.6394664817936836,-0.5166577101610565,-0.2876303611421201,0.794679169114072,-1.0094860104961074,0.275203121950669,1.0604897349561826,-0.2576779238629682,516.997210618914
Tajikistan,Mortalidad_Media,-0.6836640762077424,-0.5286104791950161,-0.31345919501617026,1.026316966060713,-1.0509111311692811,0.33310079754348676,-0.9505953979901873,-0.21640233228186911,401.018403316427
Tajikistan,Mortalidad_Alta,-0.6915101407418717,-0.5322529898450133,-0.3871431179487644,1.03711600918375,-1.0310892956252082,0.4069138091476595,-0.9581235109589326,-0.21559970899773295,333.927150941684
Tajikistan,Mortalidad_Alta,-0.6340749360013853,-0.5909958860059051,-0.4824644067282819,0.9424160484917632,-1.1022762313759613,0.4790021648746019,1.0496411806656467,-0.2840259142449356,305.745158587502
Tajikistan,Mortalidad_Alta,-0.6325172367783656,-0.7161275594703547,-0.5100219416791001,1.4377552989247262,-1.4922323957263117,0.5802485201764198,1.032443349205418,-0.32164311183893246,233.58124845289
Tajikistan,Mortalidad_Alta,-0.7685940826521641,-0.5645718388698522,-0.5780274432057977,1.4911320529436718,-1.207894931660773,0.6849908563475091,-0.9525262714277816,-0.20059555620326053,186.951638285222
Tajikistan,Mortalidad_Alta,-0.8032350452830934,-0.5796191141201616,-0.666790140849989,1.6954685841517858,-1.2871825535931012,0.8128480178901909,-0.9454973362482406,-0.1941142604943185,168.676285365186
Tajikistan,Mortalidad_Alta,-0.825909670760319,-0.5900435328698351,-0.787041908443515,1.78941418524233,-1.2964058960093865,0.9488032003023008,-0.9484927632539171,-0.1907770138493965,136.925716400723
Tajikistan,Mortalidad_Alta,-1.0160537065562258,-0.6735565335613721,-1.1140757653633897,3.0243267517711034,-1.850701377559405,1.517769774885451,-0.8667155807087292,-0.1539240715636349,207.034457343036
Tanzania,Mortalidad_Media,-0.730353034128319,-0.5533782811179132,-0.07368722962354472,1.566789491894258,-1.4341632913841988,0.2092537246721201,-0.8203372400264473,-0.20586821418914159,1207.85302734375
Tanzania,Mortalidad_Alta,-0.7321414261496114,-0.5528942159635057,-0.1499225632201907,1.5228576872167932,-1.3817662655927325,0.2746165396766481,-0.8476583010853109,-0.2057310989816235,1159.85656738281
Tanzania,Mortalidad_Alta,-0.7301006660213953,-0.5502813179288911,-0.15789104307522941,1.4941132464167408,-1.3610278451532816,0.2767479123785733,-0.8678707234979055,-0.2054922115954318,1117.41528320313
Tanzania,Mortalidad_Alta,-0.7344760216165843,-0.551775581729785,-0.24418185128135805,1.4669208815676877,-1.3153176046433759,0.35517931545722425,-0.886990309186213,-0.20528286446116634,1063.32250976563
Tanzania,Mortalidad_Alta,-0.6079943484915608,-0.7016744541105281,-0.27806244913442524,1.3914337067947717,-1.5437553250991383,0.3457801797565402,1.0261405206520464,-0.32278491097052175,1023.10626220703
Tanzania,Mortalidad_Alta,-0.7601699267642238,-0.5600141174746962,-0.3565548713152641,1.5737058507291934,-1.329467026305895,0.4865449056746466,-0.9204491520806766,-0.19967881608372584,986.674011230469
Tanzania,Mortalidad_Alta,-0.7469857240359414,-0.5578789895967466,-0.4394652832874038,1.4324162494566568,-1.2286848458938828,0.5379635423310806,-0.9126739775647517,-0.20494978418576254,953.0107421875
Tanzania,Mortalidad_Alta,-0.7405970048600655,-0.5578430818659018,-0.5065104829197986,1.3500919655328758,-1.16424192527594,0.5860567995826932,-0.9048110356987416,-0.20822514189551528,939.127319335938
Tanzania,Mortalidad_Alta,-0.7355149931290158,-0.5557995538525441,-0.5699708325006221,1.268703515331616,-1.0980341234977629,0.6311939093890894,-0.9205385288190524,-0.2100507696176711,1022.74841308594
Tanzania,Mortalidad_Alta,-0.7529723864023347,-0.563898479936069,-0.6104641443716718,1.3768725247662856,-1.1430052858695803,0.6924939979877645,-0.9110179620478223,-0.20696685558795908,963.05712890625
Tanzania,Mortalidad_Alta,-0.7556879563445411,-0.5648802008390431,-0.6644103865395896,1.359972311054703,-1.1145596864364582,0.7415396410879664,-0.9224334452670879,-0.20686489521482482,861.969909667969
Tanzania,Mortalidad_Alta,-0.6290973794664618,-0.6814451727576134,-0.7419900747812023,1.116197640830035,-1.203436282946475,0.7477758749938104,1.0370032673867247,-0.3158396354881572,775.392761230469
Tanzania,Mortalidad_Alta,-0.7455001554207819,-0.5653133793448682,-0.822975782515734,1.195668927575273,-0.9763771993428595,0.8616768326190247,-0.9160844925100937,-0.21284571148343268,736.530151367188
Tanzania,Mortalidad_Alta,-0.7496501061311472,-0.5688248364749002,-0.9062841981559222,1.1782308166897195,-0.9399022372640888,0.9389127853559533,-0.9139294483325842,-0.21358343968293542,693.823547363281
Tanzania,Mortalidad_Alta,-0.7517572901993478,-0.5710247503935859,-0.9766469138325677,1.152106277516008,-0.9027093945586716,1.0018504370075625,-0.9147176840014573,-0.21443588659963203,675.977233886719
Tanzania,Mortalidad_Alta,-0.6667393401267516,-0.6298372800457278,-1.0879776955823706,0.8856649604934712,-0.8875242098800573,1.051982066574595,1.0565695998057645,-0.2923084207091676,543.198303222656
Tanzania,Mortalidad_Alta,-0.7521025748212758,-0.5752550716307256,-1.1779112748462928,1.0357493718182826,-0.7743488308925641,1.173358196016307,-0.917237053273884,-0.21826861768948408,475.746734619141
Tanzania,Mortalidad_Alta,-0.7746117521565857,-0.5843302354289484,-1.2726067189241388,1.140149821310427,-0.7964906260715314,1.2867572069450075,-0.9274731003234593,-0.21413681937531825,483.334869384766
Tanzania,Mortalidad_Alta,-0.7947237179623737,-0.5946639429750684,-1.386942913698028,1.2231007390069024,-0.8032534987799494,1.4145900081923453,-0.9210688388463233,-0.21173550989492296,450.385284423828
Tanzania,Mortalidad_Alta,-0.7992078264391813,-0.5973901347621051,-1.5238903801980188,1.1674934479871197,-0.7259239544720604,1.536344919544221,-0.9392547766295771,-0.2125555059303768,422.18359375
Tanzania,Mortalidad_Alta,-0.8065109909171879,-0.6040366935714765,-1.6789781654092595,1.13310945673134,-0.6573844746256685,1.6796989276916394,-0.9326761823518699,-0.21414815176145596,402.649047851563
Tanzania,Mortalidad_Alta,-0.8227978967502317,-0.609985421933745,-1.829084107070725,1.1502678434475173,-0.612182698795641,1.8292948488812926,-0.9635581533135904,-0.2117430989233418,396.638732910156
Tanzania,Mortalidad_Alta,-0.6976785478409548,-0.7740426632790824,-2.022208202585165,1.0372061391310667,-0.7827451627773039,1.965311857152577,1.0500982771456744,-0.33659092716682837,401.698150634766
Tanzania,Mortalidad_Alta,-1.0176336397516141,-0.700123080034678,-2.0248502696078146,2.5310263930656243,-1.2980111434436608,2.2996701344167025,-0.8051511194611445,-0.17452558011423658,258.418334960938
Thailand,Mortalidad_Baja,-0.16100829557866594,-0.22654723130440652,0.49836320441555776,-0.4360653684699817,0.2625066019547513,-0.6698177045389186,1.168632289146784,-0.11638740686030069,6909.35281815827
Thailand,Mortalidad_Baja,0.055605250950823665,-0.15740646791967103,0.5851597810263944,-0.5113656982364656,0.3418868161888373,-0.6983811709271737,1.1999686495974409,-0.12248177849656972,7057.20754802279
Thailand,Mortalidad_Baja,0.0613418046596341,-0.20348133727735215,0.5816958898485687,-0.5198089527150628,0.4257034580742618,-0.69148813489498,1.1727172449819818,-0.11297735456388075,6985.64393892574
Thailand,Mortalidad_Baja,-0.08656399973406902,-0.23902801286291908,0.5233462609829092,-0.46747777276580765,0.35084076378990303,-0.6735134356511736,1.1414063293745855,-0.11261197810458962,7605.69657797759
Thailand,Mortalidad_Baja,-0.18150550551900796,-0.2312813424815192,0.4896268340545638,-0.429692273025365,0.25074456247024424,-0.6668962033553438,1.1412523013702014,-0.11836958380123075,7099.77650081458
Thailand,Mortalidad_Baja,-0.051254991255905435,-0.18240237922792446,0.5428746863198146,-0.4737478788607984,0.28629731540713255,-0.6853598845685892,1.170502767260581,-0.1229803220607723,6413.09182530343
Thailand,Mortalidad_Baja,-0.1551193032941466,-0.18862268227248924,0.5041086838578897,-0.43453720871019896,0.2016865307127116,-0.6756989955343269,1.1579401941664809,-0.12663963941135054,5833.57715617098
Thailand,Mortalidad_Baja,-0.28665369146460296,-0.2016184402874253,0.4547707706294857,-0.38507054539587354,0.10384983339461545,-0.6629014373578409,1.1517991391761402,-0.1291414384484303,5688.85335397884
Thailand,Mortalidad_Baja,-0.42007075907286207,-0.18130460984576616,0.4085330037660237,-0.3306861755766613,-0.05287229780825636,-0.655116561748203,1.1575420531579843,-0.1390972634781784,5801.1978916205
Thailand,Mortalidad_Baja,-0.500749688368024,-0.13477561067792157,0.38371327264644783,-0.29450451551481427,-0.20759695443740547,-0.6552068054633677,1.1474370112398429,-0.15492536345766383,6018.08244729255
Thailand,Mortalidad_Baja,-0.5278902827971884,-0.12610716684244577,0.3745717097092324,-0.2832086419227372,-0.24765838308712268,-0.6541548241027878,1.1415930020673173,-0.15869879411910293,5725.52802835463
Thailand,Mortalidad_Baja,-0.6095446989143495,-0.1157495251586695,0.3452659526381398,-0.2512217821546593,-0.34122937572077777,-0.6485400181331155,1.117837297344825,-0.16661724331980016,5373.6232832898
Thailand,Mortalidad_Media,-0.5979146040760848,-0.09847451842001656,0.3515081798988354,-0.25350524203489344,-0.36017957210744045,-0.6522054534040492,1.1257719482584922,-0.1698272142453533,4973.86288823778
Thailand,Mortalidad_Media,-0.5694128522537797,-0.17251093977507045,0.35365361021867503,-0.27363023931284125,-0.20679002094668963,-0.6431857858374839,1.1060939009460997,-0.1517083990135064,4135.43986952819
Thailand,Mortalidad_Media,-0.5616081046543171,-0.14427751743503026,0.3596267289402231,-0.2732149724022386,-0.24823378332926108,-0.6481536444181524,1.1136898322640785,-0.15786452248586913,4309.13509292986
Thailand,Mortalidad_Media,-0.49448516341526205,-0.1739810142182162,0.3813174376049834,-0.3021614028736548,-0.13493738660180077,-0.6494879409676144,1.1259251816794522,-0.14663837325533663,3918.52817434581
Thailand,Mortalidad_Media,-0.5320340955814823,-0.19152260450172634,0.36502432397722173,-0.2906347256446785,-0.14013134310043654,-0.6432527516763648,1.0973238957602771,-0.14617577617915894,3331.32043511773
Thailand,Mortalidad_Media,-0.4624247185597832,-0.1897007297750797,0.32452633203538295,-0.3803418770358197,-0.10806661145016871,-0.6072397055276786,-0.9759762161028729,-0.289134049714869,2867.70383436062
Thailand,Mortalidad_Media,-0.5881558182525692,-0.2608173730798659,0.33533137907202915,-0.2794195573045486,-0.07466803463503457,-0.6269460643728535,1.0238505838117036,-0.1372644299500294,2641.56268717857
Thailand,Mortalidad_Media,-0.4718356282993996,-0.209814327274961,0.28340457545943565,-0.3758202972129805,-0.10669431536013277,-0.5572636467050197,-0.9812765810239563,-0.2704393635616457,2347.54001286066
Thailand,Mortalidad_Media,-0.5431463517323636,-0.3397970481676033,0.3005401577228007,-0.29946603908109565,0.08305316032882637,-0.5640364029790115,1.0193597693875336,-0.09416897745257158,2089.75183111554
Thailand,Mortalidad_Media,-0.384524488862922,-0.2995480292601605,0.20826954451223115,-0.39992086038289315,0.10053921770819801,-0.42755815501518113,-0.9594683243968518,-0.1851519515455055,1889.93432467144
Thailand,Mortalidad_Media,-0.5568887103651083,-0.39747612407083044,0.19025997482447374,-0.28495262752130246,0.12458785995521221,-0.4271211142567695,1.0342992440175394,-0.028235818643783772,2005.97694514234
Thailand,Mortalidad_Media,-0.08816654332100916,-0.2648397703928049,0.43104885207595395,-0.48420754668573907,0.5612687649742575,-0.6217160915376483,-1.1227248524690725,-0.1657798213958372,2864.36515719866
Timor-Leste,Mortalidad_Media,-0.591070913616696,-0.5157868594163858,-0.28190423868037867,0.4622276851900823,-0.7943506633893114,0.18411341689240113,-0.7437295556842707,-0.2479333143089053,2343.24523350389
Timor-Leste,Mortalidad_Alta,-0.6088031297932658,-0.528260234713032,-0.2974227000489342,0.6085246653626484,-0.8746089306026941,0.22832028452625974,-0.6868175782817711,-0.24639969788755456,2684.82702378987
Timor-Leste,Mortalidad_Media,-0.5838035037175503,-0.48704252486563304,-0.47827573774161986,0.16389184262608636,-0.5346655145279022,0.31922608903191285,-0.8554771504805647,-0.2430484093998143,1630.86938521256
Timor-Leste,Mortalidad_Alta,-0.6125640343760812,-0.40021671883464555,-0.6183343137301502,-0.12881400111041763,-0.2208558570219674,0.416138122390719,-0.9198271086670742,-0.20821764036368207,1562.36458068032
Timor-Leste,Mortalidad_Alta,-0.45757780497174816,-0.5247068938923602,-0.729506391673223,-0.5235321042740952,0.5626126450498058,0.5044777336500971,-0.9219115923501937,0.02488551004302028,1219.46599728983
Timor-Leste,Mortalidad_Alta,-0.42598901021444924,-0.5680990518975291,-0.7879540285785989,-0.5580562605467863,0.6788629501378437,0.5680430953736917,-0.8430532175282044,0.05704698941911576,1266.17767952941
Timor-Leste,Mortalidad_Alta,-0.6214426863443927,-0.3574242875789247,-0.879520757487483,-0.41862095146599754,0.19411653037448706,0.6323665523312336,-0.9475337623256144,-0.14009969198800115,1335.54390089814
Timor-Leste,Mortalidad_Alta,-0.6276770477440379,-0.39509258983338214,-0.8508728095749039,-0.22127044841872295,-0.07589019194832675,0.625732814663693,-0.9778567863204519,-0.20368263503544082,1319.59297370991
Timor-Leste,Mortalidad_Alta,-0.7115484365488678,-0.3264199674424224,-0.9333950590896332,0.07667761957558905,-0.15488657517603605,0.8350546169414703,1.12183917323485,-0.14938087276841933,1224.74957758801
Timor-Leste,Mortalidad_Alta,-0.61079088728787,-0.5111668986810828,-0.8753930826058911,0.149498654204556,-0.39766174323252135,0.6993572640983248,-0.9852295198245353,-0.24414337458622898,1204.56841532931
Timor-Leste,Mortalidad_Alta,-0.6256207497894997,-0.5098275385129681,-0.9872101030848659,0.15190475039569573,-0.348842525819926,0.8095996650484467,-1.0745093251930427,-0.23872158839387636,1022.61903188429
Timor-Leste,Mortalidad_Alta,-0.6095497259946339,-0.5063404569021295,-1.016514327841101,0.02465319850413783,-0.2744307057454839,0.811760356297925,-1.058429910347226,-0.24400463071497497,939.045241112693
Timor-Leste,Mortalidad_Alta,-0.6378280765159513,-0.51532999287885,-1.0897669396925853,0.17620970235088074,-0.3260996989485196,0.9142385267982864,-1.0852658115830844,-0.23727354390322364,813.060177250597
Timor-Leste,Mortalidad_Alta,-0.6424106159321035,-0.5206986333367454,-1.1315212708978657,0.19786299748205982,-0.327730525737148,0.9587967425038333,-1.0575037069327928,-0.2382166797379005,686.579295832381
Timor-Leste,Mortalidad_Alta,-0.7130794769709371,-0.5490897456606934,-1.1186927127565374,0.7366217042043326,-0.6206850109730617,1.0561698329966318,-1.0244988048132928,-0.22194551297014936,628.153219252849
Timor-Leste,Mortalidad_Alta,-0.6964669794568035,-0.5856709847939228,-1.3487754260197047,0.6977606528588256,-0.6356125358169191,1.279631245234999,1.0724317861750812,-0.27255462171509404,540.154584237662
Timor-Leste,Mortalidad_Alta,-0.7520724915526719,-0.5589237373985315,-1.2593687421553346,0.9071201029968115,-0.6535949226325463,1.2285620856087613,-1.0951626358636006,-0.21195380249842294,464.667001844159
Timor-Leste,Mortalidad_Alta,-0.7289100640496124,-0.5560840991889655,-1.35160185888357,0.6993923637944541,-0.5185495848464936,1.2750589349434989,-1.0611437576479579,-0.22105411031729477,487.464555404292
Timor-Leste,Mortalidad_Alta,-0.7708765006947804,-0.570810831966407,-1.398281042154304,0.972788594821899,-0.6452487428844262,1.3764984540614917,-1.0741084029373191,-0.2110232755314017,474.420767344689
Timor-Leste,Mortalidad_Alta,-0.7321468239504755,-0.5625069071957167,-1.507024241105244,0.6405779882912797,-0.43878746955257614,1.4135676825400687,-1.0425080184557909,-0.2241988193722647,534.901153697657
Timor-Leste,Mortalidad_Alta,-0.7494375966343533,-0.5684978485176623,-1.5934634492517408,0.7070591407615747,-0.44219557836653217,1.5113363359787046,-1.0629355815622712,-0.2207375758619679,533.982476434866
Timor-Leste,Mortalidad_Alta,-0.7438977556642465,-0.5299492871396048,-1.8187125031679723,0.4232257668410122,-0.24415652846295227,1.6973359613072396,1.0959677985846505,-0.2460984371065883,587.804355560918
Timor-Leste,Mortalidad_Alta,-0.8262713487449052,-0.6081495226221771,-1.7012936282424982,1.249013852909396,-0.7061072903149697,1.7255533371998493,-0.9666083386953421,-0.20818780131303738,492.457669429651
Timor-Leste,Mortalidad_Alta,-1.3368085573022546,-0.815340689975673,-2.8570974449139,4.299324608790859,-1.9293812118353375,3.471550966215922,-0.9739053785501985,-0.10465800162186384,302.736982028369
Togo,Mortalidad_Alta,-0.6225586523760507,-0.5154715557802684,-0.6657672133092267,0.37878424270151545,-0.594586806476117,0.5422488967401017,-0.9396487656431838,-0.23907029388329304,898.758154410712
Togo,Mortalidad_Alta,-0.7010167810170712,-0.41145234228254735,-0.7773729038939152,0.382049125801572,-0.4781377694225814,0.6956998310275944,1.0949857653497628,-0.21205536641477435,939.613373786407
Togo,Mortalidad_Alta,-0.6323353562582893,-0.5223247814183968,-0.7679975411821043,0.3954739300924124,-0.5711417037789441,0.6447047377479873,-0.9284819693774344,-0.23919727435143445,853.578220263722
Togo,Mortalidad_Alta,-0.6410584261045511,-0.5245119665460524,-0.7891846765989932,0.4405697403876013,-0.5858770261880022,0.6746867498461262,-0.9422227542102632,-0.23684850908235994,826.260654099894
Togo,Mortalidad_Alta,-0.6928755531669067,-0.45910250994464863,-0.8357451270846585,0.4944343023572305,-0.5723753962147081,0.7647330853207774,1.086368542965118,-0.22966839891997715,851.130806891807
Togo,Mortalidad_Alta,-0.6550634117205287,-0.535144359909274,-0.870044076511848,0.5128310154387274,-0.6027138829023999,0.7674052210736353,-0.9042208655750814,-0.2367006242232662,792.765487219069
Togo,Mortalidad_Alta,-0.6651612529667503,-0.5370064579060777,-0.9165111002959121,0.5470846936016023,-0.6013985379798792,0.8198857469764764,-0.9313951406676828,-0.23391740674880634,772.581787093976
Togo,Mortalidad_Alta,-0.6972760818065656,-0.47509463304121935,-0.9565973611376255,0.5052258816561521,-0.551084868589887,0.8816814670908115,1.0860087988041722,-0.23447710876840888,751.052405084336
Togo,Mortalidad_Alta,-0.6763768655427523,-0.5421865592249335,-0.990176220956325,0.5839890349322923,-0.5958139804405614,0.8989786027753737,-0.935667047251244,-0.2324260464173296,855.585284856656
Togo,Mortalidad_Alta,-0.666907195400947,-0.53945677335589,-1.0755551804819952,0.45955657128368876,-0.500253030580666,0.9565160781414943,-0.9473579871684665,-0.2359569784932759,826.543259457126
Togo,Mortalidad_Alta,-0.6841999880835045,-0.5462030277418279,-1.1325392423448688,0.5495035250845788,-0.5277863968828238,1.0303151437390612,-0.9540810097013674,-0.23251794595004793,762.392047587088
Togo,Mortalidad_Alta,-0.7069978967410988,-0.49829883566640265,-1.179321394771304,0.5082879421551582,-0.4954376918197493,1.0952410856700059,1.0866714417900796,-0.24093868973140403,783.989380490906
Togo,Mortalidad_Alta,-0.6992584441103166,-0.555618246502868,-1.2076841913051348,0.6262370246489906,-0.5467598172873407,1.1186070744140186,-0.9305469537076787,-0.23134815287258892,704.987164181378
Togo,Mortalidad_Alta,-0.7087318905849841,-0.5585116490706908,-1.2511762849025834,0.6635610406002492,-0.5499438773277814,1.1686474832056282,-0.9447409616378113,-0.22924012978871755,720.694168794129
Togo,Mortalidad_Alta,-0.7145601685808946,-0.56198734043723,-1.266956040948388,0.7015789736650893,-0.5662511487728314,1.1915968773999783,-0.9344518344677124,-0.22857367930549927,718.948786366771
Togo,Mortalidad_Alta,-0.681422955605654,-0.5547955178189864,-1.3160575084337234,0.4469070883414282,-0.42098395557473417,1.1866113361730526,-0.8989000458250278,-0.2393473265493926,607.588224471809
Togo,Mortalidad_Alta,-0.7290361335961552,-0.49129954151910205,-1.4666363722057436,0.4130995169314735,-0.32696703876698857,1.3591278833901674,1.0953367472748856,-0.23513001265053513,552.50227125256
Togo,Mortalidad_Alta,-0.6945491600421589,-0.5528423599634448,-1.431739883976073,0.43421599498446883,-0.3628035918811668,1.2975260215637883,-0.9890388706594491,-0.23438618688221813,551.259850017077
Togo,Mortalidad_Alta,-0.6906240226914869,-0.5536924327118439,-1.4581709957967444,0.39759464827959,-0.3371685849065021,1.3154441172706701,-0.9724806714514664,-0.23662714059626477,560.266308533382
Togo,Mortalidad_Alta,-0.6938774694522747,-0.5566470097281275,-1.491854683907523,0.4063871685746313,-0.3321633940196338,1.3497818018912406,-0.9620625117311417,-0.23696226519776536,538.16537776929
Togo,Mortalidad_Alta,-0.7082888358059631,-0.5624690429682091,-1.5438507431560555,0.4791663769487763,-0.3526137567842742,1.415196887039922,-0.9666600760278765,-0.23423146408638756,445.238691488925
Togo,Mortalidad_Alta,-0.7015264134045726,-0.5610208056058238,-1.61543596520383,0.3853081624529566,-0.27861073550019505,1.4655243273086274,-0.9723423094456192,-0.23708473597612778,396.692654520135
Togo,Mortalidad_Alta,-0.7139371809845194,-0.5673306278908851,-1.6313169165529486,0.473472122753705,-0.3219886270806316,1.498771397909439,-0.9573898572373671,-0.2349996912260927,409.889802792768
Togo,Mortalidad_Alta,-0.7270412381743739,-0.5816090599562568,-1.8924342873068214,0.43397814468852947,-0.22030551170018553,1.743512898347521,-0.9187841967642871,-0.23871186623736473,419.220334892756
Trinidad and Tobago,Mortalidad_Media,0.4797422892033374,2.835319483891838,0.5708464603967478,-0.6817904741406922,-0.5661073208960673,-0.628014399080421,-1.1382866806378433,0.12176995279209028,20874.37682915
Trinidad and Tobago,Mortalidad_Media,0.451418250675071,2.599738683249655,0.5607062435684929,-0.6669863239820972,-0.4432239520330686,-0.6271875944820333,-1.2265522148480374,0.10757916558807158,17679.1812561341
Trinidad and Tobago,Mortalidad_Media,0.6534537267796914,2.283972148690813,0.6291724501234606,-0.7104500569727126,0.037422209690918584,-0.6469815539049635,-1.252204729638662,0.15308626730636749,15358.8612973066
Trinidad and Tobago,Mortalidad_Media,0.5923472289870726,2.944224253164526,0.5862175704299317,-0.7271941478503776,-0.3470322452146656,-0.6147925964270116,-1.3220822912196832,0.1835933478064462,17293.4730123427
Trinidad and Tobago,Mortalidad_Media,0.5643330094422615,2.869980290147297,0.5841680333127375,-0.7134466913629797,-0.3810595055306323,-0.6201905094293456,-1.2708088107786413,0.1646177713636357,17575.8042838042
Trinidad and Tobago,Mortalidad_Media,0.6838987665020483,2.8280766730974953,0.6235542330913948,-0.7444265664547708,-0.1864012995741613,-0.6295471220636601,-1.2543275773857496,0.19732141926962685,17578.6417765865
Trinidad and Tobago,Mortalidad_Media,0.7092627604837219,2.8162651246087136,0.630269349672379,-0.7517695763463077,-0.13297519220945145,-0.6299928253358731,-1.2702083343151673,0.20617368124650415,17449.1623528186
Trinidad and Tobago,Mortalidad_Media,0.7742614101000033,3.431256138390836,0.6319018982913382,-0.7995464349593251,-0.3303282467370043,-0.6105890704361815,-1.2886926127641614,0.26741905048626036,19887.2337359338
Trinidad and Tobago,Mortalidad_Media,0.6830439181371329,3.6263167425277825,0.6045701717558889,-0.7819744816547802,-0.6061824164849468,-0.6066906178983889,-1.2252019058439052,0.3196547334244336,21908.3017802988
Trinidad and Tobago,Mortalidad_Media,0.6421269236461893,3.468302490604917,0.5999970659571501,-0.7618473338650389,-0.6134607722506832,-0.6141637085063011,-1.1847360435225163,0.316276043016967,21304.9776454565
Trinidad and Tobago,Mortalidad_Media,0.6927133092626335,3.584764347380877,0.6171281587318411,-0.7799777461070792,-0.6242907436871138,-0.6182709834928093,-1.1332938131341268,0.36567332684775633,20332.1389531925
Trinidad and Tobago,Mortalidad_Media,0.7555749571537707,3.6283058571253495,0.6505890356328616,-0.7959787878153561,-0.6479159737198028,-0.638791344084046,-0.9695157981152531,0.5146192797797462,19151.0870229722
Trinidad and Tobago,Mortalidad_Media,0.7528203347698679,3.6831873342958685,0.6411887197174244,-0.7998644665215472,-0.6345707734728264,-0.6285037929717421,-1.0458387796876,0.47173930324313834,16815.424737361
Trinidad and Tobago,Mortalidad_Media,0.6467199420684728,3.3927247453347626,0.612639269772405,-0.7573298960043943,-0.6274285799258938,-0.6281452399841608,-1.0864579073933716,0.3869336208879909,14634.0565003912
Trinidad and Tobago,Mortalidad_Media,0.673349973799382,3.190198248388916,0.6551328848469102,-0.7483980863441211,-0.6700340177561303,-0.6716643559737034,-0.7783849417393733,0.6211275373803339,21298.9945258063
Trinidad and Tobago,Mortalidad_Media,0.7546991333104252,3.5424612598695164,0.6604013233111043,-0.7902358187141861,-0.6562944738610519,-0.6515085804318705,-0.8873958774659769,0.5860330543937334,16606.675360681
Trinidad and Tobago,Mortalidad_Media,0.6786642717729662,3.355424020760088,0.641720838056623,-0.757500909510403,-0.674940260585555,-0.6509178057649937,-0.8859831708803929,0.456835458511624,14152.6607422113
Trinidad and Tobago,Mortalidad_Media,0.5772206549849881,3.0804515802771943,0.6138078888356275,-0.7172501073750144,-0.6661178855022774,-0.6499658536075339,-0.9309342630992954,0.37670780812634186,12346.4373094075
Trinidad and Tobago,Mortalidad_Media,0.35650277331668545,2.567142272661865,0.5444156377319602,-0.6338487251854186,-0.6477453757395317,-0.6359914185151476,-1.0940159207306526,0.11070326917274775,9871.03419820086
Trinidad and Tobago,Mortalidad_Media,0.41508318406281663,2.536565933274642,0.5592824904185028,-0.6495692349016599,-0.5171437675677276,-0.6350750132381089,-1.1359871144671991,0.08246236711858693,8445.04653518298
Trinidad and Tobago,Mortalidad_Media,0.5496486641955731,1.9444131468381123,0.6147321346787726,-0.661048600754812,-0.0031216736589456118,-0.6610187513088703,-1.1591099480253004,0.08918367345831901,6762.93080808096
Trinidad and Tobago,Mortalidad_Media,0.35745959224966606,1.7121906414498618,0.5556075076401419,-0.5994138534406982,-0.1419083960028085,-0.6526105580321963,-1.2302509627199585,0.022435198356025143,6657.41466937221
Trinidad and Tobago,Mortalidad_Media,0.22080849836015495,1.4651290651001716,0.5167520766075604,-0.551276432280549,-0.20562209649031185,-0.6503916865132742,-1.2700698131692814,-0.03139406327556282,6178.58975559687
Trinidad and Tobago,Mortalidad_Media,-0.349632242548955,0.20297069644012902,0.352942132267206,-0.3437592889695265,-0.30743642055460807,-0.6416255358805038,-1.5251720787820877,-0.26112163199331606,4114.68908475464
Tunisia,Mortalidad_Baja,-0.03819705941306781,-0.35123809876526635,0.40804063177606026,-0.5139055559577859,0.6830000038990028,-0.5608996894469968,-0.8632123243316672,-0.12878937234037002,3708.8481241036
Tunisia,Mortalidad_Media,-0.19835955112100612,-0.42969353825203693,0.4615734374561005,-0.44723907847345445,0.5768508148599414,-0.6351658395800927,1.0916799916875313,-0.07326221574437275,3906.93926319391
Tunisia,Mortalidad_Media,-0.15526106806350798,-0.3762729916605768,0.282371301836817,-0.475678969931892,0.5138824081505755,-0.4379223551145836,-0.851687854722351,-0.11513847041442044,3548.65363663803
Tunisia,Mortalidad_Baja,-0.17798189655554264,-0.3727091511493971,0.27237740636429897,-0.46892369734430234,0.47411874093691797,-0.4326691144255145,-0.8467282220029071,-0.12065535433743152,3528.87213306798
Tunisia,Mortalidad_Baja,-0.19708236875311846,-0.3656080065261618,0.2670126868320634,-0.4625665582583931,0.43929957699250466,-0.43292723451395004,-0.8570836131084079,-0.12693943012406567,3628.10366464236
Tunisia,Mortalidad_Media,-0.1487844976794989,-0.3845002010756433,0.27380220260354343,-0.4772646766597136,0.5307042542975196,-0.42448596158464275,-0.8518147297586731,-0.10710682324844084,3619.03247319953
Tunisia,Mortalidad_Media,-0.13158712365915531,-0.38584381041392724,0.28608953150393496,-0.4830908392096929,0.558480973865675,-0.4341162670912739,-0.8455375310912507,-0.10565621223667149,3847.80354448809
Tunisia,Mortalidad_Media,-0.19128006538622105,-0.4038337716818571,0.4672068064761081,-0.4465797436680678,0.539123492572457,-0.6398388663687298,1.1050874313858137,-0.07834802708499505,4014.94773686432
Tunisia,Mortalidad_Media,-0.20835688131823887,-0.3500525812394756,0.2855415260877626,-0.4602818283210843,0.4082476334411348,-0.4607048144179411,-0.8504764311791235,-0.14299843687681213,4458.97895464547
Tunisia,Mortalidad_Media,-0.1909450523200724,-0.3574103229313657,0.2871648945325427,-0.46556534298648555,0.44159519829701577,-0.45657505776211604,-0.8483134632608373,-0.13538314696558762,4369.79345826358
Tunisia,Mortalidad_Media,-0.17637846579240324,-0.34367289470378,0.3190830920331354,-0.4706872899874646,0.4548252261125669,-0.49328079045458867,-0.8537842339766222,-0.1462806781794766,4297.26782454273
Tunisia,Mortalidad_Media,-0.1814193076142323,-0.35031431790582157,0.30752643382392764,-0.4694494624466635,0.4504439883849882,-0.47940746269627266,-0.8416878186255841,-0.1422715803199635,4420.64772206537
Tunisia,Mortalidad_Media,-0.18119796367192414,-0.3295283568045326,0.4797184760688717,-0.4406212027373834,0.4214379869562115,-0.6524651125337435,1.1454927440378064,-0.09320924402860531,4291.86120891575
Tunisia,Mortalidad_Media,-0.22708252603364834,-0.34051580198919157,0.28805415056318645,-0.4551009413688431,0.37030416691082335,-0.47037373930048476,-0.8463720507425059,-0.15363225536664443,4080.09032448781
Tunisia,Mortalidad_Media,-0.19304094709158975,-0.2998385274924106,0.37387097639135586,-0.46688344801208387,0.395873726543285,-0.5713120204594997,-0.8700433739566154,-0.1854008551502575,4255.05008019523
Tunisia,Mortalidad_Media,-0.1480110144076372,-0.30595085676338485,0.3935993756456933,-0.4799177422670581,0.47474919311301156,-0.5819421359529895,-0.8863496403283857,-0.17439001654246855,3726.91672935667
Tunisia,Mortalidad_Media,-0.13709649663367013,-0.315295445927372,0.38453855446548285,-0.4823558086393885,0.5005471686065266,-0.5666959216805086,-0.8944463512844469,-0.16386159585772836,3322.56933570096
Tunisia,Mortalidad_Media,-0.15783607896401608,-0.35399818779386694,0.4851559369170961,-0.4531521767641089,0.4843264631245726,-0.650390744208837,1.1272965991822155,-0.08767119160052561,3146.8260743927
Tunisia,Mortalidad_Media,-0.20694847452775633,-0.32360381429442076,0.31814845435502437,-0.4593800838217624,0.39554074708622144,-0.5049448789902222,-0.8963224106345722,-0.16053992441877174,3067.41936376975
Tunisia,Mortalidad_Media,-0.12869666744716102,-0.3078269600770049,0.39813585896939907,-0.4842582702925654,0.5105673127647199,-0.5824030651233988,-0.9138123156762799,-0.16734099156910126,2725.8643148859
Tunisia,Mortalidad_Media,-0.13892182017714322,-0.3388560238715987,0.34233804873230383,-0.4797727913750271,0.5173190300067162,-0.5128668478711629,-0.9042907246268912,-0.14081096311142238,2320.7723805785
Tunisia,Mortalidad_Media,-0.2457854337005101,-0.34996944347499226,0.24235144765725458,-0.44445982164086756,0.35593298422865305,-0.4206564439245734,-0.9112216375893287,-0.13660394283333277,2235.71981624751
Tunisia,Mortalidad_Media,-0.40119944986088063,-0.3450651967138018,0.39269440560725605,-0.36410479458929723,0.2389618454832565,-0.6284547979716137,0.9583533600246805,-0.11419011348931013,2199.04465936314
Tunisia,Mortalidad_Media,-0.7470869090525393,-0.26029115366082933,0.08798911510843774,-0.05205122304696741,-0.40387393703492536,-0.33811604627848607,0.7783391245185498,-0.1661525894326465,1968.16600944373
Uganda,Mortalidad_Media,-0.6760578366301911,-0.5227147237148303,-0.12079862169095906,1.08794010307864,-1.148657011237229,0.1586341805529493,-0.9407076326418273,-0.21486828815757786,963.067314233497
Uganda,Mortalidad_Alta,-0.6785811309145167,-0.5255508141635419,-0.1964106436033212,1.063451730274691,-1.1111235821178538,0.22694876487861682,-0.9378231496676195,-0.21588706137088381,882.791717442001
Uganda,Mortalidad_Alta,-0.6796315267860668,-0.5246524536059071,-0.2308803035457875,1.0419336019909555,-1.0854597863390623,0.2562694340787589,-0.9577128838823392,-0.21542832780874488,845.76646385001
Uganda,Mortalidad_Alta,-0.6230168658056594,-0.5718909530975733,-0.25573478883892153,0.9514227580959942,-1.1707480601274067,0.2630211053661613,1.048011459952573,-0.2791778398714079,822.171150141651
Uganda,Mortalidad_Alta,-0.675040202455369,-0.5277895275101426,-0.31147935922597714,0.9747926622762177,-1.0277387004091798,0.3203139745725474,-0.9278595949829633,-0.21951331642944627,792.16570022814
Uganda,Mortalidad_Alta,-0.6818181347143379,-0.5317676854103869,-0.3739206355523405,0.9886605066816982,-1.0146409854497924,0.3837135381810862,-0.9259242874785434,-0.21917291547230322,765.218332297361
Uganda,Mortalidad_Alta,-0.6380835440999678,-0.5666938043836793,-0.4506567239411123,0.8856401635908346,-1.0552786984026998,0.4419077696451643,1.0539851069478554,-0.275065264883304,752.696571725656
Uganda,Mortalidad_Alta,-0.6928812569490416,-0.5379574580224081,-0.5221082708780596,0.9783957818659468,-0.9587198243911406,0.5255375328518743,-0.935617717507985,-0.2189694347725269,862.934610355811
Uganda,Mortalidad_Alta,-0.7140570498946884,-0.5459288457786877,-0.590218519891432,1.088384317760905,-0.9925424852923267,0.6142911802517123,-0.9463443499197899,-0.21461326887881127,896.054795546394
Uganda,Mortalidad_Alta,-0.729147021961406,-0.5525406462278416,-0.6647175815145796,1.1532202455632146,-1.0014364380789416,0.6999072478684716,-0.9503625256769448,-0.21219109852801965,818.285427416713
Uganda,Mortalidad_Alta,-0.6273964558335822,-0.6903452355062906,-0.7503330040609135,1.1378695373119876,-1.2223756326518114,0.7582991974458888,1.035329734365619,-0.3191572544432808,795.222867553127
Uganda,Mortalidad_Alta,-0.7645735634820732,-0.5680453515655635,-0.8361510555549925,1.3077192935261235,-1.0247516198743338,0.8980026104071361,-0.9592311024800537,-0.20646041261189563,835.620060555838
Uganda,Mortalidad_Alta,-0.8117820694369345,-0.586168237143339,-0.9091237387820073,1.6082653898479247,-1.1584080499478562,1.0303819629920556,-0.9628653528711246,-0.1960759122577882,823.488144282
Uganda,Mortalidad_Alta,-0.6941743671108827,-0.7519545548256423,-1.0697224041764188,1.5679611775462752,-1.3777153609869242,1.1497677409017202,1.048266545151835,-0.3183004526119877,798.947089938247
Uganda,Mortalidad_Alta,-0.7194038603866136,-0.5623379962970196,-1.1408146706430988,0.8167826996440386,-0.6706865311798464,1.0925954647650449,-0.9211718426043523,-0.22544228525494298,472.842681495852
Uganda,Mortalidad_Alta,-0.7396799957086667,-0.5712945985279061,-1.2561090776774968,0.8938680827081447,-0.67194813149048,1.220358275012836,-0.9290978452623586,-0.22237894387449814,401.389130865581
Uganda,Mortalidad_Alta,-0.7664626709267255,-0.5837747323075726,-1.385758010893886,1.014026902504501,-0.6924170762754558,1.370745060973106,-0.928350301443482,-0.21838052745052988,346.518255310647
Uganda,Mortalidad_Alta,-0.6754454742043783,-0.7215184766888889,-1.5462612876272235,1.0099014019734927,-0.8880407389565459,1.5052153178395844,1.0486416559953096,-0.32242993614912197,330.405402707025
Uganda,Mortalidad_Alta,-0.7553002514329316,-0.5846937435712359,-1.7384527897571576,0.7139797848826279,-0.41354371269662693,1.6519282410373757,-0.9551847604143187,-0.22700709222196774,292.38185796262
Uganda,Mortalidad_Alta,-0.8204521079835925,-0.6111459960568698,-1.8171748176234406,1.1501841907429116,-0.6193303355363324,1.8174103475403187,-0.9413349204677297,-0.213078563740228,250.71543664681
Uganda,Mortalidad_Alta,-0.711388538557556,-0.7124738413046895,-2.023509793941162,0.8587172295984291,-0.6149586480693028,1.9443593965097057,1.0624893203664565,-0.31377004200786873,241.984688408335
Uganda,Mortalidad_Alta,-0.8826287432863265,-0.6400016547876815,-2.049606120466391,1.475348854094979,-0.7158789911840493,2.109290777945323,-0.9261347921895278,-0.2030251248374219,236.021188853993
Uganda,Mortalidad_Alta,-0.8896900754882674,-0.6472350463755432,-2.1662041738740543,1.4684464529792376,-0.6767388829147452,2.2207149771290213,-0.9047231947672771,-0.2045698371229654,258.050338731086
Uganda,Mortalidad_Alta,-1.1200543040481357,-0.7324618662221117,-2.2459504623807205,3.1091042012998793,-1.516222918858324,2.633800934022756,-0.8950856332119506,-0.14958559331680393,278.520835668767
Ukraine,Mortalidad_Media,-0.13819924574192433,-0.3064004920456571,0.38347907721546076,-0.4788181711513858,0.4991754568296908,-0.5686073027125088,-0.9530491245155492,-0.16350692049841498,4199.6708984375
Ukraine,Mortalidad_Media,-0.41361213186439716,-0.10222019454450074,0.3480163394628305,-0.37721194007826275,-0.17129437293321303,-0.6240207624255862,-0.961844725801529,-0.2864727336088161,4775.94580078125
Ukraine,Mortalidad_Media,-0.24183518838134113,-0.24006815480160004,0.4673132250683807,-0.40650286054003415,0.2117235907184022,-0.6610243863051384,1.1593307179773031,-0.11700459273464031,3709.76928710938
Ukraine,Mortalidad_Media,-0.48058182021915385,-0.24276885265270315,0.3792831758526962,-0.3152352120638292,-0.0030458370078062513,-0.6404528541684176,1.126383280132994,-0.12869210646918672,3619.86157226563
Ukraine,Mortalidad_Media,-0.6312197360236516,-0.1523007993879583,0.3227849546388605,-0.2537869857596037,-0.29386983210080453,-0.6403907353112139,1.1057612769108254,-0.16815859194631327,3059.0517578125
Ukraine,Mortalidad_Media,-0.645259909480667,-0.14527934260780512,0.3146899195927694,-0.24994488330858047,-0.31762517619857716,-0.6399240952758594,1.1001647447197873,-0.1739758162891254,2604.28759765625
Ukraine,Mortalidad_Media,-0.757971458413413,-0.1555321344637363,0.24787866915223483,-0.21965019406811698,-0.42209810132883224,-0.6315994136232024,1.0426335154968605,-0.1957725415439308,2158.46118164063
Ukraine,Mortalidad_Media,-0.7674818962297671,-0.1691738641539955,0.2490968316490237,-0.21844202807203886,-0.384975754448064,-0.6231270310921597,1.0170309544453535,-0.19261081663173485,2094.47387695313
Ukraine,Mortalidad_Media,-0.6712759358585967,-0.2400521604678384,0.3092981898044591,-0.24546170444341822,-0.19039480058171007,-0.6150082438020226,1.020402389419805,-0.12483935247423766,3054.908203125
Ukraine,Mortalidad_Media,-0.5725410265865275,-0.28486956380319467,0.3387787894603649,-0.287837962727147,-0.018342210008490234,-0.624836764542876,1.0325900613487211,-0.12982120342072156,4129.89697265625
Ukraine,Mortalidad_Media,-0.594178396263859,-0.20900686673485122,0.33879664742347626,-0.27087873511250093,-0.169449437620681,-0.6343311118713967,1.0343592545541669,-0.14966904017293609,3951.34228515625
Ukraine,Mortalidad_Media,-0.6518840410388763,-0.2001087964033403,0.31848659219760356,-0.2477778135856064,-0.237937089149815,-0.6307594105624501,1.025740685416355,-0.15495956306276054,3656.69799804688
Ukraine,Mortalidad_Media,-0.529195354478108,-0.20005916793098524,0.36264950560605924,-0.2960872499961178,-0.126725465949392,-0.6404913209436889,1.0104675076223084,-0.1513895113002131,3039.63232421875
Ukraine,Mortalidad_Media,-0.5526266077443573,-0.3202296847382947,0.3180483825331073,-0.2986392919821739,0.04770394501890585,-0.5912372275108744,0.9688798369865768,-0.11418813616290757,2607.08764648438
Ukraine,Mortalidad_Media,-0.6112260974910688,-0.20346754786323165,0.32891683656012677,-0.2693482296229507,-0.2013056838871971,-0.6308430775411662,0.8880455795636107,-0.16434802324065095,4017.806640625
Ukraine,Mortalidad_Media,-0.6988351390827349,-0.20441737515661831,0.29534852563213615,-0.23755922405087346,-0.28218615650635703,-0.6224306466691943,0.8322913915775887,-0.17240771307257213,3160.32763671875
Ukraine,Mortalidad_Media,-0.7891199266115186,-0.22705106562435595,0.1787871587281912,-0.1582018606269981,-0.34970114885302916,-0.4947243004296328,0.9112024022171525,-0.15567931710894273,2366.494140625
Ukraine,Mortalidad_Media,-0.796984549201855,-0.2317312801876874,0.2296918752429602,-0.16948203235702552,-0.3702367758967287,-0.5702848150935227,0.8789824844456731,-0.15847982042575998,1875.33508300781
Ukraine,Mortalidad_Media,-0.7822809428107513,-0.23751618314878875,0.20877680319945835,-0.19385433420868825,-0.3155602399505209,-0.5396970630645679,0.877304028079261,-0.1451142872966435,1401.01806640625
Ukraine,Mortalidad_Media,-0.7804380813527889,-0.24551796060312933,0.16497170638723008,-0.08559451532555934,-0.40479480369304965,-0.4594236843890571,0.9546834297299943,-0.1623993053038496,1076.48156738281
Ukraine,Mortalidad_Media,-0.7272223248648904,-0.30557273388431105,-0.007581111187691224,0.2143096826925609,-0.5649665538895663,-0.1472923024543484,1.1720680120444955,-0.18165033243707518,903.011901855469
Ukraine,Mortalidad_Media,-0.5721937169084931,-0.44228240648762984,0.0880628812985586,0.10141813643680064,-0.6647914857116748,-0.27710705168558153,-1.025648085771843,-0.2327661662164553,800.49072265625
Ukraine,Mortalidad_Media,-0.5924158461418226,-0.47118023657343433,0.1244749262878812,0.31495509740936,-0.8196679436491563,-0.2837397780447385,-0.9663193914973613,-0.23702116100618575,653.294311523438
Ukraine,Mortalidad_Media,-0.6743542412709429,-0.3789258724856336,-0.08605748443779392,0.4558995673378291,-0.7444264697556311,0.020369560246891627,1.1035741430875907,-0.20757829580231324,933.191772460938
United Arab Emirates,Mortalidad_Baja,0.8418424391574143,2.6809330457140708,0.722398508035464,-0.7577057091890411,-0.15857063002501415,-0.6873863437723671,-0.733121281964862,0.18056151411759458,49899.0652975197
United Arab Emirates,Mortalidad_Baja,0.879056996661762,2.5136444352839207,0.7337068352661187,-0.7628908076836554,0.010933856310267054,-0.6907502723946835,-0.7859704258967182,0.18723152353866346,43360.0211001327
United Arab Emirates,Mortalidad_Baja,0.9859314070331603,2.2711571797981613,0.7717456834480074,-0.7824965217476225,0.3042773975610471,-0.7036232357938521,-0.802140586649913,0.20679570919223716,37173.8754093066
United Arab Emirates,Mortalidad_Baja,1.1680200203169353,2.8140542522002923,0.8187153342227089,-0.856044263414447,0.27629160027385724,-0.7001123312964366,-0.7377520884046629,0.29086260469659525,44251.4541398817
United Arab Emirates,Mortalidad_Baja,1.5594338118669,2.32550404593104,1.1200144636450655,-0.8552495610927017,0.07824936175259961,-0.8983029033157581,1.1508658495816135,0.17675715707422598,45689.8570049401
United Arab Emirates,Mortalidad_Baja,1.1166576986574983,2.6048136866870584,0.8046005170364439,-0.833951546429312,0.3270313068790859,-0.7007705984344574,-0.7828650313604806,0.26650866598253586,42340.5917160161
United Arab Emirates,Mortalidad_Baja,1.2029917251804054,3.0849216309163507,0.8121557314398509,-0.8837437205736822,0.25636621946325866,-0.6831039252450116,-0.8499077394083461,0.3310825730187307,41326.4018161569
United Arab Emirates,Mortalidad_Baja,1.1127929734856645,3.0598725299445517,0.7858142052742618,-0.856773399463665,0.12643604812463793,-0.679760942420935,-0.8417181472029844,0.30057871685689264,43534.9972694631
United Arab Emirates,Mortalidad_Baja,0.8263991254472706,3.07197345630173,0.701581122323504,-0.7743985193424234,-0.34361816041570303,-0.6677715907990379,-0.7943390698564703,0.20722570575851817,51381.4069901746
United Arab Emirates,Mortalidad_Baja,1.2143135622075798,2.392476507788449,1.0088301836716225,-0.7627727757715764,-0.46310005438396074,-0.874158287194079,1.1149455530783343,0.07766965116029403,52023.5170959441
United Arab Emirates,Mortalidad_Baja,0.571063323947172,2.790679814908278,0.6314615080159718,-0.6889408499924525,-0.598529047333503,-0.6644059027152566,-0.7854988253781578,0.10907221245747178,52034.4762476071
United Arab Emirates,Mortalidad_Baja,0.6050264678406723,2.7955864693375916,0.6442472237335981,-0.6974383656453937,-0.5643813204735965,-0.6684403049955122,-0.7576595503142909,0.11691903787584568,50789.050540755
United Arab Emirates,Mortalidad_Baja,0.6629166445297323,2.6920863201988,0.6576898086494987,-0.7127308786212783,-0.37962855209318097,-0.6683342715236996,-0.8385897008250003,0.13710681640646094,43696.6712590463
United Arab Emirates,Mortalidad_Baja,0.7279369095112509,2.739030894190684,0.6793483874802437,-0.7316928592311629,-0.32183614955901496,-0.6730374148072018,-0.8055512815662331,0.156708936542583,37803.0663738777
United Arab Emirates,Mortalidad_Baja,0.6483589538799751,2.959619743714116,0.6542301270150257,-0.716690972883643,-0.5868922343954959,-0.6661579872707191,-0.7451238165370953,0.13943876997748572,50054.1700681803
United Arab Emirates,Mortalidad_Baja,0.6984517054499368,2.7011306333000973,0.6759256775718769,-0.7191847771381641,-0.3766708341581446,-0.6771567245064843,-0.7535150107955473,0.1395011071413756,45854.7325158162
United Arab Emirates,Mortalidad_Baja,0.6393822875980885,2.8196024180522308,0.6563297787720155,-0.7070954917655498,-0.537280961519416,-0.6715415336733714,-0.7332495627619255,0.12647282413646455,44342.6048322482
United Arab Emirates,Mortalidad_Baja,0.5638837697518869,2.6954447065065423,0.6301942018613986,-0.6833591055195183,-0.5517461937000223,-0.6657525278258518,-0.8040735444027303,0.10280820503306842,38719.3138307623
United Arab Emirates,Mortalidad_Baja,0.9341271634267613,2.8006351560011606,0.7488497730544297,-0.7885874649661113,-0.08536473388866561,-0.6895014250951941,-0.7183003630208113,0.21522899576121177,33376.7152295209
United Arab Emirates,Mortalidad_Baja,1.335413824765699,3.204554912327623,0.8690252281741351,-0.9164046439237499,0.27882012824683566,-0.7046452452624393,-0.6314788452606244,0.3561481199398545,29659.5428567811
United Arab Emirates,Mortalidad_Baja,1.4057981560488226,3.379642193750673,0.8836246960103553,-0.9455918609896805,0.3132950617479954,-0.7002011784859656,-0.6573167298306553,0.39193425629984274,27753.6089526346
United Arab Emirates,Mortalidad_Baja,1.3910965616938211,3.6688107023147754,0.8706714209580351,-0.9551910899780536,0.15001894766421742,-0.6888101524963793,-0.6637041081724313,0.40641804386238256,27745.1708087672
United Arab Emirates,Mortalidad_Baja,1.2046788083006408,2.7696536009531605,0.839021903204616,-0.8601868737350806,0.3059541519860247,-0.7111126363314011,-0.6496164973269627,0.28988104162019124,29865.502347066
United Arab Emirates,Mortalidad_Media,1.0875527726792482,3.131965669684055,0.7738782348099091,-0.8541771028237435,0.06558381446411138,-0.6737730149092603,-0.8666268855422903,0.30001332674119374,27003.2006807782
United Kingdom,Mortalidad_Baja,1.525440457722161,0.3754902346288888,0.9997758331209436,-0.840885080699321,2.0101042873451322,-0.8088800229810305,-0.6838029989315453,0.24124446928645832,46062.9914079698
United Kingdom,Mortalidad_Baja,1.7562005138975667,0.3182342266221089,1.1803284818496786,-0.9140326063508387,1.8404773319375005,-0.896184882468642,1.0142797299210402,0.1987624210651632,46926.475736105
United Kingdom,Mortalidad_Baja,1.8125033149402507,0.34731450585366547,1.2028401143973884,-0.9216493431980521,1.8802369568451214,-0.9045770936429575,1.0127932045268353,0.21142995651977783,40404.8062238951
United Kingdom,Mortalidad_Baja,1.760014772817441,0.36438504766482854,1.1865357728981372,-0.907356560140431,1.7726427250955217,-0.9037315146010926,1.0384255345748077,0.19312072474302017,42794.0022648288
United Kingdom,Mortalidad_Baja,1.6944305905427297,0.3380580705358739,1.1635797525415235,-0.8956801516259606,1.7181025632527795,-0.8949758991005564,1.0429874124509464,0.17729283190837003,43315.4874501318
United Kingdom,Mortalidad_Baja,1.6771286293144467,0.3314504515301086,1.1575605391142825,-0.8925440831961566,1.7031766239279507,-0.8927193284721096,1.0443756924595844,0.17306755033107696,40629.2340347345
United Kingdom,Mortalidad_Baja,1.6863949491255277,0.33322969693037213,1.1605920834765984,-0.8945136975996,1.7139705496960769,-0.8936503497826136,1.0426695347609678,0.17558924084237856,40988.1044233026
United Kingdom,Mortalidad_Baja,1.627050283896062,0.32103313800768957,1.1410895045589908,-0.8820317636255586,1.6461183255102152,-0.8875613336865813,1.0531577635115852,0.15955737773789697,44983.885522934
United Kingdom,Mortalidad_Baja,1.5987799184800535,0.3206318059381772,1.13238955786037,-0.8751940809251104,1.6051877245549528,-0.8855137520393425,1.0611132260815719,0.1511247109780926,47426.6209829995
United Kingdom,Mortalidad_Baja,1.6934814825874267,0.3895494251170256,1.1689116999499036,-0.8869605195758404,1.6347650332490464,-0.9030305021424267,1.0714324224278193,0.16943491038051237,43419.0352598932
United Kingdom,Mortalidad_Baja,1.6777961093901828,0.37077700021872945,1.1620591449585835,-0.8862244850504734,1.6415748968726769,-0.8989687649217075,1.065697950005671,0.16748428836470816,42490.1465463521
United Kingdom,Mortalidad_Baja,1.6626684283537483,0.36593513681525036,1.156898486159849,-0.883328324630278,1.6270360839521048,-0.8971433010991976,1.0674235190452905,0.16365241494575322,42109.6418795749
United Kingdom,Mortalidad_Baja,1.7310635640807528,0.4197977031997669,1.1819655308259487,-0.8900547801370999,1.6492260699318524,-0.9096683190076987,1.042949064735769,0.17778178896071092,39598.957119545
United Kingdom,Mortalidad_Baja,1.8411365604153769,0.4400980885116402,1.2251733157832612,-0.9111537122878536,1.7800074652936027,-0.9209812123126346,1.0534483409657351,0.2064381313595765,38744.131693043
United Kingdom,Mortalidad_Baja,1.8428893659886838,0.5399101493708569,1.2286095888169868,-0.89711952616353,1.6254850299550014,-0.9361491941283191,1.0624841985718496,0.1943168766915196,47396.1202078484
United Kingdom,Mortalidad_Baja,1.8745966656637438,0.5786017770613294,1.2408861978619736,-0.8974495588775828,1.6174550879016385,-0.9437500668694012,1.0422566639694057,0.1995718969241607,50397.6854954706
United Kingdom,Mortalidad_Baja,1.8716869881753233,0.615525402373077,1.242667456552246,-0.8898029369478377,1.5600963395237781,-0.9487727278829615,1.0368512264668506,0.19443400419342002,44512.4590296865
United Kingdom,Mortalidad_Baja,1.9002342947187298,0.6518000265052862,1.2543383496958547,-0.8901506891161173,1.5486525875346904,-0.9560452176906867,1.0283872096410003,0.19855846807930305,42104.7884375024
United Kingdom,Mortalidad_Baja,1.8301836307515875,0.6191720256890861,1.2303493021133332,-0.8790611410701122,1.493300985807998,-0.9464310855624434,1.050684500956287,0.1814383617623347,40366.8886650968
United Kingdom,Mortalidad_Baja,1.7056338296807951,0.5808712678012171,1.1873493532825292,-0.8545326770449855,1.3739588503742874,-0.931349007606066,1.052486147995507,0.15024455753688942,34442.6875402308
United Kingdom,Mortalidad_Baja,1.7499942805575246,0.6149253573303346,1.2049919015486312,-0.8599655899002085,1.3835690897076067,-0.9399834359099718,1.0649274655467462,0.15826817582466252,30077.741432188
United Kingdom,Mortalidad_Baja,1.7440883058448076,0.6377454171838207,1.2041648554763988,-0.8538178380443597,1.3448785741674798,-0.9425051751669662,1.0497384789438822,0.15443388865012309,27906.5695029641
United Kingdom,Mortalidad_Baja,1.710795789813359,0.660339870118831,1.1960622759444566,-0.8417282021277397,1.2615384786763135,-0.9435670188886087,1.0644152093273054,0.14143319260814113,28280.926786099
United Kingdom,Mortalidad_Baja,1.6551867796651922,0.6537151879481686,1.1789720009521787,-0.8296524973040509,1.1875553967157582,-0.9389086807020619,1.0897107088044151,0.12513770033697297,23168.9529580171
United States,Mortalidad_Baja,2.0222194452486195,0.9816506976620063,1.2731579919186002,-0.9368031566474255,1.6165593712004855,-0.9455920988374643,0.8604026487418159,0.26671114331486573,77860.9112908848
United States,Mortalidad_Baja,2.044735425199882,0.9568472860043243,1.2782639413782435,-0.9433124174624183,1.6788576234620645,-0.945297906873491,0.8322807695501502,0.27518042918891905,71307.4017277218
United States,Mortalidad_Baja,2.0985268214951724,0.9067154687146602,1.2959004989986909,-0.9562880827137794,1.787837841031482,-0.9497037916013829,0.8291760403837943,0.2890476803190034,64401.5074354212
United States,Mortalidad_Baja,2.1633498098822788,1.1326842115395244,1.3120561070530739,-0.9838203087760773,1.7595461442167397,-0.9476263552356614,0.8557465861139245,0.32065586589723083,65227.9565911038
United States,Mortalidad_Baja,2.02904147142364,1.0542403501135897,1.2722635832530254,-0.9426383377345235,1.597090318786838,-0.9424677876515378,0.8489172748151903,0.27468445555712623,62875.6661382728
United States,Mortalidad_Baja,2.1314502344115374,1.0856252738908776,1.3046734565452796,-0.9720342436797507,1.7271072721097593,-0.9486252425070583,0.8687224576112285,0.3063500649061394,60047.7190728307
United States,Mortalidad_Baja,2.0725106928800594,1.0416841060867295,1.286131460010722,-0.954225515145108,1.6688730713574644,-0.9454152239785684,0.8506438502269307,0.2872065165447837,57976.628204291
United States,Mortalidad_Baja,2.031502335211405,1.0679430294823231,1.2736870620546101,-0.9434209399455442,1.58756477212714,-0.9431168282023477,0.8606259124871032,0.27504998460866753,56849.4697923159
United States,Mortalidad_Baja,1.981913109622712,1.1004798416969463,1.2587865807056726,-0.9303027285517049,1.48780193698965,-0.9404716924322223,0.874603018192387,0.26019284502646006,55153.3940182967
United States,Mortalidad_Baja,1.9449479558876879,1.0647697676461094,1.2485718706915734,-0.9181255789701885,1.4479440488849749,-0.9398797475517304,0.8767041112035792,0.24621235171041506,53297.3862901595
United States,Mortalidad_Baja,1.9591075182442024,1.055817236012006,1.2524338936051038,-0.922089269623037,1.4786415278311185,-0.9402574285467736,0.8683923385269906,0.2509443946677048,51708.3940614082
United States,Mortalidad_Baja,2.0252292860664634,1.1710309129171113,1.2706841707778282,-0.9455329120592234,1.5157837980370439,-0.9408436698778573,0.8801248132778197,0.2775325140799717,50024.8812320773
United States,Mortalidad_Baja,2.022299164378745,1.1990719068247364,1.2669599795716036,-0.9470974137438604,1.5100979102224894,-0.937743860483937,0.8569085927304023,0.28091879181172474,48642.6312088213
United States,Mortalidad_Baja,2.0000987597692905,1.1587537744352714,1.2604561087306005,-0.9393721409276197,1.501055539685456,-0.937202342398391,0.848227483744876,0.27240197824587614,47194.9500893872
United States,Mortalidad_Baja,1.9708652287633963,1.3186473577272304,1.248157207618243,-0.9380163481488357,1.3700842517675667,-0.9310497190521562,0.8599788790855046,0.2721967703824409,48570.0594269601
United States,Mortalidad_Baja,2.0170546885074923,1.455166222987958,1.2595665531121751,-0.95690087433045,1.3669193805318565,-0.9296876028575864,0.8702527651431247,0.29410245454209893,48050.227412195
United States,Mortalidad_Baja,1.9909923906983586,1.4304496921175636,1.2512921567336512,-0.9488958959336431,1.34516741624078,-0.9282428256971766,0.8597893924831161,0.2855694337265563,46301.9876485519
United States,Mortalidad_Baja,1.9942011187064088,1.4537998396433056,1.2511928383580793,-0.9511240063716382,1.3412231713176097,-0.9271750152882463,0.8547014890168075,0.288600403505487,44123.3996470026
United States,Mortalidad_Baja,2.0176946738508104,1.4730930238012474,1.259075823802343,-0.9580202559231087,1.3601935413321855,-0.9289083990686121,0.8679975904328165,0.29568392026865437,41724.6411982614
United States,Mortalidad_Baja,2.0068617804484874,1.4332427563985743,1.255001390949967,-0.9540771445901699,1.3748485225419795,-0.9279623549293164,0.8474275013183223,0.29201745864300477,39490.3023903176
United States,Mortalidad_Baja,2.0591832679578146,1.4893226543468532,1.2691249699913971,-0.971667438608874,1.4296449052350688,-0.9284321871979294,0.842379109143147,0.31238208848382765,37997.7424300242
United States,Mortalidad_Baja,1.9693454805577424,1.4456323106853786,1.2428302215703952,-0.9442334799972498,1.313115654639029,-0.9252117168032569,0.8441319757089661,0.28150451365726525,37133.6203973517
United States,Mortalidad_Baja,1.9362145201936796,1.5371057401839192,1.2306648136405043,-0.9388767791557764,1.2136092629255542,-0.9207212155680071,0.8499326815142016,0.27638928907314764,36329.9702595751
United States,Mortalidad_Baja,1.2716890413508608,2.186994397981008,1.03834719712023,-0.7660795243887547,-0.3117888896899112,-0.890411528908655,1.1856888664005427,0.0747829997571704,28690.8757013347
Uruguay,Mortalidad_Baja,0.8312695948567164,-0.02635462590696937,0.8594961246340369,-0.7449595811141253,1.0288110915126794,-0.7769158397320544,1.0932227395899958,-0.028384353066965406,20818.6146091144
Uruguay,Mortalidad_Baja,0.7924268536054212,-0.040665192901957775,0.8460402072617581,-0.7378328468483736,0.9944694518618472,-0.7719324224240656,1.0966258051819844,-0.03794705832513612,17881.818721099
Uruguay,Mortalidad_Baja,0.8459288741972728,-0.040853744648140164,0.862401440787985,-0.750929528447843,1.0734398719014684,-0.7756579654429254,1.0810513060709677,-0.021848697079705104,15757.5355995779
Uruguay,Mortalidad_Baja,0.770317218447767,-0.10122118128213504,0.8326580815501854,-0.7424155756807733,1.0583261902810355,-0.7608296624017137,1.069889566229989,-0.03568225440669637,18315.7316980028
Uruguay,Mortalidad_Baja,0.8233067921832746,-0.06607659172067866,0.852720581458619,-0.7495627866477587,1.0803148969219771,-0.7700919828342241,1.0737937630157854,-0.024934264377056176,19249.9404677501
Uruguay,Mortalidad_Baja,0.8178078832985427,-0.0940058862714171,0.8479871505889025,-0.7528237857971283,1.1166751205202243,-0.7653010065066781,1.0601039811920956,-0.02247843361528895,19184.6502617082
Uruguay,Mortalidad_Baja,0.7934628652299176,-0.049924018224685465,0.8453464147102225,-0.7396120767349892,1.0107270658865088,-0.7705448369326879,1.0912607810970543,-0.03627417156845275,17009.7584207276
Uruguay,Mortalidad_Baja,0.6970697633944688,0.00748437415603758,0.8221004027881393,-0.7066089283444199,0.7776307027906494,-0.7728335070396781,1.1505427934936883,-0.07367123287679705,17125.9016800298
Uruguay,Mortalidad_Baja,0.62202802943741,-0.03906071588490499,0.7940408679068407,-0.6959556744334162,0.7413585375607171,-0.7602252681259277,1.1467783550319497,-0.08936645297371454,18322.4276767157
Uruguay,Mortalidad_Baja,0.5850570388954748,-0.06297035189076845,0.7801099009108945,-0.6908683497871172,0.72504485276374,-0.7538592621948511,1.144388578398753,-0.0969551973071337,18335.2594772322
Uruguay,Mortalidad_Baja,0.559117629593421,-0.0842293011514628,0.7698461412572803,-0.6880380811295366,0.7207339787947292,-0.74868562423276,1.1402589373478471,-0.10162017488294706,16259.5940814256
Uruguay,Mortalidad_Baja,0.472595481057139,-0.11040803863343941,0.7401584558957943,-0.6702404458642945,0.6388352030917104,-0.7384325955740862,1.1502708510358428,-0.12197031313307294,15132.2675725587
Uruguay,Mortalidad_Baja,0.524822592476698,-0.09307218995045052,0.7583797272482777,-0.6811206368675653,0.6843782530222883,-0.744883770751509,1.1453382571680106,-0.11062099825767491,12641.0576849008
Uruguay,Mortalidad_Baja,0.4796607500598621,-0.12141877927705304,0.7413704443316884,-0.6745137096741604,0.6640156404747485,-0.7372300131231897,1.142714822336096,-0.11956154486978804,9881.39573127081
Uruguay,Mortalidad_Baja,0.35962503062531204,-0.1436556140870808,0.6957091853489465,-0.6299459467353956,0.5933954873263358,-0.7243133330076175,1.1520693494894174,-0.1179386890138564,9423.96562595893
Uruguay,Mortalidad_Baja,0.1949811069527773,-0.21018871885228566,0.6287631724002711,-0.5736417092964093,0.5580217276201185,-0.7008555149780955,1.1444106875658124,-0.10838816115110556,7222.05403645877
Uruguay,Mortalidad_Baja,0.23711250916412038,-0.1950400132037804,0.6456694690217017,-0.5883009867455132,0.5702763423912607,-0.7065592173954331,1.145303313741464,-0.11045059052314038,6001.33294783172
Uruguay,Mortalidad_Baja,0.06882144491934403,-0.26323769437045597,0.5772176405578207,-0.530775064276872,0.5344445249190287,-0.6825513764025514,1.1373665279417116,-0.10064972608655975,5284.25677987129
Uruguay,Mortalidad_Baja,-0.08507064350430671,-0.30107184959467514,0.5175605346131225,-0.4748858420564801,0.4598198001904773,-0.6645057242733023,1.1440567386703333,-0.09667350804727698,4168.66065438387
Uruguay,Mortalidad_Media,-0.023982707944193743,-0.3757206765857969,0.5305014160511452,-0.5090807653911719,0.6424620775675944,-0.657382516263347,1.0904126064998843,-0.0800246064809137,3671.12329256883
Uruguay,Mortalidad_Media,0.009968097638805462,-0.49011965655789536,0.5289603503007931,-0.5378506094925316,0.868394620221662,-0.6418068305018014,1.0191384177484142,-0.055950442983901505,4149.76140312687
Uruguay,Mortalidad_Media,0.11652881793378214,-0.508013320546098,0.564987990937426,-0.5824557923201117,0.9953110141101625,-0.6472773253063372,0.9894336550992637,-0.049740949765928355,6382.76104740859
Uruguay,Mortalidad_Media,0.07376621669863567,-0.5050519601307684,0.5500247873028428,-0.5651209363844781,0.9515801357419597,-0.6444097698862274,0.9989548326915692,-0.05137511431220876,6987.70098766257
Uruguay,Mortalidad_Media,0.08817442248728077,-0.5535354723762227,0.528851038532453,-0.5731636963067119,1.0385646430376623,-0.6111414150442628,0.9932642299646759,-0.028277140603283735,6050.48632253644
Zambia,Mortalidad_Alta,-0.5401224618334357,-0.40592088609853894,-0.48370273815720316,-0.1691788054122066,0.16801710134193382,0.4303732147762972,1.1083657584737288,0.018095996792936886,1447.12310138035
Zambia,Mortalidad_Alta,-0.6019623184930633,-0.34992488830176033,-0.6038963907876949,-0.3827456822103312,0.07424795496151071,0.37435397152576366,-0.973017600073425,-0.14558857819574034,1127.16077872857
Zambia,Mortalidad_Alta,-0.515859212635922,-0.44791925651427755,-0.6082174578537969,-0.45205237340709264,0.31371671763366604,0.3894866702116818,-0.9068194405895063,-0.05632288633089816,951.644316655957
Zambia,Mortalidad_Alta,-0.49192438790173176,-0.48045673165988595,-0.6591433478960964,-0.480627312624998,0.4117741535112579,0.4405749550648993,-0.8824082464530487,-0.026731216945208774,1258.98619844462
Zambia,Mortalidad_Alta,-0.5089948317877128,-0.4698760502654654,-0.7368433610689737,-0.48105808968765057,0.4114123193692366,0.5131634785262346,-0.869531570944972,-0.03897469247310986,1463.89997855593
Zambia,Mortalidad_Alta,-0.6045124440131006,-0.36638070236753145,-0.7779889409424701,-0.4124159201128958,0.1730922021164799,0.5407066776439927,-0.9263860971171047,-0.1349859113388211,1483.46577328065
Zambia,Mortalidad_Alta,-0.583847947786505,-0.39873550535577,-0.8612367353728863,-0.4443523694977203,0.2821947255794117,0.6220989693635841,-0.897852882066994,-0.10600713717371674,1239.08527877713
Zambia,Mortalidad_Alta,-0.5698643696924001,-0.3868149647223998,-0.9346999464579113,-0.18332383007458014,0.18883802078276224,0.9072850125456613,1.2077011420422537,0.02292575021285742,1295.87788680068
Zambia,Mortalidad_Alta,-0.6534729786692244,-0.3314186986189656,-0.9454353745621569,-0.3947287269630936,0.13029162284303453,0.6931345007622165,-0.9518117373807162,-0.1730396148306812,1707.48573136694
Zambia,Mortalidad_Alta,-0.6480215943314123,-0.3585708041960454,-0.9876041412150596,-0.34703747467150137,0.0860440152989686,0.7430082396980322,-0.9335068863553639,-0.18822811964840713,1820.71854827391
Zambia,Mortalidad_Alta,-0.6493604648636785,-0.38924458720749905,-1.0896528531265237,-0.2785348069328552,0.05116420738736022,0.8504303860141817,-0.8862402763871888,-0.19889639009943288,1710.05061343728
Zambia,Mortalidad_Alta,-0.6383784328640144,-0.4416297335182573,-1.109957509696252,-0.13641083832824386,-0.07946915529842802,0.8873967574593673,-0.8702263663268868,-0.21875396078937293,1624.86817763443
Zambia,Mortalidad_Alta,-0.7016134443919009,-0.34124581833716955,-1.1256362491026,0.033969496412588285,-0.07640149969772675,1.0367609540538019,1.1278883810690292,-0.12794002683729622,1451.10616017155
Zambia,Mortalidad_Alta,-0.6336699680512303,-0.4989016656870951,-1.2634235673390752,-0.028649583573871762,-0.14612926083875916,1.0462498639586562,-0.8983826079168009,-0.23900398941165685,1136.24168316848
Zambia,Mortalidad_Alta,-0.6304237487674605,-0.5382091435088143,-1.316662447357535,0.08142868358933475,-0.23060324696474835,1.112154915619481,-0.8824822366752538,-0.25271499795649527,1375.50211006997
Zambia,Mortalidad_Alta,-0.6513827194785212,-0.5489363737248204,-1.40232174019553,0.19052090178100944,-0.26166428239230033,1.2174149196827864,-0.8690761964781959,-0.24984273542246166,1118.73162626953
Zambia,Mortalidad_Alta,-0.7444305449195695,-0.433976043484227,-1.4759211305514048,0.25675753977091054,-0.17204910009716576,1.3497128602829496,1.1076916201255127,-0.2130757692653728,1051.71714895686
Zambia,Mortalidad_Alta,-0.6870897118167743,-0.5658097731907225,-1.6352135956638334,0.3108311245129477,-0.24651071029113153,1.4681549071079234,-0.878574148176674,-0.2452453599165127,710.982068171696
Zambia,Mortalidad_Alta,-0.7527930387471795,-0.4877758090888552,-1.7910381688105035,0.317378716643703,-0.1482138493846577,1.6584534752047198,1.1041945050441568,-0.23024858477022342,548.685974566277
Zambia,Mortalidad_Alta,-0.7247274884290325,-0.5868174167251146,-1.9567476857756358,0.4001849308566101,-0.18786292241932573,1.7983595757608721,-0.8731075876640157,-0.2426143601397046,446.290104839041
Zambia,Mortalidad_Alta,-0.7552291457427688,-0.5082720562376688,-2.1079937236821324,0.2647799889445893,-0.023717404826663346,1.972564773199003,1.1110405486564254,-0.21604124145103837,393.864625518616
Zambia,Mortalidad_Alta,-0.7550722207881277,-0.6092459621297567,-2.269804026706529,0.46004859388461594,-0.12254456500385344,2.113719874359508,-0.8261548451789349,-0.24347302584057573,396.548952993504
Zambia,Mortalidad_Alta,-0.7745177170466323,-0.619167699737064,-2.396226578645437,0.5291169434159455,-0.11736265886420014,2.250498570874167,-0.8240321634298067,-0.2412873220019875,359.429500988221
Zambia,Mortalidad_Alta,-0.8209429567825045,-0.6416653895348831,-2.4730616466296556,0.8420946710694588,-0.26285899268546653,2.3885398836330314,-0.7826923187758805,-0.2331844590205438,433.312782642118
Zimbabwe,Mortalidad_Alta,-0.5927280377783881,-0.4883545425474943,-0.6340255531260626,0.11484454155102286,-0.4500751700277001,0.4611347939495316,-0.8947940285213969,-0.24182812908083212,2040.54658705395
Zimbabwe,Mortalidad_Alta,-0.654340036977704,-0.3385601114460119,-0.9868139127687905,-0.3863230254305159,0.13431904186462973,0.731736633478647,-0.978474017885473,-0.17346009108329002,1724.38727102272
Zimbabwe,Mortalidad_Alta,-0.6301159343857473,-0.3937213963020023,-0.8784241094437202,-0.23132724090972595,-0.058467536667612174,0.6510514341813065,-0.9732205285414648,-0.2028598436179771,1730.45391034701
Zimbabwe,Mortalidad_Alta,-0.7225897264785917,-0.33149167686728287,-0.9081021362762831,0.11765184238240256,-0.19230160281408848,0.7985680395303176,1.1071512263021945,-0.17006544010194607,1683.91313584141
Zimbabwe,Mortalidad_Alta,-0.6571201019945881,-0.33840467608479563,-1.0199189211185007,-0.39273164055214344,0.1504677556609576,0.7628542114047092,-0.9692661794615165,-0.17287663453366964,2271.85250365817
Zimbabwe,Mortalidad_Alta,-0.7111080833230407,-0.30674859340685595,-0.9294701739263342,-0.007596551469633062,-0.08613659461601209,0.8176662637675871,1.0027644758777579,-0.14140813316317735,3448.08699068824
Zimbabwe,Mortalidad_Alta,-0.5919867613137358,-0.4282681185284029,-1.226118675990878,-0.5063214158382532,0.49154744851670407,0.9646959181036654,-0.864053874118657,-0.0788276143873391,1407.42096413212
Zimbabwe,Mortalidad_Alta,-0.6744556666598,-0.34165007215515425,-1.2455478733270946,-0.42383933535658774,0.2519647836173774,0.9711507333767695,-0.9757621798430907,-0.16558144006008862,1386.41855927575
Zimbabwe,Mortalidad_Alta,-0.6631105425094223,-0.3816579746513475,-1.2766009270420038,-0.3515398625919766,0.17507174390569769,1.0129513618783497,-0.9918970861857868,-0.18702449125003295,1372.21474610373
Zimbabwe,Mortalidad_Alta,-0.684840343733269,-0.3539294305900136,-1.4240276443023419,-0.43117590548278556,0.309468851370329,1.1410270013320545,-0.9602419966554949,-0.16740106018520717,1362.29952932396
Zimbabwe,Mortalidad_Alta,-0.6622763918002871,-0.4328046303783126,-1.46995435827749,-0.28016593426694575,0.14623610912525636,1.2120301024448057,-0.9530468964766818,-0.21139579245747264,1238.59479481433
Zimbabwe,Mortalidad_Alta,-0.6814397665603631,-0.38247164276756945,-1.6069219320035222,-0.052737417533218145,0.10440690512449313,1.5374700316187062,1.140882877883288,-0.08316010844245153,1037.24613741902
Zimbabwe,Mortalidad_Alta,-0.6672434887889723,-0.4950288644299623,-1.7921850317227543,-0.21011385598319865,0.15844859187219107,1.5272266012311266,-1.001612229499045,-0.23169013238015146,901.55051752819
Zimbabwe,Mortalidad_Alta,-0.6680993100699205,-0.5571247581039661,-1.9253063015990068,-0.034086351265907144,0.04308595204535054,1.6801598765939005,-0.9589543747491645,-0.2521618843372045,735.446248561806
Zimbabwe,Mortalidad_Alta,-0.7639276377855829,-0.5986749726668906,-1.9675887882381053,0.6694185360568297,-0.3226597089957937,1.8643245475081736,-0.8969075532662452,-0.2320660401969996,340.740210298158
Zimbabwe,Mortalidad_Alta,-0.8017799189963125,-0.6148359113598916,-1.9570851234896312,0.9647287168280159,-0.4858108080061866,1.9141922085166192,-0.8690711057994287,-0.22373207459306355,413.302605010004
Zimbabwe,Mortalidad_Alta,-0.7815379721751685,-0.6071807986524055,-1.9577106495327425,0.8146189212917929,-0.40590714586847665,1.884129403481768,-0.8731815100444813,-0.22857047939588904,430.809214010242
Zimbabwe,Mortalidad_Alta,-0.7425574506359397,-0.5925327948960735,-1.9805602849224102,0.5112093161419666,-0.23676803333979796,1.8443558269509845,-0.8847912154615383,-0.23815629693456591,461.028318446444
Zimbabwe,Mortalidad_Alta,-0.7402729531995635,-0.5922984509363275,-1.977102066896091,0.49948514621222273,-0.23268292348212077,1.8385094378318116,-0.8783087697554082,-0.2389422001939413,469.484691401035
Zimbabwe,Mortalidad_Alta,-0.6764225052678484,-0.4381519345675177,-2.2570358737255427,-0.6369567550718764,0.9359046917821549,1.912161551752208,-0.9519213697525362,-0.048121726741700455,468.234223473035
Zimbabwe,Mortalidad_Alta,-0.41880362858255327,-0.7305741752395295,-2.23619851092567,-0.834841775974794,1.6154732669806724,1.934583930151611,-0.6606284090705692,0.2033706982143714,524.677281078209
Zimbabwe,Mortalidad_Alta,-0.6272997690199985,-0.5031595468788324,-2.3218697214761224,-0.6854241351489961,1.0984985638322287,1.9874161058118005,-0.8219027406970345,-0.0019487546704564929,566.107692145462
Zimbabwe,Mortalidad_Alta,-0.7414466544209318,-0.37500251692507575,-2.2034391108882994,-0.5247654332926852,0.6358001194409145,1.870267167002025,-0.9031834690671332,-0.15489598804915505,562.556945680495
Zimbabwe,Mortalidad_Alta,-0.6653977023455477,-0.5622126151490692,-1.6186889426736235,0.18225914716225344,-0.19074935941005633,1.425177140397586,-0.8339969167088717,-0.2522756011788684,647.975499841761
