country,categoria_expectativa_vida,PC_1,PC_2,PC_3,PC_4,PC_5,PC_6,PC_7,PC_8,gdp_per_capita_current_us$
Albania,Mortalidad_Baja,-0.2125337454494475,0.05939242433976898,-0.49161726438646536,-0.5618118022282051,-1.253367381784757,0.9779378768464476,0.34198773685106976,0.14477108583869283,6846.42669381643
Albania,Mortalidad_Baja,-0.27013976088292735,0.13436049736268602,-0.51335562373643,-0.4495667228617148,-1.1029979408562138,1.0983054480902414,0.20596105061439762,-0.022203492393569387,6413.28280828537
Albania,Mortalidad_Baja,0.16677481728973648,-1.0709418099741546,0.31276861300016795,0.8126689333193273,-0.9859249831377715,0.7737172208058751,0.325500151062251,0.022206907854006617,5370.77749956875
Albania,Mortalidad_Baja,0.29487505498157907,-1.0661081735596911,0.27294998459229153,0.8230052164147943,-1.0344373781043665,0.8391898843830435,0.30084214297220796,0.14279614141477737,5460.4305086932
Albania,Mortalidad_Baja,0.2547765466924752,-1.0597673842423632,0.24486610616657148,0.8623182391862023,-1.0920767274186394,0.8221204389701966,0.2505502070247424,0.12874938965240137,5365.48880180298
Albania,Mortalidad_Baja,0.23635262185884262,-1.059493828773392,0.2531478423416272,0.8583039509758003,-1.0751085586606741,0.8111219640089403,0.26128972921751226,0.09943962561886846,4614.0479692596
Albania,Mortalidad_Baja,0.028114686620374085,-1.105394425440001,0.25909363463408086,0.87843676382957,-1.259033806430154,0.6948973177284211,0.3972982118706039,0.08933632152620595,4168.37544462548
Albania,Mortalidad_Baja,-0.025644483405125033,-1.1189514764094168,0.25255822764443836,0.8769226847015444,-1.3244704394649263,0.6222132285865013,0.3781098046113627,0.08242160159095142,3981.72662261867
Albania,Mortalidad_Baja,-0.07473666479002235,-1.1095972507787004,0.2469923831766484,0.903602333013865,-1.323765010265164,0.6137639050072438,0.4051411343155767,0.05915681475925879,4602.23051443229
Albania,Mortalidad_Baja,-0.5077043700991825,0.06789525393816906,-0.5559537231652462,-0.38364829391227884,-1.4785567124748842,0.9717435976680748,0.385742738427778,0.08070100468254597,4420.23461988353
Albania,Mortalidad_Baja,0.037093542046115424,-1.1139215692170146,0.2725294818576629,0.8305980151042397,-1.239213222653383,0.6060894575938977,0.2767338197715517,0.09373199466609747,4222.3470988913
Albania,Mortalidad_Baja,-0.4266474394757613,0.06993888926605554,-0.5791399897719144,-0.4123604219936955,-1.493898545127837,0.9072955406198329,0.22370391096838813,0.15643874823975676,4465.70914328865
Albania,Mortalidad_Baja,-0.41724179905826697,0.09157524624913284,-0.603404990061124,-0.36666700918407885,-1.4913992806995493,0.9618413675139534,0.12441654393395446,0.18462647041979258,4149.14469936847
Albania,Mortalidad_Baja,-0.450248222165532,0.04340307556435149,-0.5800479356443523,-0.45747094377688097,-1.5714795934098815,0.7619635398453586,0.1837721085062776,0.2375359761712162,4213.65007574693
Albania,Mortalidad_Baja,-0.1151466030947135,-1.142618098336074,0.21335654243265229,0.8519277225712443,-1.4908911133357021,0.3325996183000573,0.18602030857324825,0.23127848410026128,4498.50486763601
Albania,Mortalidad_Baja,-0.6622773280756287,0.023852646423061435,-0.5818642723026435,-0.4211670628039547,-1.6925453491695115,0.629188798564092,0.20079686295588564,0.23508685570342971,3743.05529896187
Albania,Mortalidad_Baja,-0.7170467654398612,0.051488962251431396,-0.5859292591818939,-0.3754531899061574,-1.6380238788761383,0.6534046928033489,0.17777538474734209,0.19608659004874618,3057.77257038113
Albania,Mortalidad_Baja,-0.3401846992181141,-1.108143965939332,0.2332170979090022,0.9345067489715576,-1.4119839762845945,0.31848604817356263,0.21605937325566127,0.14442583655920108,2741.72136549578
Albania,Mortalidad_Baja,-0.905718397065148,0.08563317695799545,-0.5694161715402657,-0.27432123657846563,-1.5707010061001807,0.7364189988246505,0.2627201040153317,0.1338374693370825,2446.90949947798
Albania,Mortalidad_Baja,-1.2712329292115647,-0.03227642747058403,-0.5139181300153083,-0.34183203890749797,-1.8844273281904071,0.3851449459639672,0.5790651263213812,0.1627321566087546,1908.69900687608
Albania,Mortalidad_Baja,-0.7886428737822269,-1.2127131827415258,0.3347161696363051,0.8691328477749997,-1.6075244169178409,-0.016536112768408103,0.6215343371057794,0.14332161775140395,1479.83884572006
Albania,Mortalidad_Media,-1.022470106602047,0.057916960573055176,-0.4429099498469299,-0.3676400929345804,-1.3968638339786599,0.7033103487885133,0.4612098840835818,0.11427953993397265,1326.41652388077
Albania,Mortalidad_Media,-1.3466095094061326,-0.039377747538990475,-0.3888071086440964,-0.41878783337290953,-1.6461719463383093,0.42190932815070264,0.7920274987424755,0.13866013002847477,1160.42047054038
Albania,Mortalidad_Media,-1.9172521534166789,0.02238544423115196,-0.2910967462253112,-0.09576958850329943,-1.521974669439509,0.9259067590587508,1.2807564522816726,0.06293681696739407,911.320465445326
Algeria,Mortalidad_Baja,-0.4172592094240576,0.21058045760590344,-0.6843746101567468,-0.4214173767510883,-1.2490101247563838,0.3083923245002058,-0.0943720659950877,0.35793887247828443,4961.55257664733
Algeria,Mortalidad_Baja,-0.2653390983647883,0.18723389110877553,-0.5206528824652794,-0.6482770396298034,-0.8767519846952817,0.2988334856147823,0.0797382765774904,0.2627432537266488,4160.55926736925
Algeria,Mortalidad_Media,-0.36872396293460463,0.12531005163515932,-0.3543512017612995,-0.8429098942712699,-0.6753569511659112,0.13570559933568818,0.357281038005331,0.1067631663215069,3743.5419522929
Algeria,Mortalidad_Baja,-0.26289820299950356,0.1382311168096946,-0.46125909204066756,-0.7592059989600519,-0.8734429185320574,0.18912555527536548,0.25578259407113807,0.31305322195323393,4468.45341883656
Algeria,Mortalidad_Baja,-0.29885295585300165,0.14772748761274943,-0.48488418189327576,-0.7176000529684851,-0.9144801530298406,0.19257488218623656,0.19195918305673618,0.3179464551863214,4577.21029180491
Algeria,Mortalidad_Baja,-0.20368561145146394,0.14862573936352624,-0.43321922315829287,-0.7911246612477718,-0.7650198793896816,0.23130942353034956,0.18526069352089988,0.30629523362107347,4554.66753957828
Algeria,Mortalidad_Baja,-0.10348378011740841,0.17601947911550636,-0.40982680662988924,-0.8105053171059753,-0.6042494065915924,0.32777134724267487,0.144860919118912,0.28770852942638114,4424.98529027556
Algeria,Mortalidad_Media,-0.09980439051478346,0.18636459823592408,-0.4264516730723959,-0.8013615739063169,-0.6094808712860496,0.29316442114888297,0.1025799760759465,0.2916503753140959,4685.05902729002
Algeria,Mortalidad_Media,-0.3404105401531153,0.15597944105987488,-0.5122625511031423,-0.6981072574422856,-0.9718856431746573,0.10168170804795405,0.0004093323753840637,0.3415056409494746,6094.69392314956
Algeria,Mortalidad_Media,-0.38368762350571434,0.16018033850682709,-0.5259796322141365,-0.6626740908027247,-1.0113384640592216,0.11477871443388044,-0.08214842399888438,0.34610071715327445,5979.60138960585
Algeria,Mortalidad_Media,-0.42154109503820264,0.17771468939832108,-0.576008416770875,-0.6018255125882095,-1.0962741147144575,0.08154557807156317,-0.2278991362515783,0.36470682195677895,6033.64884689543
Algeria,Mortalidad_Media,0.007240869154035403,-1.0077760740911397,0.23411484731703366,0.6572390341784166,-0.9582402182294735,-0.3457051243517775,-0.3069571282340094,0.36486326493263865,5916.31364364343
Algeria,Mortalidad_Media,-0.4442531004107357,0.21003190156312834,-0.593805693497919,-0.5406386817417899,-1.0635962459094748,0.14911565819014666,-0.3961138079798787,0.364755871578103,4912.78585503672
Algeria,Mortalidad_Media,-0.4414233015153456,0.17787443518492332,-0.5142653177403739,-0.6554202813521777,-0.9593666679375885,0.06694956927689653,-0.24346761291265512,0.3555541609802817,4235.42990456612
Algeria,Mortalidad_Media,-0.5725137579598045,0.2387128518108471,-0.6826647832878079,-0.41433361347740805,-1.2558641130498245,0.06817256054894721,-0.679063157333487,0.4079712436390658,5180.91881514686
Algeria,Mortalidad_Media,-0.6785130710645224,0.22049246464987673,-0.6639049704313569,-0.4190993851781704,-1.277699742232363,0.005572355962084732,-0.5829889065707462,0.4133958231374748,4167.45169937531
Algeria,Mortalidad_Media,-0.7721130387132181,0.2249124494800907,-0.6833694712619905,-0.36643288907888977,-1.3387256464908817,-0.008154949627811115,-0.6302158459292639,0.4303565729697847,3660.66104745322
Algeria,Mortalidad_Media,-0.7969813030943009,0.2080760436427826,-0.6337991947889525,-0.4238056178385085,-1.2764954916428741,-0.05265474988233742,-0.5748522772206006,0.43669543291771423,3233.13339634212
Algeria,Mortalidad_Media,-0.39451369967234184,0.3997652756546635,-0.6319158126352156,-0.2955838092419932,-0.6173896590641089,0.615403392091801,-0.9119215564188614,0.3472973878042249,2816.99384960555
Algeria,Mortalidad_Media,-0.4173331542749617,0.3987484415488663,-0.5745050433764893,-0.34651755502601933,-0.48321815109249266,0.5965793673614682,-0.8275073248378555,0.31809299705017996,2283.77299346126
Algeria,Mortalidad_Media,-0.39703883498104064,0.38654673953075164,-0.5166715121833761,-0.4244790364673683,-0.3764992679965738,0.5593524440458434,-0.7827810853737303,0.3238283303235732,1937.46411413019
Algeria,Mortalidad_Media,-0.49014288357616315,0.3989846297122127,-0.5142758437810218,-0.38175921346602903,-0.3608907820104056,0.569926703961868,-0.8109897594730386,0.3068979881195368,1896.30020878013
Algeria,Mortalidad_Media,-0.8547052492816548,0.5036467802984227,-0.7978542849540571,0.10743223226527092,-0.8437284131853297,0.6830730767330498,-1.2766574200795686,0.3428522814904864,1772.92869122761
Algeria,Mortalidad_Media,-0.5231238105519184,-0.7393652931308135,0.6723521176931866,0.879671644502667,0.5702376268446759,0.6054728929175746,0.1817362797549664,-0.020896128787104215,1466.94806760415
Angola,Mortalidad_Alta,-1.7401062899400983,0.22609799522527524,-0.32289435316449544,-0.375784603733209,-0.7418013457191054,-0.16444987429813065,-0.35190487243760715,0.015636363511158168,2929.69445467272
Angola,Mortalidad_Alta,-1.7496821592208756,0.23905516038658808,-0.3302409847335023,-0.40817404754350084,-0.7061754697882449,-0.3266548642729295,-0.5304942297464242,-0.013877778248370432,1925.87466082167
Angola,Mortalidad_Alta,-1.6936917537617113,0.16411801985578586,-0.22963343457338986,-0.6377839394273074,-0.6582230861635373,-0.5972564791542454,-0.38926093642775034,0.060622273317117566,1449.92286669308
Angola,Mortalidad_Alta,-1.6185809284194705,0.23718038047103532,-0.31424279743304256,-0.5317812002190749,-0.6382229555353941,-0.531480142720543,-0.7057319092642913,0.11132655042889535,2189.85571407618
Angola,Mortalidad_Alta,-1.2364966336590664,-0.9470439917784109,0.5336936089398279,0.7162293187744834,-0.40341924303070986,-0.9366044619459029,-0.6258493861265303,0.09547740561062681,2538.59139143371
Angola,Mortalidad_Alta,-1.7778725449050794,0.1669283012860072,-0.14791439603807657,-0.726053181990769,-0.47002352521393254,-0.76403759971654,-0.2922787899518371,0.10945949209176646,2437.25971190821
Angola,Mortalidad_Alta,-1.7081177441560538,0.2324422736373521,-0.15015439791545523,-0.6819364232896592,-0.2703214475977234,-0.6382138247401575,-0.4348442521111622,0.10447807354390973,1807.95294072643
Angola,Mortalidad_Alta,-1.6144826297477033,0.2749264710137622,-0.11878343003671264,-0.7233092591047519,-0.04463632719089233,-0.6300221701786033,-0.5068213098567014,0.11039863791962388,3213.90261080059
Angola,Mortalidad_Alta,-1.7857162386576837,0.2550235510347053,-0.13624835371308847,-0.7125875325001573,-0.20054115162163694,-0.8521775338314861,-0.6066939337904108,0.17264752641829612,5005.9997412707
Angola,Mortalidad_Alta,-1.9092644157071965,0.3405659181954102,-0.24909731982671537,-0.509869417181262,-0.2659066649189907,-0.8332147862027696,-0.8922390845460062,0.22100625949775768,5057.74787833163
Angola,Mortalidad_Alta,-2.105928544175356,0.3891786146176852,-0.3170724292487804,-0.36063214292251705,-0.34549245004796864,-0.8884539168523639,-1.0583962671663305,0.27878484193653674,5086.02740086376
Angola,Mortalidad_Alta,-2.2221442368603914,0.41693926072964715,-0.30370289782298043,-0.3272210224441265,-0.27210846807122696,-0.9398748393801758,-1.1389271134581318,0.32878788504366285,4615.91059831778
Angola,Mortalidad_Alta,-2.2578174399985667,0.4252297864029609,-0.20606017256694742,-0.4226686295622933,-0.02170525202215843,-1.0239647028477943,-1.0554482682485016,0.37163680557365214,3597.34293216332
Angola,Mortalidad_Alta,-2.1190907428578045,0.4275918621178075,-0.003000056188978253,-0.6825210410361945,0.5124107166349361,-1.0946904667242683,-0.8610252756470722,0.3857631876814538,3136.64546955947
Angola,Mortalidad_Alta,-2.195446943634363,-0.5883378791486076,0.4332646823404784,1.2458500151218443,0.09031573323715425,-1.3848195191323547,-1.6002606657357725,0.5007189006527224,4103.0669003635
Angola,Mortalidad_Alta,-2.822888804707632,0.5986952598222482,-0.32287423016176886,-0.0338920947088428,0.027993392842474072,-1.1310945574061182,-1.5693452604724334,0.5723011531761474,3141.0459797605
Angola,Mortalidad_Alta,-2.8859122671411384,0.614487324145794,-0.22315395862307658,-0.12455178940171888,0.28936219285156545,-1.2450555346869479,-1.5360248251487056,0.6142204357320233,2617.05196022633
Angola,Mortalidad_Alta,-2.8261794886811757,0.7716971615061519,-0.2711926169521294,0.0687597830412191,0.6299313361566337,-0.9256557071869846,-1.9112359737729194,0.6572603811154029,1916.46842218625
Angola,Mortalidad_Alta,-2.963475544290298,0.7124792241927084,-0.10363895230938512,-0.14229706850675977,0.8459739460118041,-1.2013513061606003,-1.568556008431169,0.7036510844452097,1266.21086410236
Angola,Mortalidad_Alta,-3.024951851084152,0.7536061204904609,-0.06476020799797488,-0.14286223132762688,1.038467457037819,-1.2384279452730258,-1.6138475676844142,0.753883015007972,992.698979254665
Angola,Mortalidad_Alta,-3.321374673511207,0.8101335441980128,-0.11313304139872336,0.010678964847456604,1.0095801554153427,-1.3554218211790303,-1.8177597988833998,0.7103348459166708,882.147847234303
Angola,Mortalidad_Alta,-4.013261134395964,0.8590888478380146,-0.3461117151434352,0.512119714274698,0.4206878977170937,-1.3761763983941502,-1.9792300329079415,0.7809725866288783,533.586202412447
Angola,Mortalidad_Alta,-3.8265622123090823,-0.3171415029795767,0.34658832741812623,1.9161659711033587,0.25147101149322776,-2.021724848967097,-2.2107551878804172,0.8770587567275498,563.733795571487
Angola,Mortalidad_Alta,-3.7602638744446195,0.9840770698082552,-0.18793637574426103,0.35688563801526213,1.2110611604551298,-1.303727672603021,-2.145033551359117,0.9717319371483447,404.29481849612
Argentina,Mortalidad_Baja,0.9919409799498402,-0.9499028616094597,0.24363387620899615,0.3974103688387578,-0.4592609344013124,0.03200026202381184,-0.12674419179813715,-0.023594477421161556,13935.6811110049
Argentina,Mortalidad_Media,1.00533131392263,-0.8602958899406085,0.23290588208565952,0.5079105772335138,-0.21235624050615734,0.2602137954853429,-0.3462286877170467,-0.1875262825498551,10738.0179223384
Argentina,Mortalidad_Baja,1.103663227321636,-0.9458252093121495,0.3004932301559378,0.3378952019048445,-0.30346602692838287,0.14794869602568425,-0.20100705596230561,-0.020212065489634074,8535.59938004389
Argentina,Mortalidad_Baja,0.9346077347280882,-1.0707526475988565,0.3216015879085332,0.18742536597026463,-0.6741007432688483,-0.3406803814029225,0.11508977343133657,0.11632980772325795,9955.97478680428
Argentina,Mortalidad_Baja,0.9734826518763149,-1.0749479827819803,0.34624283465835554,0.12809650229212075,-0.6504078335535041,-0.4259718999630329,0.1230861346899551,0.12797067883574303,11752.7998922979
Argentina,Mortalidad_Baja,1.0698461679789748,-1.028091618242628,0.3468525414989163,0.15314966700407998,-0.4542260925603212,-0.2722075996297205,0.09547008599035514,0.08598088157371565,14532.5009308511
Argentina,Mortalidad_Baja,0.8932502075127917,-1.0488454794214697,0.3281345664364708,0.20517567110416696,-0.5686089443966462,-0.33644569482542663,0.17588703034114544,0.06564770889286792,12699.9623137756
Argentina,Mortalidad_Baja,0.49902144384041236,0.13138312119977888,-0.48988368649824593,-1.0870514877393842,-0.7779510851820814,-0.017507199770125395,0.13012193813594936,0.14070891021474025,13679.6264980954
Argentina,Mortalidad_Baja,0.6944183320023339,-1.0552865231971782,0.25418884575775613,0.3309335700986573,-0.8065006316718741,-0.3918049734732622,0.16854192207933,0.11402785489310323,12233.1444119186
Argentina,Mortalidad_Baja,0.7326162856334107,-1.0490289895608347,0.2789865663985038,0.28245784256133133,-0.7294835739882973,-0.44538019107987215,0.14607797818457927,0.09861833821886808,12963.675773326
Argentina,Mortalidad_Baja,0.7043992342698865,-1.0557376517224728,0.28160779932442437,0.2783243407215162,-0.7591430613991688,-0.4820317303875925,0.13249843760657248,0.1176772839500806,12949.717486654
Argentina,Mortalidad_Baja,0.6018979798673514,-1.0468143128210896,0.24156330722073646,0.3849304508757858,-0.8371780699701593,-0.38417756155296595,0.1336618496710851,0.1432440829355277,12704.2831819684
Argentina,Mortalidad_Baja,0.5548581415041633,-1.0427965286138843,0.24588241578772246,0.4002101418061497,-0.8271837034847493,-0.3853345360261317,0.11019887961801789,0.12556196210678186,10260.1313108254
Argentina,Mortalidad_Baja,0.6608660784683188,-1.0649582491906988,0.3097728540018242,0.26336561816913123,-0.758439657235609,-0.49519622951446773,0.05530513611807284,0.1482020858962363,8150.23527028221
Argentina,Mortalidad_Baja,0.4905500667043916,-1.0170359055058367,0.20733846342722606,0.4749136437779504,-0.8559282072897453,-0.3802524303371238,0.07002332917086432,0.12862466640831297,8944.1102657357
Argentina,Mortalidad_Media,0.40283791405296127,-1.0165963119588175,0.20522464630269904,0.501950835014417,-0.8814157095038538,-0.4086570122281354,0.042568614989627364,0.09646375655131494,7185.25155147027
Argentina,Mortalidad_Baja,0.35540557202893497,-1.046145853110906,0.19915101475779529,0.4922016492762912,-1.0060594155647882,-0.4815633872730231,0.045031874563682295,0.1626297301728012,5869.38028970204
Argentina,Mortalidad_Baja,0.2929214714114792,-1.0509172849084945,0.2117305281135119,0.5178069575967517,-1.0024343603628127,-0.42364563179803416,0.08094233067965624,0.1586755131159483,5067.65342293276
Argentina,Mortalidad_Media,0.2875278164503937,-1.0099126509692482,0.1886861346302224,0.5875413043313189,-0.9372243564915376,-0.3313290812611513,0.014240918855855367,0.13210835929716566,4242.02099089422
Argentina,Mortalidad_Media,0.3882149021951068,-0.9886429033696822,0.3001851351062772,0.5219983530290812,-0.5870314588003218,-0.09526812454608968,0.08134091720726065,0.04897307533335192,3320.47775133903
Argentina,Mortalidad_Media,0.494005562485903,-1.0335331707857291,0.4176353767431258,0.33544091069251436,-0.40991879160899525,-0.1448807580418746,0.20459881361005777,0.05139471540634581,2569.69963519124
Argentina,Mortalidad_Media,0.937204413437927,-1.1449107730608346,0.6822928301660338,-0.28594122535478056,-0.08404696901191805,-0.7208376987162703,0.36998625227154575,0.10570543166318269,7141.47507662826
Argentina,Mortalidad_Media,0.8754164498785771,-1.1108145344061024,0.6198949538855115,-0.18833569396641658,-0.13280226159775257,-0.7197227584057988,0.3202003476726538,0.10269910437411725,7637.01489203628
Argentina,Mortalidad_Media,1.0324581930914447,-0.9238463912087249,0.5815059165543324,0.03314050165378258,0.3704070793161181,-0.170141269000912,-0.13398078524420837,0.0702782024559161,7357.6162773788
Armenia,Mortalidad_Media,0.9131564370534354,-0.9659390378129521,0.3972215724776609,0.36259975318225246,-0.16153597336996547,0.3458700881048214,-0.041365516400438014,-0.1358660934726293,6571.97445545099
Armenia,Mortalidad_Media,0.5546104881912064,-0.9744802210510417,0.38878602358772224,0.4617648075145461,-0.29481958058098967,0.2065026963396946,-0.041058126959941495,-0.29499161947349867,4685.17997128509
Armenia,Mortalidad_Media,0.5705417676716884,-1.002347592492549,0.3970315592609796,0.43430519725177746,-0.36001633307769054,0.2000590008696415,0.020035832535648637,-0.1966398791044805,4268.68093304583
Armenia,Mortalidad_Baja,0.620203512216244,-1.082781485428733,0.4213986246459564,0.348734173015344,-0.5395160062598024,0.17018614539289365,0.2192762950013223,0.03613636577228753,4597.22887399548
Armenia,Mortalidad_Baja,0.47504051080862303,-1.052909749400248,0.42154390714469103,0.47115816008462647,-0.5090305975040277,0.3468643605296552,0.2400032548200361,-0.02629581458724842,4196.00562301769
Armenia,Mortalidad_Baja,0.4053395515422279,-0.9982685724633885,0.37271078152871984,0.6103084135342647,-0.4950316965689955,0.48222638084305763,0.1644939662237256,-0.060120977086974364,3869.05373867752
Armenia,Mortalidad_Media,0.18250728516058426,-1.0426925648255148,0.39381980560830304,0.6273536511124922,-0.6438927129136542,0.381444322500228,0.3142766357819004,-0.06652880418612825,3524.42476874707
Armenia,Mortalidad_Media,0.0752026112422143,-1.0246709433959535,0.35344542185912486,0.7251757236419276,-0.7254003426807396,0.4099971883352937,0.3182007473449712,-0.05355116714958404,3512.39350276709
Armenia,Mortalidad_Media,-0.1593317830842043,-1.0948511080209071,0.37257206274166266,0.7079622426929176,-0.9524420957852805,0.21120375049704307,0.5061175092588023,-0.015971064081582848,3852.11800610384
Armenia,Mortalidad_Media,-0.270051247733594,-1.0902617393045848,0.3539943378757327,0.7773682829544757,-1.0257627304491723,0.23254947707634988,0.4552685904836076,-0.011943964944541507,3680.16692158886
Armenia,Mortalidad_Media,-0.28477415287488894,-1.0798918825986392,0.35073467831392885,0.7762338991414381,-0.99955937852492,0.18341597766270265,0.408496228762085,-0.023736657393192154,3511.56399687426
Armenia,Mortalidad_Media,0.23949396824760696,-1.1656916045131744,0.5276886351549072,0.2280668711672582,-0.646143391623544,-0.28264651216782594,0.24263438806019264,0.046062587292172136,3349.55309771906
Armenia,Mortalidad_Media,0.17780526360390358,-1.1243857191822975,0.5116267224011609,0.3112122252026903,-0.6509080714805242,-0.22808868960172674,0.10014997252488464,0.021608250476257994,3041.34450723339
Armenia,Mortalidad_Media,0.4683892863450749,-1.1408442351782475,0.6660612250349079,0.006609298865817735,-0.3625120210184448,-0.42690767135120994,0.16094148484789622,0.04529767958260907,2820.5926553347
Armenia,Mortalidad_Media,0.49756694763389847,-1.1659057580714978,0.6588379543751781,-0.05253784920312725,-0.28868717518309167,-0.5060412822344684,0.23084135507080283,0.0696939815137127,3777.66859313767
Armenia,Mortalidad_Media,0.1557266878351898,-1.0952428805661663,0.4972070525399883,0.3264126280011073,-0.5952869105832522,-0.30337526540047455,0.048233288769855394,0.07833706878988256,2962.70234594569
Armenia,Mortalidad_Media,0.26897662583387977,-1.092377451660808,0.705604626822755,0.13956667006183054,-0.27568663330513205,-0.2350670185875343,0.31033518748312594,0.053948612117956436,2041.65267068997
Armenia,Mortalidad_Media,-0.5189507850500669,-1.038733098930007,0.5733004033535224,0.7893204076335345,-0.49487142981576854,0.5213605127691401,0.8268841061669671,-0.044763589238365736,1557.48458908655
Armenia,Mortalidad_Media,-0.40091964378796013,-1.101422110295991,0.49426756270878597,0.6343339409696185,-0.770153872370718,0.023644861320107194,0.3388262178860588,0.11465831944244531,1130.08791444158
Armenia,Mortalidad_Media,-0.8927914103527383,-1.0329567829743782,0.47680857454086006,1.0259659052317103,-0.8436547214762736,0.5064636620183891,0.6880329660064669,0.028543382801160685,882.030167695474
Armenia,Mortalidad_Media,-0.9250486715696505,-1.0151597538802561,0.40347818219182097,1.0959608878011624,-0.965387074952697,0.4437237249002245,0.46115629187535995,0.09720030394272922,742.651118319819
Armenia,Mortalidad_Media,-1.2927329473095186,-0.9230492273683517,0.5130426232639345,1.409640766349479,-0.675178972629345,1.169371825108526,1.1277267648894111,-0.03721623487816313,659.588988535629
Armenia,Mortalidad_Media,-1.2531695798363367,0.17032557670660853,-0.1895981596856498,-0.356792653264578,-0.5963319433868578,1.0112060043978985,0.8866968172853994,0.09913090903050326,593.450581742282
Armenia,Mortalidad_Media,-1.8965145747223124,0.25689816835866447,-0.2520062911463315,-0.059234637506560155,-0.686099160761221,0.8231523430776513,0.5877159082651155,0.030426655389313217,443.924860857976
Australia,Mortalidad_Baja,2.5117486124959307,0.8545110052062855,-1.0106084280235386,-0.6737865563832138,0.49077142619832476,1.0584708954267095,-0.15402551849839485,0.23806753645268572,64997.0136536475
Australia,Mortalidad_Baja,2.6808354266218815,0.8984944338161185,-0.9700691320458478,-0.74049966882591,0.6643517223069774,1.0573856145799767,-0.10926021442589362,0.23039046421725765,60607.7788605166
Australia,Mortalidad_Baja,2.7157993191950576,0.929514616773153,-0.9661276599868056,-0.7462117208778108,0.6816925673143115,0.9951323499088353,-0.07987389017143408,0.22392113088162158,51791.540179984
Australia,Mortalidad_Baja,2.530035923963398,0.8578525688155104,-0.9642143632044976,-0.7936632078945272,0.4818700876977074,0.729889825733411,0.09573238056552923,0.23043222057380355,54972.7017885437
Australia,Mortalidad_Baja,2.926734489341806,-0.35770319099580655,-0.15487294980867594,0.4513255529465039,0.635777483832901,0.31145901947204313,0.16467244317740323,0.20539121643037866,57196.4220783778
Australia,Mortalidad_Baja,2.424196281984916,0.7892987869873794,-0.953633008905438,-0.857671104914117,0.44427435607208,0.5928142969361629,0.2533479712697115,0.20734836345728466,53901.7145392154
Australia,Mortalidad_Baja,3.004251984872672,-0.35094064316798634,-0.1020548870091976,0.3909615589650779,0.7736387676442298,0.35433978341596584,0.15605344530886936,0.1719579093882899,49888.0410842736
Australia,Mortalidad_Baja,2.550596588964336,0.8535281714880608,-0.9480953223810599,-0.827536360191682,0.5907886751659183,0.7363378613656323,0.12228141067550738,0.18612712211079815,56739.0265346593
Australia,Mortalidad_Baja,3.078890052401004,-0.23071267578873983,-0.2154290035152006,0.5904799287770504,0.8411957185095329,0.5591980541427566,-0.08039412786991963,0.1489753912408099,62544.0873773726
Australia,Mortalidad_Baja,2.655286906840842,0.9562147330135787,-1.0251443982495814,-0.6970104851183305,0.7231995139050981,0.8976434884885228,-0.03586063113697329,0.15160995049099854,68190.7010035651
Australia,Mortalidad_Baja,2.597472429774628,0.9581268594350939,-1.050589644538288,-0.6552041589640383,0.6557226304670971,0.881478189900139,-0.06297024478844404,0.1535188920892542,68072.8732340801
Australia,Mortalidad_Baja,2.586517848597619,0.9856020981322785,-1.0943717702830285,-0.6038445037273971,0.6503645485141477,0.862278547889222,-0.06725864143988998,0.14658662987172255,62605.600458306
Australia,Mortalidad_Baja,3.068639528536916,-0.1789227734389833,-0.2689395591022616,0.6434891419324182,0.8821337336581824,0.4666021796256819,-0.04295297258957324,0.1173851114865538,52144.6654705468
Australia,Mortalidad_Baja,2.543912511289509,1.0058442924321038,-1.1290536146108798,-0.5614000461660941,0.6327460628818679,0.8095747854867221,-0.06247091186510649,0.13396247267905734,42816.5674002829
Australia,Mortalidad_Baja,3.022287320995553,-0.14644855513510385,-0.3395556299419093,0.7325105590992116,0.8584440824399309,0.4544494358455612,-0.06971521570227143,0.10534123138554603,49701.2817843335
Australia,Mortalidad_Baja,2.576804431320409,1.030791692980928,-1.1211557487239967,-0.5555471549982334,0.7026350037552429,0.8429190084058479,-0.10309594040330372,0.11724635399621391,41051.6120652288
Australia,Mortalidad_Baja,2.509160559647223,1.0063660345781902,-1.1411916993422508,-0.5307307320917654,0.6967534561966312,0.8809301269199931,-0.1139038864417936,0.10109103983143888,36595.7071548423
Australia,Mortalidad_Baja,2.496111794918305,0.9786948745672253,-1.0983650523678916,-0.5797196762842387,0.7322904375417683,0.8919600014467794,-0.10404137118464914,0.08750013013449719,34479.7679298388
Australia,Mortalidad_Baja,2.8855254583851706,-0.2079160629814479,-0.3014750206272762,0.7035167926138147,0.8714707027531291,0.47452415167716283,-0.07957088246744921,0.049462793528681825,30836.7306824685
Australia,Mortalidad_Baja,2.858953047096597,-0.21373841115192155,-0.28523321198516305,0.6877797624815929,0.8565966807839995,0.43363093507725514,-0.08170420022119311,0.03951361049178415,23718.1338501868
Australia,Mortalidad_Baja,2.2916401595642233,0.9080767236322553,-1.0791712730441008,-0.5986389061588879,0.6532507138350736,0.8036855401155444,-0.0056826975388160885,0.03028862948624208,20301.8431713256
Australia,Mortalidad_Baja,2.8209701435668966,-0.22148480269324813,-0.27660732882922673,0.7015359579741842,0.9265625721717728,0.5169900565593459,-0.12185712402781237,-0.013531454594493902,19695.7297379144
Australia,Mortalidad_Baja,2.3957884167859422,0.9887243079767709,-1.0962618142132885,-0.568214378954777,0.7897687185625273,0.8116576418291394,-0.11031589048413927,-0.022544817944349885,21870.4159669594
Australia,Mortalidad_Baja,2.3524024019586505,-0.3654568485922778,-0.19027909868508153,0.5989884713224141,0.5275054631863196,0.035296507028564995,0.010666807837575292,-0.0537188381847101,20448.1219685874
Austria,Mortalidad_Baja,2.7142568405403042,-0.4374183877341184,0.1498300658330228,0.3679734463149828,0.4948608863723748,0.6482553706385296,-0.4015227346595752,0.11946593446616616,52176.6649141178
Austria,Mortalidad_Baja,2.7578557698010746,-0.35570740267934453,0.10319035898757956,0.45661124905267564,0.5142242921055733,0.6606224136582323,-0.44592421890126255,0.1080484063952329,53648.7190742245
Austria,Mortalidad_Baja,2.751435334323868,-0.3599430643431525,0.18261094098082462,0.40300555371238395,0.49947342184361027,0.6440383129987285,-0.44182461751067015,0.11564407527274109,48716.4098900349
Austria,Mortalidad_Baja,2.6856710372795436,-0.3847515256269536,0.1534152776665707,0.3961616094827269,0.3235312156660898,0.46086660718053146,-0.2807133551875571,0.18552555814435176,49885.9947355204
Austria,Mortalidad_Baja,2.5845210005324524,-0.4344305246253005,0.14991489499509555,0.37333662120945293,0.2356165096075973,0.36358319215365753,-0.227011783424456,0.1870513451954635,51194.0749841299
Austria,Mortalidad_Baja,2.6054492883562617,-0.4188085731117694,0.09452837276891425,0.4209150217228393,0.27170257107295764,0.4042297211769264,-0.25543168602655963,0.1767273639438165,47163.7425775142
Austria,Mortalidad_Baja,2.545310917018807,-0.4413903885865853,0.11741372684504298,0.3951143906515654,0.19030146445944215,0.32065569528432,-0.206291845107018,0.1880715445068129,45061.4993920192
Austria,Mortalidad_Baja,2.4828303231919167,-0.4629285784406759,0.14237342914645826,0.3569450397904344,0.16169301749477488,0.21687139620870435,-0.14744536730370425,0.16607325190451963,43915.228020857
Austria,Mortalidad_Baja,2.58454420028966,-0.43854189179646996,0.09853704214785933,0.4106593225942011,0.28769238635291844,0.423314282104715,-0.273476877573201,0.17057009681830698,51314.9722616322
Austria,Mortalidad_Baja,2.6207951249585397,-0.3889689261838592,0.05598651482612754,0.4696819312257822,0.35733195851961935,0.4592286009120582,-0.31991987562666696,0.13753766765907138,50305.3545774973
Austria,Mortalidad_Baja,2.6075428547115744,-0.3999389169086628,0.033485687255369156,0.48407866489055207,0.3856825867508938,0.49513093203993463,-0.3490008078768047,0.1222124186114881,48250.4059142637
Austria,Mortalidad_Baja,2.618213023127329,-0.4032629466491089,0.03184430158876941,0.474906548668219,0.4038822843801685,0.4903993318936183,-0.3302724192327537,0.12638971828615833,51116.8953522042
Austria,Mortalidad_Baja,2.6584667831343993,-0.3405703514320351,0.027564233135887392,0.5151550923390427,0.46278888161727955,0.5013513178415178,-0.37413046095461905,0.09281955150555214,46611.1393420232
Austria,Mortalidad_Baja,2.625004613290759,-0.35071028928008996,0.09152489886596613,0.4836950720432129,0.44842286424690186,0.5182403936168106,-0.42156711824867943,0.08228946385298486,47857.4446635266
Austria,Mortalidad_Baja,2.6872809922137755,-0.30710997729937844,-0.024857003481219515,0.6017377800898366,0.5307477212610779,0.6601126938909114,-0.5201344634609811,0.07484469724602312,51581.3982361071
Austria,Mortalidad_Baja,2.668176948336412,-0.30453298901035286,-0.046026680910636344,0.6306280531456248,0.5443033093224355,0.6930761917245502,-0.5641155202483492,0.05708317448751683,46622.9622913635
Austria,Mortalidad_Baja,2.629247023079041,-0.29815786306928993,-0.025933160321795077,0.610215168261847,0.5046860133324174,0.574339558683369,-0.49945889329979387,0.04612139299620339,40382.2078298575
Austria,Mortalidad_Baja,2.5286748612103374,-0.32138779298378667,-0.0037031020039846275,0.5849607359518176,0.43074833734980644,0.44774641213765143,-0.44867650901728423,0.022456052198500345,38157.37022862
Austria,Mortalidad_Baja,2.453094033384721,-0.37734729943996903,-0.009676005121627177,0.5612165847712214,0.3919927021526207,0.41862110756795856,-0.4232882191097219,0.020626377462034072,36614.2506533707
Austria,Mortalidad_Baja,2.4290669763481874,-0.3741500358496791,0.0031706934002934508,0.5545995745688064,0.421426006857918,0.3990256663761642,-0.43599290351281567,-0.01696505080520704,32110.1159661425
Austria,Mortalidad_Baja,1.9305307901936897,0.7556519811605021,-0.7778870922338693,-0.7577055611682749,0.21621306483948985,0.7649332124726476,-0.4264529223539524,0.011080674617506012,26334.862215032
Austria,Mortalidad_Baja,1.8751673770997639,0.7413576612296429,-0.8025267711634526,-0.7334994079115723,0.17060876128458186,0.753117144661481,-0.4334673220819681,0.010648214795812445,24430.495982841
Austria,Mortalidad_Baja,2.257664149725443,-0.45584379556338783,0.03258861015682168,0.5304288531543524,0.30869030206259546,0.3801767551813803,-0.47749519695242915,-0.03120369607099018,24487.2974685956
Austria,Mortalidad_Baja,2.3725818812124304,-0.3665877380073747,0.0004478650519114758,0.6492089774722677,0.7062686927712175,0.7924738481200093,-0.8212152644255606,-0.155229988992544,30207.0674314652
Azerbaijan,Mortalidad_Media,-0.53393497041133,0.30281844220720444,-1.0397389846625844,-0.0697323261450998,-1.8657552620793396,0.07643517719453581,-0.8295829963600829,0.16846490679399564,7770.594223351
Azerbaijan,Mortalidad_Media,-0.24338617432722137,0.4283160815047248,-0.890249950313465,-0.1598231893800146,-1.050580655730648,0.443092782695871,-0.9964463490761738,-0.1296286303737544,5408.04535175023
Azerbaijan,Mortalidad_Media,-0.33138308693618895,0.3195134874651698,-0.7177460875503523,-0.41527031534463055,-0.9614852579114718,0.1865272461092038,-0.6374791333759386,-0.15914371356217102,4229.91064904503
Azerbaijan,Mortalidad_Media,-0.22809200706730606,0.39947778436898074,-0.9098822551303786,-0.15044136524191437,-1.1945078626225882,0.4662516801756533,-0.9345805606494647,0.09477784100643222,4805.75371765917
Azerbaijan,Mortalidad_Media,-0.39031935161509995,0.3653657314980397,-0.9162808370139333,-0.1343537874205112,-1.3646586660761917,0.3377957290228022,-0.9637502164931563,0.12954656023451558,4739.7943123408
Azerbaijan,Mortalidad_Media,-0.3876740942525966,0.33176414652511244,-0.8285978793000908,-0.26362120196880634,-1.2439110404926004,0.23327717843758322,-0.8005118819752259,0.1282030965849776,4147.1981423222
Azerbaijan,Mortalidad_Media,-0.5246785242481125,0.25701503965784817,-0.7701196445530583,-0.3767134116730002,-1.3530226032384978,-0.030164299703988533,-0.5987992836213434,0.17144059361218988,3880.6852276838
Azerbaijan,Mortalidad_Media,-0.5498410793210583,0.24992866282019124,-0.7294667281566731,-0.4199518644595681,-1.2723013750011118,-0.06915489090199067,-0.5037809043396293,0.1808165641048006,5500.50364628486
Azerbaijan,Mortalidad_Media,-0.8568393678175711,0.27407967996369903,-0.8850661072699676,-0.17674318057436955,-1.6628318317927815,-0.18482150302806688,-0.7187767380762045,0.23459064243312927,7890.84028062087
Azerbaijan,Mortalidad_Media,-0.9709948488678167,0.3163283011071658,-0.9458185243636218,-0.03952676758180609,-1.7164159863984434,-0.12920148913780183,-0.8683708930257007,0.24813443571657912,7875.34536661549
Azerbaijan,Mortalidad_Media,-1.0698960449406398,0.34522909861754764,-0.9903291324450384,0.05316052491832557,-1.76771229187352,-0.13528636450024775,-0.9765087383283316,0.2695510198752283,7495.86527658099
Azerbaijan,Mortalidad_Media,-1.2066951014825136,0.35274514875564666,-1.0077036411010318,0.12055528872720095,-1.8294623975960522,-0.15457686107321575,-1.0662861484323798,0.29031732205914085,7189.81869211976
Azerbaijan,Mortalidad_Media,-1.3328914641999372,0.31576586356385095,-0.9568393780566279,0.07450917710789833,-1.8485397646771198,-0.25780977435102936,-0.9709861359714346,0.3306059390897902,5843.5337683582
Azerbaijan,Mortalidad_Media,-1.2657265951501384,0.333420743188367,-0.8816374682471267,-0.013125787201000874,-1.591589443442114,-0.2614726119838262,-0.8671100815344155,0.3292090391028556,4950.39949009423
Azerbaijan,Mortalidad_Media,-1.472673326114317,0.46529373803182955,-1.1194561622494046,0.384879816275105,-1.8246038674236422,-0.1509784194644179,-1.2527254573205644,0.36471492300454944,5574.46810432575
Azerbaijan,Mortalidad_Media,-1.689690110868775,0.4678620439523596,-1.1221272244924936,0.47200809262601784,-1.885499467597811,-0.15262065152561272,-1.278451827742144,0.3786109116967616,3851.33015175141
Azerbaijan,Mortalidad_Media,-1.7449776557590209,0.457292594115346,-1.0726417647438828,0.41036468520517744,-1.806455984689977,-0.26919032989158564,-1.1256376934011603,0.42722780063370547,2472.95725732287
Azerbaijan,Mortalidad_Media,-1.4177368120978515,-0.7050157574746948,-0.2052137287387795,1.6869860270729933,-1.4815751779471542,-0.6285512882026209,-0.970639128669416,0.3985309652545662,1578.36733030667
Azerbaijan,Mortalidad_Media,-1.3046979191752777,-0.7313891983683593,0.002563538571941943,1.4466255742647858,-1.040124258850005,-0.604411794982126,-0.6706606842805921,0.4136980107327968,1045.0136328106
Azerbaijan,Mortalidad_Media,-1.4366465758895268,-0.7144451748466728,0.04340467579844424,1.4819160631040666,-0.9450548159349375,-0.5663662688824526,-0.6187052281555848,0.4519117162444988,883.692580745256
Azerbaijan,Mortalidad_Alta,-1.6450659469731175,-0.7419684693628683,0.10855648311686998,1.464599996528641,-0.9410217533218173,-0.6622468555416445,-0.4471362012506482,0.5275644952880642,763.108895463487
Azerbaijan,Mortalidad_Alta,-1.67714560942899,-0.7125244767391578,0.18326621086169703,1.4291367849515897,-0.6923455379627282,-0.6458207682128729,-0.39521399417562336,0.5555093264760879,703.670998584686
Azerbaijan,Mortalidad_Alta,-2.000737419298951,0.5894156682477146,-0.5856497320522658,0.2317696943811206,-0.39780290023140374,0.05682689407211414,-0.5452501726688216,0.572175572366075,655.097249579917
Azerbaijan,Mortalidad_Alta,-2.40657511093683,-0.5003070309510074,0.38664058615839714,1.6933747659052787,0.13575409952216871,-0.487646999342759,0.1688884911436583,0.6190073824793011,314.55801908334
Bahrain,Mortalidad_Baja,1.9830232290901522,2.172552184330662,-1.5131965924592545,0.639672891618596,-0.9880381138769003,-1.0576003658476785,0.6552208002665862,0.28729041714638687,30470.5219276023
Bahrain,Mortalidad_Baja,2.359560822716085,2.338935260081143,-1.4636338273521696,0.6499727876051449,-0.1938621154024911,-0.5814137057351156,0.27731657767869394,-0.013442405137728054,27147.8083882286
Bahrain,Mortalidad_Baja,2.3216424367006097,2.1713110420930875,-1.3635435247154772,0.342773253607949,-0.26354186817652503,-1.0141613227565958,0.7643006629761461,0.05006784436199673,24342.8444554718
Bahrain,Mortalidad_Baja,2.3796877153103346,2.2100349696531114,-1.257145319128715,0.3661396501726974,-0.4026525109398478,-0.8133525088421636,0.6538026620265716,0.17935950016035904,27259.7438599327
Bahrain,Mortalidad_Baja,2.2784274225303744,2.0637473102564434,-1.086426199331579,0.18247385734882374,-0.4493008292931741,-0.7597176559492569,0.6139857841747465,0.18888639285617698,26324.4066549559
Bahrain,Mortalidad_Baja,2.3908312410800288,2.0860878625116777,-1.0191356564108331,0.12647512714946668,-0.3036970289315459,-0.6727563491198827,0.5955721498636402,0.1700163378987472,24784.7693514607
Bahrain,Mortalidad_Baja,2.3616102647434505,1.9870634703107304,-1.1207415126832192,0.04263913164493966,-0.3017723791743198,-0.922719666933071,0.8480093072019351,0.17985833529490772,23800.001440631
Bahrain,Mortalidad_Baja,2.3717336002096387,2.0837728596102694,-1.213244547874072,0.16639959260526915,-0.34716899672481977,-1.011846698706851,0.8901418248659781,0.17256224176848967,23734.0551143019
Bahrain,Mortalidad_Baja,2.173424250822,2.08382204124426,-1.3929042868763264,0.416548038307977,-0.5858991548256475,-0.8652970150723338,0.6089889110062665,0.1838566706001347,26451.7965647453
Bahrain,Mortalidad_Baja,2.2541280899958243,2.2900143809266633,-1.5620914827901027,0.6590793840326805,-0.5771458996471682,-0.9421556399392981,0.6267038180664691,0.15492054888049478,26989.7601148469
Bahrain,Mortalidad_Baja,2.0786262599370153,2.1114619295491757,-1.3230918877682734,0.44371537569369085,-0.6604332079544931,-0.8509993025580758,0.5162503917840042,0.1541620258222699,26438.6733230428
Bahrain,Mortalidad_Baja,2.080795306084763,2.1632194132906744,-1.5588537903089048,0.6274998002690503,-0.6186159177136499,-0.8616674575342255,0.4705936519153364,0.11560763430653949,25032.7867743333
Bahrain,Mortalidad_Baja,2.2127460734788618,2.162855593292525,-1.3496044454197915,0.4267457761392638,-0.36053993216456975,-0.8267755107137825,0.5208316192461023,0.06446011082574114,21819.3291098099
Bahrain,Mortalidad_Baja,2.120610258273684,2.02941381093455,-1.4522822837576603,0.3592130517195084,-0.3334457357856866,-0.9676005642955345,0.628332083526478,0.04087035707944222,19465.3140745038
Bahrain,Mortalidad_Baja,2.1251452761218017,2.3937621574683186,-1.7843927634580816,0.9389615933703547,-0.45691637996934786,-0.8600170607626015,0.33298240338173984,-0.00794913665158334,23299.4992780392
Bahrain,Mortalidad_Baja,2.2475617099174916,2.35212474360194,-1.6625785830414859,0.7357908515275583,-0.1954925164157686,-0.9079961894910854,0.46674847662312535,-0.05329256139368376,20908.4042548073
Bahrain,Mortalidad_Baja,2.2644467665315373,2.4367836373295444,-1.56919582632253,0.7324584573326185,-0.16503962906445313,-0.9525086215050915,0.4818674260071957,-0.07949280277108414,19267.282615072
Bahrain,Mortalidad_Baja,2.233423230437667,1.7770019757686049,-2.2016949226551477,0.5017891665660317,0.494055464206458,-0.7743138514990208,0.8685954647578663,-0.15714054762334634,17966.1657837625
Bahrain,Mortalidad_Baja,2.6347249906919683,1.7115574053308573,-1.860322318543578,0.048015367693133894,1.041175562042918,-0.6630199452763843,0.8199275266294621,-0.1951967548310336,15963.9493171617
Bahrain,Mortalidad_Baja,2.6553396743018123,1.751973712133672,-2.012664008822518,0.14444891076091146,1.1226787356318066,-0.7282264951377535,0.9222651088053334,-0.22497040836495968,14486.0269029822
Bahrain,Mortalidad_Baja,2.4206736541269467,1.9200797007672847,-2.2521465308331363,0.5911868936947928,0.7219135820970843,-0.6797166213701349,0.5888897046839655,-0.21074374650739894,13501.4708801425
Bahrain,Mortalidad_Media,2.330883928960938,2.0556737001016456,-2.4059012201193473,0.8565440005544586,0.5430515827632925,-0.7056165304199519,0.4460670123795574,-0.20968158798369982,13573.2339887597
Bahrain,Mortalidad_Media,2.533080678134927,1.9739237058763315,-2.29412319866214,0.5612515031397003,0.9371842214930698,-0.8207812466249084,0.7658616886266975,-0.24874763865061303,14214.4836839343
Bahrain,Mortalidad_Media,2.497304647341699,1.756707786663618,-1.838803493184781,0.029715199672406094,1.3861572145458043,-0.8393223769213588,0.8550429029265901,-0.21555438668757237,11900.9317778335
Bangladesh,Mortalidad_Media,-0.15639197319230977,-1.2205076208526728,0.6030692180161769,0.28746538880939076,-0.7744972380975415,-0.28807355774319393,0.17620927019951074,0.33096530980741634,2716.48592780431
Bangladesh,Mortalidad_Media,-0.6652262267318247,0.027283839278731327,-0.17520996659772903,-0.9463018764658591,-0.6752061683859234,0.12784601338589185,0.029490998380737682,0.09556377399889887,2482.84917843357
Bangladesh,Mortalidad_Media,-0.6853651368986463,0.01337195205502756,-0.16177012805292823,-0.958248903165501,-0.6927253478933422,0.12347406553120968,0.08439742905315753,0.12771532622811788,2248.85078828233
Bangladesh,Mortalidad_Media,-0.6958026159790323,-0.008049865129520507,-0.18170440620099843,-0.9479599853484526,-0.812671860382302,0.10974930441779769,0.13108520951181415,0.2380892483205725,2129.79896954606
Bangladesh,Mortalidad_Media,-0.8094610253775614,-0.026494729362102225,-0.1588156673200029,-0.9584239359069538,-0.8411427952188202,0.02556714797779581,0.20260057851426877,0.22873965765682222,1965.24372731467
Bangladesh,Mortalidad_Media,-0.890171148431766,-0.03603258967981563,-0.1296486363829965,-0.9779266721765473,-0.8189792108895005,-0.04097206046968867,0.27005229792004637,0.218859637220142,1811.08221668646
Bangladesh,Mortalidad_Media,-0.4065679193819185,-1.1457387509199717,0.6637670844020698,0.37875820158178586,-0.4812380837863509,-0.23667680327777613,0.14511506832266027,0.1704436519925381,1649.28380858601
Bangladesh,Mortalidad_Media,-0.8387721025889989,0.03541194710076385,-0.05407838513454851,-0.9689796922627183,-0.4276191521751957,0.1772374697021314,0.27048438496967925,0.15395489288813666,1224.38647668165
Bangladesh,Mortalidad_Media,-0.9763258488755053,0.017372605897771797,-0.030717713888476685,-0.9736465063504551,-0.4623564417280812,0.07990816801393963,0.34786656902870877,0.15706583162016174,1094.46199702838
Bangladesh,Mortalidad_Media,-0.9703329536260771,0.0622619659777219,-0.036029620942397755,-0.9241316715636694,-0.346778075041495,0.16504735225226297,0.2545562351445773,0.13978892511750723,958.262989798283
Bangladesh,Mortalidad_Media,-1.1032310243200336,0.051996258303588214,-0.01841704045449474,-0.9132664391897598,-0.3735007775960853,0.09530164450704807,0.3202350559487158,0.14175741658228833,859.680536375497
Bangladesh,Mortalidad_Media,-1.1747136152724824,0.06541003049771622,-0.006449284289351612,-0.8870414316021766,-0.3299555460967945,0.10313765172519156,0.33197628859755696,0.13236473969760684,837.336944695647
Bangladesh,Mortalidad_Media,-0.8194424071018371,-1.1239417553362272,0.8247784549125021,0.3681467400371081,-0.15902222597591853,-0.3596206524594775,0.38238714567080556,0.1252059820255875,757.385280361508
Bangladesh,Mortalidad_Media,-1.342685089265128,0.05391434672570667,0.03371059297809049,-0.9071908001781338,-0.3111198899134441,-0.046626522277387394,0.3931876951753113,0.1483068059384453,679.211477428056
Bangladesh,Mortalidad_Media,-1.4238992904389973,0.07157616914487258,0.0383695147256135,-0.8694887927015211,-0.27589952781385363,-0.043763235704170636,0.3842163048610691,0.15283160224267806,613.06204104124
Bangladesh,Mortalidad_Alta,-1.5434677847459046,0.061891058939219964,0.05855289907753781,-0.8753713300993197,-0.2874277840929215,-0.14548314168507656,0.4260261305950543,0.16408573092069278,537.955492792911
Bangladesh,Mortalidad_Alta,-1.6436559923607543,0.06089393252912466,0.0730279863130993,-0.8689418233601781,-0.28463377089953806,-0.21320257092701164,0.4504283172598345,0.1905380096557276,490.388026533289
Bangladesh,Mortalidad_Alta,-1.3059250168894134,-1.1129978568168766,0.899332645675574,0.4185198310344656,-0.09083014446295071,-0.6325654334914389,0.48492028847428564,0.1889413164369199,480.08585075452
Bangladesh,Mortalidad_Alta,-1.8674992340993664,0.07208976166172965,0.11926377933777606,-0.8426589988408775,-0.21158806721517648,-0.30268479523313113,0.5267873390133645,0.21926173489470005,455.614016909798
Bangladesh,Mortalidad_Alta,-2.11135505583315,0.029574057473605423,0.14758722491126763,-0.8580364274543884,-0.3333793317862746,-0.5254218788576909,0.6658307218524744,0.2589081044451747,426.74880754362
Bangladesh,Mortalidad_Alta,-1.9074119124553872,0.21909380070446374,0.09882037582749241,-0.6453222339599075,0.13091294535964182,-0.0004910223340778761,0.2837943514217506,0.21115544897349287,393.886422327628
Bangladesh,Mortalidad_Alta,-2.069185577850344,0.2554362798694954,0.0996651227229981,-0.554143490171729,0.17964503869251197,0.029502600910823993,0.28347650110266137,0.22146242926481174,394.65641001891
Bangladesh,Mortalidad_Alta,-1.7428857978538368,-0.8913871355495615,0.9262091147246216,0.7683264034551979,0.4430449097839957,-0.3324782552963419,0.280828256950662,0.2204756912342559,396.670730249751
Bangladesh,Mortalidad_Alta,-2.7827775637757495,-0.8042034621535153,0.9502718324228249,1.1200354720849415,0.4122300216364638,-0.6321371660036009,0.3924284055464595,0.4137513127911965,309.458680823367
Barbados,Mortalidad_Baja,2.086286031243535,0.7374903604786965,-0.43666654702206276,-1.3151219166646801,0.9469067918922922,0.10168472337277594,0.256650803984332,-0.10095627924662569,22164.0260273876
Barbados,Mortalidad_Baja,1.651704074018818,0.4457548351719345,-0.367127539204489,-1.4935032925264042,0.4365305373955199,-0.2297214599665784,0.544298736831748,0.038377813623292865,18696.7858952957
Barbados,Mortalidad_Baja,1.3230394029314805,0.07835380614031595,0.00798092198628419,-1.8892965795909051,0.2762926312861004,-0.09762305378841375,0.5314560150000602,0.0848831439231212,18347.1109131055
Barbados,Mortalidad_Baja,1.6196537381316278,0.32693183777574547,-0.1714683476924468,-1.6650392073911746,0.5289620213413623,-0.010499379996281082,0.40000398299968326,0.04641879853398004,20583.7265786414
Barbados,Mortalidad_Baja,1.8558329970088399,0.6925372730521376,-0.6599688236517434,-1.21662834896308,0.6354435441891073,-0.35289074466590986,0.6640127858056738,0.01320504568528347,20055.915870771
Barbados,Mortalidad_Baja,1.3327772798755324,0.2966867062052301,-0.2146527889379565,-1.6880359359205657,0.11176299538137181,-0.6640028994569768,0.785719549555893,0.10604157196759423,19692.7606711615
Barbados,Mortalidad_Baja,2.725102069468614,-0.3040967895431451,0.21086121178380218,0.10074394510470994,1.3466175907051428,-0.21745853041521684,0.29521254029105687,-0.06614012324237445,19065.8069800213
Barbados,Mortalidad_Baja,2.104863997400037,0.6401794211355701,-0.253820965555797,-1.4665875239244712,1.1206268377987623,0.39387053809016365,0.07574237427138247,-0.026235210930558917,18954.2913724506
Barbados,Mortalidad_Baja,2.200080284235723,0.7412986234732,-0.3795348410994207,-1.3425477135374635,1.2224380407510003,0.3947800411771163,0.0863639380413154,-0.04903136760862089,19277.9423599235
Barbados,Mortalidad_Baja,2.201612245921949,0.7321506103659887,-0.37050264360447105,-1.3620262837289276,1.256533584471737,0.3925644838703172,0.10143338126486262,-0.05430513823225325,19308.0091116993
Barbados,Mortalidad_Baja,2.302909415538806,0.9136426617052952,-0.6014562265060637,-1.135433195374751,1.2859419447822877,0.23278248728724923,0.2047489374412404,-0.06926483272741447,19034.0708028512
Barbados,Mortalidad_Baja,2.1795037632055014,0.8370420843422529,-0.49895876822910207,-1.2267638521801751,1.1641752865234796,0.17231544598308762,0.20632327891951863,-0.05503128424438772,19345.9953139542
Barbados,Mortalidad_Baja,2.073313983062994,0.7048111212530658,-0.35005917042242474,-1.409250556606029,1.1173420282448123,0.12507476346732502,0.2630907129969165,-0.04124969136517061,18860.3833703309
Barbados,Mortalidad_Baja,1.767722163705835,0.4534303307998179,0.03821885603466434,-1.6653947737488877,0.8553358999943462,0.40253959736488804,-0.09423637067069086,0.009302845346593036,16294.9099491834
Barbados,Mortalidad_Baja,2.2331504025774813,1.1566545754442998,-0.8850242963102853,-0.8331661839680875,1.0380749467888932,-0.3275113567428417,0.49837758070508686,-0.06292984340680487,17565.6929970592
Barbados,Mortalidad_Baja,1.6485841462822313,0.4143959717177685,0.09312459575186309,-1.6592402896119296,0.7502238876699882,0.4818891591671561,-0.2370822692789492,0.01709186057936574,17235.4396434785
Barbados,Mortalidad_Media,1.7140033833031352,0.4315993741884542,0.08420090019435093,-1.6509182338227604,0.8804590075806504,0.5820912024440101,-0.2956190285675367,-0.0084175151832244,15619.6005955511
Barbados,Mortalidad_Media,1.6247009299695645,0.39074530939502133,0.06246368790172087,-1.650243635955296,0.7985200331487475,0.5176292476415648,-0.2590650161325712,-0.0018516467152977561,14214.4202213572
Barbados,Mortalidad_Media,1.6544105148357187,0.36992146194829445,0.08941454634245319,-1.6997003061438365,0.833901751636016,0.5203133113140977,-0.2208082345152134,0.0093066662060573,12886.3665272467
Barbados,Mortalidad_Media,1.708671466515137,0.5016220729207816,-0.1732579723652122,-1.4735489498641303,0.8709908589034773,0.3968788357036083,-0.11375201274598595,-0.031464769136049925,12075.9587020649
Barbados,Mortalidad_Media,1.7774073950851392,0.49720726000252996,-0.11452518568490598,-1.559487739611238,0.9596428836559198,0.3594662765377313,-0.04239975884641841,-0.042785751687970164,11760.4524736133
Barbados,Mortalidad_Media,1.6616922071151246,0.4567174834974169,-0.13992464088128412,-1.504320381159629,0.8502279175353471,0.44160479215772536,-0.15137130062296977,-0.04747874490815639,11639.5160522054
Barbados,Mortalidad_Media,1.728884839820551,0.5589313258023104,-0.2596873173822795,-1.3902243277484283,0.8767935102266738,0.34385240267226835,-0.0880232240768494,-0.06764798680834389,11674.6736471764
Barbados,Mortalidad_Media,1.2032179671016665,0.33609162512249713,-0.2987518256132862,-1.5454733357080874,0.370846144734505,-0.4964135578613828,0.6169908618971562,-0.04068667330179681,8460.47380869104
Belarus,Mortalidad_Media,0.43211520651697716,0.38137918267297166,-0.8840622482806176,-0.4859539559731419,-0.8760003214797467,0.341075999210256,-0.1002919655921841,-0.30992166436342794,7994.64806074889
Belarus,Mortalidad_Media,0.339603122967761,0.3735509771486005,-0.8627665716388984,-0.5486837604007103,-0.8664989279601151,0.08422529482923041,-0.13370118882360268,-0.4287493689104097,7489.71894713888
Belarus,Mortalidad_Media,0.715975399312411,-0.8569073141449199,-0.0005625174853567189,0.6738398912867205,-0.7479680940419997,-0.2896501839667493,-0.09815839652784342,-0.43186079873817457,6542.85579976768
Belarus,Mortalidad_Media,0.8160157666265885,-0.8581192521251059,-0.047551668135162845,0.6999741690921624,-0.8484890787378807,-0.2269459264302913,-0.07572067157366888,-0.27078298190240846,6837.77339645635
Belarus,Mortalidad_Media,0.8852308702019035,-0.8015839340563271,-0.09277581157712368,0.7721552474130102,-0.7734908160163534,-0.12741191580103114,-0.1833825416931077,-0.2799472043284282,6360.037502312
Belarus,Mortalidad_Media,0.7429474447169846,-0.856867590302943,-0.05234102891310733,0.7460333904158813,-0.8718343164837021,-0.17887632942796716,-0.07135766312786447,-0.27365003832068896,5785.54491935194
Belarus,Mortalidad_Media,0.6584146113540202,-0.923492629706658,-0.0025408257009968734,0.6344623732980363,-0.9724768551178946,-0.4077624659478832,0.03443181686875943,-0.26549814652633424,5039.77560949445
Belarus,Mortalidad_Media,0.6110215062482071,-0.9272228482035029,-0.021860263317110697,0.645951017423638,-1.047898761612932,-0.491379937679191,0.0028583831207592983,-0.25875339853852203,5967.05595058777
Belarus,Mortalidad_Media,0.4229367518533289,-0.9039323023938924,-0.1028154148901765,0.7745540957744113,-1.187698858137092,-0.5892906956654741,0.07775704499445739,-0.29787294446887164,8341.31809294883
Belarus,Mortalidad_Media,0.3912744512131423,-0.9082891813074869,-0.09540490351401242,0.7640312274140827,-1.1968261327186858,-0.6373769897891497,0.0301748613164681,-0.319377246020373,7998.0802045456
Belarus,Mortalidad_Media,0.3023099336868928,-0.8280728590633293,-0.20534028640884613,0.9547271849548317,-1.2170993913265533,-0.5798286784736933,0.03281773210758568,-0.3698756438250054,6953.21591683101
Belarus,Mortalidad_Media,0.2321477189340732,-0.8478292271745744,-0.14448082172018997,0.8915620172085316,-1.1481024572768708,-0.6566484355476487,0.01951070201242776,-0.4634374708003654,6527.6593428786
Belarus,Mortalidad_Media,0.07542739906762919,-0.8966756381818974,-0.11047376856887171,0.885158916400543,-1.2579119168201214,-0.6945787430757618,0.09317543248451302,-0.4602447184476343,6034.67885177216
Belarus,Mortalidad_Media,0.06233425646029576,-0.8903369900302288,-0.13150390389999958,0.9195807989324459,-1.304915052486222,-0.6732360507176025,-0.035160663326106414,-0.4372973631369159,5352.48809190697
Belarus,Mortalidad_Media,-0.07981515027025844,-0.831072877311124,-0.26374358004380183,1.146021797095501,-1.481683018806626,-0.6073789294678624,-0.14825880422447577,-0.41685185188470875,6376.17569162063
Belarus,Mortalidad_Media,0.0794933282311893,-0.8078791190650244,-0.20770728119371268,1.0643518523343714,-1.239312693925713,-0.5356406230221827,-0.17957705429964302,-0.4406068403521059,4735.48107556066
Belarus,Mortalidad_Media,0.16377181618485095,-0.7350351309333327,-0.2152306481909909,1.1200550374131257,-1.0204175955643113,-0.3744595452995338,-0.3020065479728654,-0.5137344101776059,3848.22350300163
Belarus,Mortalidad_Media,0.22988396557209026,-0.667450076493852,-0.22860868156649874,1.2154229131034864,-0.8573391375090145,-0.11133201100034912,-0.5659925069842644,-0.5594903419737526,3126.07176665248
Belarus,Mortalidad_Media,0.38786326798118664,-0.6361771568542087,-0.18067017601405794,1.1684513207100322,-0.6136915722506722,0.03798625792839576,-0.5779041007854147,-0.5685646159475324,2378.33700470129
Belarus,Mortalidad_Media,0.2777892723887407,-0.7150528170291248,-0.10151247547997763,1.0336873312873218,-0.682266051187729,-0.18709603573294942,-0.4287168487996002,-0.5600249223471093,1819.52653114699
Belarus,Mortalidad_Media,0.20362393341676382,-0.723518862132834,-0.047358229009869565,1.0221067075786023,-0.600624399161326,-0.1362145857060556,-0.33924813422105443,-0.5983152972608693,1479.38066337175
Belarus,Mortalidad_Media,0.08351539490626475,-0.7934678928785838,-0.010052512879844093,0.9533824690048869,-0.7496518476965395,-0.3004700398547227,-0.18075040950099508,-0.5274914659480989,1244.37318523431
Belarus,Mortalidad_Media,-0.029120376940671832,-0.7119058150256358,-0.1232440917692937,1.2306053923046767,-0.8374836940181443,-0.0021330962659728454,-0.34196248368884474,-0.5037604204870745,1276.28038121269
Belarus,Mortalidad_Media,-0.7027873016288124,-0.9431197433640408,0.03278404805942079,1.047906136031641,-1.322789143489006,-0.6583640270932004,0.44204373961849486,-0.429566626211486,1370.69991385664
Belgium,Mortalidad_Baja,3.1316123978184573,-0.14976165909334443,0.4038506846052305,0.22270688454627036,0.7896927247809348,0.3998674657517008,-0.068723958284787,0.1289298795201525,50822.2518538518
Belgium,Mortalidad_Baja,3.173986885666886,-0.08136407927804698,0.38025271011895595,0.2472287526718465,0.7898398889302589,0.2590529185963124,0.05937766645615875,0.1321677829647942,51658.238294958
Belgium,Mortalidad_Baja,3.032703837011472,-0.17469170535248835,0.4187095638449276,0.18834530190804188,0.780193072293473,0.2638132295335091,-0.015922724222467342,0.0638649448400846,45906.2875805246
Belgium,Mortalidad_Baja,2.9731335676928077,-0.19601484882199602,0.3246621833296889,0.22439921436315793,0.5477016702796282,0.05565472489692338,0.18698310491119796,0.18213752837067762,46716.6227467964
Belgium,Mortalidad_Baja,2.9281077113087335,-0.18789392760904175,0.3914112399505677,0.1958010838439905,0.5156421003807534,0.004830327104991311,0.19443675244602976,0.15914564879440105,47487.2100392561
Belgium,Mortalidad_Baja,2.9343354910445467,-0.19259259985469918,0.3055620657074434,0.2374290542385358,0.5496354098445771,0.0018201485462086024,0.19848074008580202,0.15026512110107695,44035.3239358548
Belgium,Mortalidad_Baja,3.0308801255589284,-0.11556296891627994,0.3271640634903709,0.2758643088636841,0.6486526628502227,0.10729430960088321,0.11936640060376352,0.13074685698931343,41854.5498296444
Belgium,Mortalidad_Baja,2.947996939940343,-0.1971078186093404,0.3255282206487093,0.23245605845873918,0.6404117868207406,0.10927738834064966,0.09464295791660335,0.10571428937685504,40893.804537772
Belgium,Mortalidad_Baja,2.9528262033769272,-0.18219623198480323,0.33281559379999337,0.24045031671184788,0.5996975072561752,0.09043795562138193,0.11562278165638759,0.12961689914483812,47995.7786961339
Belgium,Mortalidad_Baja,2.941111650776911,-0.15183207056772635,0.2410330062480103,0.3133866717836476,0.6520750726092147,0.060678907345389145,0.10087501488343854,0.07559503924895103,46964.5946777056
Belgium,Mortalidad_Baja,2.8268907358661948,-0.24277543724812564,0.24384992748840223,0.257108898004249,0.569644059316966,-0.02101723112899909,0.14969852746812984,0.07651224697309868,44874.1709182123
Belgium,Mortalidad_Baja,2.858763364260303,-0.15378198997841305,0.2388114135885978,0.32741444137800113,0.5298909875610369,-0.05100267017059938,0.15527455056452205,0.09199229213372613,47760.8298776546
Belgium,Mortalidad_Baja,2.8980769717274426,-0.12835884750768203,0.09233792235905847,0.4133075253469811,0.6308083541181685,-0.0549906593799174,0.16001236042381206,0.052502726674828734,44197.393671162
Belgium,Mortalidad_Baja,2.84599445062,-0.13058028581209732,0.23521997425016755,0.34003186837245375,0.5659715604994302,-0.08712434096487962,0.15567591771519487,0.05502990249503327,44923.3400135081
Belgium,Mortalidad_Baja,2.85150539099225,-0.06716078324410418,0.1477780142641677,0.45478987884822153,0.5795395617930275,-0.060884391694982186,0.08955436681872685,0.022981296966133907,48303.397956286
Belgium,Mortalidad_Baja,2.8055118694444516,-0.15048283471327972,0.058707904824337846,0.4714744659922979,0.5810664196347289,0.017673386062743483,0.033487679164627526,0.03442668553242537,44319.165448813
Belgium,Mortalidad_Baja,2.8189376986901267,-0.12556872356425766,0.02976163883905894,0.4981139677068139,0.6364088784218168,0.01164309350035608,0.025033670333350272,0.0018970402532589134,38705.1067959147
Belgium,Mortalidad_Baja,2.8263732872680025,-0.07322481656510119,0.028382840202156943,0.539407998467556,0.6602818493508569,0.008569176141360409,-0.007601230425647496,-0.028342984807311657,36809.7013403619
Belgium,Mortalidad_Baja,2.698281558981834,-0.1605173954845095,-0.04832193338234162,0.5330069352750018,0.5534661057299098,-0.11452199813675983,0.07882976423105421,-0.017166911657350018,35429.4077933344
Belgium,Mortalidad_Baja,2.5726525599731422,-0.19700344823104232,-0.027335786968682253,0.49530970299281624,0.4798943310584336,-0.2769014572978432,0.15430708663401368,-0.050885103163225455,30655.2092679024
Belgium,Mortalidad_Baja,1.9879519075886225,0.9085537511988246,-0.7957686457095562,-0.8319287575906985,0.16413444975904667,-0.019130651194643265,0.2113854420615737,-0.014595589064216933,25006.191397109
Belgium,Mortalidad_Baja,1.837486553773347,0.8563817616807331,-0.8447147445721659,-0.8376106775987416,-0.009808030351178656,-0.25552425771329274,0.37006607519094786,0.006503920237002136,23015.0712632462
Belgium,Mortalidad_Baja,2.254985975535621,-0.3050966629502962,-0.10146056811844542,0.5139765651627656,0.1499662876785428,-0.5812515859599361,0.2975404314675743,-0.02670778997248169,23098.8865077401
Belgium,Mortalidad_Baja,2.8218420962778286,-0.0329558069887281,-0.14909658606723117,0.7695910465434772,1.060067517036691,0.5159211896123539,-0.5368092024782323,-0.16838304912518212,28413.8264387368
Belize,Mortalidad_Media,0.42145781862623133,0.1375387396160361,-0.27520886986214704,-1.2630569163174385,-0.19410456785998306,-0.0023393031195271777,0.28194342522829513,-0.2197551727479549,7068.45478269722
Belize,Mortalidad_Media,0.27914487690341805,0.11659008269397939,-0.245390416118708,-1.2623612571324905,-0.22395941971324815,-0.051498091597229116,0.23927909959592158,-0.3015166432660154,6122.61158580079
Belize,Mortalidad_Media,0.22297522286244015,0.04643888676466825,-0.18146946997526367,-1.3342614321113486,-0.3054314694442842,-0.05127877900271217,0.31620338275441084,-0.24417107917783834,5227.19363786168
Belize,Mortalidad_Media,0.2947432764124244,-0.060680962896825466,-0.07190565337807839,-1.5818749819008644,-0.37623135096377364,-0.29856724535196943,0.4450115665727327,-0.12608529249779593,6190.04792278445
Belize,Mortalidad_Media,0.8602781454762369,-1.1247237537595056,0.6523772150100854,-0.1655797467561113,-0.014097068803188251,-0.47040058346198305,0.34189280559986723,-0.18871555100242118,6031.28139580144
Belize,Mortalidad_Media,0.30496626227348056,0.06860488540796811,-0.17795637676822543,-1.3510396561905078,-0.20343583085674874,-0.03014736935316142,0.374311091331216,-0.19605954140638454,6072.58267640581
Belize,Mortalidad_Media,-0.2367903813358547,-0.19992787223687494,-0.0673049701985471,-1.5964300089049333,-0.8735549063529396,-0.799214142247984,0.7894241235110593,-0.09103633852641006,6142.49873185177
Belize,Mortalidad_Media,-0.315338379847922,-0.19776387578988738,-0.04559747422885413,-1.564978051088548,-0.8198605221740046,-0.7213006064496298,0.9050835833044565,-0.11777685881185493,6154.49593498217
Belize,Mortalidad_Media,-0.3469131140048765,-0.17007171922265396,-0.07259024796586529,-1.5139147327177924,-0.8007290059385349,-0.7203201495753067,0.9372984600001687,-0.12869114051143332,6128.14288539305
Belize,Mortalidad_Media,-0.4194927646709409,-0.16265694307887202,-0.1261034458882968,-1.5073756504913314,-0.8909769635895708,-0.9822344416778759,1.1214414641424397,-0.1103624143800559,5950.20299917747
Belize,Mortalidad_Media,-0.0901480486938872,0.021990655387582877,-0.1924572773907668,-1.3260261288988782,-0.43396678733632393,-0.43939756311968364,0.7560960908372752,-0.17602869778745223,5709.68918765363
Belize,Mortalidad_Media,0.05654161595161801,0.07798345189832503,-0.2079283922359418,-1.280329917707823,-0.2978667305044267,-0.23235388650916383,0.4239332906075289,-0.17957472657097426,5582.22170621269
Belize,Mortalidad_Media,0.003872184104465109,-0.009080960326752863,-0.07662629410766764,-1.407078594544371,-0.29257990018163377,-0.17040860494760246,0.36138338805864595,-0.1672988337565013,5451.13897172477
Belize,Mortalidad_Media,0.05612190972480632,0.053311323064669625,-0.14861675585010836,-1.339554890809223,-0.24768061155365884,-0.2068942350568994,0.36641542566182733,-0.16750163354275102,5401.22963143045
Belize,Mortalidad_Media,0.15185857309543793,0.17341424771518799,-0.27951259650714116,-1.1740744789437092,-0.16105382219541992,-0.13309250665828928,0.2630231130081651,-0.1865041181410433,5713.28126796797
Belize,Mortalidad_Media,0.02768392039918437,0.028134107068357977,-0.06746752294348968,-1.326981069754368,-0.190371602795514,0.10480909648813092,0.08265224770503839,-0.17077208344789777,5765.28199932455
Belize,Mortalidad_Media,0.015235936958142527,0.03615766313920168,-0.05321381705268095,-1.3159043223737756,-0.1319999458686035,0.16123051130585503,0.12056427698485819,-0.18632823504118226,5527.16775856439
Belize,Mortalidad_Media,0.17829812091911373,0.0779884184282746,-0.01031761291126126,-1.3511445405170734,0.13358542691600314,0.3263744421202884,0.06873536454545846,-0.22408789160828174,5272.74417207961
Belize,Mortalidad_Media,0.1966801488072517,0.13253060016632864,-0.042110526675188116,-1.2526376877458785,0.21744702684936867,0.49811362662707775,-0.03786593995457817,-0.24742644635512068,5156.09817143194
Belize,Mortalidad_Media,0.25338952133278486,0.2434584815463806,-0.1781273686794086,-1.125784639804162,0.28284198039749076,0.3856571007917374,0.05216694037842778,-0.2746249098548011,4962.08962013799
Belize,Mortalidad_Media,0.21369276086834,0.2370732378620249,-0.18973754519894617,-1.1107982280809654,0.20892876340047561,0.35565848047985577,-0.11122428071190878,-0.2590523836270737,4861.74314184267
Belize,Mortalidad_Media,0.136863911597216,0.25140336975309174,-0.2001632479645605,-1.0632037639224616,0.2068547386083711,0.3617103386094554,-0.14494494130545638,-0.28741160315245895,4721.81625660785
Belize,Mortalidad_Media,0.015977775167087517,0.2686721366820851,-0.2361724575042886,-0.9500204452793365,0.1341801497737187,0.4460802559455035,-0.16476395371411415,-0.28189768204622734,4729.67080428075
Belize,Mortalidad_Media,0.3343993816579999,-0.8997671818774623,0.5908271310504273,0.3930767282618219,0.32022530906063684,0.1777133691086988,-0.15271714197700106,-0.16143250235510342,4012.07959009728
Benin,Mortalidad_Alta,-2.0092814183361254,0.45703743270373554,-0.0506890885892591,-0.13435694250847818,0.389021096242845,0.7449793960031943,0.10560611812599707,-0.2965465876683897,1266.42710981159
Benin,Mortalidad_Alta,-1.858793702240363,-0.7529979362151301,0.7699535719624969,1.184248036640856,0.40549644071931024,0.2217279365839162,0.270484749568746,-0.331662721466119,1318.65158107487
Benin,Mortalidad_Alta,-2.227395699307388,0.38337858593773316,0.007515904599842591,-0.23401611851981624,0.2652834666423201,0.41413271369219745,0.3451968787842586,-0.22180014373929866,1200.19426631122
Benin,Mortalidad_Alta,-2.2774581513822114,0.37724953693349783,0.021756810332678112,-0.25098886656480957,0.270612251325644,0.34350133582309295,0.34991428882309406,-0.19695395263164991,1130.82135339795
Benin,Mortalidad_Alta,-1.8394924879722976,-0.7708736552843909,0.8510021721425178,1.0512624272551505,0.5642310486434375,0.07277030245399185,0.38464119646412803,-0.21684579836675655,1151.7409703472
Benin,Mortalidad_Alta,-2.327615382850273,0.42345379747373285,0.04895230703523906,-0.19322955587941545,0.435349399835288,0.473500782960407,0.3743280107750521,-0.1871535734974656,1054.97408066814
Benin,Mortalidad_Alta,-2.203647691230442,0.49596398471809255,0.024580940870207388,-0.13716800963691697,0.6216886135594112,0.6338311225464375,0.16419068525685634,-0.18526296156268546,1010.5338961993
Benin,Mortalidad_Alta,-1.7565994025463425,-0.7116818586224875,0.8590375680645538,1.0491047630806565,0.7867859948397897,0.10358305922966667,0.15461903418196615,-0.15496640633915454,1002.41886879614
Benin,Mortalidad_Alta,-2.3099795754706562,0.40774352711480627,0.08403726910534219,-0.31213965982086334,0.5076507613937982,0.23242583020560126,0.24809662721045453,-0.0828896411456168,1204.39918670094
Benin,Mortalidad_Alta,-2.3213443902079702,0.42046512627079535,0.08306400784042882,-0.304676714118788,0.5406517086152313,0.2169975734813543,0.20396658375128243,-0.05358243325183982,1168.92699279226
Benin,Mortalidad_Alta,-2.4296112699310597,0.41741613591448967,0.08871854829839868,-0.27936604605924525,0.5091711146813898,0.17831313957468845,0.23232829832662585,-0.039690109692143344,1071.5258366283
Benin,Mortalidad_Alta,-2.0506888059241617,-0.7206881261050591,0.8419048415400295,1.1079886976567819,0.6386700993930389,-0.13653348512633048,0.1193483982130968,-0.024297517494597756,1059.41358852588
Benin,Mortalidad_Alta,-2.5658938118219283,0.4999497593319086,-0.023207877462920263,-0.043655009037054014,0.4263327912159254,0.30103283456505964,-0.003004781385844163,0.0212040662768857,973.244254931526
Benin,Mortalidad_Alta,-2.721742109664784,0.4829841010350831,-0.008883623344667236,-0.019887723611316355,0.3570676196197492,0.24046685285778616,0.11097442480842687,0.0479753399168108,1024.10277858112
Benin,Mortalidad_Alta,-2.789614907716081,0.47582618879641514,-0.005604361360346075,-0.019952664533138036,0.32654840665653684,0.16987209751641622,0.11786264974004353,0.07977168403597522,1060.60254502099
Benin,Mortalidad_Alta,-2.8295811267825024,0.541849264848077,-0.08378182007232271,0.14661318403996643,0.30439216916325923,0.32152270626812657,-0.060266206454746694,0.12408017099803334,912.338247188342
Benin,Mortalidad_Alta,-2.858056471747071,0.5892805091094597,-0.12997655487143314,0.24607973976405811,0.31823221965758236,0.39650385882103323,-0.22227927427224548,0.1407456287216155,809.147072506221
Benin,Mortalidad_Alta,-2.975116740635795,0.5886004137947337,-0.14097972701968378,0.2891901041534843,0.25153146439510377,0.35027822379681667,-0.24699528718877667,0.17609132570174374,779.437777753268
Benin,Mortalidad_Alta,-3.0476311306097066,0.611492433232654,-0.16448277739427536,0.3462209144446993,0.24103750706111918,0.3336463727146709,-0.3174682475700002,0.1949373775835829,758.695803786371
Benin,Mortalidad_Alta,-2.5528222043270676,-0.5605392760798591,0.6347016969789422,1.577755159812042,0.443230657000421,-0.14753876663772061,-0.4545192178931053,0.23029077240134238,676.002878084282
Benin,Mortalidad_Alta,-3.1215090422227725,0.6392719295587722,-0.1851732984202909,0.385988967844245,0.25811521371877905,0.25668797463961435,-0.45747287020153043,0.2688534115532601,546.463829658159
Benin,Mortalidad_Alta,-3.091523569492193,0.6318196047005238,-0.1314407164697941,0.3035717956655257,0.3795412545743903,0.1969467104465849,-0.42224661076688874,0.300585073372119,492.401499509072
Benin,Mortalidad_Alta,-3.1424171863228643,0.6563331061135501,-0.19480900083390326,0.3789050980396444,0.2918613890633223,0.14455404441007783,-0.6089167584904723,0.3726477947302319,487.424141384242
Benin,Mortalidad_Alta,-3.2993071999905825,0.49908295827298016,0.42067176095825526,-0.2542187444433578,1.2184060226512614,-0.05361040529345813,0.7774166831034948,0.36239694387167265,348.435238914394
Bhutan,Mortalidad_Media,0.7456003333509597,-0.6650145000861866,0.31801882196911235,0.8792469964292285,0.4275313045587985,1.1232955158248996,-0.49382900106388566,-0.1412828199312888,3711.32767981591
Bhutan,Mortalidad_Media,-0.19102928531157887,0.2936004555654025,-0.3432033679792364,-0.5581393381105637,-0.19537228674272872,1.10986906451959,-0.18433109841713735,-0.07251425373313111,3570.61257980872
Bhutan,Mortalidad_Media,-0.26327477878512806,0.2865070129225547,-0.36093810284280853,-0.5554498583416806,-0.2652027619686678,0.9765762542556613,-0.11571958665866902,-0.061903629723158354,3191.66906999331
Bhutan,Mortalidad_Media,-0.12043971748025856,0.3386095482565704,-0.4251403401665966,-0.5487197871355949,-0.20361353193244552,0.9020532657960592,-0.34282489183122783,-0.03529203906357368,3576.87987100503
Bhutan,Mortalidad_Media,-0.357659589585282,0.35369994996663745,-0.5134422093475546,-0.37351244324274196,-0.44249489000067893,0.8768340152296602,-0.4036720158692275,-0.022686361639419304,3400.20417245342
Bhutan,Mortalidad_Media,-0.1299766458080577,-0.885537381181309,0.29562623844075875,0.9169151505671181,-0.5218802913082858,0.3805663729999376,-0.4763132688843386,-0.0002453510186910794,3435.28804735662
Bhutan,Mortalidad_Media,-0.20207079766927408,0.467368329990627,-0.5639552837351808,-0.23241455113320586,-0.21359573139792154,1.2210436465112546,-0.9022318754901261,-0.03809356800702968,3152.30905106786
Bhutan,Mortalidad_Media,-0.2344504010001651,0.484921908539777,-0.5824356193352628,-0.2242773835980899,-0.1988391341638349,1.115049290486585,-0.8387755345975492,-0.033280239482774414,2954.04081911097
Bhutan,Mortalidad_Media,-0.35723938815421014,0.4718632481307113,-0.5939054849939613,-0.20792404007877952,-0.29189182702335703,0.9904713627718391,-0.7879860863331835,-0.014678486400395454,2849.49998647303
Bhutan,Mortalidad_Media,-0.3812512904271028,0.5362233787237239,-0.6871462496723549,-0.11854942355875503,-0.30055413873687226,0.8559081520856566,-0.7436921834164381,-0.008093632251810517,2679.95217201538
Bhutan,Mortalidad_Media,-0.023974376794703448,-0.6987746174579252,0.2150994615728487,1.0878392083736241,-0.12863453337702704,0.5353050743652328,-0.8605114636441132,-0.005065008647247206,2751.2128864294
Bhutan,Mortalidad_Media,-0.6085786762886047,0.36988720702804917,-0.4431430819721478,-0.38678656919996296,-0.30622011879230115,0.6903032039065707,-0.6645284886281799,0.03475074538418099,2787.97967608562
Bhutan,Mortalidad_Media,-0.7185856650036376,0.402956439746785,-0.45800456985934174,-0.2855883354300616,-0.2909870511168678,0.7854978589380642,-0.7721629002781158,0.039910880870682564,2435.5798056672
Bhutan,Mortalidad_Media,-0.8767361106344299,0.41921224326236545,-0.4461739283065933,-0.23070237571898536,-0.2625395585717924,0.7670240321924449,-0.6696844667423569,0.03863794134064087,1918.39599211093
Bhutan,Mortalidad_Media,-1.30235498162805,0.3084787070009771,-0.4211426353850525,-0.24953066934317128,-0.6456797260189067,0.3932295451426882,-0.4695134637486139,0.11904582900815913,1919.59774896395
Bhutan,Mortalidad_Media,-1.2519288810712417,-0.9781443357901862,0.42990606672148823,0.9783712049964522,-0.7989941368211871,-0.3476538961061373,-0.2674101721475591,0.1734197450732566,1850.41570433398
Bhutan,Mortalidad_Alta,-1.6409540431759926,0.2529779134583531,-0.26703925047069554,-0.32541498311935063,-0.5570593022041651,0.25117104697356346,-0.1729279305710002,0.1515471081130261,1405.6071618158
Bhutan,Mortalidad_Alta,-1.6591824687815542,0.3066265449342233,-0.24613611054285237,-0.28100581815894615,-0.3659880795397648,0.35032760070060875,-0.22764828042624993,0.15906895739294158,1299.94938578359
Bhutan,Mortalidad_Alta,-1.8541260921476537,0.3486848773368311,-0.26923637880661466,-0.14182675035916503,-0.3735300362029832,0.41325153849063284,-0.26820638418125525,0.18692892996290428,1130.35934606796
Bhutan,Mortalidad_Alta,-1.6465857694250898,-0.8282473455550544,0.5083829643240919,1.192459874567831,-0.3276682437277385,-0.17370801990370568,-0.1722863909884435,0.22481365624486985,1022.38240311018
Bhutan,Mortalidad_Alta,-2.2270026986019245,0.37681131599165124,-0.27593784172223607,-0.0273318687270546,-0.4158917310607505,0.22289480107669318,-0.1730641855221938,0.2625579570651762,895.799489930972
Bhutan,Mortalidad_Alta,-2.1908668564108185,0.4146548699140259,-0.2182075450750102,-0.05695686755413324,-0.16329510611054593,0.28703727618937186,-0.2330209329953448,0.2794810050691234,812.238210772056
Bhutan,Mortalidad_Alta,-2.309523534476997,0.4280227277931591,-0.14340965416600318,-0.09037802333381838,0.019023677622244484,0.22721281410604371,-0.19440274042537983,0.24849298042114462,771.924911410619
Bhutan,Mortalidad_Alta,-3.3562755020701838,0.5464994333787765,-0.16523650778237867,0.41295911794311746,-0.07794593437104125,0.22757686833710306,-0.14591566899200484,0.49347367252990465,530.103676927417
Bolivia,Mortalidad_Media,-0.34010176650892016,-1.0369373395557369,0.5095619417459374,0.5192332415986141,-0.4471928297016565,-0.30482767920027315,-0.044928422189998034,-0.3049287525119278,3643.92826984604
Bolivia,Mortalidad_Alta,-0.6725637311806943,-1.0118518174599231,0.60327749788998,0.4865956987993944,-0.2065382823107818,-0.5768377797189462,-0.10520550775306364,-0.7245993303178617,3384.84486462654
Bolivia,Mortalidad_Alta,-0.6456125064168229,-1.0756333336778385,0.6857492144070809,0.37156966665089125,-0.20276644963283091,-0.5754315326902292,0.12252550545392286,-0.6059672312506739,3099.94219053514
Bolivia,Mortalidad_Media,-0.47371560448418065,-1.1146073701263555,0.5654584494948817,0.4036421280890637,-0.5711880883700198,-0.579517705079083,0.15535998331748815,-0.18806283971141913,3503.89601123129
Bolivia,Mortalidad_Media,-0.4571184768577687,-1.066599053797717,0.5114933308204019,0.491397741714457,-0.5595484968552897,-0.5099031313446115,-0.021684727973916202,-0.16965622768703637,3500.72642189887
Bolivia,Mortalidad_Media,-0.32709902328866935,-0.9775666387806794,0.483084589341446,0.5858587511593677,-0.3427540401040863,-0.2524400558621256,-0.219219436309484,-0.1883793875896892,3306.30301224425
Bolivia,Mortalidad_Media,-0.26232332149201293,-0.9634140845660095,0.5105713594978016,0.5482869791167152,-0.21956788671527636,-0.23230180562089764,-0.25972426116915076,-0.1752594744518228,3035.87347732132
Bolivia,Mortalidad_Media,-0.3979174162818458,-0.9362053192020785,0.41756913696929443,0.693869310235011,-0.40593193041303344,-0.25828976502812584,-0.45701563689995617,-0.12996000550267614,2996.01289811344
Bolivia,Mortalidad_Media,-0.6575442683886755,-0.9370476911097657,0.31598190691750566,0.85020230909934,-0.7227814978165734,-0.39389179823398,-0.5594791010880361,-0.07401816533878537,3041.43503162408
Bolivia,Mortalidad_Alta,-0.7469641829624354,-0.9245539987347557,0.3020631943367521,0.9099856022392336,-0.7511980552599834,-0.3758100664040609,-0.6123928825666587,-0.046594378766537416,2870.02377000756
Bolivia,Mortalidad_Alta,-0.7681347982761031,-0.9159452784096735,0.3132240485439281,0.9046301482594801,-0.7057150419157197,-0.40435218171679865,-0.624598595135688,-0.017373531248636463,2575.59857098084
Bolivia,Mortalidad_Alta,-0.812446013534078,-0.9232549680601932,0.3464616868168971,0.8726103531699887,-0.6615982009679316,-0.4577485434889313,-0.607683201674343,0.00763572586119613,2315.52121930607
Bolivia,Mortalidad_Alta,-1.194894172716892,0.26090665401603075,-0.3765159018157994,-0.4876041660174095,-0.5972164562048378,-0.04193363577519949,-0.5367305236665265,0.02345848711894842,1929.78373077158
Bolivia,Mortalidad_Alta,-0.8447564305312717,-0.9100736481699213,0.4469294549836052,0.8141659084311283,-0.40027234415972923,-0.4085611171288855,-0.5126004053525992,0.025598307202621788,1731.18172112209
Bolivia,Mortalidad_Alta,-0.9996608048168086,-0.8899892652142855,0.38035447687175794,0.9273300302494962,-0.5459671423700496,-0.47618561700790374,-0.6530354758994036,0.07701861924300138,1692.67248455876
Bolivia,Mortalidad_Alta,-1.0076414947048282,-0.9103000910407264,0.4459419635476698,0.8223786513691108,-0.44614456073843456,-0.6076046333621582,-0.5825331134340244,0.1141202009149732,1354.54905949929
Bolivia,Mortalidad_Alta,-1.1318047056461469,-0.9229492971506102,0.48796387830380294,0.8048631339769587,-0.41651593531798053,-0.6824383620211446,-0.47013507789073594,0.14021508768612953,1202.71150446327
Bolivia,Mortalidad_Alta,-1.084049538795462,-0.9288455737651656,0.5990703896328812,0.6774553673883905,-0.1544244401022671,-0.6959346438358928,-0.31804104659705285,0.15222567584479685,1020.12326200737
Bolivia,Mortalidad_Alta,-1.1424011123120785,-0.9442059359555584,0.6967244988239866,0.5998316635231326,0.012187998752712733,-0.7085771966997575,-0.1423801301893423,0.16781447615064968,953.191893246277
Bolivia,Mortalidad_Alta,-1.6272196860828183,0.21249805708668773,-0.03345514636878504,-0.775264360537361,-0.04177748561922693,-0.4599215602342279,-0.029336036442021988,0.22728551404754457,893.013760211149
Bolivia,Mortalidad_Alta,-1.0692244597796325,-0.8937218677680412,0.7849272980127593,0.5199836269035077,0.3890285659996398,-0.6962819264667761,-0.18917288724305795,0.2367793977783705,888.221328974352
Bolivia,Mortalidad_Alta,-1.1841377152070376,-0.9025124135006137,0.8292468772437491,0.49953887706392675,0.4327350046913972,-0.7684168886452226,-0.15751632503132806,0.27667729940461894,930.168227214313
Bolivia,Mortalidad_Alta,-1.2090823373584476,-0.8559018331733451,0.8241226071441438,0.5501020717907714,0.5438658333889022,-0.7270703463169992,-0.28027071474595655,0.3162639328640961,975.777060358751
Bolivia,Mortalidad_Alta,-2.56848264143552,0.3302030668427257,0.005009110969950162,-0.4940576872075608,0.10614755496506963,-0.8731959023581112,-0.15310346821882467,0.622299606511779,852.754034861444
Bosnia and Herzegovina,Mortalidad_Baja,0.5780540851309356,0.1608516066528998,-0.6028569984626377,-1.0063105391848637,-0.9239358252779514,-0.041924223306928736,0.14028938511271152,0.04040656938321048,7655.59421024383
Bosnia and Herzegovina,Mortalidad_Media,0.601925946090814,0.26228491411178634,-0.6244788670064982,-0.8960019294926788,-0.6601096792509115,0.14567873750650187,-0.1083600287512167,-0.14473529129483764,7295.3438240957
Bosnia and Herzegovina,Mortalidad_Baja,0.6371901336736839,0.21798441281751846,-0.5920109410025798,-0.9401692505236636,-0.688621597168229,0.22628635410556366,0.012637334002226374,-0.04472542390282438,6130.31133245161
Bosnia and Herzegovina,Mortalidad_Baja,0.5099027792395804,0.11126137370540402,-0.5761985187536643,-1.0381868570817363,-1.0076649267185998,-0.06575860120266722,0.24173993633084948,0.09972782629351455,6122.3753450882
Bosnia and Herzegovina,Mortalidad_Baja,0.47195532699376636,0.10339811561475226,-0.6064572862367935,-1.002907506453756,-1.103113757862991,-0.07685082399208573,0.2804570165697427,0.14391979474269365,6047.84584261133
Bosnia and Herzegovina,Mortalidad_Baja,0.5283915302906669,0.10810883375732859,-0.5511002139252518,-1.0433182738041458,-0.9670751801385089,0.027653956835470346,0.1642781028191155,0.0972963501714538,5345.01985489192
Bosnia and Herzegovina,Mortalidad_Baja,0.5897703708149903,0.1600163226626338,-0.5679329754137011,-0.9699880624289068,-0.8240821161992943,0.23357397040027508,0.0666089987941386,0.04743077896304678,4928.5665251728
Bosnia and Herzegovina,Mortalidad_Baja,0.6487557323181707,0.15390304523950313,-0.5213784181634649,-1.0134543424602582,-0.7323773010214845,0.3214344596770916,0.006503782461462509,0.03638371165178428,4662.25883724069
Bosnia and Herzegovina,Mortalidad_Baja,0.560952510471617,0.060676394264998795,-0.43844058504037675,-1.1713648578196265,-0.8298070801485786,0.07988566559932825,0.21905511959953036,0.059741516614123816,5206.06558252
Bosnia and Herzegovina,Mortalidad_Baja,0.48674209031578203,0.06200461153820417,-0.4669745282312919,-1.1215057654278497,-0.8864750056587699,0.06827368502232263,0.29652179105759874,0.05767263395696131,5034.56616016469
Bosnia and Herzegovina,Mortalidad_Baja,0.532833312758641,0.06347605524293298,-0.45768376246404474,-1.1600098531369514,-0.8594218504272433,0.016964352346275285,0.2816738940120572,0.05746399473303143,4693.78899115381
Bosnia and Herzegovina,Mortalidad_Baja,0.8977032805784646,-1.1064459031469571,0.3084951529343168,0.1823042848583984,-0.7661900792264437,-0.3649504471040811,0.31282296009714267,0.03570605970864473,4982.69375768263
Bosnia and Herzegovina,Mortalidad_Baja,0.4427583802458886,0.059262438221566044,-0.4658489406312578,-1.1049011503067654,-0.9087459002981693,0.07639981984135018,0.24926302299965508,0.04215609567371704,4506.47828548389
Bosnia and Herzegovina,Mortalidad_Baja,0.4375625785039003,0.05419070535817772,-0.4453004197774533,-1.1116268900211892,-0.8776766661556499,0.1240964967739747,0.23595418564561038,0.027294439231840543,4539.91863774968
Bosnia and Herzegovina,Mortalidad_Baja,0.2685778140092421,0.02943791773338056,-0.4666948445497835,-1.061008675413417,-1.046268794685166,0.049216799681814236,0.219752173723722,0.01925470551927268,4841.69311934649
Bosnia and Herzegovina,Mortalidad_Baja,0.6348294398204308,-1.157639265985579,0.34198705188493916,0.25811039949895354,-0.9286971984060268,-0.2480946181693176,0.16415501882158592,-0.004687100563624315,3931.48948737505
Bosnia and Herzegovina,Mortalidad_Baja,0.20037998759528222,0.031052565721000625,-0.4558005902086122,-1.0087204750704248,-1.0398537204619331,0.17733631191559998,0.15602708610892418,-0.006132636591440353,3166.12865344833
Bosnia and Herzegovina,Mortalidad_Baja,0.3003678510758251,0.017053790299690574,-0.3954671446612963,-1.0931539357911988,-0.9145126912959157,0.23601614430790724,0.21264131831680486,0.010738965292195356,2739.61076866057
Bosnia and Herzegovina,Mortalidad_Baja,0.3554265768391895,-1.365615168599797,0.5040315983817854,-0.027784407072261614,-1.209552365965103,-0.7372528638502107,0.6832679280682475,0.07172608356352132,2452.68616839392
Bosnia and Herzegovina,Mortalidad_Baja,-0.0877645008430469,-0.2072591586041808,-0.2730609383825595,-1.3478961890559897,-1.373527372118862,-0.3941393975714341,0.6608860165649777,0.10035801316562247,2033.94700935864
Bosnia and Herzegovina,Mortalidad_Baja,-0.172734287066233,-0.19273777269594072,-0.2872642451240122,-1.2864581530376626,-1.3820252565442321,-0.36171089299392734,0.656099472849215,0.07054086228039726,1606.54672243362
Bosnia and Herzegovina,Mortalidad_Baja,0.22306126960306932,-1.3620759673386418,0.5191491853928607,0.01690925219307358,-1.2042471728959303,-0.7138814182778571,0.623389042409978,0.03505523877227173,1387.89365131544
Bosnia and Herzegovina,Mortalidad_Baja,-0.2446146930553379,-0.17682290976704323,-0.2905302530686758,-1.2525543266236914,-1.361032955329606,-0.3769483935698763,0.6171296602231804,0.04566172032056758,1338.48059636261
Bosnia and Herzegovina,Mortalidad_Media,-0.7169712887939853,0.035550362879190014,-0.10330312818113892,-0.8351572618457732,-0.5247395223737598,0.6665027226450683,0.6002237096998216,-0.38534819492275874,502.365980975339
Botswana,Mortalidad_Media,0.23775450556557806,0.5768193399801138,-0.1688000146819729,-0.922944331894381,0.571522207658116,0.17437251398920411,-1.023455214003383,0.2993152166034245,8328.70905682185
Botswana,Mortalidad_Alta,-0.14869980388911036,0.4836274236284633,0.006457070765335352,-1.1635900295524464,0.7168578455364306,-0.4026637664046053,-0.7848476783414545,-0.043459393199960165,7807.88794500125
Botswana,Mortalidad_Media,0.15047579233881628,0.35862544435761423,0.11893114585767493,-1.4481584643949514,0.7883917323288958,-0.3863221992831429,-0.38165308310868057,0.2904349740231077,6323.29749806946
Botswana,Mortalidad_Media,0.09001794021859295,0.4745692773369704,-0.036117815903786696,-1.1692181449681875,0.7376500647835511,-0.19770716580485004,-0.6868630673504669,0.2718800495821278,7172.08956480028
Botswana,Mortalidad_Alta,0.03227355501180624,0.5539224051834759,-0.13532360361851387,-0.9889758085759547,0.7548870360226483,-0.08664777302301645,-0.886727198919469,0.23080574826664524,7407.95940141786
Botswana,Mortalidad_Alta,-0.05226512321564492,0.595288569012999,-0.1407192494600404,-0.9193334378064746,0.7534166739760577,-0.08399216869810344,-1.0181484507097553,0.19572789953689468,7104.96401088027
Botswana,Mortalidad_Alta,-0.14912642501022724,0.6704817530235768,-0.21908867386903147,-0.7398155696019185,0.8289872531435989,0.06440396973895296,-1.2695079352728647,0.16915861259444365,6749.05994339013
Botswana,Mortalidad_Alta,0.3537937684301701,-0.48966823745433624,0.6564116076959354,0.4462153723041467,1.2038728156692045,-0.3583540886638096,-1.2235758792643359,0.07265216506937301,6141.20394726616
Botswana,Mortalidad_Alta,-0.3267640365498784,0.7138597722709256,-0.22900778977786093,-0.6758627795830304,0.85469009990336,-0.07313990255067424,-1.3442074910721304,0.0660772981252808,7122.36423421503
Botswana,Mortalidad_Alta,-0.31362902840927326,0.6797267451234307,-0.1581410273336056,-0.7832601952154852,0.9724922409700357,-0.11476069735189093,-1.2839554570512195,-0.030760069771714176,6666.91219583487
Botswana,Mortalidad_Alta,-0.43040500910466173,0.6446606314649596,-0.1333324817255598,-0.8199498633671287,0.9887777856657896,-0.216118470538049,-1.2247451811981676,-0.05509714055925407,6595.53845015424
Botswana,Mortalidad_Alta,-0.6771982649352914,0.6703813890161394,-0.18873327406882348,-0.6661582773540535,0.8337357744511339,-0.2498916327871821,-1.396956795236444,0.002729686885787102,7287.38295334919
Botswana,Mortalidad_Alta,-0.5397960956469562,0.67277150281155,-0.11974695350138058,-0.7824587975891134,1.0193978411656026,-0.26029069595939364,-1.3215270121723859,-0.09529190676734009,6215.73216077919
Botswana,Mortalidad_Alta,-0.09023391613274191,-0.5804306698849967,0.7936182734199599,0.30443280576175064,1.2807774845386282,-0.7747341428339523,-1.1335384906621622,-0.20510710384267028,5082.93388332404
Botswana,Mortalidad_Alta,-0.7145700918495298,0.6847509351588698,-0.19763769851239602,-0.6599269118453877,0.8720979321322454,-0.311591885510792,-1.4266096382573321,-0.22775197964013263,5503.07395314313
Botswana,Mortalidad_Alta,-0.7792892574900451,0.737677572967745,-0.28412113762968166,-0.49596538796355094,0.7721493676816881,-0.20343192970860122,-1.652102853047383,-0.3407827482246691,5529.12574632532
Botswana,Mortalidad_Alta,-0.7922393606988591,0.7552168522283762,-0.28408017846886635,-0.4809328012571896,0.7724997946859832,-0.21031616331066721,-1.7332443485737743,-0.5451104611678597,5291.58379144849
Botswana,Mortalidad_Alta,-0.9537785288935564,0.7439952129200472,-0.3494791628767545,-0.3892083452066154,0.6041873810952894,-0.2670508235335133,-1.7873870033936614,-0.602443824706297,5391.07076619634
Botswana,Mortalidad_Alta,-0.8288778827778078,0.7786376953808829,-0.2964871767767438,-0.44262295110627914,0.9541322333467556,-0.12906816486629227,-1.8240572027879016,-0.6579203717541778,4956.69287735214
Botswana,Mortalidad_Alta,-0.8830849176974918,0.7133666490841137,-0.24123975115560797,-0.5521052478034225,0.9631762983224482,-0.25078167252759453,-1.6734534098956708,-0.7398246924111778,4230.12326909926
Botswana,Mortalidad_Alta,-0.4941611279793689,-0.4328515048321678,0.5052591993415969,0.824261555031698,1.0310057113526914,-0.6059563781586178,-1.79249291968602,-0.8049582624896038,3117.25087183011
Botswana,Mortalidad_Alta,-1.0118786290629214,0.7624126030495061,-0.3647561006772849,-0.34651315603676214,0.7851331734301691,-0.1832407278443692,-1.8810045295515958,-0.8010236935406249,3206.07123689853
Botswana,Mortalidad_Alta,-1.1015303640117842,0.7788838848341778,-0.4395410431149365,-0.22630278623442224,0.671565871453022,-0.1356522275409894,-1.9656663726941197,-0.7866100774311263,3450.81180622992
Botswana,Mortalidad_Alta,-1.1345208773852316,0.59489144593064,-0.33259325418961777,-0.4615827426747996,0.49584005001787546,-0.2896650866582988,-1.4516698402348251,-0.6366881825235465,3156.18194514079
Brazil,Mortalidad_Media,0.9266283554570637,-1.048648704106658,0.46644372816255125,0.09769030878049156,-0.27458457086443405,-0.2261226785395558,0.004331815126677611,0.03989725738127197,9281.33334441234
Brazil,Mortalidad_Media,0.9037247984176745,-0.9601308557988902,0.4329316971273966,0.23240865693048895,-0.07901937518120851,-0.028966065496953543,-0.19054248364300996,-0.12164864703216562,7972.5366498646
Brazil,Mortalidad_Media,1.1083628195199275,-1.0322720343114133,0.5542337064395532,-0.019004154179129783,0.02285485579142465,-0.13307938996145252,0.0066427398092688454,-0.008290681048365342,7074.19378337644
Brazil,Mortalidad_Baja,0.9718760672866793,-1.1878714994900696,0.6304538281051484,-0.2545268752434763,-0.35561847711098393,-0.6691680296730776,0.3557135771736749,0.16112978620051813,9029.83326681073
Brazil,Mortalidad_Baja,0.9971266197430229,-1.1585784646659885,0.6134487184206812,-0.20731035490062694,-0.29076803140499774,-0.5675691932678567,0.2823607527650932,0.13919449467545894,9300.66164923219
Brazil,Mortalidad_Baja,1.0351912605264784,-1.1418076811809412,0.623265733450023,-0.21312293483722025,-0.19629737654460727,-0.5280408833360491,0.27670183888747796,0.11499499524194856,10080.5092819305
Brazil,Mortalidad_Media,1.1519255172009528,-1.0551135981311999,0.603631118580282,-0.12422274930144718,0.048009995894083966,-0.2672579699872881,0.08885533875047623,0.09355599425992536,8836.28652735657
Brazil,Mortalidad_Media,1.1512339481372367,-1.047173645785156,0.5695998255099932,-0.09721664704582607,-0.03772066548245388,-0.31165033654217095,0.053090462333579946,0.08392879051546501,8936.19661712113
Brazil,Mortalidad_Media,1.0311709392792687,-1.0632730705256486,0.547953574282333,-0.07152821485127744,-0.15930873480290164,-0.4240495501500421,0.08624209552152118,0.08674881414700317,12274.9939689363
Brazil,Mortalidad_Media,0.955560585823062,-1.0517363428513853,0.5139360698660371,0.0013674773500876472,-0.2149775683620795,-0.3943456124244063,0.022000086922304585,0.0844301238559511,12458.8912138813
Brazil,Mortalidad_Media,0.8962022849771831,-1.0517211998635407,0.5062572729029923,0.024069511304597096,-0.2717140454082073,-0.42905740619390564,-0.03128036355199461,0.08611492279627406,12521.7213519966
Brazil,Mortalidad_Media,0.8260114597651885,-1.0443552151761917,0.4858263380994363,0.07706126221017537,-0.3062253205434355,-0.41045032136203446,-0.08196240077389531,0.08030135185467327,13396.6243562986
Brazil,Mortalidad_Media,0.32810555649978046,0.11914164204974405,-0.3013366946699197,-1.2269591775044266,-0.4969892524910652,-0.13189452161018667,-0.05269512884197714,0.10468386520149639,11403.2821278747
Brazil,Mortalidad_Media,0.7716301445830752,-1.0793310303362427,0.5650708117061461,-0.01725437086390384,-0.2330089609952817,-0.49370131467658057,-0.013794590392735145,0.07564103735364748,8678.6592244676
Brazil,Mortalidad_Media,0.6335135864524807,-1.0620737877248083,0.5031552509924062,0.08930135466639541,-0.3535439511243634,-0.5339864126820021,-0.06800118908826365,0.08561212992761826,8908.33176538648
Brazil,Mortalidad_Media,0.6992817976247063,-1.0335884467385585,0.5347467381485951,0.07191153957151344,-0.19395886845971702,-0.4583078125180509,-0.13965469878535247,0.07122119804260614,7409.69130673473
Brazil,Mortalidad_Media,0.673739938822974,-1.0090425110768826,0.5311569371217107,0.11078276180147568,-0.14443938259304911,-0.4121880665314092,-0.22724331342109855,0.06528852141101468,5934.14470924968
Brazil,Mortalidad_Media,0.5831095826817514,-0.9950755317088827,0.5149865973419342,0.16805993045611609,-0.150692174015125,-0.40305960975685545,-0.27457107539020364,0.06569381828859801,4827.78173074714
Brazil,Mortalidad_Media,0.4782614124445255,-0.9726092932086937,0.4925875071294813,0.2554076053679304,-0.12727164608838493,-0.3318946589765576,-0.3013491866902415,0.05582376757268855,3663.823188064
Brazil,Mortalidad_Media,0.45288962113665293,-0.980257673749618,0.5493197380648274,0.20272419523949467,-0.010331884052147418,-0.34814236856801,-0.24310271989726784,0.05022756819904889,3090.6070097455
Brazil,Mortalidad_Media,0.4441225140582175,-0.9820412531020157,0.5874103225673841,0.14380524944417983,0.05335468385445939,-0.4504147844615309,-0.24747854059962973,0.06552892213315586,2855.94018885769
Brazil,Mortalidad_Media,0.4669880491941597,-0.9532378117017786,0.604953040870669,0.13514231822844036,0.15352993503405077,-0.45850582132262424,-0.3324799911867797,0.08366324633315385,3176.28935747524
Brazil,Mortalidad_Media,-0.028349468936492345,0.21975663733267264,-0.16798460742438856,-1.174538835346223,0.03537693056853632,-0.16291836388679154,-0.3016917504026043,0.12063447914217766,3766.54811466032
Brazil,Mortalidad_Media,0.3128009378360546,-0.8060412538460039,0.668623908435815,0.24126336370445864,0.6816723174037721,-0.35770137133635993,-0.6085331855041499,0.2138989518719049,4756.74840785403
Brunei Darussalam,Mortalidad_Media,1.0809734161486777,1.6916067271767474,-2.460422366132647,1.2763642108644655,-0.8005609543412415,-0.27761451309367974,-0.6862694161574049,-0.25342946221401125,36632.9280421411
Brunei Darussalam,Mortalidad_Media,1.0249309432522131,1.43700249295843,-2.202769204831809,0.8502718160385662,-0.9672005101608308,-0.5722135320940605,-0.23612588693712586,-0.07411233430813623,31006.9636220576
Brunei Darussalam,Mortalidad_Media,1.2208851552360103,1.46405213423938,-2.13205843123608,0.7278427018165274,-0.7415067532290643,-0.5962926062574462,-0.09813984593075654,-0.07527932757680658,26834.3592463839
Brunei Darussalam,Mortalidad_Media,1.0279227343617088,1.4700851224661484,-2.1898582681248824,0.8374385268372767,-1.0320805601527292,-0.7301922116762368,-0.12224618402869415,-0.049366072779728244,30426.5730284202
Brunei Darussalam,Mortalidad_Media,0.9256954610627359,1.360796674931793,-2.0588914824579096,0.7466921647327878,-1.0793250282603275,-0.5489938726860097,-0.29932992422249355,-0.039859444279383385,30988.1190497851
Brunei Darussalam,Mortalidad_Media,0.9620850250490961,1.306616939020595,-1.9663324629610797,0.5687496124027784,-1.0059311799199233,-0.7327111409364875,-0.06523482205538174,-0.04222285463358082,28024.3824618568
Brunei Darussalam,Mortalidad_Media,1.210680568376369,1.2539487459531382,-1.7202045296945503,0.40495919731599256,-0.5552606701945088,-0.05510499881806815,-0.509583015178111,-0.09242914562413174,26663.2973199878
Brunei Darussalam,Mortalidad_Media,1.0414489675255971,1.2085851287628173,-1.7095308439357784,0.4748362289440217,-0.758381176328166,0.06852904408087328,-0.722621275816519,-0.07587657125066194,30625.128732694
Brunei Darussalam,Mortalidad_Media,0.9496006802482913,1.504542171267487,-2.2305972816689463,1.0425891347883676,-1.1057752438763817,-0.31020974534711493,-0.6084507191792452,-0.06478311226432562,41026.508391054
Bulgaria,Mortalidad_Media,1.4169166511611495,-0.8252960122416882,0.21038592485457858,0.22144269883465556,-0.10948382924897807,-0.3834407572293143,0.051299587486827995,-0.2298183096446419,13999.6719197289
Bulgaria,Mortalidad_Media,1.3493504506149154,-0.8213397916079871,0.3037732086829244,0.1328298894685491,0.16466938428580394,-0.45208765682585306,0.0730294286182601,-0.4612282331484644,12972.2173356002
Bulgaria,Mortalidad_Media,1.3813688883196165,-0.8772542927926346,0.32425338742616916,0.08876084993962977,-0.04687946952194742,-0.4488880306524247,0.06466746085906004,-0.27334026238595255,10769.9475699414
Bulgaria,Mortalidad_Media,1.3233207923808332,-0.9508221815412591,0.3191753367319389,0.024759703331343256,-0.31474730684406405,-0.6637587600164989,0.28699436781393667,-0.11233469630924321,10372.8044341114
Bulgaria,Mortalidad_Media,1.3401924176715445,-0.9226360856655984,0.296966312471383,0.07658340962213757,-0.2564395428664411,-0.5675435440200772,0.21272595991973717,-0.1258940087746711,9872.38507789106
Bulgaria,Mortalidad_Media,1.2638735123387628,-0.8787237860724133,0.2059189339393861,0.2522605008998023,-0.30188351445268613,-0.3940955955499946,0.05300491956746109,-0.1382777663829439,8696.68930427924
Bulgaria,Mortalidad_Media,1.2545159697749158,-0.8811886765049519,0.21654992307113327,0.2600180794180149,-0.2941928268155922,-0.3407213315129002,-0.00011345384385020907,-0.13148335745385978,7822.49923292968
Bulgaria,Mortalidad_Media,1.2282628663002668,-0.895335587721417,0.23737393733623408,0.22174507163009075,-0.28940918865878335,-0.4183453049492101,0.06113487858076615,-0.13175332670737044,7268.65445473873
Bulgaria,Mortalidad_Media,1.0907207827724998,-0.9669354466340713,0.28963802962699664,0.1496098854160193,-0.3822235826351738,-0.5479038525357671,0.19454909824591066,-0.11662140464311323,8069.60005667684
Bulgaria,Mortalidad_Media,1.031198150472717,-1.001549322254367,0.3060468821881982,0.13443150494465375,-0.4724226128695604,-0.5721059668227468,0.20406351912649295,-0.06319712813247864,7795.98092108928
Bulgaria,Mortalidad_Media,1.0367860896273415,-0.940648344983601,0.2525388211806375,0.226807607074513,-0.4160449820969888,-0.520441615976811,0.10239145811090986,-0.09744407574729627,7431.95789508871
Bulgaria,Mortalidad_Media,1.0730963080361042,-0.9120910601133844,0.24215824307267714,0.24602885148193432,-0.3304090089197803,-0.48176048786738385,0.09951924311838097,-0.11005957995517544,7849.58061302818
Bulgaria,Mortalidad_Media,1.0653184880263014,-0.9569021761188948,0.3439614351201602,0.10562697259235444,-0.27179279180169474,-0.5939224102295398,0.13056803915777362,-0.13576628916950328,6853.94805511171
Bulgaria,Mortalidad_Media,1.0229652946270653,-0.8952161473631844,0.2500198176196177,0.2936804366472854,-0.31453992149622334,-0.39445244774204635,-0.09530629005463087,-0.14477964132833024,6988.27316296465
Bulgaria,Mortalidad_Media,0.8577175711150449,-0.8410803592181852,0.1231273260421408,0.5023228749281625,-0.4099875865076984,-0.3572957743530072,-0.06903185968526435,-0.1830213984646872,7271.30338858025
Bulgaria,Mortalidad_Media,0.9102701834121392,-0.834569231316329,0.1420738879072376,0.44922580135310547,-0.37382238918286737,-0.44213435805342066,-0.11986354895579218,-0.18406619939073718,5888.57081403932
Bulgaria,Mortalidad_Media,0.8338793951456253,-0.8166476177439058,0.11036365548767024,0.5400254875881052,-0.36712711455845387,-0.33877784402843053,-0.0931926421934071,-0.19365383883530543,4523.1465578805
Bulgaria,Mortalidad_Media,0.30107353535165593,0.3233953135834233,-0.6450544227736896,-0.7728570861572076,-0.5307115309879793,0.021213068791210127,0.034223540395006476,-0.17435577084952159,3899.82596332878
Bulgaria,Mortalidad_Media,0.2615191562077562,0.3100617082069992,-0.5966586536457567,-0.7835871578633213,-0.465799073043287,0.11353360594386482,0.07995386581511073,-0.17052828502453352,3389.68743360274
Bulgaria,Mortalidad_Media,0.6327285315983746,-0.8536207459988219,0.2019538361801511,0.5313420234943781,-0.2872276282698921,-0.2655300538436148,0.10327060409745868,-0.21017804867110626,2719.49436859287
Bulgaria,Mortalidad_Media,0.10599257730554401,0.2691229829811212,-0.5290594639318218,-0.8422995058757555,-0.4546499368818516,-0.008214598352034298,0.2648958623653003,-0.1883063172546581,2092.98288625558
Bulgaria,Mortalidad_Media,0.4166999002189285,-0.898213953781729,0.2368840428311411,0.53353496319788,-0.39022991361214243,-0.35967236265836844,0.26787956792389667,-0.19593239991593445,1770.90704918691
Bulgaria,Mortalidad_Media,-0.12785854237687472,0.22154507567843296,-0.5085698050917905,-0.8169038295766721,-0.6132218433204001,-0.08828236141048118,0.376876478883032,-0.16547432331946232,1621.26210738992
Bulgaria,Mortalidad_Media,0.763269257013381,-0.9676459972642882,0.49804287853914053,0.00692990448941396,0.16460703734242937,-0.7614268611060988,0.7125187586228356,-0.21775217579939402,2259.25922555221
Burkina Faso,Mortalidad_Alta,-1.7841628205388664,0.4558228481672516,-0.22934878419046717,-0.1490358318726486,0.08843161995305099,0.4593738557951376,-0.5583958610242564,-0.2032069898087234,836.118304593682
Burkina Faso,Mortalidad_Alta,-1.3787126763484725,-0.79128680304886,0.6599675153108945,0.9415569863374779,0.26618750677468156,-0.21258808861019718,-0.43193759450784963,-0.20664141116905618,895.535288442991
Burkina Faso,Mortalidad_Alta,-1.8779902900850522,0.3820212076328534,-0.13621601659320592,-0.31564855383130314,0.08226209649373437,0.1803571251601773,-0.38961710732809884,-0.128602345756093,825.237038782475
Burkina Faso,Mortalidad_Alta,-1.8663565404620799,0.41650992169415557,-0.13044537574719467,-0.29231601286570175,0.19737155874867032,0.2334353982312021,-0.41536158685216623,-0.12257043379006788,764.853077774946
Burkina Faso,Mortalidad_Alta,-1.6936115228678466,-0.7623945367517814,0.6662142682473579,1.108870922911814,0.23613083674647933,-0.11123686272554424,-0.25831463012042577,-0.13285028111594216,777.465618514048
Burkina Faso,Mortalidad_Alta,-2.1601561198762576,0.4143639534112006,-0.11581743431575572,-0.1994376173502065,0.1225091258965153,0.19675002946552192,-0.27026239254844153,-0.10124320396682103,709.091535894695
Burkina Faso,Mortalidad_Alta,-2.1416180718317817,0.482922686574212,-0.11555070738287015,-0.11202166230640308,0.3096982135609639,0.40204296720413696,-0.35133298381478534,-0.1227440230706876,663.742364842886
Burkina Faso,Mortalidad_Alta,-2.211490585951571,0.49722456577002566,-0.0939925646698436,-0.09161413016607997,0.3754439126380996,0.4181767104095,-0.3052729304505373,-0.12254104683100822,630.124750752312
Burkina Faso,Mortalidad_Alta,-2.0190766397934166,-0.7027244228456606,0.7038620148304701,1.2462296397755295,0.37852382543134844,-0.07283539037519077,-0.21364680330913116,-0.1142278306276338,764.861675106225
Burkina Faso,Mortalidad_Alta,-2.5681422401525698,0.48018671904003607,-0.10708631254574488,0.0008204133754655484,0.18519811595958183,0.23540694192433198,-0.23533777684101792,-0.07401192325082498,759.762065168498
Burkina Faso,Mortalidad_Alta,-2.644876361832978,0.5126900735028121,-0.12955968351061592,0.07575549935880756,0.19869884442401506,0.2605744337321785,-0.31767108952602835,-0.06005786566151989,731.470138867833
Burkina Faso,Mortalidad_Alta,-2.576078372618575,0.5625894686655032,-0.12969834439158726,0.09408224479065953,0.364938862488438,0.3323410848038377,-0.4679200288321859,-0.050770897863023155,725.024767725475
Burkina Faso,Mortalidad_Alta,-2.652082853019741,0.5611222938304566,-0.06328177571039452,0.05319994835215886,0.4925059013020564,0.2992777579013081,-0.354645754185304,-0.05683324936228089,624.957252224766
Burkina Faso,Mortalidad_Alta,-2.227720622458954,-0.6880129128157612,0.8655318669580532,1.1060291744881978,0.7604597263369652,-0.3500459148139543,-0.19686491332031872,-0.02765299856691,601.569520671859
Burkina Faso,Mortalidad_Alta,-2.8740506796526737,0.5520447985051858,0.08554676969596192,-0.009064823415517028,0.7334872745999462,0.26097750612649745,-0.06406732715550101,-0.04095415870942485,619.437533256264
Burkina Faso,Mortalidad_Alta,-2.623840585959078,0.5449375429113048,0.13166326969434033,-0.24662238196408826,0.9552760071613716,-0.04093146873033653,-0.3351443946020951,0.029740819235419668,514.684451177238
Burkina Faso,Mortalidad_Alta,-2.932530836819496,0.5541947241267029,0.1603623644345027,-0.13459139913660295,0.9308113817009304,-0.011451224515311852,-0.135509355338767,0.042680013942647275,455.513655620024
Burkina Faso,Mortalidad_Alta,-3.1477446676484377,0.6037885906705996,0.12260844086617008,0.03413176197801451,0.8996740200346102,0.06336467436091898,-0.17657264147026266,0.07737325908567497,441.164148016012
Burkina Faso,Mortalidad_Alta,-3.0403174351878843,0.596022079760102,0.15979417011257577,-0.11705576527433792,1.0355301574344697,-0.16969972888677398,-0.3306883698765281,0.14224037588866487,403.81283743461
Burkina Faso,Mortalidad_Alta,-2.810245471903876,-0.5337406840481024,0.9562681670275265,1.3140205446797737,1.2280729283679919,-0.41944768303178703,-0.28691558606952644,0.12140561513256196,362.373899996953
Burkina Faso,Mortalidad_Alta,-3.2839162839692846,0.6424533405158159,0.21628907856091129,-0.026178335971917207,1.2067235240675358,-0.09921010019432404,-0.2100595264550027,0.1529723565597997,285.654087637533
Burkina Faso,Mortalidad_Alta,-3.711445668790965,0.492619925296402,0.2772354731125126,-0.1436852693209825,0.8086981072093646,-0.6364893572232393,0.17699924343044288,0.24888589621570162,259.485223380436
Burkina Faso,Mortalidad_Alta,-3.644915398129464,0.48504308723269535,0.30763212770885234,-0.24403472987090435,0.9007698386543205,-0.7762696278443967,0.09176256503170337,0.29291916747785296,248.908526921752
Burkina Faso,Mortalidad_Alta,-4.036109161910853,0.8221532780408701,0.14159613013164768,0.5255833413650518,1.242164581719277,0.1951863653164132,-0.20106622429661786,0.26908097151754323,229.092294496817
Burundi,Mortalidad_Alta,-2.2249426981913634,0.12506833061491993,-0.07214343325292501,-0.3494002676704429,-0.668275489889053,0.2265763953116828,0.7519106419317313,-0.43581483008513516,250.634225368744
Burundi,Mortalidad_Alta,-2.073249296095821,0.2727560317353371,-0.10868510576023395,-0.17693049345209402,-0.3070142828631073,0.6548707011890267,0.486277943620885,-0.5261957513847854,214.091455416133
Burundi,Mortalidad_Alta,-1.6807812745008657,-0.9442819932983075,0.7209584058836411,1.0450773542281648,-0.21077971299135673,0.16632265629101164,0.5939687359654107,-0.46632042112208705,210.008139902508
Burundi,Mortalidad_Alta,-2.030302688852727,0.25053459974720005,-0.01990145665935946,-0.30589529040855074,-0.14376704824969672,0.5856398916911283,0.621123607087714,-0.47190421440828234,210.236494521532
Burundi,Mortalidad_Alta,-2.0355443252446603,0.2509801295892319,0.022145591186479296,-0.3519929488549919,-0.041083371073564835,0.5524222721575153,0.6639327514387903,-0.46868121057202816,224.89939239264
Burundi,Mortalidad_Alta,-2.0830880503159985,0.24682918539148613,0.03509878503862079,-0.3754273838464428,-0.02707837341592767,0.4574105863679256,0.6574369786209865,-0.4553351993470558,236.694472592753
Burundi,Mortalidad_Alta,-2.379924812046009,0.24684228936010982,0.040777179034802026,-0.25628649495190026,-0.12802305812888085,0.47263587541483987,0.8302507515597255,-0.4727899672354432,235.286205393908
Burundi,Mortalidad_Alta,-2.339878081842778,0.25039779484137253,0.08983422600602342,-0.33778862984855995,0.024377485559701373,0.40091582456932584,0.7973271208254752,-0.4724307756572337,280.966831311923
Burundi,Mortalidad_Alta,-2.961083508269587,0.3327793370587665,-0.11846454673913634,0.20191107832328214,-0.47952177499768645,0.5902917123393762,0.7278340656445073,-0.44732234498519874,250.540481111877
Burundi,Mortalidad_Alta,-2.7457967092781876,-0.7553638364919494,0.6351108499683371,1.7444563721042556,-0.29261206636012893,0.4911453123490275,0.705033758704245,-0.49044898023002514,234.843045388828
Burundi,Mortalidad_Alta,-3.089434066843138,0.39355493665690255,-0.1003565242847826,0.26921537276509866,-0.3027224053960941,0.5975239796517797,0.6453655554975729,-0.4202185403091585,231.688496393569
Burundi,Mortalidad_Alta,-3.242591952750283,0.4289243903184588,-0.09702622405866268,0.354929471647114,-0.25126233577711243,0.6283147699237033,0.6542763566469187,-0.40908124289616793,230.070577369084
Burundi,Mortalidad_Alta,-3.405012007114996,0.4764993879669775,-0.09544124036834621,0.46710448981717245,-0.17828154492330364,0.70908221311354,0.6602541489698072,-0.4022920697578081,216.727705301976
Burundi,Mortalidad_Alta,-3.292390537546111,0.5364920777996861,-0.08641024473997168,0.44976744284558956,0.06488433869029302,0.7323184965026043,0.44761160598227945,-0.36414246341192913,199.097633037708
Burundi,Mortalidad_Alta,-3.438053936977036,0.5550258804332946,-0.041362609888255956,0.4695345152302449,0.1736897086774293,0.7083061926412786,0.5195052166495948,-0.3486157195818962,189.502074570768
Burundi,Mortalidad_Alta,-3.3875992209161416,0.5493725664642559,-0.006498969496934513,0.3392530013275231,0.294730611625029,0.45826183850262886,0.38512792688730163,-0.26591027499559833,166.162744906755
Burundi,Mortalidad_Alta,-3.2615589465301933,-0.4753286145829896,0.734533006902764,2.0247338253622345,0.5777234226220936,0.5707086973694112,0.3631242905908398,-0.32654938077568313,161.892755640319
Burundi,Mortalidad_Alta,-3.971350135310104,0.6986641353671095,-0.07433292821922034,0.8022379101786858,0.31765256400088204,0.7591919633785841,0.38415697346665334,-0.2546440946934021,147.234619294225
Burundi,Mortalidad_Alta,-4.060096698899464,0.7548320780423565,-0.055053153007623125,0.8705839970388973,0.4874691672694975,0.8329767210707724,0.3505086642282267,-0.2411333188085342,125.194965184533
Burundi,Mortalidad_Alta,-4.132195984231495,0.8258943899810726,-0.041321435912004205,0.9526014411312297,0.6940357327940834,0.9367139708790688,0.26546826022019887,-0.2692972091173599,111.406682804391
Burundi,Mortalidad_Alta,-4.28247641437779,0.7964196674514409,0.03776629103596491,0.8680121604962402,0.7622731304392802,0.7441480683081936,0.41052619243000865,-0.26725843176897757,120.952308575468
Burundi,Mortalidad_Alta,-4.418120645435168,0.8364329039570757,0.048333954536148846,0.9259759607492346,0.8627226618786441,0.7258425323393145,0.35617164598610296,-0.30407271429246924,132.159554541932
Burundi,Mortalidad_Alta,-4.907873936423467,0.7393270823594678,0.03720295672216293,0.9462046332808672,0.42367117670431803,0.26110143961952587,0.5552166367901387,-0.24290324327354,134.537861752389
Burundi,Mortalidad_Alta,-5.029502584595084,0.9136348336859562,-0.03634254792243019,1.1785546268454303,0.72423896811178,0.3731388784298066,-0.049435971942930285,-0.2572971828144637,164.915311679326
Cabo Verde,Mortalidad_Baja,1.2581815640279188,0.15484828811357892,-0.05237682035863898,-1.5990206780453284,0.4464012949303447,0.5824314501521356,-0.008868005228017456,0.017876171259879645,4323.31362032709
Cabo Verde,Mortalidad_Media,0.8713392760819902,0.01750061619663182,0.04511592922733937,-1.6962586161375344,0.21538923326497442,0.303448182296653,0.17531344148707018,-0.044347315444139924,3971.44409203423
Cabo Verde,Mortalidad_Media,0.7611779471482893,0.1027203033334746,-0.11289183947057431,-1.5018562143920458,0.10583865548254259,0.1803313896246342,0.1898224458027792,-0.07092193733127135,3539.22661248299
Cabo Verde,Mortalidad_Baja,0.9239978595301953,-0.013327477492528626,0.07380854265943487,-1.8073258114683148,0.1300786215740299,0.08568631036352053,0.26750100093815515,0.09165081329583182,4380.78117331128
Cabo Verde,Mortalidad_Media,0.8196959220191382,0.04906535264512884,-0.035759316731202216,-1.651056809966927,0.054304784212740556,0.03425303370909774,0.21333677533993378,0.07273274769011359,4294.96510035729
Cabo Verde,Mortalidad_Media,0.8186166270668105,0.026277587198698084,0.020868720866521216,-1.7293728936756902,0.17166296166650427,0.0020904469750192656,0.3612966043714401,0.07467055712273697,3893.09571382506
Cabo Verde,Mortalidad_Media,1.047421705554556,0.21612626713692396,-0.09301274142864012,-1.5109904356236337,0.5637458143492325,0.39193457693649547,0.14726554251619287,0.014477552585032685,3608.96605234906
Cabo Verde,Mortalidad_Media,1.3701441477540572,-0.9681851400583742,0.718438100129919,-0.16614546821565002,0.6689950087362782,0.12663577865162762,-0.019312197623960144,0.023816123523078648,3415.06266730931
Cabo Verde,Mortalidad_Media,0.824423168911583,0.1330764017983953,0.017189062489369872,-1.5634045689164473,0.4562348345415318,0.39643125345694336,-0.035072572380188884,0.0779448926628935,3985.60706548134
Cabo Verde,Mortalidad_Media,0.8010382073836599,0.1418479185073432,0.03542400878767072,-1.5731057875774648,0.5222621837398728,0.3743527142561417,-0.02700968133552819,0.09172227367727666,3960.97596791345
Cabo Verde,Mortalidad_Media,0.7320652849684391,0.12331334673617037,0.052728685408418886,-1.6124292264503965,0.49740516791168926,0.22905900994396414,0.07133274838231578,0.12355693407252812,3736.81517011087
Cabo Verde,Mortalidad_Media,0.6790692278098033,0.1638223420340995,-1.0018380264073681e-05,-1.5310691651741501,0.4679601994213972,0.19314922609343327,-0.007261722510626684,0.13050428531258093,4002.01386888785
Cabo Verde,Mortalidad_Media,0.6968558486185373,0.24677456919939472,-0.09310438264638064,-1.4353247510180185,0.5477175619315883,0.114378592622182,0.07998048285976964,0.10956339942311027,3579.46006137809
Cabo Verde,Mortalidad_Media,0.5290430114343371,0.1450470257604797,0.025905314237199634,-1.5194415295492663,0.4541664721089331,0.16032192445322155,0.0014591733668521442,0.11307288492309495,3659.72046361628
Cabo Verde,Mortalidad_Media,0.406085000928499,0.11471593912275342,-0.002963332224733923,-1.5489016924693377,0.26242923282380837,-0.16147395357990607,0.148512072610431,0.13129989846734869,3908.64885822576
Cabo Verde,Mortalidad_Media,0.5524333586775212,-1.2815442352913986,1.0239897815556849,-0.5088286205013772,0.21717900472146037,-0.6472362238081052,0.2719613015987818,0.11721959809247258,3324.57675212498
Cabo Verde,Mortalidad_Media,0.18283491017115194,-0.1578199858969966,0.36916972593014086,-1.9835418777915323,0.3275870111281956,-0.2624607055536685,0.615298318708215,0.07302673457050447,2256.99666191075
Cabo Verde,Mortalidad_Media,0.11552964799383302,-0.1487816029327643,0.3544385337072178,-1.9316794653739036,0.3098884995115095,-0.22939864841258606,0.612838622885452,0.03200829967976724,2004.14680417563
Cabo Verde,Mortalidad_Media,0.06483734683396206,-0.14787986632967848,0.36915450308887876,-1.9190012243844132,0.342151076226953,-0.20188536217255665,0.653201176799757,-0.011082993658488003,1929.49081468781
Cabo Verde,Mortalidad_Media,0.05039560462208278,-0.07998059400591831,0.28639566590766913,-1.818552663195569,0.367800409229511,-0.2542242590955964,0.6813540920533042,-0.044689671049170654,1717.97565369655
Cabo Verde,Mortalidad_Media,-0.02973237001615297,-0.07116017639639498,0.2874908644243361,-1.783372324345999,0.3717173884177718,-0.25051339209778833,0.636913313599233,-0.05871314430396409,1328.57874270666
Cabo Verde,Mortalidad_Media,0.2707304790684847,-1.2276065120500557,1.0904993478011134,-0.42239615882980996,0.5503628189320294,-0.5645493181127553,0.6000268718673165,-0.09335646493729442,1223.33055331575
Cabo Verde,Mortalidad_Media,-0.41109885605140956,0.021109008075342738,0.1816526797932276,-1.4564657178845302,0.2801885103134769,-0.13174385051147933,0.5318336246111256,-0.06544722036453485,1189.51479345891
Cabo Verde,Mortalidad_Alta,-1.1864228473274039,0.16623238451423614,0.04975726581674342,-1.049645967485933,0.18618951182479598,-0.4486237794214995,0.2817381734246404,-0.03126119694631173,1165.13832331934
Cambodia,Mortalidad_Media,-1.541017855504485,0.05940923162482289,-0.5308368323330983,-0.25363209501425416,-1.6987328060654776,0.14098865735424163,0.05513614677375339,-0.0069815238366938235,2325.03050040841
Cambodia,Mortalidad_Media,-1.5385544239821547,0.11508060604080744,-0.5248412956222916,-0.2057951447404998,-1.5228062724159446,0.23762545394036685,-0.047936182589634,-0.09549244068862339,2167.40324198499
Cambodia,Mortalidad_Media,-1.4724468025273336,0.07195375101847659,-0.455258418500535,-0.33715955628113164,-1.4613763764967107,0.16435049712397398,0.12447071987059383,-0.0249790197261036,2081.73914242939
Cambodia,Mortalidad_Media,-1.3941561201375952,0.0833309282563763,-0.4659910725294096,-0.36028010705514274,-1.4240881799641225,0.13890582707835514,-0.01004454394447762,0.01862513757112941,2225.87705485686
Cambodia,Mortalidad_Media,-1.4073464146642956,0.08501381821729125,-0.41899954393931016,-0.37990673827500454,-1.321452380538238,0.19714812634640463,0.06019140597713636,0.013002492588948198,2036.67377566578
Cambodia,Mortalidad_Media,-1.532056496536401,0.04155587052954583,-0.355398655313638,-0.43728471363062404,-1.3368854248486983,0.10351684592466452,0.2675462871601907,0.02273305772758099,1826.35391688754
Cambodia,Mortalidad_Media,-1.4428624390633251,0.1176507580425285,-0.35262223091702233,-0.36209351610181095,-1.101229567552022,0.3579012158156053,0.1731762321152741,-0.003964261159918629,1675.19555711109
Cambodia,Mortalidad_Media,-1.5259847390823424,0.11367601903058201,-0.3164141523503335,-0.3595535673771521,-1.0612622605368887,0.3720024698139158,0.26439763541402533,-0.00338465258567165,1547.32010444393
Cambodia,Mortalidad_Media,-1.6789000555759623,0.12192137962987595,-0.29878507024799855,-0.29348766024982403,-1.0593582857281882,0.426990374894361,0.37108087230723247,-0.007631350862647567,1431.56396469993
Cambodia,Mortalidad_Media,-1.8087153740821178,0.17010289893263036,-0.30637741152488646,-0.15966246345461232,-1.003756486646485,0.5963012534511182,0.3872458619267824,-0.021548885389320465,1305.6600972686
Cambodia,Mortalidad_Media,-1.9777223097704444,0.2013284760337753,-0.30198148811703246,-0.04912834719380552,-0.9778220516400365,0.6983743117139078,0.46365778565542126,-0.024264117615359203,1192.80263041673
Cambodia,Mortalidad_Media,-2.1126960765929836,0.2161265916561702,-0.28360764049058335,-0.002139217676550143,-0.9425883715744768,0.7045223863463611,0.5163246153578711,-0.012310659521568401,1088.98152823081
Cambodia,Mortalidad_Media,-2.190109460801424,0.21200679941267583,-0.24965490069803967,-0.03608005517087042,-0.889999233494174,0.5971008920738641,0.5418360206003534,0.021622501604003704,952.274616324008
Cambodia,Mortalidad_Alta,-2.2350614385857694,0.24820326258551326,-0.23479702996767043,-0.0054053005853824465,-0.7673304781919298,0.6240870957200819,0.4880684074420217,0.04733912974031277,875.748936193569
Cambodia,Mortalidad_Alta,-2.3062272867950124,0.2798422866898002,-0.22729559074795347,0.02908518908992505,-0.6804069040234706,0.6135459906849023,0.42069436052353126,0.0861465548927275,866.283999789749
Cambodia,Mortalidad_Alta,-2.267420411764791,0.313777658934546,-0.24699145752911597,0.016164451258951076,-0.594427679289544,0.5066589220168645,0.1898928720692302,0.15676766733641598,731.692295125426
Cambodia,Mortalidad_Alta,-2.6156203586022113,0.23156834960080372,-0.18936423224539845,-0.04317188586787209,-0.7905895277737373,0.14975735761307402,0.44747052597265674,0.22853743531327772,612.252648550727
Cambodia,Mortalidad_Alta,-2.3987646780027507,0.4294590244519343,-0.20470362734776915,0.14425451979442475,-0.22355905729479486,0.6933698810604147,0.10230874847331822,0.19779741520513286,525.797325120926
Cambodia,Mortalidad_Alta,-2.484119827094613,0.45852297741217585,-0.18491821007699213,0.1452078059623233,-0.10875582172950346,0.5928647074192642,0.011407947466774954,0.27147524067222073,444.199067529081
Cambodia,Mortalidad_Alta,-2.74652636616526,0.5138187398614529,-0.15181939213696155,0.2731015769534353,0.022297267738778572,0.672215316835491,0.09600525772339633,0.319987761866434,386.691123931778
Cambodia,Mortalidad_Alta,-2.897576928748605,0.5567415018331573,-0.11238394136050195,0.29824657536338894,0.1942038988292806,0.5981253851986725,0.055793231001503796,0.4264143760382452,350.147276634294
Cambodia,Mortalidad_Alta,-3.216962175127837,0.6275014415046107,-0.07540444791030987,0.45827720391984583,0.35439734717316657,0.6907942883805417,0.15244070720371392,0.5168049999103949,327.500984314444
Cambodia,Mortalidad_Alta,-3.517101542700062,0.6967776663344262,-0.0550399210329216,0.6156381405434546,0.48309230250160434,0.7532425489273707,0.18747596247958714,0.6088505352481722,296.426687526334
Cambodia,Mortalidad_Alta,-4.524558522606276,0.7371187467875796,0.06580494136960677,0.9756045181679379,0.4786470447859147,0.8966679828643537,0.9051072386998157,0.4957619407936198,343.485224671585
Cameroon,Mortalidad_Alta,-1.731063728985012,0.18332953812374972,-0.053236263587459615,-0.673598951583384,-0.21689120609182758,-0.2447210262368098,0.07312650737578458,-0.09881431248859372,1604.87726954895
Cameroon,Mortalidad_Alta,-1.3112533161842765,-0.9731341459910064,0.8021090132797343,0.5718508108316122,0.12779241202264338,-0.628228091216898,0.07906115882132689,-0.18947910367042267,1672.32657340872
Cameroon,Mortalidad_Alta,-1.7565410635947538,0.19555133548360154,0.028514385303877864,-0.7351185656546025,0.00493841617869327,-0.25420623206415094,0.16789005990116804,-0.10398655496399384,1555.60370660749
Cameroon,Mortalidad_Alta,-1.6943301173161276,0.24717466694369036,-0.0035180220082204868,-0.6759000434916678,0.09268399610149838,-0.1583499861497179,0.003522986212765871,-0.06682473380157834,1555.22660476477
Cameroon,Mortalidad_Alta,-1.7826895533296905,0.2462467703084557,-0.008031580440906834,-0.6637481076784076,0.05912894196158301,-0.24794206246993472,-0.016108143508240035,-0.05738003286076813,1610.69641591017
Cameroon,Mortalidad_Alta,-1.9416107356851324,0.20943701964977546,0.015219204223871899,-0.691736181825829,-0.032534792763797005,-0.42368357538627943,0.08836755305258975,-0.025771569235866574,1496.08951771242
Cameroon,Mortalidad_Alta,-1.841740229715363,0.30664473262320063,0.006350651411707838,-0.6006908713263606,0.24490539907271375,-0.17155087350371181,-0.08420809904961539,-0.051578115611087695,1441.7201725688
Cameroon,Mortalidad_Alta,-1.9602297584816335,0.31270639000864736,-0.002151501155123357,-0.5641320118431966,0.21052000241470206,-0.24329403013854461,-0.10427195803641509,-0.04497359900673179,1415.00009710569
Cameroon,Mortalidad_Alta,-1.5871049302910263,-0.8789964414759626,0.8390286510820063,0.6610788820088337,0.4079879145077465,-0.7490558450528951,-0.07464962791752253,-0.0321759607121671,1649.4433905949
Cameroon,Mortalidad_Alta,-2.033818708994163,0.3322985648256006,0.04053908349367721,-0.5910306718199251,0.35246914067787927,-0.3344202358419738,-0.15277561618371324,-0.00036681549312102344,1575.92882118897
Cameroon,Mortalidad_Alta,-2.135898385705107,0.3202587161868501,0.07317547640895411,-0.6231199405377078,0.3709016692941165,-0.4596903964621193,-0.10994427774592208,0.030796355097373055,1449.09874362279
Cameroon,Mortalidad_Alta,-2.1737330872186624,0.32900725664118424,0.11370356580386688,-0.655896680378724,0.4853101935384641,-0.5098035437921005,-0.09881200636860847,0.034697846245165365,1513.96056994878
Cameroon,Mortalidad_Alta,-2.268870577009315,0.36337065188157397,0.09792456521007498,-0.5738972061248183,0.5130768790040761,-0.46744849387141446,-0.15293117369904785,0.03984812467505257,1398.58702025047
Cameroon,Mortalidad_Alta,-2.2792376823582723,0.38750020837407617,0.09869084950083894,-0.5725299155325337,0.5878355832247598,-0.5157724668521044,-0.24702506131662322,0.07592521933453515,1461.38999232337
Cameroon,Mortalidad_Alta,-2.360068163869558,0.39670720291622735,0.0831446381744752,-0.5366579647905079,0.5552602578856972,-0.5672283410402394,-0.30984441060586587,0.10245813967598066,1492.14269801453
Cameroon,Mortalidad_Alta,-1.9868659020648518,-0.7661076864979458,0.8800459398074338,0.7716022192610567,0.7245349835188789,-0.9784323556906968,-0.35123722070159163,0.11002630446227855,1325.67248215933
Cameroon,Mortalidad_Alta,-2.5231447371109823,0.4248180972483139,0.05287800883426152,-0.4600855656578465,0.5228451380531078,-0.6704798252932179,-0.39190179317022117,0.14787902124510827,1191.45458990968
Cameroon,Mortalidad_Alta,-2.655895520061396,0.42132752781644833,0.07766810795755712,-0.4499774841099804,0.5323790198428843,-0.7345295677486324,-0.276678736553613,0.1651890254066098,1142.62466252106
Cameroon,Mortalidad_Alta,-2.657648336472041,0.47070648931293063,0.07908517744451923,-0.3883529240547625,0.6685458785616507,-0.6079968376735669,-0.3225901645410513,0.16001161191537544,1133.39326749673
Cameroon,Mortalidad_Alta,-2.8074029424433573,0.4868025832892332,0.035802194391094035,-0.2952815300793962,0.5666513323797127,-0.6579531706554378,-0.393608704218554,0.20307713351851472,988.241276791846
Cameroon,Mortalidad_Alta,-2.88201228934818,0.5014485294975793,0.053716240206835596,-0.269880584270696,0.6235195766708682,-0.6433039236840555,-0.36427167749739947,0.21837926171510538,789.623811072554
Cameroon,Mortalidad_Alta,-2.5692971040848724,-0.7035008443778281,0.8939237590965761,0.9737197977348327,0.7568803643923286,-1.1509152891250893,-0.26407907809740266,0.24337257967479875,715.470296470585
Cameroon,Mortalidad_Alta,-3.103654481107761,0.4852558424984005,0.06295834172682493,-0.2569684452202231,0.5391549961232024,-0.8459707322005126,-0.329829504789266,0.3045904623879004,708.565731625965
Cameroon,Mortalidad_Alta,-3.2323739525607005,0.462889220556203,0.11509256819732439,-0.28980152837847306,0.5551615892390827,-0.9374873765365392,-0.17387721089559038,0.3806894352906008,832.006674487689
Canada,Mortalidad_Baja,3.9981038670321603,4.979598438115815,2.7840604025521825,-0.046247747768930286,-0.0948134672459023,-0.1436038251667811,0.44912615911226456,-0.018829416808191477,56256.8007264015
Canada,Mortalidad_Baja,2.8738024104694415,1.2954581428040353,-1.333873140734182,-0.3863161601732054,0.8663785720279927,0.546987201789369,0.16480929474831235,0.10715222063419996,52886.6616372703
Canada,Mortalidad_Baja,3.4409560853712056,0.08290378289969456,-0.4516972895638956,0.7581461072178509,1.2391298197283906,0.23751071514109845,0.22809393182048532,0.07367998341954637,43537.839298904
Canada,Mortalidad_Baja,3.385032222274369,0.13986084774339635,-0.5963299851730186,0.8940211882900546,1.0293532407468597,0.039302239926422476,0.3502373650166912,0.13546563189231245,46352.8693445211
Canada,Mortalidad_Baja,3.235618811587669,0.10117289316247417,-0.607788883635552,0.8906479480021426,0.8691251662164395,-0.13731936124227265,0.43438525559685043,0.13143038971119025,46539.1761570405
Canada,Mortalidad_Baja,3.2905963176340243,0.11251150822579871,-0.6262203590900435,0.9069121957995226,0.9638857044333522,-0.04173291077544006,0.39292279006617886,0.12093375231507617,45129.628116623
Canada,Mortalidad_Baja,3.2898692477537295,0.07161238902105675,-0.5585240599405663,0.8284543957374894,0.9706176817045302,-0.0371945334771767,0.41076697711360566,0.13329577241815554,42314.0615817218
Canada,Mortalidad_Baja,3.224399137080434,0.04479458928538927,-0.5389656691384194,0.8331281867432822,0.917940792444842,0.007160562115957923,0.33936854466507854,0.13441614099351787,43594.1941045394
Canada,Mortalidad_Baja,3.299316137595267,0.15327559313217765,-0.6063994062832551,0.9904996531044244,0.9626889566182331,0.19033051637346884,0.12396723507726093,0.11831146288955491,50960.8431174661
Canada,Mortalidad_Baja,3.2625358912893563,0.10440776495862525,-0.6032549944166072,0.958391766086514,0.9698595476620702,0.19840951346616598,0.15042539211302486,0.1178720022741525,52638.1187235237
Canada,Mortalidad_Baja,3.2951449045568,0.12422340475198455,-0.5961443995089178,0.9686352087560303,1.0122164422308542,0.2493679870093938,0.1012886988345126,0.10697258679217674,52670.3447335415
Canada,Mortalidad_Baja,3.2490733776259706,0.12666536026840822,-0.610019860833367,0.9830934167654576,0.9625942793283203,0.18039560526978182,0.1267263489779112,0.1031585521666036,52223.8588398531
Canada,Mortalidad_Baja,3.280527524177502,0.14289959947100808,-0.5443529750916487,0.9331966268081041,0.9982054235962751,0.15098608268818772,0.13519932545882568,0.09475524598828347,47560.6666009406
Canada,Mortalidad_Baja,3.305353504870934,0.13631074106100502,-0.5228711302704115,0.8888903856046845,1.0664770474245266,0.1239623517393394,0.17956793987585387,0.0713599693893609,40874.8831932903
Canada,Mortalidad_Baja,3.1495040003785877,0.18343807069803755,-0.7253246843192275,1.1234985719531105,0.8779357655090918,0.07897901663701537,0.10958296303524409,0.06001683551665917,46710.2526864484
Canada,Mortalidad_Baja,3.1733302611711376,0.22602107651697287,-0.7412600590234258,1.1396995186460868,0.8867678268878013,-0.005309914751521313,0.15862019081922768,0.04676918451094178,44660.0838892281
Canada,Mortalidad_Baja,3.1783843762340562,0.23622869729127025,-0.7778349522115046,1.175893990272348,0.9025783513958832,0.024041607659125785,0.140146022284017,0.04510145967564752,40504.0370977806
Canada,Mortalidad_Baja,3.1552485226174425,0.239786806150084,-0.8025837798789235,1.2159850479077798,0.9358318692719503,0.09225133811629639,0.06666321553981491,0.008386508870629592,36383.6600068095
Canada,Mortalidad_Baja,3.198089359810824,0.24638834466504306,-0.8155436215984342,1.2257984692184065,1.0357641792236538,0.17962868147615366,0.03671359664847575,-0.011724211220916929,32145.5412620217
Canada,Mortalidad_Baja,3.1826613987918053,0.2343676597512385,-0.7780617588483679,1.184462995894773,1.0416564439393374,0.13787217701719187,0.05314968997252919,-0.028075417668283913,28301.8645937428
Canada,Mortalidad_Baja,3.194641529046732,0.21602708452914102,-0.7130503426017534,1.1474348503312848,1.0970004324344833,0.25630819472702787,-0.05349351275685087,-0.04510163292840095,24256.0192337185
Canada,Mortalidad_Baja,3.174627818799322,0.22298963470106978,-0.7461757475540907,1.182231906011675,1.0886914444729519,0.2561410423463236,-0.058816430721311645,-0.055925311988192096,23822.096210932
Canada,Mortalidad_Baja,3.1476144325213964,0.26353448189736267,-0.8148815029745848,1.2706436479815455,1.0509477621660013,0.23758903439772885,-0.08943207116273585,-0.07180061950699412,24271.0020563821
Canada,Mortalidad_Baja,3.190686628518373,0.19103126175402815,-0.6083029611524652,0.9896446436988238,1.3024679273904427,0.09616249055244203,0.09861607187288172,-0.1540091902729255,20679.634792669
Central African Republic,Mortalidad_Alta,-7.115118107374584,1.4974267340174336,0.7859132229604531,0.9303091300066465,3.9479413484978014,-1.6863729639913219,-0.9358405901405897,0.3334490652529243,467.359825026238
Central African Republic,Mortalidad_Alta,-4.0514940424826955,-0.3780110212217415,1.1008765816323107,1.691113504575951,1.642242661351286,-0.5894359291714819,-0.01662726234224223,-0.6243747922290218,492.263142830507
Central African Republic,Mortalidad_Alta,-3.5436751833054965,0.6260294148070258,-0.002164776922406879,0.30893741206414216,0.5490885537820519,0.05314699040878133,-0.15948193514220477,-0.27176728397144506,462.879071294011
Central African Republic,Mortalidad_Alta,-5.179449625888358,1.052636211870692,0.338855567811258,0.5290792087648016,2.212155471165655,-1.0277814677023909,-0.9265586717871991,-0.3433524376282731,449.228467602439
Central African Republic,Mortalidad_Alta,-3.3821735190427273,0.5874785609938998,0.09039543312264751,0.16993342400921588,0.6892142019087732,0.13991723757217756,0.1477298656464423,-0.19737340624324992,455.243962859534
Central African Republic,Mortalidad_Alta,-3.912099770329381,0.7721165197583671,0.18690119975304093,0.33540890886462266,1.3146552335134711,-0.006685445043065485,-0.09975944657666068,-0.39531398198947204,432.324025684263
Central African Republic,Mortalidad_Alta,-3.5344738630878116,0.6159057334227618,0.11147949854062955,0.21181125531449368,0.7760810647344268,0.09560533342201362,0.13867476675073087,-0.2195932861432856,387.176203444318
Central African Republic,Mortalidad_Alta,-3.3699649140391306,0.5846273709482143,0.09534806697454828,0.16357490834201235,0.6978403331781563,0.15969026104976558,0.1622187465074856,-0.27147330236053524,366.322853938121
Central African Republic,Mortalidad_Alta,-4.552467757032357,0.8163167422738363,0.3093084279244909,0.3787935401778431,1.5585621285883178,-0.40978520398132284,-0.09211620469971447,-0.41020397418509635,409.8504859647
Central African Republic,Mortalidad_Alta,-3.77847429825415,0.6526119036710006,0.0968637920420349,0.3145511183102027,0.7756341797525856,0.008569897801790984,0.06107291289426773,-0.21716614608531631,364.36696260838
Central African Republic,Mortalidad_Alta,-4.131657421760548,0.6953300564259152,-0.13120013316357146,0.8220315261756174,0.164366067045045,0.4539804637549227,0.01767145271517422,-0.2233190115943923,544.395849142785
Central African Republic,Mortalidad_Alta,-4.339730396764069,0.7226839150382495,-0.15550214735336063,0.939462393771266,0.1145117852429664,0.45272113338078096,-0.0579825081716892,-0.2696373535619336,534.057281471636
Central African Republic,Mortalidad_Alta,-4.622220334458393,0.7978027718045123,-0.07573026294634586,0.9570851118770703,0.45426834413532186,0.25718704626951877,-0.17916681889569497,-0.243205768639591,476.873786950728
Central African Republic,Mortalidad_Alta,-8.511029457918655,1.9213854412453744,0.648961571018501,1.8109435350165775,4.356804204472937,-1.7886032725209375,-1.6808753441937696,1.23918161282201,456.471673898404
Central African Republic,Mortalidad_Alta,-2.7337247563062306,-0.5747578349088962,0.9432068477605717,1.1242662079648456,1.168054625298783,-0.916709015558596,-0.418512251905297,-0.01802940077504322,437.24827472489
Central African Republic,Mortalidad_Alta,-3.7882808069098908,0.7662555683380331,0.10272829227040582,0.45673798822726996,1.0552161998034975,0.27889507474492137,-0.0012512261919358145,-0.1595960402720448,380.887048839475
Central African Republic,Mortalidad_Alta,-3.8586492454724386,0.7580904493430076,0.1719549572105227,0.4151722047774601,1.1919604593716555,0.28451006388660005,0.07186566668152419,-0.16455988981557532,333.942519903031
Central African Republic,Mortalidad_Alta,-3.9699037246633715,0.7982966720708601,0.1188454305509871,0.5191002603565786,1.1462948746543888,0.24989762529196707,-0.07618729044865534,-0.11381848811324322,311.950023138687
Central African Republic,Mortalidad_Alta,-4.10060952909089,0.8229601420023522,0.14109900811749854,0.5818765556059703,1.210166699469943,0.3080117400596951,-0.006811949928701592,-0.11823074020765964,303.461321152782
Central African Republic,Mortalidad_Alta,-4.781934508390517,0.9453709668856061,0.033149377414876675,1.1919207385755322,0.9828645653354104,0.8899409435693334,0.2507779699936168,-0.19811398158025084,278.403992150941
Central African Republic,Mortalidad_Alta,-4.275053732856124,0.8782904476796952,0.08615691859194972,0.7205607508873006,1.1923434517299156,0.27846015733861856,-0.15296727852979658,-0.06897061091960527,248.639290978403
Central African Republic,Mortalidad_Alta,-4.55017487460742,0.7548530336286562,0.22266312551252115,0.55310111669997,1.0756939868913857,-0.03387033508658861,0.3255677331415602,-0.02323834678610449,237.951702544735
Central African Republic,Mortalidad_Alta,-4.628137523594357,0.7369275616862669,0.24429258290993622,0.5343568579057738,1.0510502798433992,-0.10631530611017377,0.35452359215967166,0.015391768001340097,239.154133726071
Central African Republic,Mortalidad_Alta,-4.283046243900921,0.7390194471002004,0.25604351948098697,0.31143910052502377,1.2438661519158554,-0.3701739230523105,0.12229750581087845,0.3332344559400298,333.145863233895
Chad,Mortalidad_Alta,-3.4352365066098014,-0.646366799069054,0.5334869152064627,2.036036864677669,-0.392822861891635,0.06029373201725992,0.12706724130736863,-0.37788460767049786,966.036468278568
Chad,Mortalidad_Alta,-3.781236291375139,0.5949165746989451,-0.2039621731296941,0.7279954996938428,-0.18364725013060645,0.5673091750554585,0.06784647931708339,-0.4607494426085083,946.358500208374
Chad,Mortalidad_Alta,-3.9832294602789853,0.5534618699455235,-0.11980239913807039,0.6991715290304891,-0.18654310769698768,0.5195404442757018,0.3993496950892812,-0.44469603628558996,866.947814890409
Chad,Mortalidad_Alta,-3.8627573964852444,0.6366449878236998,-0.17044137491196842,0.7865457325253564,-0.031367617414702814,0.6806320754217106,0.12270122922151046,-0.408038426383311,893.336441643325
Chad,Mortalidad_Alta,-3.4811675164567535,-0.5175973489427326,0.6319001434772097,2.0976009088685257,0.17708990141227876,0.29319549296889574,0.07818751446650023,-0.4138408515976136,948.656629871231
Chad,Mortalidad_Alta,-3.9364542568886027,0.6715627894383197,-0.11259248943308495,0.7786239413613866,0.1835025696505744,0.6747440988412049,0.15036201229556878,-0.4123471704999832,854.46120040098
Chad,Mortalidad_Alta,-4.028941081039701,0.65840527704497,-0.06730742996030822,0.7503084411648113,0.22178610075976188,0.6136345073827787,0.2747738448649371,-0.3918494617576927,861.831767630746
Chad,Mortalidad_Alta,-4.002215613043541,0.6503562637630114,-0.17549054887336432,0.7321279889697597,0.006592623142188555,0.2754036754926631,-0.12663757337806616,-0.27281806666757785,993.990730610869
Chad,Mortalidad_Alta,-4.049403959873697,0.6402894938627258,-0.21599782440628715,0.722716569220684,-0.10745691946884361,0.07316612445077318,-0.2751705791739574,-0.18784762969255622,1278.78981422494
Chad,Mortalidad_Alta,-4.089195028844099,0.7048649230042049,-0.2649543960571608,0.8609971348210161,-0.06508971630387626,0.2227339053154949,-0.40465300599597065,-0.16153342649010213,1304.88742971475
Chad,Mortalidad_Alta,-4.009121168122171,0.6740124063819776,-0.2818339589373692,0.7291167795481015,-0.11824632625204241,-0.10840403056395943,-0.6223896541388562,-0.06152396980073532,1354.34344701937
Chad,Mortalidad_Alta,-3.5760988102804427,-0.5113801899998801,0.581703177926625,1.935532565535068,0.16292629527071534,-0.5389438772811902,-0.5656762751710087,-0.05062822402001758,1308.1421872538
Chad,Mortalidad_Alta,-4.386530113148831,0.7251428956562209,-0.2317104944241803,0.9334361422052068,-0.029367680368616582,0.12774630875314621,-0.326252575121815,-0.07243554038965441,1141.80069268412
Chad,Mortalidad_Alta,-4.281355507342786,0.7240051477886515,-0.1369349445881357,0.796205366324566,0.23187594363809935,0.10104750667466517,-0.24886394978863238,-0.05396717752679807,1035.63719694254
Chad,Mortalidad_Alta,-4.239221300801506,0.7657018561721894,-0.24369391484266695,0.8599388421582823,0.14385875066156562,-0.02187736145135877,-0.6589002391685963,0.0332357294141173,1166.36883453841
Chad,Mortalidad_Alta,-4.323586414616229,0.7481913048414875,-0.20394055902709293,0.818714955260235,0.16529080356452083,-0.12440193842732492,-0.5712206936901104,0.06754203659279298,980.483531485103
Chad,Mortalidad_Alta,-4.506717109299781,0.7820546129253413,-0.19271358854605838,0.9347191342792527,0.2058535412487407,-0.007482147266394862,-0.4653280986638405,0.05287066071365661,906.897260572747
Chad,Mortalidad_Alta,-4.482835802307719,0.7034183026397606,-0.13769786975675957,0.7258952163039107,0.15720425676663896,-0.37695606749065946,-0.41814510422384216,0.16581020483371972,838.092107712557
Chad,Mortalidad_Alta,-4.5541468479624365,0.72033870081014,-0.13798793240064589,0.7679604720866883,0.1770488647806812,-0.3632063888823418,-0.42242177887183846,0.1956215814113758,445.850767157087
Chad,Mortalidad_Alta,-3.613696903374773,-0.5604923492460724,0.9347480599487124,1.436892791940044,0.8961397706616244,-1.1090853836447252,-0.23188671651974346,0.23769275162341116,289.087621122168
Chad,Mortalidad_Alta,-4.444433566815366,0.6382303557049087,0.33906479456109107,0.28843280227650114,1.0607540491590786,-0.234364594922232,0.6128233601264487,0.11652296619306349,219.061391951349
Chad,Mortalidad_Alta,-4.5934019654701315,0.6659106627481708,0.3417301586063121,0.3954507798731342,1.0739327031505193,-0.11950714127239383,0.7055133671709384,0.13176863362743527,194.32295331156
Chad,Mortalidad_Alta,-4.603247307957786,0.6656529178890553,0.39504424603889243,0.34250490271823025,1.1978630202085676,-0.1467420535530458,0.7720272541285867,0.1392454161920652,163.121663683369
Chad,Mortalidad_Alta,-4.090475878737768,0.7878286686852929,0.4512585793814537,0.15562211355068012,1.8873918435295036,-0.1144208579764166,0.2773952443937142,0.3031822700260862,203.964852705041
Chile,Mortalidad_Baja,1.878536058549492,-0.7242622069409363,0.1428478481972154,0.46175238923807754,0.003870196300737607,0.6400304106030944,-0.6089800344387782,0.10849797146996164,15405.6165774073
Chile,Mortalidad_Baja,1.439941536954249,0.46378123639090446,-0.661734189749481,-0.7908474881141164,-0.1030359036956386,1.1032350995083455,-0.6711514950542986,0.08968068881576714,16206.8325493421
Chile,Mortalidad_Baja,1.901394216136829,-0.751737522356494,0.1852511242009992,0.42177846824249665,0.0904623426737287,0.7496249709653919,-0.5786379346011088,0.10428547671052418,13114.815470545
Chile,Mortalidad_Baja,1.4064227784348473,0.3275544579592622,-0.5626428350785291,-1.0345730633972352,-0.23000124842184144,0.769822538940681,-0.20590223135078298,0.2194499483175647,14495.716721687
Chile,Mortalidad_Baja,1.358250433113528,0.31382895846261183,-0.568336877188503,-1.0172423048084394,-0.30601248249641916,0.76757663275385,-0.22786602050271737,0.25280118043271727,15659.4808675628
Chile,Mortalidad_Baja,1.96456886450746,-0.7868440735830642,0.21358728787255218,0.3336009718923945,0.08761690877702943,0.676749658692415,-0.38761896767997145,0.210514376325372,14879.9086227187
Chile,Mortalidad_Baja,1.5683264720809877,0.406729391620157,-0.5714275226429323,-0.9639194614971428,0.023457670577486583,1.0753446679095136,-0.40794375003989697,0.20002917463648998,13649.8520452803
Chile,Mortalidad_Baja,1.9550642988131186,-0.7822515599587723,0.24179368848103394,0.3115038896079806,0.11698976476528897,0.6513602897823163,-0.4579095349939596,0.1812686183834365,13433.9202987032
Chile,Mortalidad_Baja,1.4624436454022902,0.4088343753320421,-0.588999234364872,-0.9072056474280076,-0.060646860769697095,1.0657731602037117,-0.5129295005630229,0.17845844230158076,14529.6767206336
Chile,Mortalidad_Baja,1.9428022886200125,-0.7270840523183478,0.17848309408566454,0.4005917888129592,0.11787088903045116,0.6377904824264692,-0.5227467915815871,0.1558138076780597,15683.5486369155
Chile,Mortalidad_Baja,1.4501384723843314,0.4528651631388615,-0.6314605964915803,-0.8538322846759465,-0.08517085326222341,0.9946301381572905,-0.5722915421959975,0.15695242384436645,15241.9069981119
Chile,Mortalidad_Baja,1.7120105160049979,-0.7765389945501637,0.15958436488267133,0.4601057636079594,-0.12042922973916305,0.5714546911075212,-0.5685303029633478,0.16723558401688599,14487.3927832032
Chile,Mortalidad_Baja,1.2635708099038392,0.4023505245091705,-0.6324671678008469,-0.8091770548035959,-0.2735605720667472,0.9979899760720524,-0.6444917035390494,0.17541077506938238,12632.8704724192
Chile,Mortalidad_Baja,1.7573954072499105,-0.7842899805533735,0.2216525466559912,0.4038820173853741,0.0068563633663578875,0.6534940038262228,-0.6127532100629787,0.136329660204108,10098.8017167286
Chile,Mortalidad_Baja,1.3395842662874675,0.43628088693814443,-0.622961579158308,-0.8060487419816867,-0.14007490568568254,1.081460348896353,-0.708667835686055,0.13887739299782154,10683.2188772511
Chile,Mortalidad_Baja,1.177335210604668,0.4789583372109596,-0.7622968401297584,-0.5767777937098137,-0.3628578777157819,1.152481265795571,-0.889280271388722,0.1447398460967687,10346.4138184533
Chile,Mortalidad_Baja,1.5901127874068586,-0.683813732833988,0.013229171207797565,0.7639175466295142,-0.22166724162227963,0.849229534834543,-0.9661635702103548,0.11868274833630088,9318.65655296121
Chile,Mortalidad_Baja,1.2412814470238178,0.4508446644446622,-0.6773445659794568,-0.6933995846626809,-0.2087036934114935,1.1660471277520195,-0.8046482975249976,0.1188990961053144,7480.32330998636
Chile,Mortalidad_Baja,1.2976318814652104,0.44715565928292905,-0.6299771908068529,-0.7605175403535132,-0.10959949122798114,1.159985624551445,-0.7857046094540836,0.10553333321671098,6120.59152055344
Chile,Mortalidad_Baja,1.7681655492163624,-0.7533623166644748,0.24193241145188343,0.42886174515965964,0.17210858233296922,0.7864842948548203,-0.723762190430883,0.05386339420268452,4773.40177520754
Chile,Mortalidad_Baja,1.3191815994877578,0.40749537688001264,-0.5366049285894099,-0.8940997501109161,0.018409302599100574,1.1028600041246859,-0.6686502207065226,0.07380780558147819,4430.84741157984
Chile,Mortalidad_Baja,1.2016868890872545,0.36698308781570405,-0.5173561725013124,-0.9270474854011848,-0.08269841981725336,0.9620897657689016,-0.5939385296151768,0.084922301311064,4563.5952986689
Chile,Mortalidad_Baja,1.5498374860999768,-0.8037480226521629,0.2631996657959131,0.4107077967163332,0.07963580034304642,0.611113502747316,-0.5615249996506201,0.03994876777935254,5052.99245766325
Chile,Mortalidad_Baja,0.3192575874396889,0.2551899486713898,-0.5996457373581275,-0.6690199890578413,-0.7349625886928722,0.6572995894347766,-0.4902455559625985,0.032002359067524064,5081.4682771561
China,Mortalidad_Baja,0.7308598640228654,0.23897223279834645,-0.6913419886400436,-0.8755894812124907,-0.78901509304663,0.22213847962838507,0.2746037623103655,0.06994657259139508,12970.6056414327
China,Mortalidad_Baja,1.2877306608793113,-0.8782991576236788,0.09846534379593365,0.4615399911066463,-0.46556841584051845,0.059144679545701836,0.10593497534712612,0.03464168039735222,12887.4357242941
China,Mortalidad_Baja,1.2584011592569235,-0.90694163328098,0.15192216355657043,0.41295014244389455,-0.4329864222879242,0.07510437127891532,0.14346617199966694,0.0336936687769603,10627.4637989619
China,Mortalidad_Baja,1.3040002527444665,-0.8838188252590042,0.14805167508435527,0.43056077094491746,-0.37752158321646007,0.1413675262036976,0.02821919716212237,0.04007073598185238,10342.9009524335
China,Mortalidad_Baja,1.2126219197092576,-0.897502425183278,0.14270245915433669,0.4542131040111437,-0.46061952867477973,0.10673416822012183,-0.005883642519505225,0.045468495678059065,10085.6638148819
China,Mortalidad_Baja,1.036468816450864,-0.945885844231773,0.16727065453378895,0.4360511780424212,-0.5845772746667179,-0.02716162453522692,0.07691815296630335,0.042644866361470135,8979.67652709856
China,Mortalidad_Baja,0.8901339180258252,-0.996410099311423,0.19211782696403013,0.41075709998779597,-0.7065631859682037,-0.14347326665802376,0.19530341910709123,0.06912642248465616,8254.86859320357
China,Mortalidad_Baja,0.8809253271591588,-0.9404777264277632,0.14182748056825115,0.5262956782314934,-0.6667137743254401,-0.011460494103649977,0.07107226817511668,0.05500847515744059,8175.33285077393
China,Mortalidad_Baja,0.6806611120053501,-0.954104980556224,0.09464128654690566,0.6119992818446445,-0.8697215786403276,-0.1118457841419407,0.07460572228399932,0.07456458460447435,7781.06597484974
China,Mortalidad_Baja,0.6126743519013417,-0.9319005629697086,0.06879390538434899,0.6887966710824106,-0.8889622393645257,-0.05793247720617626,0.0023691397255109973,0.0743603401112427,7147.03518622344
China,Mortalidad_Baja,0.5113175347029963,-0.9278064614700061,0.04815668206893969,0.7483583281618379,-0.9575553968694676,-0.06144860937236511,-0.042169547174477955,0.0831580137436531,6405.0574241349
China,Mortalidad_Baja,0.4517876607927009,-0.9086510983531013,0.031245983176528585,0.8079264790414115,-0.9641518142997271,-0.022751710583530878,-0.1236544092897032,0.08718828476716367,5703.76027973346
China,Mortalidad_Baja,0.4054054725330181,-0.9179349273376628,0.05923093936276627,0.7984644863659554,-0.945396939174228,-0.012758480053974102,-0.14395498411328314,0.09765202803657169,4629.24551710077
China,Mortalidad_Baja,-0.11776289914529023,0.23125643668751347,-0.6934321133195097,-0.5176127293999833,-1.098118966826316,0.33310881776189943,-0.1204551344255285,0.11849074042957143,3898.24459158811
China,Mortalidad_Media,0.1723078133845769,-0.9458813413744532,0.09966723639482024,0.8296531720777952,-1.0093305059574584,-0.04065759662510098,-0.15826332446693994,0.10407689653967359,3523.44302065213
China,Mortalidad_Media,-0.32480504559619244,0.22169529124592127,-0.6873487203508123,-0.4594478214405683,-1.1774943428171984,0.2890485277123604,-0.133081540023547,0.15414471251885742,2734.72709877693
China,Mortalidad_Media,-0.39320332992246293,0.2466942599116177,-0.6908040041004704,-0.3939511946830372,-1.1429565206019736,0.36831899992967443,-0.2220451598984364,0.16168924244323815,2129.25696999613
China,Mortalidad_Media,-0.053137438171209056,-0.9235138936030528,0.13355547333337792,0.9282510652598126,-0.9523756870252414,0.06052337987793452,-0.22872059982149773,0.15696265172032672,1777.64496828464
China,Mortalidad_Media,-0.5935963937991289,0.25919956494003726,-0.6317247235949798,-0.3249814821343716,-1.0491087407122184,0.49837335679981676,-0.1989203711987084,0.18001514564925847,1530.92726215723
China,Mortalidad_Media,-0.6147350274708177,0.24604416017528635,-0.578585198428881,-0.38520262104995195,-0.9724665258718143,0.4531428233471622,-0.2373806159385604,0.21960123270245605,1306.97245408557
China,Mortalidad_Media,-0.33141231280253036,-0.9620384716496546,0.27655656143458657,0.8765873466443117,-0.8322322465486742,0.021880870594112027,-0.14949768728184212,0.23452661229949362,1163.55957673426
China,Mortalidad_Media,-0.8451858987766249,0.25569712922658616,-0.5350484339782081,-0.31751141361700247,-0.9284884256241851,0.4909757067945927,-0.2214387617534296,0.26818723008066336,1065.40597574519
China,Mortalidad_Media,-0.9572843177982501,0.29173306951224887,-0.5565609667345288,-0.21759394483296818,-0.9175073401933389,0.5497134876993639,-0.28165397884159615,0.2903655102436163,969.199513696287
China,Mortalidad_Media,-1.6658841613045454,0.38362161887010626,-0.6193854298729298,0.19364649818539562,-1.0539115185328363,0.6290211690013082,-0.2449670504475674,0.3500658045657808,612.680277898627
Colombia,Mortalidad_Baja,0.7724971424342264,-1.118525277795197,0.4893796648984383,0.21180305125195437,-0.47166012431003124,0.17612341537926024,-0.007241923378962238,0.09962432181297558,6680.44506854481
Colombia,Mortalidad_Media,0.8795489520954685,-1.031284950810056,0.5643564698739781,0.12932029494530703,0.006867095853367104,0.14089478688473012,-0.18511268603229958,-0.19329914460279096,6222.62164397614
Colombia,Mortalidad_Media,0.9704370012163589,-1.1039567958393073,0.6195154394272439,-0.007311435537438746,-0.06389031866600324,0.07749164337486453,-0.008658315229500705,-0.022656820939082115,5339.68711357943
Colombia,Mortalidad_Baja,0.8238839629253135,-1.1981053579179053,0.5672582130421933,-0.03168149682301142,-0.5201311366960635,-0.23285314060303397,0.15607128347399324,0.1955499713528028,6472.54544924705
Colombia,Mortalidad_Baja,0.7913371068022411,-1.2003566099574359,0.5697881398098913,-0.023384567528454896,-0.5376260435309957,-0.23720552644018916,0.11247317385507914,0.19305694092197337,6816.96818309544
Colombia,Mortalidad_Baja,0.8821000724099836,-1.1384137306713515,0.5482084674963231,0.0384287047349054,-0.3827714031719249,-0.0745366907109874,0.0005410123713205439,0.17210731391418294,6479.53231292429
Colombia,Mortalidad_Baja,0.7956283676048288,-1.1436596489333923,0.5303282045638089,0.06636101460537573,-0.45367831883125603,-0.14016435342430877,0.03430971120667566,0.17562447595149128,5959.84250367574
Colombia,Mortalidad_Baja,0.7636298018975315,-1.1443756858366385,0.520229935709481,0.0746154760057981,-0.5034830436965404,-0.19275320429413786,-0.018551078951218332,0.18800250883041628,6248.51490534512
Colombia,Mortalidad_Baja,0.672296823869143,-1.1497855829896522,0.4875137601969456,0.11524171544472618,-0.6352442467866662,-0.27792221662158906,-0.06261691154762168,0.2105760664363025,8187.20824890084
Colombia,Mortalidad_Baja,0.6354588498958725,-1.129412840787043,0.4542492711469555,0.17973948948656793,-0.6673679148460807,-0.24593882191337288,-0.13615097488836342,0.21478576316171005,8279.10255642981
Colombia,Mortalidad_Baja,0.56243487085847,-1.1326149799548222,0.45518729734120433,0.22529208965034808,-0.7010299958930105,-0.17329418133166938,-0.23004117677339614,0.21333180596586834,8108.59838244229
Colombia,Mortalidad_Media,0.5357503003773478,-1.1018911107370342,0.43645467364709306,0.2848472051380565,-0.6486434963505047,-0.10778857723747594,-0.27074485559584105,0.18338414413148818,7400.9940695669
Colombia,Mortalidad_Media,0.5834160786780088,-1.106210580014336,0.49221167453206477,0.21110381784041127,-0.5105496872776213,-0.11057536102138478,-0.21259928202392087,0.1622084958902215,6398.2958447102
Colombia,Mortalidad_Media,0.5494295323333332,-1.0995654164336393,0.4974070168705268,0.22149213424454586,-0.47892354487003647,-0.11091975735787428,-0.19864197994534827,0.14499699966891066,5250.97292433518
Colombia,Mortalidad_Media,0.4947841247338128,-1.0760466785216918,0.4644502483630198,0.29538112332198513,-0.5057527698791452,-0.07340051452054364,-0.2888859260456401,0.13614050406151934,5541.83629665898
Colombia,Mortalidad_Media,0.05226233103308637,0.10043045979940063,-0.3026013821165441,-1.0197218142644935,-0.5785282445886869,0.29438960669936637,-0.26145576836220097,0.12361150008566253,4769.926147194
Colombia,Mortalidad_Media,-0.0252920297148407,0.09407277504739689,-0.30663068797470305,-1.0037626235983674,-0.6212023942618622,0.24525903701455523,-0.233874060877557,0.12248895937113093,3789.85361217027
Colombia,Mortalidad_Media,0.38693911356643207,-1.0904627255315362,0.5242737569306561,0.251956499189712,-0.4191379318483838,-0.14437370982056633,-0.19870451058699684,0.09141500189090793,3456.06610874512
Colombia,Mortalidad_Media,0.35717319936873204,-1.1035955977427587,0.5631473242177016,0.20945287506593216,-0.36690411121379246,-0.18142951583208472,-0.13547974904780777,0.07114112838234934,2818.57195413044
Colombia,Mortalidad_Media,0.370403929179385,-1.0848455098715335,0.5844240178697564,0.20556114039939413,-0.25340741643047626,-0.13796126865525835,-0.13516081205086908,0.03981621329472312,2311.94218760291
Colombia,Mortalidad_Media,0.2623708423727418,-1.1389468581380011,0.6504623707908519,0.09902109515638108,-0.2708734899131455,-0.34421908045493765,0.025193320102883172,0.008528801997306172,2428.92969771584
Colombia,Mortalidad_Media,0.21520581920175613,-1.1605876899802596,0.6765442843059097,0.047929110114245554,-0.2798731350015631,-0.4643506754243701,0.08881759746154404,0.007973019459093263,2472.99084035833
Colombia,Mortalidad_Media,0.07157572073059724,-1.212115166713898,0.6976459211418927,-0.0008112396966818773,-0.4111103778609578,-0.6707651904668549,0.21314103133580722,0.025429951630484116,2555.00751039968
Colombia,Mortalidad_Media,-1.0032361103583727,-0.054957849823244476,-0.118930626556926,-1.0581473802819759,-0.8231999875207818,-0.3922868329704214,0.6266143147969356,0.03192544477187488,2583.34991436018
Comoros,Mortalidad_Alta,-2.067501564319797,0.17539273903146094,0.08250096954780044,-0.3480942649908159,-0.20044477765314728,0.794503038863612,1.365404326471443,-0.2009923153644113,1533.87755332151
Comoros,Mortalidad_Alta,-2.089060847215658,0.22174969830686547,0.08754281468567185,-0.3077523355121492,-0.05839511835917992,0.846336209612017,1.2571782738941624,-0.279854215976594,1587.72988601478
Comoros,Mortalidad_Alta,-2.0805692770328017,0.22568267684266216,0.09418379821562659,-0.3026590995241825,-0.0369575767199615,0.8825744541527749,1.3138716127892858,-0.22503762548275336,1527.16990927956
Comoros,Mortalidad_Alta,-2.071604292816028,0.22519842113251812,0.11405294369981168,-0.3251802141662898,0.010842447677234659,0.8813773939449455,1.2974342433548507,-0.211215438874408,1519.26386326167
Comoros,Mortalidad_Alta,-1.9398313643657583,0.2542909809778658,0.10076584508059619,-0.36461017036105403,0.12584194118040637,0.8387724535656894,1.1561544811923055,-0.1981369079030229,1540.71132331975
Comoros,Mortalidad_Alta,-1.8078612178009543,0.2558527668847216,0.1303573307211159,-0.46024764738710267,0.2579321529744311,0.787501627881024,1.0474420123305388,-0.18842777508721206,1423.92480215551
Comoros,Mortalidad_Alta,-1.8972126847872495,0.21437897979270648,0.15820003163826618,-0.5121161398988644,0.18313633622269698,0.6507254391514898,1.0673426532976047,-0.17340428526425153,1365.48403353158
Comoros,Mortalidad_Alta,-1.8339239279544663,0.23483501884133146,0.16298661603409692,-0.5365544316613469,0.28360085280222214,0.6356097319221813,1.0052408057228301,-0.17502633014452623,1329.3704808998
Comoros,Mortalidad_Alta,-1.5091065652220697,-0.9463111332529086,0.9145901449652072,0.7762598905409278,0.29880093782694167,0.06376832174698593,1.0376550612999662,-0.17042416932445958,1615.71718460209
Comoros,Mortalidad_Alta,-2.018375709838696,0.23943342084777172,0.12833826557724634,-0.46151908784778484,0.1641943462949417,0.5250499354397321,1.0026058668355207,-0.16682039917321312,1603.32653496691
Comoros,Mortalidad_Alta,-2.0538080429431314,0.206275536482092,0.1695788662202226,-0.5436164328166819,0.16720501963313808,0.385900714450019,1.0425909843120142,-0.1556254558481911,1490.31425650871
Comoros,Mortalidad_Alta,-2.0740281891625503,0.2443170958806828,0.15304070258564825,-0.48532294477349125,0.22952142704093426,0.4396822598484517,1.001913752306471,-0.16639766773172696,1531.43969320468
Comoros,Mortalidad_Alta,-2.08908034585082,0.26313048208337464,0.15638771628270348,-0.4605115666454303,0.28211696992397756,0.4838619769478827,0.9147241191437838,-0.16567693822617693,1386.57533553376
Comoros,Mortalidad_Alta,-2.0936625245318714,0.272083010669353,0.17543434955623363,-0.4763571137681454,0.35430095548103807,0.47026048940668985,0.8620870399177,-0.16262386365134912,1410.30516959473
Comoros,Mortalidad_Alta,-2.0748702408592434,0.24144911714441278,0.23232373228391007,-0.6063854185057381,0.4286746782527201,0.28482840856680763,0.9448857646944668,-0.13804912017736876,1455.02768595586
Comoros,Mortalidad_Alta,-2.074790075238567,0.27915587344638215,0.24485712396196263,-0.5347733607041691,0.5377689917865488,0.5085128212294557,0.6807324846324618,-0.1438525405540045,1289.73631056361
Comoros,Mortalidad_Alta,-2.072702561223867,0.31348072837832924,0.25456127401855194,-0.5056972319960704,0.6542208438927674,0.580272706354627,0.6471418725716531,-0.1321876884565906,1154.90422349749
Comoros,Mortalidad_Alta,-2.132951336856001,0.3173570166168094,0.2666995687257114,-0.5044467981177042,0.6777719448064042,0.5337622126289181,0.6458544954694482,-0.109902812108884,1103.20658498402
Comoros,Mortalidad_Alta,-1.756081581778123,-0.8548196757523739,1.080478365538875,0.7797654105935986,0.8603022528801498,0.11367923045095278,0.6408542152068128,-0.0956942909736229,1091.27216412426
Comoros,Mortalidad_Alta,-2.3164513167003733,0.3269628267651038,0.24830180369155996,-0.4896597540564805,0.6352509262926882,0.25564447761950604,0.779996403465954,-0.03707115276633815,959.787894504834
Comoros,Mortalidad_Alta,-2.3466391371290376,0.3515684909756897,0.26215460079532055,-0.47176707019921904,0.7274308291987274,0.2776895794918521,0.718008581131904,-0.02726505687057569,762.116930318449
Comoros,Mortalidad_Alta,-2.322980761223344,0.40027697492368997,0.252132563199346,-0.4274239870208469,0.849588707380181,0.34312657537474534,0.6463482941730763,0.0089256896231825,691.699908770798
Comoros,Mortalidad_Alta,-2.445924454455942,0.4095032646995812,0.23446781270200556,-0.41481185347988864,0.8206256999461141,0.1464870788316405,0.7378593060245087,0.028346619230033065,655.007796688241
Comoros,Mortalidad_Alta,-2.735229167569002,0.44778941067044087,0.3417788529859462,-0.39886170445254565,1.0758246045211264,0.0686593839449437,0.6077656903566966,0.2872462089154807,812.215996806703
Costa Rica,Mortalidad_Baja,1.9152094553000496,-1.038430973786644,0.6835816806386731,-0.27847183767559847,0.37886827143625484,0.41725806621672107,-0.0829081307587854,0.1897731499771322,13625.9008491478
Costa Rica,Mortalidad_Baja,1.7713791316833156,-1.0650285850785197,0.698430989860971,-0.2936028347783461,0.3269619005723076,0.28083170731921286,-0.0354267009300624,0.1004700893632874,12838.1185359009
Costa Rica,Mortalidad_Baja,1.855393837333205,-1.1133680548658051,0.7282767914153457,-0.37528788439420135,0.26576857809509047,0.2789970417294688,0.08490590290047412,0.2180671551824548,12394.0493969354
Costa Rica,Mortalidad_Baja,1.8811400210148543,-1.142795557491769,0.7482764534984666,-0.4387185728138678,0.22415344056777492,0.19907175068621075,0.18901768834050733,0.25849451384660777,12884.6859951947
Costa Rica,Mortalidad_Baja,1.7921089465703157,-1.16921349881354,0.7485406768157902,-0.43595167990655365,0.1473829004719737,0.14757808451484383,0.2250850077169807,0.24825324464904733,12590.2493781628
Costa Rica,Mortalidad_Baja,1.8361413509430373,-1.135104005803336,0.7256360590309149,-0.386220493931067,0.21818489791364853,0.25542700961845716,0.156845848017129,0.22514657134586616,12317.0902771322
Costa Rica,Mortalidad_Baja,1.7774620749405072,-1.1375001129625038,0.6996101618134427,-0.34778681908277514,0.15019156383307666,0.2371837079415832,0.16491375985602114,0.2287797594938705,12091.0301606335
Costa Rica,Mortalidad_Baja,1.7818584958506951,-1.1435256758765018,0.6914571908521385,-0.34936832731142314,0.10449994295013232,0.21460433033319257,0.18251656369243716,0.267391825259069,11714.7105980803
Costa Rica,Mortalidad_Baja,1.7034811282184537,-1.1467732421707182,0.6673005422726818,-0.3138985513548368,0.030367405469189226,0.16513175154732726,0.19474198477017038,0.2668965019715149,10911.4978783227
Costa Rica,Mortalidad_Baja,1.6244606402023363,-1.162468877838281,0.654855906134192,-0.30007501288373195,-0.06944070483537368,0.0911920249124447,0.20932289742022148,0.28224145248940385,10803.2401961972
Costa Rica,Mortalidad_Baja,1.6364504923071517,-1.1141492119594931,0.6174274522204487,-0.2012280769118953,-0.0011467090676643313,0.25804819444119165,0.07052008606452748,0.25520434002880166,10126.999102414
Costa Rica,Mortalidad_Baja,1.5615082284520947,-1.1064640169293976,0.595489375389788,-0.1424990742649783,-0.031161992297229227,0.28861682746924544,0.042077716957574694,0.23896020396289963,9276.39107510528
Costa Rica,Mortalidad_Baja,1.4364522696910818,-1.1111692078963165,0.5697229542172173,-0.07760898103716914,-0.10996985976551199,0.28522083529363773,0.07431414642307395,0.22344600217769012,8265.78820275899
Costa Rica,Mortalidad_Baja,1.3667627512842295,-1.1115336899579902,0.5517629744810464,-0.03241883143326923,-0.1607885841369494,0.29630207539107606,0.09277972763566697,0.23118045924055663,6832.69829924138
Costa Rica,Mortalidad_Baja,1.1486067612247068,-1.1700140741697953,0.5328594522211283,-0.02600319951252119,-0.42851701187966407,0.06458579698058795,0.1914447139553578,0.2543100658644647,6937.24261596055
Costa Rica,Mortalidad_Baja,1.0802475990193576,-1.1474194195362943,0.4953321234892464,0.07029787632367955,-0.45873412362870375,0.15425098410410187,0.16891322476828047,0.24012804964652343,6137.71199925542
Costa Rica,Mortalidad_Baja,1.1826006663950546,-1.0948980172554896,0.49305121726442436,0.11991193350079409,-0.2870651052669861,0.36959717560368605,0.06634866436314824,0.21033677597366277,5256.59640859159
Costa Rica,Mortalidad_Baja,1.0405257309633378,-1.1484270628533038,0.5129599946075367,0.08769032501096091,-0.4311147219404056,0.22381648434575815,0.1635275259476629,0.21919255248154051,4703.00721784778
Costa Rica,Mortalidad_Baja,1.0326353518131193,-1.1209411809678376,0.49734164105971157,0.13469291561478847,-0.3887124745779846,0.2811444245436491,0.11006984187627927,0.18980502202989133,4431.0117207843
Costa Rica,Mortalidad_Baja,1.0165884960265972,-1.1392105421048653,0.5368928282374041,0.09445475623895368,-0.3585115348716178,0.280012224816784,0.10200241386250708,0.17402826464165386,4173.14856415514
Costa Rica,Mortalidad_Baja,1.1588987280517107,-1.0622298236232595,0.513133979675401,0.16376843673431865,-0.16484741586052407,0.5032037385935206,-0.11952698062046704,0.14009596290981466,4067.71851429092
Costa Rica,Mortalidad_Baja,1.0586457708207724,-1.0793277527674539,0.5096893712745794,0.17340603716072872,-0.24918589714987113,0.4204992357469703,-0.10922927734201772,0.1394306695134122,3985.12984506207
Costa Rica,Mortalidad_Baja,1.069497197654603,-1.023723581214583,0.482512338710401,0.2717018707581068,-0.14798200135756598,0.596749313256818,-0.19443531499894906,0.10393267459692161,3812.75388284924
Costa Rica,Mortalidad_Baja,0.6459229519527742,-1.0278503270996404,0.4501982405773855,0.472297256045303,-0.3578186424884065,0.6255532832079727,-0.056766981610277455,0.06536658486120794,3275.25256447416
Croatia,Mortalidad_Baja,1.5972274601612648,-0.9316300511720214,0.315774197481379,0.10686322099276067,-0.2263440832798136,-0.04585220778360691,-0.05167500626310947,-0.009242895314627868,18466.0955472648
Croatia,Mortalidad_Baja,1.551185045332613,-0.8944280021923906,0.290757276219732,0.16491195468210681,-0.18237107429839836,-0.0449834169474272,-0.13529125700040567,-0.09584275523520477,17789.9304736722
Croatia,Mortalidad_Baja,1.607881470724709,-0.921512828126799,0.3197571060512352,0.11477423113442063,-0.2210642660663622,-0.023796058220089202,-0.10471075498205286,-0.00865570405853439,14808.4620188819
Croatia,Mortalidad_Baja,1.428892701492787,-1.0133818339791814,0.32937798286217085,0.04117852645730223,-0.5428649405794004,-0.3546099933254001,0.1293669467404284,0.08528978513561854,15563.8167397199
Croatia,Mortalidad_Baja,1.4501698550447477,-1.0057886604661899,0.3423946957558079,0.035833735595986356,-0.4729996103601908,-0.3074941038150787,0.09777812310469719,0.055468469359364794,15460.4183295843
Croatia,Mortalidad_Baja,1.502034506945906,-0.9743991160132068,0.3367219473006123,0.05549904966577453,-0.39102597381475807,-0.2457930772492573,0.04337099196462108,0.03454181927705769,13902.6310485422
Croatia,Mortalidad_Baja,1.560196378748398,-0.9524999019853728,0.32640746334016624,0.09590736482132393,-0.31988099301550105,-0.0851687027087639,-0.058228510726296576,0.03504060096169037,12821.1738140304
Croatia,Mortalidad_Baja,1.5302409412042937,-0.9491383666166451,0.3424682389647391,0.08862819083893336,-0.2933490902553755,-0.10849529122977006,-0.08484604444206172,-0.007963487598173082,12285.3032582105
Croatia,Mortalidad_Baja,1.42613459890629,-1.0270805245938521,0.38306162765606794,0.007418713262435681,-0.46019138962457307,-0.2708841381587956,0.053281061065039936,0.04799084482407842,14187.9694531493
Croatia,Mortalidad_Baja,1.3806987827203778,-1.0328556182821536,0.3603375556784707,0.028510381248589133,-0.46955049630576895,-0.28972683387817905,0.10249309612624592,0.03598878775559074,14136.3967669505
Croatia,Mortalidad_Baja,1.4015785131203657,-1.0166170662430123,0.37007719792863836,0.020023060620017075,-0.40973670338781065,-0.2952737574472568,0.08343786759731484,0.006106948191980942,13508.6836989693
Croatia,Mortalidad_Baja,1.3920750439764304,-1.0055570879133413,0.35822720818296366,0.02947451196573621,-0.3616094544727915,-0.31330285593451007,0.12058968219800248,-0.027129280065001454,14694.9993201417
Croatia,Mortalidad_Baja,1.4200656958102742,-0.9679771253252014,0.33562574538442164,0.0776989846412279,-0.293850363773564,-0.24274655170392265,0.04657990931280872,-0.05311588009823052,13731.2865213989
Croatia,Mortalidad_Baja,1.3044723402948726,-0.9830119798122019,0.3102957202584827,0.11574279959018295,-0.3910137132171008,-0.30454526849306784,0.07448690692160675,-0.06455052577365057,14475.9632928725
Croatia,Mortalidad_Baja,1.1476582541708362,-1.0188568140790981,0.292527826803578,0.117859263579907,-0.5745407653349619,-0.5061106905262196,0.16594435937664503,-0.0526458000537853,15889.4347074759
Croatia,Mortalidad_Baja,0.6979228435801483,0.16828777783283716,-0.5146507983360405,-1.1592805920593916,-0.729705713572543,-0.17444898395611338,0.16810530079666255,-0.04187627148276907,13757.605654192
Croatia,Mortalidad_Baja,0.6608922111032004,0.17003456025538333,-0.5349653579565418,-1.1076117763815618,-0.7638359148223728,-0.10087417003354804,0.11342894981499958,-0.028896396303010163,11502.753124287
Croatia,Mortalidad_Baja,0.6698510275644991,0.1971270400577179,-0.5356972964566388,-1.089392447545443,-0.6909218140792198,-0.07613444336526717,0.05284583291923239,-0.06947486924182403,10443.5278353294
Croatia,Mortalidad_Baja,1.0866451419564966,-0.9701882719457694,0.23642217721999223,0.2558791997595767,-0.5477380170333003,-0.35266635551390935,0.015204824076528957,-0.0643978968588736,9718.97322801967
Croatia,Mortalidad_Media,0.6450999945764332,0.2220458459203163,-0.5377111339430151,-1.055291795553505,-0.6248412789816945,-0.035505130402701326,-0.020401045711289787,-0.1001805536162393,8190.11135193887
Croatia,Mortalidad_Media,0.5267382045936609,0.18579855145542842,-0.5410243776210818,-1.0232225333824292,-0.7224762658958217,-0.004741671738210629,0.011034098266133987,-0.09188280342688725,6219.58164143945
Croatia,Mortalidad_Media,0.7474540530033738,-1.0675473444649002,0.2737900501676435,0.22292634737135272,-0.8036287224103347,-0.618227217440652,0.14852258604121799,-0.08176251319441558,5364.83824691607
Croatia,Mortalidad_Media,1.029587241836019,-0.8712693332964246,0.23685404473280802,0.41359909100935194,-0.26298423850642877,-0.022054032256212944,-0.38488928161959435,-0.26700604929638383,4953.65158789022
Croatia,Mortalidad_Media,0.21806457059129022,0.23352555047293733,-0.5698507523980398,-0.8082762578065245,-0.7242504960504644,0.17932329500177008,-0.3450779324955535,-0.23419140036836905,4929.05772183424
Cyprus,Mortalidad_Baja,2.60019157144377,-0.8823149108460246,0.9789160799916363,-0.6806260909267465,0.6255699269625014,0.0857547549209557,0.270520548629013,0.10693506303109428,33894.44921875
Cyprus,Mortalidad_Baja,2.5749867401934856,-0.9200594457250066,0.8765908207411999,-0.613379278108063,0.6267420080077155,0.1938010935248637,0.20047739695695208,0.10957793792151534,33734.03515625
Cyprus,Mortalidad_Baja,2.413817004482482,-1.021139556764455,0.823870054516161,-0.6213782761755716,0.3924207027752936,0.05812514162646308,0.3282410384637031,0.1795378744168605,28649.015625
Cyprus,Mortalidad_Baja,2.1554517816537353,-1.1077437376486523,0.807908299788396,-0.651692931939756,0.019664932162557987,-0.31361661322248935,0.5602955104324063,0.24302738215560377,29703.052734375
Cyprus,Mortalidad_Baja,2.129757803596582,-1.1256551694711816,0.8191397073848777,-0.6777716588447597,-0.029987527230013248,-0.3818138638844479,0.6176742991845859,0.25488207218524833,29599.986328125
Cyprus,Mortalidad_Baja,2.362741651110255,-1.0373334024584457,0.7888511873106092,-0.6107704867761251,0.2782488324020168,-0.05152493886331862,0.4185782026868804,0.2085050563071767,26696.990234375
Cyprus,Mortalidad_Baja,2.522725609446119,-0.9879697815660506,0.7608985581882854,-0.5622226311325617,0.5162443807972628,0.21838678705168652,0.2689484749623219,0.1739529286501033,24715.154296875
Cyprus,Mortalidad_Baja,2.555879661375463,-0.9843344003384752,0.8235974245363621,-0.619530119994841,0.5479764532289513,0.19710991257803973,0.2772579652326413,0.17016019656898068,23487.228515625
Cyprus,Mortalidad_Baja,2.5769525540943756,-0.9771790788355005,0.8359846682641232,-0.6282259778963615,0.5876770626107384,0.21633070447037814,0.2630778036723366,0.1572513119268962,27244.3515625
Cyprus,Mortalidad_Baja,2.553797758908143,-1.004403413171527,0.8340813456497969,-0.6489770247129341,0.588569488458688,0.19655144839381206,0.3017084889866396,0.15883783366326965,27797.45703125
Cyprus,Mortalidad_Baja,2.5405696741621804,-0.9526107996748365,0.7533903058896704,-0.5514088198615921,0.5568647742356903,0.1667362946297034,0.28473090246071125,0.1446348567714606,28991.935546875
Cyprus,Mortalidad_Baja,2.5574583509469986,-0.9063747299751145,0.6832040196384568,-0.45855531458532395,0.6052003790229032,0.23992795390885763,0.20983548534684568,0.11681032596204181,32485.796875
Cyprus,Mortalidad_Baja,2.448551382749036,-0.8840844846013312,0.6133205307249505,-0.35202213083741024,0.46622750646043054,0.19350781026133929,0.15711304969207662,0.11893991255241117,31105.02734375
Cyprus,Mortalidad_Baja,2.2037882454548496,-0.9406840649532959,0.5809309148014815,-0.3407383707873731,0.16124143149543646,-0.10982279150439365,0.3051566296040529,0.1419011064173804,32236.44921875
Cyprus,Mortalidad_Baja,2.1197669440086973,-0.8796614301842656,0.4544266361651198,-0.1388668619797388,0.08985094975886161,0.0026546171890203356,0.11120832466699042,0.11218608277161803,35397.296875
Cyprus,Mortalidad_Baja,2.1127680057996012,-0.8771379505575894,0.46904502282039623,-0.13484342541639371,0.09883535898804903,0.03906901200701631,0.06080958652792911,0.1096151429526938,31244.87890625
Cyprus,Mortalidad_Baja,2.0457692178905624,-0.9297824667225889,0.5067372910342006,-0.2050194901644064,0.09656933664798655,-0.04406311875161678,0.14581563207987694,0.09766277199042787,26729.28125
Cyprus,Mortalidad_Baja,2.1173455395143,-0.8910148571446788,0.47538111528940974,-0.13924993984320228,0.2645964103776575,0.17053118468435194,0.014932548132276721,0.06054936668425056,24959.26171875
Cyprus,Mortalidad_Baja,2.24844161661744,-0.8224307549792514,0.4480532127228375,-0.06692950466946172,0.49028059222586273,0.42256556444872084,-0.14021750023877827,0.024052012797316308,23792.619140625
Cyprus,Mortalidad_Baja,1.8153398442170041,0.36701199771433696,-0.37420551926918044,-1.3418916820569557,0.3723158867226641,0.7565942437939639,-0.07187399764996277,0.03339364518435507,20252.24609375
Cyprus,Mortalidad_Baja,1.8007759165758175,0.333561355969123,-0.3225647236997747,-1.4018394996881478,0.43395158094506925,0.7757258828686788,-0.030732314858617542,0.026615592364939454,16093.2158203125
Cyprus,Mortalidad_Baja,1.4420612937118762,0.16606905461021024,-0.24208654590207088,-1.5874211364656587,0.06700675021231145,0.19872365612405873,0.37350955249879264,0.05486377667086954,14821.44921875
Cyprus,Mortalidad_Baja,1.452073697189822,0.1795114253345011,-0.23490467791511035,-1.5990035523472268,0.10645196453607189,0.1605466857382645,0.3761911033790057,0.0448322093414309,14388.3525390625
Cyprus,Mortalidad_Baja,1.3332492513718925,0.2541230350370893,-0.2878607070183194,-1.385528661353564,0.2444209480612513,0.4960782287599761,0.05425449897268731,-0.022007942727546134,15261.4169921875
Denmark,Mortalidad_Baja,3.0813378142800785,-0.27966087128909667,0.5143124863230374,0.22496224692568703,0.9244800726438006,1.1086083559175208,-0.719551350349937,0.08326587696580444,68091.3191138669
Denmark,Mortalidad_Baja,2.962763303807577,-0.3844069893777724,0.427832736965845,0.19609925725300162,0.8162264735847988,0.9485436527537319,-0.5783859908375301,0.11023895562345333,69727.9873677012
Denmark,Mortalidad_Baja,2.9087878380292005,-0.4772754218391516,0.3637295151478313,0.1845067185036593,0.8033226405292948,0.9933330373769823,-0.5759457475893178,0.12654497774815435,60985.4885601514
Denmark,Mortalidad_Baja,2.766262867913481,-0.49864242554117244,0.35393797393508925,0.18813093862574937,0.6134197933578889,0.7815963008685677,-0.46649382836201475,0.14261352573575378,59404.2663247723
Denmark,Mortalidad_Baja,2.74472837672946,-0.4383441075076981,0.3969239168911086,0.20069448402275045,0.5819595425858693,0.6840910562666129,-0.44910891094264327,0.1143320996236078,61324.7665045565
Denmark,Mortalidad_Baja,2.7494186861443666,-0.4874190095208011,0.3343357700818651,0.19957911768899123,0.6236535092350298,0.7256934759949379,-0.43737031230339835,0.11999421020252099,57521.5514992225
Denmark,Mortalidad_Baja,2.9009692682456083,-0.34962198387923177,0.4075391389650775,0.2477841519438136,0.7752277124073308,0.8797436132447569,-0.5880514881652781,0.08325219143167517,54500.9260410217
Denmark,Mortalidad_Baja,2.896294405438242,-0.35869615488812523,0.446971976302711,0.2046815868503552,0.7855581057302603,0.8408663993527272,-0.5532258291893396,0.07393882213607057,53094.0133607574
Denmark,Mortalidad_Baja,2.899151325015394,-0.43064371888325487,0.32393467252306823,0.23222009415912506,0.875552423994508,0.9480827112167943,-0.5852443103275108,0.06239586228632887,62520.4509747011
Denmark,Mortalidad_Baja,2.9001037114480983,-0.37996066292808367,0.2947959103421849,0.2858564536418849,0.8832269635004196,0.9163259472199808,-0.6003801855229323,0.03143033186759447,61377.5940590412
Denmark,Mortalidad_Baja,2.8234759858396017,-0.43018899367612634,0.23177940712329423,0.30863655476503854,0.8596153198713918,0.915230864513256,-0.5947773546805638,0.015297988238517512,58443.7747103968
Denmark,Mortalidad_Baja,2.8604290900735934,-0.36389737286677065,0.261813232110555,0.3203547516472629,0.8715384181614428,0.8599195095886748,-0.5928532500983424,-0.002918552492698486,61809.737898222
Denmark,Mortalidad_Baja,2.8837443925215496,-0.30836426654235266,0.24971580537486,0.3401508979369026,0.9380004681017454,0.7837197650656694,-0.5593843401320835,-0.059613907275994145,58104.5445594981
Denmark,Mortalidad_Baja,2.896040545241237,-0.20263581460087268,0.3845886747506747,0.348254890968739,0.9243572607099799,0.781517313426287,-0.6376361946341712,-0.09220450503913123,58412.7472358513
Denmark,Mortalidad_Baja,2.8109105944874218,-0.17408958056152396,0.24376375421997706,0.5189416671017751,0.8213478742040358,0.8363449546112813,-0.7657280557974361,-0.09577568581977178,64616.6657583663
Denmark,Mortalidad_Baja,2.7537155394155564,-0.2378399595598233,0.11177775157158766,0.5638390233452354,0.839586028653549,0.8491858271613224,-0.7687096746139933,-0.11293095506184227,58631.6566433635
Denmark,Mortalidad_Baja,2.7433453235732994,-0.21503420506407417,0.08335753828260989,0.6044241869020306,0.8250923628729667,0.8375763010634416,-0.7810647618419069,-0.11733349090318088,52119.1787984282
Denmark,Mortalidad_Baja,2.723892983828339,-0.24485322465725468,0.15217982706481373,0.5406627640894534,0.8525907390824711,0.8497485733620032,-0.7955577645189073,-0.12856161657821225,48925.8076698784
Denmark,Mortalidad_Baja,2.694520045901308,-0.29366095957625804,0.07631194323832179,0.5449849141206616,0.9168204868832263,0.8486673547076949,-0.7541284891299782,-0.15849940376455457,46625.050098011
Denmark,Mortalidad_Baja,2.6975817189831823,-0.2721434394220024,0.06422359347404503,0.5564551575003883,0.9529412403868633,0.8136175299896156,-0.7398622639460943,-0.18141413724294786,40519.0974905924
Denmark,Mortalidad_Baja,2.2333865979218115,0.8924257330928949,-0.7436522972174958,-0.6997423800844846,0.8234234586426168,1.2913728096300185,-0.8341332305489323,-0.1864092671867011,33257.1622586509
Denmark,Mortalidad_Baja,2.219874798735708,0.8880553421792016,-0.805766768568464,-0.6431863362349926,0.8664768831518903,1.375048862100425,-0.8605407447419376,-0.20275393138044057,30768.4775471112
Denmark,Mortalidad_Baja,2.6356328576153802,-0.28308976378572775,0.00406301885775968,0.6542457377568267,1.0059358463515926,1.0228233782539955,-0.9250117368994348,-0.22597182665148055,30722.0251837567
Denmark,Mortalidad_Baja,2.1105395126212834,-0.5029358954007095,0.06228948761914745,0.44026911498145455,0.559642284223869,0.21401277812430494,-0.32746164712395903,-0.23691765859351618,35321.0980773087
Djibouti,Mortalidad_Alta,-0.15453755539881814,0.04115752712955027,0.5840213196844538,-2.141076786251514,0.935256315229255,-1.13598017812663,0.312835483257424,0.2932131895150273,3133.25779772463
Djibouti,Mortalidad_Alta,-0.22695137376656083,0.12482328988712033,0.4988509649873085,-1.998431388627256,1.0683558587881288,-1.1071878647535025,0.19814904756008636,0.189733790407516,3025.91126413549
Djibouti,Mortalidad_Alta,-0.12106328996360355,0.19046550095381512,0.5525875399696056,-2.0677676864982555,1.1178886029087045,-1.3031805895412911,0.3139718720281226,0.26336772065331715,2844.88810647853
Djibouti,Mortalidad_Alta,-0.0724558399405059,0.2709539183056004,0.591247786250687,-2.0297193232325097,1.1597589466320883,-1.262088411992115,0.22332567159230057,0.3160475471333846,2837.16902340932
Djibouti,Mortalidad_Alta,-0.044815941072200736,0.33434708275001135,0.583755967506045,-2.0003984812684252,1.2510039924358327,-1.3048964514261836,0.23526456010162983,0.3305271122431455,2718.08338799203
Djibouti,Mortalidad_Alta,0.46147479810668723,-0.8191521830800271,1.4999388662865072,-0.7923891595372015,1.595809360566498,-1.5883429378117921,0.16171685797703433,0.3126947605412057,2618.95521147369
Djibouti,Mortalidad_Alta,0.028178052829281187,0.39413175593348,0.8986511519609414,-2.1764698282869737,1.5160810445810493,-1.2093147708195513,0.1220060237199294,0.34251925507576864,2510.4300076241
Djibouti,Mortalidad_Alta,0.059753674200704036,0.48564405876997446,0.7626686592571699,-2.0457831219984923,1.63073554943243,-1.2499222013516305,0.12401288997983846,0.3306952362566299,2376.12554719873
Djibouti,Mortalidad_Alta,-0.17731450934406162,0.30193438250892485,0.8909211522472706,-2.2097699495691385,1.5388182771411179,-1.2921462500297825,0.11516334877143518,0.3730457747970296,2214.62084142432
Djibouti,Mortalidad_Alta,0.24245980537054487,-0.8380692972263514,1.6837601246411147,-0.9042172255055181,1.7437655874397047,-1.7237182688558397,0.12891950576825983,0.3756706827696115,2075.94498424748
Djibouti,Mortalidad_Alta,-1.3231007310186735,-0.7976026508292196,0.8338089049026689,0.6877763868162213,0.6656320876510665,-0.48788581135697595,-0.25125553766487035,0.2983374965457808,1400.19357858954
Djibouti,Mortalidad_Alta,-2.6814078373598673,0.5055958494413632,-0.21538054690052544,0.2216790148912815,-0.08413786995873483,0.415371342230526,-0.12375258237155896,0.25740424166375564,1306.34552844977
Djibouti,Mortalidad_Alta,-2.1101859948020305,0.4139524152800771,0.08354737882513341,-0.44370425535761393,0.5764698610394586,0.012997065444549687,0.03819495300138542,0.27116498584726206,1213.23352553429
Djibouti,Mortalidad_Alta,-2.1655204203013727,0.40665764356360673,0.11645971219657741,-0.4707301593012335,0.6156543833925597,-0.038694122302930435,0.0445716040489145,0.29046658876751474,1150.9375857489
Djibouti,Mortalidad_Alta,-2.2927809913831347,0.4808520149978934,-0.0032287302602093306,-0.26564421653546366,0.5054413871262156,-0.016908242301310095,-0.1497682578884936,0.3017870939332889,1119.15233346969
Djibouti,Mortalidad_Alta,-2.9846154551535045,0.5366942094593677,0.01002823898100374,0.21976025891049408,0.3915343934557986,0.6425135917223164,0.251174159785595,0.18744403487446565,969.573220191902
Djibouti,Mortalidad_Alta,-2.7495804918230116,0.5250262734370156,-0.020861819442405564,0.038501956681391857,0.3935663756938545,0.26706657593679434,-0.1543427577841921,0.29217093558918417,898.464628136774
Djibouti,Mortalidad_Alta,-3.0041618198841644,0.5531414289935014,0.025632673575270683,0.1811140703094764,0.4896481010567378,0.5084219749379831,0.1374358247327386,0.2364312410520733,844.4483573908
Djibouti,Mortalidad_Alta,-2.769377342059681,0.5261142923775669,0.03551913431532008,-0.03913157569586543,0.5699222218024734,0.1674379259988053,-0.15185944003954646,0.3168267091333216,806.261652944964
Djibouti,Mortalidad_Alta,-2.582705078564746,0.5227916269023423,0.04045366428120021,-0.18877854095779176,0.6483520930000143,-0.07496560582212607,-0.3079472010477993,0.39546069958344865,764.634465224597
Djibouti,Mortalidad_Alta,-2.169787497598287,-0.6245867541446669,0.7814344162723525,1.1577741486802453,0.7643618473405548,-0.495831361810292,-0.47007220088604923,0.4265463994019097,743.013270420348
Djibouti,Mortalidad_Alta,-2.657480531399264,0.5592783680527896,-0.011235652187706665,-0.11982914473770177,0.6355147251363066,-0.1587083511254561,-0.4719443489782692,0.4591174453384631,742.133791107063
Djibouti,Mortalidad_Alta,-2.6704816714330715,0.5612080459889847,0.017996038304609465,-0.16420728721494532,0.7175267800092701,-0.23460713521286342,-0.5155466045859823,0.44660393556325767,737.612183644052
Djibouti,Mortalidad_Alta,-2.9039668481109606,0.5437554885647641,0.10863757604604368,-0.18077930041417162,0.7815601899849908,-0.30920497647670536,-0.25950936089859944,0.49709224832671245,786.201866748458
Dominican Republic,Mortalidad_Media,0.48634989627847136,-1.0876227890526986,0.6470842897621437,-0.013007928192321536,-0.19931850663947,-0.6265639627130787,-0.05795174087918934,0.48062168680806633,10104.2449349081
Dominican Republic,Mortalidad_Media,0.40717131107482557,-1.0264849579959636,0.647154000885962,0.051618238581991854,-0.028017823453219265,-0.5991425634197884,-0.22035294947334946,0.3086877852942183,8527.0754858205
Dominican Republic,Mortalidad_Media,0.42797963150464197,-1.0945539237615405,0.7273250113534246,-0.08533445564548008,-0.02253536514181019,-0.6709295457189426,-0.040300643361350884,0.39001056032314535,7135.22273255899
Dominican Republic,Mortalidad_Media,0.3477885811511831,-1.1560347546482053,0.7537121830293074,-0.17513134478929385,-0.16487904366973669,-0.9114908675632251,0.15830545122575979,0.46151043729405367,8183.01623600375
Dominican Republic,Mortalidad_Media,0.40177805694766194,-1.1471888591096644,0.7589412247953177,-0.16453603134881878,-0.10705790891623827,-0.7957265036654092,0.12097271015342496,0.4899758025492319,7882.98221584944
Dominican Republic,Mortalidad_Media,0.4939056120226667,-1.1213072107147226,0.7826187267401655,-0.17602286914974627,0.05812362544369718,-0.6726399799158879,0.07786354028792047,0.4580504981535032,7412.71571571512
Dominican Republic,Mortalidad_Media,0.481543652016652,-1.1053606983697752,0.7766924004021953,-0.15355176880644125,0.09987115674176844,-0.6504169548112309,0.051958402183947976,0.4171253077178688,7160.44200982307
Dominican Republic,Mortalidad_Media,0.39724726826754,-1.130037083465175,0.7651849072004403,-0.13878319065608402,-0.020640305886377452,-0.706002322681167,0.07053614014979644,0.4341655313034038,6800.95309395474
Dominican Republic,Mortalidad_Media,0.36248702417950696,-1.1476149558810653,0.7618338843745828,-0.1394001000843526,-0.10208946605096177,-0.7405810446648384,0.06656370837234837,0.4516433927552909,6496.45166971142
Dominican Republic,Mortalidad_Media,0.3316451196263163,-1.1568061583705345,0.7622534646569012,-0.14308851739183118,-0.1254635711715787,-0.77331695051425,0.09966080863809282,0.4431216286538015,6136.59429329301
Dominican Republic,Mortalidad_Media,0.41573540688126176,-1.1251224246605227,0.7685688368465041,-0.1401010858355336,0.010625087005184516,-0.6797415087316613,0.0597413357877068,0.40695341499670884,6013.81965002603
Dominican Republic,Mortalidad_Media,0.37255225762137756,-1.120838961433905,0.7593359014100801,-0.11151783900025673,0.0023548420647387463,-0.6680365541201269,0.045440294946887554,0.38179285039626,5826.51014109195
Dominican Republic,Mortalidad_Media,0.31558091198828364,-1.1149451006061664,0.7484501896135123,-0.07453200147390475,-0.00327853878316479,-0.6506821292361866,0.03620249466663322,0.3418616811290928,5478.62470398954
Dominican Republic,Mortalidad_Media,0.27296945318977694,-1.1116430850594483,0.7467276495525437,-0.05573516084019871,-0.004528670992547606,-0.6493554161758142,0.01177005400682347,0.3088632861615373,4973.95186999952
Dominican Republic,Mortalidad_Media,0.14771456895096766,-1.10379060593494,0.6916585297899517,0.03978687291916781,-0.13537991118342071,-0.6718331492316741,-0.023746126369748256,0.3021693471154145,5023.58513403515
Dominican Republic,Mortalidad_Media,0.08336227491222399,-1.0574937446698263,0.6137426381348596,0.18464631494411324,-0.19723130731963454,-0.5813784537848321,-0.1501697767443172,0.28570434493405544,4649.64558875814
Dominican Republic,Mortalidad_Media,0.06795891431000525,-1.073747774304579,0.6393182120795022,0.15236246238044474,-0.1813828659802395,-0.600984405002153,-0.08933978007320999,0.28216142314044956,4055.14270347371
Dominican Republic,Mortalidad_Media,0.12457869717415572,-1.0436101257660189,0.6391979208660298,0.18056538834432406,-0.07801481119846693,-0.4764965249038691,-0.14234559142517916,0.26917377097122897,3878.31206735244
Dominican Republic,Mortalidad_Media,0.12531110018323596,-1.019805107222353,0.6243382975458197,0.21877500391769367,-0.049012415289803934,-0.43178439661543844,-0.22871263768225572,0.252569956777742,2451.69161616569
Dominican Republic,Mortalidad_Media,0.0725133033353895,-1.0480706860206421,0.6278783394099466,0.18657964525259393,-0.13818644024356705,-0.5590324497124207,-0.164224097459165,0.2859282536266739,2383.26171780393
Dominican Republic,Mortalidad_Media,0.002669387260081079,-1.0275507778194184,0.5793080653499597,0.2622337625530609,-0.2047455097524342,-0.5813933972294741,-0.186513609019201,0.29358969333879753,3065.60329524196
Dominican Republic,Mortalidad_Media,-0.022915451604483997,-1.0329788555595434,0.5995370932214941,0.251956371833089,-0.180107748111801,-0.5759856491122904,-0.1833303069173954,0.29512884655607935,2935.89367312668
Dominican Republic,Mortalidad_Media,-0.08640393759696367,-1.0067225702134515,0.5476214646259201,0.33768378833495327,-0.24766430540093476,-0.5785204772516159,-0.2740339709623804,0.30842601997359687,2831.45883638033
Dominican Republic,Mortalidad_Media,-0.8866333249913309,0.20270472624512698,-0.2354137217858078,-0.7705656409060906,-0.3604848054627886,-0.08223000514555308,-0.24934504620141812,0.3791908622140284,2109.16940728689
Ecuador,Mortalidad_Baja,0.8651266608370699,-1.170998418262435,0.5572306547688819,0.013294885646365436,-0.4350199691084445,-0.08716220441809978,0.14657235199594562,0.12352476596522662,6515.58528418336
Ecuador,Mortalidad_Media,0.6872193933303601,-1.1277107199128562,0.5979947102602139,0.040545453949920734,-0.2314397166575097,-0.1506652166134243,0.06072453638372135,-0.16706023526367997,6061.32350181711
Ecuador,Mortalidad_Media,0.6277024401263591,-1.2004858623758423,0.712712355843602,-0.13184085130857554,-0.1776952224400889,-0.32979166390398224,0.25207290724688514,-0.21104905982784805,5463.64515348598
Ecuador,Mortalidad_Baja,0.7044315708338423,-1.2857561828251178,0.6184140114918393,-0.12392345686403096,-0.6553055411139506,-0.3887709030576594,0.46132522230201073,0.21736504952834007,6205.05765246766
Ecuador,Mortalidad_Baja,0.7656948419626742,-1.241940705098476,0.5941125996224548,-0.06334084157474261,-0.5780149585535784,-0.25029803664106776,0.32693284009817114,0.20874900737935445,6303.91886658338
Ecuador,Mortalidad_Baja,0.7493885683245739,-1.189765663544067,0.5715841174661935,0.01161326583643224,-0.47771359663251484,-0.1677381660091706,0.2176699670028409,0.1282091853076166,6233.32244797718
Ecuador,Mortalidad_Baja,0.7312908213496042,-1.2005819737758374,0.5924465882677529,-0.014490952036810065,-0.4618188061961663,-0.19612726686826404,0.2580051665303636,0.1261591757058899,5917.63771271481
Ecuador,Mortalidad_Baja,0.7430783983660975,-1.1677640904792705,0.5528771279181308,0.051974070401054374,-0.4588268999566481,-0.13520052328776638,0.18778214250511605,0.14250237413787337,5976.1596805651
Ecuador,Mortalidad_Baja,0.44912654882499436,-1.1924719045914516,0.44162125497339144,0.1958470145143931,-0.8762807873549853,-0.35148696260011075,0.14016075162216246,0.200270890249847,6405.79979300441
Ecuador,Mortalidad_Baja,0.4257267705990883,-1.1804222536032338,0.43303422080494797,0.2232164824400348,-0.8788534660548818,-0.3385899088025465,0.04384007985316009,0.1995379296673825,6109.29031510341
Ecuador,Mortalidad_Baja,0.3501450243470701,-1.193679153656907,0.4429840620688386,0.21954316916138863,-0.9135782354881442,-0.39752404852937406,0.055985034254710096,0.19736091908296996,5634.08393191094
Ecuador,Mortalidad_Media,0.23166864405071447,-1.207623130791939,0.4499960395022572,0.23586878582378273,-0.9554147581908431,-0.44895345978595763,0.1468606671863855,0.19164152419262348,5153.6916424375
Ecuador,Mortalidad_Baja,0.23238246710187713,-1.2414847423856965,0.5181141600568187,0.1368345661168128,-0.8869657481691586,-0.5143768137000508,0.28301660756683406,0.20559042188985885,4520.30959039763
Ecuador,Mortalidad_Media,0.24713499956221746,-1.2413569234919177,0.5585624562753162,0.09753465670761095,-0.7856178120030123,-0.4998816389491316,0.3087940983661712,0.19320752979027656,4053.36331139298
Ecuador,Mortalidad_Media,0.15906920314658574,-1.1897435261659173,0.4441498679457845,0.2815942560109737,-0.9530742016147065,-0.44216620210424074,0.006126510764346769,0.22242134413297643,4194.75750661981
Ecuador,Mortalidad_Media,0.2158153839187794,-1.1641056998059536,0.47160788888410243,0.2483074818713757,-0.7858786476181154,-0.4348125376621641,0.04869653693466675,0.18826653044971248,3478.92488770671
Ecuador,Mortalidad_Media,0.18413322052585193,-1.1799753552075924,0.5043405495209645,0.2123369268430506,-0.7645493926079289,-0.4697705074101814,0.07535818243874787,0.1924437168374861,3243.67010359339
Ecuador,Mortalidad_Media,0.19865167555718266,-1.2054854663506391,0.5603474610577338,0.11512804237011913,-0.6964812077613152,-0.5648991735939628,0.1880707306245762,0.20310527107080273,2909.02606014388
Ecuador,Mortalidad_Media,0.20501949070496306,-1.217614323081968,0.6037843022980472,0.0651473224505166,-0.6273831318784066,-0.5695253192211712,0.2346560779445795,0.21527446875286152,2586.20914663347
Ecuador,Mortalidad_Media,0.17338365512740586,-1.208807882323358,0.6283404548682462,0.07543490295741334,-0.545412550112505,-0.5090205069729354,0.286528395853109,0.20056321712283962,2315.62215223014
Ecuador,Mortalidad_Media,-0.3429853421435447,0.007852435828472167,-0.21381199634286,-1.0900670358785887,-0.7106109503796215,-0.03382218503157901,0.16201593407816675,0.19664830226922736,2059.1585535974
Ecuador,Mortalidad_Media,-0.5098123341857346,0.010503319142625027,-0.22172944257921615,-1.0188391738584541,-0.767214683617115,-0.04000296873089541,0.18086547724014207,0.18005676726387737,1791.30359685037
Ecuador,Mortalidad_Media,-0.37647517001559594,-1.1096695705960966,0.45728120200420724,0.5667127511155479,-0.8371248481053822,-0.2664348034067222,0.052805493284639245,0.15393956566488318,1382.23421759909
Ecuador,Mortalidad_Media,-1.0990384599641934,-1.1385868301851665,0.6174331470571691,0.6993683846377007,-0.8043028515282649,-0.26162301813258293,0.8284844797441289,0.2407878362208237,2108.00698245316
El Salvador,Mortalidad_Media,0.8232696236811323,-1.1717990673987395,0.6726395275319631,-0.16833497928449584,-0.24055326682374745,-0.4166170494275176,-0.048104488632940895,-0.22294848006540338,5074.60210221806
El Salvador,Mortalidad_Media,0.6663147285576959,-1.1727189978570793,0.6951126542792673,-0.16247918589419438,-0.2075641868553334,-0.5164002682673957,-0.071924603027318,-0.3587903072859222,4642.60743101342
El Salvador,Mortalidad_Media,0.19338654459414856,-0.04349002192753858,-0.056991951202147326,-1.521312390538095,-0.37366384415608167,-0.2067304407163598,0.0727006819341267,-0.31149423293307543,3997.19279583709
El Salvador,Mortalidad_Media,0.5276697532432922,-1.2747683581087674,0.7027797008037828,-0.22854769078593312,-0.5094723216894662,-0.7364914513579667,0.1928191321960106,-0.17695447716187246,4320.11671534627
El Salvador,Mortalidad_Media,0.5362520038736432,-1.260311902370686,0.7136786132772999,-0.22440999160129,-0.4426933996192421,-0.6999083339385027,0.14653900759882352,-0.1941249049158379,4183.54620971358
El Salvador,Mortalidad_Media,0.6147763287875544,-1.2042303574772932,0.7046986344675056,-0.16981120199256353,-0.27408358232225083,-0.5232942943395641,0.02306448367133202,-0.23482278223457412,4020.12671373919
El Salvador,Mortalidad_Media,0.7260251145089036,-1.1411010167965114,0.6918466714736429,-0.11271895407693312,-0.08442000373774655,-0.3197496983362806,-0.09158055987251398,-0.2572974865887273,3901.34014965811
El Salvador,Mortalidad_Media,0.6986756742451992,-1.1454151353886934,0.6895027359443264,-0.11010172980960925,-0.1179275913539498,-0.35224464098692504,-0.09920303407892009,-0.23403649624422918,3790.34089108162
El Salvador,Mortalidad_Media,0.5980997483657507,-1.1748779755982033,0.688604559798304,-0.10573456303725524,-0.22227357077346707,-0.4215117798970256,-0.032627650692411726,-0.19457571805753004,3666.01248913873
El Salvador,Mortalidad_Media,0.603533264346284,-1.17409981219926,0.6916175990658148,-0.11566391070258639,-0.219907448107515,-0.44601193830848984,-0.035330153002920986,-0.17193505563140313,3582.26694005169
El Salvador,Mortalidad_Media,0.5683875180659923,-1.1425218436194742,0.649429612614527,-0.017696423567897728,-0.21460995955218326,-0.3332800462806103,-0.06045145290594272,-0.15406290568713332,3497.91256915509
El Salvador,Mortalidad_Media,0.46476890070339366,-1.1519228398328563,0.6495169354890217,0.010635291720859042,-0.2540395380559866,-0.3509188641533423,-0.004971836937837871,-0.1573424098889018,3330.60049486653
El Salvador,Mortalidad_Media,0.5949892016384438,-1.1167834002338297,0.6829789171322679,-0.029746186382081152,-0.04462842317757085,-0.27144989029918554,-0.06668211471821413,-0.17631183168688985,3040.07300952878
El Salvador,Mortalidad_Media,0.6320561092192643,-1.1119407545590916,0.7269983356208904,-0.09137257519135975,0.0796656272549889,-0.30439693476499036,-0.06673753633654883,-0.199151417829496,2910.18651752011
El Salvador,Mortalidad_Media,0.5223283946584539,-1.0852397405020684,0.6707578132796836,0.02682992078715526,0.0012211764666372382,-0.264892663656741,-0.13818087705708956,-0.1928674874702109,2983.24829577976
El Salvador,Mortalidad_Media,0.5532604011162404,-1.0675167355053279,0.6906747621665587,0.012295494866972467,0.10566644448621415,-0.24131163528821467,-0.168915994625809,-0.19965044050328476,2830.65693770733
El Salvador,Mortalidad_Media,0.5917207084511161,-1.066969493217949,0.7171985456820781,-0.043989506070736366,0.1589591631852993,-0.31232941056060187,-0.2012607552696129,-0.18172100266517138,2665.61807194853
El Salvador,Mortalidad_Media,0.4714829654043236,-1.1087259829958322,0.7508198473643086,-0.09090452450297146,0.08992637282744236,-0.45674080845575343,-0.10698719541276408,-0.15887451383129042,2447.39140845394
El Salvador,Mortalidad_Media,0.4128210535259071,-1.127924099627209,0.7639287580921916,-0.11867426798853199,0.03607712805338355,-0.5658602448686066,-0.08537334121554185,-0.11746087121369429,2285.68907438892
El Salvador,Mortalidad_Media,0.3735556335978538,-1.0890038982306367,0.7339931965126949,-0.04480981675193237,0.05834983966398774,-0.5287887660443744,-0.2067557423774856,-0.12200858238788535,2207.83089518069
El Salvador,Mortalidad_Media,0.40743933301627616,-1.0433933260801767,0.7318163277343129,0.006276494884058065,0.1989781715434959,-0.38699657080654243,-0.3055828713813523,-0.12649468534483907,2115.41187355626
El Salvador,Mortalidad_Media,0.26870616061910324,-1.0463083145254277,0.7322915034856281,0.04708743879402513,0.17760815483152884,-0.41477997886538087,-0.2674149970062234,-0.1356850551824269,2058.04459070452
El Salvador,Mortalidad_Media,0.16257649268505805,-1.0671263826303137,0.7582874995853467,0.0318077110112644,0.15873324800052302,-0.48919458554871564,-0.19427617757938026,-0.1115604611621021,1982.87093542615
El Salvador,Mortalidad_Alta,-0.1636823960337318,-0.8267490606288476,0.6803747262913046,0.48998436669208,0.5914041906717291,0.0030501720638888823,-0.48983741148741883,-0.16319756919431594,1548.3763038362
Estonia,Mortalidad_Baja,2.521479169497497,-0.46586247724788743,0.06130617630825633,0.43102113552284127,0.6599222562110263,0.6216390514517496,-0.4605158002576523,-0.17329533002462552,28451.1477825175
Estonia,Mortalidad_Baja,2.5470808152176048,-0.4292904069915655,0.12409721549140097,0.40800306160977073,0.7505531591519982,0.6411398285517799,-0.5630549671172798,-0.23780223195063038,27953.7670230126
Estonia,Mortalidad_Baja,2.641789484688541,-0.4652386868092544,0.15125634618411854,0.3419178268320564,0.718209221212941,0.6768085520072209,-0.4738403627906359,-0.118061999754827,23933.9939421065
Estonia,Mortalidad_Baja,2.3791743214431653,-0.5403897244248019,0.06754254005081649,0.36815536789907627,0.3858093521593271,0.33351718132944286,-0.23655792381198557,-0.07423279076741966,24021.2501413306
Estonia,Mortalidad_Baja,2.4679706019292658,-0.4033532958980647,-0.06991499279204386,0.5262931314837948,0.46211917246007644,0.29478596849232186,-0.25193251788631926,-0.11530429553082795,23618.1361254581
Estonia,Mortalidad_Baja,2.335100504707955,-0.44930776011949586,-0.0952152218711384,0.5220631856453383,0.33461848643379355,0.14225860981531202,-0.13767261495391162,-0.10583661148087511,20851.5223496861
Estonia,Mortalidad_Baja,2.3135330175019466,-0.41812728693247553,-0.10968003941901722,0.5496299342901234,0.3193042290323544,0.07399647505049642,-0.14533499807915146,-0.13126323562607156,18666.3736521706
Estonia,Mortalidad_Baja,2.1574145961536972,-0.5736060689461344,0.022678584408437286,0.42238681685125107,0.2659235749943012,0.20325512364093107,-0.19847794730459167,-0.12133082875248236,17722.1557669523
Estonia,Mortalidad_Baja,2.0802117911210223,-0.5294413339306158,-0.08727845919701073,0.5206910938885593,0.2041841391009225,0.03742090798574335,-0.09097903677091634,-0.15659173699951373,20581.7898991695
Estonia,Mortalidad_Baja,2.0978405459582086,-0.4997779534333517,-0.12846971775595753,0.5592053756230648,0.20076431037743483,0.005605233495555449,-0.07064585483822354,-0.14467055970619905,19310.3874900757
Estonia,Mortalidad_Baja,1.9989420183264441,-0.544564593666742,-0.0608672176696421,0.5291905431181865,0.21331415542224647,0.0841264981025199,-0.17524089075172933,-0.19644861573804134,17568.2137969714
Estonia,Mortalidad_Baja,2.0029938617276173,-0.4900371957689861,-0.14551092045401165,0.6296466711123356,0.235192723085282,0.09244301584974685,-0.1648194393356715,-0.20632364772081999,17555.5455239426
Estonia,Mortalidad_Baja,2.0398076374023155,-0.4689292564806436,-0.1108610720983533,0.5751707464815434,0.33949645625206243,0.0018086154401900814,-0.1473014659444894,-0.25700927155266434,14663.7041018705
Estonia,Mortalidad_Media,1.9358174810189859,-0.599661673180619,0.1312422604557687,0.35474043054930804,0.31482227426076753,0.04354473885568364,-0.28095743481476754,-0.2683453228317701,14712.4494217916
Estonia,Mortalidad_Media,1.9172533818196564,-0.4799780316254399,-0.06160088313517614,0.5710124500543177,0.4116563649458639,0.02231508229673982,-0.2511662144336643,-0.3603823276429677,18205.9064113446
Estonia,Mortalidad_Media,1.7711104117318497,-0.407783683938551,-0.21602560242842853,0.7611589088918682,0.31350423641196906,-0.10433421302557153,-0.22164477166267849,-0.4173460191742926,16745.4308011148
Estonia,Mortalidad_Media,1.6729363450487147,-0.5241955091716032,-0.049182594333406215,0.5763207534033805,0.2227291989993059,-0.17989622295077698,-0.2483485652244943,-0.38549029143599145,12641.4800976473
Estonia,Mortalidad_Media,1.6042956859462745,-0.5734035563513846,-0.004647977735133663,0.49105298123449087,0.18582562295848937,-0.33511533240620833,-0.10283643291529196,-0.37114856013861186,10414.6381183565
Estonia,Mortalidad_Media,1.5766023989903286,-0.5737206368194702,0.020371918451901318,0.4783916781641119,0.2704873295673729,-0.3163356341217926,-0.11260479903628623,-0.4113611794859791,8916.0728274602
Estonia,Mortalidad_Media,1.521246046544331,-0.6001692379133575,0.08213148177484152,0.4318045313431175,0.29358268662242776,-0.3142556489392689,-0.16888629510434616,-0.43321860798008005,7205.40703313243
Estonia,Mortalidad_Media,1.481311971011554,-0.6293337720821115,0.14524574818459404,0.38733463223494835,0.33881031828140296,-0.2632568428020735,-0.22452714117922684,-0.4480234076652494,5343.18310760735
Estonia,Mortalidad_Media,1.4780022964580384,-0.5927855227859546,0.12599867956068977,0.40673863435095525,0.4076114134041453,-0.32737974953391885,-0.20731763200132367,-0.48072042426987627,4502.66614992392
Estonia,Mortalidad_Media,1.4410992676591745,-0.6264967014276684,0.16576098282119386,0.37622415802388504,0.4162365205436529,-0.2812737591380972,-0.20263483250318476,-0.452916897940082,4070.60902410208
Estonia,Mortalidad_Media,1.059435633778245,-0.5395817447892173,0.026150355552148466,0.5988407059338059,0.31103526108999663,-0.6014415267615976,-0.22291741485413344,-0.5438689627765659,3134.38975345407
Eswatini,Mortalidad_Alta,-1.0797643206930903,0.33669425939476605,-0.20943757703924556,-0.7609152164616344,0.07706912174119777,-0.43918801651263,-0.5426783904799183,0.062092825072962474,3889.65276959161
Eswatini,Mortalidad_Alta,-1.1698543564086168,0.40683147123056407,-0.12470346300326637,-0.8051460982920566,0.478447341929418,-0.541026325199239,-0.7094816881427323,-0.2719787296994538,3966.29863253832
Eswatini,Mortalidad_Alta,-1.1060967315256034,0.4082508187287599,-0.1350007852012768,-0.7932854892879327,0.47085197005862073,-0.45885453615675814,-0.6452144625773824,-0.12817915076383243,3454.784217446
Eswatini,Mortalidad_Alta,-1.2097484272627281,0.41587028553146116,-0.1808537411561886,-0.7217277617505925,0.35387184006297406,-0.5144129411077953,-0.68943323623749,-0.08504311426499726,3913.12643969301
Eswatini,Mortalidad_Alta,-1.3946076109483383,0.35108600286803276,-0.12849722944574848,-0.8089977880232447,0.25120049091128593,-0.7815452983754275,-0.5524971092543027,-0.13571013472400026,3973.46344933667
Eswatini,Mortalidad_Alta,-1.4852794420775732,0.42145659040701816,-0.14472861367427006,-0.6958249822953728,0.3971779879876765,-0.6812488484397485,-0.6718790203253349,-0.1586752467278884,3853.99147918102
Eswatini,Mortalidad_Alta,-0.7852720473922236,-0.6262753865204554,0.6206207720501287,0.6318828086065295,0.8679616396475143,-0.8983239924813265,-1.1091514231891013,-0.26442946250614136,3239.80707501414
Eswatini,Mortalidad_Alta,-1.5399607078968913,0.5534147205843897,-0.18935546218742008,-0.5428777613435145,0.6586522548856634,-0.5909967481761217,-1.0165446206544104,-0.2737099766127445,3420.75357067279
Eswatini,Mortalidad_Alta,-1.822872446704006,0.5162190401497483,-0.137256767840877,-0.5656538441592739,0.6119116783546699,-0.8154251056239111,-0.8882964021083033,-0.28730153356335253,3771.90796458406
Eswatini,Mortalidad_Alta,-1.9087956487136502,0.5281306223441519,-0.1402707343941594,-0.5398952867320828,0.6271182968232291,-0.8628417223261702,-0.9187399477712526,-0.4004384027956893,3951.12008139006
Eswatini,Mortalidad_Alta,-2.0482387832168865,0.5549947614940899,-0.12231859127701682,-0.4705857669954962,0.7178121194129391,-0.7899095724386614,-0.8906197466863318,-0.5118519479089219,4347.99569336631
Eswatini,Mortalidad_Alta,-1.9773560147770475,0.587992554629497,-0.07808079248872654,-0.5246096855402941,0.9485169638975587,-0.786489553756394,-0.9715213571144107,-0.6501652093578506,4312.34243414155
Eswatini,Mortalidad_Alta,-2.1322425371899505,0.6008772140669545,-0.041093973966364376,-0.4909287862541396,1.0182862424989836,-0.7866911688730963,-1.029647478659837,-0.5942301005256924,3992.95199562618
Eswatini,Mortalidad_Alta,-1.8399347615886874,-0.5361769895469705,0.7297256520943042,0.8424111421014019,1.1912576730461089,-1.347914722649856,-1.113738071771199,-0.6006498433731707,3239.7578007877
Eswatini,Mortalidad_Alta,-2.569470321156129,0.5832124059064281,-0.009135798389615368,-0.4813633431422562,0.9399764526436022,-1.2117891586900729,-0.9635746584681125,-0.5652786389793284,2999.82816920508
Eswatini,Mortalidad_Alta,-2.603236496113773,0.6107719242050387,-0.05119124032144725,-0.3889058205928459,0.9140843259954964,-1.1106891563542352,-1.0212057497574702,-0.6854146914059621,3180.86121498525
Eswatini,Mortalidad_Alta,-2.58708307003268,0.6395930251363124,-0.05629934900350553,-0.35192247356113704,0.9907333625271996,-1.021931215505887,-1.0721143798779864,-0.7620185846239986,3035.06156119205
Eswatini,Mortalidad_Alta,-2.7702326912201336,0.6908639546491039,-0.024014448607326315,-0.3033094822106892,1.1535632570707444,-1.101854246622022,-1.1624641343243298,-0.5630371843560694,2945.36394872311
Eswatini,Mortalidad_Alta,-2.7103799101702517,0.6855795387249349,-0.00398984653845726,-0.37185600537489716,1.2040049256686145,-1.187190717447946,-1.208337620239731,-0.5266093846622352,2581.24172793045
Eswatini,Mortalidad_Alta,-2.82859916440622,0.7022883847909853,-0.035136593638048406,-0.2362359200463438,1.1330729502466461,-1.011778616302077,-1.0895150196170202,-0.4988574422527234,2060.18418135789
Eswatini,Mortalidad_Alta,-2.8318617490421807,0.7070999032625467,-0.0845926225259737,-0.16981282263336192,1.0223012407150172,-0.9564633922776306,-1.1137837500458154,-0.45976449831406196,1351.86550182919
Eswatini,Mortalidad_Alta,-2.7356445565361236,0.6862642213340361,-0.0809428482802673,-0.21764474681503534,0.9956915380284264,-0.9473783911520087,-1.079454309708154,-0.4098929747061453,1467.5389023828
Eswatini,Mortalidad_Alta,-2.1984185661093347,-0.5067305531012172,0.714515088193786,1.0449138550571118,1.1129992531568738,-1.2512559678714474,-1.0198884535740704,-0.3711435502723499,1668.9749133064
Eswatini,Mortalidad_Alta,-1.986192039639922,0.7946859099939054,-0.5107699677103498,0.22059476144815818,0.43651447403388927,-0.0062749605306007756,-1.6151374018787705,-0.08975549017057773,1750.75400773784
Ethiopia,Mortalidad_Media,-2.3839957919052877,0.41143998266193466,-0.2959490475157454,0.4574246988964076,-0.6001963559951282,1.510039550838378,0.6929359908959757,-0.1923465255753032,1011.07332413462
Ethiopia,Mortalidad_Alta,-2.0584257736372344,-0.7542839238308998,0.5254250076157081,1.7414306299813958,-0.3854890208072971,1.0419004262234788,0.6563413981614981,-0.28281003286166384,910.947887074508
Ethiopia,Mortalidad_Alta,-2.450753753379126,0.3924948903440369,-0.2812520986679765,0.38361441021488996,-0.608497916714526,1.2533857323299358,0.6176331098444825,-0.15385332701527055,905.313159254148
Ethiopia,Mortalidad_Alta,-2.301721037244166,0.44063534531666915,-0.2987230552701077,0.37494809734869644,-0.45183344217638977,1.2932166783988936,0.39800900527650873,-0.12813520472826387,828.709080522921
Ethiopia,Mortalidad_Alta,-2.2373582359906643,0.47261800094493556,-0.33619095717703734,0.3800592254786374,-0.40746594998443636,1.2324727808623173,0.15948758466101737,-0.09893177151014194,747.968003672674
Ethiopia,Mortalidad_Alta,-2.3770284754724504,0.49260811343943484,-0.29791511082965266,0.43843626922590784,-0.3242403354689484,1.322082168993612,0.2961311397305454,-0.12357658124662879,745.632433925343
Ethiopia,Mortalidad_Alta,-2.5462915301360756,0.47222234169601424,-0.2650627750887031,0.4320871183282286,-0.35660286492237186,1.2072450188728423,0.41521603828461234,-0.1180106668390269,696.196084806324
Ethiopia,Mortalidad_Alta,-2.1178409310936877,-0.705334353210452,0.6319837735777663,1.6327145634269675,0.016878478377468274,0.8411851923392822,0.5632468298098647,-0.14985159576322898,621.845673808133
Ethiopia,Mortalidad_Alta,-2.817110927241914,0.44080947800237563,-0.11010535445169792,0.3561629258422841,-0.17951848155252623,1.1128704427979563,0.8189871121029952,-0.1406864608222282,549.986577082588
Ethiopia,Mortalidad_Alta,-2.994425208641543,0.4709197379284544,-0.07832554685803512,0.44194500581418994,-0.09571105286541812,1.2075857700595884,0.9358838593903146,-0.17588967234828828,484.039833104062
Ethiopia,Mortalidad_Alta,-3.2138416910188314,0.5108777440366383,-0.06537270546702843,0.5764059392062121,-0.0478607460629573,1.3332980473949723,1.0412211678401389,-0.20446887019205037,452.101031885754
Ethiopia,Mortalidad_Alta,-3.087169555166453,0.4939686057814355,-0.003732256536817278,0.38903215602527863,0.13180712924243002,1.099195511347018,0.9386530999760447,-0.17511042987504868,343.024942351887
Ethiopia,Mortalidad_Alta,-2.735314363308355,-0.6680306335492315,0.8253847753373952,1.6716107101176265,0.37463430892065136,0.6726449385934345,0.9308069530910947,-0.19102189430690153,330.619412798644
Ethiopia,Mortalidad_Alta,-3.565395970149342,0.5549828911823619,0.008293156458799028,0.6258762812503854,0.14992722514497986,1.182467452832507,1.0840573865197152,-0.2206412493727072,368.574712267445
Ethiopia,Mortalidad_Alta,-3.658368979931879,0.5845791474599361,-0.0029529612566628967,0.6657130918248841,0.19052291531828305,1.109818136414066,0.9694674987206624,-0.2072218950598928,316.410475118075
Ethiopia,Mortalidad_Alta,-3.6509384340839186,0.5729593714563517,0.027991946669579958,0.5455223024855829,0.2749698625557452,0.837799481734807,0.8388493366588486,-0.17347067593588286,237.146255996319
Ethiopia,Mortalidad_Alta,-3.7662543882978916,0.6151859493053404,0.03410351567157066,0.602685804471702,0.3770361061277841,0.8249401427268173,0.7661104397019495,-0.17937267672969087,189.345737521418
Ethiopia,Mortalidad_Alta,-3.768288869658015,0.6502454165151712,0.052323277027624876,0.5802087716415807,0.5386036485619186,0.7476426242945278,0.6266444644014151,-0.15407645045226048,158.243458082465
Ethiopia,Mortalidad_Alta,-3.107581000819817,-0.4314570831740117,0.8456198599183192,1.8594162030011303,1.0346883731263348,0.48310890107598486,0.2802577586450736,-0.1271507171918736,133.169812538096
Ethiopia,Mortalidad_Alta,-3.5729868090518417,0.7148430865469575,0.12974599694939157,0.41750477911334793,1.0133521246746782,0.5993228787086426,0.33300653089179805,-0.05705746091871666,116.800491132777
Ethiopia,Mortalidad_Alta,-3.759783845812255,0.7579575039774571,0.12644428830748344,0.5286359364736327,1.058571221355744,0.6363652483908978,0.3253073051066149,-0.037209136469673214,109.593813612988
Ethiopia,Mortalidad_Alta,-4.111329694645007,0.806850187601628,0.10448206544463812,0.7514275336288931,1.0001664582677086,0.754732908524215,0.42547584604901595,-0.022402887406199057,118.457204255261
Ethiopia,Mortalidad_Alta,-4.312659090130905,0.8484893997883157,0.11433084178494976,0.8711019238437417,1.05658124168867,0.8407964581537677,0.48733088987840645,0.0026619606000602156,122.269202606069
Ethiopia,Mortalidad_Alta,-4.661231146514581,-0.13440117750310196,0.9162606474469214,2.6212791539751454,1.4632548838113402,0.6364932473986202,0.46333191005655555,0.19256491555519176,136.523619088963
Fiji,Mortalidad_Media,-0.22334416514974756,0.3743509992708816,-0.2853263133255126,-0.7087683663055825,0.2507484754656735,0.619552341626216,-0.3074905502575623,-0.3397086631975083,5405.03006162671
Fiji,Mortalidad_Alta,-0.556538584725932,0.3675623462925219,-0.2847171359771797,-0.6320356066450942,0.1576903862221066,0.4576403661396132,-0.09084435347354024,-0.5283430602139092,4696.17103944634
Fiji,Mortalidad_Media,-0.44143274948900274,0.3238138598817035,-0.30180804043865866,-0.67903281389131,0.013632509091700305,0.46351572388216333,-0.07286141800309126,-0.3897654537742174,4844.42127154524
Fiji,Mortalidad_Media,-0.1782772052036321,-1.0114887336698548,0.49152984756844126,0.3725318035777103,-0.3004482372082684,-0.6941152631825201,0.2499897921734985,-0.33296510466059026,5950.82866866702
Fiji,Mortalidad_Media,-0.4162882161125857,0.22723738469215932,-0.3192499211943906,-0.860007415423896,-0.2630222133323494,-0.010719615220847578,0.00025929523188717124,-0.38437554881956143,6085.41979485376
Fiji,Mortalidad_Media,-0.405073380871731,0.18760158418492454,-0.29424548324006267,-0.9261074972681005,-0.3156605147872179,-0.0739787569387477,0.040213521295558385,-0.3981217599977527,5826.84814459328
Fiji,Mortalidad_Alta,-0.5588509126592666,0.14402725910185546,-0.3255666460699767,-0.9547069105516424,-0.5243903035551095,-0.40288846668213335,0.28206437804230045,-0.4277292213802216,5363.79026679243
Fiji,Mortalidad_Alta,-0.49133263522443016,0.044975686892090284,-0.20422490044728453,-1.1603714697712357,-0.5536006214862783,-0.46733536840643025,0.07549306424934482,-0.4161635925008079,5097.53106864695
Fiji,Mortalidad_Alta,-0.5004879004410739,0.05627485695576839,-0.24151503346910647,-1.140260761983095,-0.5918826192830906,-0.5487140780138384,0.17157750250018103,-0.41644844720566054,5293.35676680464
Fiji,Mortalidad_Alta,-0.08094516220212485,-1.1209805682160825,0.597923180284095,0.13730185367313558,-0.3369943021449149,-0.8345009142006201,0.3298364342778158,-0.4687424280763137,4572.44377544245
Fiji,Mortalidad_Alta,-0.5301809478629151,0.030694638081048404,-0.1438970827747949,-1.2268845329009608,-0.4314572666459653,-0.5219304186802438,0.3232792986201699,-0.4962918913251005,4341.40338748749
Fiji,Mortalidad_Media,-0.0939537787075783,0.2076360369049878,-0.22821241183551258,-1.0745960293787344,-0.015366707364571092,0.011742336299744317,-0.031271255224171846,-0.47083563268027073,4139.60288609702
Fiji,Mortalidad_Alta,-0.17873469041657855,0.1585208081313124,-0.1650999039874532,-1.1048047250648336,-0.05874550863890469,0.0811134884383573,-0.10499236053244275,-0.4612281350944619,3449.14452883369
Fiji,Mortalidad_Alta,-0.15549868702300682,0.2107154529603416,-0.20253192490569183,-1.0685745278264513,0.04165883349695443,0.030217956152350785,0.009956875900928953,-0.5031507281314471,3164.13275408169
Fiji,Mortalidad_Alta,0.21697615415924565,-0.9694460989664243,0.6015755943148571,0.2569026442601196,0.1663237578215347,-0.2672234564209515,-0.027451479504617467,-0.516229828279482,3899.92231512129
Fiji,Mortalidad_Alta,-0.32973456370654314,0.12100940135375214,-0.0646304704213421,-1.1211578931928294,0.013857724709166519,0.21322013637331425,0.0005688453048825356,-0.5167061729163304,3762.74692789299
Fiji,Mortalidad_Alta,-0.5603260315290008,0.055277540395980235,-0.07674839414971701,-1.120586036469144,-0.2609978997514507,-0.022460383082056726,0.17472533718638472,-0.49312886692721764,3455.10599907349
Fiji,Mortalidad_Alta,-0.5346601614338579,0.0545020131685384,-0.06915188416572844,-1.1470513741941022,-0.23347878200690014,-0.05251359182659134,0.17766325673929068,-0.5044100660590308,3377.69126953493
Fiji,Mortalidad_Alta,-0.6775125189800302,0.10878157133328302,-0.201861620985733,-0.9237204163123592,-0.43285495645751654,0.008495590811104544,0.03195229721940802,-0.5114635839554582,3097.19096651759
Fiji,Mortalidad_Alta,-0.6122326810183477,0.17010042818105858,-0.2709841303312626,-0.875867454074753,-0.3672795122513299,-0.06460904338373791,0.12520579338203194,-0.5449390860814839,2655.58079586044
Fiji,Mortalidad_Alta,-0.2538279608026093,-1.0731159353127417,0.6351884243470184,0.3415156337906637,-0.21265031630678183,-0.3182683332985244,0.09107905641484508,-0.5780783903487781,2136.56794118683
Fiji,Mortalidad_Alta,-0.6165433508913685,0.12776841052394103,-0.21745772911126618,-0.9232893465065802,-0.38425585993596123,0.007499202916850558,0.15451063287562197,-0.5136195780272065,1944.997414609
Fiji,Mortalidad_Alta,-0.7303682008315688,0.11690211627249991,-0.19093430830050828,-0.8711492661552107,-0.4065324340345243,0.1350051932719704,0.2208633484699118,-0.5351270989601431,1995.72071163264
Fiji,Mortalidad_Alta,-1.0476016660710876,0.148767214648913,-0.2688872326220466,-0.5970264989697488,-0.6335899640783634,0.341270686829426,0.08753027703679397,-0.5190106991698105,2466.74347815903
Finland,Mortalidad_Baja,3.0364765120195414,-0.0749711019199215,-0.4564378197876151,0.9738019010667925,0.7767782307620471,0.8252339844511214,-0.4744314057284331,0.01310011923662746,50440.560224974
Finland,Mortalidad_Baja,3.144225619326894,-0.033975915810578475,-0.49628383158720407,0.9912320945476983,0.8161692902355003,0.8134335331260101,-0.40831377362383475,0.05537006702907949,53099.1351400148
Finland,Mortalidad_Baja,3.0920072244413976,-0.08131806040386964,-0.4547349485399493,0.9494998309601291,0.7724028311176201,0.8254280191272448,-0.4169193283728855,0.06557601754494573,48828.6846862799
Finland,Mortalidad_Baja,3.0611804995306997,-0.07014531716443208,-0.49562126423190067,0.9677127147077109,0.7055829826937448,0.6882088050479044,-0.31678925494180915,0.07969848828902021,48358.1807773701
Finland,Mortalidad_Baja,3.017507888502724,-0.06675999106790663,-0.5110932605295874,0.9737005584202868,0.6569860300845941,0.584845103503771,-0.26337911648385837,0.0691302110830745,49654.2497035329
Finland,Mortalidad_Baja,3.006285027960026,-0.0740047139237934,-0.4930093741276768,0.9632345328189309,0.6556999954951588,0.5979478273107806,-0.2868604239108602,0.06320170479892645,46085.0174739036
Finland,Mortalidad_Baja,3.003440865411805,-0.07923005488265031,-0.48167743367442994,0.936641840574186,0.6744219094794792,0.5490145676199045,-0.24201905730369883,0.048618401289769755,43451.2562442158
Finland,Mortalidad_Baja,2.999449603580827,-0.1077680003907156,-0.43119762497648306,0.8846772723601689,0.683885281957367,0.5680679449818161,-0.2488588683268592,0.056887195140941885,42560.3456767103
Finland,Mortalidad_Baja,3.0882501349193063,-0.03208983279871754,-0.5081107206990322,0.9735652187866273,0.8139496328912778,0.6435399952164966,-0.2945684642914943,0.014405963890232912,50073.7760815871
Finland,Mortalidad_Baja,3.066185118410408,-0.03655387477714165,-0.4968281727512909,0.9769382332090192,0.8160454305150533,0.6710752150427342,-0.3380053947882981,0.002873824130455002,49691.0145200739
Finland,Mortalidad_Baja,3.035018928688134,-0.0326719505909364,-0.5040801510677307,0.9729839971748132,0.8048046173678021,0.582454977876339,-0.2872114476283663,-0.016015122713694756,47551.6740841369
Finland,Mortalidad_Baja,2.950736278266571,-0.013945639989702809,-0.5845422321844573,1.0574488901266625,0.6949957707153638,0.4861070962055588,-0.2555928552173078,-0.015463454026008284,51060.3242589767
Finland,Mortalidad_Baja,2.9528324973649425,0.03788495030228507,-0.6486943268478848,1.130707050160988,0.7451789804420461,0.4647674313674005,-0.2646089482893569,-0.0643817082014588,46506.2919016566
Finland,Mortalidad_Baja,2.978996083935102,-0.001120493857319918,-0.534629170968788,1.0461625001392296,0.8382283431807741,0.6260870059376115,-0.39615221933395073,-0.07500795137256223,47478.3495310999
Finland,Mortalidad_Baja,2.9424566036412045,0.09820521711137378,-0.7019206935607182,1.2752013149380905,0.7533448319078336,0.6690865066238502,-0.5236674318908342,-0.08473680587798382,53769.4726240385
Finland,Mortalidad_Baja,2.903022133775577,0.148061223870468,-0.8048376494631377,1.396827061977479,0.7180500402973413,0.6482598772614572,-0.5433497582840736,-0.10645790212020212,48473.0240091455
Finland,Mortalidad_Baja,2.9578136592580355,0.1913982879325805,-0.8085173615359471,1.4097224772879702,0.753309903978033,0.6303275824951446,-0.5595428482655262,-0.10906344653193224,41214.0187765069
Finland,Mortalidad_Baja,2.894258106171234,0.10151143190085041,-0.6928596182565612,1.2894853861142108,0.7901177505052862,0.6913957203314082,-0.5872871723989193,-0.133098684778474,39049.8703780223
Finland,Mortalidad_Baja,2.943474145171174,0.17668711098974307,-0.7996555858801835,1.3819291599427366,0.8296675745264802,0.6164693340897244,-0.5160574713521172,-0.14782831773766286,37768.1334202029
Finland,Mortalidad_Baja,2.927605895898689,0.18873457725395842,-0.8137986813068517,1.4207877509571314,0.8606282290339549,0.6836653846677611,-0.5865568020800098,-0.1758761728345546,32920.0857192568
Finland,Mortalidad_Baja,2.430566913848917,1.3235990054316704,-1.5630822526605253,0.10541938958540521,0.6959878365350218,1.1178126093467071,-0.6450329469216689,-0.17353129655710559,26989.389260959
Finland,Mortalidad_Baja,2.329368237491086,1.2679802854690647,-1.5177604181855922,0.07094620232888814,0.6154475814587693,1.1136627515473916,-0.6682398578916579,-0.17016004760813472,24965.202996776
Finland,Mortalidad_Baja,2.649669776705279,0.06950916100641602,-0.7224815883325866,1.3863472196413293,0.6918811727944584,0.7339661115711662,-0.7188951985109371,-0.20990544330912908,24335.9225082659
Finland,Mortalidad_Baja,2.2102758481739015,-0.1736407888528857,-0.5307795897363529,1.1210701275031363,0.3896986681575708,0.30054247406998896,-0.377231037405195,-0.21382364289302402,26246.2743214462
France,Mortalidad_Baja,2.8233613225097876,-0.646843207518705,0.4232146947836483,-0.11391145111543746,0.7060209808304914,0.42934300361952293,0.052299744055782665,0.19639533732527542,41082.8119320747
France,Mortalidad_Baja,2.943586700794418,-0.5254873377168523,0.35942645136855506,0.0034384974838748417,0.7656147033425768,0.49210740433423,-0.020417749187692253,0.19674317380362802,43725.0999521245
France,Mortalidad_Baja,2.978344732779673,-0.5324334523501352,0.40532716692060644,-0.02375971666274454,0.8405673860339077,0.6027966241499468,-0.10358145997314773,0.1759225827999694,39169.8606000707
France,Mortalidad_Baja,2.7531657108599443,-0.6040031627893523,0.354538329143647,-0.04501660569141576,0.4514829600889045,0.16547773539218055,0.21771302576480547,0.26983960972273724,40408.2848574751
France,Mortalidad_Baja,2.6960394385032083,-0.6341446794213784,0.33572967858517544,-0.057376478077800656,0.4078063760163191,0.0833173614023706,0.2827959665932007,0.26547362971494814,41418.1766484844
France,Mortalidad_Baja,2.7908336007944197,-0.5786390671819209,0.33809898919816905,-0.027600649785923886,0.5215861844976027,0.19019657319561084,0.2006719797085222,0.24313919120107708,38687.1626407164
France,Mortalidad_Baja,2.795499624527019,-0.5695747554515169,0.35819994923163584,-0.040034354928095296,0.508947237482033,0.15999910465811773,0.2188819180798209,0.24252267409868689,37024.2157133669
France,Mortalidad_Baja,2.8065940578339172,-0.5618220523321737,0.3078479588749593,0.0005138362266874515,0.5648129905973298,0.21047856636337484,0.18190821976982116,0.2160011717469133,36702.4323733379
France,Mortalidad_Baja,2.8094174080192564,-0.57642710581508,0.3240147691878344,-0.02173066519357712,0.5232771614765002,0.1960535581168424,0.2113561515116969,0.24659472239699365,43148.0459288416
France,Mortalidad_Baja,2.8124254062252394,-0.5330115332877154,0.31145449452571194,0.00881164196108137,0.5480379827732347,0.15264385833068475,0.20952144567134187,0.20813219465925684,42669.1795111893
France,Mortalidad_Baja,2.753891741675455,-0.5699976195614955,0.29446454992770815,-0.00500910558268439,0.5235802513348216,0.10038022203989568,0.2500235179558062,0.19460913439675526,40863.5814412333
France,Mortalidad_Baja,2.7750571952954743,-0.5626966921751022,0.2805911179357813,0.010246730143324962,0.5368435656802915,0.1332736646573752,0.23443500105373746,0.20194157178155284,43929.7840873812
France,Mortalidad_Baja,2.78143463076172,-0.5419235818358559,0.28581701448302965,0.007513220093577868,0.5778146752223775,0.09541691118266005,0.24717738174426457,0.1666474631638249,40694.8211697025
France,Mortalidad_Baja,2.852483967081711,-0.4776142058808687,0.3418562936717064,0.020788451599771076,0.6570231531218337,0.18939738836483017,0.13982005801341318,0.13936473494815527,41728.0884164132
France,Mortalidad_Baja,2.8325906261223044,-0.4651640070961246,0.24316183933044203,0.10500423551828075,0.6651972447170587,0.2112877859513455,0.10958658676445346,0.12285409491440145,45464.8181385158
France,Mortalidad_Baja,2.820281633592904,-0.46441533451142514,0.21064122338622493,0.13973820640375367,0.6698415964808934,0.24961185459025298,0.07090862120644997,0.1130926161912178,41486.1907828787
France,Mortalidad_Baja,2.739062293566174,-0.47123412648167984,0.21483617678027087,0.13492702735142237,0.5814281159554274,0.11862044629611915,0.13132474194402088,0.10711128824727126,36431.5658906555
France,Mortalidad_Baja,2.665947677809935,-0.48622857927597796,0.18252785520552106,0.1465718051408445,0.5705175536410371,0.04114181994467746,0.16444921319526795,0.06629577282740473,34696.3718316971
France,Mortalidad_Baja,2.5395837143822115,-0.5459793041101376,0.17136928158825748,0.1208147230157744,0.42959464736209607,-0.110375749525655,0.2736115438641974,0.08753938958091144,33644.9282220364
France,Mortalidad_Baja,2.5497971554150456,-0.5073525802687293,0.1686308888668025,0.15787836384413576,0.5544249996340364,-0.030072819483651283,0.1592661024544429,0.0015452139298162552,29479.5222101175
France,Mortalidad_Baja,2.5155288354699583,-0.5267809468249852,0.15072312892469522,0.176388094799941,0.523929126907887,0.002831900642715483,0.13731007449185353,0.018991367823333882,24144.5727019529
France,Mortalidad_Baja,2.4716722977199805,-0.5343659802410163,0.1294841159332329,0.19696449314270165,0.4881606609144188,-0.017741828828075935,0.14111715114657913,0.017550035021806618,22331.7948343036
France,Mortalidad_Baja,2.451028914505066,-0.5334151625540783,0.13251568841551026,0.21574548720618478,0.4827516150600317,0.02743129771452079,0.0804004392159233,0.015922452872369278,22340.5939516217
France,Mortalidad_Baja,2.2489105678031187,0.8216089035775405,-0.7428276369626569,-0.8419891738531607,0.8320716752940092,1.0184724008702584,-0.44110273829703783,-0.1013935954769075,26791.8151982369
Gabon,Mortalidad_Media,-1.0779292031811192,0.4309351638585225,-0.940061031845415,-0.012197665989981555,-1.3321344919965004,-0.3409349301196699,-0.7680740724352629,0.023473462378993226,8409.20741452279
Gabon,Mortalidad_Media,-0.7864302423413084,0.505505686400213,-0.8437521093404454,-0.10496406263854388,-0.8083725686394837,-0.08610941211524857,-0.8184626372662624,-0.05785290133036412,8181.40914134398
Gabon,Mortalidad_Media,-0.5794593617822589,0.4624171834141707,-0.685986724530568,-0.3804184719761847,-0.49887502657048366,-0.1855076348705436,-0.5888680992587921,-0.0662357571102164,6605.80346077904
Gabon,Mortalidad_Media,-0.6984070369076739,0.5028429967376495,-0.8117109175103528,-0.20251265862954285,-0.7290838942539518,-0.21323220203081938,-0.7855337422829153,0.014392183240127513,7441.1786472281
Gabon,Mortalidad_Media,-0.7306896873400542,0.5002692617253687,-0.7997154260036743,-0.23069841021588838,-0.711796772622858,-0.31423167859211143,-0.7293126538944197,0.023950526750698524,7624.2775233771
Gabon,Mortalidad_Alta,-0.18288200872306196,-0.6464314219592847,0.04087102081783538,1.014292704359196,-0.3554571654091137,-0.5990392644482133,-0.7887770762736108,0.0016944616873713326,6921.73373135624
Gabon,Mortalidad_Alta,-0.6560680745774027,0.565700906449737,-0.8192326257346794,-0.2029392353450929,-0.5503991132304045,-0.3004994068815509,-0.7970748395460723,0.021860057807846806,6677.07003901644
Gabon,Mortalidad_Alta,-0.7941280572154353,0.582694027611151,-0.8893140629874231,-0.10150114897522972,-0.7187665336703875,-0.3988537795310443,-0.888065061597957,0.060725001777186954,7047.12654634355
Gabon,Mortalidad_Alta,-1.0806212307222587,0.6122030496782557,-1.0498113631822932,0.1472573496173651,-1.1029561646152088,-0.49501194577210683,-1.0864446173894688,0.11344531735020409,9201.36276648105
Gabon,Mortalidad_Alta,-1.1577440314473684,0.6751874300907663,-1.1602687466757882,0.31642827787778127,-1.1987949853268056,-0.4767361343006782,-1.2304105832897332,0.11371056019075022,9197.70106323947
Gabon,Mortalidad_Alta,-1.3842123045172774,0.5742322464146832,-1.0598477044205776,0.27960250349901256,-1.3569723131682592,-0.4071652275802551,-1.3881954881793492,0.14759096156965712,9296.96587941088
Gabon,Mortalidad_Alta,-1.4247031417062181,0.6515588941641425,-1.1667527993262947,0.4298426960727258,-1.3673018960557373,-0.41326806938781285,-1.44608105649613,0.14819900101040215,10219.1139339454
Gabon,Mortalidad_Alta,-1.2089825362445992,0.7240199665827706,-1.1440661463297468,0.3302228743185431,-0.9972663426417986,-0.5220668775676413,-1.1909097886324227,0.11260033954178604,8356.74662013345
Gabon,Mortalidad_Alta,-1.0885556877960791,0.6673663730475539,-0.9391111790261106,0.07179411181585321,-0.6320639186548657,-0.4911684814382386,-0.9759885403354731,0.08498340068672998,7290.57526093114
Gabon,Mortalidad_Alta,-1.4034598566813987,0.695463732362676,-1.1100318627661934,0.36624771311778975,-1.060611801425953,-0.4927391717738552,-1.3003726017314956,0.12436974137243377,9688.64519690633
Gabon,Mortalidad_Alta,-1.4267517682524782,0.6542255281606901,-1.0070510351664428,0.25028238194974073,-0.9362183102812837,-0.518784724991655,-1.1832586413822408,0.11355703351132997,8003.54289696049
Gabon,Mortalidad_Alta,-1.4257769369629039,0.6816850611823522,-0.9928544140030248,0.28278541546022457,-0.8364365534939671,-0.40723289799847273,-1.3148249139285266,0.11821918348999455,6847.00985685394
Gabon,Mortalidad_Alta,-1.1272536185436983,-0.522203164496193,-0.1806270994635226,1.585731041873091,-0.7781531528358991,-0.8143960963257283,-1.3559955434383923,0.12580533564400628,6547.87613955186
Gabon,Mortalidad_Alta,-1.439441331312583,0.5702360504303128,-0.7501119394088455,-0.023700201219697407,-0.6043850592210046,-0.5174219563228443,-1.0976992376137376,0.1296861906346839,5465.79193590708
Gabon,Mortalidad_Alta,-1.080471932457193,0.6970412236769148,-0.6889983945956889,-0.000871037883187094,-0.015469694365297519,0.0263017744269097,-1.387738994482927,0.07184750238481011,4710.74862768151
Gabon,Mortalidad_Alta,-1.1270436108408586,0.6795165969876095,-0.6448789534653357,-0.03289919966271062,0.008410712467079808,0.021216079066108683,-1.4404286904614119,0.09383777086360323,3966.48001864663
Gabon,Mortalidad_Alta,-1.222606727719609,0.6666257217048916,-0.6240899614837511,-0.008569176418654827,-0.013882427893201361,0.06819101798901693,-1.4898204409740459,0.11220922509557146,3835.75718279727
Gabon,Mortalidad_Alta,-1.2729388843958345,0.6715295421563094,-0.6194027046083102,0.010032039341524437,-0.005709753724945129,0.0702673223137643,-1.5189249653749428,0.13493219376994614,3982.906200928
Gabon,Mortalidad_Alta,-1.3736143627432738,0.691134077812371,-0.5417566194774897,-0.012001552265470242,0.2210693144035349,0.07223198974895799,-1.365864526009968,0.19100536554533218,4414.8755828572
Georgia,Mortalidad_Media,1.4054185645119341,-0.8560492317715225,0.4003534541656944,0.2572967859382657,0.2783173009357463,0.454587518404368,-0.35908390412339053,-0.22478805083862255,6729.84659930283
Georgia,Mortalidad_Media,1.2436071952046899,-0.8435197159773524,0.43413302224844635,0.2806915211802337,0.3690151569178463,0.42408155693597965,-0.42751304194045603,-0.4105209169640416,5083.60695484577
Georgia,Mortalidad_Media,1.2575493636915374,-0.8665552551404491,0.41992623103336896,0.3204376361160631,0.2663025690476028,0.5713629711739597,-0.3588702341931733,-0.284221155254188,4300.85701291207
Georgia,Mortalidad_Media,1.2873262666285294,-0.9378815887171105,0.477260871892643,0.15538708936333126,0.19835324524764117,0.33555183527747473,-0.18673546384603726,-0.2086461214093488,4741.2832715876
Georgia,Mortalidad_Media,1.26399788992248,-0.9025259543313103,0.43776142653304295,0.25492090927341826,0.19615448513470768,0.4646189953284885,-0.3181964729882223,-0.22605247498690628,4804.0546040444
Georgia,Mortalidad_Media,1.3178842252194398,-0.8676247670870583,0.4291636533947417,0.27000321711290104,0.2830148203496802,0.4998073409167701,-0.43187089766363607,-0.2656348661359692,4418.75206546679
Georgia,Mortalidad_Media,1.1045832689721684,-0.9955206084820037,0.5353862424467062,0.08902650567250742,0.13552578386951508,0.154140708680958,-0.040079142066885266,-0.26201629501970647,4143.40125686315
Georgia,Mortalidad_Media,1.0184326347003152,-1.0234047061180733,0.5446264248282853,0.08726845532971145,0.05687029453375748,0.1112942749723567,0.032815272044466264,-0.2448472244550305,4086.6223465965
Georgia,Mortalidad_Media,0.8899219721066564,-1.0874857047896462,0.5979897986671056,0.01332316656367413,-0.03021233061161503,-0.034128314963993205,0.20527108685399362,-0.23705062386662665,4830.33486170249
Georgia,Mortalidad_Media,0.8589162984723602,-1.1150886001658122,0.6342523119214626,-0.03706172614581698,-0.03496959004045321,-0.08690251191047867,0.2505636514435355,-0.2275666369018233,4712.00229382665
Georgia,Mortalidad_Media,0.783040015759976,-1.1488720039495235,0.6579331488457195,-0.07675395497816064,-0.10651263857356962,-0.19416819674493657,0.23131538209858946,-0.21955476697987894,4530.69533409431
Georgia,Mortalidad_Media,0.7585832813771434,-1.1219983397951747,0.6629320452087181,-0.019843720547561526,-0.022225157958978968,-0.05628685356749146,0.21766083242392056,-0.2378825705898061,4119.66818307193
Georgia,Mortalidad_Media,0.7324246699579622,-1.154155753566256,0.7259963505688587,-0.12159250364280756,0.021611281828788555,-0.1867202024902995,0.2128848950734472,-0.2537017253199479,3281.72930937343
Georgia,Mortalidad_Media,0.565419829670251,-1.1701858527151858,0.699553137392494,-0.08983551500929836,-0.13665942630021163,-0.36171541883950414,0.1690048699685667,-0.24263874715532951,2822.68939668797
Georgia,Mortalidad_Media,0.4307931561449924,-1.217160600770021,0.7275701395265892,-0.13527652288469366,-0.24093311435184075,-0.5323112261082422,0.2744173466036529,-0.19753481383499624,3324.7537205015
Georgia,Mortalidad_Media,0.16648854997565948,-1.206059544219242,0.6340447580057382,0.04599092836364568,-0.49338160409774595,-0.5794737477278248,0.28612123200344963,-0.14263411930622744,2635.36650276116
Georgia,Mortalidad_Media,-0.04909993687599248,-1.2164170015005646,0.6331144366680934,0.13736275902230155,-0.5900479074309294,-0.5401817531697062,0.37831361804066266,-0.10809065664076874,1996.02013272284
Georgia,Mortalidad_Media,-0.3980658728285333,-1.1823187072034487,0.5749780252599647,0.39375807381748784,-0.7514893002791826,-0.37655069735739577,0.4394745927864983,-0.105724069195737,1642.78359414797
Georgia,Mortalidad_Media,-0.3524456939970739,-1.1277619612286411,0.5956724671602825,0.4539732758563291,-0.5524052460748428,-0.14363266687779488,0.4399688164048575,-0.07131907730571707,1305.04748557208
Georgia,Mortalidad_Media,-0.5051721664403607,-1.1201555123756048,0.6231123832329213,0.5306250175469861,-0.5370760548005723,-0.02512242912647393,0.6145627025739149,-0.022615499870840883,1010.03151630868
Georgia,Mortalidad_Media,-0.556264245763674,-1.1145183525672047,0.6694920969710524,0.49364057293528174,-0.4214485561869432,-0.08145349420513232,0.6052621864054831,-0.03750781201421436,853.526171868939
Georgia,Mortalidad_Media,-0.6373984911965507,-1.1024532062184136,0.7052635894653408,0.5179428398379592,-0.33971308880594087,-0.022399527839703885,0.7154213538852361,-0.01387967091631122,801.98383707929
Georgia,Mortalidad_Media,-0.8815941529916206,-1.193661966830754,0.7422546595962556,0.4166545874870158,-0.5651487536197956,-0.4291790507753089,0.9457738952597502,0.06206287533394573,749.908534993961
Georgia,Mortalidad_Media,-1.4693351607663763,0.23159356944181342,-0.09640512024369456,-0.4176347022491064,-0.22498393526757696,0.705378671946599,0.8841209412753682,0.06315248918960574,578.336923460866
Germany,Mortalidad_Baja,2.360288553713279,0.8365762877351864,-0.5354904240908357,-0.9116617381831662,0.48152808274552544,1.1543189050758207,-0.5664796644564809,0.0807483432221105,49686.1154582583
Germany,Mortalidad_Baja,2.2840183548046302,0.8939280693327968,-0.46272752195325995,-0.9219645873577178,0.2744676294017581,0.891004565217335,-0.39936268217820586,0.1166928697247109,52265.6541620571
Germany,Mortalidad_Baja,2.7677985429086287,-0.2808339428104688,0.37090305350875485,0.34043216074063093,0.4672973414689839,0.5861304717284037,-0.4331848944626165,0.11517195498468591,47379.765194548
Germany,Mortalidad_Baja,2.735711263605559,-0.30909455288200866,0.2597939728922874,0.39156159937455665,0.41706659800171514,0.5476675090963767,-0.39582031790383154,0.13735103615201835,47623.8656074829
Germany,Mortalidad_Baja,2.6237730860369766,-0.303386877152141,0.29581062202899266,0.37775571443037653,0.2821168519548025,0.3526705077010854,-0.2964108836257146,0.12936133353837936,48874.8595028454
Germany,Mortalidad_Baja,2.6553200174641454,-0.3174386489595899,0.20952386564551737,0.4196335246494089,0.34006651577386454,0.42445923958008186,-0.3330081038507058,0.12828547140396326,45526.5999576533
Germany,Mortalidad_Baja,2.6931539220929372,-0.25101084894016784,0.2613604570140168,0.43923442674558577,0.3487709773025977,0.44599501560621624,-0.36665090203655865,0.12692849186065722,42961.0356905775
Germany,Mortalidad_Baja,2.672032403616857,-0.24371172039873668,0.28286635537896315,0.42669134786761276,0.34831875345309765,0.39873392664932283,-0.34751221974569085,0.10361352178348755,41911.0109851054
Germany,Mortalidad_Baja,2.6955445906137947,-0.3115189592316949,0.17639202114599384,0.4432068333346691,0.3967869961104724,0.4941775929551965,-0.37207203926903576,0.12991389875069678,48971.0824722599
Germany,Mortalidad_Baja,2.687127532885033,-0.28452695585898624,0.14526739338697708,0.4712211731231871,0.43404950109254237,0.44539616306658997,-0.36046396989573876,0.08321066659713136,47220.0102098851
Germany,Mortalidad_Baja,2.646360646769785,-0.2953483130694479,0.149359777648117,0.47737581780162647,0.38077311708009076,0.4358564648633219,-0.3712522822587228,0.09550160851614961,44735.5882319701
Germany,Mortalidad_Baja,2.6627016180923495,-0.29400421757746864,0.154038924350244,0.47164776596300845,0.41757805321125596,0.46021402986121984,-0.3864902836073421,0.08439918034413986,47646.582043143
Germany,Mortalidad_Baja,2.6768888851511523,-0.22703218051825885,0.21218653843538432,0.4658008067927898,0.4324715032188554,0.3743845875887282,-0.34668322046519984,0.05368703649814442,42409.9356994694
Germany,Mortalidad_Baja,2.7099479114608296,-0.213511552550884,0.3715628701714898,0.3498305125156168,0.4718549351681684,0.3280152626773927,-0.2886946113074829,0.04269903418973821,42487.2137101496
Germany,Mortalidad_Baja,2.67563719285017,-0.2332454778292179,0.17397096069779333,0.48355419239228015,0.4745966025477207,0.3929785531052844,-0.36707381717661186,0.034152316805468735,46386.3295924799
Germany,Mortalidad_Baja,2.683939609410666,-0.21478568415451063,0.17611920879368803,0.5072671354656352,0.5072116726036672,0.45153785442362543,-0.4328870059102662,0.017704272844903154,42350.9217211489
Germany,Mortalidad_Baja,2.728520499644372,-0.13722090962263145,0.21665669906087773,0.5121018122484028,0.5574827239034063,0.38476583038359985,-0.39247355005079826,-0.014884132820501514,36980.3349948954
Germany,Mortalidad_Baja,2.633965620551236,-0.20050241617910083,0.2682826979498503,0.4292116119912937,0.478385899244692,0.25013459716731323,-0.2951095068429332,-0.010980960405521835,35084.4363546269
Germany,Mortalidad_Baja,2.516963540392756,-0.3141309503448138,0.18108583647623314,0.40164960784138837,0.4261132381228647,0.15446940950165333,-0.219441931401714,-0.014251202878895678,34566.7359143735
Germany,Mortalidad_Baja,2.531052515559976,-0.26668490703575637,0.2312393455084962,0.40787553490672634,0.4473301809500924,0.1635572844266919,-0.25609424842130213,-0.03589495461206848,30711.1022511331
Germany,Mortalidad_Baja,2.547215408357926,-0.2716958126422338,0.19597039520079843,0.4267143443356893,0.5056417818848222,0.21872546788094557,-0.29701641660435224,-0.05080528286513394,25486.5942008748
Germany,Mortalidad_Baja,2.58117774886766,-0.269449060462906,0.08631919527934992,0.5112589994293395,0.5712719949121717,0.346899259398849,-0.3865290418835638,-0.053016601695970174,23878.3641471651
Germany,Mortalidad_Baja,2.5150640223395673,-0.26438022392670485,0.1129343857719495,0.5225155946928172,0.5185587232098168,0.32504910424165867,-0.426569315432825,-0.07193512779581984,23925.8559901991
Germany,Mortalidad_Baja,2.573898500993307,-0.15096630894153615,0.039789355371041925,0.686444147145621,0.7732538741096068,0.5896131566374245,-0.7364304123288982,-0.18892561377798237,31747.2449398447
Ghana,Mortalidad_Alta,-1.2573425761362576,0.3644417143959004,-0.3306325814442054,-0.18806510662072645,-0.28582145563049,0.8754133231380794,-0.36012453952682777,-0.34130968206892237,2229.89122647803
Ghana,Mortalidad_Alta,-1.4740759299354216,0.24737304553949807,-0.21875922821914043,-0.389581467264506,-0.39706533159676777,0.4491519469802971,-0.0351480373790005,-0.35334746000943756,2445.18662529344
Ghana,Mortalidad_Alta,-1.4681265038068583,0.25193477566132905,-0.2256402914145101,-0.3969047933277979,-0.39316388505899863,0.40186993813531735,-0.08913396758474246,-0.3091804596960543,2195.45481659987
Ghana,Mortalidad_Alta,-1.3687471730536982,0.2782850042607582,-0.2426672196582213,-0.40283496254726703,-0.3231696143929591,0.41731110302026714,-0.2453143494943004,-0.25745265318390775,2186.65822682613
Ghana,Mortalidad_Alta,-1.527204139405408,0.2815688321948185,-0.25972307201491235,-0.33060257435675183,-0.4065722363582798,0.3885333102654612,-0.22069077438043197,-0.24415047889354902,2195.32166016377
Ghana,Mortalidad_Alta,-1.5770232760485574,0.3152802963878407,-0.24810644470846163,-0.26665750835423274,-0.31213805531766814,0.516143432575941,-0.21311956432229287,-0.2608332324904851,2012.28662641265
Ghana,Mortalidad_Alta,-0.9760603617045718,-0.7416116654154062,0.547428167011775,1.1315248599220133,0.20158881218133634,0.5335684500561723,-0.3881823495128084,-0.32329603538646196,1912.47991339951
Ghana,Mortalidad_Alta,-1.5729058186818816,0.4522861027764887,-0.3362581936606767,-0.02784742551360746,-0.14387642958198957,0.8251180331820971,-0.5330063117838892,-0.27012563821975494,1722.77282833606
Ghana,Mortalidad_Alta,-1.7947254743975622,0.4412967139394343,-0.39672455868391865,0.067654889335725,-0.3810847824671471,0.6795947380802705,-0.5864187563918802,-0.2258065666630792,1949.90832923846
Ghana,Mortalidad_Alta,-1.7906259495807282,0.41589841368046804,-0.2962498533944673,-0.059764625557357585,-0.21119209875006276,0.6082506551464678,-0.40995028417869395,-0.23640263489066385,2294.79584693743
Ghana,Mortalidad_Alta,-1.1942982353949876,-0.7834281400145171,0.7027959692660729,0.9752100876866893,0.3955247742050045,0.2614991225355781,-0.10773422124456591,-0.2910390692347985,1543.77524235764
Ghana,Mortalidad_Alta,-1.839247235240606,0.40318334253323107,-0.11082078526988579,-0.20530271149763585,0.16131668739804716,0.643093728131183,-0.05632238525679404,-0.2626235351878788,1507.43573198753
Ghana,Mortalidad_Alta,-1.9713873322375195,0.40935505485865675,-0.0032704482174889483,-0.20046554310239867,0.3598381166456426,0.7974691829364021,0.26881302442857335,-0.30233173751651743,1263.89251760539
Ghana,Mortalidad_Alta,-2.1719891472086497,0.4155613171411257,0.033771635374580375,-0.12902147072055165,0.37844589213544616,0.8674330925386721,0.4469149865575752,-0.3127406790574888,1047.70430093586
Ghana,Mortalidad_Alta,-2.2836330908378835,0.40470734662183827,-0.006686168923352851,-0.10708386843643701,0.23458740754911342,0.6851220622367998,0.3457382188662504,-0.25512416495526313,1182.65761256016
Ghana,Mortalidad_Alta,-2.0899451602701875,0.45619344968417624,-0.007579604478594906,-0.14264130462557803,0.4535658409949248,0.7405149181626798,0.11200336456335648,-0.23526932876567455,1050.12461524926
Ghana,Mortalidad_Alta,-2.2883402290622104,0.45350558519055284,-0.02716304393803584,-0.06223384641914814,0.33228692122637915,0.6856623442218297,0.1688753186938486,-0.21658757633225148,906.441027564887
Ghana,Mortalidad_Alta,-2.790536452932819,-0.5536126645300368,0.4401648511938215,2.169549638096615,-0.22706575180663488,0.9106519367262139,0.08213246908407364,-0.28032809309958856,478.611909191028
Ghana,Mortalidad_Alta,-3.1958671361842836,0.6851660088996534,-0.37164191030800336,0.9603313129235583,-0.23053702463915574,1.4377646037719298,-0.012926186035067079,-0.27557442006889493,406.132105329565
Ghana,Mortalidad_Alta,-3.2571866686698407,0.6468666124671483,-0.35531099461688115,0.8818906798947199,-0.29740232250550064,1.2068236807995705,0.001902804126146268,-0.2256164177595681,358.39927142073
Ghana,Mortalidad_Alta,-3.222722087142436,0.6637212857798229,-0.36204076362328574,0.8624317900954259,-0.23851289809303394,1.1400245765083967,-0.10590311118416142,-0.18925312120291932,297.46164468774
Ghana,Mortalidad_Alta,-3.3055579938895945,0.6615967954387868,-0.350618851827016,0.8629321472130628,-0.23993574939985324,1.0674300855487218,-0.0802973686622732,-0.15921707325494336,263.542156494853
Ghana,Mortalidad_Alta,-3.3611857828228913,0.6791943696028597,-0.35197952440393976,0.8907179474213317,-0.20962573376460114,1.0505510035447019,-0.10742787473606007,-0.1255005708750386,253.746936203344
Ghana,Mortalidad_Alta,-3.031592140587035,1.0649023832400217,-0.4219336802826393,1.3405572532717964,0.7610993751830962,2.1441218541749536,-0.7138980397972963,-0.2362629046681214,371.537243033836
Greece,Mortalidad_Baja,2.0162422559454796,-1.0421671905416965,0.5274595268224418,-0.27430224895751054,0.055578979158484434,0.05567634347803267,0.30311021163161483,0.1759681654204528,20971.8349258283
Greece,Mortalidad_Baja,2.047860769248136,-1.0346661763231082,0.570494441913361,-0.32322294469289775,0.1606241647662024,0.04380767424359885,0.2853053473851279,0.12010680851976722,20654.7001960815
Greece,Mortalidad_Baja,2.0584014391765475,-1.0896566715042304,0.5967011997794471,-0.3839401384059195,0.09725972032208519,0.03900999353206218,0.4053266271751594,0.21248841233930324,17886.733165236
Greece,Mortalidad_Baja,1.8711281576161276,-1.1722253121968371,0.5948902265195507,-0.46060975149819955,-0.20318107063574206,-0.3600036299964838,0.6857162087661397,0.2833651565594292,19335.3602002969
Greece,Mortalidad_Baja,1.882470568753388,-1.163046215190931,0.5844725204734458,-0.4478108675505275,-0.21335422432637666,-0.35816174563476444,0.6736022849255654,0.2980594572632078,19873.4015238771
Greece,Mortalidad_Baja,1.9301791008830786,-1.1296114518738465,0.5778962319652904,-0.4270304726142414,-0.08941970524557963,-0.2857493671737027,0.6323785719422416,0.24565086869293123,18631.9930129293
Greece,Mortalidad_Baja,1.9543224210493577,-1.1112666283488875,0.5681867411946934,-0.39966496612624064,-0.09102552780628664,-0.23722247534499852,0.5583324108153794,0.25360415971288625,17919.2426377048
Greece,Mortalidad_Baja,1.893741587548743,-1.139559812071242,0.5833607834082715,-0.4360581185576697,-0.1051873576983456,-0.3266489833603013,0.6554651772811281,0.2304644324751739,17980.7298238137
Greece,Mortalidad_Baja,1.8177110864667678,-1.2016277471104913,0.6207324496605858,-0.52212780116425,-0.24979759171034296,-0.5199276914640492,0.7972559474467855,0.27965867819873674,21474.7257123892
Greece,Mortalidad_Baja,1.8248424709343565,-1.1869958376612497,0.6112486360103466,-0.5016937024121177,-0.25091321741946526,-0.5051856673127285,0.7549601599928679,0.2705424785785669,21573.3449762805
Greece,Mortalidad_Baja,1.8306983292222403,-1.1347812303861355,0.5545110537606228,-0.43458502993026926,-0.2014507675844534,-0.528452165043854,0.7439993080400915,0.21307007425620622,21624.346052551
Greece,Mortalidad_Baja,1.9147848863309793,-1.1037564227834569,0.561655050615029,-0.4331186478771865,-0.130141056205931,-0.4676102472433558,0.6823664533298052,0.2139071453218613,25504.7866510124
Greece,Mortalidad_Baja,2.0738510249137665,-1.0111584548237513,0.5313374522968908,-0.3556759541222508,0.08245769160104624,-0.251793604970754,0.5024502906555388,0.15820127268537454,26653.0488008626
Greece,Mortalidad_Baja,2.065398733843004,-0.9956426178102589,0.5060431445327341,-0.33795038933994087,0.07986319414188653,-0.30809579739545595,0.538362932008215,0.1439568505058106,29425.4573200263
Greece,Mortalidad_Baja,1.9767520021227547,-0.9833117586428495,0.4532014713261762,-0.2645678297802162,-0.023944336262158913,-0.3618147027451358,0.5163009492641465,0.1387316837224325,31695.8331092209
Greece,Mortalidad_Baja,1.8416617235276262,-0.9759474992458509,0.3881951297288889,-0.15459000787926241,-0.1368875092348173,-0.3543345361842121,0.4378214987884532,0.11285733284329273,28440.7625328955
Greece,Mortalidad_Baja,1.7860824251318155,-0.9646698372465494,0.34358102769892107,-0.0818935427210208,-0.20094750358116306,-0.3280612375856219,0.3877407559396438,0.121022475256394,24416.0232970275
Greece,Mortalidad_Baja,1.7894903121073436,-0.9944918148626329,0.3849770481148159,-0.14562153112169654,-0.07447553426765771,-0.30715304183944897,0.5288821821339615,0.09045692021850572,22054.1315756886
Greece,Mortalidad_Baja,1.6980919405002832,-0.9923386013355182,0.3516299097079019,-0.07991657410924127,-0.1662220739221412,-0.3082297895126975,0.47511397890788826,0.08925888405503733,21449.2552764245
Greece,Mortalidad_Baja,1.6061450509226185,-0.989630347855145,0.324277875997097,-0.007782681689017454,-0.20809659966785768,-0.2527544041395289,0.45571658190245595,0.07777714282536023,18020.612039764
Greece,Mortalidad_Baja,1.2947103977057999,0.22859779028526261,-0.4511375291180447,-1.2977139824954045,-0.16260871340545946,0.27476868056833575,0.3544158066277352,0.0670321180868988,13782.195640943
Greece,Mortalidad_Baja,1.2545783936776562,0.23320006321334738,-0.4578591059957603,-1.2729857585443036,-0.16980929099781705,0.2811523313774809,0.3324397790075716,0.0564362768533989,12156.9572824221
Greece,Mortalidad_Baja,1.678504142029739,-0.9479405112223362,0.3758745073648328,-0.01744019875865225,0.05042712902178056,-0.08837021961590873,0.3241620054256365,0.011487011493862498,11638.2010697215
Greece,Mortalidad_Baja,1.5520265662952268,-0.9785623079499621,0.4431623275885361,-0.015495222790974582,0.10297237066582192,0.035402849498525464,0.313064087527001,0.024995488745313172,12779.081491606
Guatemala,Mortalidad_Media,-0.09312954613483915,-0.030635282668896514,-0.04365952960609671,-1.4223915424458373,-0.3113342940906664,-0.2183143243138401,0.41236134633440286,-0.061791229273395414,5358.70127494396
Guatemala,Mortalidad_Media,-0.1887360408893859,0.037986576219020914,-0.02453085248526144,-1.3807840540229195,-0.07295062567378056,-0.24192167087877933,0.2647702957281256,-0.3043946025499917,4912.62225721201
Guatemala,Mortalidad_Media,-0.1466645241608345,0.0037518209268375038,-0.013539567759793076,-1.3915687790102311,-0.1510718499216991,-0.13936043320011365,0.36454484429925677,-0.13847117339719814,4477.61761796418
Guatemala,Mortalidad_Media,-0.0982724020071321,-0.03640533570447718,-0.0112801688227752,-1.4493133351216259,-0.2573135315905929,-0.2103302973660938,0.46186880482348397,0.01655150115467333,4511.99755157656
Guatemala,Mortalidad_Media,-0.084656955678646,-0.031324176529139235,0.006982525070480245,-1.465625995620235,-0.1963659020878412,-0.1989393981129279,0.45805296321000977,0.017251471586417093,4352.94651790253
Guatemala,Mortalidad_Media,-0.11838616164293725,-0.02362915723452355,-0.002790303865752378,-1.431399300108144,-0.20893275378030232,-0.17172547841110197,0.44396406893544077,0.04004231290633596,4324.99608157801
Guatemala,Mortalidad_Media,-0.08470457581866828,0.029086910247598553,-0.02725366050932456,-1.3641923708412238,-0.10772644499360222,-0.06235610687292183,0.3214062270062536,0.021878165851509552,4060.13754974186
Guatemala,Mortalidad_Media,-0.19489323061316796,0.008969127814892433,-0.01569050780359665,-1.3622400567072754,-0.16807787384592962,-0.13190745661813374,0.36149799058367144,0.028624435097096855,3893.50522093509
Guatemala,Mortalidad_Media,0.2119929683429283,-1.1616403691453583,0.7796971143146769,-0.05271403031847221,-0.020368767553666057,-0.4847757234348934,0.3314394048719137,0.03687759387161162,3689.14471813777
Guatemala,Mortalidad_Media,-0.3000095140019597,0.0014335333443569527,-0.008990699806086012,-1.3399403771332727,-0.20666623889491592,-0.1650899535419856,0.38329418305666046,0.07711543988022754,3444.15971264862
Guatemala,Mortalidad_Media,-0.2909570374633293,0.06148780734671837,-0.04842230256430027,-1.2301757852477933,-0.1306563459619824,-0.003349224506368688,0.24894544582760525,0.07549430402378363,3286.61959336267
Guatemala,Mortalidad_Media,-0.33012109602435535,0.09049463890293563,-0.05432155880283201,-1.1747346030225259,-0.0742299813217575,0.06747248189160528,0.20222017574602855,0.06120311361573868,3168.98370607705
Guatemala,Mortalidad_Media,-0.40472912692846524,0.07100934299443139,-0.026565245575176026,-1.2134112374653676,-0.08062430059757411,-0.04457893953667133,0.2596122944757239,0.06653628225083383,2805.25960237322
Guatemala,Mortalidad_Media,-0.5241699660348275,0.060557225328490685,-0.024428872710959948,-1.1907683722770135,-0.1376346971474112,-0.10390058004845946,0.3216464342903896,0.083289032411088,2611.64632773352
Guatemala,Mortalidad_Media,-0.5987885868509158,0.05357816596526339,-0.034812392157029574,-1.176680016303874,-0.20512724463464155,-0.17873937704886464,0.28079218400848366,0.11506160628849431,2763.05988172926
Guatemala,Mortalidad_Media,-0.685085728564574,0.06757685851484492,-0.057404173918696864,-1.1193529233538453,-0.24186899363597492,-0.1951134307795861,0.27087795902891043,0.13429541955877897,2458.81573919384
Guatemala,Mortalidad_Media,-0.33836927604299477,-1.121517325896026,0.7560327548436544,0.15483556769255383,-0.11618458905025172,-0.6600536927809394,0.2679733750674807,0.12550783998608994,2225.1234753878
Guatemala,Mortalidad_Media,-0.8568723114001444,0.08846296807623862,-0.04675405585213713,-1.0580825938857852,-0.2042421795229702,-0.21603929462192345,0.269289462662929,0.10825143476795382,2046.46611650758
Guatemala,Mortalidad_Media,-0.9149764534542812,0.11528763320159863,-0.07521388599892526,-0.9761997479965621,-0.21792547822781896,-0.15252238868239387,0.2250050769183568,0.14260306403444026,1840.91184884
Guatemala,Mortalidad_Media,-0.886371990518854,0.15741551917091026,-0.08006481866228717,-0.926289134014193,-0.10684069251081553,-0.03214404471387778,0.15917304842546653,0.1563661126339328,1722.54701910774
Guatemala,Mortalidad_Media,-0.9134714911866749,0.19952119200039536,-0.08867531080279716,-0.8569552693224046,-0.01936045153779842,0.06932298425263686,0.10687259368141691,0.14649246088876053,1669.33517469705
Guatemala,Mortalidad_Media,-0.9483820707186502,0.19677884508244892,-0.05552483038866638,-0.8809252614423108,0.03867910359226362,0.04984164203863605,0.09777563369940126,0.15377960765334275,1537.68663578252
Guatemala,Mortalidad_Media,-0.7949706109301573,-0.9697419115101031,0.8920559254166748,0.4892598306044845,0.43462487914488307,0.022297290441380818,0.6867743584188725,0.0359775534017768,1648.96578971559
Guatemala,Mortalidad_Alta,-1.3041178449905648,0.4423951504425666,0.09668972219015859,-0.5307779888290047,0.9258688588822654,0.81849199455164,0.2210730002678472,-0.04812687747013654,1421.06177809796
Guinea,Mortalidad_Alta,-2.869574497757699,0.5067645160460957,-0.1918168695781352,0.28537023023334157,-0.0936405907772081,0.4508470522399574,0.037940360006762534,0.16060203101737788,1416.59612011764
Guinea,Mortalidad_Alta,-3.000103157677208,0.5037669305888056,-0.21736182481616936,0.30189461142763085,-0.18075658244826182,0.26232154821672515,-0.05679957805936114,0.1549411891205008,1244.96550477914
Guinea,Mortalidad_Alta,-3.079039834680203,0.45635389995841,-0.19165245824541094,0.22204904752048227,-0.2643840235630283,0.04390749388247964,0.02902165765715979,0.21653971647643494,1053.66097696415
Guinea,Mortalidad_Alta,-2.992777889817973,0.5507659997833015,-0.24284718693069526,0.36548045360490894,-0.10791385562435432,0.3258626148669604,-0.21393282041519604,0.22938991852691362,1031.34146480732
Guinea,Mortalidad_Alta,-2.4372272918305966,-0.6235732890627949,0.5418593145988237,1.5797931098239713,0.07875094646336724,-0.16764521750473496,-0.48571592159645566,0.2594349316785313,933.273615633705
Guinea,Mortalidad_Alta,-2.724951437265191,0.5287967677750149,-0.2010053190094798,0.1185224954648353,0.06553002989199591,0.030451910769682556,-0.5245504466205332,0.29580087293252133,833.598621691121
Guinea,Mortalidad_Alta,-2.545015695730637,0.4850324376884365,-0.13217616991794337,-0.12647007646962352,0.20019060585787554,-0.26669421718552944,-0.48808424648321613,0.332019660876985,711.996509782316
Guinea,Mortalidad_Alta,-2.5427860897256123,0.4478919018505875,-0.002526440278122874,-0.2812452306836758,0.39971474693417414,-0.3202859158149519,-0.31421578417331997,0.3077093467492662,747.356966759448
Guinea,Mortalidad_Alta,-2.6841949241541934,0.4309674907086831,-0.050636761192611374,-0.2369592781638417,0.20548812423576177,-0.480760305139289,-0.3720234776044689,0.3343204328587331,765.146999389279
Guinea,Mortalidad_Alta,-2.65590566445506,0.4452763787400409,-0.047975434040141346,-0.2309151107453116,0.2599563621907657,-0.4371374660756476,-0.40324092387477684,0.3216224009785823,748.455020824734
Guinea,Mortalidad_Alta,-2.255608802013584,-0.707699263555356,0.7033717446736344,1.1079672322856315,0.3665149493425539,-0.8652844165190698,-0.49091614550946583,0.31091818291536816,699.353377212197
Guinea,Mortalidad_Alta,-2.6827834711297744,0.44255677857916204,-0.05545476104766832,-0.27593843043127725,0.2527912519558996,-0.6432754278427152,-0.4278618642279395,0.33154789811657165,636.694958747648
Guinea,Mortalidad_Alta,-2.7917394227062604,0.4706830012364445,-0.0837775183483482,-0.19887862528187905,0.24049136876155058,-0.6679365206116721,-0.3137397422645565,0.31351246048261744,659.235326211315
Guinea,Mortalidad_Alta,-2.7017765416916477,0.4929083380769562,-0.07176455837961916,-0.23654093614659255,0.36830061332303654,-0.6723061652638948,-0.41685750818260936,0.31169163140045525,662.185914665575
Guinea,Mortalidad_Alta,-2.764973180468129,0.4741960988019285,-0.040735884012837294,-0.24958786213446355,0.3575378095231591,-0.6699413973637938,-0.5044318168939588,0.32531768093609476,703.532825784369
Guinea,Mortalidad_Alta,-2.1134228001395186,-0.5783599940507966,0.7535895372565162,1.0972237579526702,0.9200948214542426,-0.7703595376023433,-0.5995245696503857,0.253687698266636,650.148575304743
Guinea,Mortalidad_Alta,-2.69892984129511,0.5276340392619108,-0.0006505889284966531,-0.26077449017501825,0.6238113714514063,-0.5824280093674334,-0.6398040349041043,0.32421182252667524,446.980554135013
Guinea,Mortalidad_Alta,-3.355996990395122,0.6920718953244618,-0.4617959289641074,0.5799006989371502,-0.22947932909690627,-0.32987985015227084,-1.4272829083761431,0.41066389538624776,463.17768685098
Guinea,Mortalidad_Alta,-3.413188632644534,0.7021839613791986,-0.41850281696801295,0.5657685721798723,-0.11846101904324965,-0.3394250400676672,-1.3749771350962248,0.4290735948799567,584.897740538081
Guinea,Mortalidad_Alta,-3.3822105048764173,0.7089788765678235,-0.399318798989334,0.5008705791464655,-0.027417012604170253,-0.46991478849839213,-1.4626865334287382,0.49372570646499364,566.48540588068
Guinea,Mortalidad_Alta,-3.0482078522859157,-0.4347795015437554,0.39896815949469866,1.8512981523824363,0.17953143345400918,-0.8217338189388089,-1.4984570189256992,0.5250638699155705,495.916073559269
Guinea,Mortalidad_Alta,-3.4831530085874287,0.795023639078625,-0.3795867699523962,0.597762950903385,0.2240379518950891,-0.3667856946565778,-1.5945530553435303,0.5769429764318935,483.085120214741
Guinea,Mortalidad_Alta,-3.5007638607024494,0.8156864826591714,-0.3552279543614013,0.5705293072417984,0.34370654572836584,-0.44720339486133776,-1.6055961912559342,0.6613150068425091,518.157066924026
Guinea,Mortalidad_Alta,-4.026263454465494,0.7312974881851675,-0.10302050061204983,0.23626420110315538,0.5923419072014121,-1.380491122499033,-1.2515272967443538,1.0320135356825626,713.031460558683
Guinea-Bissau,Mortalidad_Alta,-2.7573855379171905,0.2732271923822606,0.004243609049227085,0.05452143030203557,-0.35001693369246106,0.8157966586798299,1.2503609528724324,-0.22317043181215993,873.437861875428
Guinea-Bissau,Mortalidad_Alta,-2.3604020226530213,-0.8343502299197689,0.8090014517707951,1.4018395071039298,0.007500647480699379,0.5108220270078921,1.09471271743089,-0.36073985550035964,912.484104692847
Guinea-Bissau,Mortalidad_Alta,-2.6956105823503314,0.2622556800630075,0.09705881251290098,-0.16202468578523718,-0.08444060086098232,0.4893621609125109,1.17661513636228,-0.2886814018784545,836.26731423732
Guinea-Bissau,Mortalidad_Alta,-2.325708020454916,0.33240410212685745,0.025890753730036704,-0.1854008016656898,0.08573402274398728,0.5723042359506759,0.7183793682909699,-0.16753563500816876,807.425524872835
Guinea-Bissau,Mortalidad_Alta,-2.036384005770924,-0.7790028620907595,0.770241717089163,1.2873554629806097,0.22876471435238704,0.3523978253512355,0.6196157451278042,-0.19309975069260712,808.531613218504
Guinea-Bissau,Mortalidad_Alta,-2.6509440417975543,0.42769956469562986,0.018397252293641145,0.09988179124400377,0.18406700066603277,0.9057478674324283,0.8064643619997387,-0.22239597108244621,783.123186602022
Guinea-Bissau,Mortalidad_Alta,-2.863354667989444,0.3571404689573478,0.06268903167477113,0.020722126889529846,0.03666802243051042,0.6076509889280061,0.9809588212044754,-0.1865319825676949,679.665386626818
Guinea-Bissau,Mortalidad_Alta,-2.856034131491447,0.4084651623290825,0.005129489486748724,0.06082338243175811,0.08127235763689526,0.486692674989421,0.9095871103957175,-0.1646279096098712,645.066837207039
Guinea-Bissau,Mortalidad_Alta,-2.923966561038663,0.4450448978237288,-0.024237306917491777,0.1339487263332848,0.09780898799613465,0.49064377779549806,0.7896780770175669,-0.15358471660257922,652.022501029449
Guinea-Bissau,Mortalidad_Alta,-3.154929124371265,0.5082839202184358,-0.031073025238688066,0.33284797404830796,0.15104633911070162,0.716305795502066,0.8793050896552078,-0.18902771280957764,654.304534409417
Guinea-Bissau,Mortalidad_Alta,-3.2641817251022696,0.46605715185237934,0.044610109388572454,0.272806161762948,0.16127125727163183,0.6781592679343823,0.7844800635769698,-0.15363739487003145,635.461653303881
Guinea-Bissau,Mortalidad_Alta,-3.3352928026524316,0.4676713132568809,0.06695586947769268,0.2431822026132262,0.2104170579623202,0.548474123592221,0.784818601784798,-0.1133970472423173,719.539573498937
Guinea-Bissau,Mortalidad_Alta,-3.0384393225938706,-0.6772811255077635,0.8623495851402851,1.6102060681437038,0.3911084116436106,0.19752416574919276,0.6937193521776315,-0.0937321380926537,600.194298540768
Guinea-Bissau,Mortalidad_Alta,-3.5856921966606925,0.5582025248183098,0.05973260090822484,0.4284757186065518,0.35402050679757435,0.6575822190357676,0.658916961356722,-0.06502818802601339,583.190020139094
Guinea-Bissau,Mortalidad_Alta,-3.81637297190455,0.473024329770855,0.13484397293629377,0.27525831709711474,0.2509819222405633,0.20626584576332527,0.852482541393463,-0.004006218279899809,640.210331101753
Guinea-Bissau,Mortalidad_Alta,-3.9514038755202887,0.47640330054036234,0.15808093781622287,0.3110908807159773,0.2592448941351326,0.2115302501991415,0.745493734404709,0.06465700548779382,519.069789794741
Guinea-Bissau,Mortalidad_Alta,-4.120056300343177,0.514893159263371,0.16566736835627455,0.3994516485726367,0.3243267608095578,0.2378445831853601,0.7497631420699554,0.0851788466563809,448.513075469701
Guinea-Bissau,Mortalidad_Alta,-4.27760938795505,0.5517608179734943,0.1833667024923471,0.46126129496510926,0.4200050578730509,0.22665788199907852,0.7375362949516454,0.08324657645653431,463.073962650452
Guinea-Bissau,Mortalidad_Alta,-4.085494579856365,0.5222066226632095,0.26907848215845326,0.21616556556716415,0.6397210403901172,-0.023832130411191692,0.6740914347983564,0.19081854300583817,431.376557669634
Guinea-Bissau,Mortalidad_Alta,-4.245828879854926,0.6131151809837289,0.14188209319302825,0.4343767009275613,0.5624927164674034,-0.0559179363771541,0.5254175100366572,0.23907890550004218,419.78486611807
Guinea-Bissau,Mortalidad_Alta,-3.7447602997872833,-0.5716796414518107,1.0142734731438217,1.5839539903513182,0.9035054858824276,-0.5564587669042684,0.4803148152484651,0.27213036367252225,362.034574570354
Guinea-Bissau,Mortalidad_Alta,-4.238074820921724,0.6056450911770129,0.3077015041607745,0.23130483046881278,0.9510899539035729,-0.20579084008248807,0.6542690928964788,0.2992672671631597,327.138431972397
Guinea-Bissau,Mortalidad_Alta,-4.360993919566357,0.6298831735832482,0.2992925691214802,0.30093513023941315,0.9562004778015555,-0.2045303257251235,0.5807019294747776,0.33948305586702854,316.945495037639
Guinea-Bissau,Mortalidad_Alta,-5.358225384424586,0.9995138328207731,0.12680510652893237,1.3778808407725045,1.114740110260913,0.8918020552022166,0.6005279280940782,0.32541358131738246,589.487023081945
Guyana,Mortalidad_Media,-1.0094375823419572,0.9677135140979419,-1.7666698670863679,1.1880242412176907,-1.6270422295241318,0.3242240922764118,-1.1132068292519042,0.024537728696212915,17913.4928066879
Guyana,Mortalidad_Alta,-1.1148922236222467,0.8827567118138618,-1.347429467159006,0.7180778529925592,-0.8846233820827434,0.06891850220887227,-0.5941210865289512,-0.43101115727354994,9860.87014834386
Guyana,Mortalidad_Media,-1.0944196512730908,0.5327310221966208,-0.8235130227312828,0.13223931242925527,-0.7818075036055694,0.32684215261165445,-0.1123115269080802,-0.18638871617824995,6775.70939096303
Guyana,Mortalidad_Media,-1.0239753610837448,0.3187789059984667,-0.4736772094719658,-0.29138865437244993,-0.6212309680535069,0.43995936009797315,0.0704150785496804,-0.0770530536814321,6405.82443444562
Guyana,Mortalidad_Media,-1.0474373206963508,0.33994330134139666,-0.4329366592960612,-0.2789158886543815,-0.48130045303644636,0.5393791549266765,0.1950881399649966,-0.10806172974984908,6048.38697180418
Guyana,Mortalidad_Media,-1.2282859583186523,0.40500159553720816,-0.4945853011350299,-0.08598743877759203,-0.5040069636286447,0.6393697601849211,0.36004679861795547,-0.14616806069775787,6178.6650437298
Guyana,Mortalidad_Media,-1.266067881179272,0.3497997179750035,-0.46607361856056345,-0.19104355518697996,-0.5901398563912773,0.4212007057418028,0.2572587210972803,-0.11143340231380688,5870.87823759835
Guyana,Mortalidad_Media,-1.5667470682418896,0.3191513034260343,-0.37228528156772017,-0.11846919450115163,-0.6012070068615618,0.6008973225511873,0.5562665510373567,-0.16740490888122295,5640.41560569466
Guyana,Mortalidad_Media,-1.6021212151745623,0.28456740559499905,-0.3327239738653558,-0.19687479831046237,-0.6087827851598836,0.4724432166479875,0.556876311381252,-0.15341663280399662,5472.68820452237
Guyana,Mortalidad_Alta,-1.7038879849073327,0.3530655582837851,-0.40915823584567684,-0.0410495314086568,-0.6184665530409206,0.5069770155680066,0.544569514242501,-0.1916227573580545,5556.91231156932
Guyana,Mortalidad_Alta,-1.7249912714066529,0.32261589053244394,-0.340686751435953,-0.08832250456892932,-0.5733291639626283,0.5889306891486689,0.4379542516244577,-0.19062608678634493,5444.39751913913
Guyana,Mortalidad_Alta,-1.7080721659971154,0.39336018199890227,-0.43738538890541095,0.0055187602696637915,-0.5619982222983647,0.5005263040859586,0.5277937478896003,-0.1806741042739056,4947.22170589917
Guyana,Mortalidad_Alta,-1.89812869480574,0.3901033779174908,-0.40069919985297436,0.09726319195645933,-0.58410852518899,0.6726596862274911,0.6069073260511817,-0.21373775272628218,4581.76179693492
Guyana,Mortalidad_Alta,-2.035158374378877,0.32080730413575353,-0.29358718425840713,0.05362713083149668,-0.6189377098706682,0.7962828219942836,0.5526561267919279,-0.2083936215370271,4209.13230624565
Guyana,Mortalidad_Alta,-2.122752330407833,0.4472868247603253,-0.4473281031520692,0.2924058294121292,-0.6191655955594415,0.7806925343158042,0.7341320701189906,-0.24942804394366394,4008.9628671603
Guyana,Mortalidad_Alta,-2.1530308105874227,0.3257911545507902,-0.2759699417552581,0.08776667234700766,-0.6071030292130716,0.7992246998071085,0.5845587722321313,-0.223093022522662,3608.28685240188
Guyana,Mortalidad_Alta,-2.246679841833239,0.3926665832213824,-0.25886727503783374,0.22948121188182158,-0.440745701830867,1.0891847706627522,0.6657504603584793,-0.3137168119970804,3135.60553528326
Guyana,Mortalidad_Alta,-2.165985491298449,0.4019829087484236,-0.35597125892120646,0.21965391875147683,-0.5723498574333611,0.8586151563126595,0.2622931553759653,-0.2552966390115016,1084.06541388904
Guyana,Mortalidad_Alta,-2.380888201170565,0.441451861300269,-0.40505050749172045,0.41977838532480644,-0.6737928012103162,1.021479963180038,0.2838024731979078,-0.2737844343653517,1033.31030902188
Guyana,Mortalidad_Alta,-2.421596359494581,0.42222245110847073,-0.35320895572202926,0.3890741133363415,-0.6335496348853923,1.0565022717717572,0.3140540033528949,-0.26704430427055975,973.742598054188
Guyana,Mortalidad_Alta,-2.4231296361135364,0.4170950744596104,-0.3681041754186323,0.3892211826261391,-0.6806619599065196,1.0189670884663662,0.19652816537386242,-0.22130360724505854,950.866932470993
Guyana,Mortalidad_Alta,-2.388383009776977,0.42428439794398404,-0.39096884349329974,0.38337754943641345,-0.6921618261949688,0.9616561288030594,0.12876165828583913,-0.16857200146473833,931.574723847673
Guyana,Mortalidad_Alta,-2.4625541379630826,0.44321550972773144,-0.4130974705628746,0.4464485821532926,-0.7161408622494162,0.9740822507967425,0.08585718287321474,-0.1668655512788953,931.796651718955
Guyana,Mortalidad_Alta,-3.721980696956202,0.45936010129725924,-0.5305647291935739,1.0912167607398555,-1.4390752659857082,1.0370570622579176,0.5966400148886527,-0.17525309959128516,819.668541584905
Haiti,Mortalidad_Alta,-1.9208944444617504,0.1387094204670899,-0.0548523169991001,-0.584536691511921,-0.4407526901220392,-0.14039547663645097,0.39384222572698047,-0.0414904259317009,1760.62635668777
Haiti,Mortalidad_Alta,-1.757161414187648,0.1932537153463663,0.034602153709687174,-0.6719850888634509,-0.01566066850696458,-0.02251341894092423,0.3765331471572452,-0.1544609538441585,1835.44394078496
Haiti,Mortalidad_Alta,-1.6438238883277907,0.1714977913524053,0.08001562598562442,-0.7684585006788932,0.0591358690570944,-0.027484810839760017,0.45597921098964844,-0.038600322469875804,1290.32538667383
Haiti,Mortalidad_Alta,-1.6138184639402084,0.14957167748507533,0.08472382269207276,-0.8261276558135127,0.023595199843151983,-0.135552943137667,0.45478918827422155,0.05335965435836447,1352.17204191532
Haiti,Mortalidad_Alta,-1.5794487798223042,0.20248080160679588,0.05166379257113421,-0.7570791782863551,0.10605725579976213,-0.04741833631207022,0.2994189749524847,0.0642215152660031,1496.38048970156
Haiti,Mortalidad_Alta,-1.7117785171385573,0.16402836301409693,0.07533813046335913,-0.7919873676311845,0.017477449810277948,-0.20661391988674782,0.39883458615762146,0.09376180665014185,1395.23945184461
Haiti,Mortalidad_Alta,-1.7360157015198532,0.17440010588978327,0.06883341879333242,-0.7904506532675881,0.032774383831130766,-0.2700335524256766,0.3193510074571171,0.10042973375663211,1318.40268167953
Haiti,Mortalidad_Alta,-1.7583433118104115,0.18549708267563997,0.04977862917697314,-0.7690105434403423,0.01565146430281987,-0.30655804710146844,0.23608085606118806,0.1394607748763714,1411.12684746796
Haiti,Mortalidad_Alta,-1.8690965578739218,0.18425562987565175,0.04981604143589862,-0.7356249289716946,-0.023100534129585425,-0.34162424011300685,0.27439339755973935,0.15305958539665115,1460.18898613914
Haiti,Mortalidad_Alta,-1.9621537952535304,0.2164771225721962,0.04421042046897936,-0.6500896915979066,0.017317251057604493,-0.25038928811667244,0.29824572600365806,0.13857800371352524,1457.83221179626
Haiti,Mortalidad_Alta,-1.4835880541837538,-0.913919168117365,0.8408810784210502,0.677097291367192,0.3035069422839854,-0.5093380552950817,0.1983986936413896,0.10848183836380394,1361.39396587374
Haiti,Mortalidad_Alta,-2.0693665653927784,0.23743883339412702,0.07219579958703773,-0.6281038306705391,0.11183849596657777,-0.26648464455093535,0.304538201132467,0.11059773134673563,1312.03953552013
Haiti,Mortalidad_Alta,-3.2449725367398923,0.47287181703931963,0.3289037119500255,-0.5382466012164825,1.151431933632477,-1.085517832842871,-0.12255685317632752,-0.4221575773825717,1209.72733503094
Haiti,Mortalidad_Alta,-2.0781769701237707,0.22013434960976785,0.08910369114043001,-0.6856055816535435,0.1076333565988646,-0.3945052103128964,0.27650756364133067,0.19810715831741454,1196.8528706018
Haiti,Mortalidad_Alta,-2.083190315353304,0.24873723851742593,0.07687078663948482,-0.6514179115533211,0.1604811417487773,-0.37042789883574095,0.18071917369354992,0.1966780782981542,1094.66058421644
Haiti,Mortalidad_Alta,-2.1052218923992223,0.2508105575087733,0.11190993853285519,-0.6726415245604266,0.2404812519245904,-0.3679129882840118,0.2435592089265327,0.20305979956875536,984.566983448521
Haiti,Mortalidad_Alta,-2.128198355831815,0.22647808532349684,0.13055461208679184,-0.7447103401069447,0.22332021025711307,-0.5431918640300832,0.22722254627303717,0.236976872836523,828.805700289589
Haiti,Mortalidad_Alta,-2.1297256978746875,0.22326156884614,0.18466891542694078,-0.8044620925308338,0.3444923905149554,-0.5735657411633881,0.29192413272060463,0.23088950512981396,775.845704056916
Haiti,Mortalidad_Alta,-1.9963141112940117,0.2892363564282629,0.19874935559388476,-0.8414716943977216,0.6279028434518859,-0.5759447992131507,0.017213085644735095,0.1388001107347318,683.185298155273
Haiti,Mortalidad_Alta,-2.2335667992062964,0.19371910582716378,0.2261644053558779,-0.8931013720539519,0.34614637585871,-0.8342832305482868,0.30167785833631927,0.27613582249955404,578.995291079709
Haiti,Mortalidad_Alta,-2.1492952869297293,0.17740942151132447,0.3093803996514272,-1.0447441517910787,0.5339807183840448,-0.9486156578346103,0.3532720371457132,0.295702895555061,720.969568042522
Haiti,Mortalidad_Alta,-1.8036393592613642,-0.9721206568147152,1.1040446701838913,0.3029474426015737,0.721284389772647,-1.2925980691763075,0.31907696119168016,0.2937531429040638,748.821159844528
Haiti,Mortalidad_Alta,-2.33989009767575,0.22223534599546904,0.3123844504341571,-0.9422085775037864,0.6065855116481901,-0.9265117994925619,0.34689971962833926,0.32853156927873417,820.600046761464
Haiti,Mortalidad_Alta,-3.364593434045873,0.4615973533717292,0.06291546971040003,-0.07931972598268268,0.3231198336711467,-0.579146851576639,0.02409569224637544,0.44539272166867516,372.006104665125
Honduras,Mortalidad_Media,-0.27276656495675694,-0.0761717558742971,-0.11128821703056588,-1.2197149786251047,-0.6802656232529046,0.10847422704884033,0.47650792313741813,-0.09580736725934867,3003.28996826399
Honduras,Mortalidad_Media,-0.2777230604117176,-0.023673077155160274,-0.08031791752398595,-1.2546927864265418,-0.43528626762044964,0.007514802933573387,0.25659576488637265,-0.31487533532583667,2735.14751503977
Honduras,Mortalidad_Media,-0.2516298487578943,-0.04746874936083043,-0.05045733014360459,-1.2782489098276613,-0.43631117379674195,0.08946512343893905,0.41043666192455636,-0.21913778084835073,2307.61494319511
Honduras,Mortalidad_Media,0.2232884266875483,-1.2472691349787175,0.7091572396985396,-0.009693335052207892,-0.4395893890208448,-0.38547738527044395,0.3731267397980716,-0.09787998403906652,2502.32744328073
Honduras,Mortalidad_Media,0.1992326297746753,-1.2134301425055023,0.694995756732049,0.06759580721356559,-0.3872261723600713,-0.25384907320926453,0.3377361652094348,-0.11290619878983048,2464.64241531918
Honduras,Mortalidad_Media,0.1947538115686898,-1.1724772798954273,0.6875237678170574,0.1431551177487191,-0.295754234958266,-0.09301663637132812,0.29270987205373356,-0.13850876911143828,2413.0076562942
Honduras,Mortalidad_Media,0.20130563949844135,-1.1989795556537524,0.7204281837769627,0.05068724338974692,-0.2794458125021519,-0.2528269772579721,0.3789910623498378,-0.12707804600247508,2307.34468351082
Honduras,Mortalidad_Media,0.13778675865418535,-1.215930386137613,0.7378216296523509,0.022032783577149183,-0.2978702327601675,-0.35266965228560204,0.4575135466709682,-0.12733372919855668,2271.20265980349
Honduras,Mortalidad_Media,0.09782057557740212,-1.2475871828174712,0.7948723069252016,-0.052197352494831435,-0.2636542834816745,-0.42555133814791263,0.5533152384798166,-0.13293194122283158,2179.88171977271
Honduras,Mortalidad_Media,0.15775208389046033,-1.229738607586088,0.8099993550909029,-0.07516916124694238,-0.15737584589928016,-0.4055612797373834,0.51245420383746,-0.14484099527201677,2081.12843527945
Honduras,Mortalidad_Media,-0.029079405021207434,-1.216312903350889,0.7688073689806358,0.05223687287684593,-0.2746709953973661,-0.37343776316525956,0.5268989293221532,-0.15276953202729027,2126.03474686503
Honduras,Mortalidad_Media,-0.074904023092566,-1.1966550826389397,0.7657948147119855,0.09710786052144854,-0.24117682171154253,-0.32380323314134474,0.5167833258067868,-0.17241041565683388,2073.66121088074
Honduras,Mortalidad_Media,0.08654847749618773,-1.2153034934404978,0.8207784691591072,-0.06898405942155739,-0.10914876202292659,-0.46899283548569803,0.42155296292336103,-0.15811628244833395,1893.32722662035
Honduras,Mortalidad_Media,0.10266548421752944,-1.2250253126112778,0.8307409371303646,-0.10999378346776488,-0.10860312543542677,-0.5429033960871802,0.4116384641656574,-0.12425095905522518,1781.15703614674
Honduras,Mortalidad_Media,-0.008764155077591087,-1.2020882318890567,0.8025750225440129,-0.008103634140723933,-0.14209860985809036,-0.4707326220061635,0.4277091585512127,-0.1309438745966094,1732.49062702803
Honduras,Mortalidad_Media,-0.041334913488957875,-1.1768943882792464,0.767352528175376,0.057328680270390946,-0.1649369481862343,-0.44578648352545763,0.3381425546181742,-0.11472396231485868,1577.73789197407
Honduras,Mortalidad_Media,-0.1617926898190349,-1.1869784734459168,0.7475198345170756,0.09721484661697351,-0.2764320299879119,-0.5178765279660847,0.3261584370104519,-0.08896848422768934,1425.84780051892
Honduras,Mortalidad_Media,-0.22660001532558155,-1.1795689771868718,0.7476143791807921,0.13552150148421477,-0.27759325864299983,-0.4863122154832542,0.3276322352329601,-0.08576491959703386,1304.70039153826
Honduras,Mortalidad_Media,-0.17778174111626482,-1.134344521962698,0.7268206186439881,0.1833134960461563,-0.18520778430359316,-0.40059717921643245,0.21308927489682425,-0.07830951545113178,1215.13995412761
Honduras,Mortalidad_Media,-0.19772330942834354,-1.1288078069787795,0.723901496385082,0.18799089879176498,-0.18342226757151578,-0.4314255118529087,0.15325428937973365,-0.05357754368534549,1156.08162681357
Honduras,Mortalidad_Media,-0.4321263802855765,-1.1922694079927258,0.7399056873028621,0.17188938889705177,-0.39158047428462567,-0.6452579267801356,0.3127241207767872,-0.01215849153838213,1132.49965345317
Honduras,Mortalidad_Media,-0.5555393469960307,-1.1672286676868413,0.7067737456776486,0.28145620841457997,-0.44006114947217656,-0.584486431166546,0.2865761556951968,-0.006451672346885648,1132.1648753329
Honduras,Mortalidad_Media,-1.1693556863217696,0.0256557931691097,-0.13159928704668183,-0.8779086393408726,-0.6986312808488288,-0.1733117251999262,0.2876364167288724,0.022715041050109804,1092.56400746252
Honduras,Mortalidad_Media,-1.0315399017025875,-0.9251071779885016,0.5908047854987543,0.8995259540582308,-0.22832339877026486,0.09290446615639208,0.13919974844439198,-0.03129247740655041,931.669547257738
Hungary,Mortalidad_Baja,1.4257536608242376,-0.8735610071991341,0.19255761874199967,0.24315069505142162,-0.3729790728412246,-0.30122111148795094,-0.026959002641373086,-0.13235043863333257,18483.6366867035
Hungary,Mortalidad_Media,1.4134560451606533,-0.7998245637566312,0.15280922124975038,0.3279122885546707,-0.19884458635987967,-0.2500567535532051,-0.12891099159210942,-0.28099433067837215,19030.628130329
Hungary,Mortalidad_Baja,1.4249143084929992,-0.8347754063324685,0.15586000563177493,0.3165839552817562,-0.3147604779912394,-0.21515875690526526,-0.11293969381077314,-0.1706201855753882,16386.9308821258
Hungary,Mortalidad_Baja,1.24910570175364,-0.9380083373580814,0.16917062720389447,0.23546745152751633,-0.6273986744991626,-0.5205269786919479,0.13879262459214947,-0.06297417735494806,17012.8598553199
Hungary,Mortalidad_Baja,1.2313365164181092,-0.9256489130663655,0.15469007938661308,0.2697744358510188,-0.6135109073739373,-0.4833998452427133,0.0974427645910502,-0.08241175058538411,16605.0570511887
Hungary,Mortalidad_Baja,1.291919400236887,-0.8830339965563303,0.13724355205761238,0.32150917181687294,-0.49129718140765416,-0.33756925738258853,0.0030317106359681904,-0.11713056620808873,14736.1668157258
Hungary,Mortalidad_Baja,1.4893883956631018,-0.7943982615906104,0.11540685277875111,0.41565857267353074,-0.24182353723310626,0.03663682045703227,-0.25206744324313357,-0.1294128225705188,13215.8605277789
Hungary,Mortalidad_Baja,1.4166299626865857,-0.7813496027440031,0.0894597995296248,0.4752970075975734,-0.29071752713341786,0.04027601141971286,-0.33421964058473563,-0.15384062885672323,12782.9412577973
Hungary,Mortalidad_Baja,1.3266823084105968,-0.8551337614912361,0.14867128348204303,0.38173813705200443,-0.382417805996673,-0.08419926706457942,-0.2051237427300646,-0.11698517229508287,14352.501883174
Hungary,Mortalidad_Baja,1.2877506514252859,-0.8789217198236168,0.17436865097436177,0.33618639435785364,-0.4010682363580819,-0.17239550020503072,-0.14089024177035497,-0.11941845689109803,13739.4620151401
Hungary,Mortalidad_Media,1.2806246750071424,-0.8531775709724497,0.15658703468793045,0.3684159896867309,-0.3660717210188989,-0.17007120879633697,-0.17830276884410481,-0.15648010105746993,12950.1594488143
Hungary,Mortalidad_Media,1.3712261678876794,-0.8088055828093106,0.1485851712850172,0.3845529310364357,-0.22207384631932908,-0.09157087103312272,-0.21321936142237458,-0.18403855163282842,14211.460557822
Hungary,Mortalidad_Media,1.405560645387118,-0.7846740307849563,0.17458314865181124,0.34693196791146663,-0.176419673172684,-0.17987908445159537,-0.2561552007614894,-0.21984040904277807,13189.8433874768
Hungary,Mortalidad_Media,1.4203559834618527,-0.7793069044121558,0.1974825136804472,0.3376913622847751,-0.11166470477092635,-0.1274471933493278,-0.30798268217412367,-0.24204090440996204,13051.1831777184
Hungary,Mortalidad_Media,1.3692579761891,-0.7732474386323913,0.15985478217922772,0.380810409908417,-0.12702764742839565,-0.14873803822292408,-0.26915196419320003,-0.25492580166461093,15762.6322515113
Hungary,Mortalidad_Media,1.2872430921422273,-0.7740675031766755,0.14815578560424106,0.401809639673644,-0.17014048368585102,-0.2187922738866418,-0.26665180309478914,-0.2797077796721229,13934.605460375
Hungary,Mortalidad_Media,1.256193972287018,-0.7847163330058288,0.15210153136100216,0.3854650661148691,-0.19100835267122332,-0.2850161695634109,-0.2122898615707947,-0.2716210286825863,11478.4891640501
Hungary,Mortalidad_Media,1.1983680302940254,-0.7720527651949447,0.1286864154382323,0.43311790144845197,-0.2027376329749894,-0.2832417813078093,-0.2452373724855755,-0.2965649499907098,11212.2046968994
Hungary,Mortalidad_Media,1.134628511590035,-0.7883416507922029,0.13618086589754252,0.4640637185707366,-0.2171642101199384,-0.18714636237300405,-0.28824167369168424,-0.29134363779199923,10291.2694721409
Hungary,Mortalidad_Media,1.240457076041192,-0.7548812327352707,0.1659430495172447,0.4316449621917658,-0.054927990986570224,-0.13411215741068042,-0.35357153241388406,-0.31729266929218475,8410.09248198479
Hungary,Mortalidad_Media,1.1949955969272583,-0.774725372498667,0.1788106332705397,0.424174860519969,-0.06663244334561746,-0.1317362173070028,-0.31392740153301524,-0.3050886685337361,6658.04494326809
Hungary,Mortalidad_Media,1.1124085081372712,-0.7654792145017498,0.1448925882924909,0.5010152741996946,-0.10936120890032071,-0.0847046277527434,-0.33428059663614507,-0.30327652563668367,5280.94887987063
Hungary,Mortalidad_Media,0.9767335561240544,-0.7691141707196134,0.14208523057569983,0.5339358798708456,-0.15854833210656147,-0.15017969334624814,-0.3760440579891677,-0.3504027542030012,4629.91760812548
Hungary,Mortalidad_Media,0.3000843688318271,0.4439917738144945,-0.6817415091655754,-0.6129252939707618,-0.2678815072001155,0.26584502238120444,-0.3341364379078372,-0.40708417932618707,4509.41740910077
Iceland,Mortalidad_Baja,3.5807926739943583,2.291726799094364,-2.987239924748141,1.009470339033271,1.1541629195312981,-0.4165381188509203,1.300499665466004,-0.05494848221491738,75121.0152280628
Iceland,Mortalidad_Baja,3.7311827287846477,2.3102940205565896,-2.9801872133171816,1.0080546742205507,1.2521537255053508,-0.2326067676568218,1.2435799546392523,0.003568714256995466,69178.4046960961
Iceland,Mortalidad_Baja,3.745300930431591,2.343331343559093,-3.0287902383820775,1.0498736724078046,1.2871517183120929,-0.26739510896963015,1.3205435817426117,-0.014110393178768105,59023.5663465778
Iceland,Mortalidad_Baja,3.7461345765247285,2.3655474161787464,-3.0943319543171155,1.0426718768200842,1.2196924136192124,-0.5530143165431736,1.5465245877495186,0.0047165891679474235,68452.23622306
Iceland,Mortalidad_Baja,4.142774003647003,1.2369768215617887,-2.396541165656006,2.386677175862853,1.269695369823619,-1.2021280382634203,1.687199634208107,-0.01631589375110465,74452.1890731447
Iceland,Mortalidad_Baja,3.9191046240869474,1.0414152594337014,-2.1764859143312822,2.166739736274559,1.086904761534023,-1.225120787794371,1.6513707345403668,0.0059159469604435485,72010.1490316258
Iceland,Mortalidad_Baja,3.9391194353338217,1.0271425511357688,-2.103845032493738,2.1610180847361806,1.2508976819144475,-0.9247074760020959,1.474634952416096,-0.05284393203201267,61987.9263620283
Iceland,Mortalidad_Baja,4.0046160149650945,1.1821897712786689,-2.349127977014615,2.397836626873634,1.2515305044875729,-1.055044571603448,1.6530156642327605,-0.05499865774826155,52951.6815110898
Iceland,Mortalidad_Baja,4.220815412213712,1.3767872722081034,-2.574819404692651,2.6360231520906385,1.3965490190786085,-1.002043036138525,1.6424207014389782,-0.059280798954391756,54576.7448146565
Iceland,Mortalidad_Baja,4.141673025202394,1.4144896158800728,-2.635621452413069,2.72171649876501,1.3851587478620584,-1.0566754384130657,1.6761082187339518,-0.1226668537486407,49804.9829978371
Iceland,Mortalidad_Baja,4.097206463029986,1.3502168464534343,-2.5664578494760777,2.7017284299283992,1.327608539408989,-0.8455928902112146,1.59898027066639,-0.06426469119850524,45995.5478789467
Iceland,Mortalidad_Baja,4.143211870440542,1.4506586926221259,-2.683346135101268,2.833072239750372,1.3856962655167577,-0.8759185956422447,1.5714263881065025,-0.11532731723682017,47714.5922308485
Iceland,Mortalidad_Baja,4.061709688557236,1.3131662563775595,-2.4613952143562035,2.639647281502924,1.4167927681782386,-0.7037609057847809,1.3990633260321905,-0.13548380426043152,43237.0729488958
Iceland,Mortalidad_Baja,4.333772418811809,1.4380876838249577,-2.5467134802254536,2.64264518833203,1.6868583417542646,-0.8290848768258069,1.5376228986086948,-0.17157031078549217,41301.273219718
Iceland,Mortalidad_Baja,4.241194428187021,1.4291520826208481,-2.5484671300727704,2.7370916814068167,1.5589356869991675,-0.627503083613135,1.1928994837635107,-0.16135210947481834,56943.3704468563
Iceland,Mortalidad_Baja,4.080155347180444,1.1464493530139952,-2.1305409710956718,2.351544094541017,1.5054151273011367,-0.3685152692246253,0.9056139087822154,-0.13472183225802317,69495.7267376825
Iceland,Mortalidad_Baja,3.6761849896905865,0.886546908746641,-1.86324391652857,2.20644898416067,1.1929418353364667,-0.08160317215188001,0.5811013998077588,-0.11492816519451614,57492.9342498703
Iceland,Mortalidad_Baja,3.5086106692490024,0.5688614644678157,-1.4140683853333273,1.7907273781756115,1.1385845348526347,0.24169005337946825,0.3420705281564168,-0.05885361878217436,56794.8501588953
Iceland,Mortalidad_Baja,3.4178167896057903,0.5583439225279581,-1.4144356465285461,1.8042776487019838,1.1155806552368726,0.198948918813957,0.3912464608176071,-0.09095802659900437,47334.9306537723
Iceland,Mortalidad_Baja,3.363033397718231,0.5636092594644597,-1.4384049379234871,1.836929070047495,1.109258493727087,0.16902565067185607,0.5257576458969263,-0.10263131982941799,39476.6978486684
Iceland,Mortalidad_Baja,2.802705955024347,1.7519927455328368,-2.274065499439447,0.6363060645859925,0.899058957337183,0.5432470116546132,0.569843330916293,-0.12513142110244754,32409.2161491753
Iceland,Mortalidad_Baja,2.732143909633865,1.7453337891706107,-2.2908686659561575,0.7037116057974319,0.8004873320692393,0.6387686827422597,0.4402970208583545,-0.09858101519320873,28897.4439396908
Iceland,Mortalidad_Baja,2.7698940634948297,1.8294162787559634,-2.371190228211281,0.7767096714230128,0.8925198841820554,0.5404662109761786,0.4237626123645197,-0.1734924205477823,32096.3722613695
Iceland,Mortalidad_Baja,1.2796957224169254,1.096648953642139,-1.8264223887000044,0.2573565252578711,-0.4766931292058797,-0.2357729621480232,0.7984834636119251,-0.07952242809191039,26633.5913761549
India,Mortalidad_Media,-0.13389065225453853,-0.9382647943729794,0.5066327943495387,0.7026498885187152,-0.1869295644991333,0.3865297161989062,0.021735074388235805,0.0398774311236357,2347.44829434623
India,Mortalidad_Media,-0.8020669378045943,0.34537453715138555,-0.30462917252696625,-0.41782776597071136,-0.11285652278093306,0.8136540936726068,-0.23218291324563173,-0.2570754202787851,2239.61384367482
India,Mortalidad_Media,-0.7564795285839113,0.3142551458359265,-0.2987281807490536,-0.4116490350181588,-0.20964630343371135,0.9456093460334061,-0.06839346186683047,-0.02381079930036025,1907.04251637669
India,Mortalidad_Media,-0.5992489589555254,0.3019282940010683,-0.26670759910692354,-0.5385587217643001,-0.10841680810326847,0.8427419724606288,-0.09252452685245832,0.07408725989698592,2041.42863698585
India,Mortalidad_Media,-0.6761031061314916,0.3218455934584409,-0.3069408878059115,-0.47556936688596885,-0.16564751032887415,0.7933204255113536,-0.20286241421390983,0.10813904382456609,1966.25455171679
India,Mortalidad_Media,-0.8170470812098507,0.3150915570381968,-0.30224527573847443,-0.4451978076149279,-0.21808209118040173,0.7312373520272774,-0.16706359671399892,0.13252369701915395,1950.10468280866
India,Mortalidad_Media,-0.9652309447060132,0.2704352166861823,-0.27271384084091416,-0.49499249417062663,-0.3126819546584278,0.5290837173879458,-0.07598439558530119,0.17351722924679072,1707.50892912243
India,Mortalidad_Media,-1.0414671527021373,0.26602459781204163,-0.2578948643348791,-0.5064598609466754,-0.3085932929306357,0.4400873573645539,-0.06755082263879869,0.20412849504464742,1583.99815907985
India,Mortalidad_Media,-1.1928181971209848,0.24221769268843132,-0.2286322940650775,-0.5192259751103192,-0.35148669740687666,0.32256341911376607,0.03411490995151163,0.23158048242388787,1553.88396075118
India,Mortalidad_Media,-1.3064612975616363,0.25947481690805985,-0.2375399355282509,-0.45805048576868207,-0.36154482197971793,0.31920031428800366,-0.004628672450243407,0.2533875108242302,1432.84397512195
India,Mortalidad_Media,-1.3252531167671662,0.29271466304983357,-0.2442697840705263,-0.42219668897026436,-0.28728649897468655,0.3380354163622423,-0.09748075836724364,0.27382447566626034,1429.32199520032
India,Mortalidad_Media,-0.9565990883419259,-0.8506600174344274,0.5488597625374341,0.9257383347935215,-0.08051111106689,0.010626249960583912,-0.16900361507046982,0.2747388790992211,1445.46127486037
India,Mortalidad_Media,-1.4691608448164266,0.3387620057031711,-0.24978275064036146,-0.33633881252119413,-0.21497908904409363,0.3390685694373904,-0.20493855074176873,0.3162389975125936,1347.51939071367
India,Mortalidad_Alta,-1.0186507343834743,-0.8229623246660854,0.5849212094773435,0.9147454315816369,0.07006613996226699,-0.04511191890389257,-0.24249966566592862,0.31636248256584476,1094.94974598436
India,Mortalidad_Alta,-1.5656045385782056,0.3459155882906235,-0.19671457442639229,-0.3732144589467456,-0.0930381057183111,0.23659678915262466,-0.21751209588797757,0.3613072210620348,992.519584923828
India,Mortalidad_Alta,-1.749289989934187,0.3410486619750676,-0.22145121911718382,-0.3116673396444713,-0.2190450305341312,0.12798325605450123,-0.24036806941708974,0.40068170644104145,1021.88707706826
India,Mortalidad_Alta,-1.8224981547863481,0.3446945115694411,-0.20374669371117732,-0.31156858284348476,-0.18750315265923492,0.07792659318229643,-0.24023472308229285,0.4243347364178112,801.668353659022
India,Mortalidad_Alta,-1.8925170697435019,0.35579884381132065,-0.17390430097014592,-0.3029031340038234,-0.11040158407554038,0.08599244271888196,-0.20087972678552526,0.4310348297189372,710.488080408949
India,Mortalidad_Alta,-1.5321404240322472,-0.8087216711281456,0.6339071705742788,1.0036112729599937,0.07310580037245908,-0.3115003380939736,-0.22004741263740676,0.43302064699309195,624.258826510066
India,Mortalidad_Alta,-2.078660677671316,0.37650889196908,-0.1240161622519126,-0.25951065301974935,-0.0005976981347915715,0.0992753423578989,-0.10235758259083284,0.4457414244712905,544.143133545002
India,Mortalidad_Alta,-2.109483358505398,0.39847339564294726,-0.1160879757754129,-0.2443889412546568,0.07302712134535504,0.09624965197136134,-0.14514573001717634,0.461184665436233,469.149928973927
India,Mortalidad_Alta,-2.251905981555063,0.43641446243047755,-0.1141963189494141,-0.13651373048390691,0.12526040321461773,0.20863131038948016,-0.10228843862626381,0.4480070296394496,450.357900514128
India,Mortalidad_Alta,-2.336921617827858,0.46077363523730497,-0.1324192767293703,-0.07700421259649227,0.1258510590145839,0.1968030979057048,-0.16489589325005632,0.4739976556271189,442.750218937263
India,Mortalidad_Alta,-3.1845783490216473,0.42053981138475505,-0.13144365620726678,0.11344525145006241,-0.2512492278437837,-0.23960585288177239,0.06621646878843143,0.6024122569641077,375.17600537305
Indonesia,Mortalidad_Media,-0.15750994677517494,-0.9066279073448056,0.21246427442237828,0.947618947436306,-0.7595949210867613,0.2329400392015762,-0.43439818354438947,-0.14651915761340953,4730.83484836107
Indonesia,Mortalidad_Media,-0.354223405304978,-0.8989967886727636,0.29768838506535167,0.9149058456117013,-0.5771099280269277,0.1319205553110643,-0.44212387430542116,-0.39732591956885716,4287.17313995098
Indonesia,Mortalidad_Media,-0.30015910994022116,-0.9396490512081156,0.34107553030801985,0.8331314221106179,-0.58466175461655,0.12139879845816007,-0.2863149810331737,-0.28595666561865146,3853.70288774146
Indonesia,Mortalidad_Media,-0.16435961385878597,-0.926933449438212,0.3054216370137562,0.839259968421113,-0.5999875854995573,0.18129713208312134,-0.349706224284546,-0.1503470624686725,4106.94856160358
Indonesia,Mortalidad_Media,-0.16174434398467694,-0.8910475167827963,0.28711477812373765,0.9013761363813013,-0.5453789833873127,0.27947804688499467,-0.45341879097204496,-0.16288290193761004,3860.95353090726
Indonesia,Mortalidad_Media,-0.16130911614198276,-0.8805907391044681,0.3074317301591013,0.9069486181186586,-0.47489913919076604,0.3451884059363929,-0.4777514056340546,-0.16120237477711935,3798.88326174526
Indonesia,Mortalidad_Media,-0.3876503015291903,-0.9672918248503074,0.34823055311085827,0.8325960144092378,-0.6859338639855272,0.06075205738160528,-0.26778221245158257,-0.1260710012330069,3521.46943457574
Indonesia,Mortalidad_Media,-0.4586770241136754,-0.9770381699758482,0.3522691613500413,0.8348508274723452,-0.7241437771394194,0.0016874889024765369,-0.2534749009761827,-0.11318390801034729,3288.22269725538
Indonesia,Mortalidad_Media,-0.5814186860224949,-0.9932590839867799,0.33665744621792754,0.8559926225275091,-0.8392916224456238,-0.11385043276278517,-0.23688315193614606,-0.08836702274467183,3441.06808464008
Indonesia,Mortalidad_Media,-0.5975724814106226,-0.9662645612620614,0.321826642215986,0.9057071794740791,-0.8055714536694244,-0.05835289002265424,-0.3153450450313482,-0.08541491628008081,3566.60284506078
Indonesia,Mortalidad_Media,-0.6767154144195023,-0.9665742902564202,0.31073952516786246,0.929496143952782,-0.8529717773932208,-0.1193024305262731,-0.30826777100829367,-0.06621212908002243,3632.27254030331
Indonesia,Mortalidad_Media,-0.717155962350889,-0.9549842385688841,0.3080848790980304,0.9525100093446245,-0.8378188216152194,-0.12397543603634886,-0.32161909976038916,-0.05801239208325063,3579.46442466152
Indonesia,Mortalidad_Media,-0.7951710716742272,-0.9650522222848603,0.3263855989790519,0.9471919401762299,-0.8464326337109825,-0.1733898892188785,-0.2698480711475679,-0.05021861547529806,3065.68348377765
Indonesia,Mortalidad_Media,-1.0377352879951254,-0.9508140614665529,0.26003081648420456,1.1210820026320172,-1.0485262740916252,-0.14328025968110378,-0.28442243492850644,-0.024904290457914754,2218.48541852977
Indonesia,Mortalidad_Media,-1.0083600724955484,-0.9466104857241331,0.2741918088808631,1.0908586436066472,-0.9912835155678563,-0.16871805204678156,-0.35014249184273977,-0.002689977676501101,2124.55483920618
Indonesia,Mortalidad_Media,-0.9789514968605737,-0.9760507748599824,0.33230816309944433,0.9718117359427898,-0.9193252754352393,-0.30305242740742255,-0.2887468923997063,0.026293703221693235,1823.21976255073
Indonesia,Mortalidad_Media,-0.9988623560557418,-0.9888706815065851,0.35103426127145054,0.921638923638244,-0.9089287132031504,-0.4211449724502028,-0.281665099410383,0.05597295102406806,1558.31562847163
Indonesia,Mortalidad_Media,-1.0437406360541805,-0.9911390654110787,0.368268917559621,0.9122752048722593,-0.8880183996328074,-0.45755642206577735,-0.2550880389279207,0.0835097693348699,1238.21447629488
Indonesia,Mortalidad_Alta,-1.217032995359663,-0.9562430513946545,0.4244981864681958,0.932295836354015,-0.6999402953582193,-0.5007569019112774,-0.23100817174420896,0.01079633968272309,1126.84004447173
Indonesia,Mortalidad_Media,-1.1663355732487062,-0.9776723371956212,0.4237854669875866,0.9355903259747662,-0.7676532250445292,-0.3964051817500428,-0.13713307096567767,0.10239414034738395,1043.2105838671
Indonesia,Mortalidad_Media,-1.307224851893862,-0.9709103862748645,0.4183221127574269,0.9998191475848698,-0.8101572291845313,-0.3998406478869686,-0.08190172706493472,0.12577769567722158,881.002913569131
Indonesia,Mortalidad_Alta,-1.3967068516853316,-0.9459047010588112,0.38357156618145294,1.0759613389201363,-0.8477584463249911,-0.41305680827649327,-0.18653764201831527,0.15553426051177388,732.307093405708
Indonesia,Mortalidad_Alta,-1.5351948451810626,-0.8654206092231406,0.25116372672310183,1.328188708265735,-0.9810481683848812,-0.29335665575553516,-0.4743281927935022,0.19174319776454293,763.711124950924
Indonesia,Mortalidad_Alta,-2.189314760850038,0.22441735946743624,-0.26526439246876293,-0.29687280350270645,-0.765026149282243,-0.3532300091946784,0.03331206969397874,0.39775080209260166,1011.22614205568
Iraq,Mortalidad_Media,-0.4102907371162609,0.4523709694155314,-0.9310868057752973,-0.07553030505148843,-1.3593697525266717,0.21904073450273706,-1.3217029695556157,0.20078052012932232,6520.73154560584
Iraq,Mortalidad_Media,-0.6009130326334361,0.18774458879169445,-0.6009326425609514,-0.6412521571735369,-1.2777143510443176,-0.4355768076723026,-0.5614297714467945,0.142857331152391,4868.49431080783
Iraq,Mortalidad_Media,-0.41834382481018,0.05608961421852434,-0.2419804727914552,-1.1536216843187899,-0.6430942820425012,-0.5332553141869185,0.046758225153345156,0.016641446648232226,4295.18945121228
Iraq,Mortalidad_Media,-0.5855104311156349,0.16197859388411956,-0.5586376353171186,-0.7144983227724099,-1.2173578078182556,-0.4808965093467486,-0.4165663833417218,0.21202211756650555,5671.8568632942
Iraq,Mortalidad_Media,-0.5217350454237366,0.2042495830384277,-0.5542064307990487,-0.7004478631807483,-1.1577426020493058,-0.44651312561168127,-0.5511535473345253,0.22684552803988658,5646.68932074742
Iraq,Mortalidad_Media,-0.5979624921266818,0.14614531038180312,-0.4367295116562422,-0.8646843381904277,-1.056323227007231,-0.6337446879362684,-0.40306241457971503,0.15256881537750547,4759.2846435467
Iraq,Mortalidad_Media,-0.6503509254929162,0.07697725612233128,-0.3055913006029828,-1.0455870002751466,-0.879985498845253,-0.7516211675179862,-0.18942995870704626,0.08022200565991673,4334.42096404188
Iraq,Mortalidad_Media,-0.6046063438928043,0.05245106921010128,-0.28754522824043033,-1.0761547587682105,-0.8971883314407246,-0.6987132466939345,-0.13562430501579276,0.19274060521178257,4440.14189252367
Iraq,Mortalidad_Media,-1.046090857836562,0.1386981865747707,-0.5901570949810223,-0.5571023666995104,-1.4334005917866204,-0.5864285155490583,-0.48151106280190564,0.22328244966377592,6249.39226978969
Iraq,Mortalidad_Media,-1.0664796434325978,0.21641809189725908,-0.6674978338518698,-0.4102447567480523,-1.3951070350858294,-0.485490464801625,-0.6663827704106631,0.1943761344555773,6650.35282247395
Iraq,Mortalidad_Media,-0.3432114298415311,-0.7682613926496202,0.029363429869942843,1.1055298937988918,-0.8861430181362645,-0.33917995013927,-1.1701992402580217,0.13651933353083148,6477.59618450955
Iraq,Mortalidad_Media,-1.0960669180244045,0.341079666954885,-0.7922047592838007,-0.13904931888514477,-1.3486444774928517,-0.197767762878329,-1.0625581670030229,0.18159979592972192,5775.54229080293
Iraq,Mortalidad_Media,-0.9907206602874279,0.27162019150169553,-0.6041974653758565,-0.4245594880532044,-1.0659070368426258,-0.3208385952172869,-0.7727013417181089,0.15758736277658142,4461.75196161555
Iraq,Mortalidad_Media,-0.4772890945185244,0.44046505422929455,-0.5469314159231069,-0.42017835903208633,-0.3245851833705076,0.278132528541582,-1.1010145677565775,0.07362401499900649,3714.71205987194
Iraq,Mortalidad_Alta,-1.1739736174726547,0.35865842213969784,-0.7205244867785777,-0.1862053942068558,-1.178466062931863,-0.27426136029880993,-1.1839799015948966,0.11126356114685461,4542.96609046032
Iraq,Mortalidad_Alta,-1.0724370898137339,0.4663618684158555,-0.6928291713979166,-0.11654681289200423,-0.7407599958188166,0.03405734612736571,-1.382623340106584,-0.07273819226281508,3128.99010329066
Iraq,Mortalidad_Alta,-0.9752414064076634,-0.7834528498451118,0.08902312625490069,1.2017567009330534,-0.9072870439476657,-0.6018156298884021,-1.2090130256385294,-0.06304788054290077,2276.55435744086
Iraq,Mortalidad_Alta,-1.4935279443469214,0.4354619343644548,-0.8069831146091725,0.10672214733896329,-1.1873601634324646,-0.06410176451518634,-1.2748304428486337,0.024113748769080873,1762.39360423421
Iraq,Mortalidad_Alta,-1.4945679288787987,0.41589157461303705,-0.7579605133500541,0.02594992177613108,-1.1225401180891967,-0.1551343452811102,-1.1774236041021346,0.022601670716784775,1328.37157628292
Iraq,Mortalidad_Alta,-1.9618083674727333,0.4565003683821783,-0.9879021855697044,0.46539083550089416,-1.6897725728232058,-0.0706866431735776,-1.380135336406451,0.08456249325589693,817.887862499622
Iraq,Mortalidad_Alta,-2.29300682747369,0.3891539990289706,-1.0878047292069544,0.5664196233498332,-2.2037842783787296,-0.3795304806703348,-1.2169587318150992,0.21781070093513272,1266.15961275094
Iraq,Mortalidad_Alta,-2.3092014749330585,0.4198785131274066,-1.1561628287640469,0.6257775928479361,-2.267540724422707,-0.464156893729713,-1.3825115269359491,0.22960531870783835,1435.695683789
Iraq,Mortalidad_Alta,-2.4314233853217067,0.4541081279903107,-1.2881447660360392,0.7993189721418879,-2.514261677885214,-0.5045124124006402,-1.7441862637340324,0.26361929588908123,1980.18916038782
Iraq,Mortalidad_Alta,-2.571601781965889,0.7046540401637743,-1.1710981395360929,1.207365795545738,-1.6708787766660609,0.6015012731224444,-0.9596430205975613,0.05434469475671319,619.135530927038
Ireland,Mortalidad_Baja,2.3491990134697733,-0.4847342125277978,0.07590128284243101,0.6322530506601598,-0.09073224283744988,0.8635977182437389,-0.809191516790529,0.27608716709634595,105234.511567597
Ireland,Mortalidad_Baja,2.433391890377649,-0.4394123801591002,0.13382331739696499,0.589592094283143,0.012033757815307836,0.8452972802165198,-0.777191420425257,0.2452534084974549,103961.976350649
Ireland,Mortalidad_Baja,2.4748204743585887,-0.438541684649017,0.16563130527347147,0.5595461174924339,0.0414406885254953,0.8707538685838737,-0.7715324874025867,0.2539892870487544,86622.5067251295
Ireland,Mortalidad_Baja,2.4738359594631354,-0.45715571428659,0.2208816602657143,0.47020784576974345,-0.002527260287733417,0.704632341978986,-0.5997996611596461,0.2780005663552697,81810.1926481407
Ireland,Mortalidad_Baja,2.4418686462355708,-0.41179586310951793,0.18896487808574444,0.5475108524066455,-0.018920784600713014,0.7191445694394093,-0.6743082044702148,0.24153636152914798,80738.9628834696
Ireland,Mortalidad_Baja,2.3808178552350348,-0.48225836555166923,0.08931108574043445,0.5708699528051951,-0.03336796574139005,0.7276513365005857,-0.6682887770965381,0.2400615056945577,72198.1076995377
Ireland,Mortalidad_Baja,2.308019731345861,-0.45905129127431027,0.1377716092090206,0.5536965317338391,-0.11604438755792522,0.5664260350849675,-0.5995797374768126,0.21956664190913616,64192.9418053178
Ireland,Mortalidad_Baja,2.207315285850677,-0.4647627663215714,0.13497760025277747,0.591817892496601,-0.23166051043917973,0.5369127246230063,-0.64173052488071,0.2206800658071013,64311.8234684057
Ireland,Mortalidad_Baja,2.6282540193835877,-0.6006045524703976,0.45056792654280986,0.014930866285958732,0.45962059474319095,0.4525379836609073,-0.19075509439200156,0.16466115105593718,57278.2590911107
Ireland,Mortalidad_Baja,2.645163872603053,-0.5545980429653367,0.48225983949702805,0.017563365006613575,0.48733295281849376,0.41777053135280995,-0.19183374602190117,0.13362823964731038,52619.2123745817
Ireland,Mortalidad_Baja,2.703135159893589,-0.4753875795349648,0.4478132522498453,0.11944568295375284,0.5442662737232078,0.5529393069221518,-0.33367142666123945,0.11626261105675184,49411.7387476787
Ireland,Mortalidad_Baja,2.6646290645498794,-0.5204926520729704,0.3810255154663425,0.13709598842652293,0.5514109515116641,0.5703474633008095,-0.33915983279490236,0.11123113248119566,52692.7813135606
Ireland,Mortalidad_Baja,2.690271885399355,-0.4520214178144745,0.42657831974801474,0.12567026097048384,0.5178569512355384,0.4185781321841524,-0.230289024361891,0.11790931623244982,48679.4026820361
Ireland,Mortalidad_Baja,2.5922243862556877,-0.2449241228949827,0.547268935104013,0.2815472169941781,0.28497671624372367,0.3429990165777672,-0.344754948581538,0.0956718874331216,52133.0909237885
Ireland,Mortalidad_Baja,2.498581216206717,-0.3949172401651771,0.3207987575270142,0.3187212321958771,0.28812973852346224,0.34543914113429897,-0.3375617476875877,0.09645556762708152,61353.1065629523
Ireland,Mortalidad_Baja,2.358374768897737,-0.4178217221274766,0.14972091857043412,0.47582587024773776,0.18399565418574806,0.38333086592191495,-0.4554468426298374,0.07400027179474723,61396.417461176
Ireland,Mortalidad_Baja,2.291903144566821,-0.35882727868823056,0.10681911009495397,0.5977002640261055,0.10679073752366201,0.41813513837720234,-0.5814199087463161,0.05474571562964758,54329.1618599624
Ireland,Mortalidad_Baja,2.264962814286315,-0.3709188571751613,0.06149494340429235,0.6178463163826279,0.13126905539107586,0.4072326592137711,-0.5821550314609699,0.039540465028548646,50933.0216095589
Ireland,Mortalidad_Baja,2.066263753925819,-0.48075309520127274,-0.037374277059782406,0.6292794781664741,0.004721032012399415,0.27512382847005573,-0.4867020813779895,0.03478373098279476,47754.2023194244
Ireland,Mortalidad_Baja,2.123992899056117,-0.4164171286143733,-0.05294694330489981,0.7042895665683989,0.11925460836180023,0.4331893894385006,-0.6535902785575153,0.0009830967395905688,41203.5295847568
Ireland,Mortalidad_Baja,1.9449193129816444,-0.41681075210258955,-0.17375397893312144,0.8451824340013366,-0.041646155174115476,0.3726953773572595,-0.6965235216708923,-0.011309770790308737,32705.4345565698
Ireland,Mortalidad_Baja,1.5873563005599554,0.7872050569769065,-0.9721777556696415,-0.4431745299125711,-0.00565957763407831,0.8370090704631851,-0.725259593083502,-0.046885001042865845,28282.409882073
Ireland,Mortalidad_Baja,2.126680432158177,-0.38536061547340245,-0.1256771605179296,0.7833408927236976,0.4072939146531504,0.6012506382618198,-0.7522917308949958,-0.12885248523419912,26334.5672050501
Ireland,Mortalidad_Baja,1.3336025224035897,-0.7794024309998174,0.07826197576381946,0.47576909834470416,-0.2156239275478078,-0.07026148313543265,-0.05279164801218012,-0.1325593775412563,19158.4564773907
Israel,Mortalidad_Baja,2.1677772208483144,0.4378466317213386,-0.19016787474755154,-1.529604446830143,0.1458669912351407,0.5770394997614016,0.14061940034111467,0.28821274306417743,54949.621556429
Israel,Mortalidad_Baja,2.8038623993942613,-0.6777923481875521,0.574177831208976,-0.18678260777163724,0.6096786401285577,0.5410100570146741,-0.08218326505717768,0.2212445341802655,52270.9040241956
Israel,Mortalidad_Baja,2.803105527378615,-0.677009409263143,0.5489172024883765,-0.16212410930453008,0.5963766784585847,0.5634743292909993,-0.09746782179103676,0.23154023630976694,44575.5719045492
Israel,Mortalidad_Baja,2.6480705699211016,-0.7601436768405614,0.5897070912828928,-0.24859898956133866,0.3918375106071572,0.31689440727640944,0.08505316166463948,0.27531222880056,44250.6313628073
Israel,Mortalidad_Baja,2.526121402280265,-0.8101801302466431,0.5772465510911031,-0.2738934109879153,0.2378919607977032,0.13096970024506466,0.21407321555195788,0.29568807573812245,42362.6652754196
Israel,Mortalidad_Baja,2.2718291036471316,-0.9294258007161242,0.6127437687286572,-0.3807072713507755,-0.04441398284835065,-0.24525993331249274,0.470904426615423,0.32258909523703755,41138.470964272
Israel,Mortalidad_Baja,2.452545115837881,-0.8070066722493673,0.5298632294505282,-0.22032548405956864,0.18903775094798014,0.09340180578004911,0.19648472623994195,0.27751887132582703,37671.5389138798
Israel,Mortalidad_Baja,2.4322616185272232,-0.7804633118627696,0.5028545346507847,-0.16706944482931954,0.1861933878330018,0.11412745270731815,0.13735782716682754,0.25072894547195035,36213.1041481958
Israel,Mortalidad_Baja,2.3936710377442774,-0.8002083645911675,0.5209581823046846,-0.18434448414498938,0.1316833017236646,0.08182566727995955,0.1539248976303872,0.26829516641443535,38343.3046626235
Israel,Mortalidad_Baja,2.3546931669394064,-0.8063413576875005,0.46976983967596275,-0.15189154890360573,0.10215712293962598,0.04033890768837873,0.18143327812089027,0.26609513356918,37034.3161080785
Israel,Mortalidad_Baja,2.434250162129818,-0.7343256857761679,0.42244022915712354,-0.0939367009831102,0.21472381855723965,0.061809216310614215,0.16159354787609448,0.22815121651643624,33321.4300881602
Israel,Mortalidad_Baja,2.3976755219718946,-0.7651177587864375,0.37419219859154706,-0.0730531097355234,0.21795951458483215,0.08547595934389417,0.1670909219481822,0.22457543242151795,34522.5215979073
Israel,Mortalidad_Baja,2.357450794652623,-0.75665840217012,0.3466950322704496,-0.0355871403788066,0.16841284483622446,0.05714210241759725,0.1604885588845662,0.230756222754259,31439.0887027614
Israel,Mortalidad_Baja,2.341974716760639,-0.7928864201542322,0.36641170442545096,-0.06744804634309841,0.21990443965482892,0.11156364007264379,0.14782708434071157,0.21369908856028105,28508.4938886475
Israel,Mortalidad_Baja,2.310442758810929,-0.7429808439663718,0.33574260730445415,-0.017632057455648064,0.17127336659416423,-0.003509731887082518,0.16237463244295597,0.19110161889462374,30269.217773489
Israel,Mortalidad_Baja,2.3212246338999143,-0.7270177268006817,0.3638690256270753,-0.0007378403198460364,0.2445479433808697,0.12272537047871841,0.023445744955041436,0.15666436576170406,25721.2594077311
Israel,Mortalidad_Baja,2.3427334622532205,-0.7286035439477273,0.3678461923098781,-0.00946795960900705,0.28575208586182177,0.15172250406847343,0.019818573281146334,0.16073879425765192,22527.2619795719
Israel,Mortalidad_Baja,2.397579893155554,-0.707533188812065,0.38968601316876833,0.007297347283189495,0.4251175542842175,0.333778024371716,-0.13270377564306554,0.12047593699375989,21286.8388636595
Israel,Mortalidad_Baja,2.5085134836191094,-0.6420692510785296,0.4025024551907933,0.013800432361423875,0.5352869188348968,0.3631299103525264,-0.15152137323990358,0.11327868885571787,20568.0694088834
Israel,Mortalidad_Baja,2.5166788902591843,-0.5976280162492753,0.3442190938414443,0.09594602638687144,0.5985043245698642,0.4273233034581087,-0.23449890760566314,0.07235855496658992,19643.4690380742
Israel,Mortalidad_Baja,2.300072447109054,-0.6970778354023699,0.3681379519969261,0.0265251696274872,0.37058736978894585,0.17118572684536912,-0.06946794660609405,0.09632486502674048,19076.4584298321
Israel,Mortalidad_Baja,2.356839630511529,-0.661393653863804,0.360790904847975,0.041263269228266806,0.445242830567074,0.19773493004911968,-0.08392365473323926,0.09223457283476298,20966.3052667971
Israel,Mortalidad_Baja,1.9000074458200629,0.5632773861523049,-0.4447427083303754,-1.1720822527927246,0.2891521606348737,0.6362364907087389,-0.21381850740298547,0.0788737365089446,21706.5194056329
Israel,Mortalidad_Baja,0.9691224217608871,0.2009639873381208,-0.4067674184412825,-1.3806040322752506,-0.6181632528301719,-0.4626453085681278,0.44884830490090405,0.14446656152428566,19025.6840502517
Italy,Mortalidad_Baja,2.2400134199735042,-0.8717278614098384,0.38755516517251887,-0.06426894538886097,-0.09551605499024628,0.15095856079574224,0.08963571929820689,0.3013757939636137,35653.9042103495
Italy,Mortalidad_Baja,2.372467905094866,-0.7982137288257108,0.3611552107201846,-0.008166961105847508,0.0658961973426119,0.2995336916481667,-0.013709699383540644,0.2777858348791268,36852.5425414951
Italy,Mortalidad_Baja,2.356380645707349,-0.8558830896518049,0.4535444895620072,-0.13442946563177988,0.12946467936062206,0.25004407161600134,0.05330875567123863,0.24602587187008082,32091.4866621366
Italy,Mortalidad_Baja,2.094953601839112,-0.9858409280178484,0.44978279293733237,-0.2239162890277263,-0.3532800278334834,-0.2305273016007193,0.4340235770038561,0.40287735928143864,33812.788724868
Italy,Mortalidad_Baja,2.0240113606043884,-1.0163873582519378,0.4581141799000215,-0.2516488979489186,-0.4194716566115017,-0.33429398607731814,0.5042315805584477,0.4050897614258386,34904.1081923834
Italy,Mortalidad_Baja,2.092199706904609,-0.9696623564333494,0.4404167879370832,-0.2112504949414976,-0.29019561373287756,-0.2303171545388312,0.417789501616371,0.36232578667024484,32844.115660604
Italy,Mortalidad_Baja,2.07514657419706,-0.989687350055807,0.4570895655233809,-0.2365741267556694,-0.33784477543848573,-0.26495307628771436,0.45367099097636265,0.39295834868352797,31391.5692898108
Italy,Mortalidad_Baja,2.045163410945831,-0.992056253317817,0.457596860359243,-0.24245572248131628,-0.28706753583954076,-0.28866549587206447,0.45619141968108545,0.34161024135989904,30639.8829751432
Italy,Mortalidad_Baja,1.9863382974184003,-1.0427033682142164,0.49145616263773945,-0.29827985983294025,-0.4114471626833715,-0.38579909353037223,0.5432985432585622,0.4005894770580881,36028.3494022349
Italy,Mortalidad_Baja,1.9753387935606246,-1.0236887912623853,0.4502090180648127,-0.25745801465186813,-0.38321419834455145,-0.39248088552931765,0.5383949671247169,0.3667759066238905,35701.6746002376
Italy,Mortalidad_Baja,1.9689867469192095,-0.9940070148201529,0.4429421685277749,-0.23669377893677912,-0.36652485975616184,-0.4296751074402508,0.5260871189007595,0.3367619559147188,34854.3949441965
Italy,Mortalidad_Baja,2.044634124270918,-0.937516911395424,0.4105495214080686,-0.17862246527578352,-0.2797079668089176,-0.33940109878844343,0.45066283385838346,0.3224532224782101,38432.3742820019
Italy,Mortalidad_Baja,2.1477830428096714,-0.8743099693292825,0.39324916855626213,-0.13479936284823976,-0.14715247326423828,-0.2318211615168199,0.36831531629774117,0.29662159582341613,35856.8625485539
Italy,Mortalidad_Baja,2.2036121841769303,-0.8498319063003548,0.4038883966956501,-0.12809144830357425,-0.02711953108082061,-0.13277111342340076,0.29013827612613824,0.25405443884092815,37099.6133958219
Italy,Mortalidad_Baja,2.1012579938782054,-0.8361462162042677,0.3152263781360985,-0.030931696166716014,-0.15808674348834806,-0.21721073066202445,0.30093585448822574,0.2569391371646401,40828.5795580937
Italy,Mortalidad_Baja,2.10095917583735,-0.8152988767694876,0.28286403567513424,0.015061504035181326,-0.15638928556583803,-0.19068565768269488,0.26536523085980906,0.2533524911983909,37826.1754554823
Italy,Mortalidad_Baja,2.061375198652379,-0.8302902941018709,0.284384119430807,0.0007073965643327832,-0.18385990176605105,-0.2538284211816026,0.30966470539126534,0.24994023223014455,33537.1286994269
Italy,Mortalidad_Baja,2.1431191047865354,-0.7873100536840172,0.2788549878601935,0.022028095254446847,-0.018584515119909422,-0.1448940040221383,0.23262104212229287,0.1967091163935798,32062.723833669
Italy,Mortalidad_Baja,2.0927507214218672,-0.8153007302563363,0.2637361492328883,0.02754838565774444,-0.047691440841731936,-0.14483777592874403,0.2509464414192453,0.20047178677187436,31348.1901841445
Italy,Mortalidad_Baja,2.1102146635627843,-0.7829064952692978,0.2669439475965437,0.047147714632703,0.06263176993296155,-0.09393764467652287,0.17770887142342914,0.13727023277214295,27577.5700319855
Italy,Mortalidad_Baja,1.916446552915649,-0.870957788958037,0.28662036514075045,0.00021941298213542094,-0.19222934118369667,-0.30016400374413205,0.30541094789751627,0.19373432422666037,22451.3964379368
Italy,Mortalidad_Baja,1.462453781942934,0.3071012393838134,-0.5234170905803099,-1.2662518972590024,-0.33985468960927967,0.09203428564366296,0.29193406870964483,0.20441175389361113,20570.4385917862
Italy,Mortalidad_Baja,1.845718851362995,-0.8682324808529368,0.2613475586691574,0.047500287984139036,-0.2097794116069274,-0.2899336750646557,0.2609297031014961,0.17246267004275434,20190.0035636084
Italy,Mortalidad_Baja,2.068655786398356,-0.6708833400264927,0.19629601075599812,0.29605448742377577,0.33003618737771656,0.3732214694771223,-0.3196934675300417,0.027214350413666617,20712.1798690324
Jamaica,Mortalidad_Media,0.25583093132970447,0.1948218815179328,-0.21389363278895387,-1.110189947517341,0.005883841009240407,0.39513284577559926,-0.18697389024389327,-0.09386673881020255,6022.15339791763
Jamaica,Mortalidad_Media,0.5506114911782859,-0.9779273493483902,0.6225829649186616,0.17141210725370692,0.23077233661430532,-0.053112357782161924,-0.24369697520685252,-0.2878303568179343,5165.33782130331
Jamaica,Mortalidad_Media,0.2246744844384387,0.13961669991605621,-0.13770175147069502,-1.2052690491898232,0.016480503944600478,0.3670474553406849,-0.07738314137488721,-0.1060630588936017,4879.44025773374
Jamaica,Mortalidad_Media,0.2949879910862567,0.1605495047875521,-0.19032048922028819,-1.217622599191939,-0.02951332670805058,0.2027065257512204,-0.09911329608190636,-0.08296991097977738,5607.24299266608
Jamaica,Mortalidad_Media,0.6435274263296756,-1.0609132783898334,0.6153299111370398,0.03424804485402041,-0.02429582743073671,-0.31080620165039624,-0.05571951459787036,-0.07097620476819336,5578.10347525832
Jamaica,Mortalidad_Media,0.1913429592484488,0.07900654769783842,-0.15015674303089227,-1.302308930144161,-0.21265140241259975,0.03349785214823266,-0.0017358156275455393,-0.03382001817497492,5259.31332766957
Jamaica,Mortalidad_Media,0.25231291809302125,0.07397370660044125,-0.12653893204269007,-1.3594368938581127,-0.15038429390244407,6.076306359631987e-06,0.07151753255653978,-0.025902672195666717,5009.79448724295
Jamaica,Mortalidad_Media,0.2797618004913425,0.05518735007888496,-0.09549167172107711,-1.408296357777425,-0.13755421548411387,-0.004762912589768115,0.07074898375338293,-0.010764320371699256,5062.8955502426
Jamaica,Mortalidad_Media,0.2663802689461324,-0.0016531096789427354,-0.03622227665674053,-1.5345458267830794,-0.1715758681397291,-0.1793634250787281,0.21939351500710147,0.01690062784144095,4975.11325459872
Jamaica,Mortalidad_Media,0.29158347240190785,-0.003518982146509651,-0.02459698016995128,-1.5589275129624718,-0.14140217025814059,-0.1905103363360246,0.2488838777637922,0.022856580388978535,5124.21301411137
Jamaica,Mortalidad_Media,0.3307507398477335,-0.017856016634368057,0.014159603866110418,-1.6226118693926883,-0.08950692640128906,-0.21315402315481202,0.27689319400280005,0.02017922545540704,5340.83333232158
Jamaica,Mortalidad_Media,0.2905800212295103,-0.03908761731592017,0.028340523710652373,-1.6602358220760034,-0.12749979663976937,-0.3178091330252662,0.3423792880531549,0.02038259455921536,5232.63644918132
Jamaica,Mortalidad_Media,0.326741785728481,-0.038243009701993964,0.05502689330348555,-1.6978087442659187,-0.0704844692288965,-0.32179243497168686,0.31411164508458367,0.001219713166972247,4809.977380312
Jamaica,Mortalidad_Media,0.3999466987257595,-0.02429608234770488,0.08179863953117424,-1.7389269473595523,0.0664843790004299,-0.29911900347701753,0.3505083989921718,-0.03285135446986136,4428.38153333557
Jamaica,Mortalidad_Media,0.45487645674167826,0.06074382624099166,-0.012174342811917066,-1.608506750429972,0.09018162767758664,-0.23259700517323562,0.19903032878544014,-0.05240525734970436,5029.80095281745
Jamaica,Mortalidad_Media,0.42164386570444556,0.11059498164690745,-0.10778998010224632,-1.497532273642799,0.004166746293820021,-0.292029410120189,0.16963685570717515,-0.05205846240178797,4716.48612542727
Jamaica,Mortalidad_Media,0.34317515483153777,0.08098332654724898,-0.10261294818113463,-1.5058398915673916,-0.05916851596107352,-0.34474087983184154,0.25304250333673506,-0.049630626498385524,4417.00127135363
Jamaica,Mortalidad_Media,0.4123702584552759,0.10017936965401258,-0.09170502018843105,-1.4856130214853946,0.027570244724375154,-0.17808365700521922,0.13488216091744487,-0.058200776216331775,4184.43974867497
Jamaica,Mortalidad_Media,0.9016097127188248,-1.0477885184362106,0.6914508471699523,-0.17334756572030233,0.22831011323548325,-0.49204806666065354,0.06753560049846723,-0.0720713305299327,3807.56293124552
Jamaica,Mortalidad_Media,0.45284341745176615,0.09550391187772002,-0.06769041291984979,-1.5308991875156777,0.08422892367971237,-0.19679832464579972,0.18707094408639532,-0.05071740881327825,3549.70758394618
Jamaica,Mortalidad_Media,0.8792134238679721,-1.0847720481299805,0.7458353096732282,-0.24998673458975051,0.2677881032631642,-0.5387160657498138,0.18728673040793886,-0.07357955919705302,3680.64551727724
Jamaica,Mortalidad_Media,0.3423688695095512,0.11363912118773248,-0.11320015315775002,-1.426394737684175,0.03553336522508144,-0.14230542434705595,0.1638093530767641,-0.06574720212268637,3503.55026688858
Jamaica,Mortalidad_Media,0.32939578480550585,0.11299438075075147,-0.10836906518950443,-1.4249119956250196,0.0431274078892634,-0.13725238719516483,0.1659797175216482,-0.056827955667946795,3453.09252800226
Jamaica,Mortalidad_Media,0.1849144980765545,0.264476666353866,-0.27163387958397756,-0.9894022730287022,0.06265887840445622,0.4060906667100963,-0.20739130305705405,-0.003514290255307307,2630.84935382822
Japan,Mortalidad_Baja,2.622817733072482,0.7089424210961528,-0.2920164765822729,-1.3123835737447398,0.44843661989237465,0.9611766116334604,-0.06161969714227466,0.29927603471092373,34065.6438962526
Japan,Mortalidad_Baja,2.6076834848034256,0.6961696528308551,-0.3771589170069024,-1.2445526022438158,0.39651233000010466,1.0129018949573538,-0.09954263695389723,0.33311125889306925,40094.5599795288
Japan,Mortalidad_Baja,3.028508481191662,-0.5279201915964923,0.45128950855556266,-0.015725983915241295,0.5453149037787662,0.6358283672675388,-0.07905826299600621,0.3302737851849099,40028.7341726762
Japan,Mortalidad_Baja,3.005511457102051,-0.511430819057193,0.43268528515726273,-0.006520835125674156,0.5145976051759092,0.5276424150739318,-0.0066236890025264394,0.31973125723733586,40415.9567649547
Japan,Mortalidad_Baja,3.019186121771388,-0.4887493178277828,0.4082352939745659,0.025936540459658732,0.5436547556949893,0.5476085121357288,-0.03244984311784465,0.30736258545091455,39751.1330982711
Japan,Mortalidad_Baja,3.1374082503020144,-0.44492360183658786,0.3653830128823727,0.07747828423248856,0.7181821709676284,0.7295978287874492,-0.1510539628187569,0.2756091012787043,38834.0529341227
Japan,Mortalidad_Baja,2.9616810291685938,-0.5317356242444707,0.40768359399196485,-0.01624445789821856,0.5157410210914363,0.44762356654946195,0.048544587582134376,0.30114295589013673,39375.4731620781
Japan,Mortalidad_Baja,2.926183574706957,-0.5192385068335953,0.42959944523474025,-0.01924759348658097,0.46737127870062145,0.3769243785102948,0.07599050245757161,0.29397209305819766,34960.6393843385
Japan,Mortalidad_Baja,3.0260876066133613,-0.47334338815783494,0.4573522667228517,-0.029449401030651672,0.6099597873188963,0.44674118760358705,0.04271056057233969,0.26551168717712365,38475.3952461838
Japan,Mortalidad_Baja,3.0812929193449734,-0.45894714488562244,0.43414566715293534,-0.027818801745305297,0.7195209587403864,0.4755335860768008,0.04062993819044663,0.23784467192432807,40898.6478964744
Japan,Mortalidad_Baja,3.0304916435037152,-0.4923731305419416,0.4361612178239367,-0.05383006782366801,0.6945272365118905,0.4198209697152193,0.07652644220371972,0.22667832283942205,49145.2804308193
Japan,Mortalidad_Baja,2.9986849572730185,-0.4732133188457854,0.4371760186465945,-0.04224888987443023,0.6923861271571721,0.36110269309993104,0.08641769141832482,0.19478411860812858,48760.0789494211
Japan,Mortalidad_Baja,2.9284704738823164,-0.47174552251619534,0.35412712881240915,0.02059930807718886,0.5614044299974585,0.24239874619209026,0.16085199394979577,0.2276512126903773,44968.1562349739
Japan,Mortalidad_Baja,2.994214760547744,-0.48233183569554605,0.42994511998755425,-0.054342360577061294,0.6516221849588518,0.3025457401524513,0.15315455787224624,0.2265286031210318,41308.9968370512
Japan,Mortalidad_Baja,2.9601355866931214,-0.4330104925054604,0.3603407388943595,0.05358772488616904,0.6193157057818313,0.3191053993756606,0.07777931192232038,0.20388177128730997,39876.3039685725
Japan,Mortalidad_Baja,2.4470239896918256,0.7405745311220865,-0.4797709045114163,-1.1988819939674566,0.36627054814164783,0.5819578476176264,0.13792010033806704,0.22648605318580844,35779.0245416427
Japan,Mortalidad_Baja,2.364452681167113,0.7083452936146353,-0.486316718076529,-1.2169605974744975,0.2873390903298164,0.4644788587570115,0.21120862273646,0.22779631974922693,35991.546002862
Japan,Mortalidad_Baja,2.3632570107661115,0.7133370998295606,-0.4927975764336443,-1.2094407028702698,0.3283439801949739,0.48082947915607427,0.18472823020287163,0.19752619522770995,37812.8950199948
Japan,Mortalidad_Baja,2.3590189258915513,0.7014366684782568,-0.5389941848035703,-1.1796790811737714,0.33834500171590143,0.5236355042696272,0.15797120709371415,0.20281510857316554,38298.9801712303
Japan,Mortalidad_Baja,2.316770823155821,0.676513252836861,-0.5337068341665602,-1.1866385892815783,0.33607825117954615,0.539985032415562,0.12755622429321342,0.18798103063190927,35387.0374203599
Japan,Mortalidad_Baja,2.1741819271903484,0.613805554737379,-0.544698500721186,-1.2166643724225574,0.17529653995732342,0.35297148283958624,0.2526434742632548,0.20776144885748854,32820.7936433254
Japan,Mortalidad_Baja,2.048531925728498,0.5920313401650935,-0.5666437052268968,-1.188925750001668,0.03998879545663446,0.2531636243846724,0.27081455005778604,0.2071873414329184,34406.1824638092
Japan,Mortalidad_Baja,1.9584585589459027,0.5764337927734272,-0.6220191264961431,-1.1436726618889594,-0.02240792350083789,0.20117013863878605,0.27618532635636717,0.19464325655519799,39169.3595701504
Japan,Mortalidad_Baja,2.3237589899024145,0.8476864625450712,-0.7562622953530165,-0.7904550269134077,0.6288571683391038,1.083631353163239,-0.5000881045369957,0.011398104521135504,44197.6191013908
Jordan,Mortalidad_Baja,0.7888211578589529,0.07677136385302309,-0.19146189210082043,-1.3567051283313405,-0.2612596465448752,0.47398982425638386,-0.14659700183514565,0.20306936946566986,4332.25159897931
Jordan,Mortalidad_Media,0.6862653192506918,0.11166548875057328,-0.15526517154992317,-1.3553058638063908,-0.08978844233471216,0.41107857453313057,-0.24764527633377173,-0.004857554069370446,4183.49998326866
Jordan,Mortalidad_Baja,0.7580575092599783,0.0862461217007508,-0.1412467031895873,-1.4102618848997404,-0.12547521329562655,0.39256120767032104,-0.15239768036495024,0.10920261223979383,4022.0401356135
Jordan,Mortalidad_Baja,0.8249892714648278,0.09607214695662984,-0.17603533739367042,-1.3809749759000356,-0.18317243144541806,0.44017870212860394,-0.16134979289677023,0.21277970539341565,4170.1144003465
Jordan,Mortalidad_Baja,0.8113408156280715,0.1289855153624698,-0.20623430751477534,-1.3228280426864816,-0.1574616339900008,0.47210454164759147,-0.22550129920706444,0.1922020129305024,4145.43989673265
Jordan,Mortalidad_Baja,0.7490054366101647,0.12379044271368951,-0.20823729300073682,-1.321969197186581,-0.18326297514122256,0.39701604506925575,-0.19353138877265036,0.1749050902296645,4065.61628749384
Jordan,Mortalidad_Baja,0.7086924221350733,0.11699506874383804,-0.18691675482259457,-1.3419233046888512,-0.15831648033718887,0.35721955074804784,-0.18208987782147518,0.1485164332044901,3986.71677010853
Jordan,Mortalidad_Media,0.5989210047489739,0.09747792718415652,-0.18871871954215705,-1.3435938449061129,-0.2487190174315532,0.23027720412883984,-0.14714344593360815,0.13622110059419584,4042.75678097555
Jordan,Mortalidad_Media,0.5999808197309077,0.11764757481705206,-0.18876445635786762,-1.337569606409712,-0.2174632325140188,0.20454852563370607,-0.19650723886852375,0.11671739129957799,4191.18050084986
Jordan,Mortalidad_Media,0.5978268920160125,0.12570671373470133,-0.1772527325399794,-1.355593681307706,-0.19947123274069853,0.14542599915816898,-0.20127924353651588,0.10867339704634787,4311.21916713038
Jordan,Mortalidad_Media,0.631907593844006,0.16169796723942845,-0.19167848268280346,-1.3264625095392462,-0.14794278530964347,0.169423977526709,-0.2599613598939804,0.10140484443751539,4169.50470054618
Jordan,Mortalidad_Media,0.6093652339391965,0.18547183396505817,-0.2204464300968155,-1.2498418005574186,-0.13422433211840007,0.2855134684592429,-0.3757520569940067,0.09400736737042653,3946.85503855525
Jordan,Mortalidad_Media,1.0698944436903184,-0.9744743175714088,0.5792945636206523,0.04209603202056065,0.0810763903335538,-0.055713254968557696,-0.39863790058461945,0.07325937513953262,3718.46571622945
Jordan,Mortalidad_Media,0.5796806784188241,0.17923062854856325,-0.19968290166206204,-1.2941993477099323,-0.13613716376156126,0.15123206388787183,-0.30050828416025643,0.11014254596247026,3435.8337590698
Jordan,Mortalidad_Media,1.1013072234799985,-0.9280906126345456,0.5752722658453845,0.07020783034696951,0.1262773056702544,-0.05184135176651159,-0.4962869292066822,0.08505398480187483,3241.6524135556
Jordan,Mortalidad_Media,0.8672131774686734,0.26667013523457805,-0.11155075149776213,-1.3769459735602392,0.2609461884347537,0.3171277248940658,-0.41164326392810946,0.08038782079504249,2506.20599484139
Jordan,Mortalidad_Media,1.2468579412957788,-0.9401968797329683,0.7170850513418835,-0.1451488955344196,0.39123531911166803,-0.1680541385934203,-0.32751731793080263,0.07624210138188343,2342.63459574933
Jordan,Mortalidad_Media,0.6896351428554005,0.16963240083651185,-0.03975952164043455,-1.5267065394859862,0.15372300167933842,-0.027659464304246574,-0.1266711958418509,0.10595069180802963,2087.87079273635
Jordan,Mortalidad_Media,0.6378279612689377,0.17412488861123096,-0.03509762249333362,-1.5112780793395235,0.10802584633099933,-0.061997159609579265,-0.163751444108132,0.11709764041049209,1940.08641342805
Jordan,Mortalidad_Media,0.6789196009027327,0.1918114892163179,-0.00823063345412101,-1.5091722552150806,0.21285916423412576,0.05277389046110531,-0.2633425578556216,0.10757925576363103,1775.67625581432
Jordan,Mortalidad_Media,1.051746146182742,-0.9841365770895959,0.8038078383664948,-0.22565161312355067,0.3074502163883163,-0.40723439576837805,-0.2628741481908677,0.10709564266048617,1706.26744384401
Jordan,Mortalidad_Media,0.5705854864627148,0.18532056523542306,0.042094300352622425,-1.547509764440069,0.1243785737683845,-0.13128451760959461,-0.220758294020324,0.1315067641174088,1632.29454010563
Jordan,Mortalidad_Media,0.5968860767797417,0.21690441359489332,0.025244307199913243,-1.5091753960789402,0.20826422830330069,-0.05947677676181174,-0.28621772280198277,0.12400952219417305,1570.61002940477
Jordan,Mortalidad_Media,-0.04265333448088236,0.08784257596442074,-0.09617805154891139,-1.3628374635207945,-0.26466259757009664,-0.41634160726518177,-0.10472828269318689,0.1916468596290987,1415.71151592128
Kazakhstan,Mortalidad_Media,0.5318920204353456,0.42943943166360854,-0.8631492567356458,-0.6566859063328904,-0.6621780130204696,-0.1701954676058954,0.06268043885850667,-0.17465352614422033,11255.3396437881
Kazakhstan,Mortalidad_Media,0.983428336308179,-0.667256444737247,-0.013332210434631118,0.6275487247719836,-0.15072267643397969,-0.4875945186290782,-0.1417154296019879,-0.4541636296760871,9983.60103576902
Kazakhstan,Mortalidad_Media,1.0062265818758473,-0.7473982625362529,0.0721849334764478,0.48265421878505993,-0.17411256351336402,-0.5478256561646917,0.045908070337055136,-0.3712346258743159,8781.50797787648
Kazakhstan,Mortalidad_Media,1.166351629301261,-0.7159124259836509,-0.025264702573367943,0.5307300587614425,-0.3034208001968028,-0.5669887806933199,0.09517362930733601,-0.1789337686450841,9457.12614657136
Kazakhstan,Mortalidad_Media,1.2340918436440562,-0.6671461950111663,-0.04644391279857957,0.5759743330197168,-0.19581883058806687,-0.47117793917597867,0.005196097162540811,-0.21089465920362938,9472.48527327758
Kazakhstan,Mortalidad_Media,1.1069677263025197,-0.7893203143988883,0.09716325436984086,0.38461302767779243,-0.25778489311622843,-0.631089321424189,0.14786280369182456,-0.2129184100571098,8943.08416791984
Kazakhstan,Mortalidad_Media,0.9351595821040005,-0.8652018058028487,0.1427774529056843,0.29411942901862875,-0.4061688292991214,-0.8977910055112682,0.3266582423712458,-0.20846246210625247,7475.56688689424
Kazakhstan,Mortalidad_Media,0.8499669427865829,-0.9400321189764222,0.255629090963916,0.16328837303653124,-0.3881703506401322,-0.9704729533385411,0.3892862431944021,-0.2201875705311819,10196.1226255982
Kazakhstan,Mortalidad_Media,0.739512335085846,-0.8082929673287247,0.03552533765600018,0.45664392636608536,-0.5332573120651097,-1.0414634364198254,0.25437874783744224,-0.22828232072039648,12427.7094576939
Kazakhstan,Mortalidad_Media,0.7554895149780776,-0.6404588022001565,-0.17871955681739368,0.7036426178134885,-0.4754389661147917,-1.1350277846231958,0.26963936078610584,-0.2637467171431675,13478.459627612
Kazakhstan,Mortalidad_Media,0.6396547450801616,-0.6421826899444837,-0.15183090977796915,0.7474337030811719,-0.4805820563224502,-1.0515694710843853,0.07459999595161104,-0.27105554271519305,12018.7966527993
Kazakhstan,Mortalidad_Media,0.46081680225157473,-0.5908943290570303,-0.24962507797385186,0.9113246320245971,-0.5569697562065113,-1.1081494636186675,0.05778568205178158,-0.288526443709298,11287.1464926039
Kazakhstan,Mortalidad_Media,0.36531667012622193,-0.6928749581486323,-0.07196963296491778,0.6833472574520763,-0.5005813550469462,-1.292722964708583,0.1488322170047715,-0.28366519059423123,8793.07589980782
Kazakhstan,Mortalidad_Media,0.26101569903583327,-0.74896048304486,0.05680917877777559,0.574251927998529,-0.3450458226548881,-1.274506936805357,0.28632867825657354,-0.3150777077793511,6938.01175663001
Kazakhstan,Mortalidad_Alta,0.30416501862107975,-0.6131784001406843,-0.073696345753269,0.7573513785337007,-0.24748573020752562,-1.245780638343234,0.09447233844803711,-0.3225215376277135,8123.54705891736
Kazakhstan,Mortalidad_Alta,0.28052737523327315,-0.6419256402575514,0.028022023370641472,0.6509036288462787,-0.09666735070413816,-1.267420723020052,0.14852571477639206,-0.32307690615220186,6449.43931096532
Kazakhstan,Mortalidad_Alta,0.04895751973478476,-0.6793691705098795,0.03344962519658856,0.6988015306051727,-0.27582383343990446,-1.333314549997312,0.05590289223566048,-0.27917091844182906,5030.13494711519
Kazakhstan,Mortalidad_Alta,-0.04463610828895561,-0.7330138446946705,0.15369090740440688,0.6358935015796616,-0.18881893180221648,-1.1891565512137825,-0.0055028648738111195,-0.2685642260320559,3577.35804001782
Kazakhstan,Mortalidad_Alta,-0.09121030094950412,-0.7381781899156,0.20060968720638794,0.5965945815711363,-0.09071779310635024,-1.225438329638935,0.09421294353311085,-0.25275747489906136,2722.47407755402
Kazakhstan,Mortalidad_Alta,-0.1905470176212478,-0.7422672352877038,0.24514069927863663,0.6510781163228256,-0.05112970287702393,-1.0168241523697676,-0.07299834917833663,-0.23668303708588515,1958.02050246511
Kazakhstan,Mortalidad_Alta,-0.2537236388955493,-0.7187491039615108,0.2476468391138397,0.717364141818733,-0.010849286362604368,-0.905967929342336,-0.21700573883941512,-0.21101465560873178,1573.55219932325
Kazakhstan,Mortalidad_Alta,-0.5217386817550771,-0.7968534683326924,0.3081412617607234,0.6920222617565835,-0.1796620261738568,-1.0262323167917284,-0.141820264664745,-0.1616693528531488,1422.27331810957
Kazakhstan,Mortalidad_Alta,-1.2510283929106554,0.30166429536112815,-0.4928495448591649,-0.6360310222611113,-0.6310815223599897,-1.0740191424948207,0.03684173816825842,-0.056941144320262066,1180.0444563226
Kazakhstan,Mortalidad_Alta,-0.9692561324667451,0.5728974486515549,-0.4832084622213372,-0.4862552833836168,0.29130813748622014,-0.6274801751329051,0.20525046710680717,0.03138112405662619,1217.79138769863
Kenya,Mortalidad_Alta,-1.3358988763143607,0.21115369602545134,0.05124217564894525,-0.769078319588596,0.20344504035725305,0.24289855685616232,0.436718147073535,-0.30757354257013997,2109.56288513137
Kenya,Mortalidad_Alta,-1.0562756491446854,-0.9440519448109744,0.8721294919115555,0.5417590521145513,0.4350217205317004,-0.21018879199864945,0.3950700511543008,-0.4783145858307144,2061.35622089594
Kenya,Mortalidad_Alta,-1.151893175044972,-0.9422083260706593,0.8555830848731244,0.6123282155328165,0.3577220818991902,-0.15964447538020413,0.45400767900998595,-0.4461664019652317,1927.66459027849
Kenya,Mortalidad_Alta,-1.3419087571318629,0.22937656086535443,0.07009048742268127,-0.7796249673562855,0.30348503248040176,0.22877296383710016,0.4014513124578223,-0.3186787354185634,1960.40808854893
Kenya,Mortalidad_Alta,-1.4158051295457956,0.19314825652362652,0.08156324301953172,-0.8260669040900976,0.21429729959966862,0.06838988921201952,0.4541087304453131,-0.2898338973286154,1836.45275528993
Kenya,Mortalidad_Alta,-1.508633477152751,0.17666265300744247,0.09387147280100193,-0.8238038975510429,0.16618056983248022,0.01563023510775371,0.5275306801454346,-0.27671348447833627,1667.48447230835
Kenya,Mortalidad_Alta,-1.4659705118699184,0.17336485311583685,0.10467107783152059,-0.8674867528273417,0.2035839522618133,-0.03371417229597193,0.4878719092794838,-0.27762959628534273,1554.12610314423
Kenya,Mortalidad_Alta,-0.989508503478183,-0.9776091377416221,0.8908759761040946,0.43672938160500957,0.4121068576044906,-0.3703989041097227,0.3817600181891841,-0.2996813701098343,1489.11959777284
Kenya,Mortalidad_Alta,-1.5097097933071175,0.13771005818739515,0.13011857697494666,-0.9568980694545901,0.16640879824973423,-0.25383429611470304,0.46023631197216436,-0.2466274688167357,1482.81566253497
Kenya,Mortalidad_Alta,-1.5575798671655352,0.15795824147829532,0.11644053136028332,-0.9028508317510424,0.1728527490276557,-0.21149582159867278,0.40870864153965125,-0.24824398033151854,1370.87885214659
Kenya,Mortalidad_Alta,-1.613118930494083,0.15689572428817392,0.11398716317060123,-0.8846128084985004,0.14667670924423404,-0.230068573646489,0.4151152664739237,-0.2498807458415512,1285.00536171512
Kenya,Mortalidad_Alta,-1.6192560054386353,0.17209953831255098,0.10012846097856608,-0.8541355967172739,0.15605377551912789,-0.20200367602379288,0.37796874833659866,-0.2764966084330111,1096.14499807675
Kenya,Mortalidad_Alta,-1.553767094009978,0.14845549033784164,0.14297554276347385,-0.9709297240191527,0.22520212906366863,-0.3335188380356276,0.37715738513050046,-0.28069766818559605,1091.51873101194
Kenya,Mortalidad_Alta,-1.4885444188588766,0.1389535296852883,0.17444221784550742,-1.0613589660845957,0.30540535609856856,-0.4358148595597017,0.3416556358999266,-0.2866156817754993,1047.9678324485
Kenya,Mortalidad_Alta,-1.987141216469459,0.2458461007803112,0.012987154863157596,-0.5377691626279287,0.022832976293676328,-0.019561239372642595,0.32672364088934014,-0.3659659548721073,915.54435473604
Kenya,Mortalidad_Alta,-2.0081067691796526,0.2497196491085582,0.017762950831618336,-0.5739456216244284,0.055614217359465985,-0.1609127752209881,0.22972584305128668,-0.3168039580192534,840.201439476765
Kenya,Mortalidad_Alta,-2.049701178447801,0.2628358048622571,0.029460837236046557,-0.5702960637954672,0.11051237749964433,-0.1915687251179566,0.21228158587319518,-0.28935637717523244,699.80237063381
Kenya,Mortalidad_Alta,-1.7171703130717022,-0.9307913143782018,0.9809417628715701,0.6239784136064547,0.5214919062941253,-0.5164489288098403,0.5737829908071902,-0.3338390255907582,523.456312433863
Kenya,Mortalidad_Alta,-2.4789450824241257,0.32608004952429787,0.029829476763522697,-0.32778375386442754,0.12049736242146253,-0.06620160006360584,0.3394641221175216,-0.2654751972446258,463.662781300121
Kenya,Mortalidad_Alta,-2.57673726345552,0.3580762625193237,0.04631857299468631,-0.2775999984196386,0.21782967773899764,-0.03152069842121776,0.33183321106316965,-0.24264682528787107,442.898457253405
Kenya,Mortalidad_Alta,-2.6785298286684993,0.4008427784389406,0.019192059174814577,-0.18805468078222715,0.2478066790377073,-0.021603311797698355,0.23202414930672968,-0.21333405862357618,402.936385605382
Kenya,Mortalidad_Alta,-2.8269108906901077,0.4227027507798803,0.05361057844489096,-0.13265593263074588,0.30568339643036563,0.01786874096048716,0.3466225201283533,-0.178891744260899,410.700452474814
Kenya,Mortalidad_Alta,-2.7926108172095323,0.47620488766934504,0.09099293294072634,-0.11516654636678342,0.5459130599305418,0.1452714967972131,0.3263561898992552,-0.1722094733395708,414.626365130846
Kenya,Mortalidad_Alta,-2.519565151947111,0.7494200197705193,-0.07639400045939136,0.23247469474577429,1.0214908718635247,0.7155766012255558,-0.4828840278483619,-0.03622577624705949,340.064842175429
Kuwait,Mortalidad_Baja,1.5945915657218586,1.6480230365895951,-1.7344927757936695,0.5453051567415435,-1.075088474886411,-0.6854175754127535,0.24674996039705566,0.3117958558870262,39981.7690981957
Kuwait,Mortalidad_Baja,1.786178044986614,1.549753914113419,-1.3971963002798224,0.1049492755822018,-0.5403529655610055,-0.6979820866987526,0.3949039540018141,0.1455640670056879,34018.6342879647
Kuwait,Mortalidad_Baja,2.237441854335258,1.5485680345567756,-1.0037106421117492,-0.4506863096895078,0.05204878747377265,-0.9876470858693471,0.9825101977898564,0.10585634533234563,25236.0755520534
Kuwait,Mortalidad_Baja,1.7705723930684805,1.5229871357036506,-1.1728794728542653,-0.05707024503607952,-0.9537118233745302,-0.9299689987184165,0.728248874183702,0.41796837635072914,31707.8737464917
Kuwait,Mortalidad_Baja,1.73584832561516,1.6360681955391034,-1.6280391995920755,0.28326173048890835,-0.8554845565694084,-1.085875468817209,0.7193143506053246,0.26719370296388256,32067.9623689512
Kuwait,Mortalidad_Baja,1.9323703119751943,1.5647146280355377,-1.4989763869174129,0.04826994781801109,-0.5052960327205799,-0.9978817185961937,0.793964182126601,0.22639988716951767,29047.6535822842
Kuwait,Mortalidad_Baja,2.1169057510373723,1.6137993949855234,-1.39188859949705,-0.07571610352629046,-0.2523590031171758,-1.0171857695529603,0.9057747666748769,0.1876199469731133,27323.6890643847
Kuwait,Mortalidad_Baja,2.00803644589244,1.600129453145572,-1.4903560495489205,0.021815503869895354,-0.3529461583157109,-1.0227111289200173,0.8350027566913051,0.1783916244402481,29882.2126867068
Kuwait,Mortalidad_Baja,1.3651698005574255,1.5516576603743022,-1.7864747285850104,0.5893106167250449,-1.1334997962227311,-0.6312722706756605,0.05016067116567122,0.22886340704618968,44368.781373043
Kuwait,Mortalidad_Baja,1.3933635643420084,1.8183998504784489,-2.0297173881934594,0.9700292413757944,-1.2166560588193367,-0.6806870357090947,-0.031955920663169296,0.19749777695956797,49651.0439709448
Kuwait,Mortalidad_Baja,1.3762202316394863,1.8929784773826928,-2.1980817476782906,1.1227121577070511,-1.2390969178919513,-0.7855890957468951,0.0031273194154503433,0.17795925535279436,52155.2225460479
Kuwait,Mortalidad_Baja,1.3421695835302356,1.7982601106345146,-2.205556662253542,1.004947295892407,-1.1846670335758178,-0.9378058915886837,0.16220590855456138,0.16639594149561998,49169.6063983139
Kuwait,Mortalidad_Baja,1.7179667234452212,1.9207465920088809,-2.0717203763810326,0.7889607178869583,-0.7091813582705119,-1.1330783522659351,0.5301873915179026,0.10452270867042397,39212.2522190461
Kuwait,Mortalidad_Baja,1.5302830634679665,1.5712426141691254,-2.2252689255395426,0.6658090486103809,-0.7026068656778972,-0.9998219833023437,0.37114252292342076,0.1128564248896268,37907.1001320042
Kuwait,Mortalidad_Baja,2.1187296192621194,1.5626264115495028,-1.7924751945965156,0.0433629368013658,0.1285608019599136,-1.1278020477839925,0.866981086870155,0.03495488886731031,55585.1889344442
Kuwait,Mortalidad_Baja,1.7434533207899199,1.406600122818327,-1.818359546586911,0.15598428178460386,-0.24572945265496385,-0.9025180689875294,0.487257930871565,0.0664308795886995,45709.4132876371
Kuwait,Mortalidad_Baja,1.7191096637304282,1.626931456743959,-2.00132136128204,0.4679632986727276,-0.3990253337031276,-1.0148767405590375,0.4797019282689052,0.06056707779576695,42946.6374104066
Kuwait,Mortalidad_Baja,1.8258425293720533,1.8656103269148785,-2.5117622320803155,0.976921525845245,-0.3596601852115628,-0.9509650162406217,0.34439940421950355,0.02729847811747073,36122.6142741227
Kuwait,Mortalidad_Baja,2.3082150848276193,2.177638218103169,-1.7996718637726188,0.7058954932396404,0.15992548574500284,-0.49566218086959346,0.1637166276782603,-0.045618431289822015,27552.2827399787
Kuwait,Mortalidad_Baja,2.451921408070991,2.1403216452449776,-1.3452807759067893,0.3081937178095088,0.3905530898744028,-0.503128411925502,0.3210941790124763,-0.05852295160026144,22690.655175144
Kuwait,Mortalidad_Baja,2.7193042685877082,1.4081621131179174,-1.4620473007247352,-0.5088671532187105,1.2388855688655582,-0.5845799652795904,0.8145003964634593,-0.08792761693042056,18512.7523035862
Kuwait,Mortalidad_Baja,2.280933085548884,1.5437011626304822,-1.8647797337876209,0.14704917156167713,0.59418403138102,-0.4060275771286585,0.2811550853630252,-0.05112538028362069,17374.2318664227
Kuwait,Mortalidad_Baja,2.707152767629431,1.397722975591734,-1.3835551526039396,-0.5675726663826758,1.2647580256806155,-0.5874456236059259,0.792679174036225,-0.09942582290465417,19296.3471698729
Kuwait,Mortalidad_Baja,2.1985724374020204,1.245242452348762,-1.3754512064295323,-0.5065201613075363,0.7390128996101789,-0.7349648533179133,0.6937944169945255,-0.009855119469735036,16168.165602374
Kyrgyz Republic,Mortalidad_Media,0.05110231470235433,-1.1466478965978433,0.5073835391042848,0.35391251963832293,-0.6864109228014642,-0.1796212327781299,0.05975096708828328,-0.09818765345734233,1739.72018344174
Kyrgyz Republic,Mortalidad_Media,0.0701859740678554,-1.1067467666520108,0.5160100255857509,0.4165102002127535,-0.5555801688142772,0.021811621651505304,0.037936683707074204,-0.1368956238256702,1349.99730650542
Kyrgyz Republic,Mortalidad_Media,0.025066562610695724,-1.1205060755744551,0.5174479672032268,0.4103980158065284,-0.6047839813625668,-0.03187037610226874,0.03457283408033753,-0.12621899710501086,1229.51766602907
Kyrgyz Republic,Mortalidad_Media,-0.016727431549086926,-1.150364176743021,0.5025596382123415,0.35965834331205704,-0.7273865239421763,-0.26018791191066304,0.005996051780864497,-0.08896710721739172,1421.99927504102
Kyrgyz Republic,Mortalidad_Media,-0.05260068574253029,-1.1061054961275045,0.4774110960905085,0.4500585222723292,-0.6674035562249172,-0.15305607515668304,0.021252197495344138,-0.11132585760964259,1283.5203037417
Kyrgyz Republic,Mortalidad_Media,-0.09536867097097708,-1.1049931014328631,0.5073203156002368,0.45822788250198443,-0.614427824901587,-0.08955050011232611,0.037788031871700926,-0.11762837136675951,1221.39046807082
Kyrgyz Republic,Mortalidad_Media,-0.18323629232348665,-1.1245875968578356,0.526278947888097,0.43840963066155436,-0.6472447248179369,-0.18334902542685996,0.11813256775807861,-0.10672015579756489,1103.27489428412
Kyrgyz Republic,Mortalidad_Media,-0.2446754920490243,-1.1512378667351477,0.595013717001001,0.36484765543436654,-0.5744498552004431,-0.2567121681616629,0.31478621198399753,-0.11539193209326805,1105.65193844261
Kyrgyz Republic,Mortalidad_Media,-0.4267777411193717,-1.1639732711857385,0.5719588256234835,0.42417888017808825,-0.7175034536687103,-0.3521588909931093,0.37715000598993154,-0.0962955592490586,1264.52668823891
Kyrgyz Republic,Mortalidad_Media,-0.45195443081956993,-1.1350053329339338,0.5495720864836635,0.4832993875920887,-0.6984814981307251,-0.30446783775547814,0.2875564522607031,-0.08343780406277913,1269.66303464348
Kyrgyz Republic,Mortalidad_Media,-0.5222761071629866,-1.133880653800499,0.6000316804685168,0.47409305191698436,-0.6010390763688077,-0.2775292349165044,0.473372015438575,-0.0945983481681408,1168.62244675446
Kyrgyz Republic,Mortalidad_Media,-0.6912892982578638,-1.1218116897488595,0.5511561854942371,0.5949401049479461,-0.7434321934408572,-0.2663532134127444,0.33084229421753725,-0.0735087274495951,1117.40174350185
Kyrgyz Republic,Mortalidad_Media,-0.7465026918972023,-1.1411545556464593,0.6241253009653721,0.5358662177437217,-0.6499698555994787,-0.28173412676192483,0.43016564067050406,-0.0623423162328371,876.954476440354
Kyrgyz Republic,Mortalidad_Media,-0.7576006572073037,-1.1015922631876232,0.6431804749186425,0.577085918510057,-0.5041367218462712,-0.16737847980344697,0.46101325052729475,-0.06084774228904447,870.198894546917
Kyrgyz Republic,Mortalidad_Media,-1.0985531865581148,-1.0165070852737095,0.5746059607907369,0.9004400040736957,-0.5660136225175894,0.105010879494403,0.5371772698719672,-0.11093523456618341,966.388569370494
Kyrgyz Republic,Mortalidad_Media,-1.2715619612905047,-0.9838765157985789,0.6099418628916641,1.004334638333161,-0.47252390287788054,0.27386215178727535,0.676498197653216,-0.15258748687348805,721.771577544361
Kyrgyz Republic,Mortalidad_Media,-1.4672389384230504,-0.966119056248703,0.592349912870549,1.133353726905575,-0.5476902456199665,0.35788982136857617,0.6937951217848087,-0.13743532500938652,543.113512472219
Kyrgyz Republic,Mortalidad_Media,-1.518159526125796,-0.9594609700038219,0.5693545317531351,1.1718314055230203,-0.6001169664197818,0.3324064470888206,0.666878898037391,-0.07058994130871481,476.548193640077
Kyrgyz Republic,Mortalidad_Media,-1.6590099951602901,-0.9139930125262711,0.5095705031899262,1.347058398065152,-0.6781744803409406,0.46590011123289193,0.6187312166997265,-0.026954823891521398,433.233873286
Kyrgyz Republic,Mortalidad_Media,-1.8770382746800722,-0.8733820838688666,0.4966694135066454,1.527339801682904,-0.7007131340675894,0.6617338438591077,0.7587043263793743,-0.014745393738687817,380.505828812441
Kyrgyz Republic,Mortalidad_Media,-1.987489943609165,-0.8504691105291318,0.48137438461515564,1.6111182632643355,-0.7181923938684887,0.7057731796493927,0.7375292778733809,0.024800945380002933,321.726775366804
Kyrgyz Republic,Mortalidad_Media,-2.1453290365142745,-0.811005250847074,0.38169595979396426,1.8116979379223925,-0.9101890592158624,0.7873552356540906,0.5762708953750124,0.13522485310618024,308.41129550148
Kyrgyz Republic,Mortalidad_Media,-2.0976818977783482,-0.7076066273214229,0.30569955092500284,1.9756527303745033,-0.7878801536174971,0.9935122553781903,0.3119319725979666,0.16975264456590575,279.621738464365
Kyrgyz Republic,Mortalidad_Alta,-2.999128546273222,0.4893138450498432,-0.22736115605860896,0.6172361871374754,-0.42161948677779004,1.269634691875541,0.8925313609497308,0.19157223987297559,364.250365258345
Latvia,Mortalidad_Media,1.6561310216148297,-0.8327789994417633,0.3265000969098902,0.17025586637925613,0.24392400839286757,0.1968428979887833,-0.17397063500934482,-0.34481214265615057,20227.2307431581
Latvia,Mortalidad_Media,1.4055615338943943,-0.9084062765835788,0.3559720615467623,0.07270785829518735,0.0012837897857591433,-0.2734459004008575,0.011215665176963383,-0.38288615361628003,20261.8887788916
Latvia,Mortalidad_Baja,1.497148410146546,-0.9603488242597525,0.3864413865575264,-0.0010253778391456415,-0.08403890135548531,-0.2368548255243092,0.10366591593811472,-0.20874268130783202,17564.2321549354
Latvia,Mortalidad_Baja,1.3526909587854254,-1.0428946944185988,0.41830352718628677,-0.10535348293838752,-0.2947417532312527,-0.5617477672548519,0.3417492175294845,-0.15489473286922573,17294.9751600969
Latvia,Mortalidad_Media,1.51549792993648,-0.9432808910232071,0.39386356009464446,-0.029358055957970978,-0.03971429708887314,-0.33479262144818617,0.13779744508222522,-0.22432008882442983,17252.1710428626
Latvia,Mortalidad_Media,1.8850452792526797,-0.7771011134079879,0.36836288734866907,0.10716848493103229,0.4520833149440087,0.2688272773794097,-0.29693967084454,-0.3004225653232589,15132.4958333982
Latvia,Mortalidad_Media,1.6936116205315148,-0.8925135490413821,0.44837106388411446,-0.04648989019064258,0.22104741510053638,-0.08602393608732256,-0.05743829518755629,-0.2548825903217511,13838.5266823272
Latvia,Mortalidad_Media,1.6296334155590702,-0.911480567879943,0.4482892697274604,-0.04706463460452281,0.1778307721473744,-0.12824447487293197,-0.02170056947491682,-0.24977414886190744,13321.9753140616
Latvia,Mortalidad_Media,1.4474396961791183,-0.9848459045839683,0.47658011056131044,-0.11833065284247359,-0.00013672778932454242,-0.4000942710656026,0.15884386786691257,-0.23968341648723462,15185.814581236
Latvia,Mortalidad_Media,1.3965745114250478,-0.9835735192484173,0.47251903642344817,-0.1042752272344287,-0.06733291937525655,-0.45756390440381817,0.1280497667038092,-0.22676635169846177,14484.4715282132
Latvia,Mortalidad_Media,1.3687818156195497,-0.9711129362311678,0.45212498264701245,-0.06306155492248554,-0.04481186943792817,-0.4188337674984502,0.10208673941844905,-0.23441276072569275,13329.3499931271
Latvia,Mortalidad_Media,1.360245385619347,-0.9666003972881478,0.46188090564077006,-0.04923295290345284,0.007255763691314428,-0.34596942556602767,0.05136513183592237,-0.2433867726891257,12902.574053337
Latvia,Mortalidad_Media,1.4579470213765318,-0.9213044833470935,0.45591798758246427,-0.027333280611398864,0.18021218428456273,-0.22306414032427846,0.013339088606709458,-0.2610226292836687,11188.4191700977
Latvia,Mortalidad_Media,1.4580093467382915,-0.9401164252089841,0.5234061622324085,-0.12081872404694144,0.1935390154455153,-0.3402004996655604,0.023006674398342843,-0.2654234668404072,11996.0322729773
Latvia,Mortalidad_Media,1.3753035505637334,-0.9185677779622416,0.4920576802699562,-0.06103002242350281,0.14299690898962145,-0.3899911426472964,-0.033778627513789586,-0.29435570355257773,15677.6080864506
Latvia,Mortalidad_Media,1.1600304445403886,-0.931097416185018,0.45781450430759113,-0.006032137317513531,0.03666818050019759,-0.5452254828241547,-0.0073972501070300786,-0.3711523876290355,13370.9789452508
Latvia,Mortalidad_Media,1.122085420587014,-0.9566514886073476,0.4919977799723802,-0.05295231522300671,0.02605949279552446,-0.6080632049022302,0.035034889418142645,-0.3657834992305541,9211.7374468148
Latvia,Mortalidad_Media,1.1034675408413874,-1.0026567284923922,0.5313753783168423,-0.11573531047592339,0.017582681659306015,-0.6282610496666674,0.1355767760361953,-0.3175537260866802,7283.78738127622
Latvia,Mortalidad_Media,1.0522456916065956,-1.021347718922907,0.5137122431064736,-0.08218423797687262,-0.05923045398399253,-0.5901031351053522,0.15726060739608308,-0.25213260995467335,6109.73265186817
Latvia,Mortalidad_Media,0.9639279206710096,-1.0446020175106394,0.5484278717827336,-0.12338162205647668,-0.08619040641605769,-0.7069427588940851,0.17335570287557037,-0.28121226417903955,4914.57992829302
Latvia,Mortalidad_Media,0.8744518139409255,-1.05303229574734,0.5466700560573624,-0.08425359373504379,-0.10871054933937052,-0.6637009202091567,0.13931201394310389,-0.28936534596693936,4003.60935783538
Latvia,Mortalidad_Media,0.4190732662607462,0.12377020652234758,-0.24450647191688973,-1.378058144526936,-0.25441214371120763,-0.3251685404517568,0.14280467221828663,-0.273012382931483,3504.61829462397
Latvia,Mortalidad_Media,0.19455144054905982,0.06669510348634955,-0.23649452547510355,-1.3755715978359675,-0.45757732861514067,-0.49063267723328063,0.18670032063997458,-0.25627077247785984,3278.17896440803
Latvia,Mortalidad_Alta,0.07721642851473765,-0.9440587752672622,0.3684277301584536,0.4160436184111437,-0.31539901389506225,-0.7020172825574716,-0.05762249849654189,-0.4801751398435303,2256.77360387054
Lebanon,Mortalidad_Baja,1.3886296819433106,-0.1675425994301407,0.8711455628474059,-2.8796848336979113,0.356681064844999,-0.8406891866552333,1.2381464737698775,0.3755329371504372,3654.35845534878
Lebanon,Mortalidad_Media,1.4858236521084123,-0.11983650549397817,0.938216576449907,-3.02380539046357,0.9271007978617591,-0.9597487043843302,1.2914712426638915,-0.003996822793071794,4045.37391066234
Lebanon,Mortalidad_Baja,1.2899446884238435,-0.23447095575193014,0.5419860909153418,-2.707004150426472,0.5141213750484851,-0.779975297561591,1.2965881642866803,0.17673669065331846,5561.19166950397
Lebanon,Mortalidad_Baja,1.033207328046887,-0.2215321067489557,0.276289897488917,-2.3659779092014155,-0.0916156064496327,-0.8015496574460905,1.203921711607067,0.33998420795320394,8905.88005497437
Lebanon,Mortalidad_Baja,0.9964297641843065,-0.19906144598968162,0.21423500816891847,-2.2562015132947093,-0.16945581021298628,-0.6968811853528799,1.0768636915445393,0.33186028161911313,9174.53666204759
Lebanon,Mortalidad_Baja,1.030097131876046,-0.1428712989248873,0.1668547497974203,-2.164356360202599,-0.18821876253696024,-0.6173013916650761,0.9372575191409899,0.3132171313217384,8608.21084982387
Lebanon,Mortalidad_Baja,1.058523734967446,-0.11952974397176197,0.14553592876751145,-2.10350645207027,-0.1835994443150435,-0.4795784657736138,0.8063613196044347,0.30571432994307723,8089.012088155
Lebanon,Mortalidad_Baja,1.032674438653275,-0.13612760822237996,0.12924696505053018,-2.0809539017330123,-0.17395191004590868,-0.4073386604251472,0.7955724618174048,0.2906689967551586,7714.1099998804
Lebanon,Mortalidad_Baja,0.9249011097232935,-0.19185823665342674,0.14143101707718803,-2.104716863239665,-0.244997970935716,-0.454416907214197,0.8882908483923616,0.27981813597512517,7577.6413302369
Lebanon,Mortalidad_Baja,0.8852829942823078,-0.16659977132645173,0.08889130398265688,-2.020788937095833,-0.30757206403734916,-0.4289836095147664,0.8140052249449858,0.27277451097738037,8162.37929361396
Lebanon,Mortalidad_Baja,0.9324278723599204,-0.14991185159208198,0.08972982798379939,-2.0415166321781952,-0.2570219946368019,-0.47448267427700097,0.8521652841966846,0.26314817927678175,8406.98405608118
Lebanon,Mortalidad_Baja,1.374347750096513,-1.3429422608474688,0.9294132780971303,-0.7992494332799736,-0.05972093779459419,-0.828405466282308,0.8418567953199347,0.23634020972575184,7834.96257108993
Lebanon,Mortalidad_Baja,0.9470251211270969,-0.11080903644067666,0.06966444146564887,-1.966698292133609,-0.18297118691709843,-0.31773223339303075,0.6937694306609536,0.2263574643399974,7625.81051551165
Lebanon,Mortalidad_Baja,0.847698100907828,-0.07794983875875715,-0.01162480711616333,-1.8320564504961638,-0.28791408809583363,-0.2931461325990059,0.5944398134628439,0.2209741825126304,7090.85493856621
Lebanon,Mortalidad_Baja,0.9852038590899839,-0.09416165452365705,0.10798511497809182,-1.9619572289482134,0.009241202646116898,-0.12517278413577002,0.5952147570520793,0.17440888895098783,5912.04532820842
Lebanon,Mortalidad_Baja,0.7844406998948247,-0.15318785067113078,0.12010917041774526,-1.9492220649927736,-0.1714135790314384,-0.19669328610903655,0.6090353553079623,0.19127940712190086,5125.25809960149
Lebanon,Mortalidad_Baja,0.7556255674630946,-0.1645098472027122,0.1684452756200338,-2.048621938736718,-0.10919142572996936,-0.41764230290200877,0.7275049830579179,0.1365263435640505,4635.2514117486
Lebanon,Mortalidad_Baja,0.809885930631961,-0.0998140398506979,0.10848079410934132,-1.9529820398664774,-0.13389436281971143,-0.3601690774400479,0.5743546772013326,0.1891155762055609,4602.19804637945
Lebanon,Mortalidad_Baja,0.35923399768763103,-0.23851336215176755,0.09412238272809977,-1.9901185672508097,-0.6382171590817396,-0.8876567430861103,0.8838915393878407,0.24558374291583251,4600.68371412993
Lebanon,Mortalidad_Baja,-0.04060198297033104,-0.16692915492305768,-0.16312074775019395,-1.5204629475144442,-1.0309481821833377,-0.6846498085229056,0.59879067697523,0.24450619129120887,4437.71588507526
Lebanon,Mortalidad_Media,-0.06047448779774943,-0.1616659677083808,-0.14464043760677348,-1.5346753298048585,-0.968406307496543,-0.7072028523506888,0.6176338819061652,0.22910349685203493,4290.85283803266
Lebanon,Mortalidad_Media,-0.06196925079723171,-0.16047426267763942,-0.10803584700760989,-1.5782891449404655,-0.8686726824305985,-0.7419420675656749,0.6639870671890404,0.2106108085456811,4009.55929751102
Lebanon,Mortalidad_Media,-0.1181914638318629,-0.16115586748322866,-0.08705023499391701,-1.5769131052034295,-0.827786128823192,-0.7385702281151147,0.6634934771166993,0.19926977431719292,3986.83513941026
Lebanon,Mortalidad_Media,0.24064230651837024,0.15162044638526534,-0.16613635291509438,-1.249397260597254,-0.023596927903605066,0.094837690475498,-0.023493901569032635,0.10721424695893694,2958.74263957462
Lesotho,Mortalidad_Alta,-1.409639495235939,0.49700481546095726,-0.08255521145275543,-0.6710859242226264,0.7063452213482821,-0.4462735042670793,-1.168819943546621,-0.05384852648339273,1030.12579628833
Lesotho,Mortalidad_Alta,-1.768002908311436,0.4403517749912412,-0.02476702371622832,-0.725785462487721,0.6000659850986644,-0.8266100646280148,-1.0662893687526203,-0.1510637997498544,1066.58643600093
Lesotho,Mortalidad_Alta,-1.7155632381932047,0.38588279533064573,0.054241198278755794,-0.868464649761687,0.6126597281986562,-0.9214959136435849,-0.9695040327035223,-0.03493500028266047,918.582577421982
Lesotho,Mortalidad_Alta,-1.6507470447074235,0.42303669997776605,0.05416804158056008,-0.8811483212907937,0.7049778194640596,-0.9660269575448127,-1.0050104858213313,0.03088231318926142,1082.05706777516
Lesotho,Mortalidad_Alta,-1.676085313597312,0.4457841226559485,0.07075086634980388,-0.8661786188001949,0.7859624836894188,-0.9396283897463921,-1.0972028892164984,0.02641601674284674,1170.65569702819
Lesotho,Mortalidad_Alta,-1.151459087979002,-0.6574452489038063,0.9108184079707925,0.42123452875410533,1.3038980878686495,-1.1692481471688925,-1.1440497003110273,0.0027258400725380747,1069.36673247542
Lesotho,Mortalidad_Alta,-1.5195437204853872,0.610192997713947,0.06798111339495502,-0.7415543206539748,1.3272734263982853,-0.5704437329858358,-1.3875805495107831,-0.07405611402895851,992.491840678465
Lesotho,Mortalidad_Alta,-1.5903052181833526,0.6605558087255161,0.021517165178494318,-0.662714362853633,1.2911301658309087,-0.6539779025789936,-1.5491135919470445,-0.10772289887385732,1121.19851342518
Lesotho,Mortalidad_Alta,-1.8520238382240186,0.549248179287835,0.1304698005365657,-0.8247521325959627,1.1709080787390311,-1.0220369865010617,-1.3066954280670051,-0.1013749822139337,1173.5377928819
Lesotho,Mortalidad_Alta,-1.9464093975815289,0.5440817260963824,0.1760246534636866,-0.8693608473351147,1.3100928607984608,-1.1192514172820003,-1.1610285567607264,-0.16453741623096815,1151.03735837227
Lesotho,Mortalidad_Alta,-2.075558704402766,0.5699741919677134,0.14155584830618553,-0.7813250345058191,1.2673740912440927,-1.1380745685640343,-1.2932167335359581,-0.2433369355548468,1217.93071228944
Lesotho,Mortalidad_Alta,-2.1862512630427977,0.5841587025310505,0.12311845845796374,-0.7459410078241525,1.2321878765379264,-1.2484459165762496,-1.3436808552177923,-0.32043501030300975,1280.73390931581
Lesotho,Mortalidad_Alta,-2.2369114013116436,0.586107990062269,0.18715751730683347,-0.8126938291686836,1.3935404112645722,-1.3423573774492887,-1.2640998957771679,-0.31911365507066675,1119.47557793042
Lesotho,Mortalidad_Alta,-2.3540103336964013,0.5752111832826237,0.2504360741134083,-0.8214945500606312,1.4888947678348132,-1.2957273487088972,-1.3159522850789096,-0.3409560873188921,878.847950537772
Lesotho,Mortalidad_Alta,-2.6345851279325587,0.6585113113015265,0.11148503640408736,-0.5500497971037114,1.3086060586336965,-1.334566672908026,-1.5871198786298994,-0.24236669630463448,898.482517882593
Lesotho,Mortalidad_Alta,-2.594501156182225,0.6228575690315833,0.16826048219068396,-0.6156021533169355,1.338760648041008,-1.253836525012059,-1.6427975841822593,-0.36916254763081574,861.188420899563
Lesotho,Mortalidad_Alta,-2.7518618667927295,0.6130364804514936,0.15232044483967308,-0.5783221874733266,1.23285688746301,-1.3714530714858588,-1.6407800427925436,-0.34731636885425765,925.467485502842
Lesotho,Mortalidad_Alta,-2.7127376124455744,0.5934215202718884,0.1853305937207017,-0.6265159686514304,1.288400378207846,-1.3363361555749917,-1.523424876920627,-0.33892807857251983,861.381496414995
Lesotho,Mortalidad_Alta,-2.691182706210314,0.5833225820713127,0.17439070957806974,-0.6192029176159838,1.245287924982793,-1.2956025301821752,-1.4948958818608724,-0.3425441171945988,766.685820928242
Lesotho,Mortalidad_Alta,-2.5996096447499677,0.6033510852365637,0.127336847868021,-0.5990007036184349,1.238255122978661,-1.287821911703301,-1.3884996157201335,-0.3150735707786738,583.270036200288
Lesotho,Mortalidad_Alta,-2.0832888017163715,-0.5641856288995128,0.8899521847237006,0.7066176797895305,1.35454174995022,-1.6194654978715037,-1.35632574730162,-0.27698142505722473,388.92334985135
Lesotho,Mortalidad_Alta,-2.5704340827233514,0.6031161475991034,0.0661307966628826,-0.5039793576805557,1.116391822917763,-1.1147063615205512,-1.2295635929724633,-0.199724543819626,412.677473676821
Lesotho,Mortalidad_Alta,-2.382036016381961,0.5503485760363147,0.1417779004125526,-0.670989036095074,1.1808534150982184,-1.116246226824885,-1.099876449548435,-0.09092921012107281,442.779545779081
Lesotho,Mortalidad_Alta,-2.140073559762053,0.36113053100056974,0.16990742554554097,-0.8590336764682698,0.7311632799704143,-1.0602246746867763,-0.5871122239175751,0.4202653395176331,513.413448796175
Liberia,Mortalidad_Alta,-2.957325772507991,0.46451843143852833,-0.16435761730650109,0.4192279321519044,-0.26056488815026746,0.9329033776268217,0.5730428514594184,-0.0692118297429746,744.617175237387
Liberia,Mortalidad_Alta,-2.999432298075006,0.49531472955028716,-0.14287366241524246,0.44458538982780854,-0.13772111789700794,0.9779445235765593,0.5630517120538973,-0.10230207309175693,667.96610514319
Liberia,Mortalidad_Alta,-3.099748838564825,0.4569155007254094,-0.04472969713023731,0.3766493689507757,-0.06650053743547016,0.9755032818503117,0.8331497400273771,-0.08438366946569739,616.787867006715
Liberia,Mortalidad_Alta,-2.9356092924411725,0.4785861877994637,-0.07233000732209857,0.28979555158393067,0.02781076861092327,0.7814426972666985,0.7437895491869689,-0.023342257593465515,658.164180770507
Liberia,Mortalidad_Alta,-2.760875223301736,0.51280156104128,-0.024325689666127963,0.23585314870951918,0.2877592994418087,0.9308153821011487,0.5701330135377202,-0.023932193528127695,692.203127129794
Liberia,Mortalidad_Alta,-2.774886383283761,0.5057668979473978,0.02189160792895477,0.18692047351097008,0.37315327873567167,0.9005920587741238,0.6478184222802301,-0.016696554895215966,699.269095727404
Liberia,Mortalidad_Alta,-2.2113519320091495,-0.6356801250830967,0.8710787694102403,1.4313572989711767,0.7773391678351677,0.6589321719944506,0.5716001112136527,-0.04503076328149163,714.613063145659
Liberia,Mortalidad_Alta,-2.709795987645003,0.5824585257261156,0.0187253404521867,0.20895496835286803,0.6237985780391262,0.9328328342593796,0.3862307043590381,-0.05934602822695035,692.590082351257
Liberia,Mortalidad_Alta,-2.5881045399029037,-0.5695062972814694,0.7653385800949495,1.694589666990841,0.596241563259915,0.5981075786318344,0.40840548911183594,0.003711984505604226,706.714490064507
Liberia,Mortalidad_Alta,-3.2555286121214,0.6233526406965109,-0.11530709546689472,0.6384401382923159,0.1848775283309756,1.142870721043527,0.5049243841705375,0.035108008417027894,710.744570927863
Liberia,Mortalidad_Alta,-3.601146155875563,0.69783232595455,-0.11737515247387774,0.9327302233177075,0.21235122818887667,1.5220983588547017,0.8100249084597442,-0.028038343427278557,638.368751462083
Liberia,Mortalidad_Alta,-3.212497939406638,0.5306144797081924,0.25687427785012784,0.24567491435954156,0.7809060401405071,1.1782189708999031,1.1551801257942964,-0.003252443042771665,568.087865520004
Liberia,Mortalidad_Alta,-3.2944140599728415,0.46752536626498337,0.347959407518002,0.09590869258877707,0.8042402313501323,0.9464324840650522,1.421173959011,0.040819900155536826,492.252808033724
Liberia,Mortalidad_Alta,-4.2976445533134005,0.6274291935979591,0.1349869966817114,0.9962327395872602,0.2863666604995065,1.672237983166965,1.716520732555834,-0.04308322185789014,448.386367025545
Liberia,Mortalidad_Alta,-5.034374979755477,0.6990911361363786,-0.011219752107240891,1.544050965450044,-0.16961933586225827,1.9348279421540342,1.8778985335145135,-0.048391081422976275,451.713856283285
Liberia,Mortalidad_Alta,-4.3094450340694355,-0.2805709100442755,0.7518981886533995,2.9854886963095644,0.5362564123066343,2.0325844722127364,1.5519530010817095,-0.08866345635108415,374.211308104278
Liberia,Mortalidad_Alta,-4.915975542832081,0.7977329291526253,0.05228275665775052,1.5029376654075184,0.3153376375351909,1.9865132488713293,1.6620489640202787,0.037686700691762005,320.55808618515
Liberia,Mortalidad_Alta,-5.177584845939633,0.8959932945675044,-0.004562670890750901,1.763671059940249,0.3483612145331726,2.1633986809586405,1.554452334032503,0.09170839532891613,287.487333441381
Liberia,Mortalidad_Alta,-5.3327416743000615,0.8944309927496268,0.03564480946336235,1.7206904544885113,0.4099315357509821,1.933364543424026,1.5403606265315886,0.2135205882621355,284.140223992458
Liberia,Mortalidad_Alta,-6.081056997781562,0.9647029360622622,0.05909602460172035,2.0421461621462544,0.3875401054680046,1.9527480925260914,1.8778088580530259,0.12375145878957348,239.779556677091
Liberia,Mortalidad_Alta,-6.393133739756007,1.1568012815212292,-0.02492676466051829,2.569538423387434,0.5196353510971563,2.6968273535875156,1.7914874236807092,0.2864764589731178,299.536445539621
Liberia,Mortalidad_Alta,-6.423054984965186,1.1840660164229364,0.026493049528973973,2.48094914645651,0.7430527956460414,2.469928115091647,1.6425251517144313,0.4492036023232276,300.463828598983
Liberia,Mortalidad_Alta,-6.583120994863717,1.2337587712852458,0.06693356594857643,2.497757808942976,0.9422563259686284,2.3486476333308044,1.5555653132792788,0.5696159108737607,298.485340578945
Liberia,Mortalidad_Alta,-5.97253708640193,1.2882628202782203,0.2863319427790744,1.4386767112579715,2.192034211294093,0.23586552737781638,-0.03151201138955384,1.3106380581309744,62.1438140627579
Libya,Mortalidad_Media,-0.44932957455054706,0.43111551006626614,-1.32972648851236,0.19481780435683133,-2.3032907911793323,-0.13075013564436752,-1.0180358406908083,0.09440496970702142,5986.63694851258
Libya,Mortalidad_Media,-0.4951235004723651,0.34773007460684563,-1.1150369974329786,-0.10422596296874316,-2.042805175094185,-0.3879614764272818,-0.7881235546126706,-0.0765184155569919,4935.82787349801
Libya,Mortalidad_Media,1.0938121564202352,-0.25040405146422245,0.49407772605071876,-2.708213767209126,0.5500475559539652,-1.0567966213219009,1.4843062354830823,-0.23229952584447217,6650.33810585348
Libya,Mortalidad_Media,0.3203383861693868,0.2679186547968231,-0.6305892504659064,-1.0550698281278372,-1.0029113911896732,-0.9947835748044486,0.3921488260827521,-0.07516808954097387,9963.19489084483
Libya,Mortalidad_Media,0.24443556731948615,0.25958771891568116,-0.7098836886933013,-0.8858319088846266,-0.978657258071762,-0.6122586265206897,0.18608172368497625,-0.07943907742840627,11196.5854810844
Libya,Mortalidad_Media,0.6732325682157718,0.26217404975229935,-0.4960372931677939,-1.284215300033652,-0.326190114620722,-0.7423007379378211,0.597144675347152,-0.15818658453135795,9965.83236729757
Libya,Mortalidad_Media,0.8392354205792041,0.02928655023207811,-0.03593157048634651,-2.0072199620244824,0.16618087595389328,-1.1310154206475687,1.2653728834159075,-0.23384437285018667,7525.80299308216
Libya,Mortalidad_Media,0.6220683827414731,0.0697174202244862,-0.1882520379960528,-1.7712152143796815,-0.13871191762318857,-1.1667707055594088,1.1084302345964583,-0.20725851768594583,7458.48917756374
Libya,Mortalidad_Media,0.5811513753194143,0.1965233542046055,-0.3642214079251829,-1.5031680123754037,-0.25827181334919824,-1.1097613615370203,0.8447316412331773,-0.21212998011870104,8926.42074591474
Libya,Mortalidad_Media,0.031259085967282746,0.26218048769164737,-0.705915726065768,-0.8134339590304842,-1.1831475736341304,-0.7080810374319817,-0.02871993586486164,-0.048344776851963533,11951.7134126011
Libya,Mortalidad_Media,-0.25221510029350813,0.4355473367351632,-1.0719698685598518,-0.23257219641594198,-1.6581637692088596,-0.5691450264582266,-0.510211059198201,-0.014774297433954836,14975.8902795144
Libya,Mortalidad_Media,0.2737433627346808,0.2248190928944796,-0.38843865478099665,-1.2501530443202336,-0.41499523695865276,-0.7828836746230006,0.2400473563608317,-0.2130863480582323,7593.8391525702
Libya,Mortalidad_Media,-0.38424159581192996,0.5194085468236092,-1.2495311173427817,0.07091017364701373,-1.8243595376927786,-0.3839286432203401,-0.8161497013639639,0.0202148494425754,11600.9068649472
Libya,Mortalidad_Media,-0.4264881359020743,0.44772618765163397,-1.1495798338330645,-0.046628033041413094,-1.7698343413953004,-0.3774902784201107,-0.7687531428244324,0.03161411536817921,9551.05403869755
Libya,Mortalidad_Media,-0.7525221892425467,0.5434960083738195,-1.4002856250031288,0.422270409743894,-2.2479371134461834,-0.18195633068976305,-1.31004115475251,0.08603205497543047,13906.1407818125
Libya,Mortalidad_Media,-0.7809835932999795,0.4859103559852712,-1.3040899331641083,0.2974669578131668,-2.189547172377468,-0.23885380835940515,-1.2254387449591786,0.10333145609099936,11144.9448413435
Libya,Mortalidad_Media,-0.8627470080839134,0.5633061134571822,-1.4515402898077536,0.495176305459207,-2.284186344816234,-0.2566477702973639,-1.3079890351113297,0.12495387172880237,10048.8480434289
Libya,Mortalidad_Media,-0.35073617061364704,0.39985530700218425,-1.0176554709503467,-0.3233068448786799,-1.3918035501659825,-0.6637944330686351,-0.3934171572475717,0.07472136885064264,8079.24957329001
Libya,Mortalidad_Media,-0.22399368598520852,0.17273216925658186,-0.6734139694319917,-0.9540260825168774,-1.011680644571021,-1.1059654967626102,0.32186549244599816,0.06938679632534682,5773.76333234281
Libya,Mortalidad_Media,-0.25951468002866784,0.17454181522350415,-0.6455537751507007,-0.9589425014320488,-0.9571635849031649,-1.087956610921709,0.3740141741047845,0.06368769492512699,4674.09943200321
Libya,Mortalidad_Media,0.04019936249441429,0.11396514892686557,-0.33334689311173415,-1.417476265863628,-0.4043986208790002,-1.2202908389539004,0.8628500897345888,0.01713623953140638,3718.29434696755
Libya,Mortalidad_Media,-0.7130395108076697,0.2538941700423331,-0.6402558976502949,-0.6024362412187664,-0.9705031680816666,-0.6409788472803051,0.7673396824022914,-0.034345526457919356,6312.80030498965
Libya,Mortalidad_Media,-0.45135930576702843,0.23342164419666017,-0.6762151049954214,-0.7865752374656454,-1.0535965784955785,-1.0131818852817236,0.28687333019117317,0.07651410699538379,7214.10040377084
Libya,Mortalidad_Media,-0.3009020586557213,0.3224352800045294,-0.5734672102238809,-0.7575018033144894,-0.49765159899727296,-0.5226896318917268,0.32263970485755195,0.08416570828524789,5205.25706378741
Lithuania,Mortalidad_Baja,1.861896667058533,-0.7603334064196787,0.2623717078388658,0.23308755631190275,0.28308961355834933,0.3186265303514448,-0.3064116233037339,-0.24388929276600704,25085.784063499
Lithuania,Mortalidad_Media,1.9765032245830905,-0.6244765240966613,0.19824960831626187,0.3465473597814678,0.526944997727075,0.4096935483493549,-0.49946133537369924,-0.38166673952085284,23870.4594851722
Lithuania,Mortalidad_Media,1.8840930005733894,-0.7100310676559946,0.2289514630507827,0.2703594447850402,0.33483151279881174,0.26807218163385266,-0.3356214181369528,-0.284584563159885,20428.6478157394
Lithuania,Mortalidad_Baja,1.6216701051203108,-0.8712833649256009,0.2716376191593206,0.11188200635017034,-0.14279147075546988,-0.2536784138963309,0.061240894152618096,-0.12181239716324882,19608.7943945553
Lithuania,Mortalidad_Baja,1.6555628055429876,-0.8320067470897649,0.2734665120008012,0.135020629380995,-0.05102092799373803,-0.20395492841999194,-0.02905199606907802,-0.16757438285995196,19247.2315367967
Lithuania,Mortalidad_Baja,1.907737373842704,-0.6853468531159564,0.19973619893486536,0.3258317634134371,0.3417254085734937,0.3544305428982771,-0.40060464840160437,-0.23823096824586715,16800.1510246099
Lithuania,Mortalidad_Media,1.6715779703935907,-0.7886100758525176,0.27852375806329027,0.19781377409970427,0.11652311849672077,0.0011943734499549649,-0.2330205825348725,-0.24831922135429124,14934.2702840428
Lithuania,Mortalidad_Media,1.5722537894072297,-0.8006921464472911,0.2592776449286558,0.24346667644933356,0.050118663028810746,0.008215617546639875,-0.2663899084086625,-0.26654180889701173,14269.8039878287
Lithuania,Mortalidad_Media,1.435072693523945,-0.8640079640695099,0.27211240890855193,0.20339377440658643,-0.13701819767336737,-0.1659153853288849,-0.14888908938706652,-0.225060605389994,16446.1647181663
Lithuania,Mortalidad_Media,1.3724808481920272,-0.880267550633874,0.28959999037452155,0.1819390496089522,-0.1463028772596724,-0.23273974140320472,-0.12032130634399568,-0.2643740065277838,15636.5252586048
Lithuania,Mortalidad_Media,1.3570207625496258,-0.843252818585938,0.22606850217106436,0.2815130116335166,-0.14352779946519484,-0.15408091491585826,-0.1679835825881619,-0.27548957962643605,14288.1853493139
Lithuania,Mortalidad_Media,1.3345746936506275,-0.8482855713531053,0.24516851562457115,0.2597079095807114,-0.16269718958978588,-0.2090262807914761,-0.19434328057079753,-0.2820174516019116,14261.8433787325
Lithuania,Mortalidad_Media,1.3424427826154786,-0.8970032422773078,0.35341020892798136,0.10215950250001672,-0.11272921125137214,-0.34374888294211947,-0.09700514902474656,-0.28342535023603854,11829.122609457
Lithuania,Mortalidad_Media,1.5057676628792471,-0.809101336423821,0.34232204323644055,0.08192137303418469,0.08229899247160093,-0.4344997612997707,-0.02661631420664948,-0.3109784235572244,11854.3711053096
Lithuania,Mortalidad_Media,1.2679387175756685,-0.7479629594261017,0.15674563494699706,0.36790217140453507,-0.07944070446675511,-0.38724598322584497,-0.19230400820545648,-0.37182257557431214,14955.5345462921
Lithuania,Mortalidad_Media,1.1858350114291285,-0.742388432899036,0.15723458671644794,0.3949814792462079,-0.05991501361626251,-0.39668087178184186,-0.23718227427217894,-0.4251561313715221,12295.1212779366
Lithuania,Mortalidad_Media,1.1005264168389743,-0.7971686309324648,0.2009231018977501,0.35712461316084093,-0.11767730779334858,-0.39191473005515676,-0.21171691115022803,-0.39480689793849655,9210.10118229413
Lithuania,Mortalidad_Media,1.1053875650333311,-0.7944336221945119,0.19630656535988347,0.37256675959649854,-0.08977770561260483,-0.33762974710792254,-0.19907852530664738,-0.3814738620075161,7857.03148786492
Lithuania,Mortalidad_Media,1.1691730006703638,-0.7734681285337781,0.16581337166548193,0.3971173244282873,-0.0933726299369544,-0.3105632424749848,-0.19899411054239408,-0.3270121639005514,6734.57487061946
Lithuania,Mortalidad_Media,1.1787355079086346,-0.7920822098757911,0.1991544268900747,0.3550726178273346,-0.05520494807708447,-0.29807551866403315,-0.15858111831363142,-0.31927220874694734,5507.47434187652
Lithuania,Mortalidad_Media,1.0273418319445562,-0.8724558884780133,0.2585929446528365,0.2657784065992914,-0.17093700019658864,-0.47260971545900016,-0.009203588587364489,-0.31779317701451915,4148.13091485015
Lithuania,Mortalidad_Media,0.9131486259850667,-0.9143322838647295,0.2793648471635649,0.2564804553692819,-0.2781233484421937,-0.5165450914434682,-0.007225574251884849,-0.3035125549708759,3532.52787363242
Lithuania,Mortalidad_Media,0.7135682209395974,-1.0322809354367024,0.357459057545338,0.16400160078895507,-0.4793425677498433,-0.641042012217646,0.14707709486189824,-0.24450613007606908,3300.63634928559
Lithuania,Mortalidad_Media,-0.3113902030885688,0.243659820680286,-0.5890865892583256,-0.7243095602291684,-0.7647701654486995,-0.2931676308845929,0.2214667135640145,-0.38668093836018635,2182.69156931505
Luxembourg,Mortalidad_Baja,3.9604407322896025,0.8536390925509303,1.596747298772513,0.027696861930280505,1.049728205931644,0.2252765795628997,0.32428729684107765,0.10667887214746577,123719.658915996
Luxembourg,Mortalidad_Baja,4.112690334547738,1.3166949593891628,1.7576440498415038,0.2861754438246045,1.0031153477164925,0.1682912063540139,0.29942880001431577,0.058869339093535325,134965.815442152
Luxembourg,Mortalidad_Baja,3.997050141143625,1.219884396609983,1.7207807905405572,0.25844546551335196,0.9531035556331886,0.13670569242675545,0.28022267839567067,0.039219313363964024,116860.02817236
Luxembourg,Mortalidad_Baja,3.994394749446777,1.1848614251087954,1.4141983792318138,0.36985196726032005,0.9040174447391065,-0.06970694348999683,0.4732177222635703,0.08006579463212851,112696.649059674
Luxembourg,Mortalidad_Baja,3.8580150335644667,1.0161026018830863,1.327973752272054,0.27196939519222874,0.8434606758409713,-0.26635108067482544,0.6259781454778729,0.07647101617875303,116926.759593905
Luxembourg,Mortalidad_Baja,3.8488659928669477,0.9995867077580345,1.3750700935215399,0.22215038554693853,0.8604039745911144,-0.28965583800239214,0.6479989702659018,0.06331240317770302,110193.213797228
Luxembourg,Mortalidad_Baja,3.9416756926545395,1.1569676978518408,1.4537046975604948,0.3197071520628503,0.8310176127576258,-0.17447367259835575,0.5585055914412502,0.09446513055878049,106899.293549552
Luxembourg,Mortalidad_Baja,3.9153870292616024,1.111366405548587,1.3840541477598047,0.29944272093672036,0.8655888495620375,-0.2722317613247244,0.6350674348907644,0.0709615359107659,105462.012584423
Luxembourg,Mortalidad_Baja,3.8875742858904063,0.836814036119351,0.8950926857849744,0.3772829533393767,1.0384379017088219,-0.13587281642758134,0.5422554801890708,0.06137138666587128,123678.702143275
Luxembourg,Mortalidad_Baja,3.9853225517246473,1.0351753307982694,0.9740936600339603,0.4466342659800654,1.0881044466472178,-0.21416367909782458,0.5937738635126764,0.015058933731754013,120000.140729859
Luxembourg,Mortalidad_Baja,3.9780914414200237,0.9773118183595412,0.7815620791501293,0.49147904779004886,1.1679261732319168,-0.26557867054639156,0.6299959022905879,-0.015362255854566747,112584.676270958
Luxembourg,Mortalidad_Baja,3.9808577918363666,1.1729865158225659,0.9069393423425719,0.5584119162032899,1.0736407989760925,-0.4287412240746948,0.7128264763437555,-0.04431465660337505,119025.057203467
Luxembourg,Mortalidad_Baja,3.99206007244362,1.1363639795848526,0.7721799588677217,0.5899262118182864,1.1616159019175982,-0.4404811049373466,0.7207535199958185,-0.0733488460734558,110885.991378721
Luxembourg,Mortalidad_Baja,4.0049473991091995,1.2802448944648102,1.0223833347163171,0.5858613799781393,1.084773923026232,-0.38399871102768657,0.6442841361031248,-0.07390404351241114,109419.746953106
Luxembourg,Mortalidad_Baja,3.961917117206725,1.0319887541086845,0.4656478803509437,0.7133387649256607,1.2210840964806329,-0.3460986790134862,0.6200301924521241,-0.08089917270831633,120422.137934157
Luxembourg,Mortalidad_Baja,3.788555651493685,0.887546511544184,0.19571678550861393,0.8011840629113087,1.2161600462499822,-0.3740918855673261,0.5406940332862363,-0.15078128852630415,107475.320297978
Luxembourg,Mortalidad_Baja,3.8887633961833963,1.084434668275372,0.33276805131743464,0.8247459012545466,1.228139240899406,-0.5007255469596027,0.653998621747165,-0.16564553161380904,90788.8004876145
Luxembourg,Mortalidad_Baja,3.874976541918551,1.0081595874354436,0.06873338402254162,0.9460450445246753,1.2696174210058733,-0.4000426429400455,0.5590635875593788,-0.15402205542950842,80988.1376230858
Luxembourg,Mortalidad_Baja,3.7958914463963884,0.7366103026563331,-0.26889147966285065,0.9551828301043102,1.4086108167219487,-0.2613215955381194,0.455865047886857,-0.17143984580778268,76544.9170868473
Luxembourg,Mortalidad_Baja,3.6048876746496576,0.702876390086278,-0.011815565795846951,0.8319166813861623,1.3177247922364834,-0.2937560211709058,0.3634031779389061,-0.2468729666012881,65689.3214536911
Luxembourg,Mortalidad_Baja,3.5022085922454127,0.4275313084219729,-0.17133751903028632,0.7293737228862088,1.352908204944239,-0.23018866695351808,0.3617456943039878,-0.21321452757386053,53005.7339209179
Luxembourg,Mortalidad_Baja,3.5318160532768776,0.5214234978668079,-0.028539279122993012,0.730947441810771,1.3542536743936817,-0.17167162814329323,0.28333918913592665,-0.222202943017617,48440.1420151355
Luxembourg,Mortalidad_Baja,3.4417415840254106,0.4404260830537225,-0.035576731463911576,0.7106377712438102,1.288352522721767,-0.13773919273824006,0.23312217491067114,-0.20222615863446824,48659.5988753233
Luxembourg,Mortalidad_Baja,3.0983201375617417,0.2316229677369911,-0.27097638937977897,0.7536955511570078,1.1688705335172411,-0.3109726246205761,0.2500176236324814,-0.23454481463535254,51032.349635318
Madagascar,Mortalidad_Alta,-1.9058407082471591,0.22966452758899425,-0.02961859459549282,-0.4941581413487548,-0.13489038111914428,0.11137371089813354,0.2639501401772665,-0.06560676876277573,503.514533472879
Madagascar,Mortalidad_Alta,-1.983361067331799,0.2054816244293982,0.021183497148307445,-0.542103301358279,-0.10581405110597872,0.04498347688992319,0.4026234256980863,-0.1080115893758788,483.469463351371
Madagascar,Mortalidad_Alta,-1.9424469525105987,0.24229967357379886,0.04641272899006455,-0.49368816661042786,0.04781058623312239,0.27710029301304695,0.4725417293330165,-0.1449511877769412,450.771615201509
Madagascar,Mortalidad_Alta,-2.044035749179802,0.14479319944774627,0.035079355641395235,-0.590431998443533,-0.2692801948965562,-0.06178214713163291,0.5780136224775144,-0.03388925150261097,499.818837622534
Madagascar,Mortalidad_Alta,-2.051464329220598,0.18284838864943434,0.00976997677949394,-0.4966879643688175,-0.2381816808164407,0.10233079905055813,0.5274733795172313,-0.06333266002228502,500.45718552916
Madagascar,Mortalidad_Alta,-1.8697021960067375,0.22437768774855568,0.054120952275181655,-0.5337365835722054,0.03408175245120576,0.29086340348088496,0.5135550486182724,-0.11299295624475421,491.866848718929
Madagascar,Mortalidad_Alta,-1.83861709876056,0.25055414731266956,0.051023978657402574,-0.49717641777702953,0.10242223535749853,0.4024598862292534,0.4883047404961605,-0.13260268172380896,453.970714522463
Madagascar,Mortalidad_Alta,-1.8739362430819706,0.25310599436134973,0.05363713898434151,-0.4744013184146085,0.09870431192833914,0.43544185674149466,0.5100578045884253,-0.1444840735917451,445.320069480568
Madagascar,Mortalidad_Alta,-1.8954377888364737,0.24814121876167994,0.05935652173003152,-0.47905989326668946,0.09191940054841509,0.41713471841778765,0.5271936660755272,-0.14840327435317482,505.684922503435
Madagascar,Mortalidad_Alta,-1.8580774252646408,0.2685241866600517,0.07764988890777556,-0.4738918939765313,0.19820388123424684,0.5072003709605699,0.5357552975859242,-0.16947814239401704,515.301589361832
Madagascar,Mortalidad_Alta,-1.5685446183955818,-0.9238954110242491,0.89043280652723,0.8441010599256594,0.281547374044137,0.11315176549222353,0.6569827792987213,-0.18906746351097725,493.511162904211
Madagascar,Mortalidad_Alta,-2.0600223055539377,0.306340476326032,0.045792045019533933,-0.3021250694332628,0.14209876149663073,0.648864988752293,0.5774707279086047,-0.18814250393440876,506.163691559309
Madagascar,Mortalidad_Alta,-1.582733213132502,-0.8221130046912206,0.8322825880917774,1.0365803250211585,0.40887509531913563,0.39166506832174647,0.46169146769891,-0.2094073286900342,450.009391645726
Madagascar,Mortalidad_Alta,-2.206032181479024,0.36351272652563427,0.01070020363391456,-0.14662599093972706,0.16048883447084106,0.7698628915111595,0.5127672508736351,-0.18901788929978197,446.315238370592
Madagascar,Mortalidad_Alta,-2.11137020541796,0.3475195579332225,0.009458683896543581,-0.25865517744577604,0.17687669728277072,0.5470893674329371,0.3482079842917484,-0.1302293351108013,512.579800058444
Madagascar,Mortalidad_Alta,-2.240249286229258,0.3356453135454762,0.04339230056139677,-0.2623589088802905,0.1808147705576194,0.4845275202993048,0.45446259937554107,-0.12617588327590706,419.548001431865
Madagascar,Mortalidad_Alta,-2.1742806860700856,0.34192360524522314,0.17880290773395377,-0.3815852550537804,0.5280281361940222,0.5770766844493329,0.6709416123675145,-0.15552554153695602,324.146874882604
Madagascar,Mortalidad_Alta,-1.9219524900306657,-0.8464772992522097,0.9796847916575583,0.938871076187231,0.593169125074485,0.09825293470046044,0.7224052753358117,-0.14522139817705226,305.812074924388
Madagascar,Mortalidad_Alta,-2.646152321224765,0.27912903300866204,0.18892057428239262,-0.3352302759590972,0.23205069053272978,0.23034034021728989,0.8774642164730105,-0.08881306754157486,272.20074858856
Madagascar,Mortalidad_Alta,-2.5064879171605945,0.4086901118014077,0.1630071349546781,-0.1966087490653926,0.5653931100374295,0.5884779642712363,0.6282996616215109,-0.1164700758584813,352.620095849925
Madagascar,Mortalidad_Alta,-2.637516420166712,0.42940865774449,0.20292980500996308,-0.15002780559034656,0.6615695371773477,0.6542058897722905,0.7354929183714449,-0.12236650031745826,304.941777398445
Madagascar,Mortalidad_Alta,-2.0678939897931006,-0.745460710632271,0.9941270346449541,1.0181907794610159,0.8848662137626994,0.04408179280191758,0.4785231218569742,-0.05924837166146914,319.283278235657
Madagascar,Mortalidad_Alta,-2.7081961344576686,0.4742772132121169,0.15015326792048697,-0.1132299095680781,0.6777783102647624,0.4485133845706523,0.42201606346879417,-0.03372223467594609,280.282905559649
Madagascar,Mortalidad_Alta,-3.7301152956841976,0.4654329979029965,0.18637025719030675,0.12123208449931765,0.4126952057914448,-0.02275733427728245,0.7016542308805332,0.1203149751809627,273.149653945976
Malawi,Mortalidad_Alta,-1.6044348600418334,0.21616696685586864,-0.07722188646584568,-0.3909058468363392,-0.2549323245105731,0.7367567446037885,0.6929064980060358,-0.32470404061305463,604.269751184515
Malawi,Mortalidad_Alta,-1.6356791015202539,0.19283309151114644,-0.05261384550403011,-0.4808039180116961,-0.24395956469204713,0.5165141413223188,0.598395094015385,-0.35878712950472336,617.447520802454
Malawi,Mortalidad_Alta,-1.6230155763215572,0.1760925586970533,-0.04584197867194974,-0.5242953144572154,-0.26524493340003463,0.4313929454208586,0.6423961903273457,-0.2929345048588762,602.507478176106
Malawi,Mortalidad_Alta,-1.041809557599921,-0.9960825936413218,0.7789223953462149,0.6413905169098367,0.032439704809971104,-0.077941482092671,0.5864966243129576,-0.27444228475101,580.889816066776
Malawi,Mortalidad_Alta,-1.4125856003877924,0.1688643320656152,0.038517710589105136,-0.7264980545236543,0.002727423523809372,0.31358217089512447,0.4413321673033642,-0.2670223492811858,533.203173686705
Malawi,Mortalidad_Alta,-1.4866956283100738,0.20439915453670546,0.05106005554081436,-0.6582680525381968,0.09805928793261597,0.42368902546542875,0.4269763017591492,-0.2876309263477023,495.769683367165
Malawi,Mortalidad_Alta,-1.0107606721439266,-0.9425734997258857,0.8645015971417985,0.6041117815954535,0.39298744119841106,0.0238390777164686,0.3459237696140216,-0.31863952318821154,450.506105510719
Malawi,Mortalidad_Alta,-1.490680249071824,0.3107843748959104,0.02687680901396714,-0.5659314558979258,0.36067691481531394,0.4788775434806362,0.2904018893831946,-0.34212135675878286,539.605363240686
Malawi,Mortalidad_Alta,-1.7030200698439728,0.2864726989032427,0.054640228449564746,-0.5534141999286598,0.28954052667883684,0.36187878047387767,0.38024969515540474,-0.32865903065717483,529.5133440206
Malawi,Mortalidad_Alta,-1.8299107818187674,0.2720302197644017,0.0958182344887086,-0.5708700796898966,0.3049868947004876,0.28734963601019375,0.3586323392502585,-0.32297605088682957,496.947368267313
Malawi,Mortalidad_Alta,-1.8151223268049963,0.3598208564935408,0.06048776419564711,-0.4970575119688311,0.4953966127775137,0.2980534223330466,0.2520882966375207,-0.325504625454557,558.46208832772
Malawi,Mortalidad_Alta,-1.9901648008241464,0.3686964030280925,0.0889916467748855,-0.45928573459265354,0.5276610102187127,0.26543270198808555,0.20064418304377304,-0.3100131453145064,763.061000394572
Malawi,Mortalidad_Alta,-1.7775460407575214,-0.8060027176192489,0.9125632959671243,0.8513996082775764,0.6796291259273958,-0.2519779740736989,0.2602566836309652,-0.2998172529891767,683.124694716799
Malawi,Mortalidad_Alta,-2.381430976688317,0.38094216513393875,0.12455238192221686,-0.38474579638193945,0.5309613735283274,0.08173224042967676,0.2551646493369799,-0.31407604312527115,625.869729869625
Malawi,Mortalidad_Alta,-2.4490548797955913,0.41566775125526184,0.10610347963239827,-0.3447389361135634,0.5809950225755839,0.012658051715034946,0.1891401729110038,-0.33485069698111786,554.048820396119
Malawi,Mortalidad_Alta,-2.4564897126748937,0.44251234532159434,0.09655217833329671,-0.3560777188874275,0.654729630681805,-0.10543438222199394,-0.0022867448606670106,-0.31740207388699787,475.180261659331
Malawi,Mortalidad_Alta,-2.6667373487491552,0.47367874406405713,0.12400484866295806,-0.25180066901592474,0.7236149332146875,-0.0037138425697214295,0.0886292179093109,-0.37374549837553706,440.822149023873
Malawi,Mortalidad_Alta,-2.863717956276535,0.5256669984665036,0.12047593650840673,-0.13533139736579422,0.7974411943435875,0.024559946298120756,0.10525960784523612,-0.39580938144667815,414.361121984475
Malawi,Mortalidad_Alta,-2.6487182266284934,-0.5896320548074846,0.9366735405234532,1.2715947203724958,1.0822678700729573,-0.28729699347104354,0.037256243474538084,-0.3978938806849406,404.674248445428
Malawi,Mortalidad_Alta,-3.285974538962057,0.6718691948515844,0.1576313338896828,0.10195599770676532,1.1528479296384035,0.12060712505623812,-0.023786828182542,-0.3298571648896656,383.348596852642
Malawi,Mortalidad_Alta,-3.365408150422319,0.8010598838800039,0.21952580556259876,0.21161968944203954,1.6228530320886212,0.3519237507052234,-0.10368160382983652,-0.28664001622726604,428.210439838398
Malawi,Mortalidad_Alta,-3.4213706496329355,0.8187361942655464,0.2711154937784996,0.1299297864176756,1.8020104952811196,0.1303612644313548,-0.32440260275087557,-0.11017969143486382,215.474524898357
Malawi,Mortalidad_Alta,-3.6491558390975767,0.9122552877725102,0.21476024162698504,0.30479870859047037,1.8733373181217159,0.07325534837036657,-0.4346970613363575,0.0007249659632275674,224.22415918428
Malawi,Mortalidad_Alta,-3.8219408630419305,0.8305301346021668,0.3945268383457776,-0.08715521071652957,2.092151306429349,-0.7858755341653515,-0.6560383171867686,0.3390819641720196,200.362370007247
Malaysia,Mortalidad_Baja,0.6513779608284732,0.4571299686826083,-0.8298678273926886,-0.4943199473865777,-0.48319769668682455,0.6363624292834902,-0.12077629259248934,-0.14126802372966082,11748.0919307944
Malaysia,Mortalidad_Media,1.0088707362540412,-0.7225214713401149,0.021061269233485672,0.7614769835844575,-0.2314029603286782,0.23620611170746209,-0.10902945389341792,-0.2761023757438665,10903.1116425938
Malaysia,Mortalidad_Baja,0.7377311795378588,0.35992703898514034,-0.6994377856519107,-0.7464878627323438,-0.44034727466966467,0.4588437172646625,0.06928842000412604,-0.08196036841664907,9957.52626697613
Malaysia,Mortalidad_Baja,0.8677202407285017,0.43828183168728474,-0.7628004512591974,-0.6689752717743398,-0.33269467829986504,0.5601747896338198,-0.10837888145024478,-0.10106440322590929,10920.191763972
Malaysia,Mortalidad_Baja,1.2466402683301563,-0.7333845439185015,0.01790168222662221,0.6656299524577932,-0.22549746445859162,0.21596096873367987,-0.14970998386621526,-0.12699513026433842,10901.8019954421
Malaysia,Mortalidad_Baja,0.6362918973675569,0.39611710455443555,-0.7567256162957708,-0.6011951113914578,-0.505452480513333,0.584512575123411,-0.09114956721888309,-0.12211906138900966,9862.54806612235
Malaysia,Mortalidad_Baja,0.6726802774590587,0.41283887260364704,-0.7650324872955777,-0.6096272148198553,-0.4567607462835887,0.5490203837520444,-0.06522347086020337,-0.1376825673022754,9476.53409809923
Malaysia,Mortalidad_Baja,1.0682526965474368,-0.7792018563453856,0.03562644973169746,0.672267273249894,-0.36081309192114885,0.1408222529900215,-0.07952433988541176,-0.15181607178174786,9648.6797937523
Malaysia,Mortalidad_Baja,0.458339401879033,0.38551004359886765,-0.8278633937426952,-0.5309578819532571,-0.7306939024846543,0.37883479877385756,0.02656580943670531,-0.11739767806705935,11013.3107334403
Malaysia,Mortalidad_Baja,0.8754772725751359,-0.7994347361443803,-0.026877158040184805,0.7560009798660016,-0.6043919139461554,0.00599185441100499,0.04691438455525573,-0.12603017084683618,10713.6407638899
Malaysia,Mortalidad_Baja,0.3636905571640237,0.3517733451109853,-0.7995318947225428,-0.5087596242991609,-0.8064809043220165,0.4783514918993155,0.01349577761526197,-0.10788023606262809,10600.5744240026
Malaysia,Mortalidad_Baja,0.7258111910095055,-0.7972911540302522,-0.023479845127663542,0.8804100178858699,-0.6556521822958041,0.24374326730388388,0.02654436081905138,-0.14969686582576114,10217.1068585031
Malaysia,Mortalidad_Baja,0.4444814537526487,0.40956399541407246,-0.8181826619868642,-0.4328272226561623,-0.6704581019938854,0.6927330004236387,-0.13582235582248856,-0.14420218072959695,8899.34505544675
Malaysia,Mortalidad_Baja,0.4783982132186723,0.3998959619093815,-0.8052986453719091,-0.47569106234469527,-0.66101276204301,0.6478111966238226,-0.18094137758324264,-0.14123424122778078,7191.43287234626
Malaysia,Mortalidad_Media,0.7418355919657152,-0.7101433795571219,-0.15984052849522137,1.0713822861628557,-0.7229419256252004,0.3411009592105854,-0.3010090270745227,-0.16060466255325054,8371.82156086005
Malaysia,Mortalidad_Media,0.3093434726730909,0.4552400692319802,-0.929165146529267,-0.24597546293237307,-0.8392855144429446,0.7246788938588773,-0.29974658040133634,-0.1617678506170651,7168.93031942508
Malaysia,Mortalidad_Media,0.7483393561903077,-0.73576307387263,-0.1283996529931213,1.011116184690555,-0.7319197147503276,0.287958845550992,-0.41851200142340633,-0.17306140035983825,6158.40785533236
Malaysia,Mortalidad_Media,0.3459242331646261,0.4600329651703013,-0.9339931334912979,-0.27175707156827433,-0.8309901740941522,0.6624313109222401,-0.45620373935661823,-0.18387683191925158,5555.58179951206
Malaysia,Mortalidad_Media,0.23328363311873462,0.41761091877544365,-0.8817507311621947,-0.3073548954574074,-0.8626700171206918,0.6314910931437527,-0.3549006370045162,-0.20860888196646313,4939.24851854427
Malaysia,Mortalidad_Media,0.7385910886489223,-0.7779223890043677,-0.0032661460798088164,0.8725123470974867,-0.5624557360810406,0.2754012148030917,-0.32552665627144417,-0.2528842898280288,4465.32194567208
Malaysia,Mortalidad_Media,0.30364069382285874,0.35056799514631287,-0.7275726066511333,-0.5388293326015188,-0.6758836693005119,0.5372630772769678,-0.23559047904810307,-0.24417692479010564,4184.03163773539
Malaysia,Mortalidad_Media,0.38312447065049887,0.3735036142932838,-0.720941440043447,-0.5599915531753475,-0.5775862019011271,0.5518516934463028,-0.34527854711774053,-0.26293694505986936,3943.79943910239
Malaysia,Mortalidad_Media,0.2773529936294821,0.4169958139970885,-0.7877763138658255,-0.40312185417929963,-0.6420652264172514,0.6664800724538582,-0.47659086752624097,-0.2797212481541275,4083.52874483605
Malaysia,Mortalidad_Media,0.7922652269995186,-0.6562767796540518,0.1323214837687734,0.9869954336140383,0.07231667738329528,0.9734241238023384,-0.5873714048473553,-0.3938161149550588,4363.14458333034
Mali,Mortalidad_Alta,-3.011612322268897,0.5289879994354755,-0.19604140681074606,0.45940186599109184,-0.1358772856278711,0.7995831747513337,0.17664389826083032,-0.036410693768212765,969.72220560562
Mali,Mortalidad_Alta,-2.673040217692464,-0.6417947906593153,0.5776765856866642,1.7453489491835144,-0.027272151867371433,0.21035957337870542,0.1714493100044829,-0.05519145960371882,1027.27345365357
Mali,Mortalidad_Alta,-3.2405055099598044,0.49579643731241807,-0.17582456478544095,0.4280534491987159,-0.2312404740073546,0.5062585267626251,0.21714369155976265,-0.00681960174485063,953.242943290974
Mali,Mortalidad_Alta,-3.0230198320599637,0.5625197160771918,-0.15113573520040646,0.41440643422652657,0.07809115152194962,0.7134686808751801,0.1325574470839722,0.026474976401895695,971.949318638092
Mali,Mortalidad_Alta,-2.569755012089351,-0.5785351003963161,0.6529254326137083,1.7181555156051964,0.3500534753297995,0.3798734997395757,0.10527960783083501,0.010669151234489247,996.379292136901
Mali,Mortalidad_Alta,-2.949900734636208,0.6079847894992061,-0.12274393636733673,0.3899013203202279,0.3060123884081677,0.7426498539062889,0.004752516687647682,0.04754667450612367,924.057531692284
Mali,Mortalidad_Alta,-2.990528576606127,0.5816838259257566,-0.08053434172019167,0.3228880154859879,0.3240672380085803,0.637509236255149,0.0368675351322692,0.07487041137927936,872.468587171653
Mali,Mortalidad_Alta,-3.0527175932649446,0.5627052357016389,-0.061372733969294775,0.2678952821085636,0.31487468398184104,0.45900354435146806,0.10763104907451328,0.0949841978453529,838.11986940103
Mali,Mortalidad_Alta,-3.0494244253654643,0.5631843509721434,-0.04912440220706594,0.2307939126262305,0.35842522394559934,0.377085815516072,0.0569023566751221,0.11678443325628438,940.243260037952
Mali,Mortalidad_Alta,-3.022723830061272,0.5601681281044785,-0.019801739428039943,0.16780986852997606,0.43942729729838853,0.2991585401559915,-0.0010082737945407076,0.13580566131507762,903.190452512378
Mali,Mortalidad_Alta,-3.2636945333530463,0.5851258409783696,-0.04988020795130216,0.33691381559614536,0.33619932619412324,0.40700861176985714,-0.0014585253692924395,0.1380791461873836,878.217175344858
Mali,Mortalidad_Alta,-3.0773462486745955,0.586486547754392,-0.024780856688420463,0.1803450757464447,0.49973170217749446,0.20840885690096136,-0.10170945801577132,0.18310348472129923,941.574944706639
Mali,Mortalidad_Alta,-2.9787568793687473,0.6167419649109207,-0.04436470745055401,0.15465355726802688,0.5915319789847459,0.14631133144934905,-0.31571640878501844,0.22462703131695197,827.617660082715
Mali,Mortalidad_Alta,-2.6258685759565776,-0.5778213263890192,0.7668646522708645,1.4081448543676058,0.706612788559643,-0.37871230636228553,-0.3191690043144119,0.24813853185729112,815.78868795173
Mali,Mortalidad_Alta,-3.0236833353136574,0.5977903285621157,0.022202915005063398,0.035996627888370804,0.703341417765261,-0.07635276615950527,-0.297126920200452,0.2852217061543661,820.715705601841
Mali,Mortalidad_Alta,-2.9757378285832927,0.6202116052280429,0.013440262281880385,0.005767574540355112,0.7824459635439481,-0.177863795091499,-0.42088183006874896,0.3268485459576985,711.675463215078
Mali,Mortalidad_Alta,-2.535416116976753,-0.5146455052650003,0.7825469240107195,1.346934685328868,0.9848927374466321,-0.517744831416317,-0.6629951618850501,0.3494683443317711,633.221946737432
Mali,Mortalidad_Alta,-3.1196163160104136,0.6593583196147875,0.03838403597181177,0.06190298953010071,0.9031549078890491,-0.1718675479115344,-0.4839403042041514,0.369497271711793,591.630393473705
Mali,Mortalidad_Alta,-3.4166045178292617,0.4926020342209736,0.15529605072359381,-0.2074773120049084,0.6531407262621156,-0.8421642599183556,-0.06891449428409661,0.4664569900655032,542.887347640863
Mali,Mortalidad_Alta,-4.076049262493367,0.6022926282357977,0.043501709355845714,0.3637346858579422,0.40372373519158794,-0.345141924287349,0.036333639729994774,0.41872233431611366,371.627016389759
Mali,Mortalidad_Alta,-4.324696922482133,0.6508738336670754,0.035287460133290934,0.5338095246167222,0.417082332382996,-0.2194100298818816,0.08974468535568363,0.42325627302661417,318.042432039222
Mali,Mortalidad_Alta,-3.945541749633053,-0.5033274724488891,0.8682548013885247,1.8124779362032073,0.698167157398894,-0.6256423273502597,0.06962946146097425,0.43690409825450127,291.159497911347
Mali,Mortalidad_Alta,-4.43544914737977,0.6811274657053044,0.11994518974774497,0.4834870980427851,0.679874825137201,-0.3287593951585558,0.10920804447905229,0.4783978203645644,256.199554978241
Mali,Mortalidad_Alta,-4.880227930706787,0.7834071283914787,0.2460835537308269,0.6142008842203533,1.1031391029500788,-0.2835398148503958,0.3170602191667317,0.573413436705742,265.717051612187
Malta,Mortalidad_Baja,2.65663109173901,-0.8452730954454226,1.2734511178284955,-0.8808740810645825,0.4941570442872474,-0.10727496055147208,0.5175941351065059,0.32955018505438793,36224.2819955817
Malta,Mortalidad_Baja,2.580176026447518,-0.8897114335354399,1.2309698565273282,-0.8610191913892793,0.4470690834076964,-0.10163514845475254,0.48078091685177626,0.3254806764322763,38065.354346575
Malta,Mortalidad_Baja,2.5670787462873355,-0.8309760256335254,1.2771089949277799,-0.8276875739674628,0.40717870432667774,-0.10447538222666214,0.44142509755933296,0.3182344771880362,31833.596382464
Malta,Mortalidad_Baja,2.536083510003098,-0.6135137686669354,1.4748702497472574,-0.7461283429263401,0.1361243318310109,-0.25286564854245824,0.49248557919908925,0.3795899450467008,32421.9179753188
Malta,Mortalidad_Baja,2.4585435886037246,-0.7844194431621855,1.3095529902453134,-0.7785667722786975,0.20145006999085302,-0.2443727394374543,0.48995925383071515,0.35667083508281344,33382.2677502638
Malta,Mortalidad_Baja,2.53056646168753,-0.7905382569209003,1.2589738082932291,-0.7650938398070349,0.31354254356575056,-0.14408398755530974,0.4425591390187086,0.35333928392319414,30317.2443357939
Malta,Mortalidad_Baja,2.441944013208916,-0.9510162076753905,1.0658694714715866,-0.7283289807824561,0.32020365441519894,-0.023173476041207286,0.3582631088087086,0.36648151637392545,26459.0772054811
Malta,Mortalidad_Baja,2.4652286397772936,-0.8963600535090109,1.0772207553694224,-0.7083268481750272,0.3802775249614392,-0.045244047565665135,0.34845435867788704,0.32245951257323413,25529.6813131565
Malta,Mortalidad_Baja,2.439489329839333,-0.8642684371027756,0.9404679099132912,-0.5808522632567441,0.31779439736134685,-0.05993392023624069,0.33321198385853457,0.3367095284608073,27424.5765369278
Malta,Mortalidad_Baja,2.387272499034452,-0.8549998393942843,0.8918112385935052,-0.515887037398251,0.2775875270538578,-0.046903976201051356,0.27470384607094,0.3178326022021602,25415.5566806942
Malta,Mortalidad_Baja,2.3272236620812836,-0.8210651217585089,0.7977961043389525,-0.42285527178216487,0.2943010500346594,-0.09703907679362177,0.24337177910816446,0.24610484581348077,22878.3131257656
Malta,Mortalidad_Baja,2.179697353014149,-0.8567132293438984,0.7661201803341342,-0.37730625611272567,0.10528872357129865,-0.16146487829341036,0.22803594928017668,0.2668910523197821,23516.9691282762
Malta,Mortalidad_Baja,2.2885706691248138,-0.8464996758801957,0.6894339421896667,-0.3160600270386552,0.20901674554961638,0.04140881722493459,0.12864734821390025,0.2950760478180622,21946.6070188242
Malta,Mortalidad_Baja,2.193135194904221,-0.8491984663304241,0.6747196966568475,-0.2818784239461106,0.21343189433806597,0.029164813496318692,0.055688215919604794,0.21411325352427715,21176.3216665018
Malta,Mortalidad_Baja,2.284230441565859,-0.7100869877835524,0.6531176451615953,-0.15892146096514778,0.3195174446497714,0.13966148019752975,-0.10070122513093324,0.15263310139505917,22315.3104812611
Malta,Mortalidad_Baja,2.2527772854898798,-0.7947086794668203,0.5282990738433264,-0.12063927782220184,0.36648568455874836,0.2589268233326993,-0.1253772035681868,0.15415491849393828,19444.1743635565
Malta,Mortalidad_Baja,2.2105080544155453,-0.773164858755893,0.48028352714719336,-0.034328920795917074,0.3472345851788835,0.3346972943269559,-0.23910855164616554,0.12716499498542844,16653.6038312389
Malta,Mortalidad_Baja,1.4060806972035047,0.2604835971022892,-0.2992562569328165,-1.4086655389275131,-0.25934188379069334,0.21049780331104703,0.07398899360221224,0.1966001124841976,15831.3439802756
Malta,Mortalidad_Baja,1.3732102992934847,0.25648800108252295,-0.31780388347569555,-1.3805253278651544,-0.29154209995495467,0.22813914989992254,0.0433537225485906,0.19543385703167598,15212.1312964883
Malta,Mortalidad_Baja,0.9412195889624855,0.10032065031674836,-0.30165173011443813,-1.469214514201193,-0.7604703601316187,-0.3175462081994116,0.35963320888102135,0.21305685242736586,13593.9787182902
Malta,Mortalidad_Baja,0.8938354644366965,0.06253634265777273,-0.2931592146903301,-1.4712890685004245,-0.8043343015638742,-0.2616445331096256,0.3225658402622798,0.23312946449695793,11251.2024877398
Malta,Mortalidad_Baja,0.941645087696721,0.07182620294815968,-0.2946435375878372,-1.4937118072803217,-0.7457574464654839,-0.2913476242041288,0.38689373411492634,0.23972879764078125,10357.7026407269
Malta,Mortalidad_Baja,0.8242104461186018,0.0775644169497353,-0.2912124044643371,-1.426113726941955,-0.8623247704895662,-0.25458147082233984,0.2264161530680149,0.22416686543920372,10348.4860163
Malta,Mortalidad_Baja,0.4041770872575788,-0.07722972733952904,-0.2645725867707153,-1.5536053603423634,-1.199024292441272,-0.8468530057067782,0.6248007439859576,0.2419224825186899,9828.22830085662
Mauritania,Mortalidad_Media,-1.4864502580799455,0.23866665032112794,-0.33672779319870927,-0.3015827723015354,-0.7041446003398437,0.3386472532667972,0.3747681996319468,-0.01385103369809127,1960.35240077424
Mauritania,Mortalidad_Alta,-1.6518709082317302,0.25102833642029315,-0.4072552314959116,-0.21771333562991155,-0.8651799783696311,0.1706491127459685,0.11829489908450035,-0.0550932562613993,1947.78918383313
Mauritania,Mortalidad_Alta,-1.761144406634586,0.23423635784789396,-0.40084805723325717,-0.15906420725455353,-0.9607742239770852,0.2732218678006156,-0.035465739737130596,-0.019347222849254872,1795.76459566714
Mauritania,Mortalidad_Media,-1.008615821698436,-0.8566540015632472,0.4224976599438125,1.0869471061963758,-0.40707878988403495,0.11291347745251443,0.039048804186171196,-0.0026732542033516054,1767.072710621
Mauritania,Mortalidad_Media,-1.6597064392208347,0.2810100165093989,-0.27420171870792975,-0.18746584778306777,-0.5363919593134705,0.615159086213372,0.27905158373710953,-0.0162058939536142,1722.93528854073
Mauritania,Mortalidad_Media,-1.6329109518388212,0.28578048707359216,-0.26704779422366415,-0.22157808747375307,-0.4859042323928614,0.5519211648058125,0.2262690912148053,-0.007365423142317341,1615.00401327323
Mauritania,Mortalidad_Alta,-1.5751943880991144,0.3413789645357467,-0.3325067592785245,-0.18079392674878955,-0.43412272018819514,0.46781378446418614,0.18187059481345255,0.0020184706082937882,1565.76575722696
Mauritania,Mortalidad_Alta,-1.5276017155066117,0.2640946237695986,-0.19087033010607748,-0.3857940582348677,-0.3169770630495875,0.4165685808852799,0.15263952892600108,0.014728631983906337,1554.94897871782
Mauritania,Mortalidad_Alta,-1.1823655571768947,-0.9005315474251597,0.5075417179202807,0.9578143125386266,-0.3607429854872001,-0.21724947965010438,0.09124392344334244,0.042913805760450924,1713.00865264234
Mauritania,Mortalidad_Alta,-1.8049649334364435,0.28315443625882386,-0.4146962259571193,-0.14174088123675455,-0.8515130855685453,0.14657938227325923,-0.34756219797692506,0.11478108087180863,1934.24103064714
Mauritania,Mortalidad_Alta,-1.777864157340002,0.2977813553071993,-0.42240081571345767,-0.1624937334074393,-0.8023764175824846,0.060819392122348444,-0.28296643901459295,0.1267291055817872,1859.11733247641
Mauritania,Mortalidad_Alta,-1.8050192590843657,0.30979344967579286,-0.47014242558707775,-0.09130423931925023,-0.8979658787013675,0.09994334579955566,-0.5450203452207286,0.166443539741258,1931.19975525465
Mauritania,Mortalidad_Alta,-1.7269540034283173,0.3232437621171458,-0.37023910504000856,-0.17240958316351254,-0.6077986213949336,0.21508735475143914,-0.3275839430356335,0.13252791771813544,1659.96369705455
Mauritania,Mortalidad_Alta,-1.7919970890491854,0.2921026434174131,-0.26141103792544446,-0.2569410198397753,-0.47210819552362426,0.22921704816035482,-0.053676891762858815,0.11259791477130704,1435.43010811893
Mauritania,Mortalidad_Alta,-1.349789967471269,-0.7646699256764526,0.3896090863751074,1.2581818999793057,-0.31637695782024416,-0.02345242042094384,-0.31604039129035266,0.11341489249603011,1635.5630623124
Mauritania,Mortalidad_Alta,-1.9328152656076758,0.3645192829847677,-0.34878521122261513,-0.050322999052392244,-0.528655788862925,0.34656436834337473,-0.3962087978724035,0.1684085511453606,1405.15016203368
Mauritania,Mortalidad_Alta,-2.051828302319186,0.4155312915218315,-0.467528433244161,0.11438954020768459,-0.6896514099521418,0.28890848921762907,-0.6835280727310215,0.2363067895922034,1300.60367988659
Mauritania,Mortalidad_Alta,-2.0397587900145084,0.39233602794098554,-0.2577590215421501,-0.08467407137138107,-0.2677303231533506,0.31689173089666983,-0.253807572505973,0.20241502898028865,998.96583416747
Mauritania,Mortalidad_Alta,-1.7080403925725476,-0.771332219761584,0.6426682877910759,1.182204824750581,0.10834100754756006,0.028059422941022445,-0.0530809503470944,0.18664825226656034,823.554457141893
Mauritania,Mortalidad_Alta,-2.2704526532005604,0.42192848609022954,-0.11378867611708109,-0.08286049452893407,0.05850942983228725,0.40029318805873754,0.0194947606025994,0.23356376178275606,732.017820812675
Mauritania,Mortalidad_Alta,-2.3637915750540146,0.4957181881520837,-0.18247509861647007,0.03892588000262854,0.09576516955108198,0.3424100492248658,-0.024318694386014236,0.28112409882646355,648.879643934862
Mauritania,Mortalidad_Alta,-2.4902924440853886,0.5263461218962447,-0.18115783872929092,0.10494248455895924,0.14270706244463632,0.34509509854409764,-0.0492473735365274,0.31383429955705155,651.817840199777
Mauritania,Mortalidad_Alta,-2.1706308986713143,-0.6550758317543423,0.6585393796657786,1.403389300608061,0.3241681931880248,-0.0036274639106634735,-0.1638045259878212,0.33056423041557276,680.911061879778
Mauritania,Mortalidad_Alta,-2.5642394464662,-0.62978584049415,0.7305264322649606,1.4956135533798853,0.42981894137081983,-0.04165155006358917,-0.009654534438579642,0.27898394955152234,904.719170071042
Mauritius,Mortalidad_Media,0.98631457653895,0.19315695855595771,-0.08285205404858018,-1.5022243744616142,0.31585031340803416,0.34544042359396315,-0.2064680517032469,-0.055153675804107204,10223.7882316574
Mauritius,Mortalidad_Media,1.0068687312194204,0.1745189044399836,-0.042747469643772185,-1.5688581342369188,0.32177976773097255,0.2822364473260756,-0.15329504343264386,-0.03244838909590418,9068.97300226707
Mauritius,Mortalidad_Media,1.0352421084923364,0.14433483861860366,-0.000380768794411641,-1.6434096428102711,0.31327759759840235,0.23469289793382075,-0.0777468110810667,0.010761867689965465,9011.04288445023
Mauritius,Mortalidad_Media,0.8256731544775998,0.07023996164253145,0.00173870197770884,-1.7000147454937768,-0.011710980520428424,-0.14706176232657694,0.13971437448917515,0.056206409807106616,11403.2527870674
Mauritius,Mortalidad_Media,1.035155111449828,0.17219555512606266,-0.036761242711487965,-1.5956300932216867,0.2080595438929789,0.18461679425995356,-0.10935444164729576,0.02766532054090104,11643.4605962124
Mauritius,Mortalidad_Media,1.3293258078998667,-1.0791740641791874,0.7578576593769466,-0.34785673651237153,0.1886752902506302,-0.3537832695069215,0.04457213664157539,0.028272611522553896,10841.6847754844
Mauritius,Mortalidad_Media,1.0300524293209092,0.1726659021779645,-0.07695456120021263,-1.5442233506152447,0.2186629271807065,0.2789589279024843,-0.1407554624504865,0.0002439488688872781,9965.72531085228
Mauritius,Mortalidad_Media,0.9728447340942136,0.16210110550241189,-0.08888489809860754,-1.5297585961245241,0.1444894578537267,0.23166820311654612,-0.13079929180882757,0.005917521438118241,9507.87133656424
Mauritius,Mortalidad_Media,0.9628316511251682,0.1726822271760744,-0.10394349456203637,-1.4949212736461142,0.15486162378620655,0.28348074508526255,-0.1815315943634447,-0.009272080828454165,10366.3550754936
Mauritius,Mortalidad_Media,0.8686316540469228,0.15751783782995016,-0.12393582708229349,-1.4641856145742416,0.06203177005468683,0.23705656368971775,-0.17674261439673855,-0.010058679025252999,9764.64413060045
Mauritius,Mortalidad_Media,1.3373249359533597,-0.9947464558365384,0.661878161280055,-0.1398325201647379,0.2968445515303889,-0.022035395918451536,-0.24622551858819341,-0.047562406111570456,9291.23627601053
Mauritius,Mortalidad_Media,0.8456193568690944,0.18418592768001882,-0.14366602625185168,-1.4054838105379408,0.13114724458008983,0.3265043623032736,-0.26381369338391014,-0.07636107594192806,9197.04299089459
Mauritius,Mortalidad_Media,0.8424455502633773,0.19819417836785952,-0.15198090045422022,-1.3837205120880542,0.1465984073549805,0.34637249509789536,-0.30770533650862153,-0.10218012771477986,8000.37643182154
Mauritius,Mortalidad_Media,0.6620081799908313,0.12644329489775827,-0.14078093923562354,-1.4185298553477916,-0.055570128125048704,0.15426883989243506,-0.17435350789821255,-0.0831970106972705,7318.12640972422
Mauritius,Mortalidad_Media,0.6900013993630236,0.17021097211216593,-0.17126173984608603,-1.3500633976150256,0.024294161340654166,0.26641362405945807,-0.2697580211334291,-0.11432490508321268,8030.05228087539
Mauritius,Mortalidad_Media,0.5227565475763883,0.08768318486181044,-0.1382307857711287,-1.4263559896809426,-0.1546591256671589,0.03389789001666757,-0.07325828719955821,-0.08484660782792519,6574.6635764099
Mauritius,Mortalidad_Media,0.9230258220938443,-1.0959948328614388,0.6630810709585112,-0.13422699767310148,0.003916690102031956,-0.3292802993148201,-0.04381448926848907,-0.1121349371130717,5695.97525509869
Mauritius,Mortalidad_Media,0.4207855270530151,0.1198411305792744,-0.216209034468595,-1.266578279668207,-0.2453773147159294,0.16357305789840276,-0.21398030163941859,-0.09212186719788587,5354.02974260642
Mauritius,Mortalidad_Media,0.34906167151363887,0.14236906891738327,-0.26618073344154464,-1.1641028740359665,-0.30588820110752046,0.2316296607328467,-0.3027382084639663,-0.0992615239100015,5460.60800184198
Mauritius,Mortalidad_Media,0.3356216241037837,0.1455671386023583,-0.2655421646749807,-1.1598400518118388,-0.3028407406874658,0.22322100627171002,-0.32044825076660316,-0.10044202551521116,4858.26575549747
Mauritius,Mortalidad_Media,0.34230689920552987,0.16389010205392587,-0.26897940022143096,-1.134243227899516,-0.2590523992528707,0.27885359511199664,-0.3797470925997651,-0.10346183560217638,4073.06053055903
Mauritius,Mortalidad_Media,0.294057058321156,0.19197336476542587,-0.2935723370730072,-1.0544893384613008,-0.21927374877568975,0.37790630011218,-0.4030002890683432,-0.11306736991896754,3908.55694927435
Mauritius,Mortalidad_Media,0.2926266737946475,0.2063507165802673,-0.2921463807151197,-1.0450458378645098,-0.19101436872705282,0.3807171362546227,-0.4696826745496087,-0.08537194753453467,3981.98343249582
Mauritius,Mortalidad_Media,-0.23937736267743012,0.1946378110800531,-0.3405291991576593,-0.804538353340198,-0.44208297465048807,0.38861354553285704,-0.39625514961220565,-0.11416535333489455,3648.01649622256
Mexico,Mortalidad_Media,0.8419796564811792,-1.1033873141607158,0.49767740276377415,-0.009602009457601443,-0.4649819332341201,-0.5563960712359256,0.03163059151420756,-0.01615665860897317,11402.1410374782
Mexico,Mortalidad_Media,0.33472271194583,0.1748121487930594,-0.27829891820518204,-1.230562582593711,-0.27830919095738854,-0.13840002302977525,-0.22652280447927722,-0.3211489276251395,10314.0506725979
Mexico,Mortalidad_Media,0.7817187414560761,-1.0416113309812651,0.5582285654553955,-0.017640477778219556,-0.16494549066194003,-0.568586714347502,-0.1398628985751245,-0.26989136440653333,8841.2707511328
Mexico,Mortalidad_Media,0.3612155960462942,0.028559137693385882,-0.2619638466309447,-1.386068309228586,-0.722662131463413,-0.39138429969654154,0.17445703219828304,0.09147109876020822,10369.5553585271
Mexico,Mortalidad_Media,0.8102450794672705,-1.1321685813369549,0.5389537959700892,-0.09481616091992248,-0.5186233488282775,-0.7492117460152093,0.1470717671411145,0.06637251301597973,10084.7937553679
Mexico,Mortalidad_Media,0.40905252477678283,0.0658632344264279,-0.26175069013863006,-1.3624159307985315,-0.6059602037456266,-0.3100121839353734,0.10049352504319967,0.08052922666271416,9649.27816772402
Mexico,Mortalidad_Media,0.9732381431216816,-1.0614895098201835,0.5377048235285465,-0.06278538179605665,-0.28778920225737703,-0.5509952852915141,0.022588248639207192,0.06737692580513999,9097.92397674769
Mexico,Mortalidad_Media,0.5252576309694972,0.10667725937056717,-0.24711012059656493,-1.3745612055971634,-0.4551080007225659,-0.23771658998948453,0.06443591488906542,0.1019230799943195,10021.2386124039
Mexico,Mortalidad_Media,0.8837992454574723,-1.0891841906395932,0.547512480789877,-0.0942826663608774,-0.39286964389800816,-0.7184769746550099,0.11520886589605299,0.10902068799852646,11391.3773510244
Mexico,Mortalidad_Media,0.4641437113132824,0.08921708001012073,-0.23313142360640363,-1.4117167275641174,-0.49150158098219576,-0.38134029284008764,0.162211679223324,0.12540347153460543,11216.800851866
Mexico,Mortalidad_Media,0.8814146177306976,-1.0607838776039424,0.532486863407371,-0.061716791091010796,-0.3393251312767944,-0.7046624457993867,0.0829135808226222,0.1074390400134188,10744.1335229686
Mexico,Mortalidad_Media,0.44982432164129565,0.13303487010049053,-0.26608510019993437,-1.3312276547348643,-0.450908501937007,-0.30325854785095874,0.04214541906415406,0.1168781398257945,10664.4944046282
Mexico,Mortalidad_Media,0.9422533560507409,-1.0242677247215,0.5526656971680203,-0.052266141444056245,-0.17221428934299782,-0.5857724353058643,-0.013611343002446355,0.08669375602544321,9728.80078237782
Mexico,Mortalidad_Media,0.4804212271333398,0.14514027565297957,-0.23603399648034917,-1.3579258308930007,-0.3240347332939291,-0.2733430641658686,0.036999431495297004,0.1133854895455619,8423.56933214711
Mexico,Mortalidad_Media,0.8578811397672143,-1.0229433388502245,0.5269377051800355,-0.02046334336545345,-0.2516794889613374,-0.6793699440562393,0.014879181161354277,0.1252098497707401,10523.7685427665
Mexico,Mortalidad_Media,0.428584717862935,0.17347353962307785,-0.29052990892145036,-1.2692899630445376,-0.38565501997347523,-0.2633780511799436,-0.021185456816587078,0.1592161619969934,10134.3327129706
Mexico,Mortalidad_Media,0.8828875529053266,-0.9788682815286636,0.49960576062671497,0.04052940840608763,-0.19418541013806506,-0.6054424034594696,-0.06946272672802445,0.15313796862067408,9512.63575346699
Mexico,Mortalidad_Media,0.8965925822986351,-0.9822064240887511,0.5303531848740102,-0.00047740510608070593,-0.1313346460685899,-0.6278809712044893,-0.03869608582506184,0.15979420887976004,8671.75891885163
Mexico,Mortalidad_Media,0.8425187484998431,-0.9871615649523195,0.5295342613949616,0.018561534202083934,-0.13001201915445473,-0.6116980415761749,-0.059769470091857915,0.16604753153401963,7849.66759649565
Mexico,Mortalidad_Media,0.42130249912361367,0.1907139401378233,-0.2431002763929574,-1.2987408355842476,-0.21240877178758005,-0.24817167421962302,-0.03513036881390987,0.18815039174873993,7434.07465031562
Mexico,Mortalidad_Media,0.7251380648092154,-1.0076989051966871,0.5515178616960221,0.009876606939390013,-0.18202158328717216,-0.6998227432573013,-0.05352006002483972,0.20018309476981,7983.03398381759
Mexico,Mortalidad_Media,0.25257940884282926,0.18201806804415993,-0.25982372863806097,-1.24279172826357,-0.317943620884052,-0.3172446929717214,-0.07596151074096279,0.2252030285119393,7952.76479510706
Mexico,Mortalidad_Media,0.628452710899816,-0.9865056717798064,0.534762159814639,0.069203510448381,-0.17674658067786891,-0.7104681940652954,-0.11977712180778545,0.21599487725017855,7524.0271380091
Mexico,Mortalidad_Media,0.26655642241873667,0.3488114030280445,-0.24981798740843048,-1.079019356416979,0.26392997347645564,0.05317132843009141,-0.4357121272613086,0.19473955397608478,4183.87847727479
Moldova,Mortalidad_Media,0.5968016124061881,-1.0669983014777051,0.5401387011918268,0.09141976089378667,-0.17528162869333622,-0.3864675157300238,0.1729443659926805,-0.19230148221158655,5744.29618434435
Moldova,Mortalidad_Media,0.3407790023114403,-0.9441103982603652,0.4191821662696247,0.409938318292208,-0.147634711044699,-0.20743484089497252,0.0266056798301058,-0.4130654122114016,5274.60582195352
Moldova,Mortalidad_Media,-0.08060663954519029,0.19047953318405905,-0.37933983833098234,-0.9168574479917223,-0.4317989015351246,0.10950022379225957,-0.015322579826349367,-0.3021494049525289,4375.7788930524
Moldova,Mortalidad_Media,0.16520756727011662,-1.0825540693878895,0.46270956373867195,0.2767685025755154,-0.49735330749771145,-0.5353130707486067,0.27618061851600434,-0.27421843034540383,4405.33418162155
Moldova,Mortalidad_Media,0.16380179761827193,-1.066638972304944,0.44071722846780637,0.3186724317524581,-0.5069272026012271,-0.49057764249359853,0.22428745680258919,-0.2688382037717973,4156.44981956646
Moldova,Mortalidad_Media,0.09091810860329264,-1.052651506153719,0.4449100914988234,0.40316230689498234,-0.4897708104248344,-0.3076258677814925,0.26443153513760986,-0.28475451970661525,3453.26727720294
Moldova,Mortalidad_Media,0.19998751999789155,-1.0075426871657347,0.45758977281882085,0.42166211234565876,-0.3053839224800756,-0.13207083096169778,0.17420271892945066,-0.32187257144925263,2847.08794770479
Moldova,Mortalidad_Media,0.16148939851776126,-1.007555677004394,0.4579377903631141,0.44407454180048545,-0.320442998070638,-0.10573601181014837,0.1676415959967346,-0.32331472232802166,2749.55137054338
Moldova,Mortalidad_Media,-0.040579294620951015,-1.0385808945502826,0.4390860097948393,0.5100499049871376,-0.5192789050009938,-0.16098979201289262,0.27280634839531004,-0.3015771940783495,3289.95758568777
Moldova,Mortalidad_Media,0.07424779505478746,-1.0722589542126446,0.47254781103242594,0.3758201683773228,-0.4987752190462195,-0.30252882191194413,0.17570407642870303,-0.2612277447904456,3321.04397795719
Moldova,Mortalidad_Media,0.1810578896822066,-1.0704317469784972,0.484756030884086,0.2967141718653303,-0.42305671337367823,-0.39737564897721833,0.19255290133715092,-0.2450792855530646,3044.8084324815
Moldova,Mortalidad_Media,0.1767347039806963,-1.0234429241170302,0.4590716667691951,0.39109137088304763,-0.3538512509175965,-0.23901144167840757,0.1310262087966001,-0.27180934795019207,2941.36224066021
Moldova,Mortalidad_Media,0.12569946880075789,-1.0646396473175077,0.4997821417385673,0.31127836591107294,-0.38466632849547056,-0.3814715493938485,0.21986579304169684,-0.275357872669144,2436.79935102421
Moldova,Mortalidad_Media,0.3350415084025407,-1.143936005431174,0.6698485439636691,-0.03282386528381696,-0.16079302218842015,-0.6114056558290833,0.2600119905236751,-0.27858176823233144,1898.43975710988
Moldova,Mortalidad_Media,0.2596842930580257,-1.0653114288599972,0.5604490603273266,0.1803339041651191,-0.21368677814222933,-0.45804847176679664,0.05564259086869651,-0.30411573016948273,2110.55305353857
Moldova,Mortalidad_Media,0.12564888886178888,-1.0787036036121138,0.5665818077690185,0.2096600765437856,-0.26685560605799585,-0.4911667440128352,0.15208153551898956,-0.3189924780151078,1531.21618590748
Moldova,Mortalidad_Media,-0.27380556874988304,-1.0803325074253431,0.5273234454176353,0.4273462579260562,-0.48664044664778255,-0.4035300205691529,0.39169779368879387,-0.3480892560087578,1183.02481442894
Moldova,Mortalidad_Media,-0.41850275080573923,-1.0372564092112133,0.48189426471756547,0.5882690987863349,-0.5269920927134353,-0.2675957476829364,0.38867736833184224,-0.3646900632929158,1034.39197746993
Moldova,Mortalidad_Media,-0.5672643714280156,-1.0525910829997214,0.500816796865182,0.6157633574341377,-0.5795620544233706,-0.29165781901556104,0.47634589412696887,-0.3470461927368358,897.178494749468
Moldova,Mortalidad_Media,-0.49531694953296906,-0.9452514824142743,0.45354567886876984,0.7770935601521877,-0.3816112546488396,0.021999206993523663,0.26361277504834363,-0.34796162231087824,682.319095965299
Moldova,Mortalidad_Media,-0.7485842046247345,-0.9741881150969777,0.4982527364052475,0.8233623990153103,-0.45853779958830193,0.020073708486304638,0.46864557936319956,-0.318946332976487,570.799866188293
Moldova,Mortalidad_Media,-0.9100929170868515,-0.939869380135815,0.46988338287855325,0.9558038015404946,-0.4940389614507275,0.09942404425764054,0.45510857369808133,-0.2763801130454995,507.404076252819
Moldova,Mortalidad_Media,-1.024685410068134,-0.883526009147959,0.49058807438959867,1.084945645076465,-0.3543470229406861,0.3450032474435095,0.504547557384148,-0.2746958568473797,440.538683980372
Moldova,Mortalidad_Alta,-2.4424207730514986,0.3710623266592117,-0.6213267990813315,0.4178671081105013,-1.3174129283812777,0.36173314723646294,0.6639321227685799,-0.15234047823974176,593.593177049161
Mongolia,Mortalidad_Media,-0.014430852655312939,-0.8337913630812348,0.003759078476131631,1.0938588046658062,-0.9445626058602321,0.14067145675426848,-0.20286010609405378,-0.24100130243039275,4993.51487463495
Mongolia,Mortalidad_Media,-0.5148258005866269,0.36246907855218125,-0.8345028859888568,-0.11837700676978306,-1.1498616463372282,0.5211110329669469,-0.2442251720314912,-0.2373674980011844,4517.61578018785
Mongolia,Mortalidad_Media,-0.526188158679317,0.3347115963068949,-0.7815701538968972,-0.18540558115859523,-1.112556178298634,0.493171648621177,-0.24221065974271272,-0.24465435253503592,4001.25193077703
Mongolia,Mortalidad_Media,-0.6201892292821441,0.31736898405123615,-0.8334345990175848,-0.19556182650664505,-1.2830853356063883,0.1963351919010321,-0.19827577727552126,-0.21130572416835405,4347.54610314873
Mongolia,Mortalidad_Media,-0.12494794593872291,-0.84171069166129,0.00288075337484778,1.0883192992393917,-0.9956119350721525,-0.01212183678425196,-0.35251476806799414,-0.23652418411141393,4107.64288528468
Mongolia,Mortalidad_Media,-0.488419053657313,0.3082713708936693,-0.702297233160945,-0.3274098382501561,-0.9860100236379213,0.3562960200986183,-0.32557353761341,-0.23043799852441516,3645.96708669551
Mongolia,Mortalidad_Media,0.0250989655039678,-0.8678357713913931,0.20280269817548488,0.8536138567566979,-0.5618677697684402,0.06447582600447604,-0.17454404979564533,-0.2860216487186825,3619.90026383792
Mongolia,Mortalidad_Media,-0.4771885976714684,0.286354850536773,-0.5655545735663022,-0.42954908778560225,-0.7387472815513182,0.4857678918354101,-0.041734109243834215,-0.2237083494384926,3838.92126989984
Mongolia,Mortalidad_Media,-0.182117948020795,-0.9277486427541989,0.20547002602428951,0.8236065582383076,-0.7740908472532162,-0.2150662757346358,0.09513550378038224,-0.19785342434804498,4126.23975800524
Mongolia,Mortalidad_Media,-0.7267026982780579,0.25213235592030114,-0.6111137642468027,-0.41570188635497823,-0.9876325196486795,0.1099655784911166,0.07444531528037068,-0.18934530720595646,4340.14310544449
Mongolia,Mortalidad_Media,-0.19342521880439964,-0.9603912078982988,0.2715391647993073,0.7000345852803925,-0.7112233337116176,-0.38404102932698114,-0.02593827919609729,-0.20177774147376115,4328.89001905655
Mongolia,Mortalidad_Media,-0.23377783471184557,-0.947994219623401,0.25078839310924567,0.7278301930396013,-0.7372630480254905,-0.43030839605181553,-0.14352987424523253,-0.18272935266050103,3736.04201455077
Mongolia,Mortalidad_Media,-0.32634319250300187,-0.9129520294631482,0.2576975717274973,0.8180717966194473,-0.6582037905068618,-0.2810958283252281,-0.1916574658764204,-0.21335728719362024,2625.21881402433
Mongolia,Mortalidad_Media,-1.1155839258023839,0.2997531574885098,-0.5196115318728038,-0.24507509070980027,-0.7984585155485746,0.3761468243557183,0.07974759568632482,-0.26425222935966924,1703.32756790019
Mongolia,Mortalidad_Media,-1.3768823261164211,0.33118235949376335,-0.5751105717015397,-0.06613837980142215,-0.9311357825364543,0.4040869499304163,0.030734840906821558,-0.2672317045732089,2127.42678594737
Mongolia,Mortalidad_Alta,-1.1105446997125206,-0.7562219458634623,0.07367972145643678,1.491920857757749,-0.9340599935506521,0.10875288445606833,-0.3160723825765352,-0.25228599821632536,1627.68787743359
Mongolia,Mortalidad_Alta,-1.6139561076444413,0.43008047288992074,-0.7205658231217172,0.20899380433227846,-1.05877313806068,0.4002187389032751,-0.39457249578163317,-0.2142822521059497,1329.89179579053
Mongolia,Mortalidad_Alta,-1.4289846374800492,0.5117189540438465,-0.5955134749537461,0.17394408010110632,-0.5042788474032694,0.7821337975201551,-0.41632317904475813,-0.2701931568627802,994.90010913241
Mongolia,Mortalidad_Alta,-1.4423149050142912,0.48988241146303024,-0.4802923890742058,0.0470249746702859,-0.3010295826438993,0.7304460885274215,-0.34483449277020023,-0.2510069398573531,794.154552001815
Mongolia,Mortalidad_Alta,-1.3276918332932715,0.46432100132794496,-0.3435468682273799,-0.19780121422956157,0.010890002682844884,0.5282133586716498,-0.2924276353122759,-0.24378434597034954,643.168068921658
Mongolia,Mortalidad_Alta,-0.9004435157519675,-0.6973481537899442,0.5025434625976967,1.0542451784764346,0.3120168909083867,0.144953738876933,-0.23417202824778982,-0.19008560239161904,570.249213248399
Mongolia,Mortalidad_Alta,-1.7033955613149077,0.5401171846021048,-0.3542776502894432,0.06716626606570371,0.04104006661807613,0.741493646535631,-0.18020602536172292,-0.13328440977573727,524.453483552485
Mongolia,Mortalidad_Alta,-1.903232838244603,0.6629041268159177,-0.40240920212318043,0.3798038377176965,0.1624705229427576,1.1614964366893066,-0.19404524569070752,-0.12770244380509477,476.02755082717
Mongolia,Mortalidad_Alta,-2.2852503003169566,-0.27104630075748193,0.21735490182095818,2.3436483580424423,0.282789099225422,0.9887394795656642,-0.40303813547793843,0.04382706510543477,652.67456284915
Montenegro,Mortalidad_Baja,0.944710712022358,0.11324690734605171,-0.3493740967635556,-1.302969015349729,-0.3577740961615063,0.34909465106790016,0.15965399199599087,-0.1585545558387915,9990.20444616996
Montenegro,Mortalidad_Media,1.2999678944600621,-0.9774453287863508,0.40531319938182797,0.11993773133871669,-0.06058318303771114,0.07249366027327656,-0.04166016097249583,-0.3606673197927638,9377.48879714989
Montenegro,Mortalidad_Baja,1.221719650496752,-1.0256578751143364,0.37155759172873154,0.17842344458767256,-0.3009370536745814,0.14260138428742128,0.06180018123874431,-0.19698408552981198,7612.62845881291
Montenegro,Mortalidad_Baja,1.1932594385577824,-1.0889497929265102,0.3817502948803424,0.0738813264969279,-0.47917173663352963,-0.1322605374906265,0.20956416035347808,-0.10322474828444257,8842.48528706869
Montenegro,Mortalidad_Baja,1.2166731007761717,-1.1234670391695576,0.39958309234543515,0.03770159586816021,-0.5332497388220405,-0.1130404662759249,0.298910164655535,-0.010529850788100358,8790.88152116679
Montenegro,Mortalidad_Baja,1.2708101924293431,-1.0821173075368644,0.43155854308489244,0.034498870934349696,-0.320360662280419,-0.012130391811785357,0.20071530671441754,-0.11345704907790088,7758.36921956034
Montenegro,Mortalidad_Baja,1.1881375557290332,-1.0974916477508527,0.4384252984234413,0.05193022161214674,-0.36422161855997665,-0.008810709251356514,0.2284707910205494,-0.11935590026297284,6999.1358134109
Montenegro,Mortalidad_Baja,1.2257203674392085,-1.0793910203202701,0.4457185621538572,0.05806603212914374,-0.2755150346193161,0.058086080092443454,0.25707126446917566,-0.12381145118355363,6491.19280618646
Montenegro,Mortalidad_Baja,1.0357473529087744,-1.1214985235152053,0.4318677552194952,0.08230132390311892,-0.4819350712860174,-0.08500459996187645,0.29373370041911334,-0.10960327143599932,7364.96590101549
Montenegro,Mortalidad_Baja,1.0825897611809512,-1.0967862904712984,0.418724874383931,0.10450504625119289,-0.4300090039257298,-0.03170801571494987,0.256117857424723,-0.09490846426207585,7172.92908521143
Montenegro,Mortalidad_Baja,1.1437514030827303,-1.125922563675019,0.4818941983187891,-0.042762036295416916,-0.34094736840106166,-0.21138822185699815,0.4022882697784271,-0.09245037903074399,6577.74033229273
Montenegro,Mortalidad_Baja,1.1203871832708605,-1.0821165875170808,0.4391539125986669,0.04738937191145686,-0.30876741250833545,-0.13882416934015215,0.37001327839960335,-0.1083534735401892,7325.64689244715
Montenegro,Mortalidad_Baja,0.9713095923565329,-1.101625866026267,0.39944714393398506,0.09468004894634188,-0.5026557732105099,-0.27305699871629024,0.36178247508148886,-0.07246060230701991,6688.40259641346
Montenegro,Mortalidad_Media,0.8142395988352559,-1.1239356063370842,0.4287743939765381,0.12191285149351472,-0.5475177828159138,-0.2504186997848249,0.30789135412201507,-0.11499438607879706,6727.10776676969
Montenegro,Mortalidad_Media,0.8512484755439456,-1.0261552853075515,0.2903767849195888,0.2852505598231373,-0.5703954692734274,-0.25379595191012866,0.177856145753332,-0.09371552929405208,7367.75190910882
Montenegro,Mortalidad_Media,0.6246445770328289,-1.1156331623194458,0.35137818609882887,0.1878404318448737,-0.746394652290957,-0.5460682138275599,0.3134701533133753,-0.09536973780289014,5976.39414454596
Montenegro,Mortalidad_Media,0.7859346736627814,-1.007356855039453,0.341433218903038,0.2866379794581575,-0.4079038948693716,-0.19701269007071812,0.1411968105128008,-0.16668290105010156,4425.67887307803
Montenegro,Mortalidad_Media,1.0736870529647045,-0.9127010574318943,0.38488575853283125,0.3107575103995269,0.028268187612526568,0.2520327802684798,-0.07728725917375258,-0.19479278413538528,3674.6179242797
Montenegro,Mortalidad_Media,0.20073243820233344,0.03140179681064336,-0.2629437081828839,-1.1627263973231057,-0.5871434097417343,0.2694953559494989,0.1848742357873227,-0.07974161389815966,3380.16512135859
Montenegro,Mortalidad_Media,-0.3480468115079272,-0.20327815308079028,-0.16948441171338957,-1.3401942583687136,-1.1860363716553655,-0.38187022980457114,0.6612360674966357,0.0077064369199756665,2789.15906483509
Montenegro,Mortalidad_Media,-0.32179460648743585,-0.140547970409957,-0.22216964902832553,-1.280449226617485,-1.0897843378201268,-0.4176876169191411,0.8065552977668794,-0.0035732801662447977,2106.6350684523
Montenegro,Mortalidad_Media,-0.054696163340626776,-0.03679770428754198,-0.18223831718294195,-1.2159140764284266,-0.6617406339756757,0.11848996240783352,0.38968044594946283,-0.06545078818466024,1909.59870186179
Montenegro,Mortalidad_Media,-0.18870717931189498,-0.08210303652727759,-0.16709814601186151,-1.2714652383525087,-0.7730179358760239,-0.12877869653476856,0.6224712027782641,-0.051310802379416216,1627.06511911987
Montenegro,Mortalidad_Media,0.7939158212280601,0.3107424738924803,-0.28436777070834846,-1.1372591763894733,0.06233158384808898,0.4648092362605813,-0.3052822903305319,-0.0670162572142127,10795.966586356715
Morocco,Mortalidad_Media,0.10309741223642552,0.06409327365869352,-0.251960298382336,-1.046010449169865,-0.537322145483251,0.504963177353514,-0.008618925130729474,0.13499442053924274,3455.39624023438
Morocco,Mortalidad_Media,-0.1782270732156525,0.10584813113161935,-0.29502578571009885,-0.8637736235113012,-0.5909204424267798,0.5552611528557833,-0.0238164493095041,0.005350915607060331,3785.93627929688
Morocco,Mortalidad_Media,-0.12472886148856505,0.08563548788987868,-0.25396505990699275,-0.9648868333342814,-0.5334960409371643,0.4443050196376064,-0.047582325591068175,0.02071744623672808,3268.0302734375
Morocco,Mortalidad_Media,-0.0772958420288227,0.08174459948956082,-0.2587394763259125,-0.9692620138691874,-0.5481866697780488,0.4766963812186342,0.006752556994132882,0.11649978554999164,3508.09765625
Morocco,Mortalidad_Media,-0.09967023204228541,0.10537349189492878,-0.2601796883576553,-0.9257066601741202,-0.49393760177469453,0.5523764592987688,-0.03842782031122392,0.10222953710902494,3501.69799804688
Morocco,Mortalidad_Media,-0.19781898880355944,0.07772441937877989,-0.24388119755312865,-0.9563848331312047,-0.5576254812167452,0.41330837289762434,0.02063487677578545,0.11626806235482469,3296.52661132813
Morocco,Mortalidad_Media,-0.15814036449221336,0.0953204836025718,-0.23712666869677967,-0.9721015481983223,-0.4803913018443759,0.4038326980311807,-0.06989873832343979,0.1162515929558793,3140.85546875
Morocco,Mortalidad_Media,-0.3188097700139793,0.10169165897583274,-0.2475782161138817,-0.8920726539931391,-0.5325371002219945,0.41892461821534605,-0.006361828721792015,0.11170545613343867,3146.24780273438
Morocco,Mortalidad_Media,-0.2855550017303208,0.053893590976558006,-0.17293347070386453,-1.0633682837281935,-0.4746539313678063,0.19212189061951565,0.06280594994526513,0.1359184825373531,3435.40698242188
Morocco,Mortalidad_Media,-0.16553107470006073,-1.0357133120146014,0.460720905718028,0.6043473818429692,-0.5697390406985288,0.03339718071353286,-0.14222262645051487,0.11810090656691882,3379.7431640625
Morocco,Mortalidad_Media,-0.5688980857947598,0.1332540106292117,-0.300287667961093,-0.765440813319919,-0.635265263907571,0.2947722842482955,-0.14672605851485238,0.14474459732666262,3164.17724609375
Morocco,Mortalidad_Media,-0.6851306898690495,0.1459303854180557,-0.307939428503228,-0.706467324952647,-0.651525582234914,0.2941432324166169,-0.13737330700064243,0.14776314068412394,3301.98876953125
Morocco,Mortalidad_Media,-0.727443985387715,0.1794348740432966,-0.32708889354583787,-0.642739512694947,-0.6164809743458445,0.3378914001786932,-0.24683111251787984,0.15380726742706463,3067.9853515625
Morocco,Mortalidad_Media,-0.7669164808319707,0.1868909984195581,-0.3116761016556618,-0.6437802055416865,-0.5700480964638293,0.31650121007658016,-0.2612655052817341,0.16621400207889112,3119.58862304688
Morocco,Mortalidad_Media,-0.8491012367311633,0.1792206276644203,-0.3232533926087463,-0.6475300537984163,-0.6376243232556128,0.1677517540844534,-0.31598662144461764,0.20736686215968386,3183.20043945313
Morocco,Mortalidad_Media,-0.7942406111193664,0.17040043009592137,-0.26321542370245515,-0.75835949213767,-0.5012788850202338,0.06452912530729615,-0.31304973640988115,0.22685157384175494,2755.5859375
Morocco,Mortalidad_Media,-0.5558408627566288,-0.9655374977929414,0.5092368748139018,0.6895894110376114,-0.3602444446806751,-0.17062633271117122,-0.2922709694393854,0.19935327963429997,2438.12646484375
Morocco,Mortalidad_Media,-0.9481566132656762,0.21765884037920433,-0.2728889350589685,-0.6553032547348748,-0.4337197649974141,0.0985720446179992,-0.37675946847792235,0.24797765400209332,2242.98828125
Morocco,Mortalidad_Media,-1.0285845630729615,0.28006412111727885,-0.3057652027624532,-0.5141847382698682,-0.36416732610400065,0.26368597385225306,-0.4753912570842148,0.23825314803983538,2183.55541992188
Morocco,Mortalidad_Media,-0.9450393826902279,0.3746190965761589,-0.3244449191491381,-0.39563894091691715,-0.12874839640021685,0.5619328603268852,-0.6798677975532286,0.22314928313879137,1941.87255859375
Morocco,Mortalidad_Media,-0.9438934147377923,0.38065323896361547,-0.30409573248317784,-0.43089230720044064,-0.0579483462991887,0.49575409992200853,-0.7088732418155216,0.24643185043850954,1596.02062988281
Morocco,Mortalidad_Media,-1.095642594605968,0.3426834305806574,-0.2802482477731792,-0.46550911077918555,-0.14813363590634473,0.311257939352576,-0.6119328905061138,0.2792319438628666,1506.24523925781
Morocco,Mortalidad_Alta,-0.7229344810297782,-0.8558740030121723,0.5347326601849565,0.7695851907675891,-0.03460841016287915,-0.23354420313727112,-0.6370268752569607,0.30541993081529467,1499.107421875
Morocco,Mortalidad_Alta,-1.2193747095909548,0.47640910726185043,-0.1639684423714401,-0.4152587652902506,0.46794044691749875,0.4499655797330122,-0.7251368436964375,0.3284609008942072,1466.78820800781
Mozambique,Mortalidad_Alta,-2.313289885271772,0.36998978874806643,-0.2425820445775355,0.0550585386505547,-0.41709182398834344,0.5119347530801165,0.08179810973397109,-0.05845467402441907,578.251663751351
Mozambique,Mortalidad_Alta,-2.561316252243479,0.38813958517553576,-0.20595012198778367,0.09477801697746249,-0.34259911810396587,0.4082308611003043,0.10724676591444918,-0.2345704655084302,509.907829475551
Mozambique,Mortalidad_Alta,-2.496551379526994,0.3653325340187603,-0.16921723824671608,0.024231221382409834,-0.3080479700689107,0.40017832799413877,0.1980915591157756,-0.1181833444306107,462.433876479921
Mozambique,Mortalidad_Alta,-1.8965146520689038,-0.7673962236937503,0.5992241992018245,1.3045996385504293,-0.039170820905534136,0.06531863917182827,-0.03580356107029698,-0.11350255864610154,519.09255091362
Mozambique,Mortalidad_Alta,-2.443330390591658,0.42912726239293275,-0.21622432122163607,0.0928808438805218,-0.21066106846970833,0.45430546329071464,-0.0378529222880697,-0.11824063228184026,517.507260258101
Mozambique,Mortalidad_Alta,-2.4230344542267845,0.45509577251112904,-0.1817954005126159,0.08135581329054956,-0.04920130027217078,0.5079255436093677,-0.03576797219018981,-0.1605928459514025,470.93856305196
Mozambique,Mortalidad_Alta,-2.2525550194665165,0.42510854461491393,-0.08545942038679304,-0.1541976813819117,0.18076190019324306,0.29710734559075336,-0.042134024188208066,-0.1563166595196612,441.489734819071
Mozambique,Mortalidad_Alta,-2.256880225892852,0.41208955403549197,-0.025989739642212826,-0.24112156033512888,0.29406918928962206,0.2072505097293103,0.022078098920569146,-0.1890090835552495,610.563774706589
Mozambique,Mortalidad_Alta,-1.9407861261282946,-0.7838916463673472,0.824303234319656,1.0116197004907654,0.47535880664550245,-0.24525620601071982,0.1493406803029749,-0.23820276632885373,697.142680444123
Mozambique,Mortalidad_Alta,-2.394823664655869,0.401671771168506,0.048680153929350656,-0.30201376240227795,0.4098223814582438,0.06953664152728734,0.124989104092348,-0.24389949272979233,686.505672517351
Mozambique,Mortalidad_Alta,-2.518056976430861,0.42357195879850074,0.057842917013167204,-0.23949182649595704,0.44817535840929146,0.10696584910705577,0.14698801401419678,-0.27471580475386614,685.685748199513
Mozambique,Mortalidad_Alta,-2.6753845860242786,0.4346894752946911,0.06906099718371529,-0.19299196189829917,0.4555844499260554,0.06725459797197449,0.18975974133080478,-0.2746145323619533,618.17649286789
Mozambique,Mortalidad_Alta,-2.8050080104929034,0.4706696349466004,0.08713002796689605,-0.12932317299359272,0.551454508672791,0.10070165292117494,0.1535456004854884,-0.2368551753157718,496.185839392659
Mozambique,Mortalidad_Alta,-2.834023281263044,0.5061189213181463,0.07452804586354117,-0.0712049125254891,0.6132559523590667,0.16163853861155725,0.1199477958506921,-0.29178180732395204,547.697144193651
Mozambique,Mortalidad_Alta,-2.412207297166185,-0.6548666526168424,0.8997661335723224,1.17882893414176,0.8781869041016422,-0.29509070483449995,0.031148391161515663,-0.253238418086952,592.159111184122
Mozambique,Mortalidad_Alta,-2.8117138907190946,0.5236439533122196,0.10046164018214915,-0.17841245891772256,0.7722589943959494,-0.11617364444761531,-0.12936477694501616,-0.17054838413008291,507.874923914304
Mozambique,Mortalidad_Alta,-2.9586738637819145,0.5821821645577403,0.08275047420113978,-0.08642151855758543,0.85557919035915,-0.16524698145730857,-0.19440527008966815,-0.04966668082616608,457.487647833183
Mozambique,Mortalidad_Alta,-2.968590938546674,0.5811013103527035,0.14129567115928088,-0.1815439651184088,1.0029040383504035,-0.31984023557538854,-0.20819679867924498,0.050316438963733064,436.773856167384
Mozambique,Mortalidad_Alta,-3.166796732840739,0.5752528543336762,0.14172305527310688,-0.1595848022894298,0.9344518184120888,-0.5061885847910749,-0.21168178258248962,0.1562756273347021,400.056973161545
Mozambique,Mortalidad_Alta,-3.2570940391039236,0.6003163803014128,0.18138658455723822,-0.1594304697190655,1.0717164749079195,-0.5519621959016678,-0.21033147310096365,0.2454469299039842,339.488737800648
Mozambique,Mortalidad_Alta,-2.8310406030017776,-0.5661346029080249,1.0732228741736096,1.0301780915209902,1.472622669559228,-0.9966213771419102,-0.16050060170618952,0.31521161415651866,313.886661721198
Mozambique,Mortalidad_Alta,-3.098821777854536,0.7629341500178096,0.14810852834391988,-0.09898125321186883,1.5275848960406866,-0.515849098777895,-0.8149667873761884,0.45945701473860284,304.792138621913
Mozambique,Mortalidad_Alta,-3.756854311486368,0.6086560508272165,0.20540152830964734,-0.1649262744796618,1.0407353286995669,-1.1966136340223004,-0.4063881796484809,0.6338302495151592,327.12623979157
Mozambique,Mortalidad_Alta,-4.630016647011053,0.780586828239135,0.5879820793973666,-0.005360388775897192,2.079068248933406,-0.9837596136930424,0.3189604934732331,1.0085341742705924,191.826096861406
Namibia,Mortalidad_Alta,-0.491285591881797,0.407870351710888,-0.11914691622743212,-0.8420547315412495,0.6378984513174436,0.2513087726830951,-0.6928239461790466,-0.07579727503422624,4349.79908493314
Namibia,Mortalidad_Alta,-0.747827426511102,0.3738714641516669,0.00099502161882837,-0.9611395203479771,0.7844907611064716,-0.04665387495023962,-0.5333790936913456,-0.26686627516555345,4412.8355693052
Namibia,Mortalidad_Alta,-0.6009091260426789,0.3302128959009929,0.006920951098167399,-1.0308261062406934,0.6906562533561162,-0.018337438182204718,-0.40989953336759033,0.01444627814325623,3878.58982993966
Namibia,Mortalidad_Alta,-0.5111321622487618,0.3835019553339788,-0.019812356639182398,-1.0185570294656212,0.7850909997569315,-0.043830065179365385,-0.6323797469458415,0.030399280659642845,4731.9210318831
Namibia,Mortalidad_Alta,-0.694676140456947,0.3683073345166432,-0.01221863402760889,-0.9985187451942839,0.7269542629875014,-0.16359902743579038,-0.5621076265926231,-0.004559530051685999,5308.60813408705
Namibia,Mortalidad_Alta,-0.7936755995182585,0.33689955015908113,0.031010318340581374,-1.0626669989579764,0.7182382137073158,-0.32367256237794234,-0.49032026079367796,-0.04377748289074724,5143.96072323076
Namibia,Mortalidad_Alta,-0.705261175139401,0.4309059195600161,-0.012336405848681864,-0.9705771684843829,0.8961004921743538,-0.19153563783579391,-0.7505165011539431,-0.08204612740398774,4395.68776162376
Namibia,Mortalidad_Alta,-0.3059486812152437,-0.75041640175038,0.809246072744571,0.2935244817314851,1.0785674714639972,-0.6037688081591513,-0.7692654057940382,-0.1555816586810663,4774.10650865775
Namibia,Mortalidad_Alta,-0.9113083927103307,0.3915351125681257,0.026684058283935122,-0.980173573342679,0.8480451270052177,-0.28950085287040134,-0.6261326602113954,-0.21159182237947596,5378.32326241205
Namibia,Mortalidad_Alta,-0.9545749958695475,0.39877668512961795,0.0392364881946281,-0.9868215820353105,0.8869421188516219,-0.34159829444594586,-0.668624126537311,-0.2499113518081921,5346.62131149967
Namibia,Mortalidad_Alta,-1.1257612783065525,0.44016498385182373,-0.05204114446758056,-0.8048223904540879,0.7451785997933006,-0.300942974686722,-0.8257727192082596,-0.2841822534948172,5942.64680978673
Namibia,Mortalidad_Alta,-1.096663691071508,0.43643467243728995,-0.04978147682342799,-0.8200222181353406,0.7590163534309667,-0.2862540031456615,-0.8474438533617445,-0.46243047142908644,5834.7917675794
Namibia,Mortalidad_Alta,-1.1150153440228958,0.4340488317590768,-0.05392580938371466,-0.8090032811754979,0.7451684301860582,-0.2736804758527666,-0.843939729050246,-0.551153186101409,5418.21633365814
Namibia,Mortalidad_Alta,-0.7257861714885193,-0.7014861354492007,0.6945961052205728,0.5543685691948497,0.8901999351049835,-0.6709680859399537,-0.9355955195128381,-0.6053647843288418,4302.91374148376
Namibia,Mortalidad_Alta,-1.3482396153909282,0.4647689153724427,-0.2104702657930752,-0.5943980848557776,0.40673139296768607,-0.3914449343628648,-1.0535131870728247,-0.6621327002543221,4204.78555422749
Namibia,Mortalidad_Alta,-1.3086778918836734,0.4571682326742677,-0.1675630736354683,-0.6343974232460817,0.507407633681396,-0.3131338600376149,-1.0057219621097018,-0.7957069233013877,4379.04313682732
Namibia,Mortalidad_Alta,-1.3101618879887424,0.41546575740885583,-0.07613037888184795,-0.7587982497663045,0.6206525046788935,-0.3700046177473176,-0.8013614968065221,-0.9173922706668758,4017.1834716928
Namibia,Mortalidad_Alta,-1.1619087065011282,0.4487831902709432,0.023625932644688007,-0.8618404485827286,0.9995854179044009,-0.26257541887292135,-0.7472587058716799,-0.9616867660888571,3685.77299991587
Namibia,Mortalidad_Alta,-0.9636760380003374,0.5340621259738787,0.04412738822356502,-0.8686004759200258,1.3340937115615086,-0.10665711615894059,-1.0009146346807252,-0.9250303195833732,3403.15496192955
Namibia,Mortalidad_Alta,-0.6106053316357885,-0.6704175234009289,0.9053618298770278,0.3674967867277281,1.535592856996433,-0.5130911331623397,-0.8533884173078693,-0.9414627181927306,2569.24739317883
Namibia,Mortalidad_Alta,-1.216479253895055,0.5453453983203819,-0.015054133180609606,-0.7060102370476246,1.1522434480191388,-0.0948299909023837,-1.037726096785477,-0.8790319091712663,1772.07565537493
Namibia,Mortalidad_Alta,-1.169835915726825,0.5337123573697887,0.02747549912237799,-0.7940002715026196,1.2381958357216931,-0.18303039998015772,-0.9631075546732801,-0.8524121512438801,1915.58926594875
Namibia,Mortalidad_Alta,-1.172659233947945,0.5152263865843919,0.06625363885757056,-0.8142193408537676,1.265026625255613,-0.10745709432443533,-0.8635792350098493,-0.7596432098698137,2156.67590512714
Namibia,Mortalidad_Alta,-1.3696505979400728,0.2718090070862903,0.15058309436163847,-1.1092984256317724,0.691056786691095,-0.745596237889785,-0.2903486688974805,-0.2076437787182203,2483.20353415161
Nepal,Mortalidad_Media,-0.435077701509317,-1.038321119281445,0.677311393533724,0.5883062120315704,-0.1760840705270157,0.30361280698864535,0.4800836604374734,-0.14888747643094571,1385.91066274851
Nepal,Mortalidad_Media,-1.0464074933558356,0.16787451651811378,-0.121016383677706,-0.6195251155764823,-0.29064222138304224,0.663433004852205,0.4721960547425714,-0.24472300232183203,1252.75076731986
Nepal,Mortalidad_Media,-0.999166002017377,0.1261125922478864,-0.053817352268568514,-0.7403075397797578,-0.23731662163762657,0.5910533841779103,0.6337952565308773,-0.16801215201695616,1154.21517578318
Nepal,Mortalidad_Media,-1.1461533332326772,0.09567813281921647,-0.08470253952408488,-0.7091866637473205,-0.44062680323816467,0.4507611945113091,0.6209489429313018,-0.09134537671344821,1203.14294706401
Nepal,Mortalidad_Media,-1.245120929276203,0.10053097995798743,-0.08331155281693853,-0.6742171307609756,-0.45611258596054344,0.43003084328091407,0.6678963103663977,-0.08268367868877183,1179.19843190389
Nepal,Mortalidad_Media,-1.2888277720091343,0.12800307562771523,-0.05985012413111131,-0.6338793144019568,-0.34831985283960415,0.5324326374042897,0.6995619640102847,-0.09234445659244643,1034.28374906846
Nepal,Mortalidad_Media,-1.3608554097111845,0.1621011766178344,-0.045653336773740505,-0.5595703543274257,-0.25796446597790496,0.6710069062282216,0.7336748524761859,-0.10945018951647305,877.256454696737
Nepal,Mortalidad_Media,-1.47205264324457,0.2052698946892702,-0.05077755814025498,-0.46736615607921145,-0.18812737970654272,0.7477713606591053,0.6720168174666583,-0.16637297178841626,875.543635474862
Nepal,Mortalidad_Media,-1.7120911628234976,0.14047735503730918,-0.0422157729386973,-0.4683946295271262,-0.43080608176763413,0.5482847888175415,0.879623051826335,-0.07345546732334922,821.455224911731
Nepal,Mortalidad_Media,-1.8041475119410517,0.16547681860697183,-0.04527226534560759,-0.3943096846573808,-0.4081847346809943,0.6201944587631345,0.8871194343403331,-0.0641796643702388,803.269595420477
Nepal,Mortalidad_Media,-1.9219794327480335,0.18173698100393385,-0.03771791410822013,-0.3247319670344944,-0.3970243320975629,0.6896226966309643,0.9224696159590045,-0.057614439413015035,788.202937148377
Nepal,Mortalidad_Media,-1.969257942164608,0.2064954375854379,-0.03178867570358951,-0.28562097635411365,-0.3329075342118898,0.7322615717713001,0.9301223207873742,-0.045821604603039474,785.518656222132
Nepal,Mortalidad_Alta,-1.6269356393632444,-0.9008457398205441,0.7494721564875287,1.1603236957372642,-0.08442142061547699,0.599219533003443,0.9008564974839877,-0.08707940103277148,585.278491984574
Nepal,Mortalidad_Alta,-2.0071317540392837,0.2375773092849037,0.004135050918943805,-0.2775574262201871,-0.17523984564121634,0.7654527669682273,0.9179810136902856,-0.01763089436291983,473.078751198621
Nepal,Mortalidad_Alta,-1.9850433010459838,0.23754175649559883,0.01889115595543446,-0.3214593511615132,-0.1231617419359748,0.692966555840325,0.8692053050298088,0.02421211206575073,464.817391891529
Nepal,Mortalidad_Alta,-2.071418763269032,0.2548732606660296,0.024805628369013264,-0.2746561767562127,-0.09459188217892374,0.7213492079242039,0.8856592198636319,0.03924875498488182,385.449767660642
Nepal,Mortalidad_Alta,-2.1318726044691254,0.30370050870323617,0.014480106210192427,-0.17706200301119612,-0.013688734463372126,0.8523166786353221,0.8488482376852774,0.04377919466718609,340.431796437968
Nepal,Mortalidad_Alta,-2.6288802559609916,0.19354245959507133,0.03003784714570352,-0.17155618742291429,-0.4390652603933105,0.4302599233726484,1.1691689563850047,0.09342777734997033,309.024168339372
Nepal,Mortalidad_Alta,-2.7407412758990324,0.21787542394449055,0.032949583113558084,-0.1111055490047303,-0.4042088383345395,0.45008309138364133,1.1672388539520606,0.10090290421488514,279.587750044428
Nepal,Mortalidad_Alta,-2.4039030986702183,-0.9263179501444216,0.822248407367071,1.2448954049374021,-0.21861917787254947,0.09503505621793824,1.1120293540051867,0.10748148419820351,246.429706587633
Nepal,Mortalidad_Alta,-2.9853681663949634,0.27566984769648284,0.031522458343766636,0.023666092366272314,-0.329060146959054,0.4704802332004966,1.1313524152813517,0.12776601610504632,238.89140296106
Nepal,Mortalidad_Alta,-2.9805256475448325,0.28196331776312833,0.05838326234759673,-0.02401081891239885,-0.23523299133203085,0.3870311841654779,1.0946031563846779,0.1966755369093339,240.795114544664
Nepal,Mortalidad_Alta,-3.4782726170669043,0.40227809540077014,-0.15155695488048357,0.5028422784700499,-0.5901392073324004,0.6336163557902339,0.8584778552829825,0.21970926131811036,223.830289183078
Nepal,Mortalidad_Alta,-3.2652005603257988,-0.4930327542296309,0.665915520232166,2.0902550882085214,0.3231458191157379,0.5553108023297549,0.3394891738263614,0.3731221390182931,197.843001330326
Netherlands,Mortalidad_Baja,2.623673055394473,0.7599440572799481,-0.5527346543729024,-1.099361316845998,0.8391085016005521,1.1780261274569843,-0.2978397195693873,0.12691965165302543,59123.318556487
Netherlands,Mortalidad_Baja,3.0904469455789223,-0.3634322238841035,0.17767666447004646,0.23186426790427309,1.0270881863224601,0.6948605781178899,-0.21452374724293735,0.08497750972683059,60141.9880911492
Netherlands,Mortalidad_Baja,3.083082737486751,-0.3889629378875388,0.19470105907488347,0.1995745960244914,1.0313131589998135,0.6923254504183595,-0.1933405306517708,0.08923314045491997,53467.9277413737
Netherlands,Mortalidad_Baja,3.1295606999431103,-0.38897297276695436,0.17411700004996025,0.19315178543002934,1.0085191643620266,0.6653105720016875,-0.11665449744913227,0.143547628308169,53554.9007491475
Netherlands,Mortalidad_Baja,3.034518612054104,-0.44665037106256844,0.2310072758164004,0.1305474711332452,0.9389839392393168,0.6044052735137031,-0.09579825572972457,0.13526510022504515,53955.0770024266
Netherlands,Mortalidad_Baja,3.0456221715429357,-0.43309149649554124,0.17386802808261778,0.16284828728244893,0.9626425555372624,0.571675675790047,-0.0444492123347334,0.12606329881425848,49513.6817346384
Netherlands,Mortalidad_Baja,3.0112442036130678,-0.4356443092114282,0.1815126243899508,0.1452905856909081,0.9229310392614828,0.47029734565807735,0.015077095488995513,0.11908694896855937,46808.5291492503
Netherlands,Mortalidad_Baja,2.986161955427887,-0.4585280215854151,0.2227940397028114,0.11625077046551228,0.905985597343501,0.49521580917521274,-0.019532514744740728,0.1195419151732815,45793.8135434697
Netherlands,Mortalidad_Baja,3.0995657054382533,-0.38695269525375703,0.16254361882583862,0.1975802041537454,1.0096241712013745,0.6119618464431337,-0.09220963046930176,0.11555827553947844,53457.2234864322
Netherlands,Mortalidad_Baja,3.093454646603421,-0.3346439977800172,0.08419265323897122,0.29168586415559566,1.0233642168740285,0.6048704947951906,-0.12335700975555446,0.08391072589776107,52602.2860520766
Netherlands,Mortalidad_Baja,3.0779567146838884,-0.31091702277704525,0.07377973216538145,0.3138307712852759,0.9962178018711239,0.5513960080637597,-0.11572897641593582,0.07321315797551566,50473.9442002689
Netherlands,Mortalidad_Baja,3.0997301338300467,-0.28964400569354193,0.07305014378456257,0.3320091003664173,1.0028427210971327,0.5765016797872339,-0.1442081145305934,0.08138889897607816,54701.7728030611
Netherlands,Mortalidad_Baja,3.0994112259281765,-0.2527793493041445,-0.010012884054135118,0.3961849610643702,1.0499660562677156,0.5226573510933853,-0.10681001741916822,0.040056851052959426,51305.7338533973
Netherlands,Mortalidad_Baja,3.074753255257473,-0.25963058709566234,0.055692903409708804,0.37443923796037365,1.0324347186523595,0.5784999550804854,-0.1977799896514703,0.03665715139087103,53172.0261581418
Netherlands,Mortalidad_Baja,2.954599516774933,-0.26739334590231545,-0.008561081134533697,0.4451344114997691,0.908276755372887,0.5057017809701206,-0.2006228640766331,0.03031383727198863,58246.7026905874
Netherlands,Mortalidad_Baja,2.9289247461975907,-0.2832595959921807,-0.026195470413470333,0.44134685223657183,0.912457096289221,0.473354830259306,-0.16288935115470987,0.021632929850575317,52100.7996285947
Netherlands,Mortalidad_Baja,2.909089851341346,-0.273301925145685,-0.04954265014340394,0.4729743613941071,0.9438546393515975,0.4946399792420341,-0.19717112568327985,-0.006206968072813334,45123.5432406426
Netherlands,Mortalidad_Baja,2.949813624478762,-0.24173568516629038,-0.0434075123303666,0.4792407216831587,1.022656538677375,0.5181142547639829,-0.22865057572473677,-0.03670156879002389,42165.396168388
Netherlands,Mortalidad_Baja,2.9755428583001606,-0.22057280409354574,-0.04840585448762405,0.48422144079028706,1.0833075279537256,0.5170653733509136,-0.2281394378724929,-0.05573752295155024,40611.3414353091
Netherlands,Mortalidad_Baja,2.4437205263437667,0.9259739027440703,-0.8493271622661245,-0.8108352253136198,0.8993872309790418,0.8148767510512618,-0.18996009883006643,-0.07308285282183882,35896.7504630706
Netherlands,Mortalidad_Baja,2.418556555216444,0.9177771228149915,-0.8356071622370863,-0.8058571064424711,0.9024150341199315,0.863071358425678,-0.25001408933282515,-0.08469980620244857,29446.5330872868
Netherlands,Mortalidad_Baja,2.384874634945238,0.9242485813399457,-0.8716907070585329,-0.7497795818010877,0.8824474554446958,0.9136170734643542,-0.30886551283592345,-0.09064725925610008,26955.7128032278
Netherlands,Mortalidad_Baja,2.3848314092929983,0.9055662884545813,-0.8365921513337358,-0.7950198720470928,0.9249258032063922,0.910691343763347,-0.2922340850246567,-0.10469513017269512,26225.1697734149
Netherlands,Mortalidad_Baja,2.2128899777679267,0.8879668388131778,-0.9106370988010928,-0.6985178123285687,0.8375834211757743,0.8941555788102252,-0.295874547066659,-0.1284006675778507,29301.1940492376
New Zealand,Mortalidad_Baja,2.5522270260816766,0.7340125272409335,-0.732386113303268,-0.9149282248000117,0.9513728645343812,1.4861428427611119,-0.26553139049520996,0.11917498131484806,48760.0381935936
New Zealand,Mortalidad_Baja,2.487600303744271,0.7294716537533978,-0.7668984298422764,-0.8714492110359287,0.9105148260213939,1.4742640349700635,-0.13537897817080494,0.12990012376875287,49689.498134519
New Zealand,Mortalidad_Baja,2.4340161317931948,0.7201613438038021,-0.7813516176336148,-0.8475686504549769,0.8306293799385447,1.453630935976401,-0.1516274375320025,0.14219329471724715,41850.92032802
New Zealand,Mortalidad_Baja,2.4817470793126093,0.7948629222208737,-0.8635683074183644,-0.7421550289214704,0.8831726200709958,1.4912867544824517,-0.20394252144155614,0.11914697418861567,42779.2298164101
New Zealand,Mortalidad_Baja,2.4450660435079885,0.7860774899224351,-0.8514083067155535,-0.7546814826848723,0.8763827226308396,1.4537806295032485,-0.19919401343673165,0.1001914363333931,43257.0769238879
New Zealand,Mortalidad_Baja,2.3296603981890667,0.7480958518052939,-0.8616564996844864,-0.7610665785019814,0.7271064589572835,1.3116709314221195,-0.08192542948869137,0.12969929885301204,42950.3841711138
New Zealand,Mortalidad_Baja,2.377382605494395,0.7655366930446176,-0.8591955344239088,-0.7751213446270613,0.787306364493334,1.2989490505446266,-0.10003201220821269,0.11607940373702737,40113.7195382428
New Zealand,Mortalidad_Baja,2.441345109239444,0.7923152024662382,-0.8743147975951051,-0.7875393236160404,0.7984271884704686,1.2190640430622712,-0.1344933419404204,0.12572624403428734,38665.3723018158
New Zealand,Mortalidad_Baja,2.4637566038624064,0.8253080022500918,-0.9002881028128472,-0.7323299348827256,0.85924240657378,1.3110474235971727,-0.19074314293547762,0.10437047607703491,44618.266973847
New Zealand,Mortalidad_Baja,2.341213447253128,0.8150307987721961,-0.9052194069164087,-0.6478528371173189,0.8554547326870547,1.481081434850087,-0.13943264856424387,0.07680038800192696,43000.4646849189
New Zealand,Mortalidad_Baja,2.3794708337858723,0.7967959824736894,-0.8837115292703476,-0.7244485308898416,0.8203348154810075,1.3451458214552132,-0.1695514309731015,0.10379963333418821,40053.6991536369
New Zealand,Mortalidad_Baja,2.3104984532816064,0.7835838811225223,-0.8657151311656452,-0.6983832660103323,0.8199332151205642,1.4380745929382404,-0.20284315415353057,0.08033497917519512,38431.7766788499
New Zealand,Mortalidad_Baja,2.270757495620949,0.7827782367294347,-0.868195959625746,-0.6900283126898004,0.8132149286899328,1.411751955216864,-0.171512422862611,0.06360768096938614,33761.9009639947
New Zealand,Mortalidad_Baja,2.337198852114574,0.7733187852659992,-0.8223422419967035,-0.7668189548681589,0.8820393636842241,1.387031421234773,-0.21183640779644156,0.05416546376667651,28276.7255416225
New Zealand,Mortalidad_Baja,2.346357487723548,0.8101802482747869,-0.8580148655941773,-0.7091711240915004,0.876360785980852,1.408450975446386,-0.3476913903337872,0.03763014170774104,31324.7397977102
New Zealand,Mortalidad_Baja,2.2692344992198947,0.8111302615204303,-0.8750174949799345,-0.6523338079361786,0.8606370967634757,1.4676806312690414,-0.32349110661273356,0.012136073113940491,32479.9817381467
New Zealand,Mortalidad_Baja,2.332475693795817,0.8081247102749656,-0.8454136457632672,-0.7195268190303544,0.8951867642895951,1.398807296114084,-0.3559426896982253,0.018424713944530612,26654.5932018985
New Zealand,Mortalidad_Baja,2.3263249583330543,0.8122081169503066,-0.8476647624819555,-0.7276837422421416,0.8775356970192001,1.3356057900423766,-0.3654408951451257,0.015067363474557447,27751.0654708859
New Zealand,Mortalidad_Baja,2.281747315675879,0.832598523955668,-0.8859630572524178,-0.6664173668437052,0.8903949368472989,1.3532813190613606,-0.32257074295098315,-0.018737289007197514,25420.234882944
New Zealand,Mortalidad_Baja,2.2235668001094933,0.8211522026573826,-0.8711937085004576,-0.6710290238806207,0.8908209003755595,1.334770470863482,-0.2996584137562436,-0.04367684682172157,21913.7081719961
New Zealand,Mortalidad_Baja,2.1965310509898903,0.849533186330514,-0.913095039729908,-0.6126645446512334,0.8815003793554449,1.320860958943371,-0.3106646076597311,-0.06459036944576706,16874.1874918196
New Zealand,Mortalidad_Baja,2.0811225636042585,0.8680109331381388,-0.9492043447754644,-0.502150249625821,0.8680204537089361,1.4237658881545112,-0.22414481018114515,-0.0982602276968644,13882.8568268586
New Zealand,Mortalidad_Baja,2.078164226692135,0.8748876510831316,-0.961595093167114,-0.48920380037086447,0.8561526604634219,1.4116084621712197,-0.2485434716322509,-0.09620173455111233,13641.1027183822
New Zealand,Mortalidad_Baja,1.3766950549939456,0.5989857075692953,-0.8394843106261229,-0.7357912737843627,0.14510818285759033,0.47398972838001296,0.13095571068318482,-0.07869390569606557,17400.4201848172
Nicaragua,Mortalidad_Media,-0.7529652426045371,-0.050818980024111206,-0.37246307226694286,-0.6956288022034377,-1.4097366434805236,0.37662964656359654,0.5000330465807246,-0.0494972202638375,2322.89053964583
Nicaragua,Mortalidad_Media,-0.8107494410134417,0.035534296784964385,-0.36635520443536407,-0.6513159361639043,-1.133985669484151,0.3481552811290454,0.20519816034727442,-0.3339300166061073,2138.38588469449
Nicaragua,Mortalidad_Media,-0.745204663216696,0.007970854455015806,-0.29782323609107425,-0.762804288761105,-1.0312369396326642,0.3158075392863185,0.3230684012526005,-0.30777138664170395,1938.44704754382
Nicaragua,Mortalidad_Media,-0.6073461705525544,-0.064954531602395,-0.27010977563050254,-0.890957090056404,-1.1456152407592655,0.2559733870664193,0.5352666833314952,-0.06437788560732713,1958.62051528095
Nicaragua,Mortalidad_Media,-0.5178484385841352,-0.03555092013258228,-0.26662567641527785,-0.8887796500058005,-1.0296147829231683,0.3438464031658821,0.4705292218222976,-0.05164709722533375,2035.16549390507
Nicaragua,Mortalidad_Media,-0.5034723014375102,0.006856241023167523,-0.29347110082460515,-0.8318827054241897,-0.9657089318893367,0.4031883372732537,0.3477275767854923,-0.07563560111511591,2182.61380995674
Nicaragua,Mortalidad_Media,-0.5356948651527568,0.02328867738725805,-0.3121337673811084,-0.7897323456107335,-0.9731760974867084,0.4172564500982009,0.29083916908290036,-0.07342248574146996,2131.68704828322
Nicaragua,Mortalidad_Media,-0.6341500358827835,0.03911564842981644,-0.3186291570927221,-0.7195864620276025,-0.9805852035593811,0.47580121620775534,0.3125064386719953,-0.0879914122518323,2074.45620634731
Nicaragua,Mortalidad_Media,-0.2962858479205955,-1.1629799893065813,0.5036642122071858,0.5515726887511109,-0.8787680025303458,0.03629533707353603,0.3972011194790385,-0.08877225786545727,1958.37047579547
Nicaragua,Mortalidad_Media,-0.7504796764670744,0.022997492287864314,-0.29935144497015903,-0.7215159168369208,-1.0164306962148275,0.3993735965704744,0.36302294715262623,-0.07087797921389857,1835.43996363715
Nicaragua,Mortalidad_Media,-0.821447706580872,0.033421179495058725,-0.29334186039674,-0.6782312542015746,-1.0022207287479001,0.45018057484527774,0.4072601866465814,-0.07166925287621477,1784.69836017555
Nicaragua,Mortalidad_Media,-0.8910903947700891,0.03721383747315231,-0.26007891653386633,-0.6671902571499119,-0.9418406655260505,0.4912949049089835,0.47731343935080983,-0.09717752551759865,1679.71192084633
Nicaragua,Mortalidad_Media,-0.7444009528432916,0.009108182051584642,-0.18442582234254373,-0.8552852594608439,-0.7784648724846118,0.33639718667039076,0.48212597037215016,-0.07903536392737309,1526.56706951408
Nicaragua,Mortalidad_Media,-0.19356968775823472,-1.173411526367319,0.6764135710364045,0.3092614909498646,-0.4543378605363335,-0.08882895047426678,0.4793411992201329,-0.08995134513850496,1467.08288052845
Nicaragua,Mortalidad_Media,-0.7101570680889602,0.01919011900803285,-0.15402714622346952,-0.9063487991087866,-0.6603003837666468,0.28642030179614797,0.44818596341213196,-0.05284672117749188,1523.68437086409
Nicaragua,Mortalidad_Media,-0.728963700016639,0.024144759248914547,-0.1373504612158995,-0.9148779560178811,-0.6115019414020973,0.275123261702963,0.46670421855527894,-0.0457294178259062,1350.38145753377
Nicaragua,Mortalidad_Media,-0.7059521375304644,0.03500276003603537,-0.12723232283067376,-0.9342083416172128,-0.545656852930348,0.25366564106403827,0.41988879291720876,-0.03158695564532859,1248.17371577788
Nicaragua,Mortalidad_Media,-0.45363683887240047,-1.1009525855588698,0.5863352697780568,0.5318258422239894,-0.5402638659195901,-0.08797886218685898,0.2649878965089672,-0.04949116562532799,1183.30214010175
Nicaragua,Mortalidad_Media,-0.9554056708210173,0.07245646907286399,-0.18481952814437974,-0.7844430368882711,-0.6448577999619731,0.18753222959173832,0.2819511308078514,-0.0585990941498649,1098.62118662335
Nicaragua,Mortalidad_Media,-0.9692510372989384,0.06039816113397267,-0.12941778101204504,-0.8657336849286605,-0.5431788911275776,0.08894565415453559,0.312196724509726,-0.07704338263635932,1021.35216668794
Nicaragua,Mortalidad_Media,-0.9880018921771101,0.14924913984112362,-0.16997918709661278,-0.7133855479523604,-0.4007778459030533,0.30706496553289847,0.13232769331537877,-0.1260799256783838,1014.3339042591
Nicaragua,Mortalidad_Media,-0.626395748228755,-1.002995075594515,0.6414476924181916,0.5995993057117647,-0.16993536155396463,-0.0729102072774807,0.10238866056722988,-0.17249398477524774,1051.874235891
Nicaragua,Mortalidad_Alta,-1.202733673585159,0.18465554411285573,-0.15298223401477298,-0.6354021783976976,-0.32236732130223067,0.27847803743873367,0.14255178565665522,-0.17022656105086095,1017.3124434882
Nicaragua,Mortalidad_Alta,-1.9093637953553442,0.10032341317703931,-0.05971312277998364,-0.635571431501386,-0.55150662754488,-0.25467998131894026,0.5272418192498456,0.0254663596881103,891.779352309996
Niger,Mortalidad_Alta,-3.4311048243156255,0.6380404714302321,-0.11887886717016284,0.7685188447657579,0.12220984259113757,1.3014742431926856,0.4864567259337229,0.11806547476489887,609.745147661683
Niger,Mortalidad_Alta,-2.786322986935149,-0.5715747526887267,0.7190214627992106,1.8229528344129626,0.39583099400702426,0.6199746283946865,0.2755026959200787,0.11469466555133433,608.722439593808
Niger,Mortalidad_Alta,-3.29740627888162,0.6286343646721025,-0.09463780051743888,0.6369495375296066,0.22900029435874747,1.1362972868243912,0.3389223448903698,0.1405507383527217,579.512495758236
Niger,Mortalidad_Alta,-3.21492240132055,0.6245338909274513,-0.0976834567065713,0.5894424369297397,0.24824135960504973,1.0862635760016068,0.26643133020013854,0.16771459497337313,561.691304349698
Niger,Mortalidad_Alta,-2.8572348750903305,-0.577372783522993,0.7251662511465263,1.8513264867157098,0.3595388856914283,0.644661590602492,0.3580766781043441,0.13275381304802525,578.568035680892
Niger,Mortalidad_Alta,-3.1380449708810843,0.6199901081855677,-0.07269212428475699,0.5119536160238151,0.33555762616022833,1.019418558171621,0.2162652796698986,0.136496908620018,521.804130023434
Niger,Mortalidad_Alta,-3.115043489725721,0.6166198981789826,-0.06425775231331836,0.4796029849388955,0.3621936254184252,0.9761443505922252,0.19447816666823134,0.11793625127159675,502.706475406446
Niger,Mortalidad_Alta,-3.0372848486196182,0.5992259249664698,-0.07671593167397839,0.39551838197271183,0.33955626070800315,0.7952117764804423,0.04843947088365381,0.12941348029183902,485.662574175279
Niger,Mortalidad_Alta,-2.8172155699072263,-0.622935672432283,0.7152436096774729,1.711135842176374,0.2740263814551688,0.2857556760910112,0.18569203395391365,0.11307702748320388,565.30989731175
Niger,Mortalidad_Alta,-3.290501988863539,0.5509741929190051,-0.11841957875521421,0.4413638030418188,0.035714782680284385,0.5626731125810541,0.09840517156507642,0.1300151486528247,552.103334363117
Niger,Mortalidad_Alta,-3.382396803272346,0.5750688356467578,-0.12675021560366875,0.5277708013442222,0.04037131947365993,0.6639842760051387,0.10838274094402943,0.0894809238827203,528.510104469655
Niger,Mortalidad_Alta,-2.8530942606047165,-0.5839094479979368,0.7175215755525739,1.7589376324536092,0.37959887650761165,0.34636104438021553,0.0865595862022684,0.04371948734211134,510.75956176268
Niger,Mortalidad_Alta,-3.487069172299868,0.6159540379506312,-0.09830811008259294,0.5975712618100509,0.17627084334256293,0.7774689124452461,0.16826979080082716,0.02804097374144674,474.425692340831
Niger,Mortalidad_Alta,-3.478103850428439,0.5916034664586599,-0.04506427011763978,0.48468643554495544,0.25561591603954287,0.6179777698296685,0.1923050207687021,0.0356915505979549,461.131533961487
Niger,Mortalidad_Alta,-3.826516464797809,0.6223919469098839,-0.057679545067779156,0.6866284873169364,0.16792995473190492,0.731301839518554,0.35035063473800454,0.013209665118250457,475.044955398162
Niger,Mortalidad_Alta,-3.2815868185273356,-0.5542853950044115,0.8208588724327519,1.8162907532944252,0.5671596240366933,0.2299676831234107,0.30438782059302266,0.01895986135975963,387.168065883301
Niger,Mortalidad_Alta,-3.9564341378895596,0.6374932781512872,0.06951841937685864,0.5931470305941612,0.480136268361708,0.6082383807440938,0.472960431035568,0.037779044638616435,333.345078419447
Niger,Mortalidad_Alta,-3.795783426299514,-0.6112801922699715,0.9301347303922565,1.7786054573821897,0.5091984763889604,-0.16300284808608592,0.6348792877323867,0.10554093099393808,318.643121918273
Niger,Mortalidad_Alta,-4.27464485151887,0.583466849431596,0.14735331984301941,0.45181725812653256,0.46077486523354105,0.0348264846618081,0.5102473514405917,0.1961238258031684,283.468281798296
Niger,Mortalidad_Alta,-4.609183458997423,0.6530564190380855,0.14153985958158735,0.6754490838351754,0.5030576124707354,0.19352348594126406,0.5919676108110256,0.21753341789714647,265.225363452469
Niger,Mortalidad_Alta,-4.73082023135092,0.6865893622473781,0.17189094626951648,0.6966681336155718,0.6361398624592829,0.1361957723625584,0.561106533423741,0.2775420618203426,225.294391147438
Niger,Mortalidad_Alta,-4.759509482853593,0.7031775533148155,0.21459090206820394,0.6383278839973877,0.7938064538400673,0.004848962418477436,0.49615053979094914,0.35330987776895234,205.417936120931
Niger,Mortalidad_Alta,-4.630856825132257,0.6914268925244719,0.28022820630723566,0.43981874244692937,1.0009487099590753,-0.2636778119603975,0.3648283479710891,0.44699720637282,194.771959898935
Niger,Mortalidad_Alta,-4.473404392097518,0.9149414806594552,0.405033895173179,0.3217486575145036,2.051730813352903,-0.43778922352380667,-0.29116620790913317,0.7296743287284606,237.01998956862
Nigeria,Mortalidad_Alta,-2.820588556089836,0.45345137349025605,-0.0002465012773485606,-0.12948809002402142,0.33166828991081926,-0.14899097044598517,-0.1044889241877989,-0.2923380122120425,2139.37478476974
Nigeria,Mortalidad_Alta,-2.8568502196870886,0.4758723720262972,-0.0013558692235749025,-0.11008596035464503,0.3876672620534508,-0.17165893737847931,-0.1734592645706206,-0.2934212715337849,2017.27486481527
Nigeria,Mortalidad_Alta,-2.868126943529729,0.4554776741290712,0.08592708076300272,-0.21171568366842247,0.5334907822106105,-0.22613561406288943,-0.023748925355936767,-0.2962422874404193,2019.65706326224
Nigeria,Mortalidad_Alta,-2.7363054344087177,0.41181935955733434,0.16262853018218296,-0.42125896904270577,0.6578204636765118,-0.44437084775923213,0.0031401675500952373,-0.24000648554101017,2265.15520863056
Nigeria,Mortalidad_Alta,-2.337229335510506,-0.8288581597684473,1.0449366549101156,0.7011746680048045,0.8272749330477724,-1.0515709740561858,0.1338312342731557,-0.2253607055454129,2057.87944554011
Nigeria,Mortalidad_Alta,-2.721925159742317,0.30176216556584007,0.3490658730725418,-0.7718352216289734,0.8198295355333366,-0.8459127765314839,0.30434444506707753,-0.1976690765164042,1876.34027111773
Nigeria,Mortalidad_Alta,-2.362409376054744,0.39950026297704616,0.4172780323404365,-0.8303533599478387,1.3628960218390134,-0.5107260408273597,0.17601962507383842,-0.2505668514240582,2070.4127339595
Nigeria,Mortalidad_Alta,-2.012967222939278,-0.7717775013265722,1.183090779005877,0.5098816423932828,1.425952970507132,-0.9269531510684975,0.10387808311190161,-0.25072300792731184,2585.73360671797
Nigeria,Mortalidad_Alta,-2.61065653090004,0.42216369133519593,0.2772272542630857,-0.6212170775214328,1.0242520794261645,-0.6118300600682647,-0.028091960521622415,-0.19104775195669668,3088.72131316169
Nigeria,Mortalidad_Alta,-2.6873340237921615,0.4561226711326813,0.2362438802990158,-0.5090600741128755,0.991136324801488,-0.5212923186155867,-0.08314592405926899,-0.19211262395225573,2872.79083379398
Nigeria,Mortalidad_Alta,-2.3639634374014267,-0.6882471810812435,0.9911338257679266,0.9052699190924394,1.083119603181486,-0.8034110128747983,-0.1237510894880426,-0.21052668704119598,2633.19734671361
Nigeria,Mortalidad_Alta,-2.8619148921617334,0.5124927986533713,0.1683717233891621,-0.3131391498734247,0.9228365045361777,-0.4023814127282806,-0.1514076968130407,-0.18769613520625403,2418.41316975875
Nigeria,Mortalidad_Alta,-2.4190311151522557,-0.6502918650033187,1.0297013948034313,0.9552314068955409,1.2473864750092885,-0.6557753285897847,-0.062388710049446995,-0.22259835074572962,2202.25672957344
Nigeria,Mortalidad_Alta,-3.0966326971190927,0.4885471383402684,0.29137905449497453,-0.31421593795304137,1.036003110154162,-0.30651970212551044,0.1972489704617669,-0.20698884814772955,1820.48633854782
Nigeria,Mortalidad_Alta,-3.146053022453355,0.5172044790117973,0.23057749168956027,-0.24454022783748347,0.9709645207481011,-0.3737601659167228,0.020809397059152013,-0.16190518232102497,2154.10543545364
Nigeria,Mortalidad_Alta,-3.1934207941217365,0.49397696790184403,0.26911065286731184,-0.31695355234043426,0.9932335724242445,-0.5238431219127784,0.060680328413982944,-0.12435353433788983,1815.52697545827
Nigeria,Mortalidad_Alta,-3.354141935236444,0.4996798589375349,0.24965429931911576,-0.2581007773033062,0.9169750302074342,-0.6127048036406532,0.04143444982215945,-0.09047637351350532,1599.53891556365
Nigeria,Mortalidad_Alta,-3.6140452619741144,0.5406788087916261,0.17565194626926173,-0.0537974934268867,0.7640389294477731,-0.5761481535736095,-0.008167230247563443,-0.04921246267517823,1211.37703504386
Nigeria,Mortalidad_Alta,-3.7267198754551467,0.5889596617802699,0.16141966756248605,0.05900346211756825,0.818620445162323,-0.4758043533457497,-0.057429357824751,-0.02355323531085944,962.48104194733
Nigeria,Mortalidad_Alta,-3.827449368860516,-0.5514372403294819,0.9362414609014167,1.6606485183028903,0.788500061281798,-0.654541752879281,0.23547950070184032,-0.061099556644545854,763.388745367223
Nigeria,Mortalidad_Alta,-4.4364299624519505,0.6702213687119946,0.16991421659421926,0.4845539269472606,0.7599265523617801,-0.12585741425445274,0.35471236608280926,-0.06098508888541409,712.164852077686
Nigeria,Mortalidad_Alta,-3.7419137794502046,0.6120380614677576,0.2536677596400899,-0.09212453107550538,1.1360935605075673,-0.7586754745190918,-0.18910926545758833,0.10146301181341941,566.428231812933
Nigeria,Mortalidad_Alta,-3.7109928984575333,0.6640340881021054,0.17018324019426687,-0.0210765495248746,1.116232350514932,-0.8206168288210127,-0.5443539745011561,0.17570243230394483,547.318298903379
Nigeria,Mortalidad_Alta,-3.7271496316047883,1.0534290286224874,-0.0108765201135183,0.6575990375632945,1.7159785769708193,0.22539045136965197,-1.2359132368869599,0.17002464670757897,1271.61617353199
North Macedonia,Mortalidad_Media,0.47255060737645344,0.08821617572316227,-0.4080844921926979,-1.1172028491131176,-0.6723664035894363,0.2329214997160671,0.09921944412621868,-0.2229673534325167,7606.2375253797
North Macedonia,Mortalidad_Media,0.47258729877857597,0.12474207084459427,-0.3923597054302491,-1.1049106448697572,-0.528972798098272,0.26714120875609304,0.0020179949365595746,-0.2970515707783168,7620.80296977508
North Macedonia,Mortalidad_Media,0.4546879811089987,0.11224855189739888,-0.38380182404610275,-1.0770354454769664,-0.5474220783625782,0.38864214355146104,0.09494361132628655,-0.20998265297296753,6659.59651070776
North Macedonia,Mortalidad_Baja,1.0155511149912935,-1.0272455648150356,0.3314102057758677,0.3007077098313281,-0.4691985039913842,0.15435039165555328,0.019863936438701903,-0.040900026906611535,6718.85826635458
North Macedonia,Mortalidad_Baja,0.9992665012014132,-1.011285414545421,0.33586679749773235,0.3433541097459386,-0.4277309276328692,0.26626782847780944,-0.05811906332256527,-0.017445083624581983,6713.98925398989
North Macedonia,Mortalidad_Baja,1.0636157918414646,-0.9519791486480372,0.3242442488668253,0.37385212516928207,-0.26741773280299613,0.31772791250933463,-0.1890877394482039,-0.0427947537527036,5955.2973863451
North Macedonia,Mortalidad_Baja,0.8146082680722773,-0.9947337330138484,0.33674755961789726,0.39772455692741004,-0.41685717551307017,0.18374535491780813,-0.04274955239036188,-0.04790160362927539,5598.48622617967
North Macedonia,Mortalidad_Baja,0.773475360584251,-1.004609208129448,0.3524434659837054,0.3934082933861039,-0.4186990309426639,0.1808726923621987,0.011079109481025612,-0.04142035281755,5262.68671928674
North Macedonia,Mortalidad_Baja,0.6877654462068581,-1.0403577228349956,0.3654705338946662,0.3682554273582496,-0.5094878977959624,0.08171835270101167,0.12858991198178218,-0.032851345976997924,5925.38592218015
North Macedonia,Mortalidad_Baja,0.7230583060459895,-1.0511394132220888,0.38515463758840446,0.3183280046887674,-0.47896785477862397,0.03908048552403111,0.17561021785363187,-0.04696753758485474,5626.26115664893
North Macedonia,Mortalidad_Media,0.8340769509995013,-1.0310280015781632,0.3960412714602409,0.26277366564624277,-0.3559232434257368,-0.0016180199014502515,0.14186221030798288,-0.09449731914190489,5049.8265386157
North Macedonia,Mortalidad_Media,0.7517300588660294,-1.0383133197337484,0.3587739705063107,0.3104284591154608,-0.4830294979416677,-0.05528255824433259,0.1808285375187818,-0.0736295018636728,5416.86672931659
North Macedonia,Mortalidad_Media,0.6625195868360625,-1.070982217308751,0.3965713475259974,0.29254710775632736,-0.5179500946730461,-0.058493083342570064,0.24147573630132524,-0.07455684309910196,4833.36586759968
North Macedonia,Mortalidad_Media,0.625601095869761,-1.1102092175919938,0.4710336353465307,0.18425960978564118,-0.45827193478477973,-0.17444559069375154,0.36777566585000043,-0.10098193224482817,4799.78722768888
North Macedonia,Mortalidad_Media,0.4160677451965995,-1.1236929288902793,0.42575808882484134,0.2723209016137131,-0.655487929273205,-0.2756725812659226,0.4759965019935534,-0.07880457562442167,5026.4202989873
North Macedonia,Mortalidad_Media,0.07406840709220427,0.04201381741499856,-0.3443711276419743,-1.1352016171772947,-0.7407711899328129,-0.0881143968874631,0.38681665500502344,-0.06316882286977712,4204.11328760452
North Macedonia,Mortalidad_Media,0.4962137061565846,-1.1337647818249867,0.4588654524677896,0.16175649863860864,-0.5873269560908533,-0.429656523683337,0.35327924432881797,-0.05549338413286445,3440.4411057968
North Macedonia,Mortalidad_Media,0.3571161255593604,-1.1608144133221767,0.46996139740326975,0.17112361294309547,-0.6740362795380836,-0.5014392617323631,0.43975613679284575,-0.04632664508922106,3120.98401394233
North Macedonia,Mortalidad_Media,0.39510248841532497,-1.069364885669582,0.43347673891068095,0.34748455317820326,-0.5022157690759536,-0.11234695489397475,0.2777614174041114,-0.09200107436321113,2818.5814561242
North Macedonia,Mortalidad_Media,0.32175822930023995,-1.0472817870428588,0.3861212011353529,0.43368509388810994,-0.5712681716253823,-0.10137514265897235,0.19838034144593508,-0.10983522831401213,2445.36286400013
North Macedonia,Mortalidad_Media,0.36595752022602424,-1.0698168680907476,0.4151395464727845,0.35966597715257553,-0.5601439247867182,-0.1649296430482397,0.11796171893501635,-0.10666645701160139,1989.13537265159
North Macedonia,Mortalidad_Media,-0.07685786033415862,0.05779683593296684,-0.3434830811032463,-1.0286489177536677,-0.755730211715501,0.05283314475037351,0.24924352555175608,-0.035001356602976166,1823.02267682636
North Macedonia,Mortalidad_Media,0.2552188403571982,-1.0933607770017968,0.41891890260162035,0.3422914626661746,-0.6432170072016763,-0.32518094571844625,0.20368121445335838,-0.057871414159368924,1861.89899780644
North Macedonia,Mortalidad_Media,-0.530780852355666,0.2292086151229561,-0.5325916882934776,-0.5386503150512024,-0.854868907187735,0.22539963242649863,-0.20337425983416915,0.08046835269673495,2355.24705371138
Norway,Mortalidad_Baja,2.441736415459549,-0.0782991183844628,-0.7390854402397271,1.5862219573941796,-0.18558884285799032,1.229892672810872,-1.274547745055346,0.191962378265983,109269.520580298
Norway,Mortalidad_Baja,2.824635481686725,-0.049320999014760815,-0.6135776235141834,1.2941141616980731,0.22850364219215502,1.0228543271531212,-0.8339245635442649,0.20280780929249925,93072.8925119571
Norway,Mortalidad_Baja,3.0836692539661965,-0.1512733176816269,-0.3470549539296488,0.8649279949851967,0.64434154139231,0.9185422185995633,-0.48447736577275013,0.17810097856991497,68340.0181033702
Norway,Mortalidad_Baja,2.949794634184393,-0.14574632051536957,-0.4102335419653006,0.9556966119852628,0.47808038763962235,0.8403484039546881,-0.5121049032760836,0.17958910904913097,76430.5889473338
Norway,Mortalidad_Baja,2.908044251032216,-0.07349686913671158,-0.5484285802304789,1.1383049296951517,0.4063508481494009,0.868995715357539,-0.6077011277076981,0.16427121120077165,82792.8427113304
Norway,Mortalidad_Baja,2.8696054175413073,-0.11657562285580642,-0.5156090679547785,1.0442910098125946,0.38810527054261584,0.6818032234973839,-0.4226706084722932,0.1642344031006768,76131.8384032764
Norway,Mortalidad_Baja,2.833761146571357,-0.1933215804455852,-0.41348318848422033,0.9081760793682397,0.40859539412634444,0.6350195659604576,-0.35155906745480775,0.1549575368302266,70867.3609970749
Norway,Mortalidad_Baja,2.747896951132421,-0.19565602689373254,-0.34742413438151915,0.924863552333114,0.27706472005691696,0.6867359512617348,-0.5159480214305316,0.16895931284585092,74809.9658049898
Norway,Mortalidad_Baja,2.7615010300951535,-0.06865451343048284,-0.5208229206569327,1.1476950383002267,0.24413081762548047,0.6888087717464892,-0.5936500693243573,0.14987196606716366,97666.6951838749
Norway,Mortalidad_Baja,2.7971264850372144,0.04617031704695797,-0.6402627062035245,1.3062423756139465,0.2605732903355712,0.6705198690464371,-0.6371834772555562,0.11861057896824916,103553.840134417
Norway,Mortalidad_Baja,2.6681882165071023,0.01603037759325936,-0.5841910410771244,1.2845464917018619,0.11381292935036771,0.5865865763228485,-0.6464842484145822,0.11772298758184943,102175.919298374
Norway,Mortalidad_Baja,2.5920548020328282,-0.05376223268105152,-0.5773625146164051,1.2607278992300706,0.0970888069436444,0.6437377046427796,-0.6956478786071201,0.11581705742084014,101221.813476644
Norway,Mortalidad_Baja,2.596964334227138,-0.014045165783736716,-0.7019418462943235,1.2806739534813831,0.10073024861134428,0.3028319935137893,-0.37563957758174626,0.09669147272131486,88163.2085931423
Norway,Mortalidad_Baja,2.747334851690662,0.048984427622909325,-0.6154118314592311,1.2625361803740511,0.3000328485298332,0.5149847650398713,-0.5471695631997644,0.06300964556665085,80347.5700665184
Norway,Mortalidad_Baja,2.6249957554965166,0.13994704061612734,-0.7783737777327933,1.5292008739894336,0.10168527387737587,0.5719495825819247,-0.7494943332023012,0.06174772674141587,97503.5407803783
Norway,Mortalidad_Baja,2.622587954708253,0.048526756061688256,-0.6457969195606403,1.372426342761001,0.1930576209130376,0.6459347775565643,-0.7653770865664891,0.048419973834377204,85502.2677087731
Norway,Mortalidad_Baja,2.586400772785821,0.10339559136612643,-0.8088871472970526,1.5379926774153752,0.13553829751506774,0.62460345872703,-0.7844168763245812,0.04807377278637401,74434.4996835671
Norway,Mortalidad_Baja,2.6076586682812875,0.0891522166498941,-0.7543506991923365,1.4572906899462135,0.2050241479491454,0.5606514733540061,-0.7097294125707289,0.026520057364951343,67047.1704558264
Norway,Mortalidad_Baja,2.6182748040515373,0.04213596279969447,-0.6519427654107772,1.3084290291772347,0.260612287386665,0.4433757296064023,-0.5721891129853969,0.017568916705711025,57768.6980958462
Norway,Mortalidad_Baja,2.6333517926875927,0.017330747978199983,-0.5427383905525868,1.2063071228710684,0.3522611663096774,0.465948005883521,-0.5880005195369596,-0.012749297659397849,50250.3298214345
Norway,Mortalidad_Baja,2.1792378668948866,1.154498525746646,-1.3119067000535625,-0.08885497846499106,0.281288483386103,1.0230577235535785,-0.7367044389556489,-0.03318052903998395,43170.557174499
Norway,Mortalidad_Baja,2.115021208771559,1.2068764019902103,-1.4482361337828251,0.053900497038341315,0.18613969658326512,0.9338910228979804,-0.7199074892114717,-0.04057073898501932,38601.897639231
Norway,Mortalidad_Baja,2.493894857079245,0.01979707417843328,-0.6888817221457008,1.402404391322854,0.310692803889077,0.6527440992389693,-0.8218208666409789,-0.06418303056929162,38178.2368777076
Norway,Mortalidad_Baja,2.323094037115201,-0.20534921643769402,-0.4438933390716457,1.005238565903514,0.35332676297338134,0.3024611288062491,-0.40383960141529845,-0.09326537776863021,34875.7043347536
Oman,Mortalidad_Baja,1.0436477713511716,0.9568940482664268,-1.599598759400873,0.20272652430228724,-0.8896834101226415,0.07982547439815789,-0.4088391538656246,0.15526568854867662,23223.5829405935
Oman,Mortalidad_Baja,1.388243370433793,1.0322325022755408,-1.448035006890884,0.014525284595189446,-0.19791806173428853,0.26235102138637917,-0.41734471337912826,-0.050098670092651024,19403.4600160211
Oman,Mortalidad_Baja,1.6063935694311715,0.9253616097797066,-1.2565463584494136,-0.30268592052687693,-0.037525277632091146,0.23353348541480037,-0.13781332413625635,0.06970197453372623,16784.8630630058
Oman,Mortalidad_Baja,1.3357489006690009,0.7856124205768275,-1.2415388346875937,-0.29514146078435705,-0.6129636931143718,0.13240216400799548,-0.13917961728163436,0.29435858054445346,19180.1864152801
Oman,Mortalidad_Baja,1.242381466470988,0.8565737754578758,-1.3952779593792128,-0.10352957035595928,-0.7861445912731861,0.04705870745861358,-0.17525241838941025,0.30318490976710855,19901.7615642016
Oman,Mortalidad_Baja,1.3285549467103175,0.8170531385277899,-1.3040035059674693,-0.29873570686666784,-0.6380782140283094,-0.15345006385432772,0.10483840777437867,0.29058180711869014,17820.0661809335
Oman,Mortalidad_Baja,1.2929258045640235,0.7601306971118752,-1.2215258299302694,-0.4080234918753336,-0.6377090048411197,-0.22220572166188862,0.17446915725964052,0.28833044366644145,17110.1897460545
Oman,Mortalidad_Baja,1.275792824517365,0.8805916394885345,-1.3849416561040544,-0.17739138887314793,-0.7140722767211952,-0.20553192540107634,0.047572044207665275,0.2732341541444689,18808.3077921839
Oman,Mortalidad_Baja,1.0721043241470294,1.0077524060270011,-1.5607045686073906,0.18741107650265643,-1.0630274328902722,-0.1098678676409905,-0.3157918398458581,0.27667939088455284,23160.6502252547
Oman,Mortalidad_Baja,0.9918120609605259,1.057052006875459,-1.6862890721936499,0.3449263365871052,-1.151662537951766,-0.12480971128600016,-0.3883813882073327,0.254708083384935,23458.0233840053
Oman,Mortalidad_Baja,1.030990538919599,1.1808160422294542,-1.8090159047916659,0.5406132573353999,-1.1127706584244432,-0.026236641047606944,-0.5478995900295132,0.21181417395709407,24642.2978768596
Oman,Mortalidad_Baja,1.0715110631985576,1.254147400898058,-1.9173283469170792,0.6478517250118335,-1.0389393820221107,-0.035745055350085424,-0.5565572313627887,0.16917904206659984,25188.0074151885
Oman,Mortalidad_Baja,1.084420365658197,1.1704230791778256,-1.7676700780814079,0.4555310517514347,-0.8957250960038077,-0.0343590275107794,-0.5022786695602997,0.12686444348950462,23570.1798147325
Oman,Mortalidad_Baja,0.9254153536637226,0.9754908035119766,-1.5069486430791166,0.13193872420928443,-0.9496215142765297,-0.205399006545148,-0.34406140720374506,0.11686739685607128,20655.9180249218
Oman,Mortalidad_Baja,0.8239242999259219,1.1192930370410359,-1.6842802994615147,0.49409620068267673,-1.1021823137936784,0.04711390314395373,-0.7719022152543812,0.08725568845372103,26576.779241509
Oman,Mortalidad_Baja,1.2439184895515083,1.2669719944529185,-1.7242425155597856,0.43786340996615414,-0.5273421998142052,0.06571873789210667,-0.5901462589201687,-0.013724089669859106,18792.653772482
Oman,Mortalidad_Baja,1.0332711804317614,1.162812818042082,-1.6554276203741727,0.4170506268940666,-0.7122908000326432,0.14070755176021632,-0.7439373493123723,-0.0008262193739928267,16930.8565071853
Oman,Mortalidad_Media,0.8226415966943033,0.8791565230989051,-1.2865920803310715,0.09651139580365033,-0.7493827096135224,0.47272725066230764,-1.0266542136586045,0.009351926590894455,14434.8577924647
Oman,Mortalidad_Media,1.05844253098578,0.8355327690483082,-1.0895281275146171,-0.16024364644008843,-0.32080088414884467,0.6309514166766244,-0.9763023945904848,-0.03610517758852584,11800.8507411171
Oman,Mortalidad_Media,1.0386366198265153,0.8095262262950373,-1.061987041300114,-0.20061233410382748,-0.26645492454633346,0.6333528459591501,-0.9567256371725262,-0.05097120858638604,10463.5425832141
Oman,Mortalidad_Media,0.9903214071381751,0.8002361529721838,-1.055638383629631,-0.1932961053225063,-0.26661703341478443,0.6448610764699715,-0.9872247801584595,-0.05158520072282581,9869.13050219438
Oman,Mortalidad_Media,0.9256303750333342,0.7882052555965182,-1.039995176174969,-0.18499779755570822,-0.28171285866176793,0.6630413905171368,-1.0430898087880685,-0.05055725190344978,9611.96360191054
Oman,Mortalidad_Media,0.8150548812664526,0.8150225320092372,-1.1012537033878829,-0.06658050591287006,-0.3794801435009021,0.6835305452603966,-1.1640149427601758,-0.04470189310581566,9753.84755185404
Oman,Mortalidad_Media,0.881380589265161,0.6700444822236776,-0.7614672699806716,-0.5729156808733875,0.31704643695666407,0.4988564929201528,-0.8631011440543709,-0.06562367350815806,7414.30279204109
Pakistan,Mortalidad_Media,-1.630313063616393,0.25321312194256923,0.024097659514852206,-0.575610777507642,0.10974839376377385,0.2920628519015913,0.48184576038463023,0.399918429947389,1538.3228133171
Pakistan,Mortalidad_Alta,-1.6855524825621213,0.311574134610916,0.03130181469260459,-0.5166846817774439,0.2814678516651924,0.34883516807675985,0.3665146364600829,0.3061452810484165,1455.31922370186
Pakistan,Mortalidad_Alta,-1.6617678761303567,0.289772105005811,0.07972454700748084,-0.6154599641922011,0.3510090966393786,0.23253640046799762,0.40115119082148826,0.3557110027645894,1278.39735206896
Pakistan,Mortalidad_Alta,-1.5860628338580085,0.29003663325051715,0.06778330676941259,-0.6335441362261024,0.34359098948107586,0.2280226441238519,0.3320395399037422,0.4882132025216743,1390.41690981745
Pakistan,Mortalidad_Alta,-1.2900780475543008,-0.886668992940385,0.8705775427511057,0.6933173093625588,0.4568245715690555,-0.18508297064093415,0.3984581218629689,0.49795774721210895,1569.33814626355
Pakistan,Mortalidad_Alta,-1.7245245529277764,0.32359040642479947,0.08050858907689698,-0.5657887724373731,0.4199894159226815,0.24908892001880192,0.3665436311372495,0.5275714504685158,1519.23459514248
Pakistan,Mortalidad_Alta,-1.8250979584757216,0.32829255662795964,0.08473399710840492,-0.5374926208050589,0.41079541222412636,0.21246940362257752,0.37906366828535676,0.5587043301956688,1424.69161195897
Pakistan,Mortalidad_Alta,-1.4763658283487056,-0.837496460082018,0.9044321307180926,0.7736075823875884,0.6082020837065203,-0.14815909001421554,0.4173591249925887,0.5614894278612585,1380.47020838317
Pakistan,Mortalidad_Alta,-2.1061006919087846,0.3139222990840435,0.09988424694530479,-0.4866043919711206,0.3157485985955663,0.07212587421357683,0.4854480594282225,0.625678035439054,1266.61340849959
Pakistan,Mortalidad_Alta,-1.6582434832121016,-0.8308460331390223,0.9147298514392139,0.8149351070484346,0.5944519245940131,-0.23676875743265396,0.4351317244006674,0.6302948488280455,1225.4340119198
Pakistan,Mortalidad_Alta,-2.1818022184659593,0.33889305173318485,0.11822935224867208,-0.4709798199686748,0.4084745161670238,0.03485235612823176,0.4415655739105808,0.6900360099737517,1204.36475491585
Pakistan,Mortalidad_Alta,-1.7638322532981785,-0.8138266624161895,0.9324888128509907,0.8321282833666662,0.6541808404962891,-0.29806444365111273,0.4277696189525194,0.6949449229926377,1131.73513834324
Pakistan,Mortalidad_Alta,-1.7176358818769106,-0.8043149156463967,0.9475560091657949,0.7867170288251316,0.7425800325256025,-0.35799406009930007,0.35949623372190803,0.7252430842225405,987.304571124485
Pakistan,Mortalidad_Alta,-2.1585557742716635,0.360591414255259,0.16937375667670548,-0.5554948631408326,0.6169704633919811,-0.09956957715350778,0.3598031345048792,0.783354753359521,963.788066395225
Pakistan,Mortalidad_Alta,-2.085042900976905,0.3245353159208516,0.24173918782786644,-0.7231320858397542,0.7268690228808417,-0.28198075047501014,0.41159708929339295,0.8238878302282209,1067.04324565284
Pakistan,Mortalidad_Alta,-1.6879599701126646,-0.840580100212065,1.0280718514373153,0.5834303413438313,0.8729957980001843,-0.6962837258071696,0.3593372776189279,0.8400276641500103,998.090114197524
Pakistan,Mortalidad_Alta,-2.2291080341750145,0.3530345562587965,0.20398793800776296,-0.6237851574041678,0.6734849619978216,-0.3079202108978858,0.3347992817658382,0.8755057788472967,900.873564984808
Pakistan,Mortalidad_Alta,-1.8471882143763,-0.7603294315460888,1.00726185789483,0.7500370419273489,0.9925510551369744,-0.5438206375029008,0.25215950012054933,0.7814846171645268,827.619861189926
Pakistan,Mortalidad_Alta,-1.8394500931845812,-0.7493549842895536,1.0058352829598132,0.7746386578875596,1.0114464528159777,-0.48015973802285866,0.26638083118837486,0.8596074355450607,771.902247348954
Pakistan,Mortalidad_Alta,-2.34615027491259,0.3958891668110789,0.25872360319900806,-0.582706852786176,0.8769863360682142,-0.23249093064996787,0.3786433078920576,0.9027409477874185,672.44178669894
Pakistan,Mortalidad_Alta,-2.4269528041688804,0.40027325512968875,0.272518591381274,-0.5658669273281968,0.8945750651494204,-0.25058411988576357,0.40951311760950776,0.9209104951689594,599.937345723927
Pakistan,Mortalidad_Alta,-2.1376613217681064,-0.7366559479078655,1.044699223003265,0.8495648240109095,1.0358180933249406,-0.5356730684520737,0.3885950254657404,0.9210628349033294,609.939506905073
Pakistan,Mortalidad_Alta,-2.6216260584568234,0.5053513110590161,0.22768063278698272,-0.3172743145820771,0.9988071417963603,0.005287081428717049,0.32561242723394557,0.938732906587605,642.338346499898
Pakistan,Mortalidad_Alta,-3.3582369705539525,0.5013363330026155,0.12664402273367564,-0.10334663027534717,0.547503699922746,-0.5819147690413367,0.15159793713399602,1.251999218678147,450.550279346206
Panama,Mortalidad_Baja,1.0852464179771124,-0.028260077744991337,-0.0014160360969686528,-1.8005399753351543,-0.2909414117081703,-0.02047173155044576,0.34989364257933614,0.36207947698360365,17332.4360742988
Panama,Mortalidad_Baja,1.430498177341614,-1.1753841599301098,0.8150935249503242,-0.4947740684135647,0.014057418730978379,-0.4086251253741897,0.24971678759761357,0.18298193289331383,15509.8069109784
Panama,Mortalidad_Baja,0.970642670030583,-0.054327636670869164,0.11599125243804842,-1.9303760496986204,-0.030868066117770196,-0.15314840331504553,0.3971664028728172,0.162391513320779,13290.5608347594
Panama,Mortalidad_Baja,1.3510937270426135,-1.181689909736835,0.7500463766372946,-0.4244248781512294,-0.2469282807565345,-0.5123673659103615,0.30067444766739365,0.3478114317156794,16477.9066285687
Panama,Mortalidad_Baja,1.3955424568014863,-1.1544097491681353,0.7607704276178273,-0.39866772873247663,-0.1430267362805405,-0.37500438747843434,0.17759438535487854,0.32806557411031206,16151.3273478476
Panama,Mortalidad_Baja,1.3958532980588831,-1.1332557762219153,0.7442763331395428,-0.36272502250494787,-0.08734225044177835,-0.3221829861245312,0.12241789513937872,0.3019429209977215,15694.6297454295
Panama,Mortalidad_Baja,1.321306328459677,-1.172634247591178,0.756270064658415,-0.4009212000435491,-0.14595898770411123,-0.42836450825557765,0.21840552216003076,0.30389131697178107,14832.3611608191
Panama,Mortalidad_Baja,1.2922044564923536,-1.2013520549093646,0.7850816516577667,-0.45238386897164873,-0.13940480622582796,-0.490492872098515,0.2899521209536358,0.2947635586148594,14082.6548502728
Panama,Mortalidad_Baja,1.2830385105685018,-1.211834065355801,0.8048340267438505,-0.48579562863110054,-0.11889474567545832,-0.5348877784318641,0.33103404135879577,0.2819994699703485,13213.1989637473
Panama,Mortalidad_Baja,1.2894835448418989,-1.2340128517300892,0.8524812952843066,-0.5585747139794448,-0.06236580871853892,-0.5844448835132257,0.39671065671615763,0.2684869325190343,12273.3225037637
Panama,Mortalidad_Baja,1.4299696154991253,-1.2250091465056205,0.922104843754997,-0.6667241678117196,0.17026336882476784,-0.5624879411616467,0.4636924162431203,0.234294399949024,11064.8063606203
Panama,Mortalidad_Baja,1.4119522902496602,-1.254104316014604,0.9621252501633503,-0.7345768775889303,0.1979134388337584,-0.6338958269316481,0.5487212861780565,0.22457235026517236,9662.29592216607
Panama,Mortalidad_Baja,1.3794687344110836,-1.2722085253112236,0.9835230591693759,-0.7533574844552959,0.23138123066191912,-0.619193704806381,0.5620602206246794,0.21340211393028577,8331.46421351868
Panama,Mortalidad_Baja,1.3165250320131265,-1.2987045137261721,1.0049674741369894,-0.777803143693794,0.20306545845283738,-0.6658088379648244,0.5946187157512367,0.21560595705382654,7796.92617035048
Panama,Mortalidad_Baja,1.2062181822169225,-1.3107179996055276,0.9852631896827763,-0.7265067167585679,0.15387359256794092,-0.6469601820908903,0.5886637121832722,0.2070265702005013,7347.59050324397
Panama,Mortalidad_Baja,1.3026769540693677,-1.2821126876785183,1.0119670894292527,-0.7540654603573468,0.3480999148508251,-0.5666539624586818,0.5913755208537766,0.17845931575608437,6317.81730274124
Panama,Mortalidad_Baja,1.2986985584523936,-1.2627655288299615,1.005096351573771,-0.7217492429297626,0.4195659632610079,-0.4993465746568652,0.5771263022342534,0.16022408251638826,5528.76705469354
Panama,Mortalidad_Media,1.1727261037232577,-1.281919538756426,0.997608210645618,-0.6941766712141481,0.33369110777413047,-0.5538840120966215,0.6080038257542284,0.1638727541389532,5017.7410922824
Panama,Mortalidad_Media,1.0349431117893355,-1.3187596137693773,1.0146453943170595,-0.7009854804533088,0.247379030682169,-0.6353692579045241,0.6719993204258056,0.16592520425103754,4644.56582353041
Panama,Mortalidad_Media,1.1060696631071394,-1.2503677838909277,0.9880020494319043,-0.6132782723748951,0.4136226057471402,-0.43028965700474464,0.5453253474820594,0.13349756758686868,4264.66428846636
Panama,Mortalidad_Media,1.3575476643815076,-1.1436802597172506,0.9922635366891125,-0.5726761118845066,0.7911970758183283,-0.12107750000879355,0.3331976113835728,0.07760886258907228,4090.58617397129
Panama,Mortalidad_Media,1.32042115298656,-1.1194603084231272,0.9675108811223448,-0.5292495025657061,0.8019853419625871,-0.1401693980195937,0.3169332488149308,0.06759941528603819,3991.7767076924
Panama,Mortalidad_Media,1.251077873721725,-1.111941061280915,0.9507861684404293,-0.48220192465484796,0.7483075484044796,-0.14121938931361633,0.21311386571694552,0.06668909571020694,3975.09308659503
Panama,Mortalidad_Media,0.9923594150031422,-1.058087620880902,0.854723598692794,-0.2609169382817924,0.6115973820137264,-0.11490031668343581,-0.01582081809460851,0.01887189470802047,3513.89737854631
Papua New Guinea,Mortalidad_Alta,-1.6348828822190753,0.30680143809489024,-0.466151073259308,-0.13719882768425512,-0.827820429134776,0.202829801509272,-0.25689798372663714,-0.13978565811482188,3102.28968594061
Papua New Guinea,Mortalidad_Alta,-1.4709264774335917,0.4399802934120157,-0.4793335917354821,-0.09382872375345584,-0.3955587707015413,0.2988018941884701,-0.06875686738787092,-0.2468195601094482,2607.57861874444
Papua New Guinea,Mortalidad_Alta,-1.5508942536285961,0.27612606830852415,-0.274055201135375,-0.3260217290361473,-0.4604423517550436,0.32524099616937047,-0.06671798147686392,-0.14600040609586465,2429.61134585269
Papua New Guinea,Mortalidad_Alta,-1.3900142532145723,0.40143258220577205,-0.4248962175691088,-0.15591212266635351,-0.3897111647346264,0.4324054972119879,-0.353184279323721,-0.10038428061346065,2575.77274140393
Papua New Guinea,Mortalidad_Alta,-1.5052682861205922,0.3626613526057327,-0.39610945291637845,-0.18824094001316166,-0.4688247077536653,0.32301533662414184,-0.30546289639405033,-0.07483172858380072,2566.36833735041
Papua New Guinea,Mortalidad_Alta,-1.5702351638211698,0.3683728996479486,-0.3852799562725253,-0.1655522176696658,-0.45163402492427757,0.3351641118112791,-0.2767327698297977,-0.06668356260930615,2477.76530986323
Papua New Guinea,Mortalidad_Alta,-1.7007681714484029,0.2708672102693941,-0.27517808137115357,-0.3278429085718361,-0.5103988702629811,0.11737389935600485,-0.07651621870301815,-0.03563454368380054,2316.39479758492
Papua New Guinea,Mortalidad_Alta,-1.6992632189609158,0.3034457501204723,-0.30955945999728696,-0.29668872784678335,-0.482706774511198,0.0605621887357481,-0.09522608286775011,-0.020405935962183312,2484.5963398603
Papua New Guinea,Mortalidad_Alta,-1.7342229045223843,0.32636444925628816,-0.3441522557747828,-0.30163617133446846,-0.4721437021341731,-0.15672206684652465,0.10155983730997727,-0.010435866546438799,2723.17529825196
Papua New Guinea,Mortalidad_Alta,-1.646050954171014,0.2435372064762598,-0.0964193634996035,-0.5841905437064745,-0.12482431750537473,-0.0801863660432306,0.32577392199390987,-0.03937784345171386,2560.77458976327
Papua New Guinea,Mortalidad_Alta,-1.7069655097657452,0.2730433711908342,-0.1392813862868109,-0.5203759958466884,-0.14944664789995815,-0.13157289137936817,0.31699404419929095,-0.028199094843716965,2635.0873631547
Papua New Guinea,Mortalidad_Alta,-1.8619550246796879,0.24579036978561958,-0.12345126745476286,-0.4658664492718673,-0.26760813681935275,-0.055360068588639705,0.14790628611871362,-0.0025680110712401377,2288.37591141234
Papua New Guinea,Mortalidad_Alta,-2.0264453539504323,0.26383451030244026,-0.1732480351080222,-0.33807807696537173,-0.3939302622168462,-0.02928925790887096,0.0563506192135917,0.010372483006526205,1866.86889851208
Papua New Guinea,Mortalidad_Alta,-1.6541485149266366,-0.9080463446437164,0.6861215415226878,0.9452710722945291,-0.12198590266120578,-0.31819700215549274,0.18522621885856214,-0.0244819606160666,1568.83193368607
Papua New Guinea,Mortalidad_Alta,-1.9802056672620267,0.40941800002551737,-0.2716615635470536,-0.12186113612972906,-0.196108954844407,0.21010079922665476,-0.1548661508535292,-0.003639904024507748,1624.79319935188
Papua New Guinea,Mortalidad_Alta,-2.076745938518159,0.3471676938855803,-0.20502651246025588,-0.20691981234819753,-0.25409357522424586,0.10831897964984287,-0.16433312522483187,0.02533106162083174,1370.753415829
Papua New Guinea,Mortalidad_Alta,-2.1082062604334655,0.45498328900747076,-0.34308165436855403,-0.025153296130252648,-0.24839759547131296,0.05988056320603791,-0.09636450919230723,0.02458530804876312,1238.18282926706
Papua New Guinea,Mortalidad_Alta,-2.4349175731606842,0.45832748445680643,-0.17201121321567692,0.15255101780128558,-0.06670619883406535,0.7400285172867772,0.17359053797411383,-0.0804630466774946,744.486489977433
Papua New Guinea,Mortalidad_Alta,-2.673025690912053,0.3657221295346101,0.0660172308460702,-0.007057006279442528,0.10957793630175355,0.7597371812824302,0.9320072361099718,-0.1389127344867051,620.596147680561
Papua New Guinea,Mortalidad_Alta,-3.0081922856503107,0.5174533150924342,-0.18695932259505946,0.5615155056057594,-0.2124348327394402,1.1829300583276774,0.5461556736897181,-0.13330698703704555,577.467922387259
Papua New Guinea,Mortalidad_Alta,-2.9236119757584866,0.49465473197943255,-0.10930998560499709,0.42295376899683484,-0.06015006420755657,1.106892607473031,0.6371018093391697,-0.12081241972077641,506.331789534482
Papua New Guinea,Mortalidad_Alta,-2.036945960945514,0.555636757015044,0.12400601977555113,-0.061383347017876205,0.9776213844541783,1.2934484267933368,0.5292980842851337,-0.15610037068157237,537.847459634131
Papua New Guinea,Mortalidad_Alta,-2.182567443140203,0.638469863902506,-0.061966771342770496,0.21524942640201167,0.743797437655922,1.3141805693215876,0.3170005317971096,-0.11890485634060637,635.957919047725
Papua New Guinea,Mortalidad_Alta,-2.786466749666682,0.5169056242015471,-0.07058960978133155,0.2655717046116631,0.18640855058726213,0.8448612307360585,0.41701117824381906,0.02209488416713742,998.229967376131
Paraguay,Mortalidad_Media,0.010915568119735548,-1.0582772103452627,0.346746635575225,0.5678260962686456,-0.8063864572109682,-0.16474191274762168,-0.03167193876697223,-0.06227893827601138,6205.6259537937
Paraguay,Mortalidad_Media,-0.1810123966279444,-0.977990907888339,0.3497243095174196,0.6586520315939448,-0.595305315249595,-0.21560478049420564,-0.20547561259820019,-0.36598410645109647,5976.9317978996
Paraguay,Mortalidad_Media,0.03435485659804599,-1.0578321838890796,0.35455402229130506,0.5510733793363276,-0.7824780667756022,-0.17147498595798616,-0.019765093327009545,-0.0037378232369490493,5365.47220721191
Paraguay,Mortalidad_Media,0.08759739467988643,-1.1061684088841834,0.3801526236459127,0.43817147397271333,-0.8443950108977356,-0.33253234548833926,0.0816981615408434,0.10016527800091837,5821.18199548637
Paraguay,Mortalidad_Media,0.0976330673249388,-1.069910345383433,0.3544661013619585,0.502737920812875,-0.7997415751238774,-0.24075625309420332,0.01803846300008244,0.099478865412966,6258.44991640954
Paraguay,Mortalidad_Media,0.11618693098256373,-1.0224777063624346,0.326815498485397,0.5833012559673976,-0.728750025372281,-0.1070639330381204,-0.0952995413152548,0.08867564098890177,6152.26711537703
Paraguay,Mortalidad_Media,-0.07778527936498836,-1.0937365929858793,0.3535460941847152,0.5411958171098926,-0.9228804124032757,-0.30803230715945834,0.0782439523339937,0.12954993620227426,5775.1596339946
Paraguay,Mortalidad_Media,-0.02593927721870948,-1.121214535902356,0.40055421962360316,0.44656487952734425,-0.8846536128645521,-0.36904940958842286,0.0230244448756944,0.15814779002548368,5879.33792308671
Paraguay,Mortalidad_Media,-0.24295081247109857,-1.1373184069915925,0.40009063035580683,0.5363239568931927,-0.9999705729501868,-0.32622186146184895,0.1531274600488935,0.1605374090399788,6652.25478942291
Paraguay,Mortalidad_Media,-0.27941350403685306,-1.119832766678282,0.40831173294259304,0.5783889418093748,-0.9477813210012944,-0.2354788789083196,0.17335868396970808,0.14924004018777326,6435.68342733182
Paraguay,Mortalidad_Media,-0.15579369902498294,-1.130859720939524,0.4213598873365581,0.4646661953599597,-0.9036882035104474,-0.39974521772656585,0.0474409960786063,0.1839858546053962,5642.1699167298
Paraguay,Mortalidad_Media,-0.4404037446588417,-1.0942402914614926,0.36880416006943006,0.6975957899977947,-1.0187401731367156,-0.21313719957393656,0.14606264121648638,0.1413912498133714,5805.40154543044
Paraguay,Mortalidad_Media,-0.36555096268557824,-1.0696074021226312,0.37205055079877053,0.6841311106872967,-0.9155153873636568,-0.18901709329704827,0.052498915115377236,0.1415628871629811,4750.96273669322
Paraguay,Mortalidad_Media,-0.2437674104401462,-1.0861919461940601,0.39035202944290726,0.5609924644535582,-0.8763462915427287,-0.36071439777466796,-0.09800054389951168,0.17437134052895997,3941.84815479271
Paraguay,Mortalidad_Media,-0.4574343292216563,-1.02961719744089,0.3345826563042992,0.7994471909426824,-0.9242399088917885,-0.10374990229408788,-0.06614540966216759,0.13169941598844417,4384.9546943793
Paraguay,Mortalidad_Media,-0.532572748826992,-1.0776586922695954,0.36617125627769787,0.7224626242186862,-1.0023426614922437,-0.28650908574675804,-0.010211005454012958,0.15761233986070922,3211.93621659546
Paraguay,Mortalidad_Media,-0.5595956371225976,-1.091049776953976,0.36599818173812193,0.6950689791214272,-1.043001097194561,-0.39401745455877785,-0.04058535098840615,0.1750127810951921,2439.43124694576
Paraguay,Mortalidad_Media,-0.7285861854386042,-1.0938560487524471,0.3394786818499349,0.7785489876668173,-1.1666084053267292,-0.4151611724304557,-0.01327460984414218,0.174837174694647,1970.87169852378
Paraguay,Mortalidad_Media,-0.8011580130579903,-1.0670088635003256,0.3267619085924585,0.8565594824996325,-1.1473063310012914,-0.3327992400634959,-0.00031087297003544017,0.15465338269369694,1786.21533938543
Paraguay,Mortalidad_Media,-0.7425204049597672,-1.0366283603336666,0.3098235286802018,0.8716563202721254,-1.079572584723021,-0.30564014005394274,-0.12920014939119312,0.15450080305367409,1443.99885236205
Paraguay,Mortalidad_Media,-0.6726356174401831,-1.0421674182540386,0.3151737929840656,0.801999478319008,-1.052361087420258,-0.4222963689911804,-0.23346113407948468,0.17561505387342874,1367.76506935997
Paraguay,Mortalidad_Media,-0.6330867639785069,-1.0536705723186417,0.3776005924520008,0.7142806431817349,-0.9215778571204507,-0.4522680529710615,-0.13284778869022928,0.1579744462145031,1637.68615122932
Paraguay,Mortalidad_Media,-1.2057531388347298,0.07539637633196918,-0.3610449617574685,-0.6291020386836585,-1.1031618213757008,-0.19041275470969504,0.10204236349601323,0.1643374458670102,1736.11729210765
Paraguay,Mortalidad_Media,-1.260903188343939,-1.0490090073710285,0.41274817989532875,0.9370597464804434,-1.0330127843071777,-0.4435955629119856,0.3378952132228081,0.09865951452153722,1978.71514099575
Peru,Mortalidad_Baja,0.6093449134782795,-1.0765012684049864,0.3464277237374095,0.41015662789822505,-0.7538515013631227,0.09791288135013505,-0.2567806509887189,0.2329227266089932,7350.63034300417
Peru,Mortalidad_Media,0.2656119660234612,-1.0521002833799806,0.3806675817715827,0.443055828093308,-0.6653140474089781,-0.15484044469898348,-0.3882862881596691,-0.12902404511522964,6826.20255614477
Peru,Mortalidad_Media,0.45940851582536724,-1.1581572377652294,0.5372168367223205,0.16190174373836225,-0.5553319379067583,-0.19331542581879013,-0.0392498009247422,0.022836553161847694,6133.32552410183
Peru,Mortalidad_Baja,0.5953214066062504,-1.1787681894503113,0.5003264931227355,0.13121157388738316,-0.6823377540279798,-0.21967803811216738,0.03548906983112814,0.2176688190035958,7037.00803692604
Peru,Mortalidad_Baja,0.6364988049331292,-1.1302833824396912,0.4704916603683197,0.205896799766927,-0.6048270395605013,-0.08245034499062294,-0.09652544355060606,0.18872653719504964,6978.49121548627
Peru,Mortalidad_Baja,0.6849695904762002,-1.1168910445994942,0.47945375020986297,0.1997637046275752,-0.5359606642368844,-0.03336809175225914,-0.1343081128551381,0.18045894891311062,6736.16693725487
Peru,Mortalidad_Baja,0.6752432078902916,-1.126106389845652,0.49211340577836776,0.18093869921995712,-0.5318189288663426,-0.05430786766834495,-0.09588081687479137,0.18192279719678228,6217.03599995447
Peru,Mortalidad_Baja,0.646940004427502,-1.1236356785765669,0.4917992033021924,0.19391545959706472,-0.5319006147400288,-0.05097092004256609,-0.10934932387054054,0.17090162924548338,6231.71150338894
Peru,Mortalidad_Baja,0.5046084683251861,-1.1387166699708016,0.4650702143852438,0.2340524942976056,-0.6778601484319698,-0.16314402978721482,-0.12734977358420732,0.1654340414244201,6667.13410360861
Peru,Mortalidad_Media,0.4107010037636205,-1.1187515426420565,0.42685471555431614,0.3152401071027509,-0.7378136351612498,-0.16263166179850924,-0.23176904837050308,0.13247852028274795,6746.80025696601
Peru,Mortalidad_Media,0.3506945187863518,-1.086062729531815,0.3879958643890549,0.396286153726863,-0.7470323290062975,-0.14016386815729967,-0.31608010479950166,0.09815442744486144,6519.37852981527
Peru,Mortalidad_Media,0.28499837998439964,-1.0548355947260952,0.36304594219287234,0.47994493310901504,-0.7308629952004558,-0.06688843024483689,-0.4115524821989363,0.05742975450669481,5861.35793645245
Peru,Mortalidad_Media,0.2758332460189942,-1.0771938434583508,0.4165332849718247,0.40419944511019995,-0.6764928608642578,-0.13245317983953495,-0.38795548852332445,0.04523912164023117,5072.11494019615
Peru,Mortalidad_Media,0.2679537463073398,-1.0976450152089932,0.4770375099726411,0.32974205718246524,-0.5857916003914112,-0.16871817335910982,-0.2791614939716807,0.035528168744143294,4181.18755462253
Peru,Mortalidad_Media,0.1586644139199467,-1.0911313083436698,0.4206204038813968,0.41937081485619543,-0.7356738636554022,-0.20105597498442068,-0.3475906735413151,0.08154055416149375,4197.58444634142
Peru,Mortalidad_Media,0.15619831155942598,-1.0666298755531436,0.3978737337374469,0.4687661459065288,-0.7320339575781369,-0.15298064923436178,-0.4635669615363992,0.11150942954203326,3581.0893081917
Peru,Mortalidad_Media,0.12529019321291576,-1.062094634891956,0.4122005340150711,0.4632340857501663,-0.6954567208479039,-0.17631744400184093,-0.48476343030369184,0.10926472850029133,3129.55996496982
Peru,Mortalidad_Media,0.19618786790138898,-1.0538982977909668,0.4745132159562778,0.38439750978790344,-0.4991282658890016,-0.1675991602713876,-0.4270356096567407,0.09522153699704816,2706.66947297608
Peru,Mortalidad_Media,0.24636009642136178,-1.033304561092737,0.5213052598830966,0.34287831212960085,-0.3151230441977564,-0.12870717422737724,-0.4438681711180568,0.0748236994657934,2397.25147277714
Peru,Mortalidad_Media,0.29707267035505314,-1.0427778617198036,0.6006038623960871,0.2442658178651478,-0.1374623402595177,-0.13140581085050718,-0.35710309275848956,0.08374105665811392,2129.44114197634
Peru,Mortalidad_Media,0.3112659536237498,-1.0069348919160903,0.6147928957319072,0.2592864114634307,0.005827245580149753,-0.07622991451805458,-0.4007331583625181,0.08042833511143335,2007.37019626753
Peru,Mortalidad_Media,0.27991448890141557,-0.9748264822736018,0.6215495665424282,0.2930134287261175,0.10929749330174421,-0.03449317264524419,-0.43871006603320567,0.0825027341252632,1929.57273038846
Peru,Mortalidad_Media,0.18400593039837418,-0.9594298446652256,0.6194629515858037,0.3270827285435689,0.12592196206675732,-0.080306514725818,-0.4496247386763814,0.10621344939136187,1945.41338451698
Peru,Mortalidad_Media,-1.281325128263268,0.025340936701225468,-0.038877251119469984,-1.1036783901622451,-0.5095371346426721,-0.8368348459160452,0.03851483733893688,0.43414132561248153,2189.53431515311
Poland,Mortalidad_Baja,1.779722691687147,-0.7189718492545266,0.11442212063404948,0.3937134362168257,-0.07464941713704841,0.15093718650245033,-0.3195166464869576,-0.07345011407935764,18891.213529396
Poland,Mortalidad_Baja,1.7846258055667066,-0.6232593141660312,0.09293286253295027,0.47867688644510675,0.05448603856747456,0.17465088766924342,-0.5026035074627617,-0.20930926066352556,18635.5088812509
Poland,Mortalidad_Baja,1.8099778872385934,-0.6819613565644206,0.12974337281900902,0.4149684780765115,0.029721155762659882,0.23500555635258039,-0.4473341049806023,-0.1340883361155408,16150.9291009726
Poland,Mortalidad_Baja,1.6248952795644171,-0.8046287774024952,0.14615926901101828,0.31414773944988594,-0.3731807145014416,-0.12913136354141377,-0.13895480963404813,0.02527972649879265,15874.5220531254
Poland,Mortalidad_Baja,1.624907890033018,-0.776675962250954,0.11468782012872929,0.3588181829808751,-0.34646438646458055,-0.11580354677638677,-0.16887548337584982,0.0014294562779301693,15658.210586693
Poland,Mortalidad_Baja,1.6609353210107702,-0.7708686308704089,0.10112129961364856,0.3985392398540767,-0.26077495609249457,0.06631881599551386,-0.24945174193728617,-0.0032701670471596226,13913.3415190124
Poland,Mortalidad_Baja,1.7316821359758718,-0.7240980900106233,0.08852265654282568,0.46065132501102823,-0.20291043909955073,0.23073644393466833,-0.4264828692200681,-0.0016197866408935123,12464.0121044827
Poland,Mortalidad_Baja,1.6950757378482249,-0.7410436203593085,0.12610341991243829,0.4243970955431315,-0.20589727475151975,0.19395026572993315,-0.43234838841432194,-0.02231051883233178,12637.5220324406
Poland,Mortalidad_Baja,1.5976133521728353,-0.8057663392304902,0.1424019663798295,0.37125604253054634,-0.2972891968588772,0.07979058791604372,-0.28859818683915683,0.0010903796300460664,14262.2841914116
Poland,Mortalidad_Baja,1.6019653916793857,-0.7980560331314362,0.15435361583973803,0.34861501811922385,-0.20619123502347997,0.04856870117888002,-0.24404384245212588,-0.046096176380189785,13621.9023794031
Poland,Mortalidad_Baja,1.5164985040353844,-0.7958339442508294,0.12872620810307503,0.3938868169766224,-0.3076280935387497,-0.006665435641804871,-0.2827688970414017,-0.04561868011070967,13087.420943321
Poland,Mortalidad_Baja,1.4264155355222112,-0.8031887680951951,0.09008684719904705,0.43651007071971415,-0.40883623816972964,-0.07820772754934692,-0.24650655788423717,-0.03499067026219854,13867.6669408192
Poland,Mortalidad_Baja,1.374321803115575,-0.8353050418591952,0.13932767737288737,0.3561802351832766,-0.43253679496378117,-0.23058656111097975,-0.16003495590317893,-0.0497343986811091,12567.7317676382
Poland,Mortalidad_Baja,1.2944528453752324,-0.8848464562964223,0.21800337710993675,0.25783971845112347,-0.4688001247460641,-0.364137751339853,-0.10558365708201785,-0.06590112922394213,11556.3026866026
Poland,Mortalidad_Baja,1.1923329327495087,-0.9078472811894881,0.20440911850621435,0.2548054082655615,-0.5795887513865483,-0.5141308551822579,-0.0172192842332474,-0.05376053677623546,14048.5604672654
Poland,Mortalidad_Baja,1.0685759116227775,-0.9375415317716401,0.1875967960967014,0.2780684046408742,-0.6638166624535496,-0.5665755178206605,0.017261057831593866,-0.060428140571239915,11272.5293683383
Poland,Mortalidad_Media,1.1185462104225319,-0.9232305073924769,0.21424837598221422,0.24607440885846094,-0.6006150811425515,-0.5760219262716807,0.006292702931928807,-0.06146285571256368,9068.85528307627
Poland,Mortalidad_Media,1.1076913548777205,-0.9359203980031128,0.23515529026735046,0.23324206449849805,-0.5647365324924406,-0.5292559997613712,-0.01461519749011659,-0.07150401702611058,8043.92332253757
Poland,Mortalidad_Media,1.1525086874380235,-0.9122145534228298,0.22887283287655225,0.26253952465466834,-0.45706359613406206,-0.40559035419109196,-0.07467334563614911,-0.09416948604228695,6711.72715262967
Poland,Mortalidad_Media,1.2430040937442697,-0.90115837063755,0.2966871507080781,0.17116166993464196,-0.340213808710066,-0.4500163714052295,-0.06436926459101959,-0.10581007209188838,5720.81366178104
Poland,Mortalidad_Media,1.248650082683569,-0.9169383195036152,0.3300474724459232,0.12704343746972685,-0.2920848977651785,-0.45348748878306516,-0.03663940837078421,-0.10835468090514686,5223.45178967082
Poland,Mortalidad_Media,1.2117549648969852,-0.9084814447166296,0.30247112462558656,0.17362496261865992,-0.2654889704839281,-0.40764246849012276,-0.05239961665241426,-0.13048126085307146,5015.23790036613
Poland,Mortalidad_Media,1.2111251049549216,-0.8563281645061305,0.263368796973541,0.2676526312436995,-0.22113344933524046,-0.3008173730296164,-0.2090570759053349,-0.15662683493372295,4520.64100449111
Poland,Mortalidad_Media,0.7937444866596276,-0.7032672704421359,0.009911423924691807,0.7822464451847733,-0.3102962566215198,-0.07250363251084234,-0.4911382865382493,-0.20034966912516222,3700.95956775144
Portugal,Mortalidad_Baja,2.372810500976857,-0.8470673352925165,0.4967010637379049,-0.12287091893249404,0.23213260886058384,0.4376483543743692,-0.13547637077492292,0.19716635416295436,24620.519556875
Portugal,Mortalidad_Baja,2.316153147179273,-0.8503430040227414,0.4521718842447049,-0.06655482074202203,0.2086783060896808,0.4715952403089211,-0.18018614439391245,0.18076964141534918,24711.4510062111
Portugal,Mortalidad_Baja,2.345007660008878,-0.8441687002730134,0.46280023782177654,-0.08118721762977525,0.24974776240207167,0.47814822942911717,-0.17486679131858623,0.17341085986118435,22299.4044062173
Portugal,Mortalidad_Baja,2.218500027745818,-0.8958662386168157,0.46513541766478794,-0.13082358836364807,0.03471757632423854,0.2044304496149493,0.02534609231906161,0.23029466282700656,23343.3628970034
Portugal,Mortalidad_Baja,2.14488736624605,-0.9022283765253185,0.46298569689695107,-0.12499320770487345,-0.03246366925430836,0.11731991548851517,0.0467596860135286,0.21782318842614237,23541.1401075289
Portugal,Mortalidad_Baja,2.1980661911694086,-0.8796090964611524,0.44504232610881456,-0.10434163942662704,0.02462083250734525,0.17168725910486016,0.024392406783995863,0.21611798715587494,21442.3842768879
Portugal,Mortalidad_Baja,2.2509172020697084,-0.8547028682298682,0.46181332468830566,-0.09522391195225048,0.12495710714741891,0.2788850002960907,-0.06908102833039002,0.1830138570657954,19980.2808866516
Portugal,Mortalidad_Baja,2.232294315797184,-0.8656003817396636,0.45971551490734375,-0.10183995315916175,0.10644942572404657,0.2530407589500061,-0.0447868415096358,0.18537474156289574,19215.7813014347
Portugal,Mortalidad_Baja,2.235017528819189,-0.8908504759877705,0.5018264118765178,-0.16094141038428314,0.12256019496256645,0.22697411573543563,-0.004414526833325476,0.1866165350670235,22120.6850127107
Portugal,Mortalidad_Baja,2.2314227916402647,-0.8934327655772171,0.5133008374831689,-0.1817387901236912,0.16639874823090772,0.20318126045456697,0.014373850758642302,0.15490726794762755,21676.4859642714
Portugal,Mortalidad_Baja,2.185039048870976,-0.8884169476313634,0.5165562431959007,-0.16931512258063575,0.13219107377263217,0.16594765087783572,-0.004605829296716645,0.13835245951561,20593.4274224109
Portugal,Mortalidad_Baja,2.168347471283212,-0.8821929929697333,0.5011843384898643,-0.1607458965920823,0.0824141732503807,0.09523453366713026,0.042160064636665016,0.1511790940736822,23246.5425416481
Portugal,Mortalidad_Baja,2.1453307377971083,-0.8409976756999493,0.47901933903551375,-0.10969984742572335,0.20098512992752804,0.12996363056910065,-0.05351259565859751,0.035079988945639275,22551.935098809
Portugal,Mortalidad_Baja,2.234066972951388,-0.7992964230108238,0.47834735376052673,-0.10102108021817097,0.3457016638619791,0.20553876309632088,-0.09722898272873345,-0.0007827720410056788,23151.2154130712
Portugal,Mortalidad_Baja,2.178796532114009,-0.7708521545072814,0.4143580869044387,0.003514309348585203,0.28582877685602787,0.2516714649150567,-0.19553653858612108,-0.010441492283388209,24949.0413566739
Portugal,Mortalidad_Baja,2.114482863748739,-0.7613878047218485,0.36948442988133046,0.064623620496644,0.2191151066663365,0.2292148246169079,-0.22178761551530246,-0.016816733102136227,22811.0564844365
Portugal,Mortalidad_Baja,2.048594036808223,-0.7901688544763558,0.34592663050805533,0.0779092775444056,0.15154839118641403,0.2023710700849831,-0.1915248081672465,-0.0015319583110984432,19839.4540499032
Portugal,Mortalidad_Baja,2.0942563624248427,-0.7456722585934185,0.3187011557618136,0.1202713767948359,0.24974003265129976,0.2544123129682939,-0.23819524623963917,-0.03146788790568439,18780.12751241
Portugal,Mortalidad_Baja,1.9863208197481934,-0.7826801784112993,0.3180232204687632,0.11424349344774698,0.188353273179358,0.18756157803346982,-0.19851917063886776,-0.04728683956815699,18064.1580932987
Portugal,Mortalidad_Baja,1.9359837464884904,-0.7830849895247207,0.32078911304440766,0.12856967893970497,0.19082052449049988,0.18696485577938107,-0.23458689353250486,-0.06802434902690502,15797.7821340276
Portugal,Mortalidad_Baja,1.4678106300449625,0.4164965107824962,-0.5199178052940645,-1.0939363286329327,0.022138937503178163,0.5709428522499287,-0.26683648296548534,-0.054717766817781205,12936.6928204482
Portugal,Mortalidad_Baja,1.4619214180848308,0.43274683696868327,-0.5325122493608108,-1.0483569435452982,0.0750944355066171,0.6749925091161548,-0.3549620933519714,-0.07161233080421306,11734.7649743954
Portugal,Mortalidad_Baja,1.3722875939185606,0.4235027282051509,-0.5400529965933744,-1.0317521270175583,0.03446211367600904,0.6171877399553956,-0.3460137393145739,-0.09132945679162088,11526.3720667968
Portugal,Mortalidad_Baja,1.2240372599014204,0.4247904735504954,-0.5261194308187273,-0.9367713881846568,0.1545631654077194,0.8635716291735809,-0.4854644315259441,-0.13857216243869433,11781.3618502221
Qatar,Mortalidad_Baja,2.6367053893988235,3.001172270167883,-3.1471111952063247,2.130326210733623,-0.7408476256520409,-1.1316624267456052,0.6579035621984859,0.18608470117146828,88701.463352273
Qatar,Mortalidad_Baja,2.732910665244903,2.9580638720980605,-3.039851585605911,1.8718710437548645,-0.5201102769050482,-1.4671350360244053,1.04415508787646,0.12509291011301227,71751.8831257169
Qatar,Mortalidad_Baja,2.903204787960561,2.703612032703458,-2.429326058465623,1.2549712076213724,-0.013129451197871234,-1.0221307489342621,0.8604328846346542,0.05329010585565535,51683.5054376677
Qatar,Mortalidad_Baja,3.166359860330042,3.0631902606139474,-2.70394014360614,1.7822023266030964,-0.11249315500263447,-0.6321285687879085,0.5480029071237156,0.2073709036178944,66841.3013484919
Qatar,Mortalidad_Baja,3.00375412989671,3.1797339947065635,-2.758730913357842,1.9665434896343659,-0.39549835253893256,-0.8121886413803242,0.5646156850799107,0.21726119866781113,71039.8490579352
Qatar,Mortalidad_Baja,3.4301006490117825,2.042572559657997,-1.8177170810201153,3.078102285921598,-0.2925953015071145,-1.6748109464081524,1.0148442579347756,0.205734150882148,63279.8556949332
Qatar,Mortalidad_Baja,3.137623118391598,3.3025257914568007,-2.02718426013243,1.5228285345264068,-0.23024040565964568,-0.9338644184396461,0.7714734127479702,0.18283093080910198,61253.6375482797
Qatar,Mortalidad_Baja,3.094771328816676,3.550529527332058,-2.3258515741021615,1.9314487203524557,-0.4014989486300733,-1.0787014066899288,0.7485495096486251,0.15948682325827648,68985.2946961507
Qatar,Mortalidad_Baja,2.877070750686892,3.8783832488003736,-2.946639516937459,2.7749250683397113,-0.8248653326911994,-0.9649667732913213,0.3084503119791625,0.14557173310290736,95840.6310094498
Qatar,Mortalidad_Baja,3.105171207291767,4.436391463790743,-3.3596699756019035,3.3555270263310164,-0.8262611046512953,-1.352729365512225,0.5494571979307511,0.08225405116494411,103697.008372373
Qatar,Mortalidad_Baja,3.1844808863847582,4.553456132818644,-3.621295917567801,3.5933079395903924,-0.7133051037526348,-1.3092235523579236,0.468496323621201,0.03159126676306719,108470.378825036
Qatar,Mortalidad_Baja,2.494971990836993,3.7978157739965415,-2.7292356435975007,2.7657901849290845,-1.115557387020867,-0.8480804116486875,-0.01966160052663215,0.09906941054914392,103261.506539346
Qatar,Mortalidad_Baja,3.0864850966114092,2.6259758209923647,-3.0016397110242248,1.326853081314541,0.47678813539383147,-1.340194016312799,1.181774128797972,0.012107768777273176,77387.3267885308
Qatar,Mortalidad_Baja,2.835962484213273,2.4707208016613675,-2.528179370033175,1.0131881136192935,0.2938544355820505,-1.295403216009161,1.0820346135067564,0.009492803405117432,60785.7351551657
Qatar,Mortalidad_Baja,3.074686708231663,2.5364717279420494,-2.5480768864945844,0.8983243910031853,0.6395439458540128,-1.515370052528969,1.3886183062481297,-0.05779240254872032,80781.4039187792
Qatar,Mortalidad_Baja,3.0384270531196744,3.098114614007194,-3.0322130614679805,1.6980440874668499,0.2945410075809493,-1.7690445397294348,1.3354445941125823,-0.10012957389864405,65954.3419525051
Qatar,Mortalidad_Baja,3.1123946337146733,3.272221264208622,-3.3229295602566933,1.88472808820035,0.3137734458977478,-2.2307709024999443,1.7147453275988964,-0.1312026053352168,62582.4453138755
Qatar,Mortalidad_Baja,3.26082963249279,2.8369627240097177,-3.6247693268854944,1.5660133821179827,0.8692694616135167,-2.1814332236479785,1.86948916681929,-0.17525860887414416,53949.6764091147
Qatar,Mortalidad_Baja,3.6476877919315385,2.999564921773544,-3.995229448836598,1.7881822348834868,1.4008173473327603,-2.0038912924827126,1.8195131416318704,-0.2659183666648529,41035.5008380177
Qatar,Mortalidad_Baja,3.1108755639661476,2.9017691979647378,-3.5779889872142534,1.8197782105895226,0.8051906285855271,-1.5655331175049976,1.1612222594515385,-0.22507752995924538,31602.470865136
Qatar,Mortalidad_Baja,3.3021599052638178,2.8826922216869115,-3.4581338289437635,1.5860719650374806,1.1201563663704373,-1.6948600477061817,1.40938268431842,-0.26347802437235873,27226.6593510117
Qatar,Mortalidad_Baja,3.061676453178663,2.787600090857929,-3.203829251972918,1.5074388648479553,0.9143951307882737,-1.485156988691276,1.1364416675725368,-0.24730256677667523,25870.7991864314
Qatar,Mortalidad_Baja,3.2443819869298998,2.85424359574273,-3.14702737512179,1.6085706368172525,1.2375091022953786,-0.8078174874743682,0.5687320349077108,-0.2983547340084456,27535.182940934
Qatar,Mortalidad_Media,2.836137077438511,2.223463769128771,-2.6074434541288083,0.6060887151434574,1.2623671676631694,-1.680113882001424,1.6372821684083498,-0.24052826227684337,15822.5090711554
Romania,Mortalidad_Media,1.3344173693346815,-1.019824569806719,0.4598781188501109,-0.017811123710789245,-0.18590810917922376,-0.18760781007955055,-0.04332427241712448,-0.13234801113524453,15557.8826247584
Romania,Mortalidad_Media,1.340700773239863,-0.903865931004078,0.40027983102796605,0.14004646358411826,0.08493757509644105,0.019487626281036587,-0.25897501701999726,-0.3443634002322561,14986.7854904274
Romania,Mortalidad_Media,1.4372969622104208,-0.9268293183602769,0.4225770684491521,0.09082043303215602,0.04394687432939064,0.06434262326349618,-0.2583835261501977,-0.2305387557188789,13082.3006559554
Romania,Mortalidad_Baja,1.1742861309275354,-1.0525744233283898,0.4041424399546497,0.04870610540449318,-0.41066167148766525,-0.27768318495610594,0.030456540010385936,-0.07666693580596028,12992.0326104674
Romania,Mortalidad_Baja,1.103309560852546,-1.0337409800277084,0.36199092542043093,0.1297296741209039,-0.45972136901454835,-0.2519427192211316,-0.030057411535275594,-0.08274504198522672,12502.2624061935
Romania,Mortalidad_Baja,1.187687018211277,-0.9818121925486835,0.35037372928414434,0.17839293654798136,-0.3230158256950995,-0.09750009887609468,-0.16044839126657948,-0.09773677982769306,10727.9822007426
Romania,Mortalidad_Baja,1.0659224965229244,-0.9990017935447385,0.32842952877952897,0.22359026856176129,-0.4686389972366521,-0.14902291494574332,-0.19677735111549832,-0.06398857592321627,9404.54005870715
Romania,Mortalidad_Media,0.9565206590348329,-0.9744183719352825,0.2662298407250564,0.3426525874790851,-0.5630073856628457,-0.11844598032731138,-0.2979319527340246,-0.06376727319561444,8977.01748158196
Romania,Mortalidad_Media,0.7769546366036495,-1.0076191800651215,0.2394980296716343,0.38997402772431944,-0.7435642076270115,-0.21312140654946402,-0.23726316710580952,-0.03243019396662111,10031.7710755404
Romania,Mortalidad_Media,0.7124317684663335,-1.0179827820238199,0.2334130027391652,0.4095783961652793,-0.786255938772059,-0.22657159645512767,-0.18354936466472377,-0.006242072108312968,9497.67411615237
Romania,Mortalidad_Media,0.707535931085056,-0.9665728924657807,0.18195743266684344,0.474561358444944,-0.7843002618806881,-0.2761450461913433,-0.305133612626509,-0.02770865239682669,8929.95366231474
Romania,Mortalidad_Media,0.44087905309203634,-0.8966747629009463,-0.012430790141424916,0.8413241682466756,-1.069315347946007,-0.08277484623889603,-0.5151794325517031,-0.014360654141335971,9560.6755277458
Romania,Mortalidad_Media,0.5291111790791516,-0.9200503264312334,0.100697905488322,0.6577363403759233,-0.8610557804805965,-0.20414651168243417,-0.45322362087205337,-0.07150421274128382,8399.5374234284
Romania,Mortalidad_Media,0.5329446938124096,-0.948418896041339,0.17494043486010535,0.563990446816732,-0.7434287019186112,-0.2275159615227453,-0.29662796632385097,-0.08257831588839995,8548.4543409242
Romania,Mortalidad_Media,0.3398321220459025,-0.9434012956632531,0.11420784587908238,0.6425105300511984,-0.9006224340723203,-0.4152419458862861,-0.2375008417307073,-0.0971198441811718,10435.1561230787
Romania,Mortalidad_Media,0.42031045664181216,-0.9709604815612572,0.1945850452521203,0.495075632619069,-0.7874947134906422,-0.5250567578698548,-0.16724231636936043,-0.06557187482747054,8360.33775916596
Romania,Mortalidad_Media,0.23828083517110865,-0.9641813908916853,0.18799560786509642,0.5936933456115084,-0.7965514166179488,-0.4428804974717247,-0.07590336012782847,-0.08366223716738719,5757.53127301178
Romania,Mortalidad_Media,0.14475979494435404,-0.9698803842853375,0.20540315940339723,0.6116157461834503,-0.798017292596667,-0.4402800000729851,-0.052995331467956854,-0.07113687166212448,4618.00350802913
Romania,Mortalidad_Media,-0.16827565545271042,-0.9460013615622355,0.17396032434031813,0.8244663620960896,-0.8978037065555745,-0.26789049224582234,0.10713112714621864,-0.10983476746319382,3494.99056448955
Romania,Mortalidad_Media,-0.11478288108635352,-0.9225115849108042,0.16203454285418364,0.8254257674632461,-0.8377794735235583,-0.2693220299988792,0.022665338883077004,-0.11473033940159108,2679.40626016154
Romania,Mortalidad_Media,-0.08831769014075469,-0.9271992499855709,0.18386580905885538,0.7902389569788606,-0.7939234236182734,-0.2748887012240691,-0.03366450190751793,-0.12973142762354134,2119.85509684554
Romania,Mortalidad_Media,-0.10678729316921592,-0.896747188108345,0.19214086244397338,0.8685516252733784,-0.7106510114827703,-0.05846434250673223,-0.029842480248495597,-0.14152422247293792,1825.19299373184
Romania,Mortalidad_Media,0.03376129097217508,-0.9652682518302563,0.29783186247610355,0.6095661097526651,-0.6043545531611162,-0.30667417533482777,0.03761533317633749,-0.09533446965124096,1659.92904910528
Romania,Mortalidad_Media,-0.9710068379968948,-0.9358786851394602,0.12247140306259184,1.1256728829965978,-1.229600830145507,-0.5103372382773816,0.48344316192077913,-0.12226157217596069,1650.04922365201
Rwanda,Mortalidad_Media,-1.091905178144081,0.4163617320200184,-0.22928412528436876,-0.15986826282824002,0.08597174955491621,1.3976286024554998,-0.025110043429226094,-0.24317243106947273,975.469323979541
Rwanda,Mortalidad_Alta,-0.9842361962068205,0.4469289197729755,-0.20919200588270867,-0.19621339292436066,0.263406171351386,1.4365225956734837,-0.13195421180957856,-0.2917969292425905,829.544845639777
Rwanda,Mortalidad_Media,-1.142257493913199,0.45317253196685175,-0.20934516426732389,-0.09840323743357758,0.20755417837454485,1.53778271956217,0.004951004291335233,-0.29894920824239224,778.701498787411
Rwanda,Mortalidad_Alta,-0.7837679320216135,0.510087622038304,-0.19352364782751957,-0.20507905411293642,0.5403299257589804,1.6208168109315015,-0.2816557155013248,-0.31078976698161453,810.051412137354
Rwanda,Mortalidad_Alta,-0.9449143219951955,0.457467116329928,-0.14755668770970498,-0.2544693322799275,0.45115188343086016,1.467267705668959,-0.08131117369963206,-0.31912549152463815,771.773511057901
Rwanda,Mortalidad_Alta,-1.352719248442522,0.35523656127980857,-0.13668534641961383,-0.24502871232169748,0.05889729007003141,1.151618217497013,0.2313432458154223,-0.2922200616618293,758.300966737624
Rwanda,Mortalidad_Alta,-0.7883444580164998,-0.8024842695494088,0.6878719187370563,0.9754386407476288,0.3757470184607977,0.7832828702216625,0.1295979450358043,-0.32404268564318117,729.519134044611
Rwanda,Mortalidad_Alta,-1.132875462834797,0.4022523166038713,-0.11673443127471403,-0.3237667790984457,0.329536633689544,1.171769254398988,0.0059105395786132504,-0.313821109218063,733.998630392314
Rwanda,Mortalidad_Alta,-1.3129437631077814,0.36649479296058524,-0.10317596357738981,-0.3237481199937014,0.2060410712649104,1.0302516802127053,0.12960873406555853,-0.30255169880962285,724.957526109262
Rwanda,Mortalidad_Alta,-0.8377426182260722,-0.7743113216970942,0.7128097356513265,0.9716595603556567,0.509673741731907,0.7368168742088111,0.0753387020243396,-0.33674336288884354,704.92421796616
Rwanda,Mortalidad_Alta,-1.5331827023413367,0.33501187296968543,-0.07864799521465189,-0.34120054419181334,0.11847183184587634,0.803919159181466,0.21404472544461703,-0.277968917011177,706.8172686891
Rwanda,Mortalidad_Alta,-1.7154505711868748,0.2975520824751654,-0.08050355939547454,-0.3619513657393748,-0.030709614852116263,0.5473811194259639,0.22807647426368943,-0.24562033955812085,651.133677964662
Rwanda,Mortalidad_Alta,-1.3579019233382204,-0.8931950097360892,0.7994708541738397,0.8396382730898916,0.25313294465409003,0.058005052003579534,0.3416115198586377,-0.22995518960117706,593.624927744346
Rwanda,Mortalidad_Alta,-1.989854094848851,0.2965062382432407,0.022143916330327196,-0.40127773352756824,0.12993606921279938,0.36216744853782934,0.39722350043143706,-0.20792251981806306,564.039095842449
Rwanda,Mortalidad_Alta,-2.1379363757784793,0.30007145035901206,0.041335004699151086,-0.40850650983544057,0.1551472628214891,0.19393964657384968,0.3641812721884144,-0.18669952815867505,528.326391755502
Rwanda,Mortalidad_Alta,-2.412196893170289,0.31440462936066005,0.05690349202759171,-0.33423973280257724,0.14623045260348885,0.09717144594703292,0.42047449575898493,-0.1600514793217683,426.234183487629
Rwanda,Mortalidad_Alta,-2.979939096985478,0.3008937006118295,0.0668649934767825,-0.16147310969908316,-0.06693072334444834,-0.03956215666843271,0.6883120104556978,-0.12331467487858562,356.995022901154
Rwanda,Mortalidad_Alta,-2.914793224421136,-0.7889841172338009,0.8613727378169699,1.3657819007487793,0.17249017282397666,-0.2641865369425965,0.7218336027657626,-0.12290251474238383,324.016863847189
Rwanda,Mortalidad_Alta,-3.5505568275413384,0.44195992264086165,0.08971537920579313,0.13049287789909483,0.18882146454141394,-0.0008236983945091465,0.6699208738844302,-0.025188022561039,269.540446333402
Rwanda,Mortalidad_Alta,-3.7078161223765975,0.4928805315305721,0.15677943470437403,0.10253242295688193,0.467166098485122,-0.18463607930359396,0.5739422879632918,0.05688220803867894,249.012274982252
Rwanda,Mortalidad_Alta,-3.827432855457433,0.5462390421502417,0.19690147085535506,0.05458234215566774,0.7199416926142614,-0.4685173368707641,0.3342862641348722,0.15639307857964363,234.043016755733
Rwanda,Mortalidad_Alta,-4.156553425703245,0.6291786241571286,0.232900484534192,0.1867777001521559,0.9318121682509748,-0.50135434428177,0.29455824676167813,0.26376947484162255,237.308846200901
Rwanda,Mortalidad_Alta,-3.8958792885746525,-0.48510926505940644,1.0985740951163865,1.4690059529967083,1.3791801229988323,-1.0245912628916638,0.18694023490376457,0.38847268323618994,251.86926386091
Rwanda,Mortalidad_Alta,-5.175420620716727,1.1530945171411906,0.25008244799475143,1.0072265484393772,2.098867879231627,0.042003733887016906,0.2827098368002557,0.19914244911420625,227.971147849318
Saudi Arabia,Mortalidad_Baja,1.130125245304442,1.158950127874707,-1.9610424373458077,0.5236434608493921,-0.9846131927669501,-0.17413045099895885,-0.2330250602027123,0.010348307860491979,38510.2276211037
Saudi Arabia,Mortalidad_Baja,1.3226434966118965,1.1266864736696411,-1.804977223381622,0.2868269767025708,-0.652945587569006,-0.1778815406995425,-0.06575071397950209,-0.02785871018411081,31920.7653655643
Saudi Arabia,Mortalidad_Baja,1.506772576403172,0.973601092921974,-1.5162073231208129,-0.17342832812730946,-0.34319505180819115,-0.3250364736814797,0.34918841453355004,-0.0032798811676965404,24338.8307301067
Saudi Arabia,Mortalidad_Baja,1.4377559194674454,1.092182167092447,-1.7509348983951918,0.14304414846831734,-0.6038581757049176,-0.30746932138684996,0.18241537750590198,0.0720554344026181,29566.7933827436
Saudi Arabia,Mortalidad_Baja,1.3577005523097923,1.111681088466739,-1.8333187829252329,0.27673348534664033,-0.7585949157212888,-0.24618928846387464,0.06939072478447103,0.12179601501074538,29360.0658968566
Saudi Arabia,Mortalidad_Baja,1.4400120780598502,1.036476136072938,-1.6925129898541091,0.021117492905685455,-0.5727787572635459,-0.42495132114253187,0.38345373724678095,0.11996386537304635,23929.2907135982
Saudi Arabia,Mortalidad_Baja,1.5152631478768255,1.0249461873738055,-1.6066638037345498,-0.07467124834937444,-0.39176170663836585,-0.3582621062140373,0.376184382022175,0.08902043970597073,22267.7217050387
Saudi Arabia,Mortalidad_Baja,1.4018374754384462,1.0623465488815054,-1.6890959764543547,0.031219654774866917,-0.5037830624616724,-0.47835365981065986,0.3639998242255142,0.0733447977549202,23256.1549553531
Saudi Arabia,Mortalidad_Baja,1.0133167128967242,1.1692332740803653,-1.9957349714848756,0.5270853085843904,-1.0305411736782923,-0.45193544287429,-0.04034046075602207,0.0827484594062765,27805.4850319422
Saudi Arabia,Mortalidad_Baja,0.84313436233502,1.1280043914348046,-1.9580104098828093,0.5634500127431632,-1.1464287964079873,-0.36115863956305744,-0.24256605174834633,0.07212407291303438,27865.465604962
Saudi Arabia,Mortalidad_Baja,0.826271467381783,1.2461648510985064,-2.1222277203187323,0.7912038694351291,-1.1643561565585034,-0.32073661185849617,-0.37577987009524627,0.050255964703343536,28733.4375513452
Saudi Arabia,Mortalidad_Baja,0.7046673913430829,1.2397848775989095,-2.162806044438698,0.8358956536728239,-1.27585483762996,-0.4368130234835904,-0.33492157395576805,0.058804376302868444,27126.7498747702
Saudi Arabia,Mortalidad_Baja,0.666324188837236,1.1322808124941606,-2.019941098030806,0.5826725591635061,-1.2124951001561306,-0.7069965030107319,0.008848087132008143,0.06891711424904279,22028.3901426586
Saudi Arabia,Mortalidad_Baja,0.628329680356267,0.9886331558719231,-1.7799240314498437,0.31366251544203966,-1.1116204836367076,-0.6683399891537669,0.0493196271836299,0.08127416379042021,17718.3911648365
Saudi Arabia,Mortalidad_Baja,0.2393932804350121,1.0604481455461012,-2.0471861462175887,0.7822391035872878,-1.6584144793315787,-0.5464828545928591,-0.42177468697723136,0.13870821868831495,22320.4888964331
Saudi Arabia,Mortalidad_Media,0.28941317992132765,1.004548690991535,-1.9097171495553673,0.6110423487753633,-1.4662792796395827,-0.5209785219571849,-0.332290926175216,0.12781397080243348,18596.1502627898
Saudi Arabia,Mortalidad_Media,0.24217502322470802,0.9977224161894488,-1.8907268309675014,0.6077790767254863,-1.4426510857725647,-0.5154145587038388,-0.347666508947012,0.12855407700924698,17563.6145370639
Saudi Arabia,Mortalidad_Media,0.39293486309869247,1.0698395281876063,-1.873302817823684,0.6548188728808162,-1.1504735259242798,-0.20755395415218264,-0.5564670895682755,0.08834277446360994,15975.7473782258
Saudi Arabia,Mortalidad_Media,0.5503347373108269,1.0707832343853119,-1.7551175666975105,0.5092296519464721,-0.802433818605543,-0.1101314246130078,-0.47083527092655636,0.04803347459557968,13154.4978989446
Saudi Arabia,Mortalidad_Media,0.5860861108404768,1.0941308402104999,-1.7407677997930298,0.47538048960573903,-0.6505675664692392,-0.16427491839292216,-0.34039695253536484,0.029290586013629123,11487.220410693
Saudi Arabia,Mortalidad_Media,0.9785592509494281,1.275760172617422,-1.7579117319548323,0.5684155839431109,-0.044313787208288824,0.32645893544140425,-0.5888991047924376,-0.049268862070515826,10586.0543471363
Saudi Arabia,Mortalidad_Media,0.8936932229695437,1.218888571747101,-1.6616878651912907,0.4973004304612067,-0.031098662669095615,0.3743819514667843,-0.651562914482095,-0.0399197078310776,10805.311325122
Saudi Arabia,Mortalidad_Media,0.7974215623621318,1.2747918316880205,-1.7588651571161782,0.649415368257929,-0.1198383387897408,0.3617860506330066,-0.7665392909177801,-0.024578428921798772,11714.5623675159
Saudi Arabia,Mortalidad_Media,0.5129001114705855,1.199981046425043,-1.5530600374397505,0.4392102914727805,0.08862999185102892,0.03880946569608692,-0.5052927960452734,0.06644591454794709,10786.4008952769
Senegal,Mortalidad_Media,-0.7962752352712454,0.29341269998530195,-0.18519390892547932,-0.5692916735478079,0.0026371759142760185,0.761661883284079,-0.2620650917511406,-0.08565121057580516,1574.0281059306
Senegal,Mortalidad_Media,-0.4362360674267267,-0.910586311311282,0.654458308264315,0.6400188697123634,0.16302867427746287,0.20431175484367325,-0.24773832672950427,-0.11369310543665351,1598.10676952274
Senegal,Mortalidad_Media,-0.9512611494193466,0.23738966129293518,-0.13185116720175205,-0.6536664390365623,-0.07028139688300825,0.5246500435664957,-0.13148944470694612,-0.0178684807416238,1461.08720350553
Senegal,Mortalidad_Media,-0.9027429684285994,0.2334922919132582,-0.13090048364107346,-0.6979538851479689,-0.05749187958493791,0.44662651617438276,-0.1791431523676233,0.03640500742416143,1431.18128932159
Senegal,Mortalidad_Media,-0.40736649563033034,-0.9268003233123817,0.7052616679243248,0.5531269904916001,0.2445537624150711,0.12587124567282978,-0.1993635715574813,0.007946700887656383,1452.55612562445
Senegal,Mortalidad_Media,-0.8905471910103314,0.24912966352117244,-0.08955901314264701,-0.7313200086238703,0.09069139300151985,0.4538922067224768,-0.1880328518670949,0.020999280904505375,1356.80518449031
Senegal,Mortalidad_Alta,-0.8828382491107003,0.2639684800288389,-0.09879584021760417,-0.7235314609466517,0.1180183859067523,0.4380546397706808,-0.25650560380609305,0.014594970589978799,1266.43957151587
Senegal,Mortalidad_Alta,-0.9482934226377152,0.25759956096038733,-0.1066772394326778,-0.7131435924186411,0.06578675857020798,0.3719674352247156,-0.254897213593479,0.014690515031255558,1218.00613555438
Senegal,Mortalidad_Alta,-1.080659577085509,0.14554847387300313,-0.01934993319897612,-0.9163982965321844,-0.0670842801909167,-0.034370344720132,-0.02162171831615698,0.03932490847735514,1398.89137601382
Senegal,Mortalidad_Alta,-1.159840643905403,0.15516383027497815,-0.031843236481367415,-0.8683847130678383,-0.09354044267666489,-0.03173354033223699,-0.04157274445264678,0.02859933669675817,1379.83196553924
Senegal,Mortalidad_Alta,-1.169315575472988,0.15938300657015092,-0.0014971035040344195,-0.8967711770616288,-0.007901213818362488,-0.05251768276149318,0.008932103525280089,0.011202495294677687,1326.83798848379
Senegal,Mortalidad_Alta,-0.6941661269680051,-0.9967837795282987,0.7924680661939963,0.3771414353828288,0.20758787928487799,-0.4623362392733365,-0.10446643252622413,0.0008950876418590256,1374.67591873844
Senegal,Mortalidad_Alta,-1.2724243675010616,0.24095068087793603,-0.02074400796523127,-0.7411532355276521,0.13939713769223028,0.14150230597559413,-0.0672688057051213,-0.040512864228155324,1275.88357492357
Senegal,Mortalidad_Alta,-1.2920408584530345,0.27001742880575275,-0.015703048377819925,-0.7123948776474631,0.22748912111656583,0.1797987088410799,-0.11935142099917563,-0.043636500628543684,1308.69404336205
Senegal,Mortalidad_Alta,-1.31626746561719,0.23957807599862266,0.03083708792610579,-0.817636556909563,0.25572492589127144,-0.012821286032647341,-0.12852097436599935,-0.009090774309381275,1398.79218010021
Senegal,Mortalidad_Alta,-1.3172742932956591,0.2446149582109247,0.019765303141745835,-0.8549379865783502,0.2550549034234719,-0.18594717246643316,-0.2901533543400989,0.046924523493080766,1188.93877808175
Senegal,Mortalidad_Alta,-1.524559539210924,0.26413979242680485,0.018152038096755682,-0.7695042829289616,0.24534256650494776,-0.21205471631580447,-0.2749301935794645,0.05655088136228111,1017.20196747987
Senegal,Mortalidad_Alta,-1.2701285448128767,-0.8406811083966683,0.7860661197237598,0.693113169730866,0.4632924385676591,-0.4475598236124801,-0.3481681610391579,0.046789412101366064,979.846101520171
Senegal,Mortalidad_Alta,-1.7649517798773318,0.3401254893776791,0.025237727780321073,-0.6463875729703001,0.40730779648541654,-0.22790570377664848,-0.37100067080576854,0.1318087294718233,918.102079522155
Senegal,Mortalidad_Alta,-1.9537688865174268,0.3553536973446709,0.06682063680812445,-0.6157455908208553,0.4905008922607281,-0.27710874277656466,-0.29835827342965293,0.17322228477604826,817.888034221442
Senegal,Mortalidad_Alta,-1.875801764863605,0.4333393462111091,0.043452609147508474,-0.5805291118763333,0.6872855370688908,-0.2610216468518163,-0.5816605412331409,0.256494235726453,669.430447319209
Senegal,Mortalidad_Alta,-1.6925013097246504,-0.6987436169003124,0.856303575630496,0.8424855980650242,0.9088667298484165,-0.5434144902315645,-0.49794429346595875,0.26503885194412097,637.213530563724
Senegal,Mortalidad_Alta,-2.205555272429389,0.4760959452586459,0.11268613742080003,-0.49054994532905577,0.864171666784891,-0.2623451226705898,-0.4356400626298608,0.3278982120792303,603.233162455158
Senegal,Mortalidad_Alta,-2.5405880302243977,0.45048714647417987,0.12448437228526399,-0.390340027502738,0.6996022613549003,-0.2987171327034589,-0.21301998598762,0.3436525324927031,714.994396357297
Serbia,Mortalidad_Baja,1.0412690044857704,-0.9425221558559378,0.15768309028210697,0.36275797494471534,-0.6061606832392317,-0.31750107829652374,0.04346237988736129,-0.137466113299812,10022.9688543402
Serbia,Mortalidad_Media,1.0472880011841494,-0.8694999232930505,0.1742561812362539,0.41037028053506464,-0.3563566187347341,-0.2059719640701365,-0.18312396382518892,-0.33308563299977756,9680.52798074468
Serbia,Mortalidad_Media,1.110746959202009,-0.9033336305337188,0.18022206609181454,0.3755575455137797,-0.44099672726457234,-0.17541033535454487,-0.12299144532582419,-0.2016373303658479,8098.70955668849
Serbia,Mortalidad_Baja,1.0182049683767964,-0.9737073361798518,0.16881095445370028,0.3566390626068287,-0.7180856656507576,-0.2944657195945414,-0.030155090710316412,-0.06186651427651693,7755.632986437
Serbia,Mortalidad_Baja,0.9604495660962601,-0.9746314665673926,0.15253867050953407,0.3941157944419792,-0.7563709701787322,-0.2839392191076801,-0.021450015598258015,-0.06111152000266563,7559.86165747394
Serbia,Mortalidad_Baja,0.9624992751262788,-0.9477326989030758,0.13161427532313374,0.4352680468170138,-0.7303915927682259,-0.25235824776247917,-0.09183531175673247,-0.08626967459633791,6548.03653824187
Serbia,Mortalidad_Baja,0.9646526077443267,-0.9300119245326217,0.11687728082425965,0.4915503148181943,-0.6995732175016425,-0.12220362265905017,-0.1370376036933455,-0.08693818259744666,5982.37030126471
Serbia,Mortalidad_Baja,0.9813428209162265,-0.934877161185829,0.15533172939790976,0.4488705083225153,-0.6247911748924575,-0.11570185414672296,-0.15254397336350098,-0.1140618105259078,5820.3215576888
Serbia,Mortalidad_Baja,0.7957867324301942,-1.0320526462991169,0.2181998538477876,0.3656184871998976,-0.8030081253957637,-0.27972529742127417,0.004186681227961317,-0.08050167608982177,6886.67809068704
Serbia,Mortalidad_Baja,0.7408339816420134,-0.9968618003823709,0.14709120779103554,0.45986976443025873,-0.8658800669689272,-0.31361968596624246,0.002344172524458549,-0.0845557793417031,7040.41812068781
Serbia,Mortalidad_Media,0.7971847453595539,-0.992857958657177,0.18597618488356382,0.4099045937786467,-0.7551734765587627,-0.29446053632952646,-0.023265249496466932,-0.11060460899329877,6263.04086072815
Serbia,Mortalidad_Media,0.3435879181438886,0.21268478858570636,-0.6474441258103841,-0.8358983670160554,-0.8866220937573873,0.035917396592437395,0.027719684881606674,-0.11562111511975504,7082.2861666075
Serbia,Mortalidad_Media,0.7829647891204459,-0.9840644087996477,0.19314214713653313,0.39200624944789453,-0.7038335062567639,-0.36613340706344794,0.028471288767660086,-0.13603100771934146,5970.92660940072
Serbia,Mortalidad_Media,0.7967215238455726,-0.9988678877942864,0.23805555373974016,0.33047159828865547,-0.6417249277742242,-0.39137447208649756,0.04441347497564288,-0.15975917104769427,6414.0448463847
Serbia,Mortalidad_Media,0.7503792332571555,-0.8993535259124694,0.08716534542295673,0.5815242266733092,-0.706411176274994,-0.2335864308782048,-0.1430529665086571,-0.17139924128929376,7376.73517910716
Serbia,Mortalidad_Media,0.7253396616846355,-0.9131882110876329,0.09539426355337084,0.5539261912676252,-0.7540094358418626,-0.3213877449809126,-0.18303785682712503,-0.16690202239435678,6081.08765700202
Serbia,Mortalidad_Media,0.6400296365471756,-0.8840261942744918,0.041723415483836526,0.6655939671965283,-0.7997517666376481,-0.2618825822215716,-0.2235709345710029,-0.18317477273280133,4492.7136699046
Serbia,Mortalidad_Media,0.8163490886562375,-0.7959961899252375,0.04751540951123082,0.7270837679915995,-0.49992853113252506,0.05855211613825449,-0.4836069646955096,-0.24921177764931854,3807.97417321786
Serbia,Mortalidad_Media,0.7489725447647944,-0.7042503724520981,-0.07035658852149947,0.9515171918827311,-0.5014168876303613,0.2187119818507295,-0.5425144362301325,-0.27007132123235084,3597.08798057009
Serbia,Mortalidad_Media,0.040053403881599794,-1.1025680348226152,0.13544328527526497,0.49223207789248263,-1.3422814495550455,-0.9881603107034056,0.28362635665979613,-0.129766369371205,3153.9011312754
Serbia,Mortalidad_Media,-0.16056469575912122,-1.0808015826626642,0.07400694104423913,0.6736338499526732,-1.4808463483778405,-0.859005456647966,0.2099311101216996,-0.12605202155190817,2390.73459447107
Serbia,Mortalidad_Media,-0.5959388840160892,0.22925385930764272,-0.7634702327810501,-0.32527534963798643,-1.3706166795778132,0.1528978048879217,0.0867365959748338,-0.19390558150869797,1812.42088281393
Serbia,Mortalidad_Media,-0.634159386460793,0.260588575641312,-0.7219486576357331,-0.2706096070779078,-1.2147949789268007,0.3687570934974755,0.06848233323010693,-0.26570214555785443,974.725469278615
Serbia,Mortalidad_Media,-0.5431004657333236,0.2910984702106485,-0.6695857692807153,-0.3227205968861243,-0.9881841319530159,0.4098998949798097,0.04530048826703298,-0.043201778057158996,2349.40645150289
Seychelles,Mortalidad_Media,1.8686827765231149,1.001244372113859,-0.9762604150809137,-0.7480706910536844,0.9000735860375163,-0.2271877581618253,0.3305489277655669,-0.1593537844453691,16836.6721895387
Seychelles,Mortalidad_Media,1.5126476180357424,0.43525306268450153,-0.16375717588924887,-1.5132760289715357,0.8229258199079574,0.22533608653579937,-0.025217467652155424,-0.12297583555053614,14982.9111487767
Seychelles,Mortalidad_Baja,1.4144796741252812,0.3202752747665102,-0.164716166917635,-1.5422686274346533,0.2788004219534475,0.09533404542638042,0.1408895273355524,0.2121643351947959,14041.4754074575
Seychelles,Mortalidad_Media,1.4035450676864862,0.6426130141574867,-0.6446581379550816,-1.2128916750986334,0.36090174438142825,-0.8401805331926026,0.7843316073650008,-0.032141206224192594,19141.5118743615
Seychelles,Mortalidad_Media,1.5472595345814013,-0.7812587637524079,0.4999404397594785,-0.18863721041652812,0.4045512155671372,-0.970532448284201,0.45942561634858337,-0.10370568390233885,18440.2340460932
Seychelles,Mortalidad_Media,1.44672909971906,0.6831124520735886,-0.6931916044608092,-1.1134843311690192,0.3775278437271644,-0.6561335126343593,0.6213772553844381,-0.02866177612741202,17480.3651911372
Seychelles,Mortalidad_Media,1.5408898676686835,0.6882343967854975,-0.5902862500703288,-1.118893768064865,0.5232709693829615,-0.26150122355721106,0.28067236140891216,-0.04783716278863235,16566.9946042294
Seychelles,Mortalidad_Media,1.4122668735362778,0.5967454146305634,-0.5229866876099104,-1.1634165026269507,0.4125716439251185,-0.18114829872680022,0.18609411394077274,-0.036726658320337245,15333.1051727105
Seychelles,Mortalidad_Media,0.9601750199050741,0.29093449342773475,-0.2203410566529651,-1.399212792721349,0.11273042830173172,-0.04581918735221317,-0.06142771690673635,-0.06452889197900373,15188.1902175113
Seychelles,Mortalidad_Media,1.3734319981791938,-0.8852848072392411,0.5371605566095717,-0.07503547330945123,0.2612778618759041,-0.4035748449278092,-0.054839016569144444,-0.0969314146250599,14821.2921476077
Seychelles,Mortalidad_Media,1.08925706030513,0.5746148460067572,-0.6628436234121696,-0.9386958440278584,-0.0430052668873757,-0.22812058959114379,0.027976978610587018,-0.00623131769394165,12337.1554669388
Seychelles,Mortalidad_Media,0.8161831608295288,0.3836016251906283,-0.41966874196854015,-1.1160701106638173,-0.10857369453500924,-0.05450216521550825,-0.2253595003977023,-0.09831060146425265,12110.0937461973
Seychelles,Mortalidad_Media,0.9112648695777531,0.38013998818478517,-0.3967303621179664,-1.1822386816669748,-0.03351110220861153,-0.0802907348460789,-0.12153678935956154,-0.07465451784675364,10934.79494629
Seychelles,Mortalidad_Media,0.8367834610841239,0.2977791445772534,-0.2985031932248812,-1.297742326624174,-0.08397443998273295,-0.1242597547721058,-0.08514086686051608,-0.07261285707416487,9747.09180546291
Seychelles,Mortalidad_Media,0.6306531902886511,0.27901513166678943,-0.44064429913453673,-1.2261935995759947,-0.392925779746479,-0.5408229013839676,0.2244668268743828,-0.03777021216225114,11265.4376270005
Seychelles,Mortalidad_Media,1.0098497580299723,0.4084041384567992,-0.41246979224692537,-1.1434554464301485,0.12416351673697641,0.134985504282845,-0.23436625041074347,-0.11174927064633479,12669.3026687222
Seychelles,Mortalidad_Media,1.2558492262307588,-0.7546918341858642,0.28020781026772745,0.23709063695443197,0.09020725392160064,-0.5064304237157032,-0.11939778138751919,-0.17550330831019514,12782.9938926475
Seychelles,Mortalidad_Media,0.7965789497415665,0.4659212837731012,-0.5940214089510608,-0.8945514093637557,-0.0773160522413544,0.07941850037864283,-0.3258329153022152,-0.17923495435612657,11802.1118276833
Seychelles,Mortalidad_Media,0.7938470898780947,0.4766977024826241,-0.6576231657652791,-0.8625673122985449,-0.1508373646038182,-0.028079678936692894,-0.1951989501386299,-0.14040741375952762,10827.671636033
Seychelles,Mortalidad_Media,-0.2938218931729476,0.3901293608238246,-0.9457422745397043,-0.1941608050681343,-1.4520042901343768,0.07174908189838672,-1.0724694271805046,-0.12468539973519217,9070.28460757013
Seychelles,Mortalidad_Media,-0.19451338994290437,0.40247374167051064,-0.918694441584945,-0.22409464023288708,-1.309079033293485,0.17716152731785256,-1.0859582880764491,-0.14155770639341694,8864.16919495467
Seychelles,Mortalidad_Media,-0.082888895047353,0.35118344033971405,-0.9159434919941789,-0.3860253275463663,-1.4125197280150334,-0.16518295524597942,-0.6143132443448411,0.025851221910422904,8153.2986369879
Seychelles,Mortalidad_Media,-0.05067212516298153,0.4155045495078076,-0.9669176991265515,-0.2701103135756464,-1.3336300503645095,0.01382644928999459,-0.8100891765795153,-0.023059579733098755,8063.65500575169
Seychelles,Mortalidad_Media,0.4537715636257488,0.3859675864572602,-0.6709710038301463,-0.7500873853392691,-0.49917614831061036,0.05958001591539835,-0.3675834458838276,-0.12306059161140756,7180.66832748656
Sierra Leone,Mortalidad_Alta,-2.6905608600181368,0.49747301983728637,-0.05515376530891397,0.21841846608457358,0.20057890589824376,0.9014755299147525,0.4384412941772331,-0.016384404185896873,860.774590932595
Sierra Leone,Mortalidad_Alta,-2.761296415999708,0.4869077195677897,0.0018162273780919212,0.15243827704042584,0.2950507968601808,0.7813535957095528,0.4800278022479493,-0.03462717786985279,886.192939104469
Sierra Leone,Mortalidad_Alta,-3.0272485060570604,0.43576435342068365,0.0457510091332564,0.13517140532163932,0.17010101298922992,0.5835766988724981,0.7027689740636742,-0.017054947066244053,845.982914284565
Sierra Leone,Mortalidad_Alta,-2.9458096606407302,0.47579874234758696,0.05695010844341791,0.13133082925001024,0.3375776960658779,0.6465481769838369,0.5974855586302954,0.025025106499338604,844.049555179116
Sierra Leone,Mortalidad_Alta,-2.650378073038955,-0.7111417550679134,0.8777837097723704,1.4153790086526432,0.4707712804781226,0.16238351709105942,0.6579030604503074,0.03557969462451608,845.914540460932
Sierra Leone,Mortalidad_Alta,-3.160914166173317,0.4559337112565361,0.101152785915656,0.05550560237085364,0.35741423636234276,0.2753930218370019,0.627077457273331,0.05047297497227101,779.186007841728
Sierra Leone,Mortalidad_Alta,-3.0045384794660484,0.5663354961895957,0.09152016368004152,0.13147557097208293,0.6929063496281505,0.5319511700289039,0.31140075621939034,0.02808104021242234,844.416411175476
Sierra Leone,Mortalidad_Alta,-3.214826491415891,0.5995699794436237,0.16491258157538713,0.151856871053556,0.8921675264964963,0.4861205320692946,0.40008981655171644,0.04457680416863971,964.575980888989
Sierra Leone,Mortalidad_Alta,-3.4027225712331455,0.6145267958091041,0.04339700331389758,0.26507662824813594,0.6270828301511571,0.22063443614192996,0.18819913053235474,0.03841576948040362,1117.7586465721
Sierra Leone,Mortalidad_Alta,-3.3843962548799067,0.6281352229086586,0.030677943596058268,0.24787505257388467,0.6580824955757966,0.1255920232525902,0.052558820118294276,0.10427258204437133,1117.47183075115
Sierra Leone,Mortalidad_Alta,-3.4638769543653827,0.5979742314788749,0.15758506654639348,0.12905158374037212,0.8406758314051026,0.0636882673122794,0.13009013421936602,0.12029439862972227,937.504428180231
Sierra Leone,Mortalidad_Alta,-3.0690926630717374,-0.5823753109190253,1.0539819765197351,1.31475906685604,1.2040607227348754,-0.39840461976523656,0.29722013590238944,0.14131205003805705,761.146365577281
Sierra Leone,Mortalidad_Alta,-3.6378569606838815,0.6063510231565594,0.23665104286740046,0.047667031962104554,1.0243396656901032,-0.2212549016524251,0.25505925098923793,0.23254667085555694,685.039673490948
Sierra Leone,Mortalidad_Alta,-3.6585084762783215,0.6350714313510814,0.28429361387108243,0.024431909901373523,1.214267794073886,-0.2298167190710128,0.21835524033931958,0.28138744826548684,652.845806767943
Sierra Leone,Mortalidad_Alta,-3.716625969349377,0.6796873718709682,0.24775445575974675,0.08177858483749817,1.251293906812437,-0.30324027892195143,0.030210087940131518,0.3554639151201357,705.359014080005
Sierra Leone,Mortalidad_Alta,-3.7992423778953115,0.7250942018176838,0.23372237044140662,0.151294044803396,1.3224104375665005,-0.30013704054263485,-0.1347661021454785,0.41501386282556046,631.889926264998
Sierra Leone,Mortalidad_Alta,-3.8649573904328722,0.7480096836730588,0.2280797443162001,0.1610763554448652,1.368637680479029,-0.4144088489184234,-0.1950720751282405,0.4884577707761316,580.26796974773
Sierra Leone,Mortalidad_Alta,-5.079109972463939,0.9064920604949498,0.2686411356584918,1.031549486622317,1.3065594367753015,0.7077353459441014,0.7686796007091413,0.2217969136068015,462.633324427945
Sierra Leone,Mortalidad_Alta,-5.337643484919764,0.82303169213696,0.31565965315978184,0.9242484215432888,1.1276964306652004,0.2840053373222716,0.9085798235605933,0.2936816063366054,417.749983329227
Sierra Leone,Mortalidad_Alta,-4.833140009135971,-0.33149070055955077,1.1261913576321472,2.13156776483743,1.4267092603603608,-0.2596260145240481,0.8008426875681813,0.3271231931585729,413.817607346927
Sierra Leone,Mortalidad_Alta,-5.259029527601032,0.864409712552356,0.3793952998789986,0.7958866926159379,1.4642847993687453,0.08708259076321462,0.8114690196683332,0.36073534051559175,388.995111216836
Sierra Leone,Mortalidad_Alta,-5.164840670997061,0.8991884816754527,0.42238986267181694,0.734667462135414,1.708206861144242,0.08568266463227849,0.703948245468426,0.37066957482752677,358.315716051546
Sierra Leone,Mortalidad_Alta,-6.624718031110478,1.166660725731971,-0.23037118207581683,2.2563064440972287,0.32071394985665147,0.7540560876380262,0.18477225479699363,0.38686627168504273,143.743743239644
Sierra Leone,Mortalidad_Alta,-6.176849612957888,1.1417296397851018,-0.19649509676488203,1.7480336748339114,0.6492615388060213,-0.17971287924882867,-0.6102071852901033,0.6457745382129646,208.351997250955
Singapore,Mortalidad_Baja,5.771070249977319,12.713175781154206,10.913795419867398,1.5591172828910926,-3.1172868335203026,-0.7160747504092794,0.05979272970540702,-0.15143625796667157,90299.0694637269
Singapore,Mortalidad_Baja,5.288462784466161,10.748389996808442,8.870200873489956,1.2082929705505696,-2.4851864378845367,-0.4163147586635344,-0.004991733716227576,-0.07981328550257022,80056.1288247844
Singapore,Mortalidad_Baja,5.2119545251996895,10.231686750341392,8.561652074892315,0.9552441057315102,-2.302592030628556,-0.3362852875461364,0.04328298610528587,-0.03250544254048,61410.0792630788
Singapore,Mortalidad_Baja,5.221236171162646,10.263032189574778,8.506844788901645,1.0384126751076181,-2.3002277455673794,-0.2463193090733283,-0.05327208660225036,-0.03102364801526871,65952.0378959293
Singapore,Mortalidad_Baja,5.1648947165703865,10.670223696804618,9.00639288722051,1.1277815861698104,-2.622169859945103,-0.3629594951971262,-0.0788951356902799,-0.040708206556418866,66881.6067035265
Singapore,Mortalidad_Baja,5.170812795108259,10.6410903143462,8.884532239469776,1.1237077082901226,-2.5857155002866232,-0.5357508965898851,0.08144741966560368,-0.0544946873434938,61236.251270627
Singapore,Mortalidad_Baja,5.019226057502959,10.372354884250875,8.779167771015558,0.985569846833459,-2.597151348580166,-0.5840635518969892,0.11835518207096216,-0.04847076914054713,57005.5887176547
Singapore,Mortalidad_Baja,4.917322175410822,9.956710804415975,8.335776716941526,0.9330271934151564,-2.440448779488073,-0.45312475506498706,0.034486209298016386,-0.047377340018426334,55645.6068614606
Singapore,Mortalidad_Baja,4.895228156755148,9.512685071437296,7.894816962395659,0.8325458941706056,-2.127664573897853,-0.2197254837116244,-0.09461988039595179,-0.07047156778282707,57564.8023114977
Singapore,Mortalidad_Baja,4.874380896078011,9.549091741597739,8.079701125002995,0.7697015537999088,-2.1532837639686924,-0.18705773828869032,-0.1391824185916477,-0.0861695475808976,56967.4257940383
Singapore,Mortalidad_Baja,4.798106414956433,9.598469980391407,8.223915601220327,0.7902895656097056,-2.2565084188365674,-0.09019024493861948,-0.28692768629549953,-0.09754269431593934,55547.5553077786
Singapore,Mortalidad_Baja,4.622525593367188,9.154838407928183,7.944458996117243,0.6337157554132795,-2.1773198405315894,-0.004441813876071495,-0.3472961619325222,-0.09455671091747801,53891.4570264372
Singapore,Mortalidad_Baja,4.530185602406843,8.748926722097766,7.2846409748333665,0.6817901268594696,-2.009226990693618,-0.014502679473167008,-0.32036603801428515,-0.1025635868381575,47236.683084953
Singapore,Mortalidad_Baja,4.389154254600512,7.939819377256097,6.305068130366266,0.5715248011645727,-1.6276298467753985,0.051881278787993784,-0.2848810942987831,-0.11268015749578157,38926.8054365453
Singapore,Mortalidad_Baja,4.349200953447038,7.825627635575675,6.260859592460699,0.511260181964436,-1.5491518935665087,0.10067125004861482,-0.3317820840803298,-0.14135207477087536,40008.5720489092
Singapore,Mortalidad_Baja,4.110814697116174,7.3274576422964985,5.798426196831893,0.4579647293824718,-1.5015481183118597,0.23703438132183202,-0.48007125925225563,-0.14152741778222935,39432.8860198877
Singapore,Mortalidad_Baja,3.9028952708648985,6.5036619954308295,4.727274942431735,0.4114697355820258,-1.2063788862525568,0.25074508162487835,-0.4375371381291805,-0.14291179000030033,33768.4528234651
Singapore,Mortalidad_Baja,3.710238363900856,5.794593359484608,4.018946166124821,0.28325215303974494,-0.9766726800234196,0.398791862350861,-0.5130388232071919,-0.13401768514506415,29961.3172812732
Singapore,Mortalidad_Baja,3.869320385488195,6.0007024804803,3.4249534305099005,0.674423329805099,-0.8377092802884535,0.05741927135471863,-0.24747041596381822,-0.19586311953241226,27608.080013423
Singapore,Mortalidad_Baja,3.6682464478359362,5.484626593588135,3.315406836107853,0.3635547790700703,-0.7211788645129227,0.1930929776969088,-0.3314620565715444,-0.2006400282071867,23730.3840054566
Singapore,Mortalidad_Baja,3.344242937169149,4.681390144679512,2.849632644922081,0.0670213390603867,-0.5704637068955376,0.388585511100345,-0.47859753492777185,-0.19283591494883373,22159.8373710639
Singapore,Mortalidad_Baja,3.2022931331337445,4.150599218015519,2.260947008236678,-0.012532069464250105,-0.3729926291359958,0.44131472406154937,-0.4893225395387939,-0.1984899121191148,21699.7414868907
Singapore,Mortalidad_Baja,2.928932251218903,3.6267699246989804,1.7786571547873886,-0.05469349600100547,-0.35135068309152,0.6020891453107483,-0.6716358652013521,-0.1861658566574493,23852.8389514753
Singapore,Mortalidad_Baja,2.7003472260872616,2.7322855776241477,0.66562082249414,-0.184663592345912,0.1551284188772265,0.5286532151250045,-0.5721164806312072,-0.2671842823698533,24914.8507020358
Slovenia,Mortalidad_Baja,2.215040944174682,-0.6392708658285532,0.08917190993535264,0.39828760970980975,-0.11521080689278512,0.3650324156948958,-0.31315676393652564,0.1677976898341047,28373.8382265999
Slovenia,Mortalidad_Baja,2.227848581646685,-0.5874942824425576,0.08331449706263908,0.4373085985849842,-0.07156600592384157,0.36330323640959666,-0.3672477947565823,0.11997096648146338,29187.369382785
Slovenia,Mortalidad_Baja,2.1564618947964287,-0.6299010807580047,0.05020755525111331,0.45243611765097846,-0.10262124158983853,0.37895744847458174,-0.36788165538355855,0.11103973482991222,25392.0651093612
Slovenia,Mortalidad_Baja,1.9641030846838006,-0.7155015689753211,0.03354904711499519,0.4030264304659291,-0.47089252152786826,0.014105813828217793,-0.08676893768422976,0.23089288003778563,25814.1687167572
Slovenia,Mortalidad_Baja,1.926533849451902,-0.7308051507060538,0.011244940789090553,0.40651640011038404,-0.4868258768226875,-0.02899658931029196,-0.041102842284473064,0.22105356098960882,25888.0481065655
Slovenia,Mortalidad_Baja,1.9604928259825387,-0.6883505467653503,0.022761111023766822,0.42077397354685514,-0.4434630414698756,-0.02512153191974662,-0.08748302969522151,0.193092972964751,23303.077705959
Slovenia,Mortalidad_Baja,2.0260691869390457,-0.6764975441931053,0.016635638377917365,0.43944238313897827,-0.34800434702718674,0.11966544465960685,-0.16837231123340698,0.1919907686322494,21447.8377796036
Slovenia,Mortalidad_Baja,1.961784022404223,-0.6998367322653645,0.023701354777664996,0.4345280200272768,-0.37146716637681426,0.10424253868457137,-0.17879715004869026,0.16717811406323058,20697.2748530619
Slovenia,Mortalidad_Baja,2.0614079699536947,-0.653888332319976,0.015782003505065565,0.46383891274106626,-0.2903912864170688,0.20625760663692033,-0.245745242656374,0.17983347078114664,24013.0682060959
Slovenia,Mortalidad_Baja,2.017806260467548,-0.6540588108226943,0.025225046857938714,0.44177448831651145,-0.26941196033249426,0.10412436310895846,-0.19438276013547312,0.1301485856793761,23236.9655321695
Slovenia,Mortalidad_Baja,2.1285406747317452,-0.6013572228201581,0.017405952309283178,0.4633954294688728,-0.1104862489841388,0.20893609938654073,-0.25676784533959335,0.09881239529748267,22442.1417859955
Slovenia,Mortalidad_Baja,2.1756226216212533,-0.5788242011533743,-0.012957521667382975,0.48359245553465463,-0.019943099597037956,0.2420057727052064,-0.25007680718841807,0.07761240800613742,24940.6284841605
Slovenia,Mortalidad_Baja,2.1934480457152734,-0.5528926421971089,0.014589474651763952,0.4715292012732427,0.04113971480533987,0.22926167493626456,-0.27868105533791343,0.03785977286660489,23329.8417691156
Slovenia,Mortalidad_Baja,2.1303568748812887,-0.558412547846952,0.025083744528142698,0.4771606975089894,0.010762861703986552,0.19970785267454194,-0.30526811078162147,0.01670165154050539,24501.7897290425
Slovenia,Mortalidad_Baja,2.062856184687606,-0.4991077680240585,-0.10630799619568798,0.6259511825124319,-0.09749934183113262,0.11075104279727072,-0.3019272029470579,0.010703984446508072,27461.9764165315
Slovenia,Mortalidad_Baja,1.9281625103058484,-0.5574650562450595,-0.10707706184869098,0.6250530198980526,-0.20334057434354796,0.07829170918265566,-0.300136555632293,0.013742370352735468,23725.1596001515
Slovenia,Mortalidad_Baja,1.900726814094235,-0.5708636458594347,-0.08071725610856655,0.5884252207924883,-0.1717925768213902,0.030091527505142084,-0.269395212034212,-0.014873689724678398,19563.005059144
Slovenia,Mortalidad_Baja,1.8424207412708404,-0.5833916943362768,-0.09428131626128988,0.5965544204589538,-0.1646587870077064,0.0007174806701022495,-0.24499875257225098,-0.04517645077547542,17969.7095907161
Slovenia,Mortalidad_Baja,1.807630159707704,-0.5820513756917826,-0.08508262085987248,0.6120886638274259,-0.15654334487209387,0.036709799842052804,-0.31449735859917216,-0.06875097235021549,17103.8297783905
Slovenia,Mortalidad_Baja,1.6423617668308892,-0.6500567951311946,-0.03831061046385629,0.5397517129090504,-0.33019025683617037,-0.18939297351571158,-0.19882737084010382,-0.05960005997916545,14711.674874253
Slovenia,Mortalidad_Baja,1.5949362174461754,-0.6402700060566905,-0.0662501360500366,0.5986325989737835,-0.24436475757840692,-0.08532468005289785,-0.2735824685918223,-0.13128944867100312,11639.1297780477
Slovenia,Mortalidad_Baja,1.2288261552509914,0.58189901409772,-0.8716434458328486,-0.6529195584656271,-0.2892751368184068,0.3889533832579117,-0.37075818243442893,-0.1417054065145982,10375.6255869861
Slovenia,Mortalidad_Baja,0.9829040395763116,0.47199292849068286,-0.8251209351592663,-0.7295797141615794,-0.522814628923276,0.15325910329827724,-0.21896064729934867,-0.12872314499035498,10135.7219109212
Slovenia,Mortalidad_Media,0.8097065214222512,0.46636300013192505,-0.807086273125239,-0.6804193273963908,-0.46488396439662405,0.20529715243163307,-0.30666598359470865,-0.19642576217038152,10738.0887611468
Somalia,Mortalidad_Alta,-3.2211624981253992,0.6216298576116096,-0.05572263976536578,0.07403964503666302,0.5494173317302145,-0.5027477262245075,-0.8209142550076551,0.5306410130355196,573.128092472349
Somalia,Mortalidad_Alta,-3.1180806660945404,0.4078145449581581,0.03224256180038205,-0.1470583063590949,0.17023156536492548,-0.4654700465293187,0.08187841531646567,0.1321521047086848,549.114742721701
Somalia,Mortalidad_Alta,-3.4944996628704996,0.48478883901091674,-0.08379555909811792,0.29351725255993516,-0.09628320012119772,0.002432797262888959,0.12655280339778094,0.22890704989352567,518.184778494334
Somalia,Mortalidad_Alta,-3.1731095195899544,0.35357192827295164,0.14844184863690527,-0.2526304575737148,0.24687800619578118,-0.46133149947104524,0.39941342801930063,0.3234348176741549,539.893931565407
Somalia,Mortalidad_Alta,-3.292580400342379,0.5551537504331908,-0.047521313036035955,0.05960918455623239,0.34970861874306997,-0.5110513349368602,-0.5125377032705672,0.4715831379799346,509.525801898508
Somalia,Mortalidad_Alta,-3.8160237656079454,0.600286731097644,0.025532287763080527,0.16679593262384748,0.4866174466896934,-0.7101964893365543,-0.4192403368610026,0.5617854766156208,510.939952317726
Somalia,Mortalidad_Alta,-4.202882505642747,0.5493406260165012,-0.008262158694950273,0.603505129014676,-0.015379253049512742,0.20726082511688476,0.5455001083538997,0.22551343375152985,460.928490585175
Somalia,Mortalidad_Alta,-4.127338306216074,0.5275921204378432,0.08695994403647696,0.4484623649280728,0.17884445801316423,0.1157704749766287,0.620947550477934,0.2613129471737132,445.583080073396
Somalia,Mortalidad_Alta,-3.9404340007032017,0.4804409674755935,0.1266177883141974,0.18237868191124915,0.2699259625402302,-0.317413945212995,0.4592531724756663,0.34398110035944657,429.431656725102
Somalia,Mortalidad_Alta,-3.6413445629075496,0.5047861965135123,0.19178913195893615,-0.02603415846903018,0.6329549263246058,-0.4524354910148974,0.33957146684278827,0.39404639414620696,393.398703952979
Somalia,Mortalidad_Alta,-4.341906751350021,0.7838025588507583,0.2525114578792095,0.37424939221765985,1.327411089367271,-0.3442263705514426,0.09786601731949049,0.5822969545208142,350.261946720512
Somalia,Mortalidad_Alta,-7.116295622703037,1.52307984715579,0.6625746311393184,1.1690961756149023,3.5938314529296,-1.4438925983476012,-0.703415760194256,2.044462642611067,235.325945610434
South Africa,Mortalidad_Alta,0.30863916331454877,0.42767462866708705,-0.20092624545905827,-1.1969445207705562,0.5118638607021724,-0.32734798553993194,-0.41074964023563315,-0.32921611437731607,6523.41097815853
South Africa,Mortalidad_Alta,0.2141602317837142,0.49204578313630226,-0.16808205183651215,-1.18153196458107,0.7228952949653481,-0.41220413126523947,-0.5383998204252497,-0.5821616290539772,6843.39941886204
South Africa,Mortalidad_Alta,0.3390471899231717,0.4092341330912166,-0.12901379370643154,-1.3101282730772312,0.6022436761419561,-0.43605435622907507,-0.30022499643204814,-0.338851206076802,5580.60383075189
South Africa,Mortalidad_Alta,0.29600216687404507,0.40848018643560513,-0.1321440138804797,-1.3261592119215226,0.40435887968147277,-0.6553768199088501,-0.16614015306601548,-0.22914078727569379,6533.71121032856
South Africa,Mortalidad_Alta,0.34530430311542337,0.43938444519354874,-0.15309007095865235,-1.2784501205471754,0.5596066695878986,-0.4916918214257275,-0.279090605695752,-0.2565777349690687,6914.1780318076
South Africa,Mortalidad_Alta,0.3555102693057323,0.4681001532756645,-0.17792346436087703,-1.241522493762042,0.653671363917134,-0.4503083183454323,-0.3058311871228362,-0.2639867928970516,6618.33508255701
South Africa,Mortalidad_Alta,0.23612988194456516,0.4604602976361929,-0.17301170771784505,-1.2388577414964157,0.6004041506151541,-0.5801328915803788,-0.2785762733133181,-0.27104015621266214,5651.20585165749
South Africa,Mortalidad_Alta,0.156049304494866,0.45688866187087823,-0.13479396901566773,-1.2645472042452806,0.6076992691738861,-0.6719553487558136,-0.2759982733595738,-0.27906829109303116,6112.27382485974
South Africa,Mortalidad_Alta,0.5593730182596929,-0.6737116989807724,0.6480586035121952,0.057814546305113255,0.8257867291550368,-1.106911100598426,-0.3001228618398939,-0.32748270775929766,6856.73137092522
South Africa,Mortalidad_Alta,0.046133644431828956,0.5064110288477159,-0.10958563376810679,-1.2432686665760146,0.6854269791179406,-0.7982793902340842,-0.32426397478502383,-0.3347834259098084,7331.65467384919
South Africa,Mortalidad_Alta,0.08121428365643668,0.5535228176885137,-0.11712349205084571,-1.208605720291989,0.834323296328063,-0.7262992371146995,-0.4043445622070908,-0.37095799510761707,8076.97678479741
South Africa,Mortalidad_Alta,0.061734945461602485,0.6005072373782574,-0.1387084770732757,-1.1640092584595614,0.9522882390539658,-0.7321758829963371,-0.4559189068682518,-0.43963367887290794,8646.05571071635
South Africa,Mortalidad_Alta,0.4336990037757664,-0.5369352773594191,0.6730251999851588,0.15148372834293294,1.2580190363952628,-1.0968580241109278,-0.5644098704463868,-0.5486478979659594,7973.47195771517
South Africa,Mortalidad_Alta,-0.09704637513737892,0.698444461641714,-0.1835180129557236,-1.0367116885045102,1.225041255261405,-0.7535439466586147,-0.6217572790920146,-0.5904995520180529,6374.70560042992
South Africa,Mortalidad_Alta,0.0741616948836102,-0.4785981681168653,0.5872811390087752,0.3271156358765472,1.2968615793282707,-1.2742830861829675,-0.6654913066093093,-0.6149639236122981,6184.75474328399
South Africa,Mortalidad_Alta,-0.4603463833743431,0.6907532658165016,-0.12092102283141437,-1.0300392050641025,1.2470520667398894,-1.0081532084156668,-0.6614809367569537,-0.5857106070843132,6591.85535960564
South Africa,Mortalidad_Alta,-0.4925196016066786,0.7042422607911637,-0.04253160674521962,-1.0742144912153055,1.3528409582824146,-1.0242957943853157,-0.7218932476368564,-0.5804491093799338,6077.38293388876
South Africa,Mortalidad_Alta,-0.15577383610101828,-0.47135975067490027,0.7501868465234292,0.24151977433533506,1.4821944410471857,-1.4416756342401535,-0.7490068932360453,-0.5604182019208267,5836.87663325127
South Africa,Mortalidad_Alta,-0.5577039836139979,0.7390738659171305,-0.09403574125134118,-0.9840612541449477,1.4300270688672512,-0.9749757564822701,-0.7877312616865293,-0.5292453837255501,5221.46333731721
South Africa,Mortalidad_Alta,-0.566828248648341,0.7006203354843714,-0.07258127857540839,-1.01303947753674,1.4096698545056243,-0.9266801162997207,-0.783852226739071,-0.5194297106302069,4062.21755993786
South Africa,Mortalidad_Alta,-0.5544625106552437,0.6748427060733497,-0.10572485661162427,-0.9563505590386793,1.299173636438021,-0.7497226260593497,-0.8611430913532532,-0.43857217531439063,2688.23676032806
South Africa,Mortalidad_Alta,-0.4561537871816323,0.6763479963180261,-0.13628745275353027,-0.9499213341968199,1.2313057399350533,-0.715366503352062,-0.8100569695097034,-0.3335043770729295,2847.15191945908
South Africa,Mortalidad_Alta,0.12673748613006836,-0.47994930520334295,0.6474985479345093,0.33487208560185083,1.4022344081031417,-1.0013424379781957,-0.8100383907059019,-0.2867576239694772,3217.84693448467
South Africa,Mortalidad_Alta,-0.3106322413586783,0.6631299837801097,-0.28079827488965464,-0.8265594914373102,0.9323278534810702,-0.5265876537420175,-0.7411751355461795,-0.03104732806780882,3855.6340871567
Spain,Mortalidad_Baja,2.517044458661786,-0.8417351235189462,0.42878799915177723,-0.1372427939633785,0.279782458417561,0.4076439236848102,0.0653514256858442,0.2917325757181244,30270.2687017458
Spain,Mortalidad_Baja,2.538282194739067,-0.8296872292826776,0.3871571094526085,-0.08361685162404031,0.3366031343865088,0.5234193564423744,0.017092433568457376,0.2810000853655719,30799.4775937775
Spain,Mortalidad_Baja,2.242408611851602,-0.9714703421030955,0.4803925541306914,-0.2541121219217222,0.07612391485771472,0.08062460565756288,0.3029630036528059,0.25883262463696205,27233.9426461608
Spain,Mortalidad_Baja,2.2981066844140687,-0.9661846215049585,0.43284193357098444,-0.2414821514222881,-0.056073307971737735,-0.00039255301509904384,0.4218943694088478,0.3852307387152653,29786.5245689007
Spain,Mortalidad_Baja,2.2674216533536082,-0.9586290689238753,0.4102466569340897,-0.2187191907384757,-0.04423406533084314,-0.02597273594228873,0.43382637031695165,0.3568172252489723,30602.4212881113
Spain,Mortalidad_Baja,2.354667725285116,-0.9086470870308722,0.385402531706557,-0.16373472908985887,0.08530782162169304,0.12807835815464338,0.32466538514907234,0.32667991714797645,28381.3425596906
Spain,Mortalidad_Baja,2.3979334600987436,-0.9046436974822463,0.405421043046448,-0.17063933113105437,0.14706406310040085,0.2207028138737758,0.2648478648482637,0.32240716445868994,26755.6061149398
Spain,Mortalidad_Baja,2.361991420198546,-0.9070120257713598,0.4184142914807637,-0.18198332871999645,0.14512465502263072,0.1722392429333852,0.2656514587713927,0.2903140353998003,25982.4416197775
Spain,Mortalidad_Baja,2.4566990563344464,-0.8887728115461324,0.4430369932131513,-0.19480074335404968,0.22253117920875487,0.2779688363255254,0.20326569351986282,0.3128144324206583,29707.765509467
Spain,Mortalidad_Baja,2.4411461123922664,-0.8893037850735228,0.43660285991727166,-0.19315935850172283,0.2255797489389572,0.2527444963443036,0.22357627905732055,0.30435479983757363,29228.846559842
Spain,Mortalidad_Baja,2.421873165955639,-0.8593307227863544,0.422503792950612,-0.17529776482103643,0.23456737404280156,0.1688687649220331,0.23352783417705128,0.2597828468838382,28456.4438151477
Spain,Mortalidad_Baja,2.3968731675472417,-0.8501727833070925,0.39845359854056955,-0.13487812263668925,0.1925264705691959,0.18011984716797458,0.19928176508444134,0.2690218488287808,31824.6219134777
Spain,Mortalidad_Baja,2.381375994335141,-0.7925760865643867,0.34440608995867705,-0.027258674049876266,0.2558556235966031,0.27626286172235454,0.05215952837363412,0.2026523766622109,30658.7422282912
Spain,Mortalidad_Baja,2.4241229315023727,-0.7651850883084963,0.35128706286916456,-0.020059594271141207,0.31344361076714916,0.3106918153691672,0.009158852835141458,0.1889682825431716,32279.8208476151
Spain,Mortalidad_Baja,2.3516143783961243,-0.7004028516177528,0.2143255233346912,0.1688068411147985,0.22419798067688748,0.34287319378103487,-0.09852695191655636,0.17081749023992673,35603.248328071
Spain,Mortalidad_Baja,2.306581991270158,-0.6479727002147588,0.11634136942597716,0.3141225119401536,0.1898310353898998,0.40657795240145206,-0.20706271455153788,0.15073357508889143,32652.015594702
Spain,Mortalidad_Baja,2.2863264049840692,-0.6225597541047154,0.0789927842873417,0.38133055523230636,0.15511327397052346,0.44235955684534234,-0.2798459789096484,0.15118779337146632,28421.686527407
Spain,Mortalidad_Baja,2.200941403385175,-0.6367670356048878,0.06378666041108544,0.39235558824729305,0.13985935145328535,0.3808228910417115,-0.24226800960249628,0.10827149421732618,26450.9530130382
Spain,Mortalidad_Baja,2.211907616708299,-0.6297173478523943,0.06294981763248501,0.4015207549065997,0.2169039246858841,0.4408085598990312,-0.25994058964071126,0.07764702389609426,24925.0267844576
Spain,Mortalidad_Baja,2.150060627963915,-0.6497675438907439,0.07133763956141102,0.40004096565719904,0.1979216237670912,0.43368694720633993,-0.2506259438932246,0.06599414233298642,21522.0170990262
Spain,Mortalidad_Baja,1.6917270711830128,0.5156635457982197,-0.7200341740514279,-0.8926463670151121,0.030952854932996886,0.7992620078013313,-0.239920433627835,0.07865437016892939,17111.0685058941
Spain,Mortalidad_Baja,1.5842221215131127,0.4783492230574716,-0.7124641747370065,-0.9067073185107438,-0.06634274520839019,0.7051456161370936,-0.18015106043167334,0.07898296452685007,15368.2337984435
Spain,Mortalidad_Baja,1.9018120979682327,-0.7373044959912891,0.10443745578673189,0.35299692507295427,-0.00863121527524484,0.21306034475582425,-0.12828108145249295,0.05541759733822559,14743.2671031455
Spain,Mortalidad_Baja,1.627697393868189,-0.8869331371040513,0.2572926075126423,0.15797971066858554,-0.16072775079716403,-0.07697953045143897,0.04651256961702218,0.04889638738838141,15460.9110266653
Sri Lanka,Mortalidad_Baja,0.47142830510499945,-0.05971719085387907,-0.22310593263534312,-1.270528525599775,-0.7350124654846667,0.5374299946464357,0.11632125972472303,0.030691204752403826,3342.63650253855
Sri Lanka,Mortalidad_Baja,0.36319261195991964,-0.03565597263384159,-0.25140569840445426,-1.199531145113838,-0.7515608003260752,0.5114635577738229,0.07775619720423227,-0.03567640569529513,3996.96240014909
Sri Lanka,Mortalidad_Baja,0.38629649274402833,-0.1003788708859998,-0.1920002285208527,-1.3407114414270014,-0.7945357650730637,0.34888075946707486,0.22917868323199958,0.033368771013949805,3847.60137695639
Sri Lanka,Mortalidad_Baja,0.6911553768071976,-1.2987714802065564,0.5641354035642646,-0.023064744214528525,-0.8514099280433248,-0.19489861434166414,0.18153136132512657,0.04281393685141684,4081.94772722003
Sri Lanka,Mortalidad_Baja,0.17830584218452677,-0.09134080306628456,-0.28952180108136694,-1.192391862054945,-1.0626680104215356,0.2521347077106039,0.0899279192026709,0.04833372828263898,4358.56095906047
Sri Lanka,Mortalidad_Baja,0.11353380417462983,-0.08102274180110064,-0.32365914969669873,-1.135321719729537,-1.132424119745554,0.23548546342013413,0.03272128085942374,0.044153309051097274,4398.88828068715
Sri Lanka,Mortalidad_Baja,0.7405181382547177,-1.190400191237643,0.4829658518254668,0.1596194226252579,-0.7223203138970503,0.060165409206720685,-0.09868160556728228,0.0007035040347771625,4149.19190775593
Sri Lanka,Mortalidad_Baja,0.24574139806161038,-0.034778820989211985,-0.2793924461773289,-1.1516964145850044,-0.8537226997130458,0.42339557770622316,0.009281205397508627,0.006097282784910048,4057.7158346231
Sri Lanka,Mortalidad_Baja,0.1831088041168109,-0.06685753728035233,-0.2541049011217947,-1.2008047116245888,-0.9014091291534448,0.3049717819771449,0.0762300234898972,0.009079686362772385,3971.91913148166
Sri Lanka,Mortalidad_Baja,0.15889384783500982,-0.06908050906026532,-0.2484744325208904,-1.2041356504300398,-0.9034339557767156,0.28228162549282065,0.0591254851246908,0.008228474540364728,3740.61589348326
Sri Lanka,Mortalidad_Baja,0.5599772473925803,-1.2386166809993695,0.5458263321739101,0.09499224774963476,-0.7494556421398372,-0.11707216181486528,0.042463856201769325,-0.020015690897640822,3327.77612404326
Sri Lanka,Mortalidad_Media,-0.022194500641012898,-0.0605582498070525,-0.2581191442329073,-1.1210642715508548,-0.9372906561351672,0.28814199660874135,0.12124717033289067,-0.04060497097713139,3224.95736331928
Sri Lanka,Mortalidad_Media,-0.014358015346142684,-0.04660255466456037,-0.2691885132410762,-1.1073052273608255,-0.9227522249802135,0.2869697979237437,0.05115672740342609,-0.05136971240202524,2808.36779237408
Sri Lanka,Mortalidad_Media,0.1843670764115531,-1.1960945817410968,0.7276838734493244,0.083910029302847,-0.26205912193791875,-0.1268521835332325,0.28821771366955573,-0.330474169209849,2026.65939950702
Sri Lanka,Mortalidad_Media,-0.1610924817671725,-0.06636751819670947,-0.10370279216529242,-1.2007712016176226,-0.6127470036028133,0.3417566739509183,0.42441301140570936,-0.24008215966564872,1973.58476901287
Sri Lanka,Mortalidad_Media,-0.030560338189977304,-0.07133407552493322,-0.09280145932177342,-1.2816333824313577,-0.5613177688410523,0.27935236353034615,0.3631785352821764,-0.18091691164728024,1578.63451125392
Sri Lanka,Mortalidad_Media,0.45594067481965567,-1.2129927082410823,0.6915134237165697,0.037672479415679555,-0.33345419167289325,-0.01608241609093359,0.2500073239907105,-0.19961528528214464,1389.50625583936
Sri Lanka,Mortalidad_Media,-0.02577584171518119,-0.04719551889160198,-0.10374332182447416,-1.24202489501972,-0.5212062722889199,0.343624286212937,0.31443761647408985,-0.15486855852880943,1207.21994764165
Sri Lanka,Mortalidad_Media,-0.299005567847724,0.04889299732887306,-0.023969826487004495,-1.1962589988207517,-0.10737018984647087,0.24058153183849215,0.16331229966290423,-0.40084634972854527,1028.62068132555
Sri Lanka,Mortalidad_Media,0.1702465163541262,0.0964607076540108,-0.11604884961313087,-1.0998499162031143,-0.09498560726312591,0.8153753631813974,0.08173910290508124,-0.2472674389912372,946.382255128072
Sri Lanka,Mortalidad_Media,0.5447209298942719,-1.0677586776591375,0.6816771453776417,0.2376812256365709,0.06468574288666132,0.5125671728095906,0.09505292867870589,-0.27955269561902746,834.936014905338
Sri Lanka,Mortalidad_Media,-0.29053255119186094,0.16889599753861068,-0.1871553559865767,-0.7023907528457185,-0.23922977729823725,1.1996750300924697,0.25103593525198337,-0.34963987854597,803.544026627385
Sri Lanka,Mortalidad_Media,-0.32859889494090055,0.18205714759796754,-0.19534602056616832,-0.6822453053813571,-0.22599420869367243,1.1722137677986046,0.212689839887819,-0.3848316641840289,846.460813304966
Sri Lanka,Mortalidad_Media,-0.5631600098346478,-1.105379346396174,0.6552176299113197,0.651815979515742,-0.4803944669945807,0.40501355299332675,0.5991953428573592,-0.3879309195984656,741.838255293455
Sudan,Mortalidad_Alta,-2.5696500168849097,0.44027195980383343,-1.2929271017913764,0.942601161109461,-2.6557090152910625,-0.18819770018504578,-2.0476633663618293,0.37884157063539464,1046.24084472656
Sudan,Mortalidad_Alta,-2.4942910588106346,0.48449562807773977,-1.1996514933865736,0.8825246754466152,-2.2917066631679566,-0.07249221469667724,-1.9915255957492553,0.27760085621842534,712.122009277344
Sudan,Mortalidad_Alta,-2.0634404059658795,0.340691622751689,-0.406300918469717,0.048527732089415736,-0.7804984300528758,0.3673852770120813,-0.24531743321003954,0.07851741533178679,577.795227050781
Sudan,Mortalidad_Alta,-1.9873548908621912,0.33525127623027917,-0.3769939039114782,-0.008278162285975894,-0.7058988560282682,0.37174623593100553,-0.1986600945065646,0.15486755037367533,709.975280761719
Sudan,Mortalidad_Alta,-1.7458487561003189,0.1874940032241895,0.01277526777890937,-0.6145122257329374,-0.11466052110541645,0.10379856042700052,0.516020532450915,0.11695530531231421,731.027465820313
Sudan,Mortalidad_Alta,-1.7910850627685242,0.17586215536941324,0.019818229166632905,-0.6448499618155077,-0.13380426870638543,-0.017589725789537037,0.5040070231248289,0.13929751289507966,966.505676269531
Sudan,Mortalidad_Alta,-2.0760372505573756,0.13864175758320335,0.030261425571290756,-0.5994645765741435,-0.307250197949064,-0.15541550566909146,0.6897003834651333,0.1454070148422102,1033.21594238281
Sudan,Mortalidad_Alta,-2.467744740898095,0.19268176633551748,0.07093784293347889,-0.32744663808311725,-0.2535218909575686,0.2575854769892993,1.1203187510228514,0.04818780803528821,1292.37963867188
Sudan,Mortalidad_Alta,-2.199885831255479,-0.9507267094989832,0.8178760347601703,1.105483848027113,-0.19472355106849684,-0.06354473022333747,1.0716831083503318,0.030694560203791917,1275.43835449219
Sudan,Mortalidad_Alta,-2.4802820303594513,0.27663912786089523,-0.021556197169155588,-0.186313654377621,-0.22315225634618957,0.29467124043368387,0.7631768636929956,0.05862686530843053,1138.62780761719
Sudan,Mortalidad_Alta,-2.3573490387562956,0.4240458697882896,-0.004756975593372226,0.018401864261679883,0.2123582137841228,0.9503368168519913,0.67912216941123,-0.02261106725038724,1019.22210693359
Sudan,Mortalidad_Alta,-2.4839271518860473,0.4605186734334182,-0.26199787422374143,0.23256227256884365,-0.28172904981160274,0.651288951608615,0.09718402661571814,0.10090573816544432,1332.6572265625
Sudan,Mortalidad_Alta,-2.949072567533538,0.5153292719237471,-0.39497049488379815,0.6273869200624801,-0.6333437488495147,0.8444983086696985,0.10379973641278731,0.09684484834170164,1305.63598632813
Sudan,Mortalidad_Alta,-2.7222598376160057,-0.5943558467421222,0.3051739056235454,2.1653289351621927,-0.6124911585508676,0.6183644871158004,-0.0007897919207221795,0.08006608289004388,1178.22180175781
Sudan,Mortalidad_Alta,-3.739672541153891,0.6897664747086393,-0.7331209367059116,1.4341682068825348,-1.2400102855824375,1.15651386912341,-0.26471865595557464,0.033105970523714355,1527.58239746094
Sudan,Mortalidad_Alta,-3.795444063244846,0.7761855181007088,-0.86729290512413,1.6740041126371505,-1.3403962974087174,1.3270828597619664,-0.5658583243620917,0.08860007224645396,1444.37219238281
Sudan,Mortalidad_Alta,-3.503689051917984,0.6725012185334239,-0.6509729156679136,1.1656084289559347,-0.9620053153544508,0.8613888087843622,-0.40431346934130746,0.08483619535992454,1132.474609375
Sudan,Mortalidad_Alta,-3.821681619571146,0.784229273380363,-0.6422460174237339,1.3461107888693762,-0.7211053002601845,0.8878813178250913,-0.5787257867843678,0.012576360182427361,905.543640136719
Sudan,Mortalidad_Alta,-3.79392841929254,0.8078750734128247,-0.5915820686183788,1.3207329037044557,-0.5303199520517153,0.9564949424093344,-0.5437475652927071,-0.008213189408709114,705.113342285156
Sudan,Mortalidad_Alta,-3.906024121663519,0.7289351478299423,-0.5297976269595279,1.3007087135650381,-0.6891950425081373,1.0478775148384978,-0.05902533586354892,-0.01964740039567127,580.320251464844
Sudan,Mortalidad_Alta,-3.964161608002816,0.7007093427091761,-0.5526480094927142,1.296053764987929,-0.8389127048462051,0.9213498550756515,-0.02832133525615014,0.12835510117178076,506.262634277344
Sudan,Mortalidad_Alta,-3.812436896276494,0.6300263474066348,-0.4123859333337072,0.9949607261297523,-0.6303526753396526,0.664632895080111,0.10906772469698833,0.19465707934523402,451.293304443359
Sudan,Mortalidad_Alta,-3.4848777104049997,0.6745543072317282,-0.1245299834017431,0.7453598914781152,0.24025377684984608,1.0737506714195975,0.5306538358865349,0.08535043294283451,362.116882324219
Sudan,Mortalidad_Alta,-3.141635239516529,0.5998574544578594,0.22842235723610255,0.10842378174732759,1.0390021057159895,0.6108132845206575,0.7663266421170548,0.1913095244594458,462.585235595703
Suriname,Mortalidad_Media,0.4154803283309561,-0.9123803902997153,0.1801591349622108,0.635165767158689,-0.6465205919897278,-0.18558481871610868,-0.2709378543341616,0.017500002272092426,6084.43876736445
Suriname,Mortalidad_Media,-0.24738744268747276,0.2887175026474791,-0.5046437877760528,-0.6800209508752076,-0.47907926097360837,0.13345842090566565,-0.17558322391662562,-0.30774361642390496,5029.84838543953
Suriname,Mortalidad_Media,-0.019476698412127024,0.2289250174779059,-0.49380346526191105,-0.8093427162291043,-0.5892571517169377,0.10665579598685122,-0.08388873725753433,-0.03020006781986853,4755.39221710693
Suriname,Mortalidad_Media,0.020087894053170314,0.2010877458478732,-0.3975900653676736,-0.9560257594292801,-0.41657989622470326,0.011706640134366047,0.0917744188103464,-0.07003231888161608,6629.66775248603
Suriname,Mortalidad_Media,-0.1446561212656593,0.2567198467212893,-0.47820094358360526,-0.7128074779060873,-0.5099462389209258,0.2820165888144249,-0.12093166152158423,-0.09435403085168834,6665.74180472239
Suriname,Mortalidad_Media,-0.41494151748054114,0.22969336317566638,-0.5329579086631103,-0.6173619873990144,-0.784718930440126,0.11810859464713812,-0.013312193727557375,-0.07590151363702305,6049.52128553675
Suriname,Mortalidad_Media,-0.059714358495381085,0.2084337140385148,-0.32905707659003497,-0.9700132570716689,-0.24307279232082676,0.0685837591261302,0.2441684289790492,-0.12338425633114507,5644.2061057532
Suriname,Mortalidad_Media,-0.1703637895278237,0.21601727136806678,-0.3672123277994845,-0.8810713248689911,-0.354536511976421,0.09307906717779436,0.09148234896234547,-0.12804618853779062,8813.61705392067
Suriname,Mortalidad_Media,-0.25294138475829864,0.24053495210113957,-0.45858448414210073,-0.7917934244908823,-0.5115271980306919,-0.04631110449943709,0.0218867077549912,-0.10813704620036127,9108.18905406764
Suriname,Mortalidad_Media,-0.34196304257371396,0.22256630360442847,-0.4791491478516765,-0.7756273568330211,-0.6438229173085428,-0.14725344034491933,-0.04897379693585845,-0.08726571383784294,9043.19281529222
Suriname,Mortalidad_Media,-0.3613656768113909,0.2713539880370934,-0.5226158845047876,-0.6277951404005291,-0.640260845824783,0.11622474039657668,-0.3524840732000465,-0.09195105355588215,8851.24050668908
Suriname,Mortalidad_Media,-0.3796907372827578,0.3167198927175367,-0.583232825465003,-0.5466801143003626,-0.640058900220009,0.09997384464063087,-0.33117755903116736,-0.09794503450454883,7949.88867218383
Suriname,Mortalidad_Media,-0.43588260956857705,0.25855099281822536,-0.48175398094589744,-0.6412725763534041,-0.5989219448170785,0.12453441524253706,-0.268223862140428,-0.10682373085228947,7943.60482816915
Suriname,Mortalidad_Media,-0.5267790533706358,0.23568923765930966,-0.45300249792313274,-0.6413357846035969,-0.632388183427009,0.13470024024257307,-0.28237681795064234,-0.1128715342379655,7129.5768626291
Suriname,Mortalidad_Media,-0.7214841448525622,0.23178977940849516,-0.536074769391057,-0.5331937311639998,-0.8935191062491381,-0.0131187298668989,-0.3907467699289358,-0.09419126778088935,6576.08546307249
Suriname,Mortalidad_Media,-0.7536736426404391,0.2456477122978372,-0.5008235308347974,-0.5214169133776644,-0.7800686148224504,0.0767305114264796,-0.3609504249264051,-0.14535444488206264,5530.17615638309
Suriname,Mortalidad_Media,-0.5657743926833587,0.34858408177351746,-0.516422577217781,-0.45826168385201627,-0.4680820665649356,0.32484655431255643,-0.5679685427616088,-0.216597327402548,5002.65798695759
Suriname,Mortalidad_Media,-1.119875130381986,0.12308080629093958,-0.5656401398440553,-0.6243566007144931,-1.4071306751061254,-0.7919455691732649,-0.40346503206687123,-0.06650837994250554,3453.42865937765
Suriname,Mortalidad_Alta,-1.1842525258449415,0.11119213707315394,-0.5298806879706277,-0.6380301007681177,-1.3720705181635302,-0.7841782257617679,-0.42136546317591755,-0.09903743566460638,2887.7721728844
Suriname,Mortalidad_Alta,-1.2288109249443069,0.0942563317298649,-0.4618282796477854,-0.6888335656887301,-1.2509915920378267,-0.7600620024198641,-0.31697460039042213,-0.14304093521965203,2516.10404020956
Suriname,Mortalidad_Alta,-1.2523600317708965,0.09075305350323762,-0.4269479533892419,-0.7192418698458127,-1.182062476049824,-0.7767011011468019,-0.2968830659949094,-0.16611150341646155,2202.340682196
Suriname,Mortalidad_Alta,-1.37584476589613,0.1650323353824966,-0.5115088446160196,-0.5401187311567786,-1.1633424964739247,-0.7142942071555644,-0.17812634854711693,-0.21085745762616376,1714.64846637242
Suriname,Mortalidad_Alta,-1.320198496034912,0.13359553532235638,-0.3968975491167834,-0.6955666133136799,-0.9645798709852768,-0.7546171057347688,-0.039824096937609556,-0.23545283062650854,1988.22172925433
Suriname,Mortalidad_Alta,-1.7002803467555012,0.40247320339951326,-0.603458309756671,0.08682932012698473,-0.8890807635294322,0.30902543389588677,-0.8910051380202061,-0.3111424186690479,1609.82504373206
Sweden,Mortalidad_Baja,3.17572040706523,-0.17630160046152965,0.028307867479512274,0.5603123539200348,0.7506309793729421,0.910798320612594,-0.4795681027487943,0.17650964874573766,55296.9371472535
Sweden,Mortalidad_Baja,3.1635872820837303,-0.1926986598827403,0.0026637946493610694,0.5330878547235549,0.741370129364801,0.7846013962400792,-0.3532368714370135,0.1823003947855137,61174.9680215622
Sweden,Mortalidad_Baja,3.110826244396183,-0.25543906701459757,0.07557581195038776,0.4346909693688093,0.7878140758970228,0.7570169961584173,-0.3377629516832983,0.1347022636595456,52653.7565934247
Sweden,Mortalidad_Baja,3.11294406876884,-0.23646505202113413,-0.043149197190682546,0.5065094517059683,0.6936462685119881,0.6378280389231307,-0.20741363398452098,0.19653415020326792,51773.0464558993
Sweden,Mortalidad_Baja,3.1902330615252543,-0.1625672839824648,-0.08630729474445045,0.5797592698905983,0.8282509675072335,0.728666658891709,-0.2992523182303107,0.13838434613651626,54181.9069780904
Sweden,Mortalidad_Baja,3.07785921558241,-0.2178623201315364,-0.06909128067531184,0.5327738173099927,0.7147315583221583,0.5811333217849142,-0.2016459428651077,0.14788653986236233,53300.8587281785
Sweden,Mortalidad_Baja,3.0696865224878516,-0.2242560921405253,-0.041122201224597775,0.509076017191666,0.714716239145844,0.5693615781661434,-0.19809784738770878,0.14229449053795387,51820.3972482676
Sweden,Mortalidad_Baja,3.0657554734964516,-0.24940378877998393,-0.0003718596909914157,0.4826130397723525,0.7463399205521971,0.661187357491678,-0.274338862962584,0.13275323204984182,51197.9529341175
Sweden,Mortalidad_Baja,3.19750763061955,-0.15993166042206017,-0.05555193965409674,0.5413885942544732,0.8733725852656985,0.6805412803388423,-0.25939935157554306,0.12009192782091983,59583.7140001673
Sweden,Mortalidad_Baja,3.2010641184073068,-0.12021380390669235,-0.0982294696430402,0.5980368233767424,0.8868532095532813,0.6711656724338005,-0.279209187356466,0.09509667496841205,60844.2767113975
Sweden,Mortalidad_Baja,3.1461032538267175,-0.1079343650146148,-0.15137021873079495,0.6593141631863494,0.8311159070800032,0.6384034673410274,-0.2951116625098508,0.08152247026847706,57749.8251328664
Sweden,Mortalidad_Baja,3.1069594556841325,-0.12888406522328083,-0.19945074876501456,0.6962406044165197,0.7965577446033937,0.6673648696481418,-0.3202151277182458,0.09292074109489314,60379.7748160321
Sweden,Mortalidad_Baja,3.1141694730965677,-0.0858100848681359,-0.23452751986951906,0.7505975396548998,0.8179226204061957,0.6646300191280125,-0.3499669681426848,0.06353433130263983,52542.8274141037
Sweden,Mortalidad_Baja,3.121986823622655,-0.1306289380656806,-0.044442903691885194,0.5911828309261261,0.8567222282340313,0.6925357623309063,-0.3663761859440461,0.0636663424024625,46707.8673215418
Sweden,Mortalidad_Baja,3.0838170920730956,-0.08352377405006924,-0.19841142558647326,0.7305288942559235,0.8078831974742694,0.6238569060567385,-0.34924170401495047,0.045077257402060644,55817.4392710726
Sweden,Mortalidad_Baja,3.040464175736435,-0.0906763995949182,-0.2624330812416251,0.7825534867738224,0.7925853887646082,0.6308359484507589,-0.36911240872827245,0.03300678399741918,53568.5645523213
Sweden,Mortalidad_Baja,3.065223562836605,-0.05284241465213184,-0.23330649600729725,0.778642300175116,0.8092869523882497,0.5969538597179364,-0.36248999860841336,0.024156909212803702,46531.6001120572
Sweden,Mortalidad_Baja,3.101879974487612,-0.0037761823023862787,-0.2454441306275608,0.8080513490933798,0.8561136538249715,0.5833543499334315,-0.3635353962011406,0.008744669476802658,43378.6152117149
Sweden,Mortalidad_Baja,3.0692699874994007,-0.04823388814249333,-0.35279700955584903,0.8465409292313171,0.884005581278122,0.5984395015512977,-0.32835923625126345,0.0014884535237581686,42758.2015503417
Sweden,Mortalidad_Baja,2.9622758498000894,-0.0960610587751784,-0.31822542035485135,0.8108649437957077,0.8101101763902948,0.5357101809521029,-0.31811760955665663,-0.01201387342459958,37292.4214343004
Sweden,Mortalidad_Baja,3.0145130177771113,-0.03886388114608919,-0.3731983027436482,0.8921169037892758,0.8932461708177735,0.6264598117219304,-0.4038243737922558,-0.04114469132959261,29957.9387652616
Sweden,Mortalidad_Baja,2.992426930925041,-0.057531557244173435,-0.357034203199898,0.8790748344037033,0.8838039839619983,0.6456525882581031,-0.4231318479628645,-0.04300163763724638,27259.4806735435
Sweden,Mortalidad_Baja,2.9581453453621553,-0.08885735620003873,-0.3064436723192452,0.8493872800469608,0.8823241209456901,0.7143033556876454,-0.49755865014344014,-0.048680165916233795,29632.7736101599
Sweden,Mortalidad_Baja,2.7307949140880545,-0.1007845134794552,-0.45296036348691077,0.9909355230567127,0.7464172885322984,0.5849417947063978,-0.4359685064382016,-0.09031540582796221,30254.2972932631
Switzerland,Mortalidad_Baja,2.8183513233574518,0.8958311489251807,0.010692175895152744,-1.3591311999374245,0.7249073634763985,1.2428657501223996,-0.30312494388781314,0.28296051649865467,94394.5106803525
Switzerland,Mortalidad_Baja,3.1555633456598473,-0.3176811535174625,0.7667054870408622,-0.050153011953877634,0.7386192322701062,0.7877834523618198,-0.27311002749499197,0.29488237925408783,93664.7736696111
Switzerland,Mortalidad_Baja,3.178942992236107,-0.3380539572898704,0.7261492435274424,-0.06470009154504386,0.8786126394047732,0.8103542045124569,-0.2912531616520735,0.22964391828634856,85897.7843338323
Switzerland,Mortalidad_Baja,3.2161975081120615,-0.3041288273507505,0.7381515080331005,-0.057527285500983995,0.7955857976970135,0.7529119282011641,-0.20502478276370428,0.29930602456438743,84121.9310304414
Switzerland,Mortalidad_Baja,3.117734178412259,-0.35017004446112243,0.7719089096262034,-0.11176635119815947,0.6934315665318443,0.6088945999650764,-0.10936537319173666,0.30750497374309504,85217.3691512274
Switzerland,Mortalidad_Baja,3.0679418184339164,-0.3594049707422823,0.7898458675325869,-0.12873245788657095,0.6441452825847068,0.5314055848682858,-0.06674654900933184,0.30044482887729757,82254.3770471336
Switzerland,Mortalidad_Baja,3.170652989375888,-0.3302436171537648,0.7583086698583177,-0.09472129929676561,0.7855907847125643,0.6870999832287678,-0.16490559674314897,0.28814360816753976,82153.0745447889
Switzerland,Mortalidad_Baja,3.1305766490299236,-0.29315856412021507,0.7637184362575781,-0.06857463971363613,0.779039700875085,0.6204775695756649,-0.1631175161656767,0.23872811965935878,83806.4476003837
Switzerland,Mortalidad_Baja,3.1837747286335882,-0.31141017183791253,0.667606475226173,-0.02722714160341061,0.8517587513713104,0.7158216144998876,-0.20739237233141292,0.25311307263796456,88724.9910735609
Switzerland,Mortalidad_Baja,3.185818959269573,-0.24460548381475677,0.6465122477540582,0.0320614879584378,0.8518575612296309,0.6666357471246218,-0.20387179891207746,0.2215100470599213,87304.3305813557
Switzerland,Mortalidad_Baja,3.161817693000445,-0.24535311976430585,0.6915127637158527,0.008906072403430077,0.8250915543102574,0.6437645888547641,-0.19748035787425436,0.21841140820506233,85836.2076767359
Switzerland,Mortalidad_Baja,3.182055623877589,-0.24665545211789477,0.6296266831667567,0.05891974043548842,0.8727853521946559,0.7405076122585423,-0.2792393886955798,0.21374746748274936,90476.7589651577
Switzerland,Mortalidad_Baja,3.1874586383037955,-0.21464656009902308,0.6255672578110052,0.07277318132749779,0.907299820496276,0.7003795833153486,-0.26529349551800224,0.177893591240942,76531.3728182297
Switzerland,Mortalidad_Baja,3.1797961914607455,-0.23089359081006808,0.5633675623343452,0.09023031527762983,0.9381482739268129,0.6822451347846266,-0.25187219303514286,0.16387279915963035,71568.3123885672
Switzerland,Mortalidad_Baja,3.1403169816832697,-0.24642227890524332,0.478965637846487,0.15970827197700244,0.9100366492777635,0.7341711431658046,-0.3219720162614958,0.16133478296769477,74175.1927898555
Switzerland,Mortalidad_Baja,3.117026333893199,-0.24983398815832908,0.4999056568005672,0.1516342292002776,0.9120286186873129,0.736396369292926,-0.34323795543494634,0.14715197955069023,64989.1553256031
Switzerland,Mortalidad_Baja,3.1281818420245355,-0.2085289494245239,0.47409841330144475,0.18811259458296486,0.930811013850385,0.6974203885917596,-0.32745370818896574,0.12831277036877703,59011.0324592016
Switzerland,Mortalidad_Baja,2.5947251615199303,0.892681254287917,-0.31962809180630203,-1.1504855272546313,0.7198051186704243,0.9866214083896031,-0.2700384982548633,0.13985274475153786,56242.8933645639
Switzerland,Mortalidad_Baja,2.9744100762248054,-0.34250463749963933,0.43853985520873295,0.11090102852476771,0.8523144828969015,0.5458254162449934,-0.21655255151442013,0.12342971127703739,54659.4571488233
Switzerland,Mortalidad_Baja,2.485202829954553,0.8672866433688128,-0.32704144698791127,-1.160812135659361,0.660263509367918,0.850251211157276,-0.2141665013570725,0.10642823086063377,49335.7456291067
Switzerland,Mortalidad_Baja,2.9329411729059567,-0.31926145888118684,0.4123699099722896,0.16289250571224084,0.8671750304997318,0.5578807762545104,-0.2853793829357399,0.07389546474770918,42458.7384679187
Switzerland,Mortalidad_Baja,2.536120470410609,0.9023972359115909,-0.41509737166333904,-1.0738678417994372,0.7746443454104237,0.9743600415349287,-0.325907460342202,0.06711120383137904,39638.7911061864
Switzerland,Mortalidad_Baja,2.936531782019296,-0.33242556786849703,0.3939980431060899,0.16437637196189528,0.9853480186836413,0.630634709860004,-0.35663178517937805,0.017895492501926395,38865.021939688
Switzerland,Mortalidad_Baja,2.2375730216899274,0.7630128234058486,-0.5153098563771772,-1.044321960100662,0.7002999572331519,0.9109893418437878,-0.3936113202490188,-0.02656120681548746,50113.8321221345
Tajikistan,Mortalidad_Media,-1.7490566117627226,0.13134555252909344,-0.5295538654047885,0.02529458798275197,-1.6350513570634782,0.6705665762566427,0.23644987468143425,0.030064255926094848,1052.17949484894
Tajikistan,Mortalidad_Media,-1.5418758789347673,0.30044491360252384,-0.5804222141011338,0.18558620185712799,-1.209038378137433,1.0643429903813557,-0.20834333949818412,-0.1576568984801588,896.748053372182
Tajikistan,Mortalidad_Media,-1.5933683728604768,0.2682394854150539,-0.5148340852257679,0.08747275370078354,-1.148108395550324,0.9266813875490045,-0.08781482260938447,-0.2287504840699247,834.311715460625
Tajikistan,Mortalidad_Media,-1.2823277091986856,0.2596741998202902,-0.5118426985474626,-0.014872934762209324,-1.0753919417563966,1.0116768457165146,-0.1409862164771585,-0.0500380753771087,871.022372934846
Tajikistan,Mortalidad_Media,-1.2353662995180263,0.2735327203661582,-0.5280524346856368,-0.013980380690207198,-1.0527940166973193,1.007580441285308,-0.26113753880531354,-0.0540541343499043,834.288404578801
Tajikistan,Mortalidad_Media,-1.3007176226662156,0.21129284656533034,-0.448056135987722,-0.14053075865857526,-1.0555265762283839,0.8446258680874916,-0.0541306230025113,-0.057162575107922935,829.45714764957
Tajikistan,Mortalidad_Media,-1.579541066489673,0.15433022698848317,-0.45663618435117975,-0.11860481354525787,-1.3173714168973065,0.6131489851684975,0.08001093751643355,-0.05749153649372023,788.710481734485
Tajikistan,Mortalidad_Media,-1.1370826508507688,-1.0371771714452787,0.4108362357117787,1.0881072763126907,-1.045385076790132,0.22000372447883904,0.19290694391111707,-0.09376911441548592,956.916310930656
Tajikistan,Mortalidad_Media,-1.6625267954593,0.10533899652587725,-0.30899365102992216,-0.25322699758579315,-1.147474908897115,0.5825332757642824,0.45300511392736587,-0.08223619587755493,1081.54402932039
Tajikistan,Mortalidad_Media,-1.4366057647952974,0.1047615143487672,-0.25595282890246523,-0.4145595460567432,-0.9321921206164279,0.5106431832901502,0.3475792063881574,-0.05596867828122728,1028.19704279396
Tajikistan,Mortalidad_Media,-1.5978962692948797,0.10975443899382542,-0.24256314477473034,-0.3512430264911541,-0.9479782475583913,0.5387665417240315,0.46470352595987197,-0.08309543882686554,952.452819695469
Tajikistan,Mortalidad_Media,-1.7100059241975583,0.12125021243932078,-0.25348017421541824,-0.2929075320703708,-0.9790833549889916,0.5316236574753149,0.4514835877098722,-0.08294995403002213,833.601978202852
Tajikistan,Mortalidad_Media,-1.5080544375327913,0.09479118278278795,-0.21315957461781057,-0.5036479995902,-0.8551067818355981,0.2660886869926882,0.29315440455024994,-0.021075161323439152,737.338883219356
Tajikistan,Mortalidad_Media,-0.9735009391151952,-1.0806444424569923,0.6329609995127121,0.685157169185129,-0.549804545510203,-0.15781503700111205,0.26471578076775587,-0.0003322814770097338,664.795655734657
Tajikistan,Mortalidad_Media,-1.5917924547250653,0.15249741330335206,-0.23973686579990336,-0.40414618016386455,-0.7806719144096789,0.30609919254316137,0.20386247470247865,0.030998160831794155,703.327375898643
Tajikistan,Mortalidad_Media,-1.2372879339364378,-1.0002305428803442,0.5396249502673618,0.9282434035309516,-0.6266907222406217,-0.1201442968834587,0.12058630415080819,0.048633686884037776,516.997210618914
Tajikistan,Mortalidad_Media,-1.904139014959626,0.2044524232323996,-0.2782606874182532,-0.21632636758702314,-0.830634644433749,0.3082927752378906,0.16730813009699955,0.08710259986681423,401.018403316427
Tajikistan,Mortalidad_Alta,-2.0095763007025,0.20933940271499205,-0.2664122867078993,-0.21143005612917987,-0.8155594719966505,0.2091504320594524,0.15340244188634308,0.1448637000420987,333.927150941684
Tajikistan,Mortalidad_Alta,-1.7213743023380215,-1.0072667957377162,0.5140199106516972,1.0432280751415188,-0.8486844055921331,-0.4626665726266122,0.11485859493473777,0.27764128766707946,305.745158587502
Tajikistan,Mortalidad_Alta,-2.2275639491038626,-0.9016604808533677,0.3950349438306444,1.4970485188186262,-1.0379780167600359,-0.16711554771011253,0.0882214156053601,0.28463515733655004,233.58124845289
Tajikistan,Mortalidad_Alta,-2.6914164854140865,0.2886628899938202,-0.37702990859758695,0.14961676845404304,-1.0692195129252253,0.0219072364954448,-0.024989847354586973,0.36522016463435986,186.951638285222
Tajikistan,Mortalidad_Alta,-2.9164773457837714,0.34324405518681966,-0.3946689947792825,0.299450709244685,-1.0390961082693164,0.07245944180324701,-0.04957568537264476,0.4177032080092873,168.676285365186
Tajikistan,Mortalidad_Alta,-3.060327852030368,0.37796039496235745,-0.3560715929924145,0.3416631632902292,-0.9014115135599153,0.07641928054524703,-8.774912790712864e-05,0.475018123796646,136.925716400723
Tajikistan,Mortalidad_Alta,-3.954238608896838,0.7862160069442645,-0.4825141582536864,1.308537280067161,-0.4571432186135485,1.015012602562458,-0.19284685644448904,0.6931724740357106,207.034457343036
Tanzania,Mortalidad_Media,-1.9171588305444829,0.4193116979920597,-0.5982471160355378,0.4176230017094147,-1.0310215832775287,1.0877090697237592,-0.35064457838356705,-0.16695932862231702,1207.85302734375
Tanzania,Mortalidad_Alta,-1.9731275766376075,0.3975025003414548,-0.5277817076945092,0.33396081736177646,-0.9369853355123948,0.9866529730268735,-0.22704400469898256,-0.19523977986481322,1159.85656738281
Tanzania,Mortalidad_Alta,-1.9599019437480913,0.3672011861173661,-0.47651338520855363,0.2560012113645524,-0.9029070023625225,0.9442486307811366,-0.0836739728961135,-0.12454609411743744,1117.41528320313
Tanzania,Mortalidad_Alta,-1.9689565104859226,0.36956909551235245,-0.3910265232396141,0.1850582542647975,-0.6985007473281509,0.9544061479264396,0.05481889402991115,-0.17653190064913407,1063.32250976563
Tanzania,Mortalidad_Alta,-1.6255417992005945,-0.8037258069095486,0.4450808124242908,1.4777070694533492,-0.48622234619443094,0.5891231196936819,0.13501188723994656,-0.20987617571621456,1023.10626220703
Tanzania,Mortalidad_Alta,-2.181546579890731,0.35861622646349023,-0.31291772416048785,0.17098561495261608,-0.6176904153953197,0.8787654153591734,0.25528132331290254,-0.19260730524697958,986.674011230469
Tanzania,Mortalidad_Alta,-2.1086098470753525,0.3719216611784838,-0.2814675655876992,0.0985423081059834,-0.46536472061761924,0.810543621988,0.17996636075799013,-0.17979834017009502,953.0107421875
Tanzania,Mortalidad_Alta,-2.064216550457656,0.3909045399718186,-0.25850887280298174,0.06248113740319741,-0.33379048901316016,0.7896249579083666,0.11911816637185475,-0.1730317892191566,939.127319335938
Tanzania,Mortalidad_Alta,-2.1225506745408764,0.3556896942338303,-0.22372109848339938,-0.023358843128765395,-0.3514910026927507,0.5909304855974434,0.15595204515571803,-0.15982989378275242,1022.74841308594
Tanzania,Mortalidad_Alta,-2.2180740664822243,0.3938553141767164,-0.2389151526663757,0.06684571983461005,-0.3152435198419674,0.6551256723063836,0.12986260425240587,-0.1788208481098673,963.05712890625
Tanzania,Mortalidad_Alta,-2.2964887269674716,0.375517943047766,-0.21449192600120245,0.02984806478435076,-0.32490526988489843,0.5322608794188883,0.16549457552763175,-0.16971952603820392,861.969909667969
Tanzania,Mortalidad_Alta,-1.838645563102664,-0.8024152453637234,0.6049593504371998,1.2464955948230876,-0.10135242214489185,0.02546877560543759,0.08498200571357728,-0.17208508869801098,775.392761230469
Tanzania,Mortalidad_Alta,-2.233417336278909,0.4021638503774595,-0.1384678240379787,-0.07273964820383186,-0.03155270490323818,0.4653857255253894,0.10764026680299539,-0.1679002544992303,736.530151367188
Tanzania,Mortalidad_Alta,-2.238227045327375,0.4254150258425329,-0.09490373273096527,-0.09226165555133561,0.1362560121802293,0.48938048901100284,0.11574156277454792,-0.17759945209216035,693.823547363281
Tanzania,Mortalidad_Alta,-2.3422736213463944,0.4233394246041824,-0.10550544788534008,-0.09215771247216464,0.08933997651228397,0.3208533273992906,0.03798907303214781,-0.12197404882660129,675.977233886719
Tanzania,Mortalidad_Alta,-1.8481418359272916,-0.7516133477063521,0.741604628074089,1.0898585321353358,0.3967365463840891,-0.17495570524188678,-0.02209239055932837,-0.1080071704633474,543.198303222656
Tanzania,Mortalidad_Alta,-2.4183061885554147,0.44081816398115015,-0.03644817060217563,-0.1741362640478858,0.3020580529780363,0.12663998762392392,0.0005757198124946448,-0.05950122796918186,475.746734619141
Tanzania,Mortalidad_Alta,-2.6151061740050507,0.448515355258288,-0.014241194339964762,-0.13447575583283025,0.3145217009710185,0.049408997466580215,0.05690137475552194,-0.035670306553765484,483.334869384766
Tanzania,Mortalidad_Alta,-2.724874098489052,0.4971781996467811,0.01263974036340078,-0.07525217417915092,0.47539862958170165,0.10034571377789973,0.03665677217977198,-0.009274969309009846,450.385284423828
Tanzania,Mortalidad_Alta,-2.8674876044464765,0.4754080441698684,0.06514578072996251,-0.1499727742304159,0.5122778585003849,-0.1455569141141976,0.07587771471086865,0.06053064970549283,422.18359375
Tanzania,Mortalidad_Alta,-2.895324454406668,0.5207882933162745,0.12620020188047867,-0.17016061988676368,0.7802811411750332,-0.139659919513115,0.04572179676540114,0.09386361666752048,402.649047851563
Tanzania,Mortalidad_Alta,-3.0973260536335374,0.49266379708856783,0.21084319411625907,-0.24326634651205636,0.8450063302706546,-0.35359810413153187,0.20744649113899072,0.17176884466427128,396.638732910156
Tanzania,Mortalidad_Alta,-2.784909332904101,-0.6445040875631498,1.0384208581378476,1.0780261294024671,1.1378059570349244,-0.7533312186724681,0.1686005997164861,0.21440422461877834,401.698150634766
Tanzania,Mortalidad_Alta,-4.322121769651162,0.9563746677775707,-0.319335545802767,1.1563704579383245,0.44524951341610824,0.27587630441124344,-0.8969359092697433,0.47127385132374,258.418334960938
Thailand,Mortalidad_Baja,0.8620658509960085,-1.0168363466470227,0.33543464262217093,0.28478784680557134,-0.4330609650607804,-0.10936748333438828,0.21311345202431384,-0.07584070300752503,6909.35281815827
Thailand,Mortalidad_Baja,1.0859525382007722,-0.9868876422554886,0.3076237680888828,0.3162189206840456,-0.3727411578315258,0.14754950638002745,0.1518272321374298,0.07783923308431787,7057.20754802279
Thailand,Mortalidad_Baja,1.096912045220861,-1.006613043780035,0.3538100615644652,0.23384406147420278,-0.309671783297048,0.059743422861449756,0.24731488608777233,0.06493799722034219,6985.64393892574
Thailand,Mortalidad_Baja,1.0035733251826229,-1.0508756533893682,0.35950964757612613,0.17381676525234685,-0.4415157844540797,-0.1828358849333292,0.36547045712222237,0.09018538416013341,7605.69657797759
Thailand,Mortalidad_Baja,0.9226661733270036,-1.0582434766924795,0.3402862380251927,0.21326122217123322,-0.532896722244518,-0.20438697418964868,0.3484660758565876,0.10639502841802813,7099.77650081458
Thailand,Mortalidad_Baja,0.9971167323470256,-0.995564203658025,0.3085064636174668,0.29245705536237704,-0.40678265107294137,-0.03758139897834964,0.2255324317183349,0.07617989944195826,6413.09182530343
Thailand,Mortalidad_Baja,0.9107282976701938,-1.0071348669126128,0.3004971869965245,0.3068715970897622,-0.4796314378410976,-0.10941419948106619,0.2494813634818289,0.08010202281423273,5833.57715617098
Thailand,Mortalidad_Baja,0.7915628794984224,-1.0269816609182205,0.29660715371930163,0.3320779208528349,-0.5779138518554846,-0.15921052422290125,0.2776996703462187,0.08125642845437663,5688.85335397884
Thailand,Mortalidad_Baja,0.6454890357231083,-1.018122779543598,0.26489265984473104,0.43237960378968043,-0.6648243272544601,-0.12257001114306808,0.2949360116060382,0.06289029844551854,5801.1978916205
Thailand,Mortalidad_Baja,0.543748668193937,-0.9929337544897576,0.2370586398512138,0.531601525240166,-0.6870140095689335,-0.047735601888899415,0.2970503901342659,0.03692546846978349,6018.08244729255
Thailand,Mortalidad_Baja,0.49910183289536775,-0.9905155100094397,0.24596666349132082,0.5551893076286804,-0.6797367158263188,-0.00024077655531915603,0.23708791326829612,0.016126072075013164,5725.52802835463
Thailand,Mortalidad_Baja,0.42309217508238334,-1.0027763310671494,0.2542905302884253,0.5680279396561031,-0.72321600866785,-0.009728903356486442,0.20933265927509528,0.011618120381277667,5373.6232832898
Thailand,Mortalidad_Media,0.4327524523878512,-0.981704945779643,0.22301529498820988,0.5958338019122307,-0.7322670080689448,-0.036377607236841095,0.08596591951032119,0.016620833088919,4973.86288823778
Thailand,Mortalidad_Media,0.45225017534465783,-1.0310476557450168,0.3062886953084989,0.45287116386829673,-0.6743456151402681,-0.15209860185183952,0.13212615582074946,0.013664577697401457,4135.43986952819
Thailand,Mortalidad_Media,0.4307893832215691,-0.9859813215017853,0.27208632294624574,0.5412164079056102,-0.6318601844728915,-0.060634825858431746,0.034054186517630446,-0.01583091404296654,4309.13509292986
Thailand,Mortalidad_Media,0.4859810191560316,-0.9737769547835249,0.2926286581247685,0.5045819407730329,-0.5335986692446606,-0.06747421479727223,-0.03412998072744123,-0.034019231261561846,3918.52817434581
Thailand,Mortalidad_Media,0.4209552780600544,-0.9911081556463577,0.3177833267282612,0.4779998335374734,-0.5407412104593134,-0.13546467577571975,-0.004571564698681332,-0.04464106167141095,3331.32043511773
Thailand,Mortalidad_Media,-0.07832129065172065,0.15418568566253357,-0.44511709818733197,-0.8714428831219694,-0.7095811203597082,0.10131112254146359,0.06999718028100242,-0.03527461655243992,2867.70383436062
Thailand,Mortalidad_Media,0.31485825785953114,-1.0246852622495457,0.38564489756832127,0.3872626339692725,-0.49788077383770724,-0.31327729280047034,0.07126092081660937,-0.09313342673649905,2641.56268717857
Thailand,Mortalidad_Media,-0.16639135136668878,0.14025018659051244,-0.3980904908011975,-0.899437031647885,-0.6655239135184043,0.06281917682036167,0.07234596848321943,-0.05816017838854809,2347.54001286066
Thailand,Mortalidad_Media,0.32830804125240665,-1.0539038522579427,0.4664322688001304,0.2795425211916667,-0.3996561833702578,-0.3613826964923493,0.05930318609031499,-0.07188922888851082,2089.75183111554
Thailand,Mortalidad_Media,-0.131160417192607,0.10450188254098651,-0.29155394509197885,-1.0523634182240496,-0.5184845614772069,-0.018120844416960262,0.06874373069064332,-0.05203930427412725,1889.93432467144
Thailand,Mortalidad_Media,0.2466685511548624,-1.0783927865469356,0.5154769440880599,0.2303027372400914,-0.3827533006606407,-0.44334752407549005,0.06269993944486443,-0.0619845684050063,2005.97694514234
Thailand,Mortalidad_Media,0.28048062049905853,0.4689299169454322,-0.3687551931159763,-0.6730031858786287,0.43042856897421794,0.9766845460526209,-0.7751657575041607,-0.14157018600634055,2864.36515719866
Timor-Leste,Mortalidad_Media,-1.1885691803505756,0.4618703791054827,-0.687351350028544,-0.014758774737945086,-0.7484237821501886,0.24705025441725023,-0.8814285373777873,0.16451147688017548,2343.24523350389
Timor-Leste,Mortalidad_Alta,-1.4063933108798108,0.5085436567032553,-0.8246500906341128,0.2040378126897948,-1.0017110276526409,0.19571996091751884,-1.2366465115335263,0.14871533585606928,2684.82702378987
Timor-Leste,Mortalidad_Media,-1.117542946612783,0.27277742939300686,-0.24895367515740707,-0.5883809012145961,-0.24722280214611558,0.08603441332998558,-0.2147440599915178,0.13410229412999922,1630.86938521256
Timor-Leste,Mortalidad_Alta,-0.9554544367148279,0.24274852055957055,-0.08425082486792575,-0.8523479571497435,0.12539040333952858,-0.028516101100897515,0.11457156475813422,0.09555236419616198,1562.36458068032
Timor-Leste,Mortalidad_Alta,-0.6925075254294916,0.14766761913309723,0.2868867814633248,-1.3583583023913033,0.8199611011754929,-0.07315669393409202,0.8350977240445956,0.0067453529823918385,1219.46599728983
Timor-Leste,Mortalidad_Alta,-0.7925635566912899,0.047847499670144976,0.41149008896453326,-1.500855517996066,0.7709870826343627,-0.12708068430176828,0.7879623664454964,0.03240489857848715,1266.17767952941
Timor-Leste,Mortalidad_Alta,-0.9215486102445549,0.08088670947453752,0.33307639283536605,-1.3669692235060034,0.6441495839314363,-0.14813303699436126,0.6951225328902857,0.049776372339924525,1335.54390089814
Timor-Leste,Mortalidad_Alta,-1.0352035294224076,0.12050310840345912,0.2893023894217484,-1.2262484683450319,0.6050519384763172,-0.02681455407120107,0.5809411050570459,0.053288738955185336,1319.59297370991
Timor-Leste,Mortalidad_Alta,-0.7687342981060367,-0.9923861635602192,1.0259082346030515,0.2053814461058804,0.7595756021148277,-0.4453993870191991,0.8864551270569587,0.014231311350434548,1224.74957758801
Timor-Leste,Mortalidad_Alta,-1.349541883140414,0.20495249071425506,0.1779654384692809,-0.9776744330362136,0.5087209842854608,-0.10954843678913881,0.8547070413115971,0.05403688796292656,1204.56841532931
Timor-Leste,Mortalidad_Alta,-1.355226955893192,0.09705951439694084,0.5182743013053261,-1.2888506972964544,0.9495947358831384,0.07208384398616954,1.3066093667820207,-0.004612239422161803,1022.61903188429
Timor-Leste,Mortalidad_Alta,-1.3832848693862094,0.09832326344907846,0.4409709696379407,-1.282035198308308,0.7933556878315414,-0.18308471014081834,1.057208979941325,0.07854494164729289,939.045241112693
Timor-Leste,Mortalidad_Alta,-1.508720251197412,0.09462323979576144,0.5464004671688998,-1.293453550887647,0.9670110635644861,-0.06047165358419196,1.3006348207844929,0.05821651711418368,813.060177250597
Timor-Leste,Mortalidad_Alta,-1.5130705661401975,0.15610188330717112,0.5017511641736707,-1.1993197471929462,1.0360264085700701,0.009406389055950379,1.1122411443848448,0.08680639863461286,686.579295832381
Timor-Leste,Mortalidad_Alta,-1.797376059236394,0.2909189217864282,0.416079729376072,-0.7890815958163143,1.0669276854655996,0.5124269914224624,1.0470789153515334,0.0459900104716093,628.153219252849
Timor-Leste,Mortalidad_Alta,-1.5384765644130824,-0.9622684044007215,1.307738106668823,0.3904638712491494,1.1575888140532753,-0.039219413091539174,1.1130716762343065,0.09001263175617193,540.154584237662
Timor-Leste,Mortalidad_Alta,-2.2073430196531123,0.20314348806829344,0.5543511169414294,-0.8655136030623272,0.9989735938592824,0.2747478313690519,1.3102241725171726,0.12904787427307823,464.667001844159
Timor-Leste,Mortalidad_Alta,-2.074590642105511,0.2545721777365116,0.5311164511849958,-0.8924997621251941,1.158836588325334,0.20808472346872936,0.9976679000799709,0.19237722353439973,487.464555404292
Timor-Leste,Mortalidad_Alta,-2.4192012387642996,0.26332392266949595,0.49987800222078677,-0.7385399422837486,0.9894514755262196,0.14584857117141692,1.0693794487060182,0.24618324250280024,474.420767344689
Timor-Leste,Mortalidad_Alta,-2.3647468830000085,0.27457785598098106,0.40393782993027894,-0.8123735165052712,0.8887437671718822,-0.3454496625908783,0.7943775149912818,0.3828010002907658,534.901153697657
Timor-Leste,Mortalidad_Alta,-2.599774842789004,0.24994629236524393,0.41835389936564615,-0.8052446574855959,0.7867325427267831,-0.5541502276084641,0.8226777987929104,0.4615277488395238,533.982476434866
Timor-Leste,Mortalidad_Alta,-1.8495495166612823,-0.8004896735958338,1.2080368299345323,0.48004775433714364,1.3851435783848371,-0.7426435085826385,0.36280778919295553,0.4881656326242162,587.804355560918
Timor-Leste,Mortalidad_Alta,-2.8412664103539575,0.5297693956802566,0.2619530434988403,-0.2188073200135101,1.0774718255633673,0.13799288057610917,0.3301513846552851,0.48452751947949935,492.457669429651
Timor-Leste,Mortalidad_Alta,-6.20649176592054,1.1310696428754743,0.1938337347930452,1.6875907035210276,1.329353266808694,0.727724539062881,0.7892467782770298,0.8811390542351175,302.736982028369
Togo,Mortalidad_Alta,-1.5129852715223078,0.22706371642259415,-0.04064318406409905,-0.6505089614434011,-0.008836539347168213,0.1024819411609418,0.11940512262162015,-0.3187099468662876,898.758154410712
Togo,Mortalidad_Alta,-1.0442978061427732,-0.9066658175091185,0.7689359308199388,0.6460485873016106,0.305238512645392,-0.22369992201298722,0.0019103751746681627,-0.3840585473008722,939.613373786407
Togo,Mortalidad_Alta,-1.5664896750592918,0.2688785969808905,-0.020072496988318103,-0.620823339661815,0.14614270845437322,0.12791226544136902,0.06245820310220234,-0.35951245021902756,853.578220263722
Togo,Mortalidad_Alta,-1.6626699436533823,0.2503056201441652,-0.004946399333284618,-0.6256808561152268,0.09854522523289835,0.0580942872668567,0.13458309769506432,-0.33094389196408214,826.260654099894
Togo,Mortalidad_Alta,-1.2240767829570574,-0.8777930281423845,0.7778000711436662,0.726801320929426,0.34671876839958404,-0.21610481667277312,0.019538495719723093,-0.3590722862598547,851.130806891807
Togo,Mortalidad_Alta,-1.6450288053638702,0.3527786397044437,-0.0212135446775928,-0.4967189946639445,0.3468263047056411,0.29687831182303226,-0.05020573261571293,-0.36823604693561346,792.765487219069
Togo,Mortalidad_Alta,-1.8322287114457927,0.30332798497263413,-0.0007606317765217852,-0.534197488254949,0.20831603807616364,0.06416510488251788,0.07804291723109723,-0.343978050046007,772.581787093976
Togo,Mortalidad_Alta,-1.4139653541958834,-0.8547228831960105,0.7683624396112972,0.7770389590832306,0.34562489135043706,-0.36781385233271174,-0.08925982790409948,-0.3335482225966013,751.052405084336
Togo,Mortalidad_Alta,-2.032689130866658,0.296841517842913,-0.028470756047199706,-0.49550680758218024,0.07855610457163428,-0.14893218292994503,0.005144408821395931,-0.30063421288090403,855.585284856656
Togo,Mortalidad_Alta,-1.9758984935789718,0.28350332071684975,0.053405318063388586,-0.6206693169532297,0.2597557833996673,-0.21854827873211258,0.08078771716593995,-0.2988464556025148,826.543259457126
Togo,Mortalidad_Alta,-2.0601788956450724,0.2977774642170896,0.09237920742073503,-0.6002786330754234,0.35841889680645783,-0.1681640229489349,0.2010390327249829,-0.3154802293276749,762.392047587088
Togo,Mortalidad_Alta,-1.5802913015855407,-0.8203204402979316,0.8455551222108165,0.7582570993917028,0.5851675110800462,-0.47536418693366667,-0.01797355413783994,-0.308542481901857,783.989380490906
Togo,Mortalidad_Alta,-2.141081249737597,0.3636221993106853,0.05888837511353924,-0.4863867617993035,0.44086980392333375,-0.10799910939947759,0.05966490942288727,-0.290170950116606,704.987164181378
Togo,Mortalidad_Alta,-2.2634199106765878,0.3450594882343634,0.07432434609478909,-0.49502123385811503,0.39109710387764973,-0.22463952407381568,0.13325231945904037,-0.260774765898553,720.694168794129
Togo,Mortalidad_Alta,-2.3197600092190456,0.36702056650002207,0.04277193314083029,-0.4298153735141489,0.35950080739269036,-0.21405766297005765,-0.01348384885990474,-0.22980724687679144,718.948786366771
Togo,Mortalidad_Alta,-2.1040472527304486,0.41276648285572426,0.013434160414141989,-0.4791186784228022,0.5086914313479509,-0.2555031491561673,-0.3478607989141638,-0.1790989608889,607.588224471809
Togo,Mortalidad_Alta,-1.9999202702106529,-0.930451307255984,0.9125368252017815,0.5971714919553912,0.3426067272563569,-1.1955958589336855,0.06387433755554185,-0.11252969585745169,552.50227125256
Togo,Mortalidad_Alta,-2.4715187134661742,0.24865587510384876,0.14320110582327272,-0.708677955382876,0.25918098400402845,-0.8531420512724617,0.12016545073556473,-0.07565120656704921,551.259850017077
Togo,Mortalidad_Alta,-2.5016796942936335,0.2719804579836981,0.08879406218998534,-0.6613483920440193,0.1982284143176077,-0.94237007417954,-0.07859742935468628,-0.021543298269211753,560.266308533382
Togo,Mortalidad_Alta,-2.554103417613428,0.29437024902336717,0.057499185219321715,-0.6135468510494905,0.17630915566995106,-0.9875714107886598,-0.19129280067689503,0.021245037896910228,538.16537776929
Togo,Mortalidad_Alta,-2.6346276788490273,0.3069536835513854,0.08488567329174611,-0.5905355053666556,0.24649789328958807,-0.9560103873413942,-0.13128956558399552,0.03848216072568898,445.238691488925
Togo,Mortalidad_Alta,-2.6073770943644567,0.3035831157588843,0.1329210465110468,-0.6686548280594881,0.3651216822183343,-1.030386300435184,-0.11883958916083526,0.07244835654190822,396.692654520135
Togo,Mortalidad_Alta,-2.711128445065004,0.33826783736115434,0.0735616739613327,-0.555690468082518,0.2912762154012592,-1.0332366985450996,-0.24603296418815632,0.1271101750865001,409.889802792768
Togo,Mortalidad_Alta,-2.5521071483013635,0.49584440244775846,0.20564486680493005,-0.5417696820673321,1.077262174595202,-0.6354364333927478,-0.3593682801876422,0.21626896999499834,419.220334892756
Trinidad and Tobago,Mortalidad_Media,1.4370814025422758,1.7895000323364878,-2.0281297858633573,0.6195892478579432,-0.1353106539411764,-1.2893155242433854,0.4725643595531982,-0.004534126313035298,20874.37682915
Trinidad and Tobago,Mortalidad_Media,1.3272669979885254,1.7073923074401414,-1.9410269389960635,0.4090259516280313,0.01088148285012795,-1.6552835146602403,0.7490466437138791,-0.14571757160642426,17679.1812561341
Trinidad and Tobago,Mortalidad_Media,1.5914548694704032,1.5644886847311035,-1.6747364158346265,-0.005177636195364927,0.31839630395985374,-1.6191416609427574,1.015309516970552,-0.04167172757891529,15358.8612973066
Trinidad and Tobago,Mortalidad_Media,1.6578235728494006,1.8763734936305771,-1.968559294618814,0.36441420496664156,0.16821871415697812,-1.9664507716580901,1.2099820029259603,-0.02108159219070462,17293.4730123427
Trinidad and Tobago,Mortalidad_Media,1.5168245705793344,1.805414658571533,-2.098546729845278,0.4627256198304564,0.07351649182894124,-1.8879116656048913,1.084350397546816,-0.016383656330886665,17575.8042838042
Trinidad and Tobago,Mortalidad_Media,1.6382067076954079,1.788234141376971,-2.0658553119264034,0.3886369460414597,0.2494362025688587,-1.7911643256968557,1.0977573953951527,-6.643382395730025e-05,17578.6417765865
Trinidad and Tobago,Mortalidad_Media,1.6924198323915802,1.8053633297847946,-1.9920536942644387,0.332213084452599,0.33108733065417356,-1.7790383434753152,1.1063134522858136,0.0007843513287060024,17449.1623528186
Trinidad and Tobago,Mortalidad_Media,1.8199935953699526,2.0782393954258542,-2.353986627249534,0.700601710490746,0.34243659402630106,-1.9985314031556891,1.2421165956333793,-0.015963172271494554,19887.2337359338
Trinidad and Tobago,Mortalidad_Media,1.6416330804712491,2.2413041353157133,-2.531872810016403,1.0348616310034446,-0.014135722311643574,-2.1186649147390186,1.1428750633826523,0.01958173120499489,21908.3017802988
Trinidad and Tobago,Mortalidad_Media,1.4954638055868725,2.1752227965630087,-2.5560314720143467,1.0597389646239725,-0.14145636193210884,-2.1078241488516674,1.0707013466651607,0.03859514238332064,21304.9776454565
Trinidad and Tobago,Mortalidad_Media,1.515315419539495,2.2802380129003903,-2.6075067684010875,1.2042042877808654,-0.12905672923933503,-2.0107492486855087,0.9259463059506803,0.017775485949872882,20332.1389531925
Trinidad and Tobago,Mortalidad_Media,1.3714549995234095,2.4540036378738503,-2.7497059276845075,1.5362935984215034,-0.3932087917079886,-2.001798060625077,0.7248985068591116,0.02067182447865989,19151.0870229722
Trinidad and Tobago,Mortalidad_Media,1.4356204605174696,2.433285247179223,-2.741181357427513,1.4489435695881208,-0.22793386809161717,-2.073470741284371,0.8345690662617185,-0.010387101100812044,16815.424737361
Trinidad and Tobago,Mortalidad_Media,1.3083679487163993,2.261678779828228,-2.5973929292373805,1.2572148389755045,-0.234498275728724,-2.0394187453482093,0.8026932325336693,-0.01618499767181838,14634.0565003912
Trinidad and Tobago,Mortalidad_Media,0.9172166883140815,2.426078045862928,-2.7985467076496615,1.7658060409461522,-0.8314992650189832,-1.9562940524481978,0.37510969808571465,0.016169982328341218,21298.9945258063
Trinidad and Tobago,Mortalidad_Media,1.1979400268552378,2.5509511564101945,-2.7413800984052448,1.702254259675493,-0.45914092861498923,-1.9408295418654684,0.4759383078644784,-0.03506964753159489,16606.675360681
Trinidad and Tobago,Mortalidad_Media,1.0655456197951991,2.3246403602085377,-2.8066297634067925,1.6441592457986847,-0.4038472829620331,-1.6841629545259285,0.2418948946399537,-0.044647295748001616,14152.6607422113
Trinidad and Tobago,Mortalidad_Media,1.0392977630660285,2.2221377782950786,-2.4524506200067058,1.3951708509040273,-0.3206273516559639,-1.4366533007792006,0.046856539612442294,-0.04966640438529192,12346.4373094075
Trinidad and Tobago,Mortalidad_Media,0.9630431977851195,1.8161981726384782,-2.04106151537882,0.849746732099889,-0.08492091861694652,-1.1256064118118696,-0.07763836510300007,-0.05421969723632651,9871.03419820086
Trinidad and Tobago,Mortalidad_Media,1.0706901711490617,1.7678551079153055,-1.97042040097999,0.7135462115551297,0.1750542539743879,-1.0401136416471222,-0.06091903858451363,-0.09819273003365417,8445.04653518298
Trinidad and Tobago,Mortalidad_Media,1.149757702180992,1.5116707382168932,-1.6201658258799598,0.20644123949892784,0.5101750776320266,-0.9887937931338596,0.11724024592050615,-0.11529132852301506,6762.93080808096
Trinidad and Tobago,Mortalidad_Media,0.9486856239349735,1.4291628208504472,-1.5322365001336198,0.17235521514067792,0.33239546221032407,-0.9757506734590047,0.0017055532974505202,-0.10422225812611552,6657.41466937221
Trinidad and Tobago,Mortalidad_Media,0.7839949104975459,1.3327444532804413,-1.4567953647326202,0.14279913313534054,0.2189208452536572,-0.8505853809071473,-0.16971848218390487,-0.09717796472269423,6178.58975559687
Trinidad and Tobago,Mortalidad_Media,0.14205157807682336,0.7908840463966674,-0.9554384843603554,-0.36350377248857996,-0.13669528019959373,-0.7426031774097012,-0.2957624981279309,-0.02612206608137166,4114.68908475464
Tunisia,Mortalidad_Baja,0.5378251673952931,0.07719310867289199,-0.17941459071746704,-1.2398116530184513,-0.1769388280767404,0.6367004754936051,0.2617656540717851,0.024974690880203182,3708.8481241036
Tunisia,Mortalidad_Media,0.7035358268793102,-1.0905771894431506,0.6169958848390918,0.0812521158057365,-0.061610623673234464,0.01268593623380619,0.15989978797105375,-0.1662781541117672,3906.93926319391
Tunisia,Mortalidad_Media,0.29947835704329684,0.03350372508761443,-0.15941647954607344,-1.2594622915559635,-0.31729449863468423,0.3871365486778427,0.30728638101516215,0.0329943630632185,3548.65363663803
Tunisia,Mortalidad_Baja,0.2794232022751944,0.015249793715955938,-0.17317644777674177,-1.2759656903444088,-0.4093917364254385,0.2833213304128253,0.339812366897548,0.11787141175269683,3528.87213306798
Tunisia,Mortalidad_Baja,0.24347032940570393,0.030228029173029206,-0.1854489712565044,-1.242241930672818,-0.40370865998572436,0.2863936810900006,0.3174751488119503,0.1184531308024876,3628.10366464236
Tunisia,Mortalidad_Media,0.29634339542396343,0.03063921017201889,-0.1680043246615413,-1.2929650815903864,-0.3492095815989938,0.2349880711028728,0.2798628405290927,0.12232313515814404,3619.03247319953
Tunisia,Mortalidad_Media,0.3285176343426052,0.05862292301105629,-0.18655551699944667,-1.2583772525877042,-0.3102855801900611,0.28915014889815227,0.17143460031853913,0.11714741925386536,3847.80354448809
Tunisia,Mortalidad_Media,0.7356319110733212,-1.096842333003614,0.5971282876634321,0.08565316898966253,-0.13973519601989723,-0.0028533709547390092,0.14361381064701936,0.08677139802952458,4014.94773686432
Tunisia,Mortalidad_Media,0.22606848086925413,0.07253489284075357,-0.23636452732787172,-1.1641464814051048,-0.4181553312147397,0.29459226199165406,0.09488305001103252,0.11772431374776515,4458.97895464547
Tunisia,Mortalidad_Media,0.23676696458020355,0.058939057665652474,-0.22073759484745778,-1.2099660448124292,-0.42092088865607,0.221220732369927,0.09886839528399112,0.1223016586850262,4369.79345826358
Tunisia,Mortalidad_Media,0.2773689994393526,0.10936355104728988,-0.2545497326969628,-1.1229481569393096,-0.34610173152385854,0.38445641499259664,-0.016412705083547478,0.10228965368007602,4297.26782454273
Tunisia,Mortalidad_Media,0.2665415448009767,0.1018540212604614,-0.25565106681975547,-1.1378539360531157,-0.3815695901683613,0.3239710660022506,-0.057151797863017155,0.11185746244429572,4420.64772206537
Tunisia,Mortalidad_Media,0.7492696606251531,-1.0371181626911117,0.5033091489055196,0.1979554245004117,-0.21408559207830832,-0.010733156904660366,-0.18311399182697974,0.10332750700682108,4291.86120891575
Tunisia,Mortalidad_Media,0.18906751436912672,0.10679892401711695,-0.262819615481438,-1.084706237733832,-0.40025246816280896,0.3768875270809365,-0.049580841391605804,0.10327134058277922,4080.09032448781
Tunisia,Mortalidad_Media,0.24584051507280671,0.15563761802604698,-0.30489824889592454,-1.0191524831605845,-0.35015691878845107,0.4589241131992678,-0.1977297047829182,0.09923765893297641,4255.05008019523
Tunisia,Mortalidad_Media,0.280971050291254,0.1731075193938895,-0.2754342076580526,-1.023205727934762,-0.21642321762511457,0.560175849760056,-0.18218512894488262,0.07895510004699022,3726.91672935667
Tunisia,Mortalidad_Media,0.2746763267356221,0.1787605000965083,-0.2536734091759357,-1.025841304170887,-0.1478239255433189,0.6044933139424906,-0.15225060425249537,0.06828725160778375,3322.56933570096
Tunisia,Mortalidad_Media,0.6787104357271349,-0.9997711505480723,0.5522577535497789,0.25935145446088664,0.002689965918464598,0.21183135276157294,-0.17556747192585942,0.06323787517137998,3146.8260743927
Tunisia,Mortalidad_Media,0.15036457105557985,0.17863623448564922,-0.25482964659046187,-0.9859521838030618,-0.18324941679452048,0.5716506362807786,-0.12650900960293532,0.07902267950142768,3067.41936376975
Tunisia,Mortalidad_Media,0.23749592938812297,0.22064319615590502,-0.25670291124776634,-0.969155771442695,-0.05004270000930643,0.6673935141530789,-0.2662355702779892,0.07899978697382919,2725.8643148859
Tunisia,Mortalidad_Media,0.21687764221706,0.2204463561644662,-0.261606313220353,-0.9793086825979682,-0.07417694438327173,0.5847547453139144,-0.33168131235384724,0.10540066923490779,2320.7723805785
Tunisia,Mortalidad_Media,0.060908332466698606,0.2259912624067546,-0.2828053537320157,-0.895062723515969,-0.14601252219939784,0.5908601137164631,-0.2991486919273117,0.1153653437635207,2235.71981624751
Tunisia,Mortalidad_Media,0.4273451542717786,-0.9345528503416652,0.5104147878178322,0.44411768113188405,0.01558812612036555,0.26310016860101776,-0.3282717522051732,0.11012540611510264,2199.04465936314
Tunisia,Mortalidad_Media,-0.05266331763290826,-0.8321982087744052,0.4011501433513455,0.8058311021274311,-0.09948500045551115,0.3353159369577944,-0.6112487429737672,0.1714734901152835,1968.16600944373
Uganda,Mortalidad_Media,-1.7014319700649216,0.20135352675624418,-0.3101106983620723,-0.18631962568721658,-0.8676848076176552,0.5962258960694519,0.3500680843146647,-0.16548776887676123,963.067314233497
Uganda,Mortalidad_Alta,-1.741584747891613,0.22350324800044585,-0.2966913799673722,-0.1827671216503233,-0.7745721734858924,0.5653475144473694,0.2905675706161596,-0.2355616172270662,882.791717442001
Uganda,Mortalidad_Alta,-1.7974411623313402,0.18991136867109046,-0.25538796684803355,-0.24882507655455968,-0.7857812314323671,0.44955637208867005,0.395348118665658,-0.20226392394270415,845.76646385001
Uganda,Mortalidad_Alta,-1.2593948447121497,-0.9505648696669485,0.5381854097391039,1.0388511659451805,-0.5108491248934884,0.14424198953877035,0.24539481231091817,-0.1941677166577072,822.171150141651
Uganda,Mortalidad_Alta,-1.7023342942122035,0.2582990823315116,-0.2518806231607237,-0.22349525846298304,-0.5503152373811462,0.5611846006209471,0.2147096808709037,-0.20292387851909596,792.16570022814
Uganda,Mortalidad_Alta,-1.7541026814437022,0.2759580558225093,-0.2369743613433379,-0.21174750498893122,-0.47862699758932437,0.548375866634876,0.19978879314723416,-0.20662142517922788,765.218332297361
Uganda,Mortalidad_Alta,-1.3538499904991885,-0.9140118224598842,0.5990125275378907,1.0035196602633045,-0.27360055849432846,0.028987531584581627,0.2010964404759021,-0.2096764422136316,752.696571725656
Uganda,Mortalidad_Alta,-1.9002641049760178,0.27943467479077855,-0.1853031083847444,-0.24582912737241527,-0.3782057418736142,0.3925446169230386,0.22862034753836438,-0.19920124033509043,862.934610355811
Uganda,Mortalidad_Alta,-2.065232567498891,0.283572263263987,-0.1595495588268205,-0.2098594116077436,-0.36175721344600736,0.36442798862098713,0.3063417891290406,-0.21528393257615464,896.054795546394
Uganda,Mortalidad_Alta,-2.1550933039861393,0.30110687418695664,-0.12380963122045888,-0.19181525385318268,-0.2605753097069214,0.3852908578098481,0.3621209844463967,-0.23453102155136105,818.285427416713
Uganda,Mortalidad_Alta,-1.802365487843138,-0.8426628174815016,0.6962437856340304,1.1422109180554612,0.00041371181744335436,0.07412396041756433,0.3596150931803562,-0.2751592397524501,795.222867553127
Uganda,Mortalidad_Alta,-2.3544074510325017,0.3451180082598834,-0.03791208777657875,-0.14795195653099402,-0.009489225241238606,0.4555245516776842,0.4937549771416229,-0.27519616301246924,835.620060555838
Uganda,Mortalidad_Alta,-2.596731424821296,0.3983510767323716,-0.015205680036674251,0.010556044383259853,0.08642455390433762,0.6392182801288546,0.6245163969200676,-0.31281256364689014,823.488144282
Uganda,Mortalidad_Alta,-2.2766955471628108,-0.7266564909605272,0.8104226262851352,1.3808888527709764,0.3939843591711407,0.38898342472348957,0.6454874264963476,-0.3434112039959511,798.947089938247
Uganda,Mortalidad_Alta,-2.2612639894822366,0.3907000670372157,-0.02444421735875025,-0.31653732194405,0.26124048021486773,-0.00983957267077011,-0.053142876948136124,-0.15180499192027458,472.842681495852
Uganda,Mortalidad_Alta,-2.4343433114515447,0.40471400255769296,0.010305473495573992,-0.2925680504770488,0.3308059533677403,-0.07874588874732336,-0.007843570100329315,-0.13595248172406116,401.389130865581
Uganda,Mortalidad_Alta,-2.593078798994369,0.4492024015198752,0.05056697494035381,-0.230422951518767,0.495375591190081,-0.03429585680409975,0.031588356188951665,-0.1399593090641383,346.518255310647
Uganda,Mortalidad_Alta,-2.4359639897967433,-0.7032030293438403,0.8475198816587154,1.155491278039634,0.6229715227221956,-0.4928489610497935,0.0304494762887489,-0.12578169817826243,330.405402707025
Uganda,Mortalidad_Alta,-2.6976219791875304,0.4257133634362647,0.22211884736518137,-0.4958219322970033,0.8500370268871529,-0.49736532110397935,0.06979191871554896,-0.04930419763917158,292.38185796262
Uganda,Mortalidad_Alta,-3.150687437831504,0.5062031315783849,0.13536033437118017,-0.16835357665595552,0.7110278301203431,-0.41018642452627113,0.0006658930408006846,-0.02787054506052734,250.71543664681
Uganda,Mortalidad_Alta,-2.6767928339182094,-0.6128811298237264,0.9717430245711618,1.0933954212045172,1.1376843511660348,-0.7932646313084121,-0.1546688834165649,0.008090398221843383,241.984688408335
Uganda,Mortalidad_Alta,-3.512901508934407,0.6257985188003088,0.15697351521793262,0.061323695942525576,0.9646729356656962,-0.2654012465864721,-0.026029515929292903,0.03462702996782276,236.021188853993
Uganda,Mortalidad_Alta,-3.5398653459551843,0.688892268525634,0.16149907362494248,0.10996830033996992,1.1510275972962047,-0.22911801617238878,-0.1704566665237063,0.06058220730263921,258.050338731086
Uganda,Mortalidad_Alta,-4.718212206821501,0.9585278783324391,0.054280247214255666,1.121779822892569,1.1119138271182012,0.7759443984133805,0.2479694975554112,-0.05188815154581032,278.520835668767
Ukraine,Mortalidad_Media,0.35470202748705365,0.04301686886312812,-0.22178916755611938,-1.3375620423643146,-0.3635282270567649,-0.007271116682482817,0.40568969772694735,-0.2543774919925652,4199.6708984375
Ukraine,Mortalidad_Media,0.03488523613527895,0.24258820777010756,-0.5571164954857981,-0.7288082893939941,-0.6431738776067492,0.25939874490764503,0.11397030122525725,-0.3493372005447807,4775.94580078125
Ukraine,Mortalidad_Media,0.7349419834547768,-0.9897089599606363,0.33246064361626604,0.32955870551576805,-0.37576113296754104,-0.1686941715190694,0.19802311891071175,-0.2334197104220461,3709.76928710938
Ukraine,Mortalidad_Media,0.5924596501871205,-1.0459873676423546,0.3034554403204654,0.32492077112406126,-0.6440426859215516,-0.37870433192115033,0.3094568501915993,-0.14765475691131363,3619.86157226563
Ukraine,Mortalidad_Media,0.4270632438855328,-1.0066743911975375,0.21847490356863059,0.5048422811430412,-0.7719278863743609,-0.315723064455268,0.26599652819808306,-0.17269292051020693,3059.0517578125
Ukraine,Mortalidad_Media,0.4231305637264679,-1.0183264768029923,0.22387910819694548,0.5076939672215521,-0.8041313786354555,-0.27631327151704066,0.248631482740675,-0.13490338388985731,2604.28759765625
Ukraine,Mortalidad_Media,0.2487500737738739,-1.0205920309236352,0.2138057360889289,0.5762119057526882,-0.8781760976637017,-0.30030739307554927,0.34569948979158444,-0.18089307706969973,2158.46118164063
Ukraine,Mortalidad_Media,0.22280749660332994,-1.0281886319853308,0.254669349945985,0.5269703766456146,-0.8026470192988147,-0.3584118675304315,0.4137632975311602,-0.2296684435022121,2094.47387695313
Ukraine,Mortalidad_Media,0.3166233457349159,-1.0374081865273974,0.28714627629533473,0.3712482377664233,-0.6930684203890108,-0.6471406443260458,0.4851490371393859,-0.26535718401050884,3054.908203125
Ukraine,Mortalidad_Media,0.4711636137454623,-1.0164858275658923,0.30518612018280006,0.2707057384739826,-0.5339069913338499,-0.7679369311752641,0.49136531266239186,-0.274672308761448,4129.89697265625
Ukraine,Mortalidad_Media,0.44489118874935657,-0.9659440522279374,0.22128083026571863,0.37899853403296585,-0.5946389852649206,-0.7874341615662819,0.3382793940297926,-0.2787877821227757,3951.34228515625
Ukraine,Mortalidad_Media,0.34700143219433416,-0.9568943887052483,0.19273897242837354,0.4333272653451922,-0.652024001256412,-0.8356542400435442,0.3582057712669054,-0.2902146878255033,3656.69799804688
Ukraine,Mortalidad_Media,0.4694985751733659,-0.924920322811678,0.2191201820462884,0.37177983599748604,-0.4615355226154596,-0.8571063532044537,0.3313618635290286,-0.32056604164244357,3039.63232421875
Ukraine,Mortalidad_Media,0.4409426787374227,-0.9529399273586783,0.3064228078979516,0.2983402677577994,-0.3714233065048633,-0.8197510416963083,0.20440752938193812,-0.37810497217863986,2607.08764648438
Ukraine,Mortalidad_Media,0.36733659539137997,-0.8487192930536377,0.15337663000443758,0.5100200839838072,-0.43026781709965733,-0.8555396027521742,0.06708391813269797,-0.4231301801171651,4017.806640625
Ukraine,Mortalidad_Media,0.27711538587099105,-0.8348741513364024,0.11499720012445598,0.5641229406336785,-0.5014517093816766,-0.9369593747830276,0.03460873010752595,-0.4377895117403894,3160.32763671875
Ukraine,Mortalidad_Media,0.08453109956572694,-0.8621035256897641,0.10229809136347644,0.6250912849135497,-0.6514838723901164,-0.9707887155373142,0.07645315823124793,-0.4335974413565112,2366.494140625
Ukraine,Mortalidad_Media,0.03051450990721309,-0.833387981719873,0.08066445680494565,0.7071229250470772,-0.6189278080834726,-0.8732542984562452,0.14545570130637245,-0.44280953618021374,1875.33508300781
Ukraine,Mortalidad_Media,0.03574731950449923,-0.8359096048447199,0.13989119282467385,0.6691337147591204,-0.4809376666099365,-0.8022817595437906,0.2830428493834877,-0.4592028528324467,1401.01806640625
Ukraine,Mortalidad_Media,-0.08892304054872405,-0.8479200287372151,0.10652955189848776,0.7309799971132331,-0.6350404301185542,-0.8454040672967931,0.26528527018338577,-0.4133435832030039,1076.48156738281
Ukraine,Mortalidad_Media,-0.37834484307613153,-0.8845847415468785,0.09345436676980422,0.8364430341712141,-0.8680268783827523,-0.8535463132003316,0.38256211358983727,-0.3884456726106864,903.011901855469
Ukraine,Mortalidad_Media,-0.7597979078399345,0.3968469583760454,-0.7583973138846678,-0.25909714544433887,-0.850873359009643,-0.10307643728461957,0.1867093746678112,-0.3990510491098292,800.49072265625
Ukraine,Mortalidad_Media,-0.897696675218546,0.45795883972488904,-0.8906244556612967,-0.013243904027561247,-1.0432858817205792,0.028685008060452415,-0.056189440959388284,-0.35959387227750367,653.294311523438
Ukraine,Mortalidad_Media,-0.8421528732472916,-0.7669041752982577,-0.1771613484253836,1.318717738746839,-1.297620698111283,-0.8911560620257029,0.20452098316252193,-0.31854906018179013,933.191772460938
United Arab Emirates,Mortalidad_Baja,2.109118705835167,1.5457011333472324,-1.773882789531446,0.434792136914796,-0.3264959565094743,0.18815115173297367,-0.22145406545944563,0.12873107157092561,49899.0652975197
United Arab Emirates,Mortalidad_Baja,2.0694607596048074,1.466789769197939,-1.7700345683118361,0.27618611257800063,-0.1762159019681878,-0.0996606046779297,0.0473117619691938,0.03159726717624579,43360.0211001327
United Arab Emirates,Mortalidad_Baja,2.277064830594065,1.330866040930326,-1.5495649441408663,-0.04523677878321987,-0.11721547381685979,-0.04691955046237933,0.28173323130805683,0.24427850135393503,37173.8754093066
United Arab Emirates,Mortalidad_Baja,2.5790441884947186,1.6142916132913516,-1.7035794525164416,0.2663060741890983,0.08818175485550477,0.2841745586264604,0.01412421378605376,0.25293420637645886,44251.4541398817
United Arab Emirates,Mortalidad_Baja,2.880599616126589,0.4094773265194394,-0.8967074437533304,1.597491474232542,0.10207916236959652,-0.0437991157100829,-0.11097668031618896,0.251209359223961,45689.8570049401
United Arab Emirates,Mortalidad_Baja,2.509900029493416,1.5279181274613771,-1.5785081807589165,0.10126568845789274,0.08101084672713245,0.15863418709625246,0.13445767661159286,0.2661865169997211,42340.5917160161
United Arab Emirates,Mortalidad_Baja,2.671509106650949,1.742897188098057,-1.8432388714049013,0.28835245995371167,0.17127721940684995,-0.23345031206528152,0.4902033445277541,0.23769403055573815,41326.4018161569
United Arab Emirates,Mortalidad_Baja,2.5490867915853803,1.728738405639755,-1.861619942883652,0.35370905672429676,0.03806154550310447,-0.20599277840150768,0.38848375752432296,0.25073251981031064,43534.9972694631
United Arab Emirates,Mortalidad_Baja,2.172580236266849,1.7089241978324234,-1.9904291567039158,0.6394370995182276,-0.4460593848238404,-0.0900986156384666,0.036215899661470936,0.29362580493693524,51381.4069901746
United Arab Emirates,Mortalidad_Baja,2.4869828565677228,0.4492397556616732,-1.1286149448581149,1.9158046864535405,-0.3810879199911734,-0.26831583880379545,-0.19058086014285844,0.29352790276784024,52023.5170959441
United Arab Emirates,Mortalidad_Baja,1.8415716855219992,1.556608354677829,-1.9458158082780583,0.6599458744398964,-0.7761819298401665,0.019863607185406588,-0.20461776731318282,0.3398430061429506,52034.4762476071
United Arab Emirates,Mortalidad_Baja,1.8477415216519042,1.5574612410422524,-1.9684380440321143,0.6887275215680888,-0.7528181207288216,0.09124065051777538,-0.269607365638404,0.3375677580477578,50789.050540755
United Arab Emirates,Mortalidad_Baja,1.9442947190063813,1.5117229554172746,-1.8846643757491994,0.4650863569642407,-0.6056891162707514,-0.19938226738751327,0.10102839724575757,0.3376005661388496,43696.6712590463
United Arab Emirates,Mortalidad_Baja,1.9033807379522436,1.4951936188096597,-2.0752208441331805,0.5557980526978546,-0.6060542185624187,-0.29989749342545885,0.19057834646199964,0.3260468902160076,37803.0663738777
United Arab Emirates,Mortalidad_Baja,1.8093320658056726,1.6014281476670076,-2.206885538113989,0.8452268025127598,-0.7765460913195618,-0.08735855311301412,-0.14994890701152605,0.32728836457679134,50054.1700681803
United Arab Emirates,Mortalidad_Baja,1.8316031539186175,1.490593487639297,-2.056198400909443,0.6325587391292152,-0.6428459548324001,-0.0624015020954017,-0.09006025901412729,0.3181768348543944,45854.7325158162
United Arab Emirates,Mortalidad_Baja,1.7200604592446376,1.5236097968142563,-2.2219298732180865,0.8145906776567362,-0.7723117749770659,-0.08475498380925459,-0.15760960070959013,0.30770028161381635,44342.6048322482
United Arab Emirates,Mortalidad_Baja,1.618178704197013,1.4470440844022434,-2.224934349110328,0.7070654976366865,-0.8313705266782071,-0.39320547258741967,0.1322187782664868,0.29770460476359034,38719.3138307623
United Arab Emirates,Mortalidad_Baja,2.0030685011137974,1.5465984555795806,-2.1645879528087666,0.66741980416738,-0.2317070222421894,0.05013589196903662,-0.07881248081265538,0.19558837324707554,33376.7152295209
United Arab Emirates,Mortalidad_Baja,2.4543707440658618,1.7794063213735996,-2.2799027460251393,0.822975147556726,0.39341122229388276,0.4619063296596702,-0.2943490504716328,0.06527189960239656,29659.5428567811
United Arab Emirates,Mortalidad_Baja,2.5204681348265745,1.8703123714519676,-2.3852895181242615,0.8907305233828148,0.5445221268658922,0.32388025225757033,-0.1603390065226842,-0.012684170625933728,27753.6089526346
United Arab Emirates,Mortalidad_Baja,2.486190975138896,2.0087642969867807,-2.588177332608657,1.1226947521934025,0.5378368473922371,0.2079592925357433,-0.17110852938690504,-0.09685047081714018,27745.1708087672
United Arab Emirates,Mortalidad_Baja,2.163703874806222,1.641839470908852,-2.052172752953805,0.6545842216381677,0.4893066273825159,0.5154399862956794,-0.4985854338779499,-0.1463789266974285,29865.502347066
United Arab Emirates,Mortalidad_Media,2.008703333685903,1.8774673110292666,-2.2794203875999397,0.7625877860776673,0.6168489685247828,-0.5191499625050855,0.07915950913602919,-0.47046080375452576,27003.2006807782
United Kingdom,Mortalidad_Baja,2.541889296380256,0.8028872070868918,0.05901241103230628,-1.4253068188711897,0.6977753935684279,1.066716885279099,-0.33103914777309573,0.12708586759187246,46062.9914079698
United Kingdom,Mortalidad_Baja,2.978138169125202,-0.38918045923181177,0.8237917256830297,-0.14743681164082215,0.9022533436283767,0.6659739402705697,-0.3130807001526081,0.08324432873221403,46926.475736105
United Kingdom,Mortalidad_Baja,3.0223386897775124,-0.3408112811516704,0.8502588979625445,-0.12242207765923609,0.9753608621451633,0.7510978715670277,-0.39798380506381703,0.05030138612909779,40404.8062238951
United Kingdom,Mortalidad_Baja,2.9620911281086824,-0.3232681646524186,0.8357314676831091,-0.0840596148932306,0.7382545448584314,0.6030093506811434,-0.2758351916922509,0.14307776511493006,42794.0022648288
United Kingdom,Mortalidad_Baja,2.8848928447658744,-0.3169807807344249,0.8508460706282338,-0.08675800034184958,0.6222044754146949,0.45137754170231886,-0.18412294629873185,0.14871618870433587,43315.4874501318
United Kingdom,Mortalidad_Baja,2.8704482199967276,-0.3396215170821168,0.827303212153272,-0.09207133766550511,0.6164213768388895,0.43219712074645367,-0.16556851041925355,0.15070387513203137,40629.2340347345
United Kingdom,Mortalidad_Baja,2.873710200148203,-0.32301847084764534,0.8413857692363591,-0.093103662030539,0.6186112164836284,0.41052129113392366,-0.15244087576298,0.14307781995780253,40988.1044233026
United Kingdom,Mortalidad_Baja,2.808314309013893,-0.36882199003552907,0.7744298281491678,-0.08135298343209715,0.5830622373285143,0.35363301554413157,-0.1262152291613822,0.13823373598499505,44983.885522934
United Kingdom,Mortalidad_Baja,2.802066253485628,-0.44124676815318375,0.6893517004983826,-0.08154806171406585,0.5930371869475617,0.39577520999634025,-0.12788215429184197,0.16373783712852347,47426.6209829995
United Kingdom,Mortalidad_Baja,2.8488055108136865,-0.3271485681093892,0.7188039965342118,-0.017257684078087643,0.6177606368319023,0.39130727277336697,-0.15804387457411423,0.13669615452503256,43419.0352598932
United Kingdom,Mortalidad_Baja,2.830260088720384,-0.33084048082809114,0.7316717232305531,-0.04034488520638392,0.6020380101193187,0.3162895871476661,-0.09798982097404926,0.13585280702900532,42490.1465463521
United Kingdom,Mortalidad_Baja,2.824777212025732,-0.3664842795382245,0.6949328636169121,-0.03935463414445318,0.628977701268296,0.36108334652499785,-0.12677972900831275,0.1429694110089677,42109.6418795749
United Kingdom,Mortalidad_Baja,2.866191237098169,-0.255143445489747,0.7472136160560029,-0.011928060583610709,0.6696480412916679,0.28331711434754586,-0.09203828857075837,0.09885518310531864,39598.957119545
United Kingdom,Mortalidad_Baja,2.971932899483179,-0.2747445215008642,0.7086863685723833,-0.02286066310512809,0.9037597369171798,0.4711211829484472,-0.20659572525764416,0.055212482501426276,38744.131693043
United Kingdom,Mortalidad_Baja,2.9414671052299517,-0.2153545122770245,0.6036258970319308,0.1180328867198853,0.891753899334563,0.509287802746832,-0.3079790982379645,0.02416669332784137,47396.1202078484
United Kingdom,Mortalidad_Baja,2.9603330067461657,-0.11574297014916982,0.6778366598610602,0.15097176433077852,0.865637844360228,0.47925566613042714,-0.31530686343966285,0.014247869411861836,50397.6854954706
United Kingdom,Mortalidad_Baja,2.9533809036078313,-0.09908340033721345,0.6326553185273236,0.18949647518643914,0.8726329311487031,0.4571603543915192,-0.3142468274357696,0.0010061134500439167,44512.4590296865
United Kingdom,Mortalidad_Baja,2.972323893046717,-0.05161702187175998,0.637585649055987,0.2211559564269454,0.8956118388989599,0.4624516785059445,-0.3344318939647667,-0.015435951434945241,42104.7884375024
United Kingdom,Mortalidad_Baja,2.910085525454687,-0.18219719958638114,0.48933706703349034,0.21414221330176683,0.947096657930595,0.48097028815592313,-0.342978779521282,-0.0329580438019734,40366.8886650968
United Kingdom,Mortalidad_Baja,2.793353964944971,-0.25828866861266914,0.41248109991025717,0.2144534816979533,0.8700112124964231,0.3750050290371233,-0.2840661001036926,-0.038689454685978765,34442.6875402308
United Kingdom,Mortalidad_Baja,2.820459733435053,-0.24128792762196904,0.38073427384504954,0.26043416070610104,0.9513770549411025,0.49133168110663833,-0.39327708385674975,-0.06854773093631317,30077.741432188
United Kingdom,Mortalidad_Baja,2.8087134368100033,-0.18117315827787694,0.419907611557646,0.2868623609667373,0.9051151895504891,0.4405396341133918,-0.3905547374374234,-0.0735528639270287,27906.5695029641
United Kingdom,Mortalidad_Baja,2.7662709624711073,-0.1930796757342877,0.3529494739250239,0.3453303623821601,0.892237455606947,0.48416437587875333,-0.4601438262358541,-0.09123449442875636,28280.926786099
United Kingdom,Mortalidad_Baja,2.683601903810984,-0.26843631856543615,0.21738043114338496,0.4039494368751883,0.992972997388573,0.589337838530738,-0.5739213063692284,-0.14884051952038324,23168.9529580171
United States,Mortalidad_Baja,3.2162522001951372,-0.07340859718787072,0.1722448990673228,0.11633264996458541,1.419390227593895,-0.3606527337681669,0.5765779803903367,-0.16053306124456315,77860.9112908848
United States,Mortalidad_Baja,3.2190520429361156,-0.019989459468874718,0.2612592227041112,0.08947803769341328,1.503171428278793,-0.3848958118206993,0.5387112860444956,-0.2455352754330925,71307.4017277218
United States,Mortalidad_Baja,3.2693753192137605,0.026861234485686183,0.4207610851489089,0.034232620456692835,1.4565461000813416,-0.34058434942271887,0.5202383886131499,-0.19600879063268223,64401.5074354212
United States,Mortalidad_Baja,3.3897486181887233,0.09017407316432745,0.2782382159624932,0.15242066439982616,1.3813043672986236,-0.33563474295734097,0.6029055174185859,-0.07049510767701972,65227.9565911038
United States,Mortalidad_Baja,3.2556314348357294,0.004707699297950889,0.22007072736540365,0.13477011876233205,1.2627789643945535,-0.476797399127743,0.6920479276193792,-0.06006291887385988,62875.6661382728
United States,Mortalidad_Baja,3.347867179453383,0.017486712526571104,0.22042288705988047,0.1438136154781663,1.4158604582748031,-0.29178130284057274,0.5666493452742644,-0.08579520689501074,60047.7190728307
United States,Mortalidad_Baja,3.293555270494427,-0.003289987890664569,0.23270822139010508,0.11123732901805108,1.3438650852150833,-0.41962176381206695,0.6648587678385941,-0.07226231010567417,57976.628204291
United States,Mortalidad_Baja,3.2588892073658173,-0.031795449481410165,0.14988998843440354,0.1488806041149481,1.307243976069619,-0.4382625744628029,0.681813810242993,-0.05541607277052445,56849.4697923159
United States,Mortalidad_Baja,3.2150031576891256,-0.06087600767894015,0.056190410242081726,0.19954257957092117,1.256986538939257,-0.4501282574478087,0.6907811516157626,-0.040771549428630774,55153.3940182967
United States,Mortalidad_Baja,3.1723328303030174,-0.10195527140156435,0.030024662352853195,0.1904995862452601,1.246682180306692,-0.4653942331239943,0.707138754781832,-0.04250717855652783,53297.3862901595
United States,Mortalidad_Baja,3.1849924537275482,-0.07138392548797451,0.08881991487830646,0.17641188626716592,1.236725939289676,-0.4732524428130123,0.695257797009373,-0.03821045941805175,51708.3940614082
United States,Mortalidad_Baja,3.2546867171165403,-0.02165877068569229,0.023391076816317878,0.2492319898561116,1.3323096540110053,-0.3851835854358306,0.629583005866741,-0.05780315416324876,50024.8812320773
United States,Mortalidad_Baja,3.2591716494179885,0.03601603941109972,0.06693068986019254,0.2507703716714668,1.2962668392921157,-0.48474761145269574,0.6848697404655062,-0.05851613983279009,48642.6312088213
United States,Mortalidad_Baja,3.2276933429332533,0.04415675451778061,0.11914990618441904,0.23352726892255746,1.264936646954698,-0.510543273543583,0.679703151882709,-0.059121755820106904,47194.9500893872
United States,Mortalidad_Baja,3.2078408327782317,0.08609715940361648,-0.045343088484131794,0.37784880746318633,1.265838983380797,-0.5191774509037063,0.645063810417483,-0.08700232961301382,48570.0594269601
United States,Mortalidad_Baja,3.262378960856412,0.146306530381689,-0.12707326972192556,0.47154527686992603,1.3234483193161044,-0.46466964263949384,0.5947175203097004,-0.09978412361529267,48050.227412195
United States,Mortalidad_Baja,3.227699625302059,0.16452052110836818,-0.08390997896446006,0.46724180398059806,1.2924820347013557,-0.5003170143656499,0.5860075540150582,-0.11407644408784137,46301.9876485519
United States,Mortalidad_Baja,3.2339601893070014,0.15861226393494599,-0.12685694524227809,0.47388072253761365,1.33581598595512,-0.5253622536437229,0.6148984411929451,-0.12966789466361678,44123.3996470026
United States,Mortalidad_Baja,3.2566987396690843,0.13030147959436722,-0.18721492395037673,0.48621168574679186,1.4043285291768197,-0.46137903131717134,0.5939699296367051,-0.13783634350456964,41724.6411982614
United States,Mortalidad_Baja,3.2359611475914054,0.16037580752299083,-0.10606888155669912,0.45692057633254496,1.3949646207684891,-0.5128678448065862,0.5927987672509168,-0.16373865548367442,39490.3023903176
United States,Mortalidad_Baja,3.2876539510048053,0.22862799297982156,-0.07140208978639165,0.48236176431792666,1.4350544350811147,-0.48193185559270596,0.5538281796152482,-0.17537248760089363,37997.7424300242
United States,Mortalidad_Baja,3.194793451450762,0.18003475463420565,-0.10973396669119315,0.4883003531070723,1.3463003070693105,-0.5464143938776562,0.5803738728055795,-0.17064306368347498,37133.6203973517
United States,Mortalidad_Baja,3.1654334254021577,0.21530777220840946,-0.19266821651948693,0.5814388940713614,1.3122282486316181,-0.5641051922310013,0.5538300285124649,-0.18212607070166992,36329.9702595751
United States,Mortalidad_Baja,2.3671705387868744,0.3342687163903143,-1.1125705303949045,1.8878155454991992,0.4685562947936749,0.33906596301541425,-0.7924218500970703,-0.2035311931446755,28690.8757013347
Uruguay,Mortalidad_Baja,1.8931291166444904,-0.830662302765676,0.4558364849343484,0.12346145648518095,0.6111312604865297,0.7768737324685244,-0.27864731870299386,-0.17428500950480508,20818.6146091144
Uruguay,Mortalidad_Baja,1.8090322619308334,-0.8106523264021417,0.45277101695133437,0.17113897823559185,0.6595188685424767,0.7969760130505203,-0.283768771949174,-0.25564794555770837,17881.818721099
Uruguay,Mortalidad_Baja,1.95221643911353,-0.8816565165848377,0.4866631751329481,0.05789761794614983,0.5418505748210234,0.8071997148243771,-0.1561285894635633,-0.023564566516889675,15757.5355995779
Uruguay,Mortalidad_Baja,1.8681662241026107,-0.9077486286391642,0.5089620575869217,0.0039153428994554386,0.4901707640747984,0.6196469752488679,-0.12927122936367536,-0.06075860336043222,18315.7316980028
Uruguay,Mortalidad_Baja,1.9302256431816327,-0.8798964772051633,0.4950716400573032,0.018317053717870797,0.5331116750202869,0.6499991104229015,-0.2184037417761815,-0.049959770555010295,19249.9404677501
Uruguay,Mortalidad_Baja,1.9376885700157562,-0.8997490048888185,0.524230437182066,-0.03533632861904772,0.5274982083796957,0.5923891747980558,-0.19820630441647055,-0.0272347333456277,19184.6502617082
Uruguay,Mortalidad_Baja,1.863047578567758,-0.8566116239202597,0.46622015656893817,0.10477172590843757,0.5361530470966465,0.7385758693289418,-0.2518689974560438,-0.055867823297208755,17009.7584207276
Uruguay,Mortalidad_Baja,1.7364212648746447,-0.8256080229050713,0.36646823350611857,0.27450799347186494,0.33559131796746733,0.777672533815572,-0.4562497969656693,-0.03190565423774664,17125.9016800298
Uruguay,Mortalidad_Baja,1.642962067738875,-0.8547900961833897,0.3869995597486725,0.26801331528821604,0.28419944662345337,0.7521374890506892,-0.4003150657198221,-0.02599230125179557,18322.4276767157
Uruguay,Mortalidad_Baja,1.5810872772546498,-0.8594600672909319,0.39830816582336304,0.28240899309455253,0.29536491728025954,0.7709560883995225,-0.3481251686017882,-0.044811671506674436,18335.2594772322
Uruguay,Mortalidad_Baja,1.5378419090920752,-0.8620012696307435,0.40735197894177566,0.28252012180923725,0.30759160118678486,0.7501202594751326,-0.2959497330315159,-0.0605470731426763,16259.5940814256
Uruguay,Mortalidad_Baja,1.425707804479894,-0.8779324146091841,0.4046203873524263,0.32032261147032637,0.22530966559928461,0.7516566651437919,-0.2707640555659721,-0.056544547507772595,15132.2675725587
Uruguay,Mortalidad_Baja,1.5071510350848965,-0.872873253182485,0.40942035470857935,0.2865554903194278,0.24729841022704244,0.7411426111058111,-0.41679025055224345,-0.02425205241671646,12641.0576849008
Uruguay,Mortalidad_Baja,1.4440329596809158,-0.8845096377777306,0.4177915014489749,0.2877179694407612,0.22821179207270553,0.7104470345621279,-0.33354754703452494,-0.015912156978404618,9881.39573127081
Uruguay,Mortalidad_Baja,1.29515965580715,-0.8937157976625756,0.41432058743484224,0.3344211859562317,0.16697883584330805,0.6826220037702293,-0.2417017940503394,-0.0365718871689672,9423.96562595893
Uruguay,Mortalidad_Baja,1.1596812189260053,-0.9635105759292483,0.4587960466292811,0.2753024319797487,0.013626264484132695,0.5552910218612271,-0.2567437831024791,0.00392113882523919,7222.05403645877
Uruguay,Mortalidad_Baja,1.1714029564465616,-0.9305330597852249,0.4547576881164965,0.31600855630512453,0.10380252727706737,0.6440032182187754,-0.303152176690429,-0.01151469546767116,6001.33294783172
Uruguay,Mortalidad_Baja,1.0280060713835777,-0.993772810493673,0.4863290941675398,0.25563081827405726,-0.044558314279405625,0.4493913952108102,-0.19701255211997018,0.03093197843277229,5284.25677987129
Uruguay,Mortalidad_Baja,0.8208128440700732,-1.016160518351174,0.511241122230168,0.297427052229847,-0.09877382658787313,0.4384019509428174,-0.02908349112450621,-0.0023112652232463965,4168.66065438387
Uruguay,Mortalidad_Media,0.9274300382910639,-1.0520063356980125,0.5976154951751979,0.12873004880117478,0.028374740922567504,0.33581576596880147,-0.02416948065564825,0.004446103611801644,3671.12329256883
Uruguay,Mortalidad_Media,1.027169300225311,-1.1507048490797336,0.736964382946545,-0.19207325616104132,0.0938368951853249,-0.035254922314465614,0.17181921538964565,0.04121189748317966,4149.76140312687
Uruguay,Mortalidad_Media,1.1666851417034334,-1.1525788351582167,0.7759849298674557,-0.31440303064048447,0.1727496812996189,-0.16945833520123801,0.1425243591005658,0.06732341066209593,6382.76104740859
Uruguay,Mortalidad_Media,1.1069094771642407,-1.1371520038783791,0.7457259721273093,-0.2654749798538184,0.15358931491439545,-0.19618100593999704,0.166572592976775,0.05438300320275836,6987.70098766257
Uruguay,Mortalidad_Media,1.0045228390258967,-1.0719630924982362,0.7895935394035436,-0.16345348487738315,0.4561377515748885,0.07216875203753875,0.12405696356020884,0.012244625181800509,6050.48632253644
Zambia,Mortalidad_Alta,-0.04343565946964934,-0.9675353209504773,0.6922568002595801,0.11978011393297949,0.05740185690808625,-0.9427530301590863,-0.5113659212739534,-0.06621567213582981,1447.12310138035
Zambia,Mortalidad_Alta,-0.7994170006641373,0.2704526674492771,-0.19788718496601057,-0.9500430022233551,-0.1986338538429368,-0.6323473324425712,-0.7662806932045066,-0.21431488281547562,1127.16077872857
Zambia,Mortalidad_Alta,-0.7196788143842053,0.2270918283447011,-0.11937603685179589,-1.0910015296856745,-0.13775276366342043,-0.7036632241729746,-0.5999099601733863,-0.11398305933130416,951.644316655957
Zambia,Mortalidad_Alta,-0.6588833347414372,0.26368335019105993,-0.0915020389727768,-1.1004079969308587,0.027697310734759947,-0.6378837125221026,-0.6654426470694267,-0.12877829391981874,1258.98619844462
Zambia,Mortalidad_Alta,-0.6870202445910149,0.30513967007984993,-0.10446275193472339,-1.0362234771172194,0.17031381594721254,-0.5355085653264171,-0.7597020706480881,-0.1554992770389991,1463.89997855593
Zambia,Mortalidad_Alta,-0.8566171589054611,0.31166274379444436,-0.151753388086776,-0.930774406423639,0.0956365305894348,-0.5295153354452516,-0.8035998325438345,-0.1606516865122582,1483.46577328065
Zambia,Mortalidad_Alta,-0.8790637833381596,0.32085592641067207,-0.0911288332625394,-0.9464916227751075,0.3429219084026363,-0.39655794682362827,-0.6766845306581946,-0.18102445068446407,1239.08527877713
Zambia,Mortalidad_Alta,-0.36194079989066197,-0.8515468149739186,0.7702803312100328,0.22917819499279962,0.6361831901815758,-0.870327578023245,-0.7023949428979799,-0.17531055798155964,1295.87788680068
Zambia,Mortalidad_Alta,-1.126137069252487,0.2919288718481748,-0.07327541827002512,-0.9393677915387078,0.25264750333566677,-0.5922567359988259,-0.583001503963837,-0.17622762955733018,1707.48573136694
Zambia,Mortalidad_Alta,-1.2350923980019388,0.3129786060320464,-0.06634659432740993,-0.8770498808289304,0.31746177134473375,-0.5277122957634455,-0.5536352234336755,-0.20742033084434922,1820.71854827391
Zambia,Mortalidad_Alta,-1.372764457323396,0.3115867661086549,-0.04006276762474177,-0.8602939275199059,0.34697694316826266,-0.5649875670826005,-0.47988898595310886,-0.2246784974481355,1710.05061343728
Zambia,Mortalidad_Alta,-1.5354222117500995,0.3488545697790075,-0.09778651460995733,-0.7193119244890251,0.27222813600799345,-0.5427375582541847,-0.6013656243189385,-0.25132542800078245,1624.86817763443
Zambia,Mortalidad_Alta,-1.1056292028804968,-0.8478116810726344,0.7851454388710659,0.4442803859520999,0.570144920054657,-1.0408383645254051,-0.5320116748616704,-0.29819026984807023,1451.10616017155
Zambia,Mortalidad_Alta,-1.7843377424906743,0.340491107521947,-0.013098437270802503,-0.7402612645020087,0.39100690508416874,-0.6601586441669542,-0.4424288235397351,-0.3279452935508269,1136.24168316848
Zambia,Mortalidad_Alta,-1.9457338131717332,0.3837441424838009,-0.06335489438663215,-0.6145042316822518,0.35109969930272383,-0.6774914772273067,-0.5859103826527665,-0.33785950736732606,1375.50211006997
Zambia,Mortalidad_Alta,-2.1139958137890487,0.4203746262549981,-0.07899937549765236,-0.5152591689399175,0.3705227430759147,-0.6742634589906547,-0.6541573877963567,-0.35619954424976336,1118.73162626953
Zambia,Mortalidad_Alta,-1.785949713417481,-0.7280761803043346,0.7452452635814305,0.8080984536610415,0.6318937731006538,-1.0299509934064672,-0.6401813034902751,-0.40777540165913556,1051.71714895686
Zambia,Mortalidad_Alta,-2.367496386719581,0.4579946706848502,0.0162735915379259,-0.4965447228403234,0.6329653130352789,-0.7154501702350764,-0.5184209005834453,-0.39215244969716695,710.982068171696
Zambia,Mortalidad_Alta,-2.0812761924398195,-0.6621602380279491,0.8444856158579871,0.8563274417416706,0.9665507238220807,-1.0694271048253277,-0.5549526447219418,-0.358425620778284,548.685974566277
Zambia,Mortalidad_Alta,-2.6456966067147616,0.544511476165197,0.09670555499785878,-0.43798856797608177,0.9884184757161322,-0.7955368381720428,-0.5583049026131551,-0.2501184314880951,446.290104839041
Zambia,Mortalidad_Alta,-2.196319268158012,-0.5205468742199456,0.9049282285963735,0.9321014202838119,1.4811324300041768,-1.0255500897492067,-0.7999349750451342,-0.2182005247723535,393.864625518616
Zambia,Mortalidad_Alta,-2.7968656709928843,0.7066533442596984,0.1165034531576961,-0.28450119647722816,1.451318491823155,-0.6963925641409844,-0.876844797560262,-0.12979684432007565,396.548952993504
Zambia,Mortalidad_Alta,-2.9407152883404097,0.7431782365316331,0.14085128659104304,-0.23867171216013014,1.5689030869160645,-0.724163684670213,-0.8918782580485914,-0.07216821091427635,359.429500988221
Zambia,Mortalidad_Alta,-3.413280148971067,0.8405444352070414,-0.0817296723418045,0.15119288065369613,1.1827379847569084,-0.9097549797099436,-1.3245614475168006,0.20090922083439935,433.312782642118
Zimbabwe,Mortalidad_Alta,-1.615008242723048,0.24053495580330397,-0.33341877622628197,-0.5256456624175028,-0.6714646376202807,-0.5676563689560081,-0.7832608926647951,0.029510015704350853,2040.54658705395
Zimbabwe,Mortalidad_Alta,-1.3147662609192423,0.14503002886326546,0.09548131416764634,-1.150592548381177,0.19100336812624555,-0.7736754224709631,-0.18638968820310045,-0.16666057189906924,1724.38727102272
Zimbabwe,Mortalidad_Alta,-1.4321506366426522,0.14643166254214168,0.0018651002093662686,-1.0058105397689194,-0.07563404608971386,-0.7441358045768193,-0.26059879145398196,-0.009970004386895319,1730.45391034701
Zimbabwe,Mortalidad_Alta,-1.11980690358661,-1.0336521659360152,0.8114339100353881,0.3031662580791777,0.06534843997705016,-1.1607924373592358,-0.1769334345864944,-0.03541169186645814,1683.91313584141
Zimbabwe,Mortalidad_Alta,-1.3412374448979725,0.1485339349650337,0.07650996829556887,-1.1536880343943194,0.12793601880321587,-0.907697996957163,-0.24544806503585806,0.017967867873991145,2271.85250365817
Zimbabwe,Mortalidad_Alta,-1.0593536235880374,-1.0387197638111616,0.8764226956396579,0.15219104631249009,0.2088361451590991,-1.3976371165326635,-0.25379267981229436,0.019698782752809438,3448.08699068824
Zimbabwe,Mortalidad_Alta,-1.2955473503046457,0.15411164671712205,0.2146732370700308,-1.3086668582677343,0.4950276814610129,-0.9475287798812443,-0.13291929836094307,-0.003709078693349935,1407.42096413212
Zimbabwe,Mortalidad_Alta,-1.431894110414739,0.19135808950689984,0.1778389770293798,-1.202941699313057,0.48432162556369235,-0.9450944649993628,-0.20439579832982552,-0.007829198600190724,1386.41855927575
Zimbabwe,Mortalidad_Alta,-1.5776734714243312,0.2038185002953211,0.1677276962489222,-1.1458101158076481,0.46388803119910954,-0.9940937223017443,-0.21731031054779668,-0.030299798753967915,1372.21474610373
Zimbabwe,Mortalidad_Alta,-1.548847065456071,0.2471923076364911,0.19142270608635048,-1.1771429290174673,0.6390707559322963,-1.0704870429316775,-0.380664084483902,-0.04218890283955347,1362.29952932396
Zimbabwe,Mortalidad_Alta,-1.7661897672684292,0.3196716708541613,0.12779501576397412,-0.9773804216781861,0.6492740058904481,-0.9920193478529292,-0.5473818304060333,-0.08015890733473402,1238.59479481433
Zimbabwe,Mortalidad_Alta,-1.4346086911081906,-0.8555217642401056,1.0402617215542447,0.20660658902021023,1.056434142679478,-1.496099390496488,-0.44353813253676927,-0.08861648112999586,1037.24613741902
Zimbabwe,Mortalidad_Alta,-2.133656312471069,0.3163151960826276,0.28421480520322595,-1.0671946408866444,0.9366608130022003,-1.2836445623312531,-0.37357625788970356,-0.1399686738729944,901.55051752819
Zimbabwe,Mortalidad_Alta,-2.3674846925176674,0.405650001245716,0.23554674751998825,-0.8639964234515344,1.0189286622537181,-1.198404519321227,-0.5537707691920601,-0.23252134502901434,735.446248561806
Zimbabwe,Mortalidad_Alta,-2.8998213423254144,0.5272010791365856,0.13906204301116826,-0.3513276036052566,0.9371568783809022,-0.674021044923822,-0.41970546428353955,-0.397209918868768,340.740210298158
Zimbabwe,Mortalidad_Alta,-3.1052971638511275,0.6025054896014366,0.042452737005319895,-0.0900604809064074,0.845477647352133,-0.4912179532961359,-0.5058856565660385,-0.48945297294964374,413.302605010004
Zimbabwe,Mortalidad_Alta,-3.0613257181406706,0.564007936972902,0.03905649251042969,-0.18235565293917372,0.7675801606741139,-0.6814293439829459,-0.5480919090757447,-0.546688323276403,430.809214010242
Zimbabwe,Mortalidad_Alta,-2.8434143763119066,0.5111552934182794,0.1163550430515856,-0.4139982926371438,0.8922685196824648,-0.8323171552241703,-0.5257798745759042,-0.6427607345368325,461.028318446444
Zimbabwe,Mortalidad_Alta,-2.7593612098889615,0.5255826645899241,0.14478804328708833,-0.4279732967919,1.0219399893515035,-0.6945544010336183,-0.5119544500314036,-0.7718059734390161,469.484691401035
Zimbabwe,Mortalidad_Alta,-1.803097296487601,0.3088725482589433,0.7421940109025288,-1.6064665775259837,2.169359478903651,-1.1649477724427384,0.20841218439422354,-0.9452048124494056,468.234223473035
Zimbabwe,Mortalidad_Alta,-1.543851980443549,0.27507312733756306,0.7722124030464198,-1.778776782499415,2.226699044704053,-1.2531624637681322,0.19712599308595127,-0.9582006360246802,524.677281078209
Zimbabwe,Mortalidad_Alta,-1.6470387476921113,0.42597196073545585,0.7209871439733447,-1.4970913571107587,2.4976835797915755,-0.8410409735039865,0.023288797288696587,-1.0552830398131634,566.107692145462
Zimbabwe,Mortalidad_Alta,-1.673292768494694,0.45269301589147815,0.5794476610367849,-1.2951012512114597,2.213159628347421,-0.6838719702798218,-0.11629351673080303,-0.9821703430130637,562.556945680495
Zimbabwe,Mortalidad_Alta,-2.1671637368213448,0.5204656019091849,-0.0578534271327465,-0.4653182616377464,0.7220866121409932,-0.6705052875462587,-0.6311484926070762,-0.5197682141589779,647.975499841761
