country,categoria_expectativa_vida,government_integrity,energy_use_kg_of_oil_equivalent_per_capita,life_expectancy_at_birth_total_years,agriculture_value_added_of_gdp,services_value_added_of_gdp,tiene_dato_gini,government_integrity infant_mortality_rate_per_1_000_live_births,ratio_auto_energy_use_kg_of_oil_equivalent_per_capita_div_government_integrity,ratio_auto_agriculture_value_added_of_gdp_div_government_integrity,ratio_auto_infant_mortality_rate_per_1_000_live_births_div_agriculture_value_added_of_gdp,bin_auto_energy_use_kg_of_oil_equivalent_per_capita,gdp_per_capita_current_us$
Albania,Mortalidad_Baja,0.35600000000000004,0.0357815277821338,0.9171471492953716,0.214620052385816,0.4533778456379881,0.0,0.056068311195445926,0.04896818884320036,0.07464711834270955,0.0031863314624691066,0.3333333333333333,6846.42669381643
Albania,Mortalidad_Baja,0.406,0.03713980028233272,0.8896058373274196,0.2248549873388758,0.4423678485439668,0.0,0.06317267552182164,0.044547235459950756,0.06857076642187784,0.00281680247378511,0.3333333333333333,6413.28280828537
Albania,Mortalidad_Baja,0.38799999999999996,0.034909912055976655,0.9036268688747406,0.23767430575818613,0.44781268004062647,1.0,0.05963567362428842,0.04384875478946508,0.07583659425231037,0.0024166253560743,0.3333333333333333,5370.77749956875
Albania,Mortalidad_Baja,0.40399999999999997,0.0374725594748351,0.9271335574790756,0.22950202064342864,0.444757411473645,1.0,0.06132827324478178,0.04516405253367176,0.07033230038698651,0.0025468586311532698,0.3333333333333333,5460.4305086932
Albania,Mortalidad_Baja,0.399,0.03774755033424578,0.9238572143930179,0.2264034031570331,0.43271202989511004,1.0,0.05905502846299811,0.04606161130788026,0.07025354294416288,0.0024785707671377464,0.3333333333333333,5365.48880180298
Albania,Mortalidad_Baja,0.397,0.03780656199324813,0.9190213892266972,0.2284728776849403,0.4345946063715129,1.0,0.058005692599620504,0.04636517644549179,0.07125192746307749,0.002352844902273296,0.3333333333333333,4614.0479692596
Albania,Mortalidad_Baja,0.33,0.03602899778633869,0.9153444452392874,0.2422435979884495,0.42189277714085155,1.0,0.04759013282732448,0.05318709052667364,0.09087728951082952,0.0019625453761855957,0.3333333333333333,4168.37544462548
Albania,Mortalidad_Baja,0.31,0.034925260211861354,0.9112669003505258,0.23692785903893002,0.4153898078249048,1.0,0.04470588235294117,0.05490548799837464,0.09462036930549154,0.002080499621602364,0.3333333333333333,3981.72662261867
Albania,Mortalidad_Baja,0.304,0.03718001547048307,0.9065598397596393,0.24313668064217167,0.41287783209517037,1.0,0.044994307400379505,0.0595576520826245,0.09901288946278215,0.0020812684042036474,0.3333333333333333,4602.23051443229
Albania,Mortalidad_Baja,0.31,0.03684757146140003,0.9060733958079976,0.23917621731235514,0.41254967628369316,0.0,0.047058823529411764,0.057888962095780705,0.09551703761458732,0.0023106051860149047,0.3333333333333333,4420.23461988353
Albania,Mortalidad_Baja,0.33,0.03156457319887963,0.9073467343872952,0.22230061782041727,0.42255123250497034,1.0,0.0532258064516129,0.04667812742757277,0.08340585291389956,0.003113438861351112,0.3333333333333333,4222.3470988913
Albania,Mortalidad_Baja,0.32,0.03513904734442954,0.9104800057228699,0.21127574493006632,0.40810539215732256,0.0,0.05464895635673624,0.053511125520042606,0.08175285458973275,0.0038447425639792578,0.3333333333333333,4465.70914328865
Albania,Mortalidad_Baja,0.34,0.03347570784337497,0.9120681021532298,0.20669929212096638,0.397548583249997,0.0,0.06258064516129032,0.0480096519067517,0.07527976832135246,0.004570879041390833,0.3333333333333333,4149.14469936847
Albania,Mortalidad_Baja,0.29,0.03361513830821926,0.913427283782817,0.193039005557406,0.40542585992503505,0.0,0.05722960151802657,0.056518501693794417,0.08243546188479157,0.005735346594974964,0.3333333333333333,4213.65007574693
Albania,Mortalidad_Baja,0.26,0.03260482664416358,0.9096931110952142,0.1948472213101301,0.39483301639806195,1.0,0.05476280834914611,0.06117029492155632,0.09280706071261252,0.006254272360177322,0.3333333333333333,4498.50486763601
Albania,Mortalidad_Baja,0.24,0.0311503960862338,0.9017240145933185,0.19624502062012475,0.3887913226668112,0.0,0.05419354838709678,0.06335212507039688,0.10126103065331418,0.0068701681206867135,0.3333333333333333,3743.05529896187
Albania,Mortalidad_Baja,0.25,0.03240075601374469,0.8917519135846625,0.2026870463397407,0.3848463721229273,0.0,0.06024667931688805,0.06322437067962551,0.10039633027107578,0.007209535232819867,0.3333333333333333,3057.77257038113
Albania,Mortalidad_Baja,0.25,0.03301273648503367,0.8836397453322842,0.21639487238270008,0.38711471885317805,1.0,0.06404174573055028,0.06440213342588344,0.10717518884860024,0.007164940688909995,0.3333333333333333,2741.72136549578
Albania,Mortalidad_Baja,0.25,0.03280602061127119,0.8768295300092994,0.23459821202194542,0.37755678819933597,0.0,0.0683111954459203,0.06400430658891787,0.11617718994391388,0.006997634568158436,0.3333333333333333,2446.90949947798
Albania,Mortalidad_Baja,0.1,0.029684336366705324,0.8711925030402747,0.2503486204696953,0.37228492655060835,0.0,0.02903225806451613,0.14499148243743726,0.30991538993693374,0.006953774706166923,0.3333333333333333,1908.69900687608
Albania,Mortalidad_Baja,0.1,0.030230104334666476,0.8675012518778167,0.24979552174581535,0.3924872178099646,1.0,0.030550284629981023,0.14761732268447847,0.3092315874840792,0.00751389361468879,0.3333333333333333,1479.83884572006
Albania,Mortalidad_Media,0.23,0.027311486800672177,0.8644109020673867,0.25850876448912097,0.4076496637100223,0.0,0.07419354838709677,0.058076108091861436,0.13913211821461763,0.007734062234368929,0.3333333333333333,1326.41652388077
Albania,Mortalidad_Media,0.1,0.026529336930734206,0.8607339580799769,0.280360036603231,0.40670196980860046,0.0,0.03396584440227704,0.12981190982654528,0.34701885642441643,0.0074136940145255945,0.3333333333333333,1160.42047054038
Albania,Mortalidad_Media,0.1,0.01890254736894775,0.8492309893411547,0.4152489687659377,0.38751091335059346,0.0,0.04212523719165085,0.09311732135176297,0.5137836285951887,0.005674196600598886,0.0,911.320465445326
Algeria,Mortalidad_Baja,0.30100000000000005,0.06917747692603904,0.8793762071678948,0.1339874073978358,0.4143326770474441,0.0,0.11423149905123339,0.11129696879552697,0.05516832379829394,0.02171850868835442,0.6666666666666666,4961.55257664733
Algeria,Mortalidad_Baja,0.327,0.06690805477367194,0.8661992989484226,0.14186244060424108,0.479358751042696,0.0,0.12533965844402278,0.09910858106011147,0.053759220409948495,0.020569131405685056,0.6666666666666666,4160.55926736925
Algeria,Mortalidad_Media,0.28300000000000003,0.06322113710924301,0.8382860004292152,0.1620953938747923,0.5285744569140584,0.0,0.10954838709677418,0.10824956965579889,0.0709564977615101,0.01780243332347068,0.6666666666666666,3743.5419522929
Algeria,Mortalidad_Baja,0.289,0.06746795924190445,0.8729808999213104,0.14494718467049833,0.5020737473907184,0.0,0.11351612903225805,0.1130722888982854,0.062147528056877885,0.020640582764033077,0.6666666666666666,4468.45341883656
Algeria,Mortalidad_Baja,0.29,0.06648373826281992,0.8711638886901782,0.14196869166818674,0.49005639589104477,0.0,0.11555977229601518,0.11104950216646432,0.06066345178608524,0.021495996156598064,0.6666666666666666,4577.21029180491
Algeria,Mortalidad_Baja,0.317,0.06360848213280006,0.8693897989841906,0.13928634667559994,0.5105351805801823,0.0,0.12812333965844402,0.0972270996484413,0.05445040868767891,0.02233349209597093,0.6666666666666666,4554.66753957828
Algeria,Mortalidad_Baja,0.36,0.06318408785016713,0.8676586308033478,0.13974741717426914,0.5238971828845688,0.0,0.14755218216318786,0.08504667442229144,0.048104950671213544,0.02260898685357486,0.6666666666666666,4424.98529027556
Algeria,Mortalidad_Media,0.36,0.06519334394581311,0.8654982473710566,0.13297004616308883,0.5206632205983449,0.0,0.14960151802656546,0.08773197590584934,0.04577746638371889,0.024304568756912497,0.6666666666666666,4685.05902729002
Algeria,Mortalidad_Media,0.287,0.06257362038799201,0.8631089491379926,0.11872344040026715,0.47269564790268803,0.0,0.12144402277039848,0.10565536604837047,0.051284192626369116,0.02817274254032122,0.6666666666666666,6094.69392314956
Algeria,Mortalidad_Media,0.29,0.05866019741526853,0.860490736104156,0.11509128529605854,0.460036212520481,0.0,0.1249146110056926,0.09806977348179116,0.049205226480668864,0.029745561981982138,0.6666666666666666,5979.60138960585
Algeria,Mortalidad_Media,0.29,0.057969394715405166,0.8576293010944986,0.10125740810908969,0.43857821266074015,0.0,0.1276660341555977,0.09692368991252438,0.04330764546183497,0.03507299919112166,0.6666666666666666,6033.64884689543
Algeria,Mortalidad_Media,0.28,0.05404466342008524,0.854395879533586,0.0893175231004575,0.43561141585210683,1.0,0.1264516129032258,0.0936413342232913,0.03958241131239568,0.04130877676107888,0.6666666666666666,5916.31364364343
Algeria,Mortalidad_Media,0.32,0.05297127198856992,0.8509764646970455,0.09498964404585387,0.42365133917555076,0.0,0.14815939278937382,0.08032229798346856,0.036826019207328455,0.039711833250821484,0.6666666666666666,4912.78585503672
Algeria,Mortalidad_Media,0.3,0.05286119842135566,0.8470706059088631,0.10105802845999216,0.45255727445659144,0.0,0.1428842504743833,0.08550058641693853,0.04178189214528342,0.03829743257750887,0.6666666666666666,4235.42990456612
Algeria,Mortalidad_Media,0.31,0.04923952113188119,0.8434508906216467,0.0699066857350392,0.3777124962415502,0.0,0.15235294117647058,0.07712157120999813,0.028010614614819095,0.058661905531103044,0.3333333333333333,5180.91881514686
Algeria,Mortalidad_Media,0.28,0.04956130984097645,0.8395593390085128,0.07973082362882651,0.37931765283457314,0.0,0.14292220113851992,0.0859375303563166,0.03534950087367005,0.0531571392215735,0.3333333333333333,4167.45169937531
Algeria,Mortalidad_Media,0.27,0.04747184672759855,0.8362686887474067,0.08023684437602675,0.3639844042133115,0.0,0.14294117647058824,0.08539707465518902,0.03689044512713263,0.054888200561271125,0.3333333333333333,3660.66104745322
Algeria,Mortalidad_Media,0.26,0.044997703680059314,0.8322626797338863,0.08268277575306175,0.377140613230885,0.0,0.1430740037950664,0.08410319879267268,0.03947235982750291,0.05540026722413436,0.3333333333333333,3233.13339634212
Algeria,Mortalidad_Media,0.5,0.04383618793021221,0.8279705272194005,0.09740001018570627,0.3976090309674585,0.0,0.2855787476280835,0.04261598883554938,0.024164645090195294,0.04845144898082234,0.3333333333333333,2816.99384960555
Algeria,Mortalidad_Media,0.5,0.04390812464361885,0.81895700693898,0.1066961260718717,0.41678286481473537,0.0,0.2969639468690702,0.04268521031001909,0.026463224555498637,0.04584021848940099,0.3333333333333333,2283.77299346126
Algeria,Mortalidad_Media,0.5,0.041847216641084393,0.8152085270763287,0.10614316405753836,0.4359905997532172,0.0,0.30740037950664134,0.040702090927355175,0.02632649786805159,0.04783145449184831,0.3333333333333333,1937.46411413019
Algeria,Mortalidad_Media,0.5,0.039622286556967666,0.8063523857214394,0.11213120323172421,0.4281051213546797,0.0,0.3187855787476281,0.038561140448509064,0.02780711450964265,0.04690179549675162,0.3333333333333333,1896.30020878013
Algeria,Mortalidad_Media,0.5,0.0400937725709607,0.7999284641247584,0.10591564222417663,0.30401821142265156,0.0,0.3292220113851993,0.039014830303589786,0.026270240284725663,0.05157858037069647,0.3333333333333333,1772.92869122761
Algeria,Mortalidad_Media,0.5,0.039074866027111535,0.7586522641104514,0.28691062747552964,0.5246617679013033,1.0,0.3681214421252372,0.03803438221287177,0.07102348578167407,0.01939570788786902,0.3333333333333333,1466.94806760415
Angola,Mortalidad_Alta,0.20600000000000002,0.019185078359474986,0.7093640460691035,0.17353123856824915,0.3959703072789764,0.0,0.15479316888045544,0.04586245431308779,0.10434230964276377,0.03497082170631176,0.0,2929.69445467272
Angola,Mortalidad_Alta,0.204,0.01896401017019301,0.6909364046069102,0.14503786827894508,0.39322199425553855,0.0,0.15832258064516128,0.04579070384481137,0.08809728887024337,0.043975418338127896,0.0,1925.87466082167
Angola,Mortalidad_Alta,0.151,0.018002155150665833,0.6931969382645395,0.12555074795055474,0.4326956547066775,0.0,0.12120113851992408,0.05879820265650584,0.10306378371050223,0.05316316840627074,0.0,1449.92286669308
Angola,Mortalidad_Alta,0.20500000000000002,0.018900779020883822,0.692266971886401,0.09943061478648649,0.40678486542780407,0.0,0.17037950664136622,0.04541893333727737,0.06016277355338648,0.07047412689371986,0.0,2189.85571407618
Angola,Mortalidad_Alta,0.189,0.01835238045207022,0.6861291937906859,0.10860740427330381,0.4191417332336987,1.0,0.16246110056925994,0.047867892353444505,0.07125876110106459,0.06657295684904482,0.0,2538.59139143371
Angola,Mortalidad_Alta,0.128,0.02074299987482136,0.6789756062665426,0.12644236547694873,0.4596856829114635,0.0,0.11415559772296016,0.07966581723183734,0.12244424267956511,0.05899582342211672,0.0,2437.25971190821
Angola,Mortalidad_Alta,0.19,0.021032718159061218,0.6717790972172544,0.12409061141166428,0.4621756491177833,0.0,0.17629981024667932,0.05440324244350355,0.0809584891784047,0.0627393972692106,0.3333333333333333,1807.95294072643
Angola,Mortalidad_Alta,0.23,0.023566171582907424,0.6635238572143929,0.11512241466584384,0.48131918308119603,0.0,0.22301707779886146,0.050241436492275506,0.06205810539115917,0.07107146365289624,0.3333333333333333,3213.90261080059
Angola,Mortalidad_Alta,0.177,0.02030063846682191,0.6542814221331996,0.09518379573022456,0.4602706606416589,0.0,0.18002277039848197,0.056408996211847834,0.06671372512581163,0.0909954391487076,0.0,5005.9997412707
Angola,Mortalidad_Alta,0.2,0.023310766383080946,0.6443951641748336,0.08202748065104033,0.41432994699113246,0.0,0.21518026565464896,0.05716323953044994,0.050908993257625774,0.11238437088212723,0.3333333333333333,5057.74787833163
Angola,Mortalidad_Alta,0.19,0.024202809494085462,0.6331068030617353,0.07648606885521661,0.3780704322561217,0.0,0.21776091081593926,0.0624307076542521,0.049982670518072876,0.12882378060624822,0.3333333333333333,5086.02740086376
Angola,Mortalidad_Alta,0.19,0.02211405491521477,0.6213319979969956,0.07365185781340298,0.37203721458597855,0.0,0.23218216318785576,0.057141457931247516,0.048138476612160884,0.14297082098206798,0.3333333333333333,4615.91059831778
Angola,Mortalidad_Alta,0.19,0.022162584750027452,0.6091565920309034,0.07788658226497541,0.4040917927985432,0.0,0.24840607210626184,0.05726434762730708,0.050893971143651,0.14471888556137336,0.3333333333333333,3597.34293216332
Angola,Mortalidad_Alta,0.22,0.02298137530869106,0.5946061950067958,0.08346647895256695,0.48509092572736523,0.0,0.30766603415559773,0.05124622169891803,0.04708956228538735,0.14448759856848004,0.3333333333333333,3136.64546955947
Angola,Mortalidad_Alta,0.22,0.021456400628563497,0.5811002217612131,0.06048570829201928,0.31801652402780034,1.0,0.32853889943074005,0.04791118812665328,0.034175290985998225,0.21415011236700074,0.3333333333333333,4103.0669003635
Angola,Mortalidad_Alta,0.2,0.02028345245840744,0.5656341655340154,0.06601543479268622,0.3211371141510269,0.0,0.3180265654648956,0.04988061833381552,0.04101105301618529,0.20894272158957652,0.0,3141.0459797605
Angola,Mortalidad_Alta,0.2,0.01917519060142933,0.5479648043493812,0.06537002247101516,0.3501560507827609,0.0,0.3381404174573055,0.04721454157670462,0.04061208759680656,0.2245832429365797,0.0,2617.05196022633
Angola,Mortalidad_Alta,0.33280000000000004,0.017766613863155395,0.5360183131840617,0.06371369207048788,0.3315686386029461,0.0,0.5961351043643265,0.026337749970467252,0.023790995929306644,0.24438309697571486,0.0,1916.46842218625
Angola,Mortalidad_Alta,0.26280000000000003,0.019669331405516688,0.5216109879104369,0.07877987049311802,0.3865370833791265,0.0,0.4951810246679316,0.036836579479988016,0.03721572599243886,0.20761966304495896,0.0,1266.21086410236
Angola,Mortalidad_Alta,0.278,0.02025301430697733,0.5086629944917376,0.07811553482706364,0.39606401390018897,0.0,0.5486148007590134,0.03583265839013114,0.03488546831521811,0.21947368643915874,0.0,992.698979254665
Angola,Mortalidad_Alta,0.262,0.019477530726063317,0.47512697617855354,0.07357426751323902,0.35871625421661796,0.0,0.5374231499051233,0.036596841563074946,0.034872969375229323,0.2424852187247546,0.0,882.147847234303
Angola,Mortalidad_Alta,0.1732,0.019439256351145354,0.46308033478789606,0.10289511082240825,0.23388462146036043,0.0,0.3677624288425047,0.05525379695111044,0.07368180308982464,0.1788549388957677,0.0,533.586202412447
Angola,Mortalidad_Alta,0.1,0.019421769066617266,0.45548322483725584,0.07136130356944075,0.17975187932743042,1.0,0.21821631878557873,0.09561544016949232,0.08863126643060813,0.26624513520348486,0.0,563.733795571487
Angola,Mortalidad_Alta,0.3,0.02093106918163741,0.4503040274697761,0.08387167286407413,0.303460225498665,0.0,0.7013282732447818,0.034292366457275195,0.0346993276742859,0.24256045511978616,0.0,404.29481849612
Argentina,Mortalidad_Baja,0.451,0.08350159012093926,0.8747549896272979,0.08368289243277356,0.5366411599734175,1.0,0.07103036053130929,0.08956122750395219,0.023029842917277287,0.013298922021540609,0.6666666666666666,13935.6811110049
Argentina,Mortalidad_Media,0.54,0.08037615491497752,0.8481722583875813,0.09194681795025728,0.5289147437480779,1.0,0.08709677419354839,0.07201551946258657,0.021126181444331774,0.012176384301034824,0.6666666666666666,10738.0179223384
Argentina,Mortalidad_Baja,0.49700000000000005,0.07492422319757237,0.8757851062307747,0.0801233357854843,0.5519914751429872,1.0,0.08204743833017078,0.07296842206425314,0.020012851074187876,0.014868870684990551,0.6666666666666666,8535.59938004389
Argentina,Mortalidad_Baja,0.335,0.08203584925183587,0.8896487588525643,0.06698077456683571,0.5586157383645637,1.0,0.05657495256166983,0.11846837384736143,0.024840467743494604,0.0189161378957341,0.6666666666666666,9955.97478680428
Argentina,Mortalidad_Baja,0.326,0.08339845838263572,0.8885471063738464,0.05710083512758147,0.5692306793913425,1.0,0.05691081593927894,0.12374998184060516,0.021779411562539406,0.02361623739682793,0.6666666666666666,11752.7998922979
Argentina,Mortalidad_Baja,0.38200000000000006,0.08655671896151582,0.8852993776378855,0.06588057719224434,0.5804072372549547,1.0,0.06813662239089185,0.10958644075115304,0.021428109946590182,0.020554293681076096,0.6666666666666666,14532.5009308511
Argentina,Mortalidad_Baja,0.34,0.08725472931906407,0.8790328349667358,0.07895309931509677,0.5664084027233827,1.0,0.06258064516129032,0.12411133060284511,0.028828556687260323,0.017256527422774358,0.6666666666666666,12699.9623137756
Argentina,Mortalidad_Baja,0.34,0.08864180716316071,0.8861148866156376,0.06493221091385791,0.5629040283276506,0.0,0.06451612903225806,0.12607415829143798,0.023730265770570004,0.02244584870141642,0.6666666666666666,13679.6264980954
Argentina,Mortalidad_Baja,0.295,0.08826398045050013,0.8813649044996066,0.08462455205709515,0.5301292385289178,1.0,0.05821631878557875,0.14468959649174368,0.035602975056852185,0.01726860763773926,0.6666666666666666,12233.1444119186
Argentina,Mortalidad_Baja,0.3,0.08904976797915645,0.8750840546534084,0.07627457405714505,0.5412871315793284,1.0,0.06204933586337761,0.1435383167383142,0.03156853349326747,0.020607648271604308,0.6666666666666666,12963.675773326
Argentina,Mortalidad_Baja,0.29,0.08761391538208779,0.8746977609271049,0.07284270066325267,0.5383113624169904,1.0,0.06273244781783682,0.14610574733875417,0.031194046575317384,0.0228772758816903,0.6666666666666666,12949.717486654
Argentina,Mortalidad_Baja,0.29,0.08611248338145704,0.8789612990914941,0.08824443741911632,0.5172599195047626,1.0,0.06548387096774194,0.14361478060305,0.03776002870171794,0.01927357928573662,0.6666666666666666,12704.2831819684
Argentina,Mortalidad_Baja,0.29,0.08429297825948039,0.872952285571214,0.08993312110570456,0.5136485217686855,1.0,0.06823529411764706,0.14059611127111682,0.03847993887022939,0.019782028780126946,0.6666666666666666,10260.1313108254
Argentina,Mortalidad_Baja,0.29,0.07949864450342391,0.8714786465412403,0.06641212633328282,0.5342963585299576,1.0,0.07043643263757117,0.132642020841991,0.02845260015389369,0.02892447340782038,0.6666666666666666,8150.23527028221
Argentina,Mortalidad_Baja,0.29,0.08723333726816977,0.8693468774590456,0.09229702507467899,0.4995095910380668,1.0,0.07263757115749525,0.14547434516955268,0.03948770516664425,0.020644188225972308,0.6666666666666666,8944.1102657357
Argentina,Mortalidad_Media,0.28,0.08521479637847186,0.8601187495529008,0.0939852742724108,0.49099352316177647,1.0,0.07225806451612904,0.1472013728376598,0.041643409752954205,0.020928198267083323,0.6666666666666666,7185.25155147027
Argentina,Mortalidad_Baja,0.25,0.0823422209767159,0.8672151083768509,0.08744509081718274,0.4823367945732747,1.0,0.06641366223908918,0.1593372365085726,0.04340633665454389,0.023499396251016783,0.6666666666666666,5869.38028970204
Argentina,Mortalidad_Baja,0.25,0.07902007968079329,0.8665283639745331,0.10014096371908468,0.4793380871709123,1.0,0.0683111954459203,0.15294374122611423,0.04968475940739333,0.02078161386669614,0.6666666666666666,5067.65342293276
Argentina,Mortalidad_Media,0.28,0.08034165017059978,0.8613777809571499,0.10550355193482121,0.4719360842322513,1.0,0.0791650853889943,0.1388277833051562,0.046729189055584444,0.020355144734686633,0.6666666666666666,4242.02099089422
Argentina,Mortalidad_Media,0.35000000000000003,0.07329093067807574,0.8533085342299163,0.13038042178310696,0.5083636353036026,1.0,0.10227703984819735,0.10136995337001788,0.04617065597850965,0.016495422199310775,0.6666666666666666,3320.47775133903
Argentina,Mortalidad_Media,0.35000000000000003,0.06843080518106,0.8533800701051577,0.12884251006447148,0.5510630650865944,1.0,0.10493358633776091,0.09468898066737687,0.04562741645488303,0.017251474556391717,0.6666666666666666,2569.69963519124
Argentina,Mortalidad_Media,0.3,0.0700180321784176,0.8511195364475284,0.05748949770751036,0.6685634106202418,1.0,0.09222011385199241,0.11301600642188296,0.02382712993645414,0.04377894586478613,0.6666666666666666,7141.47507662826
Argentina,Mortalidad_Media,0.3,0.07581275072648318,0.8476285857357464,0.058898336330707325,0.6501832626362468,1.0,0.09506641366223909,0.12230933623542374,0.02440771785239333,0.04407757928086381,0.6666666666666666,7637.01489203628
Argentina,Mortalidad_Media,0.5,0.06949548517266559,0.8326632806352385,0.06739725299062808,0.6364371953611194,1.0,0.198292220113852,0.06730678029468591,0.01674609282217529,0.04855244810937007,0.6666666666666666,7357.6162773788
Armenia,Mortalidad_Media,0.508,0.06208831116808024,0.859873433844146,0.12808389792644229,0.5606383687964075,1.0,0.08964705882352941,0.05923148504459353,0.03125158986022479,0.008867364551385617,0.6666666666666666,6571.97445545099
Armenia,Mortalidad_Media,0.45,0.0585583597941699,0.8242799739679203,0.14323068665828298,0.5317008035602757,1.0,0.08282732447817837,0.0630916387132456,0.03944093987067149,0.008051571940972002,0.6666666666666666,4685.17997128509
Armenia,Mortalidad_Media,0.434,0.05678446226097997,0.8399829709721383,0.14330986944749644,0.5335574986825216,1.0,0.084,0.0634510746169961,0.04091754009929835,0.008630230742113639,0.6666666666666666,4268.68093304583
Armenia,Mortalidad_Baja,0.386,0.053526037628976585,0.8807060765364074,0.1455347951029203,0.5419039100326569,1.0,0.07837191650853889,0.067279918155009,0.046718348644589444,0.009024217065174122,0.6666666666666666,4597.22887399548
Armenia,Mortalidad_Baja,0.405,0.04931418111218477,0.8720868759585376,0.17611960245745661,0.5264321192681705,1.0,0.08607210626185959,0.059120019879410485,0.05386300803978734,0.007363782574866281,0.3333333333333333,4196.00562301769
Armenia,Mortalidad_Baja,0.434,0.05087490779859325,0.8663291103903239,0.1894326446443009,0.5053256069956065,1.0,0.09635294117647059,0.056899808095669475,0.054056279512390344,0.007058249233512993,0.3333333333333333,3869.05373867752
Armenia,Mortalidad_Media,0.37,0.04795724798561283,0.8613390468978726,0.207102567243804,0.49557935468785463,1.0,0.08565464895635673,0.06294797322216186,0.06931075299097846,0.006580743657409462,0.3333333333333333,3524.42476874707
Armenia,Mortalidad_Media,0.36,0.04987961396899407,0.8613739424467717,0.21764021075213322,0.47621977810939764,1.0,0.08743833017077798,0.06726570387877025,0.07485488849555154,0.006565504566888208,0.3333333333333333,3512.39350276709
Armenia,Mortalidad_Media,0.267,0.04809077199119721,0.8614088379956693,0.22838375860897847,0.4671020676324903,1.0,0.06788994307400378,0.0874718808038267,0.10590261163572931,0.006542799883439782,0.3333333333333333,3852.11800610384
Armenia,Mortalidad_Media,0.26,0.044091586919600585,0.8578145964591486,0.23297428164762876,0.44813648245041504,1.0,0.06956356736242884,0.08242643814190377,0.11093665025080886,0.006853255705607455,0.3333333333333333,3680.16692158886
Armenia,Mortalidad_Media,0.26,0.045142310790510724,0.8506261133861077,0.22636703265856,0.44755695791770533,1.0,0.07301707779886148,0.08437079290769992,0.10779487348941856,0.007668102656941627,0.3333333333333333,3511.56399687426
Armenia,Mortalidad_Media,0.27,0.04117463898013157,0.8462990653227227,0.129850900433958,0.5410140840215745,1.0,0.07992409867172676,0.07417573999095588,0.0596083860953378,0.01683410731995664,0.3333333333333333,3349.55309771906
Armenia,Mortalidad_Media,0.29,0.03740069296740115,0.8370866404135817,0.1280759822876777,0.5220096841232545,1.0,0.09024667931688805,0.06279896642896095,0.05474078975610532,0.018159346042439187,0.3333333333333333,3041.34450723339
Armenia,Mortalidad_Media,0.3,0.03905796133112301,0.835655922908753,0.09598953458077568,0.5894550133766759,1.0,0.09791271347248577,0.06336352596956735,0.0396931459611341,0.02670443170920094,0.3333333333333333,2820.5926553347
Armenia,Mortalidad_Media,0.29,0.04471417926797726,0.835655922908753,0.09283303904971496,0.6054947992353409,1.0,0.09960151802656549,0.07493248369055514,0.03971621564149361,0.029344415525393013,0.3333333333333333,3777.66859313767
Armenia,Mortalidad_Media,0.29,0.04216005930784012,0.8327944878990958,0.11903296378932822,0.5213450579381176,1.0,0.10510436432637572,0.07069504379515736,0.05088562077288875,0.02358626775192573,0.3333333333333333,2962.70234594569
Armenia,Mortalidad_Media,0.31,0.03752353691520612,0.8320965769211317,0.1433067855557604,0.5825761292772285,1.0,0.11823529411764706,0.05893807702066906,0.05728332625140545,0.020212105350229825,0.3333333333333333,2041.65267068997
Armenia,Mortalidad_Media,0.3,0.03660785806705981,0.8356908184576521,0.3170291948402192,0.4953707838194321,1.0,0.12125237191650853,0.05943415174348468,0.13078445590742258,0.007975757370514383,0.3333333333333333,1557.48458908655
Armenia,Mortalidad_Media,0.25,0.03026777547663469,0.8349929074796867,0.21177270830732978,0.47215958130692914,1.0,0.10673624288425047,0.059119427576114034,0.10488941454048939,0.014523127458300573,0.3333333333333333,1130.08791444158
Armenia,Mortalidad_Media,0.25,0.028441747119434483,0.8321314724700293,0.32561125048321266,0.4264493381999001,1.0,0.11242884250474383,0.05560521711741878,0.16118538559114498,0.008916094185107233,0.3333333333333333,882.030167695474
Armenia,Mortalidad_Media,0.25,0.0267644380417223,0.8321314724700293,0.3000856221017393,0.3970102700297853,1.0,0.11859582542694497,0.05237721845019196,0.1485623318437328,0.010681390581335715,0.3333333333333333,742.651118319819
Armenia,Mortalidad_Media,0.3,0.028533292182499843,0.8342601009528234,0.4603397696596856,0.4050095827373227,1.0,0.15028462998102465,0.04648449711505923,0.18984330522947795,0.0063275795046133215,0.3333333333333333,659.588988535629
Armenia,Mortalidad_Media,0.3,0.028577276176492073,0.8328991745457914,0.3526141915628037,0.47761831551899436,0.0,0.15825426944971538,0.04655503682450259,0.14544917246593497,0.009933285841111453,0.3333333333333333,593.450581742282
Armenia,Mortalidad_Media,0.254,0.02262788388170039,0.7720650662404749,0.35917968561533997,0.40572984403063345,0.0,0.17302846299810246,0.04371690668100731,0.17498602947190645,0.013477499976062733,0.3333333333333333,443.924860857976
Australia,Mortalidad_Baja,0.87,0.2264688652679761,0.9805422419343299,0.033502549688976466,0.6480289312854282,0.0,0.052827324478178374,0.1254915097823566,0.004807591270978389,0.012591689275419529,1.0,64997.0136536475
Australia,Mortalidad_Baja,0.898,0.23487558835354838,0.9819729594391586,0.028827724838060034,0.6759192443686118,0.0,0.054527514231499055,0.12608276157163598,0.004014087210635808,0.015140029259765668,1.0,60607.7788605166
Australia,Mortalidad_Baja,0.893,0.242221851505143,0.9805422419343299,0.025137469751440926,0.6818958733845641,0.0,0.05422390891840607,0.13074670744052005,0.0035256660041065807,0.017812436106097333,1.0,51791.540179984
Australia,Mortalidad_Baja,0.799,0.24532236075362507,0.976250089419844,0.026447722228124044,0.6791865916163901,0.0,0.04851612903225807,0.14799568244446804,0.0041431887300224955,0.01677923985445724,1.0,54972.7017885437
Australia,Mortalidad_Baja,0.774,0.24468818766815312,0.9740865653881521,0.03080450086961993,0.6854549727201578,1.0,0.046998102466793173,0.15238169522956882,0.004972921781938737,0.013969064857371637,1.0,57196.4220783778
Australia,Mortalidad_Baja,0.748,0.2466244429666687,0.9705272194005292,0.03392295940721603,0.6892190608482675,0.0,0.04541935483870968,0.15892382078141631,0.005661203413530853,0.012396607116176349,1.0,53901.7145392154
Australia,Mortalidad_Baja,0.8,0.2416615153999087,0.969794412873666,0.03011496516147589,0.7032999284127063,1.0,0.04857685009487666,0.14560902073370985,0.004704741686521673,0.014360248203575622,1.0,49888.0410842736
Australia,Mortalidad_Baja,0.81,0.2463802508248559,0.9690965018957007,0.029740829114421805,0.692208501078074,0.0,0.050721062618595825,0.1466142350233271,0.004589553666668105,0.015138824606229168,1.0,56739.0265346593
Australia,Mortalidad_Baja,0.877,0.2505000054584776,0.9676657843908718,0.02777602328828369,0.6746249090339346,1.0,0.05658064516129032,0.13767349825415226,0.003961946655069917,0.017025911654107946,1.0,62544.0873773726
Australia,Mortalidad_Baja,0.88,0.2563448500467474,0.9655022603591801,0.02859535142186667,0.6810569723651522,0.0,0.05844402277039848,0.14039974310642178,0.004063547405227835,0.017031030250171414,1.0,68190.7010035651
Australia,Mortalidad_Baja,0.87,0.2563606695594466,0.9640366473054525,0.028371840177889497,0.668720566114736,0.0,0.05943074003795066,0.14202228176735743,0.004078492826226153,0.017774848707004055,1.0,68072.8732340801
Australia,Mortalidad_Baja,0.87,0.26401500245458326,0.9618731232737605,0.02868290419028267,0.662612802173927,0.0,0.06273244781783682,0.14625528257764644,0.0041226965152411236,0.018707247223634222,1.0,62605.600458306
Australia,Mortalidad_Baja,0.87,0.2669984972472897,0.9590116882641033,0.027569762831645625,0.6750315305559124,1.0,0.06603415559772297,0.14790521550426938,0.003964513786006912,0.020790017509922765,1.0,52144.6654705468
Australia,Mortalidad_Baja,0.86,0.27075710644630446,0.9568481642324114,0.02879303052274439,0.6564791488202056,0.0,0.06853889943074004,0.15172780006711686,0.004186466297875065,0.020932028430949583,1.0,42816.5674002829
Australia,Mortalidad_Baja,0.87,0.275734878921962,0.9547195357496172,0.02931183173377754,0.6610253727309701,1.0,0.07263757115749525,0.15273661116141135,0.004212070137511712,0.021641664046374253,1.0,49701.2817843335
Australia,Mortalidad_Baja,0.88,0.27121334915536943,0.9532539226958909,0.02758967895168375,0.6595035449394542,0.0,0.07514231499051233,0.14852888523950544,0.0039222605081290635,0.023782196045520683,1.0,41051.6120652288
Australia,Mortalidad_Baja,0.88,0.2675634373036655,0.9496596811593703,0.034234115589787666,0.6525254626805312,0.0,0.07848197343453511,0.14653334742503146,0.004855737224854082,0.01954779381325144,1.0,36595.7071548423
Australia,Mortalidad_Baja,0.88,0.26057332673174866,0.9467982461497118,0.03619359385455915,0.6600183633474918,0.0,0.08015180265654648,0.1427116030815065,0.005131024271253682,0.018781947861964982,1.0,34479.7679298388
Australia,Mortalidad_Baja,0.86,0.2618558165215329,0.9417732871083626,0.03841771046174835,0.6590451920180534,1.0,0.07833017077798862,0.14674796735790344,0.0055700831498083315,0.01751428462184882,1.0,30836.7306824685
Australia,Mortalidad_Baja,0.85,0.2601594154308824,0.938179045571842,0.03621312339974163,0.6593194427662147,1.0,0.07903225806451614,0.14751419596106075,0.005314959787443605,0.01922998343304322,1.0,23718.1338501868
Australia,Mortalidad_Baja,0.8300000000000001,0.2538783825006731,0.9338519975084583,0.04959793866295839,0.6557001284269741,0.0,0.07717267552182165,0.1474278172991962,0.007436742483586513,0.013189374864307902,1.0,20301.8431713256
Australia,Mortalidad_Baja,0.87,0.25416425535461107,0.9295249494450732,0.04392636806349902,0.6581198509141135,1.0,0.08254269449715369,0.1408076203153181,0.00628886588783621,0.015682551759320176,1.0,19695.7297379144
Australia,Mortalidad_Baja,0.87,0.26320623514707125,0.9238020794257586,0.03903558778926816,0.6604322327267844,0.0,0.08419354838709676,0.14580801790874123,0.005593862539106144,0.018468145165552653,1.0,21870.4159669594
Australia,Mortalidad_Baja,0.7000000000000001,0.23800701134935134,0.9037022432603605,0.0377595920959072,0.6386782452173241,1.0,0.07703984819734346,0.1638984769666914,0.006727010802550519,0.02228564323034637,1.0,20448.1219685874
Austria,Mortalidad_Baja,0.8290000000000001,0.16036772288743545,0.9532888182447885,0.017069544741649994,0.6449486863931574,1.0,0.042472485768500955,0.09333477741131661,0.002594659457833348,0.022774623370618596,1.0,52176.6649141178
Austria,Mortalidad_Baja,0.848,0.17249560905479447,0.9517883096421631,0.01505967610820643,0.6368494195717458,1.0,0.0450550284629981,0.09812451776379215,0.0022435026759550767,0.027272424672846247,1.0,53648.7190742245
Austria,Mortalidad_Baja,0.84,0.16412854182503575,0.9518232051910622,0.013230215663002686,0.6426923912919609,1.0,0.04622390891840607,0.09426662405854523,0.00199560943359553,0.03263700589289042,1.0,48716.4098900349
Austria,Mortalidad_Baja,0.774,0.17432229428561952,0.9618731232737605,0.01289171629802597,0.63983089211142,1.0,0.04259203036053131,0.10864142082479418,0.0021117091083885913,0.033557196816457815,1.0,49885.9947355204
Austria,Mortalidad_Baja,0.735,0.172078217626238,0.9589767927152058,0.013707749625319995,0.6362006248596449,1.0,0.041840607210626185,0.11293710548767166,0.0023610204207116874,0.032611445084072904,1.0,51194.0749841299
Austria,Mortalidad_Baja,0.752,0.1777550397424009,0.9582788817372401,0.014856725124366015,0.6317869699636156,1.0,0.04280834914611006,0.11401602161153294,0.0024965414900946325,0.029894128191137022,1.0,47163.7425775142
Austria,Mortalidad_Baja,0.72,0.1757696800421018,0.9582439861883425,0.014216106221053612,0.6307424840109433,1.0,0.04098671726755218,0.11775671796220677,0.0024974982397510674,0.031356233539374674,1.0,45061.4993920192
Austria,Mortalidad_Baja,0.6900000000000001,0.17569275095886183,0.9517883096421631,0.01414455018830743,0.6352899278536839,1.0,0.04058823529411765,0.12282293366479691,0.002593264023468363,0.03268857340473506,1.0,43915.228020857
Austria,Mortalidad_Baja,0.755,0.17359668164391628,0.9560804621566492,0.015814197259060428,0.6316232139355924,1.0,0.04584440227703985,0.11091304299342018,0.00264340742499629,0.030007010543189848,1.0,51314.9722616322
Austria,Mortalidad_Baja,0.78,0.18169388766967953,0.9510206075664025,0.015843202678112275,0.6287115607336712,1.0,0.04884250474383301,0.11235273928850498,0.002563280230665904,0.030986311043330578,1.0,50305.3545774973
Austria,Mortalidad_Baja,0.79,0.18050320582248133,0.9481591725567451,0.017612853641276096,0.6260629896604144,1.0,0.050967741935483875,0.11020540096546176,0.0028077754536087363,0.028540870439479518,1.0,48250.4059142637
Austria,Mortalidad_Baja,0.79,0.1818220314907779,0.9488221879858114,0.018164956062422088,0.6295607575741657,1.0,0.052466793168880456,0.11100859515478997,0.002894176809567608,0.028498844206228086,1.0,51116.8953522042
Austria,Mortalidad_Baja,0.81,0.18820132147350313,0.9430644224175992,0.016033492815943635,0.6292888558125996,1.0,0.05533206831119545,0.11205684266579584,0.0024973881151924087,0.03366841859234773,1.0,46611.1393420232
Austria,Mortalidad_Baja,0.81,0.17680606894259232,0.9395050764299762,0.014561229866816926,0.6283725117116223,1.0,0.05686907020872865,0.10528823731134414,0.0022726750303300527,0.038452415824855,1.0,47857.4446635266
Austria,Mortalidad_Baja,0.86,0.1864778777717302,0.9409357939348051,0.017199772287962507,0.6155725619901561,1.0,0.06201138519924099,0.10457772820023559,0.002519852180406717,0.03312580401162288,1.0,51581.3982361071
Austria,Mortalidad_Baja,0.87,0.18565132190244352,0.9373415523982844,0.018173269814614874,0.6097592564993903,1.0,0.0643833017077799,0.1029185832442273,0.0026292270327736575,0.03211731403681939,1.0,46622.9622913635
Austria,Mortalidad_Baja,0.84,0.1900592118792967,0.9330493998837985,0.016471781761140742,0.6134960763059039,1.0,0.06375711574952561,0.10911895819580876,0.0024727030365688163,0.03670460972451886,1.0,40382.2078298575
Austria,Mortalidad_Baja,0.8,0.18909750435159048,0.9251979013816896,0.015900723176494793,0.612225567293622,1.0,0.06223908918406072,0.1139965260795674,0.0025080873834222245,0.03914766513580188,1.0,38157.37022862
Austria,Mortalidad_Baja,0.78,0.1839996977489044,0.9230343773499978,0.018568287531342664,0.61019846398163,1.0,0.06216318785578748,0.11377503266823573,0.0029952102860167436,0.034044534318679154,1.0,36614.2506533707
Austria,Mortalidad_Baja,0.78,0.1831844189626593,0.9151828788478888,0.018489246716122083,0.611890766719983,1.0,0.06364326375711575,0.11327214406055772,0.0029826821977068673,0.03509434068477221,1.0,32110.1159661425
Austria,Mortalidad_Baja,0.77,0.17458865032953738,0.9158458942769554,0.019821926095103238,0.6095789255083627,0.0,0.06428842504743833,0.1093722220242879,0.0032353932884693535,0.0333888514058788,1.0,26334.862215032
Austria,Mortalidad_Baja,0.76,0.17398875800126143,0.9143802812232291,0.021290241942200222,0.6013508794410475,0.0,0.06489563567362429,0.11043156080420924,0.003516819007890787,0.03167413125047611,1.0,24430.495982841
Austria,Mortalidad_Baja,0.75,0.16527115867667375,0.9079595002259488,0.020817437954810804,0.5980245602401967,1.0,0.06404174573055028,0.10631161159497733,0.003485772177804775,0.03245615825218058,1.0,24487.2974685956
Austria,Mortalidad_Baja,0.9,0.1561345928798873,0.8870919619847886,0.02732400438022199,0.5929589928757633,1.0,0.09734345351043643,0.08370872761562786,0.003798603986265245,0.031334275245166354,1.0,30207.0674314652
Azerbaijan,Mortalidad_Media,0.28600000000000003,0.07938595797055296,0.8507046283711281,0.05804151864739055,0.2921700528542253,0.0,0.07651992409867173,0.13430758547094915,0.025232118806010808,0.03728831102342993,0.6666666666666666,7770.594223351
Azerbaijan,Mortalidad_Media,0.46799999999999997,0.07522862728529718,0.8059803991701837,0.07213701728460183,0.35636271958984034,0.0,0.13143074003795066,0.07780291232841262,0.019143224447341532,0.031016130092034806,0.6666666666666666,5408.04535175023
Azerbaijan,Mortalidad_Media,0.387,0.07113479037755241,0.7961513699120109,0.08495668455342432,0.40941914848124417,0.0,0.11455787476280835,0.08899768760355314,0.027245321893139628,0.0274337916151837,0.6666666666666666,4229.91064904503
Azerbaijan,Mortalidad_Media,0.44700000000000006,0.07352895999729414,0.8387581372058088,0.07174971270815267,0.3480544230406921,0.0,0.14080075901328276,0.07962864910773064,0.019935449935959023,0.03539679984030698,0.6666666666666666,4805.75371765917
Azerbaijan,Mortalidad_Media,0.399,0.06783274995491087,0.8348379712425782,0.06563706295032913,0.3287915492617721,0.0,0.13325237191650854,0.08233935430223047,0.02043967931746686,0.04153007142781535,0.6666666666666666,4739.7943123408
Azerbaijan,Mortalidad_Media,0.376,0.06817681880435308,0.8302310608770298,0.07063587740949685,0.36117454044931263,0.0,0.13341935483870968,0.08781633878029357,0.023333620623191012,0.04097668651501422,0.6666666666666666,4147.1981423222
Azerbaijan,Mortalidad_Media,0.29,0.06827660180955429,0.8284283568209456,0.0706073107251731,0.3748517550986553,0.0,0.10895635673624289,0.11402397150952864,0.030241067660561026,0.04360020083647446,0.6666666666666666,3880.6852276838
Azerbaijan,Mortalidad_Media,0.28,0.06966812937959173,0.8252950854853709,0.0778529859381432,0.389991460965442,0.0,0.11210626185958256,0.12048733584922572,0.034520360585435526,0.04204747059520517,0.6666666666666666,5500.50364628486
Azerbaijan,Mortalidad_Media,0.227,0.07037540562073807,0.8193003791401388,0.06699154095812504,0.31629147675665115,0.0,0.09691650853889942,0.15011781563001655,0.03666470376951295,0.05285860358777404,0.6666666666666666,7890.84028062087
Azerbaijan,Mortalidad_Media,0.24,0.0690640758142682,0.8129336862436511,0.06758455419560834,0.28556914366303765,0.0,0.10975332068311197,0.13935761335144534,0.03498417782997023,0.05632699030991968,0.6666666666666666,7875.34536661549
Azerbaijan,Mortalidad_Media,0.24,0.06903587295699776,0.8071392803490949,0.06471812374211539,0.26310334389262946,0.0,0.11703984819734345,0.13930107513217627,0.03350759380556861,0.06308790277238616,0.6666666666666666,7495.86527658099
Azerbaijan,Mortalidad_Media,0.23,0.06433700200657297,0.7997710851992272,0.06391394172056779,0.2424709808629762,0.0,0.1200189753320683,0.13552826781069874,0.03453217628201879,0.06862705370665638,0.6666666666666666,7189.81869211976
Azerbaijan,Mortalidad_Media,0.19,0.06015407353467646,0.7961084483868659,0.06984106887320561,0.24821030865788762,0.0,0.10635673624288425,0.1534683122114952,0.04565883284656053,0.06734065899624186,0.6666666666666666,5843.5337683582
Azerbaijan,Mortalidad_Media,0.21,0.06411824185552446,0.7898848272408612,0.07714799578845431,0.28361469537148076,0.0,0.1259203036053131,0.14793452406270857,0.04561210572927169,0.0652327885162033,0.6666666666666666,4950.39949009423
Azerbaijan,Mortalidad_Media,0.24,0.07321048574391048,0.7824594033908003,0.07017423683157234,0.19624549671343156,0.0,0.15347248576850095,0.1476699141773348,0.03631820077962005,0.07701691418211883,0.6666666666666666,5574.46810432575
Azerbaijan,Mortalidad_Media,0.22,0.06727671531755017,0.7725016095571928,0.08243992468579361,0.17454788041053704,0.0,0.1507020872865275,0.14811763074557197,0.04651267996492559,0.06998663043250111,0.6666666666666666,3851.33015175141
Azerbaijan,Mortalidad_Media,0.19,0.07193892852150971,0.7700693897989841,0.08941259192863027,0.1945463135387861,0.0,0.1391650853889943,0.18331051655914912,0.05839383493911244,0.06897334054368144,0.6666666666666666,2472.95725732287
Azerbaijan,Mortalidad_Media,0.18,0.07381284258582288,0.7589241004363687,0.11543880557317554,0.2125099444751289,1.0,0.141404174573055,0.19850327719754726,0.07951377788717523,0.05678890978609004,0.6666666666666666,1578.36733030667
Azerbaijan,Mortalidad_Media,0.2,0.07099455433969862,0.755747907575649,0.13873124798109088,0.2890608964943153,1.0,0.16888045540796964,0.17187316838136601,0.0859607602499467,0.050469607889475715,0.6666666666666666,1045.0136328106
Azerbaijan,Mortalidad_Media,0.2,0.06808663950880083,0.7492810644538235,0.15692549808591877,0.2904968431145637,1.0,0.18178368121442126,0.16487777817326665,0.09720764286997435,0.04788130484744527,0.6666666666666666,883.692580745256
Azerbaijan,Mortalidad_Alta,0.15,0.06520629211586029,0.745461048715931,0.17627561465443023,0.296546304035938,1.0,0.14715370018975332,0.2105982736526537,0.1455587081825701,0.045888844615447594,0.6666666666666666,763.108895463487
Azerbaijan,Mortalidad_Alta,0.17,0.06504099986841987,0.7350740396308748,0.18744823886593368,0.3196293248186384,1.0,0.1796774193548387,0.1853542022822021,0.13655935817495782,0.04654143969359749,0.6666666666666666,703.670998584686
Azerbaijan,Mortalidad_Alta,0.3,0.0646875707169902,0.7255454610487158,0.20323490279426035,0.33452034946997705,0.0,0.3409867172675522,0.10446723291226184,0.08388938235044062,0.04614292961474947,0.6666666666666666,655.097249579917
Azerbaijan,Mortalidad_Alta,0.18,0.08352250495341328,0.6762429358323199,0.32042061324398086,0.3591053213044883,1.0,0.25787476280834914,0.22445653503962867,0.22030345452993733,0.0362506999370515,0.6666666666666666,314.55801908334
Bahrain,Mortalidad_Baja,0.41600000000000004,0.4962033886149533,0.9489519994277129,0.002786550566378101,0.487946873582798,0.0,0.0552561669829222,0.5744094554621006,0.0009258397451316853,0.37426390100243134,1.0,30470.5219276023
Bahrain,Mortalidad_Baja,0.644,0.49454496236008144,0.9073324272122469,0.0030708659283629055,0.529371284740767,0.0,0.08309677419354838,0.3698081038080573,0.0006526390936806884,0.33280211062961046,1.0,27147.8083882286
Bahrain,Mortalidad_Baja,0.51,0.5022887468211801,0.915916732241219,0.0035078521609439106,0.5858021389357784,0.0,0.06387096774193549,0.4742787591633269,0.0009300484271578653,0.28576069108088364,1.0,24342.8444554718
Bahrain,Mortalidad_Baja,0.536,0.4816494898953506,0.9414979612275556,0.003071477707957168,0.5695702027905762,0.0,0.06611005692599621,0.43274636440430414,0.0007842821107474235,0.3179161792991432,1.0,27259.7438599327
Bahrain,Mortalidad_Baja,0.518,0.4420010939659983,0.9406538378997067,0.0031529536561255233,0.5787677598199674,0.0,0.06290702087286527,0.4109577496441583,0.0008309810397503073,0.30557313828569843,1.0,26324.4066549559
Bahrain,Mortalidad_Baja,0.555,0.4378507092299581,0.940582302024465,0.003177788121109177,0.5972449291607118,0.0,0.06634724857685009,0.3799626121233427,0.0007811144012330065,0.29859359198610935,1.0,24784.7693514607
Bahrain,Mortalidad_Baja,0.49,0.45800321494506574,0.940582302024465,0.0036703699837167037,0.6187254054619449,0.0,0.058576850094876655,0.4501534207066515,0.0010090142189504285,0.2614084067779849,1.0,23800.001440631
Bahrain,Mortalidad_Baja,0.48,0.48245932177929196,0.9395951069461332,0.0034921100900319325,0.6073716284333299,0.0,0.05738140417457305,0.48404517454112844,0.0009841218481711383,0.27375828549387576,1.0,23734.0551143019
Bahrain,Mortalidad_Baja,0.494,0.47556237224614295,0.9378210172401458,0.003315622030174086,0.5390278479562572,0.0,0.05999240986717268,0.46361006296172225,0.0009120628762287888,0.29178637006136876,1.0,26451.7965647453
Bahrain,Mortalidad_Baja,0.51,0.5202263713741861,0.934730667429716,0.0030158647526692017,0.5209229696042832,0.0,0.06290322580645161,0.49120088855934196,0.0008107837575234173,0.3232572581976559,1.0,26989.7601148469
Bahrain,Mortalidad_Baja,0.49,0.46347278481979987,0.9293511696115602,0.0030272574799779734,0.5244782508998532,0.0,0.0613662239089184,0.4555239532534116,0.0008467514542936726,0.32715561632728685,1.0,26438.6733230428
Bahrain,Mortalidad_Baja,0.51,0.49261110873315955,0.9224694184133342,0.0032132152208110528,0.5035195623436841,0.0,0.06580645161290323,0.4651489971098647,0.0008586242875639778,0.3192943329108183,1.0,25032.7867743333
Bahrain,Mortalidad_Baja,0.54,0.4783910048628087,0.9146290864868731,0.0032849575116125794,0.5511676717297797,0.0,0.07275142314990511,0.42663760052666466,0.0008273480933102151,0.3268395454614528,1.0,21819.3291098099
Bahrain,Mortalidad_Baja,0.5,0.48372431166410373,0.9063738464840116,0.003939778308393022,0.5604136799437387,0.0,0.07020872865275142,0.46590061061757176,0.0010554484701974609,0.288003394000602,1.0,19465.3140745038
Bahrain,Mortalidad_Baja,0.5700000000000001,0.5376000310244216,0.8983761356320192,0.00302257461872381,0.4772962519367495,0.0,0.08436432637571158,0.4541603510266989,0.0007268934473040636,0.38778454347620434,1.0,23299.4992780392
Bahrain,Mortalidad_Baja,0.58,0.5348246274442405,0.8911510122326345,0.003370115874371792,0.5286406519664976,0.0,0.08914611005692599,0.4440277187270967,0.0007884417221747051,0.364667058001862,1.0,20908.4042548073
Bahrain,Mortalidad_Baja,0.58,0.5370534959095705,0.8848272408612918,0.0030726055645376926,0.5360925551959409,0.0,0.0935483870967742,0.4458766326982471,0.0007250252579228088,0.41661328402910747,1.0,19267.282615072
Bahrain,Mortalidad_Baja,0.61,0.5553109803265508,0.8793189784677016,0.04474444064190022,0.5992648266775654,0.0,0.1018595825426945,0.4383485678049578,0.009135168191408041,0.029504438262209012,1.0,17966.1657837625
Bahrain,Mortalidad_Baja,0.7000000000000001,0.5226294048472714,0.8744831533013806,0.021928479714312468,0.6948720157524066,0.0,0.12087286527514231,0.3595265983688613,0.003930983616969415,0.06539939115286071,1.0,15963.9493171617
Bahrain,Mortalidad_Baja,0.7000000000000001,0.5515760302247523,0.8701766936118462,0.028785450356032673,0.6961516475284795,0.0,0.12485768500948767,0.37942234119476914,0.005142034101790114,0.05095029604742961,1.0,14486.0269029822
Bahrain,Mortalidad_Baja,0.7000000000000001,0.5664146160138852,0.8662136061234709,0.02334055975295262,0.5964192746925713,0.0,0.12884250474383302,0.3896212739860999,0.004180379495230283,0.06556028025802527,1.0,13501.4708801425
Bahrain,Mortalidad_Media,0.7000000000000001,0.586528176606666,0.8623935903855782,0.01922347646808798,0.5470282873772521,0.0,0.13415559772296015,0.40344582947914204,0.003453236859115452,0.08349815423645011,1.0,13573.2339887597
Bahrain,Mortalidad_Media,0.7000000000000001,0.5951222817487284,0.8585449602975892,0.02502370531649734,0.6295462184379403,0.0,0.13946869070208728,0.4093527738464224,0.004477649872669627,0.06629083809004739,1.0,14214.4836839343
Bahrain,Mortalidad_Media,0.7000000000000001,0.5349920279100058,0.8397739466342371,0.025425799043190693,0.7198512381713131,0.0,0.20721062618595826,0.36802373977661756,0.0045486660441102,0.09847885680405156,1.0,11900.9317778335
Bangladesh,Mortalidad_Media,0.222,0.01333740636635961,0.8527076328778882,0.14163674658752437,0.5084364791859678,1.0,0.10278557874762807,0.029883735501214752,0.07906019034914519,0.025578295190402844,0.0,2716.48592780431
Bangladesh,Mortalidad_Media,0.277,0.013122481964102666,0.8074683453752056,0.14689207927853873,0.5114401673765337,0.0,0.12877609108159394,0.02357683473838516,0.06570788886154386,0.024661491032877365,0.0,2482.84917843357
Bangladesh,Mortalidad_Media,0.266,0.012175253155884053,0.8120180270405608,0.15153451429319584,0.5138324337469604,0.0,0.12568121442125238,0.02283851621449779,0.07058283801399869,0.024249240670773244,0.0,2248.85078828233
Bangladesh,Mortalidad_Media,0.244,0.01223388811262932,0.829243865798698,0.1512261766704869,0.5062837612703637,0.0,0.11760151802656545,0.025013345115676225,0.07679063429935078,0.024859658816595378,0.0,2129.79896954606
Bangladesh,Mortalidad_Media,0.212,0.01151612707243428,0.8220473567494098,0.15761414353086167,0.5067498029693845,0.0,0.10579886148007589,0.027160007414825472,0.09210691801751052,0.024678162036783923,0.0,1965.24372731467
Bangladesh,Mortalidad_Media,0.19100000000000003,0.011655649619534332,0.8146648544244937,0.16365338282140934,0.5123796583511578,0.0,0.09930550284629981,0.030497642503461733,0.10614295744014991,0.024774864401243917,0.0,1811.08221668646
Bangladesh,Mortalidad_Media,0.25,0.011425614567429755,0.8070677444738537,0.17007630729854165,0.5103717219561851,1.0,0.13567362428842505,0.02285749403578676,0.08426951429193758,0.024899884715693085,0.0,1649.28380858601
Bangladesh,Mortalidad_Media,0.27,0.010580496764152294,0.7994563273481652,0.18675897529131288,0.5389466401397465,0.0,0.15370018975332067,0.019658385261990416,0.08566620897750707,0.023642521599580486,0.0,1224.38647668165
Bangladesh,Mortalidad_Media,0.233,0.009949061231029682,0.7919164460977179,0.19395526072841157,0.5380563620564129,0.0,0.13882732447817836,0.021476235910926556,0.10308824742595621,0.023855332953400678,0.0,1094.46199702838
Bangladesh,Mortalidad_Media,0.27,0.009709031933920836,0.7843479504971742,0.195748016733381,0.5352562235155354,0.0,0.16753320683111955,0.018105475003936784,0.08978223030426992,0.024721100822333857,0.0,958.262989798283
Bangladesh,Mortalidad_Media,0.24,0.009203432940736238,0.7772229773231274,0.20440805824812014,0.5325355455936451,0.0,0.15529411764705883,0.019355085950865394,0.10546605538621828,0.024684785741279438,0.0,859.680536375497
Bangladesh,Mortalidad_Media,0.24,0.00884418830899051,0.770212461549467,0.21241176004907045,0.5313293334818927,0.0,0.1612144212523719,0.018634908857952145,0.10958900147094068,0.0246586741174146,0.0,837.336944695647
Bangladesh,Mortalidad_Media,0.21,0.008625626706510873,0.7632019457758064,0.214831441759328,0.5364890004138665,1.0,0.14703984819734345,0.020796295761000803,0.12666908784140957,0.025515682819561247,0.0,757.385280361508
Bangladesh,Mortalidad_Media,0.2,0.00825757157946448,0.7563058874025324,0.21614063595346708,0.5344938781669191,0.0,0.14573055028462997,0.02095070317589673,0.13381182831801047,0.026505763901275462,0.0,679.211477428056
Bangladesh,Mortalidad_Media,0.2,0.007920510583313735,0.7494384433793546,0.22235537849510845,0.5300332093768597,0.0,0.1521821631878558,0.020139856459565227,0.13765350794079337,0.026956666632827572,0.0,613.06204104124
Bangladesh,Mortalidad_Alta,0.17,0.007624195027838708,0.7410115172759137,0.2250237015247468,0.529484751677941,0.0,0.13516129032258065,0.022855327671422686,0.1638858205904116,0.02794054867671705,0.0,537.955492792911
Bangladesh,Mortalidad_Alta,0.15,0.007360276641070507,0.7351455755061163,0.22790259465617163,0.5278949662273281,0.0,0.12495256166982922,0.02505618191953159,0.18811006961164237,0.02901894068231639,0.0,490.388026533289
Bangladesh,Mortalidad_Alta,0.13,0.0069658468888869176,0.7274340081550896,0.234698944979831,0.5294384017622596,1.0,0.11347248576850094,0.027451201950665093,0.22351347092271112,0.02958570532739488,0.0,480.08585075452
Bangladesh,Mortalidad_Alta,0.12,0.006706761604867084,0.7188926246512626,0.24350623247379233,0.5285935345681978,0.0,0.11020872865275141,0.0287000264702538,0.2512133876996677,0.030051709958855657,0.0,455.614016909798
Bangladesh,Mortalidad_Alta,0.04,0.006655721404623694,0.7099649474211316,0.250413138306417,0.523971320611497,0.0,0.038633776091081595,0.08548615820301439,0.7749878852418632,0.030808313876925134,0.0,426.74880754362
Bangladesh,Mortalidad_Alta,0.23,0.0064160930982115,0.6999928464124758,0.26017587452289453,0.5145292179697212,0.0,0.2339278937381404,0.014365889302710152,0.1400282346181633,0.03127156740838525,0.0,393.886422327628
Bangladesh,Mortalidad_Alta,0.23,0.006428889312287591,0.6891909292510192,0.2761751657660795,0.5032145552701672,0.0,0.24702087286527513,0.014392657179157144,0.14862828322783433,0.031094161670371198,0.0,394.65641001891
Bangladesh,Mortalidad_Alta,0.23,0.005857616325578784,0.6779311824880176,0.28718310408786374,0.503057266615074,1.0,0.2609867172675522,0.013197634601792005,0.15454534562895358,0.03164744500114233,0.0,396.670730249751
Bangladesh,Mortalidad_Alta,0.1,0.005528085899998258,0.6234923814292868,0.34522450548447814,0.4410526254713736,1.0,0.1476280834914611,0.028769097803822412,0.42721156164882607,0.0345300216924535,0.0,309.458680823367
Barbados,Mortalidad_Baja,0.687,0.2059575413706136,0.8728950568710208,0.020363402628394593,0.7713346075324011,0.0,0.125146110056926,0.14455465759412067,0.003723720833078501,0.07465603100222043,1.0,22164.0260273876
Barbados,Mortalidad_Baja,0.502,0.17642922871295322,0.8858287431146719,0.028662625980806544,0.756822948538664,0.0,0.09430360531309298,0.16952622309234766,0.007139918225875395,0.05407813169833315,1.0,18696.7858952957
Barbados,Mortalidad_Baja,0.44,0.08442727823897099,0.8867873238429071,0.041661854112839264,0.7719969327148227,0.0,0.08516129032258064,0.09281247203067654,0.011798520002803797,0.03751517917947683,0.6666666666666666,18347.1109131055
Barbados,Mortalidad_Baja,0.538,0.12978493627995485,0.8846126332355677,0.03092944087052989,0.7692039185160021,0.0,0.10719165085388994,0.11646897433765872,0.00718306308247953,0.053142370346803,1.0,20583.7265786414
Barbados,Mortalidad_Baja,0.538,0.2498301590300643,0.882938693754918,0.029680089653348084,0.7569541921345457,0.0,0.1112751423149905,0.22382411965444124,0.006895965016806808,0.05773209569392556,1.0,20055.915870771
Barbados,Mortalidad_Baja,0.34299999999999997,0.1598330869569503,0.8809213820731094,0.023793357675117015,0.7628180578066237,0.0,0.0728956356736243,0.22483178536323795,0.008694593545037578,0.07471659026606212,1.0,19692.7606711615
Barbados,Mortalidad_Baja,0.74,0.24366403698727726,0.8799341869947779,0.023126831231708334,0.7820336551664214,1.0,0.16148007590132826,0.158717141842353,0.003918705592414159,0.07908278086215889,1.0,19065.8069800213
Barbados,Mortalidad_Baja,0.75,0.16049763691664898,0.8783174762143215,0.022480311453507325,0.7856720128474293,0.0,0.16793168880455409,0.10324938092958406,0.00375988285114447,0.08362805651227345,1.0,18954.2913724506
Barbados,Mortalidad_Baja,0.779,0.18817702269800654,0.8764718506330924,0.023506496244251898,0.7835295319224473,0.0,0.17738140417457304,0.11650109338653114,0.0037827735174637512,0.0812953906432962,1.0,19277.9423599235
Barbados,Mortalidad_Baja,0.78,0.18759650836290923,0.8748980613777808,0.024623193958476345,0.7886578787709396,0.0,0.18056925996204934,0.11599365421496954,0.00395492207815262,0.07885617854830454,1.0,19308.0091116993
Barbados,Mortalidad_Baja,0.78,0.24366403698727726,0.8737677945489661,0.023071439037513304,0.7785768399377374,0.0,0.18352941176470589,0.15057780123505285,0.0037089665850207395,0.08574057361892175,1.0,19034.0708028512
Barbados,Mortalidad_Baja,0.74,0.22279770546604985,0.8717934043923028,0.021166607331931996,0.7766613149689406,0.0,0.17552182163187854,0.1451504287282763,0.0035912126403011275,0.09441289130973983,1.0,19345.9953139542
Barbados,Mortalidad_Baja,0.7000000000000001,0.19479918927212922,0.8702053079619427,0.022445660364497255,0.7921547656904694,0.0,0.16869070208728654,0.13420065537589682,0.004022325976427012,0.09040067328308084,1.0,18860.3833703309
Barbados,Mortalidad_Baja,0.6900000000000001,0.09136174575512207,0.8697760927104943,0.017864410739739205,0.7683137823075707,0.0,0.16889943074003796,0.06402007435757337,0.003259772330560571,0.1158433241501629,0.6666666666666666,16294.9099491834
Barbados,Mortalidad_Baja,0.67,0.3269609030529696,0.8675155590528649,0.01607119390759788,0.7527401344278469,0.0,0.16654648956356735,0.23511508211745963,0.0030261871695176764,0.13092021352818065,1.0,17565.6929970592
Barbados,Mortalidad_Baja,0.6900000000000001,0.06814664184127923,0.8669861935760783,0.016718624366715257,0.7478198719702892,0.0,0.17282732447817836,0.04783249914783618,0.003054475350952128,0.1268083651994666,0.6666666666666666,17235.4396434785
Barbados,Mortalidad_Media,0.73,0.06795772261908925,0.863924458115745,0.01802392453232149,0.7534441427831138,0.0,0.18561669829222013,0.04508702762022985,0.0031081695695053774,0.11938566363249647,0.6666666666666666,15619.6005955511
Barbados,Mortalidad_Media,0.7000000000000001,0.06690597744431209,0.8626511195364475,0.019750559138712962,0.7467108453199132,0.0,0.1793168880455408,0.04629643792313875,0.003546328073465585,0.10967250659806389,0.6666666666666666,14214.4202213572
Barbados,Mortalidad_Media,0.7000000000000001,0.0646564686241364,0.865369482795622,0.020466919410867482,0.7571899093889696,0.0,0.1793168880455408,0.04475029399833967,0.0036728487340063395,0.10578080792681499,0.6666666666666666,12886.3665272467
Barbados,Mortalidad_Media,0.7000000000000001,0.1170429901336097,0.8612919379068602,0.02471036866951443,0.744508983089121,0.0,0.177988614800759,0.08075686629837733,0.004422309618486257,0.0866231476102563,0.6666666666666666,12075.9587020649
Barbados,Mortalidad_Media,0.7000000000000001,0.11777597166669063,0.8606481150296872,0.023585096071513507,0.7667501223530819,0.0,0.17666034155597723,0.08126066292019918,0.004223568513037598,0.09015194095178594,0.6666666666666666,11760.4524736133
Barbados,Mortalidad_Media,0.7000000000000001,0.10438266109556603,0.8590314042492309,0.026478166045806304,0.7417650882360288,0.0,0.17400379506641367,0.07205510409475113,0.004734530857497698,0.0788124918293237,0.6666666666666666,11639.5160522054
Barbados,Mortalidad_Media,0.7000000000000001,0.1357966307193135,0.8572143930180984,0.024924536461156086,0.7390537431231196,0.0,0.17267552182163187,0.09364671460632339,0.004460135069615145,0.08319894075059983,1.0,11674.6736471764
Barbados,Mortalidad_Media,0.408,0.16079771510928237,0.8471993704842977,0.04020095897592635,0.749198190890002,0.0,0.10374193548387098,0.1901505186114966,0.01228121720215596,0.05225342851620168,1.0,8460.47380869104
Belarus,Mortalidad_Media,0.43700000000000006,0.1323924790063277,0.8503951048523999,0.10144530638604247,0.47610437792223714,0.0,0.016584440227703987,0.14625828130402505,0.028792785512006955,0.0,1.0,7994.64806074889
Belarus,Mortalidad_Media,0.39799999999999996,0.13549202810067798,0.8213243209762384,0.08454754441662052,0.48173675849101427,0.0,0.015859582542694498,0.16433705402503854,0.026365218835862063,0.0008553774846016883,1.0,7489.71894713888
Belarus,Mortalidad_Media,0.374,0.1236388240816423,0.8222842975264297,0.08923797817131829,0.4853329173849511,1.0,0.01561290322580645,0.15963434243602087,0.029607596081264263,0.0008252661959761887,0.6666666666666666,6542.85579976768
Belarus,Mortalidad_Media,0.37700000000000006,0.1271242626228375,0.8521615175376307,0.08566187252624383,0.4786601729933917,1.0,0.01716888045540797,0.16281216101069992,0.02819926469635563,0.0013877294336075469,1.0,6837.77339645635
Belarus,Mortalidad_Media,0.42,0.1317802451327005,0.8514287110107674,0.08307302843118422,0.47163349127312104,1.0,0.020721062618595826,0.1514769198200936,0.024550145124780137,0.0019362538759349298,1.0,6360.037502312
Belarus,Mortalidad_Media,0.376,0.12450749783727212,0.8507656955816996,0.09542103461766233,0.4696183067329094,1.0,0.019977229601518025,0.15989677387702675,0.03148313688762609,0.0016116955819589838,0.6666666666666666,5785.54491935194
Belarus,Mortalidad_Media,0.31,0.12202516943649255,0.8464386475183159,0.0869351754767664,0.4797582754900944,1.0,0.01705882352941176,0.19008667841198193,0.03480175074451996,0.0022820875814526394,0.6666666666666666,5039.77560949445
Belarus,Mortalidad_Media,0.29,0.12300185642585375,0.8435423169597609,0.07918902206842675,0.47084953962575404,1.0,0.017058823529411765,0.20481648745089293,0.03389957476186441,0.0032486965709257313,0.6666666666666666,5967.05595058777
Belarus,Mortalidad_Media,0.24600000000000002,0.13522756816530104,0.8341903098550267,0.09209583110832158,0.4470242414842007,1.0,0.01540417457305503,0.2653614167958481,0.04644943354392085,0.002697511672749181,1.0,8341.31809294883
Belarus,Mortalidad_Media,0.24,0.13275626497285375,0.8270367223308834,0.08584441212886226,0.4443968114487661,1.0,0.015939278937381403,0.2670412349733176,0.044390376567229245,0.0035227421841123236,1.0,7998.0802045456
Belarus,Mortalidad_Media,0.25,0.14895752806214713,0.8198133437089434,0.10257322392090365,0.4201202576354613,1.0,0.017552182163187855,0.2875390839474356,0.050887572156854834,0.002739816370354148,1.0,6953.21591683101
Belarus,Mortalidad_Media,0.24,0.14256491785317804,0.799608820896851,0.10093995585197604,0.42975847406499246,1.0,0.01776091081593928,0.2867046244648185,0.05216654245119281,0.0031691173713759347,1.0,6527.6593428786
Belarus,Mortalidad_Media,0.2,0.1339297058081947,0.7974801924140569,0.11220398017932402,0.4221872117347712,1.0,0.015939278937381403,0.3232723557475387,0.06956277377193607,0.00296933755010876,1.0,6034.67885177216
Belarus,Mortalidad_Media,0.21,0.12898219712227185,0.7975150879629544,0.10257267027651622,0.40730795662864117,1.0,0.018330170777988614,0.29654327733755004,0.06058011710241617,0.004209509593530314,1.0,5352.48809190697
Belarus,Mortalidad_Media,0.21,0.1359621764263958,0.7982129989409199,0.10934790755584868,0.3596725309912782,1.0,0.02032258064516129,0.3125349944322648,0.06456883399633033,0.004511523732333234,1.0,6376.17569162063
Belarus,Mortalidad_Media,0.26,0.13533319701019356,0.794653652953297,0.10475286394652572,0.3879518319599522,1.0,0.0276280834914611,0.25126819031879943,0.04996678652805207,0.005652738171987972,1.0,4735.48107556066
Belarus,Mortalidad_Media,0.33,0.13757903031665908,0.78317301736577,0.10824021194701454,0.3920719372421264,1.0,0.03819734345351044,0.20124321769457612,0.040674270997709344,0.006138956009672715,1.0,3848.22350300163
Belarus,Mortalidad_Media,0.42,0.12842507764795513,0.7752517277658644,0.10747914469642626,0.37833698331675425,1.0,0.05339658444022771,0.14763343498413334,0.0317343280728049,0.007140787901484449,1.0,3126.07176665248
Belarus,Mortalidad_Media,0.48,0.12764159854850302,0.7767522363684898,0.11167650999060036,0.4032871439621507,1.0,0.0655787476280835,0.12839393601224083,0.028848631239633604,0.007499558517547182,1.0,2378.33700470129
Belarus,Mortalidad_Media,0.41000000000000003,0.1226444894315821,0.7709944708002774,0.1089603172246888,0.41966500296691456,1.0,0.060683111954459204,0.14445083473571768,0.03295496802696705,0.008690523695173877,0.6666666666666666,1819.52653114699
Belarus,Mortalidad_Media,0.41000000000000003,0.11837775322381079,0.7638757788250317,0.12785265852517896,0.42898969424903255,1.0,0.06612903225806452,0.13944389695549872,0.03865175426839591,0.007840595000188135,0.6666666666666666,1479.38066337175
Belarus,Mortalidad_Media,0.34,0.11538518324164986,0.7703314553712095,0.1306621709444228,0.43214828986638765,1.0,0.05935483870967741,0.16391820524000497,0.04763106638949771,0.008499556416279008,0.6666666666666666,1244.37318523431
Belarus,Mortalidad_Media,0.39,0.11425402718229992,0.776124116488321,0.15276388348023454,0.3813740865756117,1.0,0.07326375711574953,0.1415075881996639,0.04853082889534429,0.0075640894536577324,0.6666666666666666,1276.28038121269
Belarus,Mortalidad_Media,0.1,0.11237241668754877,0.7696684399421432,0.19920576427803446,0.39569412575138563,1.0,0.023529411764705882,0.5428266468355464,0.24668687574959336,0.0071402934229398,0.6666666666666666,1370.69991385664
Belgium,Mortalidad_Baja,0.836,0.20063885234859827,0.9597793903398653,0.00849228157730882,0.7243691949924553,1.0,0.0491764705882353,0.11572976287036499,0.0013044923023357948,0.05575035418695491,1.0,50822.2518538518
Belgium,Mortalidad_Baja,0.813,0.2219869858526524,0.9603726146711351,0.007959388010047475,0.7331864680253676,1.0,0.049366223908918413,0.1316374633318081,0.001260360770881889,0.061574578090081405,1.0,51658.238294958
Belgium,Mortalidad_Baja,0.802,0.20184076926153213,0.9447045132158165,0.008692383307884912,0.7285204728428261,1.0,0.04869829222011386,0.1213570537930116,0.0013906413676829069,0.05630315094239488,1.0,45906.2875805246
Belgium,Mortalidad_Baja,0.725,0.2210999206252159,0.9633038407785892,0.008767956999148273,0.7193508734354326,1.0,0.04539848197343453,0.14702684984502673,0.0015512243326257838,0.05765515167204001,1.0,46716.6227467964
Belgium,Mortalidad_Baja,0.7090000000000001,0.21581868000754015,0.9575809707592744,0.008082478761705598,0.7209627683225162,1.0,0.044396584440227704,0.14676095287795735,0.0014667012144174562,0.06262289428941198,1.0,47487.2100392561
Belgium,Mortalidad_Baja,0.715,0.2252558588385023,0.9561153577055483,0.008903916137065608,0.7180132366377011,1.0,0.046129032258064515,0.1518797239943526,0.0015964285722601635,0.05857749112871697,1.0,44035.3239358548
Belgium,Mortalidad_Baja,0.76,0.22714211054928268,0.955347655629786,0.008190873654094951,0.7199501338429912,1.0,0.049032258064516124,0.14408096103597184,0.0013859107223205963,0.06375644352619879,1.0,41854.5498296444
Belgium,Mortalidad_Baja,0.75,0.21588368725360665,0.9489617701814048,0.00917075558923533,0.7181179127696393,1.0,0.04838709677419355,0.13877972315975468,0.0015659148056691569,0.056839306091695775,1.0,40893.804537772
Belgium,Mortalidad_Baja,0.742,0.21772154644793326,0.9531841315980942,0.008739211514908602,0.716536014266246,1.0,0.047870967741935486,0.1414677050223607,0.001510894613413511,0.059701430977901565,1.0,47995.7786961339
Belgium,Mortalidad_Baja,0.75,0.23160883895057124,0.9431691090642935,0.009347278544780482,0.7109815494064069,1.0,0.04981024667931689,0.14886746218456973,0.0015950131262824363,0.05747872253492648,1.0,46964.5946777056
Belgium,Mortalidad_Baja,0.71,0.22343587698043282,0.940272778505737,0.010359843436732534,0.709529526039726,1.0,0.04715370018975332,0.1517159988434031,0.0018611893413558692,0.051720765014844065,1.0,44874.1709182123
Belgium,Mortalidad_Baja,0.71,0.2345768159966393,0.9431342135153944,0.008862244530656777,0.7030802293362991,1.0,0.048500948766603415,0.1592655947445292,0.0016004148161822783,0.0625145292698904,1.0,47760.8298776546
Belgium,Mortalidad_Baja,0.73,0.2553425679196557,0.937376447947182,0.010402163009434742,0.7008955667685681,1.0,0.05125237191650854,0.1685884224024495,0.0018173650011968192,0.054635534667586916,1.0,44197.393671162
Belgium,Mortalidad_Baja,0.71,0.2390790460161641,0.9352478194643878,0.008766565861343882,0.7046881307931109,1.0,0.05119544592030361,0.1623165060951691,0.001583754441059081,0.06690183343146845,1.0,44923.3400135081
Belgium,Mortalidad_Baja,0.73,0.25131533919833926,0.9301879648741411,0.008686309169530755,0.6899556425245599,1.0,0.052637571157495254,0.1659341609898373,0.001526771813723405,0.06752682425336098,1.0,48303.397956286
Belgium,Mortalidad_Baja,0.74,0.24560887261925674,0.9316535779278674,0.010903392025649699,0.6796556535515481,1.0,0.05476280834914611,0.15998162031794216,0.0018765459232952515,0.055042107735002656,1.0,44319.165448813
Belgium,Mortalidad_Baja,0.75,0.2522694360626773,0.9258958123596537,0.011153282481988436,0.6807377372903975,1.0,0.056925996204933584,0.16212130645775438,0.0018927176453996625,0.055235775050849326,1.0,38705.1067959147
Belgium,Mortalidad_Baja,0.76,0.25709927437340224,0.9201729423403404,0.010310047164780844,0.6776064313547048,1.0,0.059127134724857686,0.16304572143214008,0.001730642185179156,0.06145494574624688,1.0,36809.7013403619
Belgium,Mortalidad_Baja,0.71,0.26015149692441275,0.9187073292866128,0.012616791101429364,0.6704281262629253,1.0,0.05658444022770398,0.17659613627465157,0.002254188062986358,0.05121400986196178,1.0,35429.4077933344
Belgium,Mortalidad_Baja,0.66,0.25987659969066723,0.9079943957748464,0.012699482320495012,0.6711949562880414,1.0,0.055104364326375714,0.18977423653432127,0.0024404496019995153,0.0534475198043035,1.0,30655.2092679024
Belgium,Mortalidad_Baja,0.61,0.25004566338470835,0.9072266936990858,0.012746176942405072,0.6639688222034952,0.0,0.05208728652751423,0.1975755105965871,0.0026499502431249432,0.05453000717677183,1.0,25006.191397109
Belgium,Mortalidad_Baja,0.53,0.25972299981513886,0.905761080645358,0.013710738340345141,0.658097742337557,0.0,0.047267552182163185,0.23618319806678467,0.0032749424671212435,0.05295047054067906,1.0,23015.0712632462
Belgium,Mortalidad_Baja,0.54,0.262359412910874,0.9021668391088375,0.014554297330606907,0.645468675533006,1.0,0.049184060721062614,0.23415841859759284,0.003407425364755452,0.05089114893314552,1.0,23098.8865077401
Belgium,Mortalidad_Baja,0.934,0.24374157884827582,0.8895590772918964,0.016207349395587822,0.6424525449615448,1.0,0.11342694497153702,0.1257901418540725,0.002188842041305577,0.061732238141380374,1.0,28413.8264387368
Belize,Mortalidad_Media,0.381,0.08188345717342813,0.8230202446526933,0.09774360657023444,0.629602594172106,0.0,0.07880265654648956,0.10397266458299859,0.031823626692763084,0.01537356485505544,0.6666666666666666,7068.45478269722
Belize,Mortalidad_Media,0.363,0.07336859496164615,0.8048072108162243,0.09992580639883716,0.6213036534569255,0.0,0.07576850094876661,0.09784256228304451,0.03414487520516139,0.015134666448633852,0.6666666666666666,6122.61158580079
Belize,Mortalidad_Media,0.335,0.06037549869296822,0.8142928678732384,0.10566892460563554,0.6252428484242115,0.0,0.07055977229601518,0.08735974051336254,0.03911826314393283,0.014294260200341686,0.6666666666666666,5227.19363786168
Belize,Mortalidad_Media,0.272,0.05215334318518378,0.8285571213963803,0.08238863982236944,0.6577325792981511,0.0,0.05883870967741935,0.09305002663372174,0.037597239648322935,0.019856065893692945,0.6666666666666666,6190.04792278445
Belize,Mortalidad_Media,0.34700000000000003,0.06621443552288771,0.8249087917590672,0.09006643466456166,0.6548272725711197,1.0,0.07703795066413663,0.09243454366347235,0.03220652445051961,0.018446770777264115,0.6666666666666666,6031.28139580144
Belize,Mortalidad_Media,0.35000000000000003,0.0671815418027098,0.8211889262465126,0.10800583875290545,0.6397155820932072,0.0,0.0803605313092979,0.09297168045891689,0.03826723884514163,0.015465745451158598,0.6666666666666666,6072.58267640581
Belize,Mortalidad_Media,0.067,0.05262055297776358,0.8180556549109379,0.09715022969100066,0.6316103115717193,0.0,0.01601897533206831,0.38111036960938466,0.17987226699958692,0.018417694957432704,0.6666666666666666,6142.49873185177
Belize,Mortalidad_Media,0.067,0.05262055297776358,0.8152514486014737,0.121348079145423,0.635409893814037,0.0,0.016654648956356734,0.38111036960938466,0.22452314114249103,0.01478877663030666,0.6666666666666666,6154.49593498217
Belize,Mortalidad_Media,0.067,0.05950603702134064,0.8122469418413334,0.12849116378994,0.6323549317243549,0.0,0.01729032258064516,0.43055509070394865,0.23770385681126088,0.01443783853638996,0.6666666666666666,6128.14288539305
Belize,Mortalidad_Media,0.0,0.08074058346838649,0.8099434866585591,0.1273946187529922,0.6361472007624972,0.0,0.0,0.0,0.0,0.015379504484629916,0.6666666666666666,5950.20299917747
Belize,Mortalidad_Media,0.2,0.08453214205784193,0.8079118678017025,0.13150320088805523,0.6341293445536582,0.0,0.05578747628083491,0.20443970284742116,0.0814927004640788,0.015434589056919986,0.6666666666666666,5709.68918765363
Belize,Mortalidad_Media,0.29,0.07415649303172835,0.8056370269690247,0.11212777763153561,0.6227755791566577,0.0,0.08309297912713472,0.12377906760301897,0.04794184049601357,0.0192604626869425,0.6666666666666666,5582.22170621269
Belize,Mortalidad_Media,0.29,0.045173817444058344,0.8042063094641962,0.11058991340968707,0.6303046659587235,0.0,0.08529411764705883,0.07569505129707792,0.04728622683675244,0.020179258024225773,0.3333333333333333,5451.13897172477
Belize,Mortalidad_Media,0.3,0.06242120631015036,0.8032191143858645,0.1077891407852945,0.6288914253059709,0.0,0.0905123339658444,0.10083253146201394,0.04455580990460193,0.021409205453233115,0.6666666666666666,5401.22963143045
Belize,Mortalidad_Media,0.35000000000000003,0.08453214205784193,0.8012018027040562,0.10512853469243663,0.6144670796083466,0.0,0.10759013282732448,0.11682268734138353,0.03725088318038029,0.022510666349315995,0.6666666666666666,5713.28126796797
Belize,Mortalidad_Media,0.37,0.02744699718593846,0.8010158094284283,0.10961359528821649,0.6113525659856712,0.0,0.11584440227703985,0.03627757471786579,0.03673595250227704,0.021916157410623232,0.3333333333333333,5765.28199932455
Belize,Mortalidad_Media,0.38,0.02727654125928507,0.7993418699477788,0.1200909562285773,0.6155405092027677,0.0,0.12113851992409867,0.035107083150458615,0.03917797598118819,0.020140612482743556,0.3333333333333333,5527.16775856439
Belize,Mortalidad_Media,0.45,0.02625915523417673,0.7964804349381214,0.12288522080158601,0.6386716780391336,0.0,0.14601518026565466,0.02855822025627966,0.03385130908019489,0.020018101631970275,0.3333333333333333,5272.74417207961
Belize,Mortalidad_Media,0.5,0.02602499641068096,0.793862221904285,0.13053208252660195,0.6272620173569824,0.0,0.16603415559772297,0.025477077691876956,0.03235695917688447,0.019169009877482903,0.3333333333333333,5156.09817143194
Belize,Mortalidad_Media,0.5,0.06218166168890425,0.7890979326132055,0.13198992648001587,0.6270543836342971,0.0,0.16982922201138517,0.060269015826697706,0.03271742909958851,0.019429396837690512,0.6666666666666666,4962.08962013799
Belize,Mortalidad_Media,0.5,0.05415993523188315,0.784934544674154,0.1157898178120548,0.6100381908173454,0.0,0.174573055028463,0.0525500680620313,0.0287117521506517,0.02332428890111127,0.6666666666666666,4861.74314184267
Belize,Mortalidad_Media,0.5,0.05351149686156786,0.7765791544459546,0.1199361589558313,0.6006784541064275,0.0,0.18026565464895636,0.05192610488703569,0.02973698620818003,0.023244615427817486,0.6666666666666666,4721.81625660785
Belize,Mortalidad_Media,0.5,0.05174302363974619,0.7761070176693612,0.13429467647676552,0.5779458919466139,0.0,0.1859582542694497,0.0502243823843312,0.03328730700129053,0.021162131020019615,0.3333333333333333,4729.67080428075
Belize,Mortalidad_Media,0.5,0.0444635190157938,0.7843050289720293,0.15125107818664252,0.5692356360263142,1.0,0.22485768500948766,0.04321964141666145,0.03747998674550089,0.02297050061888747,0.3333333333333333,4012.07959009728
Benin,Mortalidad_Alta,0.40299999999999997,0.01698988216470855,0.6554116889620143,0.3400649299730752,0.46118271529376287,0.0,0.36476470588235294,0.020822571075597037,0.10442499201092592,0.02024476278188616,0.0,1266.42710981159
Benin,Mortalidad_Alta,0.322,0.017000756231451638,0.6430359825452463,0.36072231400917376,0.44967828283994604,1.0,0.3000037950664137,0.026076794897338468,0.1386247467305335,0.019549101050202577,0.0,1318.65158107487
Benin,Mortalidad_Alta,0.29600000000000004,0.01932722598113991,0.6508190857715144,0.34275419801430956,0.47262415284614145,0.0,0.2830815939278937,0.03214884030574866,0.14329644982775183,0.02138258311854227,0.0,1200.19426631122
Benin,Mortalidad_Alta,0.281,0.018786945032292512,0.6470133772086701,0.3398007167856347,0.47410065054826167,0.0,0.27620113851992406,0.032939902711941756,0.1496462875213964,0.022288569510119538,0.0,1130.82135339795
Benin,Mortalidad_Alta,0.302,0.019192541145077777,0.644466700050075,0.35484787801326684,0.482917698983916,1.0,0.304292220113852,0.0312955501341548,0.14540034775127056,0.021819441892066208,0.0,1151.7409703472
Benin,Mortalidad_Alta,0.313,0.018683022850587275,0.6418627941912869,0.3602169241149076,0.4783669760526167,0.0,0.3230967741935484,0.029412501066086578,0.14241113897962704,0.022051215416203647,0.0,1054.97408066814
Benin,Mortalidad_Alta,0.39,0.018531474249444735,0.6383575363044567,0.3509102337627151,0.4761117991753423,0.0,0.4122011385199241,0.02341845800287581,0.1113438190623297,0.02334491848898631,0.0,1010.5338961993
Benin,Mortalidad_Alta,0.36,0.017160249994312836,0.6360683882967306,0.33367899238058213,0.48794411533945703,1.0,0.3893738140417457,0.023537402238836515,0.11470491891807137,0.025373627796390432,0.0,1002.41886879614
Benin,Mortalidad_Alta,0.295,0.01659416569535173,0.6344230631661778,0.323888211426719,0.49122409115115406,0.0,0.3263472485768501,0.027800359437272767,0.13587567814969134,0.02691334137831992,0.0,1204.39918670094
Benin,Mortalidad_Alta,0.3,0.016568590065760606,0.6323485227841761,0.319546727896475,0.4899950099294107,0.0,0.3398481973434535,0.027296002976936587,0.13182194114268878,0.028058870717112196,0.0,1168.92699279226
Benin,Mortalidad_Alta,0.28,0.015616181215246983,0.627999141569497,0.3257931689511104,0.48373916006046025,0.0,0.3240986717267552,0.027609181151293464,0.14399584711349875,0.02812801422529254,0.0,1071.5258366283
Benin,Mortalidad_Alta,0.29,0.01592621022814914,0.6266113455898132,0.32614784215018194,0.4621556038186929,1.0,0.3433776091081594,0.02717149735446563,0.1391816753662939,0.028814432616418417,0.0,1059.41358852588
Benin,Mortalidad_Alta,0.31,0.0164293869821925,0.6255383074611918,0.32670639302366006,0.4344270928464994,0.0,0.37470588235294117,0.026199440159937366,0.13042496824894634,0.029427531519648192,0.0,973.244254931526
Benin,Mortalidad_Alta,0.27,0.016332399716542035,0.6236926818799629,0.3411061896958266,0.4292143239251883,0.0,0.33352941176470585,0.029908011854176218,0.1563407553470759,0.028736176014780283,0.0,1024.10277858112
Benin,Mortalidad_Alta,0.25,0.01603250067620953,0.621417841047285,0.3391724237989353,0.42593648440767595,0.0,0.3149905123339659,0.031723493997755994,0.16789172077255757,0.029562088042020936,0.0,1060.60254502099
Benin,Mortalidad_Alta,0.29,0.01616856152149003,0.6235639173045282,0.3410066102295635,0.3940900417613894,0.0,0.3736432637571157,0.027573572846271727,0.14551618212848794,0.030123914625128194,0.0,912.338247188342
Benin,Mortalidad_Alta,0.32,0.015293648700671295,0.6195149867658629,0.33671277247340653,0.37388491208559776,0.0,0.42079696394686905,0.023673098226118783,0.13021512690299133,0.031247731017614536,0.0,809.147072506221
Benin,Mortalidad_Alta,0.3,0.013315551349359685,0.6162529508548535,0.33744205253141835,0.35998435310417837,0.0,0.40360531309297915,0.02207891409902669,0.1391966745321527,0.03196909936453634,0.0,779.437777753268
Benin,Mortalidad_Alta,0.3,0.013716154996669923,0.6106445382359251,0.3353085808170993,0.3471966607327716,0.0,0.4127134724857685,0.02272138565102368,0.13831746248051197,0.03299432424413047,0.0,758.695803786371
Benin,Mortalidad_Alta,0.3,0.013540712780857623,0.6070105157736605,0.30915115104903845,0.3507111835338415,1.0,0.4223908918406072,0.022440018685356923,0.12753788319775333,0.03698514199678051,0.0,676.002878084282
Benin,Mortalidad_Alta,0.3,0.01322629449703578,0.6035624865870233,0.320904985913002,0.33456617643600106,0.0,0.43263757115749524,0.02193576765284744,0.13238168459246277,0.036452604256749205,0.0,546.463829658159
Benin,Mortalidad_Alta,0.3,0.012692880399832919,0.6007439731025108,0.3166708446743566,0.3551545841297566,0.0,0.4428842504743833,0.02108030019720146,0.1306367784001844,0.03793773975575141,0.0,492.401499509072
Benin,Mortalidad_Alta,0.3,0.012291500310146747,0.5998855425996137,0.2975997526784379,0.3291962094084647,0.0,0.45370018975332066,0.020436583419052263,0.12277750667503165,0.04164920833782048,0.0,487.424141384242
Benin,Mortalidad_Alta,0.19399999999999998,0.013317022436983275,0.5823163316403175,0.4184471640396269,0.5367083009385203,0.0,0.32505123339658437,0.03414629902342527,0.26687504896915704,0.03212822272105904,0.0,348.435238914394
Bhutan,Mortalidad_Media,0.735,0.05866571896043707,0.8310894913799269,0.18534174416079366,0.5102461849193266,1.0,0.2663851992409867,0.03869781071757139,0.03123083329741667,0.013983589044295726,0.6666666666666666,3711.32767981591
Bhutan,Mortalidad_Media,0.55,0.0318466510863165,0.8267114958151511,0.1995637570617064,0.49864269786785254,0.0,0.2066413662239089,0.028253631825496225,0.044932630261000986,0.013342176006471381,0.3333333333333333,3570.61257980872
Bhutan,Mortalidad_Media,0.512,0.03828375323195711,0.8239215966807354,0.1984031314477666,0.49639039427821186,0.0,0.1972220113851992,0.03639954085428376,0.047987220966456745,0.013862145558818326,0.3333333333333333,3191.66906999331
Bhutan,Mortalidad_Media,0.545,0.0459753358912046,0.8203734172687602,0.16335821292157227,0.49235073004163254,0.0,0.2182068311195446,0.04098568350718211,0.037131766365947026,0.018358203186277473,0.3333333333333333,3576.87987100503
Bhutan,Mortalidad_Media,0.509,0.046572621506665496,0.8161671078045638,0.17116630551019663,0.4465934981198244,0.0,0.21055407969639467,0.04444905323668751,0.04165449181327469,0.01805789079687567,0.3333333333333333,3400.20417245342
Bhutan,Mortalidad_Media,0.44700000000000006,0.03257214358009898,0.8119035696401744,0.1633055608878964,0.4195112780604985,1.0,0.19169259962049337,0.03554485896175025,0.04525794907524899,0.01990549944992486,0.3333333333333333,3435.28804735662
Bhutan,Mortalidad_Media,0.65,0.03488704352927841,0.8076972601759782,0.15156849317008367,0.4213612330930244,0.0,0.2886148007590133,0.026157406429656443,0.028891131938782108,0.02258373011680687,0.3333333333333333,3152.30905106786
Bhutan,Mortalidad_Media,0.63,0.044822382886026205,0.8030903498104298,0.15147609196869902,0.42527546026618207,0.0,0.29168880455407964,0.034575365104384644,0.029790177922353722,0.023706391362423807,0.3333333333333333,2954.04081911097
Bhutan,Mortalidad_Media,0.588,0.047449198225744824,0.7988983475212819,0.1523456799653025,0.41723980469440025,0.0,0.2834003795066413,0.03919441043858415,0.032100884825037805,0.024653159480765505,0.3333333333333333,2849.49998647303
Bhutan,Mortalidad_Media,0.5700000000000001,0.07002127092900405,0.7939909864797194,0.14967342414589738,0.41059145989690116,0.0,0.2866223908918406,0.059484842418973345,0.03253499324471912,0.02638340412325224,0.6666666666666666,2679.95217201538
Bhutan,Mortalidad_Media,0.5700000000000001,0.044833249228124025,0.7882395021103081,0.14613440248429507,0.4098589989536856,1.0,0.30176470588235293,0.038224049320525914,0.031767390775586456,0.0287068864335746,0.3333333333333333,2751.2128864294
Bhutan,Mortalidad_Media,0.5,0.03161030310448368,0.7813863652621789,0.14900272542680926,0.43677034492087563,0.0,0.27988614800759015,0.030851567940340854,0.03692405375716518,0.02989244745330813,0.3333333333333333,2787.97967608562
Bhutan,Mortalidad_Media,0.52,0.026236466888765995,0.7740181701123112,0.15676345632023814,0.41684296971949736,0.0,0.3098292220113852,0.024692852166303667,0.0373490291539567,0.03028489121683236,0.3333333333333333,2435.5798056672
Bhutan,Mortalidad_Media,0.5,0.02935028614931809,0.7653051005079048,0.17691871949829552,0.4142958751210782,0.0,0.3187855787476281,0.028676854938389177,0.04382662807013635,0.028551266290404227,0.3333333333333333,1918.39599211093
Bhutan,Mortalidad_Media,0.3468,0.02302776304490405,0.7592531654624795,0.18302173066282693,0.39059730440833784,0.0,0.23624516129032258,0.03257349248352356,0.06536285028303265,0.02959885421961702,0.3333333333333333,1919.59774896395
Bhutan,Mortalidad_Media,0.19820000000000002,0.016234401872012204,0.7509406967594248,0.18831870982207996,0.3772167180336532,1.0,0.1444189753320683,0.04050461016295822,0.11767259453636841,0.030901857343333637,0.0,1850.41570433398
Bhutan,Mortalidad_Alta,0.2732,0.014146395966591813,0.7415981114528936,0.21913583982518137,0.4124042688079304,0.0,0.2135833017077799,0.025707966670486703,0.09931429809114012,0.028242778989223262,0.0,1405.6071618158
Bhutan,Mortalidad_Alta,0.314,0.01385261556532107,0.7326704342227626,0.22790155907633772,0.41672567902796365,0.0,0.26275901328273243,0.02191742241792077,0.08986109048342161,0.029166336434587305,0.0,1299.94938578359
Bhutan,Mortalidad_Alta,0.3152,0.012389425671216063,0.7243007368195149,0.24491803318996871,0.39271811439639964,0.0,0.2823043643263757,0.019600538128973943,0.09619336645234215,0.029037510480594247,0.0,1130.35934606796
Bhutan,Mortalidad_Alta,0.2416,0.02052187275848234,0.7153158308891909,0.25008566308203767,0.37993260901466513,1.0,0.23059734345351043,0.041766698054999725,0.12814167741227525,0.030450308086234404,0.0,1022.38240311018
Bhutan,Mortalidad_Alta,0.2486,0.018527304176846723,0.7056155662064525,0.26316066085785483,0.373419264529891,0.0,0.25237381404174575,0.03673045971102514,0.1310358270505326,0.03081614747739691,0.0,895.799489930972
Bhutan,Mortalidad_Alta,0.2926,0.015607202787807466,0.6961585234995349,0.26396564721043153,0.39147716397034643,0.0,0.3148087286527514,0.026405505650191462,0.11167131925367395,0.03274673173219059,0.0,812.238210772056
Bhutan,Mortalidad_Alta,0.28940000000000005,0.013365747207527078,0.6749695972530223,0.27329300773266463,0.40716636214068136,0.0,0.33003681214421254,0.022971060268671295,0.11689074138685307,0.03360585084425403,0.0,771.924911410619
Bhutan,Mortalidad_Alta,0.204,0.006465961911673613,0.638271693254167,0.3521023205502874,0.3177410750748088,0.0,0.30038709677419345,0.016314450007055763,0.21358563002404654,0.033696358060346536,0.0,530.103676927417
Bolivia,Mortalidad_Media,0.287,0.03659621135273321,0.7549753201230416,0.15747048298618185,0.49207518591438126,1.0,0.11273055028462997,0.062106766437288075,0.06797528117676119,0.01874043910224905,0.3333333333333333,3643.92826984604
Bolivia,Mortalidad_Alta,0.259,0.03471991068653561,0.6690321196079834,0.16321862821070102,0.5031628488903248,1.0,0.10517267552182161,0.0653355287960585,0.07806778242310196,0.018684918943019668,0.3333333333333333,3384.84486462654
Bolivia,Mortalidad_Alta,0.231,0.030073592273192003,0.6901924315043992,0.1768614597461365,0.5286094972180085,1.0,0.09730929791271348,0.06357761903982147,0.09483218590741065,0.017750678769363457,0.3333333333333333,3099.94219053514
Bolivia,Mortalidad_Media,0.197,0.03646856578250314,0.7604978896916801,0.15434495318935923,0.5048085819515642,1.0,0.08597722960151803,0.09016867087557746,0.09706849124640098,0.02168451874681943,0.3333333333333333,3503.89601123129
Bolivia,Mortalidad_Media,0.231,0.03682058146089915,0.7587667215108376,0.14498191501489116,0.48627021839696893,1.0,0.10476091081593929,0.07763027106457411,0.0777702569772003,0.024335258338144396,0.3333333333333333,3500.72642189887
Bolivia,Mortalidad_Media,0.326,0.03671663988386234,0.7564346519779668,0.14634127593776275,0.4822081750234368,1.0,0.15341176470588236,0.054854550478273104,0.0556226648781383,0.025110202294090625,0.3333333333333333,3306.30301224425
Bolivia,Mortalidad_Media,0.35000000000000003,0.035699227123796466,0.7543744187710135,0.141058061293032,0.4943458695158034,1.0,0.17201138519924097,0.04969450888898012,0.04994233918408082,0.027479200570927346,0.3333333333333333,3035.87347732132
Bolivia,Mortalidad_Media,0.34,0.034302084142154105,0.751698977036984,0.1292582137181489,0.4507207781501247,1.0,0.17483870967741935,0.0491790414167521,0.0471205579131945,0.031838086132054154,0.3333333333333333,2996.01289811344
Bolivia,Mortalidad_Media,0.281,0.03470524400275064,0.7483367909006367,0.1229395675811591,0.3992836528321656,1.0,0.15143074003795065,0.06019517940221151,0.054234192321422146,0.03541144478575605,0.3333333333333333,3041.43503162408
Bolivia,Mortalidad_Alta,0.28,0.03200503339220889,0.7455755061163172,0.12580937665599504,0.38498986621215053,1.0,0.1588614800759013,0.05577035571590436,0.05569502111108397,0.036528869425342225,0.3333333333333333,2870.02377000756
Bolivia,Mortalidad_Alta,0.28,0.03220921837421488,0.7428428356820944,0.12385006705542322,0.38763193552808034,1.0,0.16736242884250474,0.05612120938519461,0.05482990772294677,0.039322379876774026,0.3333333333333333,2575.59857098084
Bolivia,Mortalidad_Alta,0.27,0.030196782150069514,0.7384934544674153,0.12331124168318866,0.39412792243570527,1.0,0.17009487666034157,0.054613703874914606,0.05661392054955153,0.04181853133239829,0.3333333333333333,2315.52121930607
Bolivia,Mortalidad_Alta,0.3,0.028577053464281958,0.7345017526289432,0.13116176304328397,0.4230815266956798,0.0,0.19867172675521821,0.046554679647876164,0.05418775910259242,0.04129709924235263,0.3333333333333333,1929.78373077158
Bolivia,Mortalidad_Alta,0.29,0.026757181489144636,0.7295371628871878,0.14081168245291137,0.4225809082224044,1.0,0.20250474383301703,0.04514073546526473,0.06017020209950774,0.04050983481252169,0.3333333333333333,1731.18172112209
Bolivia,Mortalidad_Alta,0.27,0.02610639454151821,0.7244295013949495,0.13182616213428358,0.3882309270440678,1.0,0.19878557874762806,0.047324821229991654,0.06051284507874277,0.04603168762509962,0.3333333333333333,1692.67248455876
Bolivia,Mortalidad_Alta,0.25,0.026017116618290863,0.7192789183775661,0.12636845296334137,0.41119035870672394,1.0,0.19449715370018975,0.050938990641804294,0.06265490068823326,0.05107460208666974,0.3333333333333333,1354.54905949929
Bolivia,Mortalidad_Alta,0.22,0.02592580328771509,0.7134129766077686,0.1380925072500343,0.4182851266713763,1.0,0.18075901328273244,0.05768551953718731,0.0777871990122833,0.04926102136383691,0.3333333333333333,1202.71150446327
Bolivia,Mortalidad_Alta,0.23,0.025885269026457495,0.7084483868660132,0.14891524327792108,0.46034214746854074,1.0,0.19944971537001896,0.05509266150838984,0.08022265807695016,0.04815145466368299,0.3333333333333333,1020.12326200737
Bolivia,Mortalidad_Alta,0.22,0.023829167475478596,0.7032548823234852,0.1682740395980114,0.48844665195499526,1.0,0.20121442125237193,0.053100295327408044,0.0947480095408096,0.04473517192458341,0.3333333333333333,953.191893246277
Bolivia,Mortalidad_Alta,0.2,0.023875623811967256,0.6980470706059088,0.16960102155550552,0.5112867793581386,0.0,0.19316888045540798,0.05852208198519388,0.10504309218986796,0.04702991969107123,0.3333333333333333,893.013760211149
Bolivia,Mortalidad_Alta,0.27,0.02368204019466902,0.6925101938622218,0.163626079467195,0.522820350738836,1.0,0.27512333965844404,0.043004733254233506,0.07507381231591748,0.05173380502263315,0.3333333333333333,888.221328974352
Bolivia,Mortalidad_Alta,0.25,0.020180434998928506,0.6849273910866298,0.167429531556387,0.5268593868321754,1.0,0.2685009487666034,0.039706236500851665,0.0829606183089962,0.05339077757803102,0.0,930.168227214313
Bolivia,Mortalidad_Alta,0.28,0.019248884349930245,0.678045639888404,0.1637614090343908,0.5212498606762663,1.0,0.3166603415559772,0.033851301466530134,0.0724523581383636,0.057730202777183236,0.0,975.777060358751
Bolivia,Mortalidad_Alta,0.1,0.02157489562696082,0.6455683525287932,0.1877246316075028,0.45932306834107806,0.0,0.1425047438330171,0.10597472600344209,0.23249261649225025,0.06380289037733389,0.3333333333333333,852.754034861444
Bosnia and Herzegovina,Mortalidad_Baja,0.334,0.10492971751288015,0.8886472565991845,0.060750324995345106,0.5479301172050041,0.0,0.03485768500948767,0.15180172694477911,0.022608619433992554,0.011828859068297415,0.6666666666666666,7655.59421024383
Bosnia and Herzegovina,Mortalidad_Media,0.424,0.1047688892479382,0.8570283997424706,0.063193735774748,0.5406308068052565,0.0,0.045859582542694496,0.11939716482253307,0.018522076974836724,0.011775894920678123,0.6666666666666666,7295.3438240957
Bosnia and Herzegovina,Mortalidad_Baja,0.418,0.0994536840916187,0.8781028685885972,0.07452204474759065,0.54969158106481,0.0,0.04600379506641366,0.11499307670121747,0.022138499496907663,0.009718405802434427,0.6666666666666666,6130.31133245161
Bosnia and Herzegovina,Mortalidad_Baja,0.302,0.09968508372829803,0.8974747836039774,0.06864481151627404,0.5487178216106756,0.0,0.03381024667931689,0.1595312543364409,0.028236038204828038,0.01107150152305291,0.6666666666666666,6122.3753450882
Bosnia and Herzegovina,Mortalidad_Baja,0.284,0.10189802328007677,0.9053151155304384,0.07204588218784269,0.5391632121483656,0.0,0.03179506641366224,0.17339135589139007,0.031506203881102854,0.010396049475931927,0.6666666666666666,6047.84584261133
Bosnia and Herzegovina,Mortalidad_Baja,0.327,0.09082228432653328,0.8973460190285427,0.06840445382244108,0.5473414816246586,0.0,0.03722960151802656,0.13429450009811314,0.02598644597455402,0.011366237600176576,0.6666666666666666,5345.01985489192
Bosnia and Herzegovina,Mortalidad_Baja,0.39,0.0898250475561822,0.8936118463409399,0.07770048861377336,0.5442037128930651,0.0,0.04366223908918406,0.11137052157058175,0.024735506514054647,0.00940337572707418,0.6666666666666666,4928.5665251728
Bosnia and Herzegovina,Mortalidad_Baja,0.42,0.08099762909576924,0.8928821804134772,0.07608029175038343,0.5528006956362999,0.0,0.04702087286527514,0.09330330686164844,0.022491763566802332,0.009672785633466829,0.6666666666666666,4662.25883724069
Bosnia and Herzegovina,Mortalidad_Baja,0.33899999999999997,0.07762229289106601,0.8931110952142498,0.07498546500295074,0.5739480237850925,0.0,0.03795256166982922,0.11080655316593442,0.027466625311302107,0.009861398617734373,0.6666666666666666,5206.06558252
Bosnia and Herzegovina,Mortalidad_Baja,0.32,0.08249888543168936,0.8936833822161814,0.08625317138956784,0.5668061887888318,0.0,0.03582542694497154,0.12471776474408891,0.033450705512335276,0.008148312290145121,0.6666666666666666,5034.56616016469
Bosnia and Herzegovina,Mortalidad_Baja,0.32,0.08406841174023842,0.8923671221117391,0.07734717585773415,0.5739787785298908,0.0,0.03582542694497154,0.12707758475444422,0.030009897091271078,0.009461167152561414,0.6666666666666666,4693.78899115381
Bosnia and Herzegovina,Mortalidad_Baja,0.3,0.0881736234018445,0.8913083911581656,0.08519458422427295,0.5629020465341323,1.0,0.033586337760910814,0.1421331923213529,0.03524450462851164,0.008290042583873591,0.6666666666666666,4982.69375768263
Bosnia and Herzegovina,Mortalidad_Baja,0.32,0.07846557616901582,0.8893626153515988,0.08568836489413825,0.5594120707428392,0.0,0.03643263757115749,0.11865358865849841,0.03323249397845347,0.008418846976811632,0.6666666666666666,4506.47828548389
Bosnia and Herzegovina,Mortalidad_Baja,0.33,0.07391976549540713,0.8875599112955146,0.08922990219711405,0.5609112728249033,0.0,0.03757115749525616,0.10843040441481336,0.03355224997639497,0.007955350383488572,0.6666666666666666,4539.91863774968
Bosnia and Herzegovina,Mortalidad_Baja,0.29,0.06963521093374855,0.8818227341011515,0.09088361461947002,0.5382338991487293,0.0,0.0335673624288425,0.11627798643246244,0.03888514793993171,0.007935471345869919,0.6666666666666666,4841.69311934649
Bosnia and Herzegovina,Mortalidad_Baja,0.29,0.06088218696005133,0.8798483439444882,0.09718207279851895,0.5255624259280097,1.0,0.03411764705882353,0.10175618887776723,0.04157027134406808,0.007381933315036638,0.6666666666666666,3931.48948737505
Bosnia and Herzegovina,Mortalidad_Baja,0.31,0.06008364675124594,0.8779311824880178,0.10160312878887173,0.5261838713785774,0.0,0.03705882352941177,0.09395191952230006,0.040651480767406885,0.007083387784314912,0.6666666666666666,3166.12865344833
Bosnia and Herzegovina,Mortalidad_Baja,0.33,0.05664605988895788,0.8835968238071392,0.10467943987239074,0.5494835339985247,0.0,0.04007590132827324,0.0832459914687539,0.03934026361428348,0.006939155188314837,0.6666666666666666,2739.61076866057
Bosnia and Herzegovina,Mortalidad_Baja,0.1,0.05344572349826873,0.8845267901852778,0.10830054710687881,0.5605365411825683,1.0,0.012523719165085389,0.2593140706403922,0.13429968735969497,0.0069071386225771445,0.6666666666666666,2452.68616839392
Bosnia and Herzegovina,Mortalidad_Baja,0.1,0.048406027338051494,0.8839545031833465,0.1022451368083747,0.5626276291570554,0.0,0.013092979127134724,0.23506670218490333,0.12681331243893793,0.008001287654619656,0.3333333333333333,2033.94700935864
Bosnia and Herzegovina,Mortalidad_Baja,0.1,0.04837537594575467,0.877444738536376,0.11197078043680908,0.552456220505676,0.0,0.013851992409867172,0.23491922988120342,0.1388372399614244,0.00762088357799162,0.3333333333333333,1606.54672243362
Bosnia and Herzegovina,Mortalidad_Baja,0.1,0.04618688607366543,0.8714214178410471,0.11509764804106615,0.5486023254308645,1.0,0.014800759013282733,0.2243898013992757,0.14270302313037345,0.008052865143651557,0.3333333333333333,1387.89365131544
Bosnia and Herzegovina,Mortalidad_Baja,0.1,0.04803764411348193,0.8674011016524787,0.11359019310592793,0.5462366251821835,0.0,0.015749525616698293,0.2332943088709036,0.14083933887707387,0.008940635369545882,0.3333333333333333,1338.48059636261
Bosnia and Herzegovina,Mortalidad_Media,0.3182,0.018211250590486776,0.7943772802060234,0.26164220439304314,0.5376487020180948,0.0,0.08453130929791272,0.02821851095300497,0.10178434332931777,0.005677797151330072,0.0,502.365980975339
Botswana,Mortalidad_Media,0.614,0.05362149262615324,0.7737892553115386,0.019664434189047786,0.5698978515920866,0.0,0.4567134724857685,0.04237129387647433,0.0040257034571284794,0.3261557867078356,0.6666666666666666,8328.70905682185
Botswana,Mortalidad_Alta,0.488,0.05258882317788279,0.6958723799985691,0.02230696341818565,0.613470829813524,0.0,0.37317647058823533,0.052293296479142735,0.00573459204306779,0.2958600810368614,0.6666666666666666,7807.88794500125
Botswana,Mortalidad_Media,0.46399999999999997,0.051518252080391534,0.7579655197081334,0.027615686762408404,0.6780967333644996,0.0,0.36538899430740035,0.05388803317782223,0.007445699619310836,0.24624274453912665,0.3333333333333333,6323.29749806946
Botswana,Mortalidad_Media,0.524,0.057173058474108404,0.7511553043851491,0.026038297922828486,0.6245689141469137,0.0,0.4205920303605313,0.05290979149152421,0.0062209736397546315,0.2662698594086909,0.6666666666666666,7172.08956480028
Botswana,Mortalidad_Alta,0.5660000000000001,0.06190768510265558,0.7397667930467127,0.026467086692010332,0.592794184075914,0.0,0.46396963946869074,0.053008286607606994,0.005853006796320012,0.26759994483759436,0.6666666666666666,7407.95940141786
Botswana,Mortalidad_Alta,0.5760000000000001,0.05897044077807233,0.7261606695757923,0.022982785524941866,0.5760529306465854,0.0,0.4841897533206831,0.04963455026007455,0.005003530552713989,0.31601978200534775,0.6666666666666666,7104.96401088027
Botswana,Mortalidad_Alta,0.63,0.05733260059205568,0.7104227770226768,0.024677290080576526,0.543633732451953,0.0,0.5582732447817838,0.044129350564385175,0.004907186012877782,0.3105086407758637,0.6666666666666666,6749.05994339013
Botswana,Mortalidad_Alta,0.64,0.060257210046565195,0.69461334859432,0.024321380277425655,0.5750021366474648,1.0,0.5732068311195446,0.04563843928301994,0.004761758813830829,0.3184479504539362,0.6666666666666666,6141.20394726616
Botswana,Mortalidad_Alta,0.612,0.061418904977195175,0.6796194291437154,0.022699355746393653,0.531197656052209,0.0,0.5620645161290322,0.048639746108284976,0.004651949087792098,0.3498672276487419,0.6666666666666666,7122.36423421503
Botswana,Mortalidad_Alta,0.61,0.05711158595120634,0.6660276128478431,0.024900732972453432,0.5550237056247682,0.0,0.5509677419354838,0.04540189281153474,0.005113363435157792,0.3137235850908628,0.6666666666666666,6666.91219583487
Botswana,Mortalidad_Alta,0.58,0.05510990149520879,0.6541097360326202,0.02896657145470418,0.5602407197618865,0.0,0.5370777988614801,0.046089808630445116,0.006244510492330886,0.27660726191513396,0.6666666666666666,6595.53845015424
Botswana,Mortalidad_Alta,0.56,0.0491892693795911,0.6445382359253164,0.02648748973575131,0.5160743349589556,0.0,0.5525616698292221,0.0426491242336601,0.005920221962489899,0.3225355914315664,0.3333333333333333,7287.38295334919
Botswana,Mortalidad_Alta,0.58,0.052015767356515814,0.6362686887474067,0.02613462509980777,0.5506075539998787,0.0,0.5557874762808349,0.04352313054843642,0.005640860740230825,0.3173558411953209,0.3333333333333333,6215.73216077919
Botswana,Mortalidad_Alta,0.54,0.048476473390654536,0.624250661706846,0.029740754093317525,0.5909349927841346,1.0,0.5051612903225806,0.04359363658831825,0.00688431332417385,0.2721946799491481,0.3333333333333333,5082.93388332404
Botswana,Mortalidad_Alta,0.56,0.05330635482095691,0.6151512983761356,0.026755121180235035,0.5167676286310867,0.0,0.5206831119544592,0.04618634455146559,0.005979306944680008,0.3007032306561796,0.6666666666666666,5503.07395314313
Botswana,Mortalidad_Alta,0.59,0.05141750618578937,0.601902854281422,0.024054593711576772,0.47735497217243483,0.0,0.5273055028462998,0.04229758604319312,0.00510939407485402,0.3212791950336012,0.3333333333333333,5529.12574632532
Botswana,Mortalidad_Alta,0.6,0.050447520880514934,0.5786823091780526,0.021678513573679437,0.47202474878189604,0.0,0.4986717267552182,0.04081481512920545,0.004534641540215133,0.3311268696545982,0.3333333333333333,5291.58379144849
Botswana,Mortalidad_Alta,0.5700000000000001,0.05017917990715155,0.5682953000929967,0.0228104994225037,0.44282354778555666,0.0,0.4650853889943074,0.04273646111035202,0.005018830991285,0.30895694172481536,0.3333333333333333,5391.07076619634
Botswana,Mortalidad_Alta,0.64,0.04950327834493333,0.5566635667787394,0.028267656501499042,0.47327363524883237,0.0,0.5404174573055028,0.03755404366592292,0.0055240756382162835,0.25818147684908627,0.3333333333333333,4956.69287735214
Botswana,Mortalidad_Alta,0.6,0.047614739319838055,0.5463337863938764,0.034124689885057014,0.49314554858034554,0.0,0.49297912713472486,0.0385432662080007,0.007099200548981093,0.20787712984522894,0.3333333333333333,4230.12326909926
Botswana,Mortalidad_Alta,0.6,0.04862683426520916,0.5394949567207954,0.03036887440294748,0.4692039834114128,1.0,0.4827324478178368,0.03935484420371639,0.006325307411929713,0.22878818817459592,0.3333333333333333,3117.25087183011
Botswana,Mortalidad_Alta,0.61,0.04878115567946602,0.5371628871879246,0.03245293111338708,0.4428720340609218,0.0,0.4896204933586338,0.038831401330610305,0.006643998078103928,0.21352074286050265,0.3333333333333333,3206.07123689853
Botswana,Mortalidad_Alta,0.61,0.04922249505442428,0.5379211674654838,0.03503985240079161,0.4138966056706124,0.0,0.49193548387096775,0.039179500589444145,0.00716829991277304,0.1986121310258959,0.3333333333333333,3450.81180622992
Botswana,Mortalidad_Alta,0.5,0.04436470655318551,0.5729737463337863,0.0583643964347395,0.45400031870493607,0.0,0.3918406072106262,0.043124558613544445,0.014512607477689059,0.11493631946751165,0.3333333333333333,3156.18194514079
Brazil,Mortalidad_Media,0.4,0.06586605989351497,0.8613920881321981,0.07266211408453643,0.5888142092927995,1.0,0.09563567362428843,0.07976793381448738,0.022559868439683748,0.02570458681249572,0.6666666666666666,9281.33334441234
Brazil,Mortalidad_Media,0.47500000000000003,0.06577004205788443,0.8351527290936402,0.08267633711533898,0.5754294508986297,1.0,0.11446869070208729,0.06707574041340382,0.02160424745010909,0.02240748835570398,0.6666666666666666,7972.5366498646
Brazil,Mortalidad_Media,0.456,0.06339893886025406,0.8561556620645252,0.07195352949030259,0.6271403590214829,1.0,0.1107552182163188,0.06736880162229024,0.01959724611775217,0.026453876767711243,0.6666666666666666,7074.19378337644
Brazil,Mortalidad_Baja,0.281,0.06510564464545311,0.8747979111524429,0.052888230342212114,0.645605577706609,1.0,0.0693168880455408,0.11224667890913799,0.02341380387449986,0.03774563003848177,0.6666666666666666,9029.83326681073
Brazil,Mortalidad_Baja,0.314,0.06453064547957696,0.8722798483439445,0.05561406003970326,0.6408792648754686,1.0,0.07805313092979127,0.0995690089588778,0.022026358018724483,0.03604593486066189,0.6666666666666666,9300.66164923219
Brazil,Mortalidad_Baja,0.334,0.06584954673850771,0.8687030545818726,0.05789450341251716,0.6486936368526672,1.0,0.084292220113852,0.09550667242933006,0.0215515278809759,0.03508198623670271,0.6666666666666666,10080.5092819305
Brazil,Mortalidad_Media,0.43,0.06505429874528076,0.8643822877172902,0.06157427048477598,0.6471545647999787,1.0,0.11912713472485767,0.07329444847555623,0.017798009860902096,0.03632908427099008,0.6666666666666666,8836.28652735657
Brazil,Mortalidad_Media,0.42,0.06812703039713172,0.8647399670934972,0.05433268182906416,0.6369399019640192,1.0,0.10918406072106261,0.078559497155321,0.016090138389774723,0.038812781564313656,0.6666666666666666,8936.19661712113
Brazil,Mortalidad_Media,0.379,0.06998612021309168,0.8606910365548321,0.0544144510613905,0.6248887053059705,1.0,0.10068311195445921,0.08941806912859362,0.01785743364116245,0.0396707210629128,0.6666666666666666,12274.9939689363
Brazil,Mortalidad_Media,0.38,0.06840413413814501,0.8576293010944986,0.056708603640530104,0.6069615533365745,1.0,0.10383301707779886,0.08717976594499922,0.01855683192015103,0.03912068216716394,0.6666666666666666,12458.8912138813
Brazil,Mortalidad_Media,0.37,0.065892040147699,0.8537091351312682,0.05242394853309648,0.5961844426539302,1.0,0.10390891840607211,0.08626938741287268,0.017626700494613717,0.0438404468208409,0.6666666666666666,12521.7213519966
Brazil,Mortalidad_Media,0.37,0.0638968845072473,0.8495886687173617,0.054622301483913005,0.5828956212238245,1.0,0.10741935483870968,0.08367499709904064,0.018361254437896865,0.04348341707169091,0.6666666666666666,13396.6243562986
Brazil,Mortalidad_Media,0.35000000000000003,0.0636388527439907,0.8457543458044208,0.051758621506279544,0.5834059121515996,0.0,0.1062618595825427,0.08810172207825767,0.018398925773510186,0.04831380396162889,0.6666666666666666,11403.2821278747
Brazil,Mortalidad_Media,0.35000000000000003,0.05796949337251081,0.8411474354388724,0.056327515712851585,0.6008760670197423,1.0,0.11091081593927894,0.08030833583224889,0.02001280508934037,0.04622746702319823,0.6666666666666666,8678.6592244676
Brazil,Mortalidad_Media,0.33,0.06055005825049262,0.8361971528721655,0.057480152447547984,0.5741920269065817,1.0,0.11020872865275143,0.08893787421341073,0.02165752610746572,0.04785594608397163,0.6666666666666666,8908.33176538648
Brazil,Mortalidad_Media,0.37,0.0578926588053785,0.8307461191787682,0.055569969595726895,0.5846979748856806,1.0,0.13058823529411764,0.07586743327436425,0.01867790666073397,0.05261016416531443,0.6666666666666666,7409.69130673473
Brazil,Mortalidad_Media,0.39,0.05533441653838834,0.8245368052078117,0.054976780507561177,0.5779920773602181,1.0,0.1457874762808349,0.06882079329822119,0.017532022564952836,0.0565519652636669,0.6666666666666666,5934.14470924968
Brazil,Mortalidad_Media,0.39,0.054019036283956275,0.8178982759854065,0.058534587453944985,0.565879963640762,1.0,0.15540796963946868,0.06719806066766892,0.018659858088648573,0.05664530742753944,0.6666666666666666,4827.78173074714
Brazil,Mortalidad_Media,0.4,0.05325112300476302,0.8111595965376637,0.07136917551265358,0.5527053116476512,1.0,0.1700189753320683,0.0645944484961224,0.0221602496516301,0.04919525751494555,0.6666666666666666,3663.823188064
Brazil,Mortalidad_Media,0.4,0.050968047276144395,0.8043350740396309,0.07772067854216859,0.5690947375688632,1.0,0.18140417457305502,0.061848321713688904,0.024123359112644665,0.04815249859623988,0.3333333333333333,3090.6070097455
Brazil,Mortalidad_Media,0.39,0.05075583778347443,0.797353172616067,0.06896414670381988,0.5803868050677735,1.0,0.18870967741935485,0.0631723816529056,0.02196605980104169,0.058534765058104496,0.3333333333333333,2855.94018885769
Brazil,Mortalidad_Media,0.41000000000000003,0.049994352818202845,0.7914013877959796,0.0604313357463267,0.5845549425807389,1.0,0.2123908918406072,0.0591972132240187,0.018321565549248905,0.07219673473228358,0.3333333333333333,3176.28935747524
Brazil,Mortalidad_Media,0.4,0.04973302345300672,0.7857357464768582,0.05979117686508269,0.5906914005612837,0.0,0.2208728652751423,0.06036281163833375,0.018581745700826557,0.07803159825011959,0.3333333333333333,3766.54811466032
Brazil,Mortalidad_Media,0.5,0.04590039277581324,0.7587953358609341,0.06309690248737013,0.5892040062343515,1.0,0.3776091081593928,0.04460228062250251,0.01568277804840981,0.10214001138973126,0.3333333333333333,4756.74840785403
Brunei Darussalam,Mortalidad_Media,0.611,0.4421494239856595,0.8334215609127977,0.013543810929037088,0.29728660742847896,0.0,0.09622960151802658,0.3485228804908354,0.0028070083069163584,0.09723288291470147,1.0,36632.9280421411
Brunei Darussalam,Mortalidad_Media,0.47500000000000003,0.4154910321188155,0.8613491666070534,0.015570348551399892,0.3555357175857252,0.0,0.07571157495256167,0.4213081942441004,0.004138158533791251,0.0854753327445392,1.0,31006.9636220576
Brunei Darussalam,Mortalidad_Media,0.49600000000000005,0.42538855449898966,0.8648544244938836,0.0150794750756709,0.39911266162598147,0.0,0.08,0.41307129699959894,0.0038406008847320407,0.08939413598452264,1.0,26834.3592463839
Brunei Darussalam,Mortalidad_Media,0.43700000000000006,0.4274263925818068,0.863924458115745,0.01215036335678888,0.3617951458423572,0.0,0.07048387096774196,0.4710842641381241,0.003530454266503206,0.11115188477443698,1.0,30426.5730284202
Brunei Darussalam,Mortalidad_Media,0.454,0.3849272425982047,0.8631089491379926,0.012550110965351724,0.3522167375866387,0.0,0.07408728652751423,0.4084059691809803,0.0035071140553490066,0.10890406727597296,1.0,30988.1190497851
Brunei Darussalam,Mortalidad_Media,0.409,0.3886963679056204,0.8624078975606266,0.013420933827476729,0.3922794033449003,0.0,0.06674383301707779,0.4577744258362242,0.004156211821622459,0.10179760382655065,1.0,28024.3824618568
Brunei Darussalam,Mortalidad_Media,0.6,0.3247928507816162,0.8618642249087918,0.014904220073454487,0.4165092692739906,0.0,0.09791271347248577,0.26080665877333664,0.0031387850948789786,0.09156369402732861,1.0,26663.2973199878
Brunei Darussalam,Mortalidad_Media,0.6,0.2982806021884397,0.8615065455325845,0.013633060074409809,0.37608056648564336,0.0,0.0967741935483871,0.23954703518409248,0.002876860087103461,0.0989972696718267,1.0,30625.128732694
Brunei Darussalam,Mortalidad_Media,0.533,0.39540400389118574,0.8612490163817152,0.010590843937521908,0.3008881125105705,0.0,0.08596774193548387,0.3573301479804931,0.0025328392040678566,0.12749801047105905,1.0,41026.508391054
Bulgaria,Mortalidad_Media,0.456,0.13729445416567698,0.8512193377173773,0.04663919220286969,0.6094299510437273,1.0,0.04412903225806451,0.14533628158504075,0.012733997717383275,0.014943779072055985,1.0,13999.6719197289
Bulgaria,Mortalidad_Media,0.46799999999999997,0.13497517343724144,0.8090306190993803,0.054431037702927884,0.6385157282222793,1.0,0.046178368121442125,0.13922537278986724,0.014465850376042663,0.012654405404854427,1.0,12972.2173356002
Bulgaria,Mortalidad_Media,0.44200000000000006,0.12320657676900454,0.8397038065809512,0.043116565477015624,0.6283115698452084,1.0,0.045290322580645165,0.13460470127867696,0.012152028228272733,0.017583498067306674,0.6666666666666666,10769.9475699414
Bulgaria,Mortalidad_Media,0.35100000000000003,0.1281514561823864,0.8648286017876987,0.04012063425335913,0.6284978217335006,1.0,0.03663187855787477,0.17628033008047875,0.014247310480409394,0.019545830079017362,1.0,10372.8044341114
Bulgaria,Mortalidad_Media,0.38200000000000006,0.12784369032741333,0.8626999733049059,0.04265831547785202,0.6224664238824408,1.0,0.042041745730550285,0.16158722831289357,0.013912414897703316,0.019369714945258205,1.0,9872.38507789106
Bulgaria,Mortalidad_Media,0.418,0.12635034493758568,0.8605713448221117,0.05084008303367072,0.587348250702052,1.0,0.04838330170777989,0.14595175012847428,0.015134124473228643,0.01672972216515437,1.0,8696.68930427924
Bulgaria,Mortalidad_Media,0.43,0.12052533594270612,0.8605364492732126,0.050988427348753994,0.5831794890124194,1.0,0.052220113851992406,0.1353610675351133,0.014754427934490954,0.01765413873746821,0.6666666666666666,7822.49923292968
Bulgaria,Mortalidad_Media,0.41000000000000003,0.12195893614973123,0.8577099098124543,0.05107799414748892,0.5909571975414781,1.0,0.05290322580645161,0.1436463503570021,0.015501164049819022,0.018925108618530372,0.6666666666666666,7268.65445473873
Bulgaria,Mortalidad_Media,0.35200000000000004,0.11557001108856502,0.8555812813296602,0.0573645545208066,0.5961213839544741,1.0,0.04875901328273245,0.1585827146515149,0.02026332985204376,0.01795938400082048,0.6666666666666666,8069.60005667684
Bulgaria,Mortalidad_Media,0.33,0.10876916051550128,0.861234360251178,0.056816565583335046,0.5899886653406704,1.0,0.04884250474383301,0.15923951133734413,0.021408919974342754,0.019633498630433555,0.6666666666666666,7795.98092108928
Bulgaria,Mortalidad_Media,0.36,0.11525602303244378,0.8534177572979684,0.05573733472383163,0.5784908744270296,1.0,0.056698292220113855,0.15463902011665345,0.019254213922116535,0.02157352261039046,0.6666666666666666,7431.95789508871
Bulgaria,Mortalidad_Media,0.38,0.11986351959576505,0.8512542332662751,0.05866367770669241,0.5831503162676122,1.0,0.06273244781783682,0.1523337919447558,0.019192905879575718,0.021478914607610058,0.6666666666666666,7849.58061302818
Bulgaria,Mortalidad_Media,0.36,0.11064563026023592,0.8419371217104399,0.05070497008869045,0.6049297653807757,1.0,0.06216318785578748,0.14847738916387332,0.01752599960451272,0.026660550177351108,0.6666666666666666,6853.94805511171
Bulgaria,Mortalidad_Media,0.41000000000000003,0.1080164937421542,0.8405064042056112,0.053277663052538386,0.5660801653044709,1.0,0.07235294117647059,0.127285146326653,0.016164451005875626,0.025849491298877304,0.6666666666666666,6988.27316296465
Bulgaria,Mortalidad_Media,0.4,0.12241348001568698,0.8340856232083311,0.0739549094160215,0.5332729952015522,1.0,0.07286527514231499,0.14778424309782937,0.022959442955290583,0.01841361242080119,0.6666666666666666,7271.30338858025
Bulgaria,Mortalidad_Media,0.4,0.12322762711690821,0.829793470693845,0.058542384180025074,0.5413336351222238,1.0,0.07514231499051233,0.1487635146705936,0.018195771432454128,0.024955083335999117,0.6666666666666666,5888.57081403932
Bulgaria,Mortalidad_Media,0.41000000000000003,0.12470237636735867,0.8290606641669818,0.07682340305947098,0.5301243174723373,1.0,0.08091081593927893,0.1468657278400516,0.023264420542858048,0.01934858920708244,0.6666666666666666,4523.1465578805
Bulgaria,Mortalidad_Media,0.39,0.1201733226075933,0.8283278576401187,0.09185067627897851,0.5368399136206806,0.0,0.08140417457305503,0.1488099890104847,0.02922115864647304,0.016749768607082573,0.6666666666666666,3899.82596332878
Bulgaria,Mortalidad_Media,0.4,0.11276860453416881,0.8283627531890163,0.10663874391304991,0.5428314837986498,0.0,0.08956356736242885,0.13618320396407332,0.03306129513503356,0.015234341973709311,0.6666666666666666,3389.68743360274
Bulgaria,Mortalidad_Media,0.39,0.1150830668972235,0.8212440612137719,0.11478189513942604,0.5405291677470702,1.0,0.09250474383301707,0.14253034172884096,0.036490424130015145,0.014944868451251354,0.6666666666666666,2719.49436859287
Bulgaria,Mortalidad_Media,0.35000000000000003,0.11139641976310322,0.8183826262041145,0.12256435540195869,0.5565841022688465,0.0,0.08766603415559772,0.15375167325650524,0.04340977177034694,0.014746462323736964,0.6666666666666666,2092.98288625558
Bulgaria,Mortalidad_Media,0.33,0.11184666940514525,0.8169868042481836,0.13386180482221913,0.536406640869401,1.0,0.08641366223908918,0.16372640352410375,0.05027314263407079,0.013978282542778235,0.6666666666666666,1770.90704918691
Bulgaria,Mortalidad_Media,0.29,0.10521400659654406,0.8154862956455584,0.13850931078082762,0.5423950557676773,0.0,0.07869070208728654,0.17530536593097265,0.05918866790717209,0.014004976505885629,0.6666666666666666,1621.26210738992
Bulgaria,Mortalidad_Media,0.3,0.12694751036234544,0.8067589188661035,0.11633465142169999,0.6708099529438035,1.0,0.08823529411764706,0.20431714770900028,0.04807744831608179,0.019022989830482534,1.0,2259.25922555221
Burkina Faso,Mortalidad_Alta,0.414,0.014071159592760254,0.6586308033478789,0.23375829240175844,0.4130300614705966,0.0,0.3621518026565465,0.016877338646107944,0.0699044860777402,0.029789643747220207,0.0,836.118304593682
Burkina Faso,Mortalidad_Alta,0.34500000000000003,0.013618340466373337,0.6492739108662993,0.21848934757252467,0.44368164148273026,1.0,0.3096489563567362,0.019621317178296484,0.07841373809126594,0.03302025438357201,0.0,895.535288442991
Burkina Faso,Mortalidad_Alta,0.341,0.0117950006987336,0.6551112382860003,0.22639843899424597,0.439056229417093,0.0,0.31511764705882356,0.017278872042352723,0.08220102612739377,0.03279077251540781,0.0,825.237038782475
Burkina Faso,Mortalidad_Alta,0.36600000000000005,0.013579303435524584,0.6512483010229628,0.2302629663847689,0.4431934562898864,0.0,0.3486375711574952,0.018444187524897217,0.07789160101824433,0.03327894466628467,0.0,764.853077774946
Burkina Faso,Mortalidad_Alta,0.318,0.013467122055323416,0.6482151799127263,0.2654069270523611,0.4230630785382232,1.0,0.31136242884250476,0.021058487665128273,0.10331199727800804,0.02932631230138604,0.0,777.465618514048
Burkina Faso,Mortalidad_Alta,0.317,0.012789573849514303,0.6425781529437011,0.260203530568438,0.4277000061790637,0.0,0.3194060721062619,0.0200965676503017,0.10160855871164672,0.030945416120961106,0.0,709.091535894695
Burkina Faso,Mortalidad_Alta,0.38,0.012153858960561292,0.6367837470491451,0.27448408926008033,0.42597086939817125,0.0,0.3944212523719165,0.015959873619778044,0.0894090404380462,0.03014407131258278,0.0,663.742364842886
Burkina Faso,Mortalidad_Alta,0.38,0.012506768547603672,0.6311324129050717,0.2862763353808472,0.4288442934650931,0.0,0.4059582542694497,0.016406701350137536,0.09324559108866684,0.029706006193428107,0.0,630.124750752312
Burkina Faso,Mortalidad_Alta,0.313,0.01184451476198575,0.6247371056584876,0.299530222919481,0.41103479686482053,1.0,0.34447817836812145,0.018900696319956296,0.11844063356956783,0.029199672956517153,0.0,764.861675106225
Burkina Faso,Mortalidad_Alta,0.3,0.011532640026571044,0.6186136347378208,0.29886352599916954,0.40035065505257833,0.0,0.3404174573055028,0.019219554698991247,0.12329831261151154,0.030283020412047335,0.0,759.762065168498
Burkina Faso,Mortalidad_Alta,0.31,0.011107506900815375,0.612232634666285,0.3003178095123736,0.3862103789958692,0.0,0.36235294117647054,0.01793975204954403,0.1199009308496703,0.031126595993184493,0.0,731.470138867833
Burkina Faso,Mortalidad_Alta,0.36,0.010485904525740053,0.6057085628442662,0.29130253294185277,0.38899014052272135,0.0,0.43377609108159393,0.01461736968182472,0.10015199812613135,0.03328565049254768,0.0,725.024767725475
Burkina Faso,Mortalidad_Alta,0.35000000000000003,0.010126893046611445,0.5962944416624938,0.30522035730779584,0.4067565399356541,0.0,0.43633776091081594,0.014541493598038469,0.10792970374076599,0.03282893848905419,0.0,624.957252224766
Burkina Faso,Mortalidad_Alta,0.29,0.007505313412719082,0.5883968810358393,0.29334257407798325,0.4497325326568097,1.0,0.37529411764705883,0.01320071889548699,0.12519631727141342,0.0357207439862878,0.0,601.569520671859
Burkina Faso,Mortalidad_Alta,0.32,0.007382350333068731,0.5799270334072537,0.34534992812012955,0.4403553799936204,0.0,0.43111954459203033,0.01177827359395425,0.13355206972730105,0.031210832134753543,0.0,619.437533256264
Burkina Faso,Mortalidad_Alta,0.34,0.007316458812026982,0.568166535517562,0.27606312348948636,0.475835112690955,0.0,0.4767741935483872,0.010992192122462666,0.10050192124724813,0.04162570870875007,0.0,514.684451177238
Burkina Faso,Mortalidad_Alta,0.3,0.006976351344080057,0.559682380713928,0.3189591475549841,0.46397191159525475,0.0,0.43889943074003795,0.011912367455837394,0.13157979698203331,0.03727378507559566,0.0,455.513655620024
Burkina Faso,Mortalidad_Alta,0.3,0.00662374457357976,0.5523427999141568,0.33847336425469376,0.434450461079243,0.0,0.4571157495256167,0.011346871308687908,0.13962168213362047,0.036523792496694095,0.0,441.164148016012
Burkina Faso,Mortalidad_Alta,0.3,0.0064728220824914785,0.5427426854567565,0.29557744374937894,0.45643610982767313,0.0,0.47362428842504745,0.011104828062871807,0.12194410524269217,0.04394393147002554,0.0,403.81283743461
Burkina Faso,Mortalidad_Alta,0.3,0.0062969418619280276,0.5335717862508047,0.32822305729739587,0.43861221739893275,1.0,0.4889943074003795,0.010822758643310422,0.135397490479526,0.040630345208547296,0.0,362.373899996953
Burkina Faso,Mortalidad_Alta,0.3,0.006062785478046113,0.526246512626082,0.333430479146938,0.4578271875969526,0.0,0.5026565464895636,0.010447228324570935,0.13754348942451602,0.041153194494891306,0.0,285.654087637533
Burkina Faso,Mortalidad_Alta,0.1,0.005990469062784676,0.5225409542885757,0.3403655212430057,0.45547351520936075,0.0,0.17172675521821631,0.03099375075099796,0.4212043423238698,0.04133333994740136,0.0,259.485223380436
Burkina Faso,Mortalidad_Alta,0.1,0.005251084471503454,0.5171042277702267,0.31497339571233596,0.47086589433995585,0.0,0.17533206831119544,0.027436367518923505,0.3898117590988354,0.04594051481193072,0.0,248.908526921752
Burkina Faso,Mortalidad_Alta,0.304,0.0075900867412900174,0.4991630302596752,0.42005515332732307,0.3772480649201376,0.0,0.5803111954459202,0.01272695811377273,0.170962358899705,0.036909188272509955,0.0,229.092294496817
Burundi,Mortalidad_Alta,0.122,0.01425949616227737,0.6898490593032405,0.3485446376483192,0.4438473648312622,0.0,0.07500569259962049,0.05801501736437821,0.35353793447886106,0.01230324690761719,0.0,250.634225368744
Burundi,Mortalidad_Alta,0.27,0.014879391658166732,0.6786751555905286,0.3623836072927003,0.4373691622011736,0.0,0.17111954459203035,0.027318818302571476,0.1660835410680662,0.01217110849379014,0.0,214.091455416133
Burundi,Mortalidad_Alta,0.223,0.014879391658166732,0.6853709135131267,0.3619372441753862,0.44505728017524426,1.0,0.1459867172675522,0.03307659615109552,0.20084023180079644,0.01270039790942462,0.0,210.008139902508
Burundi,Mortalidad_Alta,0.262,0.014879391658166732,0.6798054224193433,0.3647143896930568,0.4718283503171774,0.0,0.1769867172675522,0.028152980693489697,0.1722546315110018,0.013084998086448625,0.0,210.236494521532
Burundi,Mortalidad_Alta,0.262,0.015003024998683136,0.6744545389512839,0.3668343358983404,0.48650838810232855,0.0,0.1839468690702087,0.0283800166118792,0.173254980522123,0.013631096583577277,0.0,224.89939239264
Burundi,Mortalidad_Alta,0.24600000000000002,0.015349447228035277,0.6678589312540237,0.36094627257328465,0.4890023643390805,0.0,0.17924857685009488,0.030903405053279473,0.18156445816150157,0.01455823132100465,0.0,236.694472592753
Burundi,Mortalidad_Alta,0.2,0.015003024998683135,0.6599041419271765,0.39888383599398347,0.47006717602978043,0.0,0.15180265654648956,0.037177821761561744,0.2467756113056119,0.013534407430979554,0.0,235.286205393908
Burundi,Mortalidad_Alta,0.21,0.014117750841979833,0.6501466485442449,0.3880045882571909,0.4894348640849683,0.0,0.16656546489563567,0.033379212070162784,0.22861956227207816,0.014784953647489522,0.0,280.966831311923
Burundi,Mortalidad_Alta,0.159,0.01492667810671073,0.6452392875026824,0.4420882449125613,0.37263005453940845,0.0,0.13275142314990512,0.0465335330598254,0.34400335920437963,0.013409464818594714,0.0,250.540481111877
Burundi,Mortalidad_Alta,0.19,0.015003024998683136,0.6368695900994348,0.48523382403162263,0.3372362362808375,1.0,0.16692599620493356,0.03913454922269658,0.31595090930849445,0.012720464965480476,0.0,234.843045388828
Burundi,Mortalidad_Alta,0.18,0.015003024998683136,0.6271693254166963,0.44793311151421583,0.3694574992113453,0.0,0.16736242884250474,0.041308690846179726,0.3078841213382242,0.015065842378346144,0.0,231.688496393569
Burundi,Mortalidad_Alta,0.18,0.01526918702792976,0.6171972244080406,0.4641897831895295,0.3597033873671457,0.0,0.1772675521821632,0.04202012359340547,0.3190498514801432,0.015472060460866523,0.0,230.070577369084
Burundi,Mortalidad_Alta,0.19,0.01526918702792976,0.6069532870734673,0.48603296520934147,0.3478103114095858,0.0,0.198292220113852,0.03980853814112097,0.3164709027981005,0.015699908987267266,0.0,216.727705301976
Burundi,Mortalidad_Alta,0.25,0.015307754314073881,0.5974247084913082,0.46440224713918477,0.35793944028788194,0.0,0.27656546489563566,0.030328712128309267,0.22982096173691485,0.017777535723212216,0.0,199.097633037708
Burundi,Mortalidad_Alta,0.24,0.015233307848412255,0.5853923742756992,0.48064519677174955,0.3634353026604012,0.0,0.2814421252371916,0.0314431657658319,0.24776406411459037,0.018288420150111385,0.0,189.502074570768
Burundi,Mortalidad_Alta,0.23,0.015605610648544401,0.5746763001645325,0.44178425196411814,0.3816499200214233,0.0,0.28629981024667933,0.0335890649179413,0.23764761351304362,0.021630450427514842,0.0,166.162744906755
Burundi,Mortalidad_Alta,0.3,0.015996345511348684,0.5622290578725231,0.513965614547692,0.3335702462171039,1.0,0.3956356736242884,0.026378260840879256,0.21194272599447292,0.019405394195024645,0.0,161.892755640319
Burundi,Mortalidad_Alta,0.24600000000000002,0.01631389564585139,0.5492238357536303,0.516628873896899,0.3143272640023238,0.0,0.34262618595825434,0.03278967634867096,0.2598052019584965,0.02055607822988508,0.0,147.234619294225
Burundi,Mortalidad_Alta,0.27399999999999997,0.016559552608962566,0.5372630374132628,0.5299739740896987,0.3139314198515634,0.0,0.4008614800759012,0.029870265413547738,0.23927719015696147,0.021128080683488655,0.0,125.194965184533
Burundi,Mortalidad_Alta,0.318,0.016559552608962566,0.519808283854353,0.5418535194515267,0.3121825604608478,0.0,0.48514611005692604,0.025737272714817863,0.21078815175477275,0.021615539204893595,0.0,111.406682804391
Burundi,Mortalidad_Alta,0.268,0.016559552608962566,0.5044566850275412,0.5480842213584001,0.33133171637447995,0.0,0.42361290322580647,0.030539002698925666,0.25298858678229413,0.02222100072001456,0.0,120.952308575468
Burundi,Mortalidad_Alta,0.27399999999999997,0.016559552608962566,0.48421203233421556,0.554532641078326,0.32554684325839495,0.0,0.4476546489563567,0.029870265413547738,0.25035827360000557,0.022772328165261375,0.0,132.159554541932
Burundi,Mortalidad_Alta,0.1,0.01654218576486823,0.47145003219114373,0.5578724300424848,0.2928261325915724,0.0,0.1681214421252372,0.08176097055544079,0.6901106900126571,0.023368888703799533,0.0,134.537861752389
Burundi,Mortalidad_Alta,0.21,0.012006861052036017,0.4281279061449316,0.5314937621594807,0.25100154265343677,0.0,0.3837381404174573,0.028542986793827226,0.31309449184889737,0.027124658858555892,0.0,164.915311679326
Cabo Verde,Mortalidad_Baja,0.609,0.051299122333317265,0.8762000143071749,0.062367714787361195,0.7133089095063797,0.0,0.13289373814041747,0.040884430260056,0.012727813943915884,0.027519193079136237,0.3333333333333333,4323.31362032709
Cabo Verde,Mortalidad_Media,0.48700000000000004,0.034232908899984954,0.8549824737105658,0.07524384635016242,0.707997946051293,0.0,0.11089184060721065,0.034266102596406486,0.01918507180731123,0.023379569729278984,0.3333333333333333,3971.44409203423
Cabo Verde,Mortalidad_Media,0.461,0.0609733420040199,0.8463123256313041,0.07802622364091834,0.6788502567963783,0.0,0.10934535104364326,0.06410662034874016,0.0210132723312816,0.023504364956874375,0.6666666666666666,3539.22661248299
Cabo Verde,Mortalidad_Baja,0.43700000000000006,0.03903198494649071,0.8696473281350596,0.05582871884845371,0.7226622357271489,0.0,0.10945730550284631,0.043470388639932134,0.015887448372292803,0.03619474770797397,0.3333333333333333,4380.78117331128
Cabo Verde,Mortalidad_Media,0.428,0.05316847356418007,0.8609342585306532,0.05690960614791009,0.6953341838772762,0.0,0.11370018975332066,0.060275734749189146,0.016533753051124516,0.03779743506628226,0.6666666666666666,4294.96510035729
Cabo Verde,Mortalidad_Media,0.418,0.05454011917888907,0.8590743257743756,0.06769934742180458,0.720169222275049,0.0,0.1189753320683112,0.06329653352992667,0.02012056148483969,0.03374881880825261,0.6666666666666666,3893.09571382506
Cabo Verde,Mortalidad_Media,0.5700000000000001,0.07326129614470465,0.8539237427569926,0.07957267908131706,0.7164946234587363,0.0,0.17521821631878556,0.06221969418950186,0.01733036604974226,0.03076667629852966,0.6666666666666666,3608.96605234906
Cabo Verde,Mortalidad_Media,0.58,0.05696121439350822,0.8502897202947277,0.08077196961224142,0.6921806198689006,1.0,0.19370018975332068,0.04762552881128135,0.01728720404518469,0.033163555024764854,0.6666666666666666,3415.06266730931
Cabo Verde,Mortalidad_Media,0.549,0.03795733407685201,0.8458831103798554,0.07225200079596998,0.6967118860561761,0.0,0.19793168880455406,0.03366031995886202,0.01634470781057451,0.04068528830873823,0.3333333333333333,3985.60706548134
Cabo Verde,Mortalidad_Media,0.55,0.038489903192643365,0.8414908076400314,0.0733723003039437,0.7023149751752042,0.0,0.21394686907020874,0.03406499881862305,0.016566815514281057,0.043436555086224134,0.3333333333333333,3960.97596791345
Cabo Verde,Mortalidad_Media,0.51,0.04246520816153142,0.8391158165820158,0.07295841562640838,0.7094594248813841,0.0,0.21096774193548387,0.04048701614080431,0.017765842124972116,0.0466811611952971,0.3333333333333333,3736.81517011087
Cabo Verde,Mortalidad_Media,0.51,0.04824157865007652,0.8333643322126045,0.06800204721971892,0.6933103528413758,0.0,0.22161290322580646,0.045936371408422605,0.016564348691058044,0.05301172170848811,0.3333333333333333,4002.01386888785
Cabo Verde,Mortalidad_Media,0.51,0.07506695360382745,0.8275556191430002,0.07344192528148137,0.6954476232246858,0.0,0.23032258064516128,0.07124309274839627,0.017883051667955292,0.05090912388722254,0.6666666666666666,3579.46006137809
Cabo Verde,Mortalidad_Media,0.49,0.0419581949639569,0.8223335002503755,0.07593798600897504,0.6871391260621669,0.0,0.22593927893738142,0.041641714686145595,0.0192427495346856,0.05023651473901686,0.3333333333333333,3659.72046361628
Cabo Verde,Mortalidad_Media,0.4,0.05454011917888907,0.8186994777881107,0.06694567326444754,0.6845415267328412,0.0,0.18519924098671728,0.06614487753877338,0.02079304269700546,0.057642585881530095,0.6666666666666666,3908.64885822576
Cabo Verde,Mortalidad_Media,0.3,0.009182142247334229,0.8129623005937476,0.07680318131487694,0.694061664794821,1.0,0.13833017077798862,0.015449923627653904,0.03178637461507066,0.049635967816102626,0.0,3324.57675212498
Cabo Verde,Mortalidad_Media,0.3,0.009194796927886264,0.8108734530366977,0.10494955955265209,0.7541703610058714,0.0,0.13719165085388993,0.015470218680654246,0.043385607354178644,0.0351636498419695,0.0,2256.99666191075
Cabo Verde,Mortalidad_Media,0.3,0.009019412907856758,0.8050790471421418,0.11358669458312054,0.7450338448029602,0.0,0.13605313092979127,0.015188945046975705,0.046945004537403086,0.031952140921043634,0.0,2004.14680417563
Cabo Verde,Mortalidad_Media,0.3,0.008164800321134104,0.7988268116460404,0.12449937294595805,0.7465243093302991,0.0,0.13605313092979127,0.013818352745496604,0.05144216204265182,0.028870158726402806,0.0,1929.49081468781
Cabo Verde,Mortalidad_Media,0.3,0.027294620255825984,0.791773374347235,0.12804585932439091,0.739818018264019,0.0,0.13833017077798862,0.04449796633709816,0.052903682973053784,0.028504938369258034,0.3333333333333333,1717.97565369655
Cabo Verde,Mortalidad_Media,0.3,0.02438545442104439,0.7837756634952429,0.130675351875621,0.731433889875635,0.0,0.14402277039848196,0.039832366556771436,0.05398730715481563,0.029149171579255104,0.3333333333333333,1328.57874270666
Cabo Verde,Mortalidad_Media,0.3,0.02046350940713998,0.7731883539595106,0.1441446439537331,0.7180376644849238,1.0,0.15370018975332067,0.03354251343923691,0.059538055188016074,0.028100961378128217,0.0,1223.33055331575
Cabo Verde,Mortalidad_Media,0.3,0.027086893643945693,0.7647471206810215,0.16257141305094983,0.6719815209373217,0.0,0.16736242884250474,0.044164822992992625,0.06713179892238987,0.02702437399573349,0.3333333333333333,1189.51479345891
Cabo Verde,Mortalidad_Alta,0.2262,0.03801746555998958,0.7014235639173045,0.1728070847672948,0.5881080643756808,0.0,0.17941480075901325,0.08182337123215606,0.09462859328428658,0.0372660672107379,0.3333333333333333,1165.13832331934
Cambodia,Mortalidad_Media,0.12300000000000001,0.022829153801699278,0.7992417197224408,0.209046625483804,0.3413605165077935,0.0,0.04924667931688805,0.09106447811082824,0.21044979521713952,0.013631647587261037,0.3333333333333333,2325.03050040841
Cambodia,Mortalidad_Media,0.17,0.02281462054391902,0.7816868159381929,0.21360679843874375,0.3425172831183148,0.0,0.07064516129032258,0.06584669680238624,0.15558296678623182,0.013899046161790761,0.3333333333333333,2167.40324198499
Cambodia,Mortalidad_Media,0.14800000000000002,0.023500805505033015,0.7925316546247942,0.21531831586502004,0.37281035364608495,0.0,0.06346869070208729,0.07786541195944438,0.18013987340947066,0.014307970956290888,0.3333333333333333,2081.73914242939
Cambodia,Mortalidad_Media,0.167,0.022259427846746973,0.7935045425280778,0.19505485062896027,0.37274296159399306,0.0,0.07446869070208728,0.06543005948797422,0.14464374396401908,0.016908347927017564,0.3333333333333333,2225.87705485686
Cambodia,Mortalidad_Media,0.177,0.020012408827832482,0.7915873810716072,0.20846272025736018,0.38508643747361254,0.0,0.08195066413662239,0.05562552033447275,0.14583692611471255,0.01633481530583485,0.0,2036.67377566578
Cambodia,Mortalidad_Media,0.128,0.01899160564114881,0.789426997639316,0.2258037976510301,0.3987473043647026,0.0,0.06169259962049336,0.07308266036449236,0.21841432579142686,0.015572025775847024,0.0,1826.35391688754
Cambodia,Mortalidad_Media,0.21,0.018703595780811166,0.7864654124043207,0.23896314928865606,0.40268479178313,0.0,0.1055977229601518,0.04388576684729393,0.14087590385873874,0.015306516482479283,0.0,1675.19555711109
Cambodia,Mortalidad_Media,0.2,0.017172016760447377,0.7830746119178766,0.25456582837391933,0.40773236394824397,0.0,0.10512333965844402,0.04239563060880685,0.15756458681670388,0.014958514352878113,0.0,1547.32010444393
Cambodia,Mortalidad_Media,0.187,0.01625331056730974,0.7790542957293083,0.2805473558921226,0.40182998169033496,0.0,0.10325806451612903,0.04297920443429421,0.18569542324215005,0.014106923869498392,0.0,1431.56396469993
Cambodia,Mortalidad_Media,0.21,0.015224403168730347,0.7738750983618283,0.30906473106545623,0.38720619922924726,0.0,0.12273244781783682,0.03591464522268603,0.18214609883422417,0.013425583262562607,0.0,1305.6600972686
Cambodia,Mortalidad_Media,0.21,0.015050235406234954,0.7683811431432861,0.3387825521586447,0.3757373752841874,0.0,0.1307020872865275,0.03551561229386342,0.1996415709716071,0.012950686373734572,0.0,1192.80263041673
Cambodia,Mortalidad_Media,0.2,0.014634314280513202,0.7611989412690463,0.3544818848986894,0.37211472998229983,0.0,0.1332068311195446,0.0362908372735357,0.21932828430989976,0.013320797615461141,0.0,1088.98152823081
Cambodia,Mortalidad_Media,0.18,0.014550415478089726,0.7532155375921024,0.3524372101902355,0.37939113927413104,0.0,0.1287666034155598,0.040098896813696105,0.2422937295815844,0.014655607793945176,0.0,952.274616324008
Cambodia,Mortalidad_Alta,0.2,0.014003093102019823,0.7451462908648687,0.3551585734359405,0.38015315651450354,0.0,0.1540796963946869,0.034772347665704154,0.21974658330573257,0.015888922778642522,0.0,875.748936193569
Cambodia,Mortalidad_Alta,0.21,0.013303586577200207,0.7365619858358967,0.35445951652162305,0.37671942077507403,0.0,0.17453510436432637,0.031513893560795606,0.20887091158682802,0.017442308226476532,0.0,866.283999789749
Cambodia,Mortalidad_Alta,0.23,0.013388243020382856,0.7280062951570212,0.3219541235629602,0.37307799829713206,0.0,0.20555977229601516,0.028950644338600458,0.17323570216715486,0.02125515575763122,0.0,731.692295125426
Cambodia,Mortalidad_Alta,0.1,0.012994354443360327,0.7185206381000069,0.3323331682694296,0.37245827669158316,0.0,0.09582542694497154,0.06469137537833439,0.411273849939084,0.02220637159835535,0.0,612.252648550727
Cambodia,Mortalidad_Alta,0.3,0.01283953692006457,0.7074611917876814,0.34701424933177966,0.37521058975341975,0.0,0.31024667931688804,0.021315501855489753,0.1431414143339835,0.023063283565608734,0.0,525.797325120926
Cambodia,Mortalidad_Alta,0.3,0.012509198258149792,0.6951999427712998,0.33667302534945986,0.3762356604230092,0.0,0.3375711574952562,0.020785718379403142,0.13887975541769748,0.026265673824284776,0.0,444.199067529081
Cambodia,Mortalidad_Alta,0.3,0.012338704047366707,0.6821661063023106,0.37268728757991526,0.36809674234486717,0.0,0.3700189753320683,0.02051228681944662,0.1537213739737103,0.0259786352393821,0.0,386.691123931778
Cambodia,Mortalidad_Alta,0.3,0.01217612131906215,0.6685742900064382,0.37441636068409917,0.37116253456157855,0.0,0.40872865275142317,0.020251543367700558,0.15443393177382694,0.028892614672736017,0.0,350.147276634294
Cambodia,Mortalidad_Alta,0.3,0.01236495442106578,0.6551541598111452,0.41686796830088607,0.3604276522050545,0.0,0.45199240986717265,0.020554386082506704,0.17192840558273587,0.02867769918903052,0.0,327.500984314444
Cambodia,Mortalidad_Alta,0.3,0.012223262257600863,0.6413334287145003,0.4492961599768929,0.34511292493790335,0.0,0.4935483870967742,0.020327146054168625,0.18529219041433412,0.029099379852137022,0.0,296.426687526334
Cambodia,Mortalidad_Alta,0.18,0.012652032715682309,0.5994277129980685,0.60365432827874,0.3163446932747754,0.0,0.32379506641366224,0.03502465061949508,0.41483966048491766,0.023072125333647792,0.0,343.485224671585
Cameroon,Mortalidad_Alta,0.19899999999999998,0.01737432510443658,0.6835682094570426,0.20907292920281284,0.48981071705674273,0.0,0.16048387096774192,0.04309780023540023,0.13009335061006916,0.030801864368870203,0.0,1604.87726954895
Cameroon,Mortalidad_Alta,0.21,0.017419658018760543,0.6650118034194148,0.21430018842977944,0.5073327716576407,1.0,0.17453510436432637,0.04094415791647609,0.12635632844374498,0.030989040407886297,0.0,1672.32657340872
Cameroon,Mortalidad_Alta,0.20800000000000002,0.017503293530686345,0.6725659918449101,0.22110461907440448,0.5166900241149468,0.0,0.1787931688804554,0.04153131016529024,0.1316157150527416,0.031073574622565645,0.0,1555.60370660749
Cameroon,Mortalidad_Alta,0.255,0.01752814853817132,0.6728664425209241,0.2123142714978511,0.5083086665477057,0.0,0.22645161290322582,0.033923415467140505,0.10309532442690611,0.033679934912346464,0.0,1555.22660476477
Cameroon,Mortalidad_Alta,0.23399999999999999,0.01775892649897982,0.6656270119464911,0.20847351282443283,0.5016903895772152,0.0,0.21357495256166983,0.03744232729575362,0.11031824880365694,0.03540636553662596,0.0,1610.69641591017
Cameroon,Mortalidad_Alta,0.174,0.01777675368234615,0.6603047428285285,0.2109304858251849,0.5007353067481165,0.0,0.16409487666034156,0.05040276860285529,0.15010476252757435,0.03622880546400088,0.0,1496.08951771242
Cameroon,Mortalidad_Alta,0.27,0.018115846080270972,0.6528077831032262,0.21725475091826063,0.5019185725268235,0.0,0.26436432637571156,0.03308603127257035,0.0996300185411454,0.03654711942849785,0.0,1441.7201725688
Cameroon,Mortalidad_Alta,0.25,0.018250460502110703,0.6441376350239645,0.2174667767533307,0.4915863481721675,0.0,0.2523719165085389,0.03599198062142415,0.10770527203716444,0.03774275736760455,0.0,1415.00009710569
Cameroon,Mortalidad_Alta,0.219,0.017884252802417303,0.6361685385220688,0.2126123693357454,0.5014779766232541,1.0,0.2302201138519924,0.04028220332870807,0.12021078499959706,0.04041449207248534,0.0,1649.4433905949
Cameroon,Mortalidad_Alta,0.25,0.016969027654149323,0.630445668502754,0.21131925796936657,0.5002190883002133,0.0,0.27229601518026564,0.03352584985260838,0.1046651721476147,0.04226944681586432,0.0,1575.92882118897
Cameroon,Mortalidad_Alta,0.22,0.01665822962152619,0.6224336504757135,0.210478659859131,0.5052849424664906,0.0,0.24963946869070205,0.03741785889144378,0.11846531320267055,0.04436419210959361,0.0,1449.09874362279
Cameroon,Mortalidad_Alta,0.22,0.01640275393612609,0.6125903140424922,0.21098678950875807,0.5167865016884569,0.0,0.25882352941176473,0.03685914798377453,0.11875086168350601,0.04599896600102089,0.0,1513.96056994878
Cameroon,Mortalidad_Alta,0.23,0.016076574288132556,0.6051935045425281,0.21822984598831466,0.5038144322970671,0.0,0.27888045540796963,0.03457425447795945,0.11748111806800386,0.0458258929662942,0.0,1398.58702025047
Cameroon,Mortalidad_Alta,0.24,0.01642034966294346,0.5983403676943986,0.20706101651423128,0.5037070362716449,0.0,0.3019354838709677,0.033822826441626284,0.10683267350471141,0.05041619911650093,0.0,1461.38999232337
Cameroon,Mortalidad_Alta,0.23,0.015600033035553615,0.5930467129265327,0.2021759732509487,0.4920330769621073,0.0,0.29633776091081593,0.033577397337630537,0.10885173043974689,0.05303969253568756,0.0,1492.14269801453
Cameroon,Mortalidad_Alta,0.22,0.015921538271173413,0.5872379998569282,0.2003578695846193,0.48635526616093383,1.0,0.29096774193548386,0.03580675647916107,0.11277783503669034,0.05505724387722498,0.0,1325.67248215933
Cameroon,Mortalidad_Alta,0.21,0.01741749852231532,0.5813863652621789,0.19741607325982266,0.47299232319693174,0.0,0.28411764705882353,0.04093921032928215,0.11641631414747311,0.05728503883659441,0.0,1191.45458990968
Cameroon,Mortalidad_Alta,0.18,0.019436477091031502,0.575706416768009,0.21145233998405566,0.4756498442273672,0.0,0.2503605313092979,0.05315900251791164,0.14545970068216574,0.05485635178698306,0.0,1142.62466252106
Cameroon,Mortalidad_Alta,0.22,0.019832934834727887,0.5710422777022677,0.22191568715444607,0.4750536762124069,0.0,0.3126755218216319,0.04436076004648849,0.12489246377703242,0.053327952301869784,0.0,1133.39326749673
Cameroon,Mortalidad_Alta,0.2,0.019743121044684238,0.5663924458115743,0.2208125173899174,0.4498498196875039,0.0,0.29184060721062616,0.04858077659136641,0.13669977928206256,0.05513014699304467,0.0,988.241276791846
Cameroon,Mortalidad_Alta,0.2,0.019481171044022753,0.5616567708705915,0.23091037442170462,0.45042800861215526,0.0,0.29905123339658446,0.04795061973458074,0.14294182894588445,0.05395916594661962,0.0,789.623811072554
Cameroon,Mortalidad_Alta,0.15,0.019024770685029054,0.5570212461549466,0.23533069649893237,0.45595717518488854,1.0,0.23026565464895635,0.06247024762761532,0.19423236935167384,0.054382476972127676,0.0,715.470296470585
Cameroon,Mortalidad_Alta,0.14,0.019311168367227807,0.5533013806423921,0.2289621970823101,0.43992323289615365,0.0,0.21996204933586339,0.06791664978207235,0.20248221667879626,0.057377047150619025,0.0,708.565731625965
Cameroon,Mortalidad_Alta,0.1,0.019231047359425643,0.5534301452178267,0.24196090938036238,0.44998707604338417,0.0,0.16280834914611006,0.09469782542453205,0.2995455641371444,0.056202213661546374,0.0,832.006674487689
Canada,Mortalidad_Baja,0.867,0.3537526681912013,0.9525769490472635,0.007491302436411026,0.7836932447050741,0.0,0.07403225806451612,0.19655981809999135,0.0011151134222853023,0.09339164899308174,1.0,56256.8007264015
Canada,Mortalidad_Baja,0.8790000000000001,0.3523379286841806,0.9564608236396408,0.019894741398490057,0.6834670178211456,0.0,0.07505692599620493,0.19310203878211094,0.002844431255583982,0.03408762719522606,1.0,52886.6616372703
Canada,Mortalidad_Baja,0.903,0.34694554999954813,0.9567225402563773,0.02295488450301856,0.7196296479566247,1.0,0.07710626185958254,0.18509664446565188,0.0031878008441096942,0.02917353864076068,1.0,43537.839298904
Canada,Mortalidad_Baja,0.846,0.3762254658437768,0.9657151232074597,0.02114880393426554,0.6980947477673783,1.0,0.07223908918406072,0.21421943873307028,0.0031386481073819804,0.03190446311408839,1.0,46352.8693445211
Canada,Mortalidad_Baja,0.783,0.378164921381035,0.9606378208427626,0.02118439431033671,0.6889121379900519,1.0,0.0668595825426945,0.23264721676644964,0.0033968025272897795,0.03184621900375101,1.0,46539.1761570405
Canada,Mortalidad_Baja,0.816,0.37853347664311016,0.9606971432758895,0.023590263116918586,0.6917721738591126,1.0,0.0712258064516129,0.22345599611705846,0.0036239421164491826,0.029013374670191078,1.0,45129.628116623
Canada,Mortalidad_Baja,0.81,0.3678699129201537,0.9625152013734888,0.02323883297666002,0.7013751233756162,1.0,0.07070208728652752,0.21877723230119772,0.0035971469700611628,0.029495249456155018,1.0,42314.0615817218
Canada,Mortalidad_Baja,0.81,0.35605747638078644,0.9608820896850503,0.02333514278426247,0.6904532007499407,1.0,0.07223908918406072,0.21176082603967789,0.0036118468400685375,0.030071851282693657,1.0,43594.1941045394
Canada,Mortalidad_Baja,0.877,0.36024681666118963,0.9602888653537804,0.019749963988079523,0.6665194045101992,1.0,0.07821442125237192,0.1978812728236735,0.0028305086342686686,0.03603097267241608,1.0,50960.8431174661
Canada,Mortalidad_Baja,0.87,0.3551287584784659,0.9597235574616281,0.023643883385952698,0.6695461208306893,1.0,0.07924098671726755,0.19664303136795883,0.0034066274757501803,0.030342971319737344,1.0,52638.1187235237
Canada,Mortalidad_Baja,0.89,0.3537010283150055,0.9585615356833164,0.02259491400803487,0.6694982287190211,1.0,0.08106261859582542,0.19145226620644887,0.003184360209961782,0.03188254306476976,1.0,52670.3447335415
Canada,Mortalidad_Baja,0.87,0.3573711495407569,0.9559722859550654,0.022016789894025248,0.6653359269869362,1.0,0.08089184060721062,0.19788311895151475,0.0031754096818237608,0.03354481771343454,1.0,52223.8588398531
Canada,Mortalidad_Baja,0.87,0.3547894617341596,0.9536761588375591,0.01856904440875615,0.675999668444654,1.0,0.08254269449715369,0.19645539341005275,0.0026854685019968294,0.04115639629198133,1.0,47560.6666009406
Canada,Mortalidad_Baja,0.87,0.3564511324110777,0.9500121262032419,0.019286075366019385,0.6889485840550086,1.0,0.08254269449715369,0.19737433088222575,0.002787362042188526,0.03953119208364171,1.0,40874.8831932903
Canada,Mortalidad_Baja,0.85,0.37507876399173956,0.9451267493574862,0.022049809396908513,0.641804049451606,1.0,0.08225806451612903,0.21256227679381567,0.0032549278389831494,0.03499218654399205,1.0,46710.2526864484
Canada,Mortalidad_Baja,0.84,0.3870875288632561,0.942537499629235,0.01975771749763251,0.6459313695477374,1.0,0.08129032258064516,0.22197105157499936,0.0029563269616098595,0.039361992364854825,1.0,44660.0838892281
Canada,Mortalidad_Baja,0.85,0.39043551051937103,0.942537499629235,0.021198655697626422,0.6416756450408506,1.0,0.08387096774193549,0.22125469371026302,0.003131128859929186,0.03728682668553959,1.0,40504.0370977806
Canada,Mortalidad_Baja,0.87,0.38777440763833987,0.9363714561389125,0.0234677167028968,0.6338110468564356,1.0,0.08584440227703985,0.21469673522946175,0.003381593344631347,0.03341655909119654,1.0,36383.6600068095
Canada,Mortalidad_Baja,0.9,0.3877743165648844,0.9346476160233377,0.027106223485638802,0.6380401473079926,1.0,0.0905123339658444,0.20754012870186667,0.003768687866317097,0.029159304691199185,1.0,32145.5412620217
Canada,Mortalidad_Baja,0.89,0.38465950982290076,0.9306834816684955,0.025654350960839033,0.6439609274252218,1.0,0.08950664136622391,0.20818819818472623,0.003609350980978767,0.030973167901133407,1.0,28301.8645937428
Canada,Mortalidad_Baja,0.92,0.3679447292754883,0.9280453781717877,0.02482581177605925,0.6450116934109099,1.0,0.0925237191650854,0.19265821127866645,0.0033803142390019603,0.032102123534125636,1.0,24256.0192337185
Canada,Mortalidad_Baja,0.92,0.37142765655718624,0.9261470603117217,0.026474424913180403,0.6396035384625818,1.0,0.0925237191650854,0.19447965953273538,0.003601857695244486,0.02992447732726381,1.0,23822.096210932
Canada,Mortalidad_Baja,0.92,0.38106209511093836,0.922838962276167,0.026142371446006486,0.6254553320096131,1.0,0.0925237191650854,0.19951813144539368,0.003557235781759385,0.030341270895834375,1.0,24271.0020563821
Canada,Mortalidad_Baja,0.9,0.37039928784071796,0.9058204030784847,0.027677462003101807,0.6864700377156879,1.0,0.09905123339658443,0.19825167801387902,0.0038471577433011666,0.03149712717198764,1.0,20679.634792669
Central African Republic,Mortalidad_Alta,0.18300000000000002,0.0163396278599508,0.059417697975534756,0.45802060699767466,0.41025601784922006,0.0,0.6566470588235295,0.044145578468928734,0.30965175280462864,0.06602306960873962,0.0,467.359825026238
Central African Republic,Mortalidad_Alta,0.22,0.010427942814630093,0.366463981686816,0.4521765025941426,0.4106789355834865,1.0,0.3907400379506641,0.02379257321516055,0.2542898057605124,0.03145538363020165,0.0,492.263142830507
Central African Republic,Mortalidad_Alta,0.24300000000000002,0.011975662603970885,0.5140711066599899,0.37296011272394125,0.37120382378221406,0.0,0.3435199240986717,0.024605007377418726,0.18991827936344882,0.030233597685462965,0.0,462.879071294011
Central African Republic,Mortalidad_Alta,0.23199999999999998,0.01265459905909703,0.24129050718935546,0.35835422105508136,0.3840525168091865,0.0,0.5472030360531309,0.027179620043620564,0.19113964798326752,0.05492919100704248,0.0,449.228467602439
Central African Republic,Mortalidad_Alta,0.24600000000000002,0.014573706903425602,0.5384076114171257,0.39504912986367424,0.4168803812554892,0.0,0.34542694497153703,0.0293862096491932,0.19870338632250045,0.02814752467369966,0.0,455.243962859534
Central African Republic,Mortalidad_Alta,0.287,0.016240601952208996,0.4373131125259317,0.41465063037197003,0.416142531156049,0.0,0.4759734345351044,0.02798256712165058,0.17876093930540304,0.032087936831211236,0.0,432.324025684263
Central African Republic,Mortalidad_Alta,0.24,0.014685212710535585,0.5198368982044494,0.4036253255013084,0.41405825501170523,0.0,0.3506641366223909,0.030344400389387006,0.20808882575643667,0.028727745519792576,0.0,387.176203444318
Central African Republic,Mortalidad_Alta,0.25,0.01450045931651332,0.5332141068745975,0.3986692589761235,0.41942376165190365,0.0,0.34345351043643263,0.028775064556247693,0.1973143754088553,0.02718835867716856,0.0,366.322853938121
Central African Republic,Mortalidad_Alta,0.20600000000000002,0.012822892369726346,0.3662636812361399,0.4297797772538908,0.4138202007859563,0.0,0.3916736242884251,0.03100311846762074,0.25813021257679003,0.03584375261238139,0.0,409.8504859647
Central African Republic,Mortalidad_Alta,0.22,0.01443841646313232,0.49820444953144,0.40792715170777044,0.3923332581624936,0.0,0.3381404174573055,0.03256325277642332,0.22942344550613197,0.030036599524045957,0.0,364.36696260838
Central African Republic,Mortalidad_Alta,0.21,0.009651490974008076,0.524658416195722,0.46557671665833633,0.27848300664307596,0.0,0.30483870967741933,0.023146636704518976,0.27428781657726353,0.024288412380007566,0.0,544.395849142785
Central African Republic,Mortalidad_Alta,0.2,0.006855166355095033,0.5070748980613777,0.47512987843232596,0.25224516411574754,0.0,0.29639468690702087,0.017577023977970375,0.29390755049546274,0.02429951142716489,0.0,534.057281471636
Central African Republic,Mortalidad_Alta,0.2,0.006316247458688147,0.460776879605122,0.47252987101236804,0.2609034835594324,0.0,0.33434535104364327,0.01628058024075112,0.29230034062998395,0.028004846755101405,0.0,476.873786950728
Central African Republic,Mortalidad_Alta,0.2,0.016346618649108087,0.0,0.48480945787518887,0.26069889159582665,0.0,0.89146110056926,0.04041002160661201,0.29989103940970074,0.0780583920448212,0.0,456.471673898404
Central African Republic,Mortalidad_Alta,0.24,0.01575574060744218,0.5037270191000787,0.2677022200255571,0.4545219176384535,1.0,0.38072106261859584,0.03249048581571679,0.13807077042633695,0.04910828535085007,0.0,437.24827472489
Central African Republic,Mortalidad_Alta,0.3,0.016892310868062414,0.49591530152371405,0.4328349183598874,0.3910040273564774,0.0,0.4872865275142315,0.027815173003632523,0.17850844825478057,0.02990399838386728,0.0,380.887048839475
Central African Republic,Mortalidad_Alta,0.3,0.012554376512106532,0.4867587094928106,0.4457762001601853,0.4067982352575511,0.0,0.4998102466793169,0.020858173393557368,0.18384160118394066,0.02976937636448855,0.0,333.942519903031
Central African Republic,Mortalidad_Alta,0.3,0.01339602407178508,0.47989126546963295,0.43760534876809476,0.38115185230381626,0.0,0.5151802656546489,0.02220797292117473,0.18047436131482222,0.031422393529693116,0.0,311.950023138687
Central African Republic,Mortalidad_Alta,0.3,0.013170568458394837,0.4725802990199584,0.460088286075266,0.37858913119386006,0.0,0.527134724857685,0.0218463965380993,0.189739667859117,0.03049315351813698,0.0,303.461321152782
Central African Republic,Mortalidad_Alta,0.3,0.01269609977497898,0.4670005007511266,0.5889334406458848,0.2873972363288927,0.0,0.539089184060721,0.0210854632978383,0.24283726082634224,0.02370248733723722,0.0,278.403992150941
Central African Republic,Mortalidad_Alta,0.3,0.01481687954850542,0.46033335717862506,0.45803703588467887,0.34938274936671776,0.0,0.5493358633776091,0.024486682137681157,0.18889433961952035,0.03207410331986066,0.0,248.639290978403
Central African Republic,Mortalidad_Alta,0.16399999999999998,0.013436781168533559,0.45881679662350666,0.4865584308974229,0.38006822142931906,0.0,0.3059051233396584,0.04074390999942484,0.36703924068434085,0.0306230115415251,0.0,237.951702544735
Central African Republic,Mortalidad_Alta,0.14,0.011034519602730412,0.45702839974247084,0.4865584308974229,0.3800682214293191,0.0,0.26512333965844403,0.03947290666324346,0.42996025337308497,0.031140688568404455,0.0,239.154133726071
Central African Republic,Mortalidad_Alta,0.16399999999999998,0.016308027803338444,0.47848916231490085,0.41277636871571577,0.41579391631238094,0.0,0.32862239089184053,0.04916730000531904,0.31141873420295346,0.039651485244334164,0.0,333.145863233895
Chad,Mortalidad_Alta,0.131,0.008762748133438338,0.5703269189498532,0.44550260073831777,0.24971171817361426,1.0,0.1498918406072106,0.03384118328913795,0.4207530911228829,0.019424940136207873,0.0,966.036468278568
Chad,Mortalidad_Alta,0.21,0.008639669299437672,0.5504113312826382,0.45259632332855354,0.27677489899576024,0.0,0.24666034155597724,0.020828468517333894,0.26664600094342694,0.019662583019697245,0.0,946.358500208374
Chad,Mortalidad_Alta,0.151,0.008506939772616644,0.5496387438300308,0.4909274988079012,0.29259954576301367,0.0,0.1822314990512334,0.028543831469320997,0.40221581770153825,0.01845220479700212,0.0,866.947814890409
Chad,Mortalidad_Alta,0.23199999999999998,0.008383163480197053,0.5483654052507332,0.47539998025666685,0.28085663177660314,0.0,0.2883491461100569,0.018321406737695636,0.25351251338398345,0.01983335730232737,0.0,893.336441643325
Chad,Mortalidad_Alta,0.231,0.008853586899513578,0.5405536876743686,0.47575153909193085,0.27757395828455755,1.0,0.2954345351043644,0.019380519684305618,0.2547981244029088,0.020486882054634187,0.0,948.656629871231
Chad,Mortalidad_Alta,0.24600000000000002,0.009028325954820303,0.5323699835467486,0.48602714393819546,0.29637132070783606,0.0,0.32302087286527514,0.01854053588153786,0.2444258204920553,0.020606165695056803,0.0,854.46120040098
Chad,Mortalidad_Alta,0.22,0.0094263531652416,0.5284784319336147,0.49794277126228526,0.306793101925008,0.0,0.29639468690702087,0.021602153170898503,0.2800086129611688,0.02064144468224887,0.0,861.831767630746
Chad,Mortalidad_Alta,0.19,0.00962014796087744,0.5244295013949496,0.4251655923463458,0.2742806761542347,0.0,0.26246679316888044,0.02550375641956366,0.27686508782993224,0.025447626598540343,0.0,993.990730610869
Chad,Mortalidad_Alta,0.159,0.00981030039546668,0.5218685170613062,0.3941312969040775,0.258939905104583,0.0,0.2256774193548387,0.03105158051232964,0.3067142155208741,0.028561488834882236,0.0,1278.78981422494
Chad,Mortalidad_Alta,0.2,0.010096307931713452,0.5205808713069604,0.4010166113484551,0.23747960392527973,0.0,0.2907020872865275,0.02537403708414175,0.2480939989241412,0.028768466725890833,0.0,1304.88742971475
Chad,Mortalidad_Alta,0.17,0.010193748030898064,0.5164890192431504,0.3424406199122437,0.2403657582633319,0.0,0.25354838709677413,0.030127579626390014,0.24927635952770882,0.03522946311665853,0.0,1354.34344701937
Chad,Mortalidad_Alta,0.16,0.00922714865468252,0.5116388869017812,0.34335102172074655,0.2607926930030515,1.0,0.24500948766603417,0.029103943202491434,0.2655595947830195,0.03615413561896738,0.0,1308.1421872538
Chad,Mortalidad_Alta,0.16,0.009717075221319023,0.5070748980613777,0.4204820799869643,0.22845926461914662,0.0,0.2513851992409867,0.030577175615680185,0.3251583659387812,0.0297606929521258,0.0,1141.80069268412
Chad,Mortalidad_Alta,0.18,0.009947372490469411,0.5030831962229059,0.4192891521928175,0.26911182992358673,0.0,0.2899810246679317,0.027795280375430425,0.28821030824987137,0.030695619560236545,0.0,1035.63719694254
Chad,Mortalidad_Alta,0.2,0.009622972801576955,0.4984333643322126,0.3674119795008704,0.23513912932954162,0.0,0.33017077798861477,0.024235364142512303,0.2273210982713828,0.03645123825765764,0.0,1166.36883453841
Chad,Mortalidad_Alta,0.17,0.009704567825901154,0.4942413620430645,0.37113111434979346,0.24421865125379016,0.0,0.2870967741935484,0.02874312026793952,0.2701412980395066,0.03695793927764953,0.0,980.483531485103
Chad,Mortalidad_Alta,0.17,0.009944557609865547,0.4876171399957078,0.40634068406169727,0.23437854542405195,0.0,0.29354838709677417,0.029422330299228736,0.2957471832453131,0.03429860199524436,0.0,906.897260572747
Chad,Mortalidad_Alta,0.1,0.010153658711854486,0.48923385077616416,0.3702524474139713,0.25921247137637643,0.0,0.17647058823529413,0.05102400459207902,0.4581539004075073,0.038867127633409194,0.0,838.092107712557
Chad,Mortalidad_Alta,0.1,0.009959130444232104,0.4867587094928106,0.37648246844350364,0.2535894156208167,0.0,0.17988614800759012,0.05008807543482512,0.4658561486272194,0.03897260555466808,0.0,445.850767157087
Chad,Mortalidad_Alta,0.1,0.010572392723123943,0.48564274983904426,0.32408421580907254,0.3871209036767005,1.0,0.18330170777988614,0.05303864943044119,0.40107557306311586,0.046733024315946066,0.0,289.087621122168
Chad,Mortalidad_Alta,0.1,0.010704084313568629,0.48208026325202086,0.47935570683436274,0.42741018547955034,0.0,0.1869070208728653,0.05367225399994049,0.5930395423101613,0.031202475482644182,0.0,219.061391951349
Chad,Mortalidad_Alta,0.1,0.010800987215983602,0.4813076757994133,0.509634319601334,0.4167613831498195,0.0,0.19032258064516128,0.054138480594672495,0.6304733471358993,0.0297468995361942,0.0,194.32295331156
Chad,Mortalidad_Alta,0.1,0.010763294947727552,0.4760283282065955,0.5148193056088481,0.4347925991016095,0.0,0.1935483870967742,0.0539571326944673,0.6368836062756837,0.029968774532234378,0.0,163.121663683369
Chad,Mortalidad_Alta,0.264,0.012548693846516802,0.4691036554832248,0.4433607935991446,0.49002062731051643,0.0,0.5480379506641366,0.023692113374592608,0.20777977576982648,0.03812973896530524,0.0,203.964852705041
Chile,Mortalidad_Baja,0.7140000000000001,0.09783151415609752,0.9229701695400243,0.04060805788956286,0.5578548700867346,1.0,0.07993548387096776,0.0662277806115612,0.007088328761389874,0.020915667927240287,0.6666666666666666,15405.6165774073
Chile,Mortalidad_Baja,0.745,0.09389630583765038,0.9186780170255382,0.04404006897375961,0.5535907509847671,0.0,0.08199240986717268,0.06093060144926588,0.007362913153804986,0.018663659659877523,0.6666666666666666,16206.8325493421
Chile,Mortalidad_Baja,0.7340000000000001,0.08986741154411577,0.925445310823378,0.050868557457327455,0.5689440703025628,1.0,0.08217457305502847,0.059202841819831445,0.008623411929525877,0.01606216563517094,0.6666666666666666,13114.815470545
Chile,Mortalidad_Baja,0.623,0.09952906688974726,0.9393948064954574,0.050139409033034495,0.5978899443207093,0.0,0.07092979127134726,0.07721247962241679,0.010015150689590345,0.016674883945237765,0.6666666666666666,14495.716721687
Chile,Mortalidad_Baja,0.612,0.09552038598529786,0.9427569926318047,0.049375311223974115,0.5878340251085893,0.0,0.07316129032258065,0.0754488363397149,0.010040804852031156,0.017996192733411576,0.6666666666666666,15659.4808675628
Chile,Mortalidad_Baja,0.705,0.09542753376495061,0.9434866585592674,0.053849518548424014,0.5909758455703125,1.0,0.08695445920303606,0.06543264407846164,0.009500885219095315,0.01685761421469215,0.6666666666666666,14879.9086227187
Chile,Mortalidad_Baja,0.73,0.09563608754466286,0.9389798984190572,0.052813249395766065,0.5990240443169139,0.0,0.09280834914611007,0.06332925349562872,0.009000012200275171,0.017883122840001354,0.6666666666666666,13649.8520452803
Chile,Mortalidad_Baja,0.71,0.09089467693944842,0.9348737391801987,0.04661598923206992,0.5917500986867835,1.0,0.09161290322580645,0.06190018537344737,0.008174414575459924,0.02103775960443302,0.6666666666666666,13433.9202987032
Chile,Mortalidad_Baja,0.723,0.08986946328967887,0.9306674297160025,0.04961810523876774,0.5781602486451511,0.0,0.09603415559772296,0.060104941973921515,0.008540787660920769,0.02024763306667349,0.6666666666666666,14529.6767206336
Chile,Mortalidad_Baja,0.72,0.10060344367215904,0.9283353601831317,0.043628900579027026,0.578936863794359,1.0,0.09700189753320683,0.06752817654454865,0.007547968149585075,0.023838530898079472,0.6666666666666666,15683.5486369155
Chile,Mortalidad_Baja,0.72,0.09809677199952724,0.9236139924171971,0.0411175000901009,0.5684149804048304,0.0,0.09836812144212523,0.06585313642002268,0.00711673565781656,0.025888518629119756,0.6666666666666666,15241.9069981119
Chile,Mortalidad_Baja,0.67,0.08945696447938326,0.9238286000429214,0.045562776795493656,0.5464258892488176,1.0,0.09407969639468691,0.06456329625447624,0.008468096204792695,0.023793282074636084,0.6666666666666666,14487.3927832032
Chile,Mortalidad_Baja,0.6900000000000001,0.08288357836952912,0.9218112883611129,0.043691030781385747,0.540074906199627,0.0,0.09819734345351043,0.05810836391663099,0.007887272895130365,0.025327115132309935,0.6666666666666666,12632.8704724192
Chile,Mortalidad_Baja,0.7000000000000001,0.08010636103179139,0.9188783174762143,0.0464606123509611,0.5594416522974892,1.0,0.10094876660341556,0.05536939318597011,0.008263749888788507,0.023991607465060856,0.6666666666666666,10098.8017167286
Chile,Mortalidad_Baja,0.73,0.08314351976815057,0.9169039273195505,0.043009496559458196,0.5473240296185268,0.0,0.10527514231499051,0.055095665862989904,0.0073396704394270386,0.026165061580047697,0.6666666666666666,10683.2188772511
Chile,Mortalidad_Baja,0.73,0.08479906742938943,0.915473209814722,0.04460585948141019,0.4914475875463149,0.0,0.10527514231499051,0.05618680236852472,0.007610026910978467,0.025118201283980207,0.6666666666666666,10346.4138184533
Chile,Mortalidad_Baja,0.74,0.0825490977285854,0.913770655983976,0.04664941101272282,0.47849956161731955,1.0,0.10671726755218215,0.053964653026053716,0.007848603138647287,0.023881917932106245,0.6666666666666666,9318.65655296121
Chile,Mortalidad_Baja,0.74,0.08007154496565531,0.9127119250304028,0.049309198522073945,0.5210935275223844,0.0,0.10812144212523721,0.052353816568027206,0.008292971592439814,0.022763815319170724,0.6666666666666666,7480.32330998636
Chile,Mortalidad_Baja,0.75,0.07843070821977247,0.9100937119965662,0.04723436161078499,0.538165758538219,0.0,0.11242884250474383,0.050603163251315225,0.007840379270033112,0.024607454038799447,0.6666666666666666,6120.59152055344
Chile,Mortalidad_Baja,0.75,0.07436982575270558,0.9044852993776378,0.051493092314868254,0.5613661236741222,1.0,0.11385199240986717,0.047998093149121845,0.008542395112960286,0.02263809411570981,0.6666666666666666,4773.40177520754
Chile,Mortalidad_Baja,0.74,0.07437918941559694,0.9038557836755132,0.05111668831522287,0.5690118530640532,0.0,0.11514231499051232,0.04865280402481129,0.008594947386296846,0.023481136597913274,0.6666666666666666,4430.84741157984
Chile,Mortalidad_Baja,0.6900000000000001,0.07263485198853643,0.9001359181629587,0.05108361943505763,0.5671976557831253,0.0,0.11390891840607209,0.05096206684589457,0.0092118445236801,0.025132537786381415,0.6666666666666666,4563.5952986689
Chile,Mortalidad_Baja,0.68,0.07489194949378512,0.8936690750411331,0.0639991959259407,0.5605274370353905,1.0,0.11870967741935481,0.053308497054049116,0.011695500915401625,0.020729586745325018,0.6666666666666666,5052.99245766325
Chile,Mortalidad_Baja,0.5,0.058144920947366105,0.8674869447027684,0.08784792922696198,0.4748256735860613,0.0,0.10436432637571158,0.05638464117363768,0.021802775099378998,0.017660015049552606,0.6666666666666666,5081.4682771561
China,Mortalidad_Baja,0.39299999999999996,0.12441360867215322,0.909034981042993,0.09013206057229224,0.5531284496896915,0.0,0.03579506641366224,0.15286517636243677,0.02845744883570637,0.005614046757647637,0.6666666666666666,12970.6056414327
China,Mortalidad_Baja,0.46399999999999997,0.12180527726505196,0.9078188711638886,0.08939127229128434,0.5515389350891091,1.0,0.04490322580645161,0.12676955628919062,0.023905588074589427,0.006249523933808732,0.6666666666666666,12887.4357242941
China,Mortalidad_Baja,0.46,0.11429574379651274,0.9064167680091566,0.09509679106711155,0.5598636083642804,1.0,0.04800759013282732,0.1200174574168328,0.025646897518504696,0.006382784955513771,0.6666666666666666,10627.4637989619
China,Mortalidad_Baja,0.49100000000000005,0.11108760921159473,0.9052865011803419,0.08833912648448755,0.5562296888787237,1.0,0.05590132827324479,0.10929635104833484,0.022326099478487356,0.008068444928729657,0.6666666666666666,10342.9009524335
China,Mortalidad_Baja,0.473,0.10675906528274606,0.9019815437441876,0.08721185566143413,0.5434087940985581,1.0,0.05744212523719166,0.10905269867913613,0.022881076167466173,0.008982661595225065,0.6666666666666666,10085.6638148819
China,Mortalidad_Baja,0.41600000000000004,0.10233737657059223,0.8951999427712998,0.09241646606909704,0.5369834928048579,1.0,0.0552561669829222,0.11888108187747772,0.027562983482799785,0.009380340086757028,0.6666666666666666,8979.67652709856
China,Mortalidad_Baja,0.36,0.09921317798251797,0.8948994920952857,0.09965873336792172,0.5340933108146598,1.0,0.05191650853889943,0.13319831093756532,0.03433769762992464,0.009470057099985123,0.6666666666666666,8254.86859320357
China,Mortalidad_Baja,0.4,0.1003772261022421,0.891480077258745,0.10375109242933885,0.5163077089922401,1.0,0.06223908918406072,0.12127861899712103,0.032168785768125686,0.009936544265654861,0.6666666666666666,8175.33285077393
China,Mortalidad_Baja,0.35000000000000003,0.10050549497890067,0.8877459045711424,0.10702150038425925,0.4878752924405432,1.0,0.05910815939278937,0.13878046083936668,0.037919539103998375,0.01062892960671571,0.6666666666666666,7781.06597484974
China,Mortalidad_Baja,0.36,0.09862881183322011,0.8839974247084912,0.11084339006120383,0.4717618250163036,1.0,0.06626185958254269,0.1324173257306268,0.038178731663872645,0.011359184583672254,0.6666666666666666,7147.03518622344
China,Mortalidad_Baja,0.35000000000000003,0.09617983447890033,0.880392016596323,0.11312944021381342,0.4550135128462859,1.0,0.06973434535104364,0.13283419057553503,0.040077058474675305,0.012248590782205788,0.6666666666666666,6405.0574241349
China,Mortalidad_Baja,0.36,0.09346672499028658,0.8759424851563058,0.11400000805703528,0.4414795324232257,1.0,0.07855787476280834,0.12551837467723825,0.039262777199346593,0.013599918396472123,0.6666666666666666,5703.76027973346
China,Mortalidad_Baja,0.36,0.08753690608864732,0.8727805994706346,0.11567881431644302,0.4410340539880382,1.0,0.08538899430740038,0.11759337620227667,0.03983931272972753,0.014803791052556857,0.6666666666666666,4629.24551710077
China,Mortalidad_Baja,0.35000000000000003,0.07961848969221302,0.8677587810286858,0.11955771556905391,0.443557212690895,0.0,0.09032258064516129,0.11006813391571756,0.04234773058114706,0.015759745204526374,0.6666666666666666,3898.24459158811
China,Mortalidad_Media,0.33,0.07501112496099399,0.860834108305315,0.12635353716763564,0.4253753105756386,1.0,0.09267552182163187,0.11002156545924313,0.04746024580213579,0.016328880938146623,0.6666666666666666,3523.44302065213
China,Mortalidad_Media,0.32,0.07341143174701478,0.8602045926031905,0.12740955083317107,0.4250073507081722,0.0,0.09776091081593928,0.11105456271207174,0.04935136664155853,0.017876678400191793,0.6666666666666666,2734.72709877693
China,Mortalidad_Media,0.34,0.06853008033971607,0.8546963302096,0.1322495964665031,0.4126507696666894,0.0,0.11419354838709676,0.09761443309109626,0.04820828781003405,0.019131388968164572,0.6666666666666666,2129.25696999613
China,Mortalidad_Media,0.34,0.06295878840573804,0.8501323413691966,0.14499315573915225,0.4069257657230545,1.0,0.12516129032258064,0.08973060298322796,0.052842114899072916,0.019129838320856067,0.6666666666666666,1777.64496828464
China,Mortalidad_Media,0.35000000000000003,0.057414722510315264,0.84501037270191,0.16076242410545075,0.40581697512871445,0.0,0.14146110056925995,0.07954571993090541,0.05690254927798788,0.01891585167248444,0.6666666666666666,1530.92726215723
China,Mortalidad_Media,0.35000000000000003,0.05067608206716969,0.8401173188353959,0.15376282720481746,0.4149749471540924,0.0,0.15607210626185958,0.07028244619832126,0.054430068159726945,0.022324152146493356,0.3333333333333333,1306.97245408557
China,Mortalidad_Media,0.31,0.04466776392309165,0.8350955003934473,0.16583290270369136,0.41672219003421734,1.0,0.15058823529411766,0.07002609215304188,0.06626697250221333,0.02258630506759714,0.3333333333333333,1163.55957673426
China,Mortalidad_Media,0.34,0.04226888603095243,0.8299592245511123,0.17459833950468173,0.4042548918854562,0.0,0.17935483870967742,0.0604527124680343,0.06360718449804427,0.023402363333989807,0.3333333333333333,1065.40597574519
China,Mortalidad_Media,0.35000000000000003,0.04119988517971768,0.8244223478074253,0.18352237459779208,0.3871239272615037,0.0,0.19924098671726756,0.057255989830313284,0.06494209050353707,0.024116867043319015,0.3333333333333333,969.199513696287
China,Mortalidad_Media,0.3,0.03977858383930914,0.7968810358394733,0.2464319092249525,0.3140011984833047,0.0,0.22030360531309298,0.06451923052779311,0.1016910379307626,0.023050967877192505,0.3333333333333333,612.680277898627
Colombia,Mortalidad_Baja,0.42,0.035540223964616535,0.8847986265111951,0.11143976536716492,0.5525715919420986,1.0,0.09005692599620493,0.04122994596445123,0.0329001761404402,0.013686405483951948,0.3333333333333333,6680.44506854481
Colombia,Mortalidad_Media,0.49700000000000005,0.040047419909967595,0.8302882895772228,0.09802898074166828,0.5900197552005177,1.0,0.10939658444022769,0.03920545997570772,0.024466967634114517,0.016515253659415825,0.3333333333333333,6222.62164397614
Colombia,Mortalidad_Media,0.461,0.03714193328413416,0.8597467630016453,0.09469558923382737,0.6120136277928863,1.0,0.10497153700189754,0.03923471549402764,0.02548366985755786,0.01791776136976566,0.3333333333333333,5339.68711357943
Colombia,Mortalidad_Baja,0.335,0.04072641030817333,0.8888761713999571,0.08080277898996135,0.5893755313707183,1.0,0.0788235294117647,0.05913968542936598,0.029941454763536213,0.02237985823938447,0.3333333333333333,6472.54544924705
Colombia,Mortalidad_Baja,0.334,0.03743315289031818,0.8858144359396236,0.078461351553771,0.5838592701634704,1.0,0.08048956356736243,0.0545728072716748,0.029164412934098462,0.02378285767231234,0.3333333333333333,6816.96818309544
Colombia,Mortalidad_Baja,0.396,0.03942003061902772,0.8835109807568495,0.08053628655343942,0.5833535879585073,1.0,0.09918785578747628,0.04844257402314952,0.025246062052149385,0.02412685384198873,0.3333333333333333,6479.53231292429
Colombia,Mortalidad_Baja,0.37,0.04182572818271967,0.880792617497675,0.08327937221831706,0.5752610527129396,1.0,0.09548387096774193,0.05497488317185688,0.02793667966844586,0.02403085211562408,0.3333333333333333,5959.84250367574
Colombia,Mortalidad_Baja,0.36,0.040725125738378075,0.8784891623149007,0.0753571234793314,0.5674723672035075,1.0,0.09563567362428843,0.055031046046870896,0.025992040429926023,0.027779923568687737,0.3333333333333333,6248.51490534512
Colombia,Mortalidad_Baja,0.332,0.04063145003364211,0.8768152228342514,0.06860576940527023,0.549439691711383,1.0,0.09071726755218217,0.05953646569646914,0.025670050348761464,0.031799086404695434,0.3333333333333333,8187.20824890084
Colombia,Mortalidad_Baja,0.34,0.04046367503897858,0.8751555905286501,0.06791930089432524,0.5348114441166583,1.0,0.09548387096774195,0.05789819245037365,0.02481643472641219,0.03313698918797206,0.3333333333333333,8279.10255642981
Colombia,Mortalidad_Baja,0.35000000000000003,0.031163734084924906,0.8719650904928822,0.07032351235895223,0.5192599157802661,1.0,0.10161290322580645,0.04345979227429079,0.024956637988574386,0.033086170154326563,0.3333333333333333,8108.59838244229
Colombia,Mortalidad_Media,0.37,0.032510773953136576,0.8657986980470707,0.07676532887271117,0.513020378658798,1.0,0.11092979127134725,0.042862230636364546,0.025760088223266475,0.03113544051019506,0.3333333333333333,7400.9940695669
Colombia,Mortalidad_Media,0.38,0.032066900037238354,0.8614493168323913,0.07971608102071277,0.5353576167385752,1.0,0.11753320683111954,0.041172277236850754,0.02604220420699909,0.03091556568514852,0.3333333333333333,6398.2958447102
Colombia,Mortalidad_Media,0.38,0.032727962948830285,0.8565133414407324,0.08433394374900952,0.5362808885830634,1.0,0.12113851992409867,0.04200926566464312,0.027544603671298226,0.030041560224273844,0.3333333333333333,5250.97292433518
Colombia,Mortalidad_Media,0.39,0.0316597269084403,0.8518635095500393,0.08430412909881232,0.519536122963041,1.0,0.12802656546489563,0.03961426442471164,0.026828880448329595,0.031046026720224475,0.3333333333333333,5541.83629665898
Colombia,Mortalidad_Media,0.4,0.030457981380798305,0.8453537449030688,0.08743226290428564,0.530293141311216,0.0,0.1351043643263757,0.03717842550364762,0.027124995584219925,0.030779066142733395,0.3333333333333333,4769.926147194
Colombia,Mortalidad_Media,0.38,0.031038771116011145,0.841719722440804,0.09062414335164928,0.5252281639510373,0.0,0.13195445920303606,0.0398705372749558,0.029591089907329397,0.03050676912664063,0.3333333333333333,3789.85361217027
Colombia,Mortalidad_Media,0.37,0.02983307688523957,0.8368409757493382,0.09493334036749403,0.5327514522754475,1.0,0.13199240986717267,0.03938030110892395,0.031830716909233094,0.029859373541289237,0.3333333333333333,3456.06610874512
Colombia,Mortalidad_Media,0.36,0.028873679588430554,0.8311753344302169,0.09978950355236964,0.5439492190108212,1.0,0.1318406072106262,0.039191996959139185,0.034382606717692325,0.0290900762721695,0.3333333333333333,2818.57195413044
Colombia,Mortalidad_Media,0.38,0.029144703403116572,0.8247227984834393,0.1050769006162912,0.5525036889358625,1.0,0.14349146110056923,0.037472410365475606,0.03429322508319514,0.028421704969530844,0.3333333333333333,2311.94218760291
Colombia,Mortalidad_Media,0.32,0.028948512264312776,0.8136776593461621,0.10737048835000808,0.5702441055035778,1.0,0.12387096774193547,0.044203509281121,0.04160932649614847,0.02852621326533046,0.3333333333333333,2428.92969771584
Colombia,Mortalidad_Media,0.29,0.030009473309885005,0.8086415337291653,0.10497816807580476,0.5782948376062941,1.0,0.11555977229601518,0.050536484814461734,0.044893859005497624,0.03020666891000616,0.3333333333333333,2472.99084035833
Colombia,Mortalidad_Media,0.22,0.030530140067022753,0.8046355247156449,0.1047851303489868,0.578633429616455,1.0,0.09017077798861482,0.06775494425427178,0.059069789229782864,0.03122735780963217,0.3333333333333333,2555.00751039968
Colombia,Mortalidad_Media,0.1,0.036028527272942604,0.7889691680377708,0.17707831892610215,0.5414507127173517,0.0,0.04800759013282732,0.17551513496828067,0.21933045499903744,0.020661151680898656,0.3333333333333333,2583.34991436018
Comoros,Mortalidad_Alta,0.201,0.021164689139227554,0.7413405823020243,0.44469696681409104,0.5102629301018446,0.0,0.14035673624288425,0.051741845489143325,0.2737266341701039,0.010592914611768638,0.3333333333333333,1533.87755332151
Comoros,Mortalidad_Alta,0.23600000000000002,0.020566796771731795,0.7230273982402173,0.4456666984266554,0.5091630160163835,0.0,0.16927514231499052,0.04284935776320574,0.23363958697953152,0.010939463246949705,0.0,1587.72988601478
Comoros,Mortalidad_Alta,0.23800000000000002,0.021894068081894914,0.7309678803920165,0.4527089691679813,0.5130924588890952,0.0,0.17477419354838708,0.045172417113301055,0.2353343980489067,0.011051898290266208,0.3333333333333333,1527.16990927956
Comoros,Mortalidad_Alta,0.244,0.019815634438912016,0.7296230059374775,0.450465059962056,0.5181218790677732,0.0,0.18288425047438328,0.03996329308425923,0.2284105311609183,0.011421548166071112,0.0,1519.26386326167
Comoros,Mortalidad_Alta,0.275,0.0232997062972793,0.7258888332498747,0.4264201112367175,0.5268204053270098,0.0,0.21029411764705883,0.041553914886225805,0.19185259757283288,0.012566146274162427,0.3333333333333333,1540.71132331975
Comoros,Mortalidad_Alta,0.3,0.021507543140837294,0.7219686672866441,0.4033708894028717,0.5444838063954917,0.0,0.2333965844402277,0.035216891537712555,0.16636620649219502,0.013763506665426367,0.3333333333333333,1423.92480215551
Comoros,Mortalidad_Alta,0.26,0.01696945333913742,0.7171757636454681,0.3966581697657722,0.5441908152286237,0.0,0.20573055028463,0.032237181815163954,0.1887690789597009,0.014348362301634521,0.0,1365.48403353158
Comoros,Mortalidad_Alta,0.28,0.018913328234078396,0.7126117748050647,0.3869153320542711,0.552466688871783,0.0,0.22580645161290322,0.03327471109566754,0.17098372161634282,0.0151395746904913,0.0,1329.3704808998
Comoros,Mortalidad_Alta,0.22100000000000003,0.027938598608324327,0.7078904070391301,0.3794842559396922,0.5397029409217677,1.0,0.18116129032258066,0.06180645090960816,0.2124738885920849,0.015810075386026554,0.3333333333333333,1615.71718460209
Comoros,Mortalidad_Alta,0.24,0.021249054016124116,0.7035410258244508,0.3893355118101419,0.5314507851703362,0.0,0.20037950664136622,0.04350292172018993,0.20072771550087815,0.015671874379753467,0.3333333333333333,1603.32653496691
Comoros,Mortalidad_Alta,0.21,0.01941079114699573,0.6981615280062952,0.3815298885095411,0.5426838559603484,0.0,0.17891840607210627,0.04550601065231996,0.224807777798455,0.016455760787397453,0.0,1490.31425650871
Comoros,Mortalidad_Alta,0.23,0.02187262193762123,0.6930395593390084,0.38648054752796873,0.537671809230949,0.0,0.20032258064516129,0.046698769310224195,0.20792038752430747,0.016637295099974275,0.3333333333333333,1531.43969320468
Comoros,Mortalidad_Alta,0.25,0.01829680186900947,0.6879175906717219,0.38460378586813326,0.5329722142775565,0.0,0.22296015180265655,0.03608116506129538,0.1903586515233737,0.017214690729222538,0.0,1386.57533553376
Comoros,Mortalidad_Alta,0.26,0.01613965804366791,0.6815508977752343,0.37975704697344864,0.5367383104151957,0.0,0.23829222011385198,0.030701653326614616,0.18073251867293472,0.018051036304291227,0.0,1410.30516959473
Comoros,Mortalidad_Alta,0.2302,0.01857153422406677,0.6765863080334786,0.3684417812707117,0.5625565246183768,0.0,0.2170956356736243,0.03975878618587871,0.19805184733883235,0.01934415275575085,0.0,1455.02768595586
Comoros,Mortalidad_Alta,0.3004,0.0026328107699083556,0.6697188640103011,0.36613506029966575,0.5456165894698329,0.0,0.29184971537001897,0.004939790437730824,0.1508200819995988,0.020174490866074864,0.0,1289.73631056361
Comoros,Mortalidad_Alta,0.32799999999999996,0.002771637866040018,0.6661992989484224,0.37144654565942675,0.5483019222083125,0.0,0.3292447817836812,0.004727764003253755,0.14013115186051764,0.020607444603587932,0.0,1154.90422349749
Comoros,Mortalidad_Alta,0.319,0.0024457925039508954,0.6612490163817153,0.371445701010533,0.5483049130513477,0.0,0.3305009487666034,0.004369697180995569,0.1440843679790418,0.02137585999313091,0.0,1103.20658498402
Comoros,Mortalidad_Alta,0.30460000000000004,0.002265774372306837,0.6565848773159739,0.3714424868717346,0.5483022235291122,1.0,0.32656356736242886,0.004291929454043579,0.15089466847523686,0.022234837258438587,0.0,1091.27216412426
Comoros,Mortalidad_Alta,0.24920000000000003,0.016586016050066783,0.652049502825667,0.3714438455053585,0.5483045532837407,0.0,0.2766261859582543,0.03289400086210395,0.18444094697844649,0.0231387026442706,0.0,959.787894504834
Comoros,Mortalidad_Alta,0.26660000000000006,0.014667545493759869,0.6446526933257026,0.37144239195363643,0.5483043122500494,0.0,0.3060588235294118,0.02728490588185266,0.1724024916831249,0.024042768266731022,0.0,762.116930318449
Comoros,Mortalidad_Alta,0.3004,0.017197378949968128,0.6427069175191358,0.37144586161106763,0.5483045548055024,0.0,0.35740189753320684,0.02826673958312298,0.15300576977545668,0.02503686225420568,0.0,691.699908770798
Comoros,Mortalidad_Alta,0.2528,0.02809628382417341,0.6334644824379425,0.3714462838380088,0.5483006156774562,0.0,0.31084326375711574,0.054331852682769945,0.18181560696582344,0.025985980489725193,0.3333333333333333,655.007796688241
Comoros,Mortalidad_Alta,0.254,0.013840259779196538,0.6175692109592961,0.37144819137890966,0.5483006352541322,0.0,0.374011385199241,0.02707136192787898,0.18095756406489635,0.03177109833211909,0.0,812.215996806703
Costa Rica,Mortalidad_Baja,0.631,0.046392214790676845,0.9249731740467844,0.052066369489912535,0.693669752737022,1.0,0.10536622390891842,0.035717542709652175,0.010265723083421031,0.024919907760082138,0.3333333333333333,13625.9008491478
Costa Rica,Mortalidad_Baja,0.59,0.04579906305898448,0.9068602904356533,0.054934630774397544,0.6913473641687896,1.0,0.09516129032258064,0.03771591150719898,0.011580131829292144,0.022542961168970862,0.3333333333333333,12838.1185359009
Costa Rica,Mortalidad_Baja,0.5720000000000001,0.043589352383886545,0.9308248086415336,0.054650035384142044,0.7044943155774052,1.0,0.08900189753320684,0.0370441171806631,0.011883029574654829,0.021759846860715294,0.3333333333333333,12394.0493969354
Costa Rica,Mortalidad_Baja,0.545,0.04580275990680921,0.9389942055941054,0.052850732656084844,0.7155842103700406,1.0,0.08169829222011385,0.040833332926083515,0.012063565148124464,0.02165988253741529,0.3333333333333333,12884.6859951947
Costa Rica,Mortalidad_Baja,0.518,0.04365096286461043,0.9360469275341583,0.056416792703680996,0.7094909177116909,1.0,0.07666793168880456,0.04096308403315734,0.01354347336017731,0.019795080039906696,0.3333333333333333,12590.2493781628
Costa Rica,Mortalidad_Baja,0.554,0.04469262691324938,0.9346734387295228,0.05914974478571669,0.7057553638111184,1.0,0.08094497153700189,0.039205867938389004,0.013273280286081218,0.01845128677785793,0.3333333333333333,12317.0902771322
Costa Rica,Mortalidad_Baja,0.54,0.046010546299457666,0.9345875956792331,0.06186537718284046,0.6956323210764878,1.0,0.07889943074003795,0.041396552240970046,0.01423913722852742,0.017501451669666664,0.3333333333333333,12091.0301606335
Costa Rica,Mortalidad_Baja,0.53,0.04709188947996462,0.940582302024465,0.059774097538592946,0.6938392942622112,1.0,0.07844402277039848,0.04315924951646948,0.014019974987025495,0.01850488778698736,0.3333333333333333,11714.7105980803
Costa Rica,Mortalidad_Baja,0.509,0.048932749563437725,0.9380642392159666,0.06153035809909252,0.683582339728906,1.0,0.07726755218216319,0.046679942654330224,0.015024980943685666,0.018429037592940588,0.3333333333333333,10911.4978783227
Costa Rica,Mortalidad_Baja,0.48,0.04874658692667249,0.9374633378639385,0.060207431760651804,0.6741412720299174,1.0,0.07468690702087287,0.04931358923146818,0.015592000754772144,0.019459089014045725,0.3333333333333333,10803.2401961972
Costa Rica,Mortalidad_Baja,0.53,0.04677645880681235,0.933686243651191,0.0646051396634376,0.6594965668906025,1.0,0.08548387096774193,0.04287290536894676,0.015146894639434548,0.01869389619573342,0.3333333333333333,10126.999102414
Costa Rica,Mortalidad_Baja,0.53,0.045624949723222334,0.9293797839616567,0.07054099976377393,0.6469081595310392,1.0,0.08850094876660342,0.04182757935924039,0.016531531168811727,0.01756287735382868,0.3333333333333333,9276.39107510528
Costa Rica,Mortalidad_Baja,0.51,0.04589654809583271,0.9255168466986192,0.08174522385808683,0.6323776112603312,1.0,0.08709677419354839,0.04372409907775481,0.019895888063683,0.015123991712666577,0.3333333333333333,8265.78820275899
Costa Rica,Mortalidad_Baja,0.5,0.04605708299448027,0.9257743758494885,0.08888855610848269,0.6227084248303221,1.0,0.08823529411764706,0.0447530565956805,0.022060082948183457,0.014213702507510874,0.3333333333333333,6832.69829924138
Costa Rica,Mortalidad_Baja,0.41000000000000003,0.04624615895741657,0.9230273982402175,0.08796888316737868,0.6040727495579984,1.0,0.07313092979127134,0.054798775510673796,0.026625222506095943,0.014586443540916977,0.3333333333333333,6937.24261596055
Costa Rica,Mortalidad_Baja,0.42,0.046645389769081655,0.9218542098862579,0.09984427549754844,0.5875447068664319,1.0,0.07571157495256167,0.05395137837113338,0.0294869284245826,0.012633522806562198,0.3333333333333333,6137.71199925542
Costa Rica,Mortalidad_Baja,0.49,0.04476646749351262,0.9211531583088919,0.10635580032502612,0.5898467140745792,1.0,0.08925996204933585,0.044399137914216964,0.02691742327690792,0.011818392832259,0.3333333333333333,5256.59640859159
Costa Rica,Mortalidad_Baja,0.43,0.04173022810332985,0.9186923242005864,0.10879084906652822,0.5854437813304073,1.0,0.079146110056926,0.04719711407202073,0.031373454287182856,0.011634963309236952,0.3333333333333333,4703.00721784778
Costa Rica,Mortalidad_Baja,0.45,0.0423333977732949,0.913470205307962,0.11170381226166873,0.5798243205261036,1.0,0.08453510436432637,0.04574435692881226,0.03077937423752097,0.011546557080654713,0.3333333333333333,4431.0117207843
Costa Rica,Mortalidad_Baja,0.45,0.0361212775566428,0.9092066671435723,0.11154775906757616,0.5852326133053052,1.0,0.08624288425047438,0.03910252937085613,0.030736500815757323,0.011867660095405226,0.3333333333333333,4173.14856415514
Costa Rica,Mortalidad_Baja,0.54,0.03432583431872986,0.9052721940052935,0.10632950316047973,0.5815824595109121,1.0,0.10656546489563568,0.030985742494089547,0.024419048622824416,0.013082471742029258,0.3333333333333333,4067.71851429092
Costa Rica,Mortalidad_Baja,0.51,0.03301954207379185,0.9005508262393589,0.10571932566345595,0.5728910477826508,1.0,0.10451612903225807,0.03157609355482047,0.025707547637709344,0.013810546255512904,0.3333333333333333,3985.12984506207
Costa Rica,Mortalidad_Baja,0.56,0.03341594504298231,0.8963731311252592,0.1167206757466635,0.5636848600619582,1.0,0.11901328273244781,0.0290973716364929,0.02584099845680508,0.012776379092987471,0.3333333333333333,3812.75388284924
Costa Rica,Mortalidad_Baja,0.5,0.030498325391049602,0.8838257386079118,0.16113303729031786,0.5223185844671698,1.0,0.1204933586337761,0.029781561635406566,0.03992342318183874,0.00991482010743003,0.3333333333333333,3275.25256447416
Croatia,Mortalidad_Baja,0.5,0.09955692659442641,0.9000731061749425,0.04261322275019264,0.6085348816108415,1.0,0.03700189753320683,0.096233557754425,0.01061793524801009,0.011958752854851507,0.6666666666666666,18466.0955472648
Croatia,Mortalidad_Baja,0.514,0.10222738563403419,0.8836024070949637,0.042187957856135494,0.5998074657543151,1.0,0.03803795066413662,0.09611208246554567,0.010226442850861066,0.012111396358367436,0.6666666666666666,17789.9304736722
Croatia,Mortalidad_Baja,0.51,0.09723141551352724,0.8993402996480777,0.03926358003404888,0.6054034182714328,1.0,0.03870967741935484,0.0921527673444191,0.009597739918042964,0.013674279806673162,0.6666666666666666,14808.4620188819
Croatia,Mortalidad_Baja,0.386,0.10040358248886279,0.9093553221818784,0.035825945598828984,0.6011356372705396,1.0,0.02929791271347249,0.1257101771593457,0.011579918582262946,0.015288414216421584,0.6666666666666666,15563.8167397199
Croatia,Mortalidad_Baja,0.405,0.09828922813934998,0.9049933785695972,0.03701612727977943,0.6050634524494335,1.0,0.030740037950664136,0.11730087451925063,0.01139998057476467,0.014695934775586983,0.6666666666666666,15460.4183295843
Croatia,Mortalidad_Baja,0.434,0.09978965111032839,0.9022366302066342,0.036246373182114607,0.6069202767508071,1.0,0.03376470588235293,0.11112614991163668,0.010418955135944746,0.015534138377634244,0.6666666666666666,13902.6310485422
Croatia,Mortalidad_Baja,0.48,0.09501974067019263,0.9050282741184947,0.038391908568438556,0.6019860159019281,1.0,0.037343453510436435,0.09569544493380058,0.00997308664675112,0.014490411689376185,0.6666666666666666,12821.1738140304
Croatia,Mortalidad_Baja,0.48,0.09322623061290984,0.8957809536604562,0.037175688884427696,0.6026814207413387,1.0,0.03825426944971537,0.09389772167640921,0.009659831086445284,0.015515435308573201,0.6666666666666666,12285.3032582105
Croatia,Mortalidad_Baja,0.41100000000000003,0.0881813046892052,0.9022017346577351,0.03686016124574878,0.605272623285485,1.0,0.032755218216318785,0.10375584762931332,0.011186642016269928,0.015675091712434173,0.6666666666666666,14187.9694531493
Croatia,Mortalidad_Baja,0.4,0.09192673399478855,0.9000033150771456,0.043172646518400276,0.6035840457638716,1.0,0.03263757115749526,0.1111142068358731,0.013445324604886247,0.01330758603735673,0.6666666666666666,14136.3967669505
Croatia,Mortalidad_Baja,0.41000000000000003,0.09331633657307292,0.8942455495089319,0.0412283302926779,0.6086079471735224,1.0,0.0342314990512334,0.11003477772618232,0.012531101809342199,0.014489040690909305,0.6666666666666666,13508.6836989693
Croatia,Mortalidad_Baja,0.41000000000000003,0.09873339151760814,0.8886273661363129,0.045533188707211285,0.6129423802796683,1.0,0.03500948766603416,0.11639159374164502,0.013829186456297889,0.01318545577246452,0.6666666666666666,14694.9993201417
Croatia,Mortalidad_Baja,0.44,0.10076768786705903,0.884335213621827,0.04578934879317276,0.608806982151085,1.0,0.039240986717267556,0.1106802489204782,0.012958263226300665,0.013822586369799631,0.6666666666666666,13731.2865213989
Croatia,Mortalidad_Baja,0.41000000000000003,0.10163775302249103,0.8799383744606453,0.050109683973344865,0.5963677675688023,1.0,0.037343453510436435,0.11979980944519038,0.015209180330609157,0.012688907710663623,0.6666666666666666,14475.9632928725
Croatia,Mortalidad_Baja,0.34,0.10518074806451919,0.8762743418263279,0.048778883024891646,0.5854580821997403,1.0,0.03225806451612903,0.1494781015375573,0.01785657485356933,0.013806606320355632,0.6666666666666666,15889.4347074759
Croatia,Mortalidad_Baja,0.34,0.10793121224164695,0.8733186888346463,0.046370067856234126,0.5852047632276859,0.0,0.03419354838709677,0.15337023150439785,0.01698067882309615,0.015768577440008945,0.6666666666666666,13757.605654192
Croatia,Mortalidad_Baja,0.35000000000000003,0.10383539504057644,0.8751960693653724,0.0500107772264632,0.5721493109146208,0.0,0.03652751423149905,0.14335790877321916,0.017781531366252924,0.015056929084227988,0.6666666666666666,11502.753124287
Croatia,Mortalidad_Baja,0.37,0.1044555402601876,0.866723430092875,0.04860416163865669,0.5722635903326765,0.0,0.04072106261859582,0.136415235250914,0.016350363351040002,0.016614860718949232,0.6666666666666666,10443.5278353294
Croatia,Mortalidad_Baja,0.38,0.1029619673929095,0.8706666271183776,0.05557938325568795,0.5607750761998612,1.0,0.04398481973434535,0.13093431035615416,0.018189445490306176,0.015031637290843365,0.6666666666666666,9718.97322801967
Croatia,Mortalidad_Media,0.39,0.10300911603102701,0.8576994411477845,0.049484901042379625,0.5681623585177025,0.0,0.04884250474383301,0.1276351857583558,0.015791080224339775,0.01896130928947788,0.6666666666666666,8190.11135193887
Croatia,Mortalidad_Media,0.37,0.09616656964550176,0.8591790124210701,0.06095204586444674,0.5551885602803126,0.0,0.046337760910815935,0.1256367152004629,0.02047626453805771,0.014795280110426396,0.6666666666666666,6219.58164143945
Croatia,Mortalidad_Media,0.27,0.09390712996801653,0.8562547654233963,0.062477796163561194,0.545492042532923,1.0,0.03535104364326376,0.1681426143237481,0.028758696969489173,0.015158267625705832,0.6666666666666666,5364.83824691607
Croatia,Mortalidad_Media,0.5,0.0869176584781868,0.8318592871886228,0.06253760362745818,0.5373213638442885,1.0,0.0683111954459203,0.08407135665026307,0.01554448449762972,0.015942566154180788,0.6666666666666666,4953.65158789022
Croatia,Mortalidad_Media,0.4132,0.07551765319578085,0.8215092673853981,0.07119471296159771,0.5012763368004763,0.0,0.0674292220113852,0.0884579412104888,0.02140012306490965,0.0169023052142539,0.6666666666666666,4929.05772183424
Cyprus,Mortalidad_Baja,0.629,0.07764048725927641,0.940968595750769,0.014551630453481127,0.8058808261250154,1.0,0.03341935483870967,0.05973318813306794,0.0029247694559849467,0.028316298530788257,0.6666666666666666,33894.44921875
Cyprus,Mortalidad_Baja,0.65,0.0768752882388778,0.9429572930824808,0.01868631927859016,0.7906648017745445,1.0,0.03330170777988615,0.057236949197751213,0.003616702194964574,0.020557426794649745,0.6666666666666666,33734.03515625
Cyprus,Mortalidad_Baja,0.5760000000000001,0.07559233751748776,0.9523571070892052,0.022771965236178134,0.7766125973765294,1.0,0.02841745730550285,0.06351867013117433,0.004958280622027996,0.015610183939172748,0.6666666666666666,28649.015625
Cyprus,Mortalidad_Baja,0.43700000000000006,0.08113735600381476,0.9555619143000214,0.02179583524667464,0.7621145162311533,1.0,0.021559772296015182,0.08982749508420781,0.006259243799653615,0.01644458738704692,0.6666666666666666,29703.052734375
Cyprus,Mortalidad_Baja,0.413,0.081859472885143,0.9570212461549465,0.02141531505364126,0.764526539460414,1.0,0.01959203036053131,0.09588873051672722,0.006509068720972887,0.0160173746678761,0.6666666666666666,29599.986328125
Cyprus,Mortalidad_Baja,0.536,0.08280633557781128,0.9568352528793189,0.02311742890546013,0.771832780162699,1.0,0.024409867172675518,0.07473434228469,0.00540798454802601,0.01389816949067005,0.6666666666666666,26696.990234375
Cyprus,Mortalidad_Baja,0.63,0.08131463012209819,0.9567064883038845,0.026801844690986135,0.7767485002723008,1.0,0.028690702087286524,0.06244429654017741,0.005324108526299522,0.011562323674922343,0.6666666666666666,24715.154296875
Cyprus,Mortalidad_Baja,0.63,0.0773944084833676,0.9557049860505042,0.02331171185191312,0.7875636818657158,1.0,0.028690702087286524,0.05945044452125049,0.004639204994842854,0.013756813715784815,0.6666666666666666,23487.228515625
Cyprus,Mortalidad_Baja,0.64,0.07656720606525058,0.9538879748193718,0.02301926230436815,0.7910957649635523,1.0,0.029146110056925995,0.057899672103414464,0.004510223852304026,0.013970487867525633,0.6666666666666666,27244.3515625
Cyprus,Mortalidad_Baja,0.63,0.07595223027840257,0.953601831318406,0.025442297147819114,0.7943630882161606,1.0,0.02988614800759013,0.058349060842345805,0.005057310969749883,0.012998517485257407,0.6666666666666666,27797.45703125
Cyprus,Mortalidad_Baja,0.63,0.08940321243813162,0.95089777523428,0.02499864779601213,0.781071293911883,1.0,0.02988614800759013,0.06862150301694044,0.0049702492383512115,0.013284048252302253,0.6666666666666666,28991.935546875
Cyprus,Mortalidad_Baja,0.66,0.09670212540507485,0.9469919164460976,0.026821543376585707,0.770095235616873,1.0,0.03256166982922201,0.0708231140510763,0.005085793550334953,0.012789341296287603,0.6666666666666666,32485.796875
Cyprus,Mortalidad_Baja,0.64,0.10129783506857847,0.9438014164103297,0.02571218077007556,0.7433644549422127,1.0,0.03400379506641366,0.0764912155751121,0.005030424906802955,0.014765381383212732,0.6666666666666666,31105.02734375
Cyprus,Mortalidad_Baja,0.53,0.1068243850307987,0.9401244724229201,0.024840950647045598,0.7243850133832823,1.0,0.029165085388994306,0.0973836860526447,0.005871246672253647,0.01605837522915018,0.6666666666666666,32236.44921875
Cyprus,Mortalidad_Baja,0.56,0.11089276533522543,0.9334144073252737,0.026163368202113135,0.6832500056838098,1.0,0.03294117647058823,0.09566207785880827,0.005848665665809648,0.016360506116049573,0.6666666666666666,35397.296875
Cyprus,Mortalidad_Baja,0.5700000000000001,0.10599842366147863,0.9318692324200586,0.025280269257078204,0.6801743313750533,1.0,0.03569259962049336,0.08985256282194805,0.0055545161620704255,0.018350848201202915,0.6666666666666666,31244.87890625
Cyprus,Mortalidad_Baja,0.54,0.10208049889826541,0.9269761785535446,0.02847509001188782,0.6903607014997107,1.0,0.036888045540796964,0.09135359097547861,0.006594543809523353,0.01769929663712034,0.6666666666666666,26729.28125
Cyprus,Mortalidad_Baja,0.61,0.09986253585160768,0.9232849273910864,0.03432896219661928,0.6874428175118507,1.0,0.045142314990512335,0.0791210097069616,0.007024220910404254,0.015606563282442138,0.6666666666666666,24959.26171875
Cyprus,Mortalidad_Baja,0.7000000000000001,0.09992348220868716,0.9205522569568638,0.03869265981942834,0.6884326731930503,1.0,0.057115749525616696,0.06899019842125322,0.006891805458672508,0.015214516359929797,0.6666666666666666,23792.619140625
Cyprus,Mortalidad_Baja,0.7000000000000001,0.1083897280231676,0.9191358466270834,0.04210423281032477,0.6945020027782227,0.0,0.061100569259962045,0.07480926186057425,0.007494343713610973,0.014913790677343506,0.6666666666666666,20252.24609375
Cyprus,Mortalidad_Baja,0.7000000000000001,0.10136500346710774,0.9169897703698404,0.04761405403509076,0.7064472417566267,0.0,0.06641366223908918,0.06998099219640348,0.008467466104558565,0.01422228291320639,0.6666666666666666,16093.2158203125
Cyprus,Mortalidad_Baja,0.5,0.10175507408363843,0.9087917590671721,0.04853194852932651,0.7170745139538606,0.0,0.051233396584440226,0.09834873654282776,0.012081413296613733,0.015268683889658767,0.6666666666666666,14821.44921875
Cyprus,Mortalidad_Baja,0.5,0.10466018868421739,0.9047142141784106,0.04582956212940957,0.7221671935799673,0.0,0.05502846299810247,0.10114419808996286,0.011413214883187287,0.01781207846343194,0.6666666666666666,14388.3525390625
Cyprus,Mortalidad_Baja,0.5918,0.09116353611653358,0.8858716646398168,0.06011599603096903,0.6839412769285269,0.0,0.08983681214421252,0.07448206688387249,0.012627333652528426,0.018937529722882346,0.6666666666666666,15261.4169921875
Denmark,Mortalidad_Baja,0.995,0.12155292202842032,0.9534284004403819,0.009663921843174722,0.685248154230835,1.0,0.05852941176470588,0.05899463221354679,0.0012416149023522114,0.048826464111972605,0.6666666666666666,68091.3191138669
Denmark,Mortalidad_Baja,0.934,0.1277443155175208,0.9548591179452106,0.012193959108232929,0.6835923487429956,1.0,0.05671347248576851,0.06603694780853932,0.001657599901981414,0.03963645983395252,1.0,69727.9873677012
Denmark,Mortalidad_Baja,0.93,0.12195218538969416,0.9576856574059704,0.016598364604182056,0.6788847171897159,1.0,0.05647058823529412,0.06332446846182095,0.00225023670577927,0.028463930344385324,0.6666666666666666,60985.4885601514
Denmark,Mortalidad_Baja,0.858,0.12755051358579464,0.9555221333742769,0.015379722738718415,0.6694196527428746,1.0,0.053726755218216314,0.07177769906490256,0.002263470874461711,0.031997992918610926,1.0,59404.2663247723
Denmark,Mortalidad_Baja,0.841,0.132802363661595,0.9484034413990328,0.012289445653767427,0.6694268462753243,1.0,0.05425806451612903,0.07623314595054466,0.0018549386709864311,0.04197487931113755,1.0,61324.7665045565
Denmark,Mortalidad_Baja,0.8490000000000001,0.13399001819868267,0.9505320698818271,0.0156155049200969,0.6706600201769459,1.0,0.0547741935483871,0.07618785524655232,0.002321799809758233,0.03252985967452203,1.0,57521.5514992225
Denmark,Mortalidad_Baja,0.92,0.13373206643877383,0.9469727238942041,0.011425737674371507,0.6742692078104998,1.0,0.061100569259962045,0.0701732406487887,0.0015795893366285887,0.04673130886878459,1.0,54500.9260410217
Denmark,Mortalidad_Baja,0.91,0.1317312973208113,0.9448091998625108,0.011166554164138283,0.6820966227375208,1.0,0.060436432637571154,0.06988654525482017,0.0015617351952879359,0.04785940621699866,1.0,53094.0133607574
Denmark,Mortalidad_Baja,0.937,0.1332621288185666,0.9447743043136132,0.01679967874346718,0.6789172271498741,1.0,0.06222960151802656,0.06865878489253886,0.002259988089666293,0.031033640159700907,1.0,62520.4509747011
Denmark,Mortalidad_Baja,0.9400000000000001,0.14228049124897374,0.9390514342942984,0.015574783590528992,0.6741250501919653,1.0,0.062428842504743835,0.07305560041085642,0.0020916740560115187,0.033678187422731334,1.0,61377.5940590412
Denmark,Mortalidad_Baja,0.93,0.14211972235127623,0.9354920883066757,0.02014271951212125,0.6661261850409663,1.0,0.061764705882352944,0.07375797208023852,0.0027214117196699868,0.025426534320500856,1.0,58443.7747103968
Denmark,Mortalidad_Baja,0.93,0.1489169966945216,0.9318978467701551,0.015722697962054753,0.6695211195302743,1.0,0.061764705882352944,0.07727448411592856,0.0021338284303710265,0.033337413710667424,1.0,61809.737898222
Denmark,Mortalidad_Baja,0.93,0.16188675503713523,0.9218828242363544,0.01471165796921028,0.676513620909577,1.0,0.061764705882352944,0.08398427821996005,0.0019994240620033123,0.03580037761914744,1.0,58104.5445594981
Denmark,Mortalidad_Baja,0.9400000000000001,0.1554473102994607,0.9146943411633135,0.009883628736624604,0.6750326856538603,1.0,0.0642125237191651,0.07979487685696089,0.0013431589886141301,0.055931929845253435,1.0,58412.7472358513
Denmark,Mortalidad_Baja,0.9500000000000001,0.16210358965156257,0.9125308171316202,0.01032324539396281,0.6384624792161673,1.0,0.06669829222011385,0.08232600406217822,0.0013862313403386075,0.05506477776177797,1.0,64616.6657583663
Denmark,Mortalidad_Baja,0.9500000000000001,0.1678507189560482,0.9089365755950998,0.01448315246657315,0.6296071006941254,1.0,0.06850094876660341,0.08523663821607265,0.001927593656643683,0.03980696334534536,1.0,58631.6566433635
Denmark,Mortalidad_Baja,0.9500000000000001,0.1726384552434409,0.9075058580902711,0.01418479721876064,0.6236152968682657,1.0,0.07030360531309297,0.08766138769004887,0.0018887662777579825,0.041850926018885654,1.0,52119.1787984282
Denmark,Mortalidad_Baja,0.9500000000000001,0.16126354997069337,0.9039116165537506,0.013979209116322073,0.6308269815434788,1.0,0.07390891840607211,0.08190056589014053,0.0018620114369891363,0.04484853071054008,1.0,48925.8076698784
Denmark,Mortalidad_Baja,0.9500000000000001,0.16654296665359666,0.8988866575124015,0.019880003720977223,0.6339503395601743,1.0,0.07571157495256167,0.08457432694470825,0.002629929512911934,0.03162042885077468,1.0,46625.050098011
Denmark,Mortalidad_Baja,0.9500000000000001,0.17262388127998718,0.8938965940199499,0.01975572854244182,0.6367709603645322,1.0,0.07931688804554081,0.0876540067049451,0.0026137565798783732,0.03350978307235341,1.0,40519.0974905924
Denmark,Mortalidad_Baja,0.98,0.16366037382011708,0.8903372480323268,0.021879868820266095,0.6279794974788592,0.0,0.08368121442125237,0.08057011802789027,0.002801712969301706,0.030745531768591232,1.0,33257.1622586509
Denmark,Mortalidad_Baja,1.0,0.16599047737097233,0.8888716349786008,0.028903331742135628,0.6210874651932531,0.0,0.0872865275142315,0.08007979276287298,0.003613997685561975,0.02313988846363813,1.0,30768.4775471112
Denmark,Mortalidad_Baja,1.0,0.16156882995095484,0.8860101999689434,0.026874841283796712,0.6141815790882081,1.0,0.08918406072106262,0.07795241621545818,0.0033632130261301457,0.02572927570338073,1.0,30722.0251837567
Denmark,Mortalidad_Baja,0.726,0.17160418240091602,0.8662662984023077,0.03549733466436771,0.6294453606106089,1.0,0.07439089184060721,0.11402300428375553,0.006100856772331191,0.022025291708066903,1.0,35321.0980773087
Djibouti,Mortalidad_Alta,0.245,0.024003016042413478,0.7278775305815866,0.03296835968112951,0.7974942271622901,0.0,0.21338709677419354,0.0480232992379313,0.0168022933357231,0.22833175636151723,0.3333333333333333,3133.25779772463
Djibouti,Mortalidad_Alta,0.27899999999999997,0.036207613503427036,0.7034122612490163,0.03772869310671786,0.782962403101914,0.0,0.25041176470588233,0.06321747965057013,0.01686411284385871,0.20553970534249044,0.3333333333333333,3025.91126413549
Djibouti,Mortalidad_Alta,0.255,0.05212494344348553,0.7087059160168825,0.024950108967158966,0.8075241080469844,0.0,0.23612903225806453,0.09919977782438567,0.01225590630471719,0.32108098714214206,0.6666666666666666,2844.88810647853
Djibouti,Mortalidad_Alta,0.281,0.05212494344348553,0.7112955147006224,0.018899560885399555,0.8042902362243698,0.0,0.26873624288425046,0.09002115069472721,0.008459856716006567,0.43713632266427294,0.6666666666666666,2837.16902340932
Djibouti,Mortalidad_Alta,0.29,0.06334609022534861,0.7073467343872952,0.017600573621079883,0.8103848024320285,0.0,0.2861480075901328,0.10584395380569606,0.007643532465591188,0.4840414468842396,0.6666666666666666,2718.08338799203
Djibouti,Mortalidad_Alta,0.326,0.05153312554173943,0.7016954002432219,0.016050641055829384,0.8296731638009899,1.0,0.33094876660341555,0.07672148290508227,0.006211670031770286,0.545545528314412,0.3333333333333333,2618.95521147369
Djibouti,Mortalidad_Alta,0.34,0.0331613118513821,0.6963302096001143,0.012271004321847096,0.846478621362786,0.0,0.3554838709677419,0.04756475606987232,0.004581539702236284,0.7315250819768827,0.3333333333333333,2510.4300076241
Djibouti,Mortalidad_Alta,0.36,0.060771395424579405,0.6891480077258745,0.013073620214282782,0.8419407722157431,0.0,0.3866413662239089,0.08182219419608279,0.004602644013471437,0.7063255515023364,0.6666666666666666,2376.12554719873
Djibouti,Mortalidad_Alta,0.309,0.02285877695132655,0.68333929465627,0.015163094524294221,0.8429581382943468,0.0,0.3418349146110057,0.0362950916572456,0.006198304237985811,0.6290532139105581,0.3333333333333333,2214.62084142432
Djibouti,Mortalidad_Alta,0.3,0.03075747396970195,0.6788897632162529,0.014781057483123805,0.8452297626304973,1.0,0.3409867172675522,0.05005154782551003,0.006226814403776234,0.6628350159585495,0.3333333333333333,2075.94498424748
Djibouti,Mortalidad_Alta,0.32,0.01693378185732375,0.6732098147220831,0.19947963173963795,0.5114690706765929,1.0,0.37404174573055027,0.02613907730632524,0.07719545665972329,0.04850187194827189,0.0,1400.19357858954
Djibouti,Mortalidad_Alta,0.28,0.01680298447573577,0.6677444738536376,0.3255385779234198,0.35819159019819813,0.0,0.33631878557874767,0.029648480391508452,0.14388343501359863,0.029338565036436462,0.0,1306.34552844977
Djibouti,Mortalidad_Alta,0.3,0.018223062392565274,0.6592460118749552,0.26472190555906977,0.5051422864626166,0.0,0.36944971537001897,0.02994937723020462,0.10922841707363694,0.037842409665497935,0.0,1213.23352553429
Djibouti,Mortalidad_Alta,0.29,0.015427934348307373,0.6536375992560268,0.264211461264239,0.509832133217412,0.0,0.36648956356736245,0.026344827454418112,0.11277730446207024,0.039001624684379975,0.0,1150.9375857489
Djibouti,Mortalidad_Alta,0.3,0.021639747777491197,0.6459689534301452,0.25990851206188686,0.4656044477249722,0.0,0.3876660341555977,0.03542891586315872,0.1072447987563146,0.04066964496948326,0.3333333333333333,1119.15233346969
Djibouti,Mortalidad_Alta,0.3,0.007137149123529056,0.6394878031332714,0.4076933171911063,0.4021725572075897,0.0,0.39791271347248575,0.012170248280472678,0.16814749591743383,0.0254844522560308,0.0,969.573220191902
Djibouti,Mortalidad_Alta,0.3,0.0073035408953772965,0.6337649331139565,0.318068063507609,0.40886943224685174,0.0,0.4075901328273245,0.01243710051863036,0.13121257775516534,0.034484724684497585,0.0,898.464628136774
Djibouti,Mortalidad_Alta,0.3,0.0072357057597265415,0.6278417626439659,0.38741319695899334,0.40726415956558226,0.0,0.41726755218216316,0.012328309335189847,0.15978997891961055,0.028463517471521926,0.0,844.4483573908
Djibouti,Mortalidad_Alta,0.3,0.007020014083245106,0.6214750697474782,0.31194420795781996,0.4296849963141055,0.0,0.4263757115749526,0.011982391950082908,0.12868891289204806,0.03700147049523118,0.0,806.261652944964
Djibouti,Mortalidad_Alta,0.3,0.011670471988246296,0.6205880248944844,0.26193387043317573,0.4499875678516533,0.0,0.4349146110056926,0.019440603895439803,0.10807945687574365,0.04564793669526844,0.0,764.634465224597
Djibouti,Mortalidad_Alta,0.3,0.014055480137195632,0.6174833679090062,0.24529851213251086,0.430840914666448,1.0,0.444022770398482,0.023265581269633007,0.10122396054872788,0.05005768684314006,0.0,743.013270420348
Djibouti,Mortalidad_Alta,0.3,0.014055480137195632,0.6129336862436512,0.24529851213251086,0.430840914666448,0.0,0.452561669829222,0.023265581269633007,0.10122396054872788,0.05108383639050754,0.0,742.133791107063
Djibouti,Mortalidad_Alta,0.3,0.012717461749303917,0.6018885471063737,0.23649730255746154,0.4391996106244379,0.0,0.4605313092979127,0.0211197227482712,0.09759694760289701,0.05409832258244484,0.0,737.612183644052
Djibouti,Mortalidad_Alta,0.24980000000000002,0.011920950009051672,0.5947349595822304,0.2686763500575786,0.45348714439003446,0.0,0.40290322580645166,0.023829836084944954,0.1331361799161983,0.0497930026009266,0.0,786.201866748458
Dominican Republic,Mortalidad_Media,0.308,0.04365852184258007,0.8519350454252808,0.05223907064381934,0.5914668191646802,1.0,0.1700721062618596,0.06890426740907589,0.021100722442436194,0.08971632366042602,0.3333333333333333,10104.2449349081
Dominican Republic,Mortalidad_Media,0.34600000000000003,0.043135287435412305,0.8168252378567853,0.05302316195400999,0.585617479382399,1.0,0.1956508538899431,0.06060916721095368,0.019063470064985523,0.09055394204878542,0.3333333333333333,8527.0754858205
Dominican Republic,Mortalidad_Media,0.312,0.0386529738892743,0.8294012447242292,0.056906565364357606,0.6113705857497458,1.0,0.17997722960151802,0.06030194602817052,0.022679712725118262,0.08594733392438238,0.3333333333333333,7135.22273255899
Dominican Republic,Mortalidad_Media,0.23199999999999998,0.043106881330639446,0.8362114600472135,0.054408237550311996,0.6216311441059107,1.0,0.1360303605313093,0.0903323486826952,0.029168961923807094,0.09155580917328594,0.3333333333333333,8183.01623600375
Dominican Republic,Mortalidad_Media,0.262,0.03950005133406132,0.8425495385936048,0.057525991781867916,0.622796873095688,1.0,0.15511195445920303,0.07336549422361277,0.027300193840611588,0.08731530081068825,0.3333333333333333,7882.98221584944
Dominican Republic,Mortalidad_Media,0.309,0.03780763037489911,0.8399027112096717,0.0608941046269641,0.6349321523107366,1.0,0.1835237191650854,0.059571162060661605,0.024495322122309184,0.08260454036426136,0.3333333333333333,7412.71571571512
Dominican Republic,Mortalidad_Media,0.32,0.03865420041043008,0.8330209600114455,0.06329152846220984,0.63357845303204,1.0,0.19005692599620494,0.058796241481098514,0.024579533944426805,0.0793672930673488,0.3333333333333333,7160.44200982307
Dominican Republic,Mortalidad_Media,0.29,0.03657903789260126,0.8343515272909363,0.06369381513408104,0.6223662715810326,1.0,0.1716888045540797,0.06143579083480203,0.027293744952634764,0.07858537909413398,0.3333333333333333,6800.95309395474
Dominican Republic,Mortalidad_Media,0.273,0.034159436629605515,0.8366835968238071,0.06089655591755098,0.6156720132167983,1.0,0.16058823529411767,0.06099722501244062,0.02772658458509074,0.081777747638944,0.3333333333333333,6496.45166971142
Dominican Republic,Mortalidad_Media,0.26,0.03492841293319974,0.8351527290936402,0.06287466275356274,0.6156177931151793,1.0,0.15244781783681213,0.06547006977192937,0.030053512556607147,0.07884910298813948,0.3333333333333333,6136.59429329301
Dominican Republic,Mortalidad_Media,0.3,0.03627769669777568,0.831990843407969,0.06470746203114894,0.6244959852585134,1.0,0.17533206831119544,0.05890465260198248,0.026801681311596885,0.07627561395367934,0.3333333333333333,6013.81965002603
Dominican Republic,Mortalidad_Media,0.3,0.035751089593784466,0.8273982402174689,0.06818387571165964,0.6186679156762823,1.0,0.17533206831119544,0.058060101920366085,0.028234325008665677,0.07223774531623171,0.3333333333333333,5826.51014109195
Dominican Republic,Mortalidad_Media,0.3,0.035441150256160715,0.8208598612204019,0.07402204565644831,0.611975167510918,1.0,0.17476280834914612,0.057563034036423835,0.03064025771474949,0.06608020939312455,0.3333333333333333,5478.62470398954
Dominican Republic,Mortalidad_Media,0.3,0.034057392313877645,0.8143930180985763,0.07573412036620979,0.6072942292180711,1.0,0.17476280834914612,0.0553438203104982,0.03134581040993113,0.06451850569408486,0.3333333333333333,4973.95186999952
Dominican Republic,Mortalidad_Media,0.28,0.03540265515058033,0.810730381286215,0.07903442398089597,0.5823539740081844,1.0,0.16364326375711574,0.06160853269186847,0.03504201263457658,0.06190992580922604,0.3333333333333333,5023.58513403515
Dominican Republic,Mortalidad_Media,0.3,0.03724530431199741,0.8073825023249157,0.0820791356430931,0.5528501516387236,1.0,0.17590132827324478,0.06045646165266668,0.03396061606300769,0.0597044522756907,0.3333333333333333,4649.64558875814
Dominican Republic,Mortalidad_Media,0.29,0.03633244755842927,0.8067672937978396,0.08647247012022898,0.5604516361731905,1.0,0.17058823529411765,0.0610266825172022,0.03700461353020288,0.056709040085777596,0.3333333333333333,4055.14270347371
Dominican Republic,Mortalidad_Media,0.33,0.03537773094256936,0.8066099148723085,0.09094263113102456,0.5623689196147763,1.0,0.19537001897533204,0.05223756796879006,0.034193906615955394,0.054138106252615455,0.3333333333333333,3878.31206735244
Dominican Republic,Mortalidad_Media,0.35000000000000003,0.034326539615370286,0.8021317690821947,0.08851956038619889,0.5552265045572329,1.0,0.20920303605313093,0.04780754366993735,0.03138406314076652,0.056271987038325345,0.3333333333333333,2451.69161616569
Dominican Republic,Mortalidad_Media,0.31,0.03592788860140224,0.8039344731382787,0.08438594749041992,0.5554621738156913,1.0,0.18705882352941175,0.056461591792823666,0.03378509251214014,0.05977393195140582,0.3333333333333333,2383.26171780393
Dominican Republic,Mortalidad_Media,0.3,0.040490241232082204,0.8019743901566634,0.08579412851693101,0.5396445731191211,1.0,0.18387096774193548,0.06566055720490883,0.03549157918031352,0.05971813161690735,0.3333333333333333,3065.60329524196
Dominican Republic,Mortalidad_Media,0.3,0.03758749145379487,0.7995993990986479,0.08822905886803177,0.5417515917775116,1.0,0.1872865275142315,0.061005247230481896,0.036495023517177816,0.05912383372371814,0.3333333333333333,2935.89367312668
Dominican Republic,Mortalidad_Media,0.3,0.03928619856921928,0.7969096501895698,0.08469591109463062,0.5209585675492708,1.0,0.19127134724857686,0.06372956340723865,0.03503899947816523,0.06310130864389656,0.3333333333333333,2831.45883638033
Dominican Republic,Mortalidad_Media,0.3,0.030399777050266273,0.7830173832176837,0.12388317024939509,0.49428109948859256,0.0,0.22485768500948766,0.049477888308135716,0.05118822249733913,0.05013339731007245,0.3333333333333333,2109.16940728689
Ecuador,Mortalidad_Baja,0.37200000000000005,0.041536249848484225,0.8857858215895271,0.09323461955178373,0.5901362995942511,1.0,0.07905882352941176,0.054304921402050614,0.0310950279717151,0.016812357989521316,0.3333333333333333,6515.58528418336
Ecuador,Mortalidad_Media,0.385,0.04067310892177405,0.8309750339795405,0.10192851143261107,0.5930532961244543,1.0,0.08255218216318785,0.051392597016862406,0.03283684799106767,0.01526655612598886,0.3333333333333333,6061.32350181711
Ecuador,Mortalidad_Media,0.334,0.035999025062334974,0.820359110093712,0.1057979522535151,0.6256891171901998,1.0,0.07288425047438331,0.052506943621166396,0.03928314369152675,0.01490619851976883,0.3333333333333333,5463.64515348598
Ecuador,Mortalidad_Baja,0.253,0.04150064744488493,0.8959296086987623,0.0982174427260258,0.6042061913859388,1.0,0.056168880455407966,0.07977984768015325,0.04815566280940231,0.016647866973412032,0.3333333333333333,6205.05765246766
Ecuador,Mortalidad_Baja,0.302,0.03990467990640897,0.8953859360469276,0.09642408492718459,0.5963445463289293,1.0,0.06819354838709678,0.06429283925381117,0.03960817138539751,0.017364994409361387,0.3333333333333333,6303.91886658338
Ecuador,Mortalidad_Baja,0.33899999999999997,0.04122105142940523,0.8806781600972886,0.09967860563186716,0.5884492603305704,1.0,0.07847817836812143,0.059143894121584974,0.036472058932507816,0.01719649291479027,0.3333333333333333,6233.32244797718
Ecuador,Mortalidad_Baja,0.33,0.04064809366671305,0.8788754560412044,0.10182886154557899,0.5942899083582366,1.0,0.07827324478178369,0.05992155855218855,0.03827232316336249,0.017258484024312484,0.3333333333333333,5917.63771271481
Ecuador,Mortalidad_Baja,0.35000000000000003,0.04301757414770569,0.8807067744473851,0.10117545831068714,0.5833341634072486,1.0,0.08567362428842505,0.05975467641453347,0.03585453038297354,0.018053010246956776,0.3333333333333333,5976.1596805651
Ecuador,Mortalidad_Baja,0.26,0.04517914568451675,0.8795478932684742,0.09337838399325554,0.5289166297700941,1.0,0.06611005692599621,0.08443895553699869,0.04455816989362419,0.020726489180083938,0.3333333333333333,6405.79979300441
Ecuador,Mortalidad_Baja,0.27,0.04185787122597317,0.8751269761785534,0.08779484756163941,0.5196202410515826,1.0,0.07172675521821632,0.07539322843844566,0.04035120370747867,0.023393022932301808,0.3333333333333333,6109.29031510341
Ecuador,Mortalidad_Baja,0.25,0.04002341341160284,0.8701766936118462,0.08825338897674906,0.516465327387295,1.0,0.06925996204933586,0.07789425367732251,0.043806060060356124,0.024392990903373123,0.3333333333333333,5634.08393191094
Ecuador,Mortalidad_Media,0.22,0.04091469042379272,0.8657843908720222,0.09975857341762477,0.5137133575851452,1.0,0.06387096774193549,0.09046536989216157,0.056245065861176426,0.022384609560652063,0.3333333333333333,5153.6916424375
Ecuador,Mortalidad_Baja,0.2,0.03980638474705098,0.8659131554474568,0.10509507525022033,0.5371745926385324,1.0,0.06072106261859583,0.09684572470978145,0.06516836241483653,0.02220008166704183,0.3333333333333333,4520.30959039763
Ecuador,Mortalidad_Media,0.21,0.03808364518555047,0.8618069962085986,0.10866452683385895,0.5502573501835829,1.0,0.06654648956356736,0.08828708293415923,0.06416651417808711,0.022444084895867657,0.3333333333333333,4053.36331139298
Ecuador,Mortalidad_Media,0.23,0.034950168845576106,0.8590600185993276,0.09268202248423878,0.4987608500641323,1.0,0.07593927893738141,0.07405515439258718,0.04999579208936893,0.028132799894875243,0.3333333333333333,4194.75750661981
Ecuador,Mortalidad_Media,0.25,0.04017815360727781,0.8521496530510051,0.09646628210740839,0.5183497374382273,1.0,0.08586337760910817,0.07819205278426261,0.047867538581500405,0.028119015057485625,0.3333333333333333,3478.92488770671
Ecuador,Mortalidad_Media,0.24,0.03718718594535716,0.8490593032405751,0.0973684296184404,0.5244493411109113,1.0,0.08561669829222013,0.07545406727658906,0.05032674251020916,0.02903282854076361,0.3333333333333333,3243.67010359339
Ecuador,Mortalidad_Media,0.22,0.03843390683031824,0.8476142785606982,0.09745255007386108,0.5471605551531399,1.0,0.08140417457305503,0.08504003616198522,0.05494917324190867,0.03020793503879443,0.3333333333333333,2909.02606014388
Ecuador,Mortalidad_Media,0.22,0.036006762593547285,0.8470276843837183,0.10052272303862128,0.5600735109884216,1.0,0.0847438330170778,0.07973200867809088,0.05667448729636858,0.03052072431232218,0.3333333333333333,2586.20914663347
Ecuador,Mortalidad_Media,0.23,0.03529317573385861,0.8436511910723228,0.11420607002175662,0.5661469534081784,1.0,0.09208728652751423,0.07477267646211623,0.061565545541939694,0.027653627294824006,0.3333333333333333,2315.62215223014
Ecuador,Mortalidad_Media,0.26,0.03246643050597875,0.8369554331497246,0.11906424934819858,0.5427788823702101,0.0,0.10804554079696393,0.0609141941530315,0.05677191497904047,0.02751993780335386,0.3333333333333333,2059.1585535974
Ecuador,Mortalidad_Media,0.24,0.030575649929201698,0.8284712783460906,0.13217728393029246,0.5273221074727892,0.0,0.10474383301707779,0.06219993244187235,0.06825782404821479,0.025864666758127507,0.3333333333333333,1791.30359685037
Ecuador,Mortalidad_Media,0.23,0.029192320821266413,0.8215895271478646,0.15661559416941426,0.4617011389900615,1.0,0.10518026565464897,0.0620105477926349,0.08436180342856527,0.022500739762720226,0.3333333333333333,1382.23421759909
Ecuador,Mortalidad_Media,0.1,0.031065106311134523,0.8109879104370843,0.2769829506566936,0.47159550919976045,1.0,0.06204933586337761,0.1516347475332831,0.3428437253781116,0.01651206403127979,0.3333333333333333,2108.00698245316
El Salvador,Mortalidad_Media,0.36100000000000004,0.035222063536881586,0.8198583589670219,0.05736500744111211,0.6158133106382933,1.0,0.06507590132827325,0.047544325613991474,0.019758304994429595,0.02436673417978888,0.3333333333333333,5074.60210221806
El Salvador,Mortalidad_Media,0.342,0.03306243956779347,0.7908434079690965,0.06057323204135494,0.612731066792772,1.0,0.0635977229601518,0.0471475054990475,0.02201574468104059,0.023736906841942032,0.3333333333333333,4642.60743101342
El Salvador,Mortalidad_Media,0.316,0.03063816430831655,0.7951784820087273,0.067439470269134,0.6272975866413333,0.0,0.06116129032258064,0.04733563664030385,0.026513499312806776,0.02198914426347498,0.3333333333333333,3997.19279583709
El Salvador,Mortalidad_Media,0.23399999999999999,0.03364973117785457,0.8163674082552399,0.0648024608584786,0.6102332421849154,1.0,0.047066413662239084,0.07011542339763162,0.034411321410910835,0.024045095918943975,0.3333333333333333,4320.11671534627
El Salvador,Mortalidad_Media,0.252,0.03178246163645756,0.8114886615637742,0.06462952214563036,0.6118944258084611,1.0,0.05307779886148008,0.061542119797593324,0.03186852616599336,0.025411298302074378,0.3333333333333333,4183.54620971358
El Salvador,Mortalidad_Media,0.317,0.030858823870598837,0.8060948565705701,0.06792302399952116,0.6119481132049519,1.0,0.06917457305502847,0.04752121949769345,0.026618448261360405,0.025010514929193883,0.3333333333333333,4020.12671373919
El Salvador,Mortalidad_Media,0.39,0.031431151127625956,0.8046784462407897,0.07221510552125629,0.6144156171304455,1.0,0.0888045540796964,0.039332279518193826,0.022996623543153488,0.02449354169685842,0.3333333333333333,3901.34014965811
El Salvador,Mortalidad_Media,0.38,0.03084437015745646,0.8053079619429142,0.06965377388270277,0.610773178312392,1.0,0.09013282732447818,0.039624401317532046,0.02276848089748537,0.026711389426690067,0.3333333333333333,3790.34089108162
El Salvador,Mortalidad_Media,0.34299999999999997,0.02966973133883118,0.8080549395521854,0.07392004616272056,0.604000984846485,1.0,0.08526185958254268,0.042251082687887825,0.026762294452292012,0.026344709468740353,0.3333333333333333,3666.01248913873
El Salvador,Mortalidad_Media,0.34,0.030182591182547777,0.8092138207310966,0.0707110206597968,0.6054526037524944,1.0,0.08774193548387096,0.04334962464790109,0.025831562949028296,0.028866593786384218,0.3333333333333333,3582.26694005169
El Salvador,Mortalidad_Media,0.36,0.032102200358713945,0.8120037198655126,0.08211434787608261,0.5917417246809582,1.0,0.09768500948766605,0.04350680363456811,0.02831260596847621,0.025843823849758512,0.3333333333333333,3497.91256915509
El Salvador,Mortalidad_Media,0.34,0.03168674665603175,0.808741683954503,0.09243924000601468,0.5859817645415457,1.0,0.09612903225806452,0.045478126681055296,0.03373240205127014,0.023686740690373284,0.3333333333333333,3330.60049486653
El Salvador,Mortalidad_Media,0.39,0.03189705236264233,0.8046927534158381,0.08802897244664218,0.604954644240705,1.0,0.1154459203036053,0.03990704345746407,0.028009667014659217,0.02636507386197026,0.3333333333333333,3040.07300952878
El Salvador,Mortalidad_Media,0.4,0.03154367622987036,0.7968238071392801,0.08406627819761371,0.621830163652283,1.0,0.12447817836812144,0.038484319857134866,0.02608464397097311,0.02935089792344367,0.3333333333333333,2910.18651752011
El Salvador,Mortalidad_Media,0.4,0.03214133629192878,0.7936619214536089,0.08940083854203866,0.5960285918600435,1.0,0.13055028462998103,0.03920319671375255,0.02773343888358346,0.028907760984142057,0.3333333333333333,2983.24829577976
El Salvador,Mortalidad_Media,0.42,0.03178104879606687,0.7891122397882535,0.0881732361708388,0.6039995534905563,1.0,0.1442504743833017,0.036923653410732275,0.02605144197497962,0.031063317783480947,0.3333333333333333,2830.65693770733
El Salvador,Mortalidad_Media,0.42,0.031429295835214366,0.7861363473782099,0.076189125079732,0.6138418795519214,1.0,0.15142314990512334,0.036520705666040675,0.0225237997392267,0.03842197723049695,0.3333333333333333,2665.61807194853
El Salvador,Mortalidad_Media,0.37,0.02943119023754343,0.7821875670648828,0.07777726961453386,0.6167555281840501,1.0,0.14111954459203035,0.03885770988601303,0.026098216394176716,0.039940080889559894,0.3333333333333333,2447.39140845394
El Salvador,Mortalidad_Media,0.34,0.028674791562537334,0.7816009728879032,0.0721615976980042,0.616271028269811,1.0,0.13677419354838707,0.0412159658517477,0.02635902337280564,0.045839772384185955,0.3333333333333333,2285.68907438892
El Salvador,Mortalidad_Media,0.36,0.02843264063527212,0.7744044638386149,0.06913021657749448,0.60179578126592,1.0,0.15301707779886148,0.03860256360726853,0.023853596489080947,0.05088747085576811,0.3333333333333333,2207.83089518069
El Salvador,Mortalidad_Media,0.41000000000000003,0.026579407581223766,0.7705987552757707,0.07336461762115014,0.6004454597104785,1.0,0.1843833017077799,0.031720198423981126,0.022221460277442488,0.05073797672657685,0.3333333333333333,2115.41187355626
El Salvador,Mortalidad_Media,0.39,0.025908898147497906,0.7625724300736818,0.08429283710548685,0.5926818515492525,1.0,0.18500948766603414,0.03251969427919197,0.026825300852416235,0.04634054013204311,0.3333333333333333,2058.04459070452
El Salvador,Mortalidad_Media,0.36,0.02447511845890289,0.758938407611417,0.0904471578557527,0.5943638970109527,1.0,0.1810246679316888,0.03331347169188428,0.031174258999772077,0.045751547414807095,0.3333333333333333,1982.87093542615
El Salvador,Mortalidad_Alta,0.5,0.026615321742728244,0.7187638600758279,0.14557615897196186,0.5457096723613016,1.0,0.33870967741935487,0.026045121295289044,0.036076792881111465,0.03781233984302356,0.3333333333333333,1548.3763038362
Estonia,Mortalidad_Baja,0.8390000000000001,0.16469344016822152,0.9039116165537506,0.03048960365279072,0.638932411189196,1.0,0.027064516129032257,0.09470292298584611,0.004541251902512497,0.0059669629882027515,1.0,28451.1477825175
Estonia,Mortalidad_Baja,0.8640000000000001,0.15857214134362804,0.8910351590102925,0.023995313045781286,0.6439045710041914,1.0,0.029510436432637573,0.088553966042967,0.003480571256689254,0.009132521640586451,1.0,27953.7670230126
Estonia,Mortalidad_Baja,0.8590000000000001,0.15579442333681826,0.9146594456144144,0.02411952854723944,0.6556732699639942,1.0,0.02933965844402277,0.08751360873472104,0.0035187083518209523,0.009069344557313034,1.0,23933.9939421065
Estonia,Mortalidad_Baja,0.731,0.16947348753002042,0.915392252141279,0.02834439518085008,0.6370976429503815,1.0,0.026354838709677416,0.11184071823692995,0.004849378524729006,0.00783249752074032,1.0,24021.2501413306
Estonia,Mortalidad_Baja,0.757,0.2018877196306453,0.9096344865730652,0.025607440528324765,0.6291582550444185,1.0,0.02872865275142315,0.12860098581205828,0.004235829301408111,0.009655363470329179,1.0,23618.1361254581
Estonia,Mortalidad_Baja,0.6990000000000001,0.20582751507581165,0.9074709625413733,0.029270873955049417,0.623779237811915,1.0,0.02918026565464896,0.1419835343775148,0.005235246582709159,0.009187044872420886,1.0,20851.5223496861
Estonia,Mortalidad_Baja,0.6900000000000001,0.21207292166122596,0.9010152859951956,0.025888561477722675,0.6200728477940856,1.0,0.030113851992409863,0.14819033032057669,0.0046975044848391765,0.011439201440005443,1.0,18666.3736521706
Estonia,Mortalidad_Baja,0.68,0.17103374049617145,0.9002824794683311,0.03518819808371207,0.6188032258032954,1.0,0.03225806451612903,0.12133271437304616,0.006457357496941796,0.008525608856151308,1.0,17722.1557669523
Estonia,Mortalidad_Baja,0.642,0.1956804935999782,0.8923262943195278,0.03909295894312651,0.609483508155632,1.0,0.03167362428842505,0.14698516913790363,0.007591516000314142,0.007780309520746988,1.0,20581.7898991695
Estonia,Mortalidad_Baja,0.64,0.20539685257588494,0.8938616984710508,0.03823830228145292,0.6073372924096045,1.0,0.03400379506641366,0.154748885814218,0.0074501422885130545,0.008897282233301645,1.0,19310.3874900757
Estonia,Mortalidad_Baja,0.65,0.18444322809208327,0.8822065851390328,0.041236328173265765,0.6013908185781636,1.0,0.03700189753320683,0.1368583387144039,0.007905754660318797,0.008825892407080387,1.0,17568.2137969714
Estonia,Mortalidad_Baja,0.66,0.19964813363621678,0.8808107631831017,0.04606248825815238,0.5929660364198476,1.0,0.041328273244781784,0.1458688176629735,0.008690006625221491,0.008650826618133203,1.0,17555.5455239426
Estonia,Mortalidad_Baja,0.66,0.20464762435817752,0.8693650231444725,0.03980126566180593,0.6097561508890593,1.0,0.0450853889943074,0.1495133523601158,0.007517154642876981,0.011771929435160276,1.0,14663.7041018705
Estonia,Mortalidad_Media,0.65,0.1555121785249846,0.8607109270177036,0.03094385312580133,0.6203200945809426,1.0,0.04810246679316888,0.11544368328964535,0.005948107296048911,0.017653333568611398,1.0,14712.4494217916
Estonia,Mortalidad_Media,0.67,0.19179648052855985,0.8456360498936561,0.042716256930489145,0.6055331847952548,1.0,0.05466793168880456,0.13805339217190735,0.00794284456837356,0.013483691979814373,1.0,18205.9064113446
Estonia,Mortalidad_Media,0.64,0.21721121211961705,0.8319569947255383,0.04934881187413464,0.577169416669905,1.0,0.05707779886148008,0.16363047063027766,0.0095964006619968,0.012595580874686261,1.0,16745.4308011148
Estonia,Mortalidad_Media,0.6,0.18549559693413378,0.8301947695061749,0.039458185096015556,0.5863941167443717,1.0,0.05806451612903226,0.1491070730741044,0.008198177684550858,0.018236912461244523,1.0,12641.4800976473
Estonia,Mortalidad_Media,0.55,0.18589882700518018,0.828432544286813,0.04126622855575465,0.6001677854560533,1.0,0.05844402277039848,0.16301499809995015,0.009349885724792693,0.019320536285465584,1.0,10414.6381183565
Estonia,Mortalidad_Media,0.56,0.18297090550937103,0.8190107460842835,0.04546806251882889,0.6057972249629232,1.0,0.06588235294117646,0.1575884734910155,0.010110562178339593,0.01944638797276415,1.0,8916.0728274602
Estonia,Mortalidad_Media,0.56,0.17033479584264677,0.8105311277020057,0.043450617933350755,0.6074859143962779,1.0,0.07225806451612904,0.1467320789644235,0.009665171026218273,0.022797598739797333,1.0,7205.40703313243
Estonia,Mortalidad_Media,0.5700000000000001,0.15620369692329877,0.8046337799382002,0.04463010775953135,0.6103277311204321,1.0,0.08003795066413662,0.13223000476425345,0.009751434189714367,0.02435537396533934,1.0,5343.18310760735
Estonia,Mortalidad_Media,0.5700000000000001,0.1661264193595794,0.7953864594801616,0.043920870131726984,0.6149702745792803,1.0,0.08760910815939278,0.14060561088355872,0.009597602818685706,0.02745685067922017,1.0,4502.66614992392
Estonia,Mortalidad_Media,0.5700000000000001,0.15630024324754083,0.7976546701585476,0.04883838035414318,0.6169850958061102,1.0,0.09518026565464896,0.1323114979219338,0.010664195043781825,0.02677277743818958,1.0,4070.60902410208
Estonia,Mortalidad_Media,0.5,0.18133198782941867,0.7565477135563972,0.05194699730051259,0.5769336246505684,1.0,0.11859582542694497,0.17492203329734532,0.012925826283132085,0.03687751631956407,1.0,3134.38975345407
Eswatini,Mortalidad_Alta,0.321,0.04405052747313412,0.6919379068602902,0.09562673208934279,0.5068854707665478,0.0,0.2716622390891841,0.06670130555935176,0.03695666694680913,0.07479970434526585,0.3333333333333333,3889.65276959161
Eswatini,Mortalidad_Alta,0.364,0.043690213295305196,0.6232634666285142,0.09082089946966708,0.5301346579034462,0.0,0.31634155597722957,0.05834549998386835,0.03095862460137771,0.0811297818402775,0.3333333333333333,3966.29863253832
Eswatini,Mortalidad_Alta,0.37200000000000005,0.04556199880840769,0.6466413906574147,0.09655336517603982,0.5325819523956663,0.0,0.3324705882352941,0.059511638813826616,0.03219798609542469,0.07838872711330694,0.3333333333333333,3454.784217446
Eswatini,Mortalidad_Alta,0.35000000000000003,0.04703097395026611,0.6464697045568353,0.09365250967217381,0.5115452490039533,0.0,0.3201138519924099,0.06527169743429011,0.03319718472058431,0.08287696353582391,0.3333333333333333,3913.12643969301
Eswatini,Mortalidad_Alta,0.269,0.045490854883918505,0.6301166034766434,0.09314842282738298,0.5182112408216198,0.0,0.24756166982922204,0.08217137670678948,0.04296168700049845,0.08388097101758281,0.3333333333333333,3973.46344933667
Eswatini,Mortalidad_Alta,0.309,0.045804667231349495,0.6139065741469345,0.10236706001069171,0.5062957745941219,0.0,0.3019639468690702,0.0720229259261051,0.041088688520037324,0.08096353598253449,0.3333333333333333,3853.99147918102
Eswatini,Mortalidad_Alta,0.43,0.04759780274749736,0.5946491165319407,0.06770461576969238,0.5066420263707553,1.0,0.4242884250474383,0.05376235133172647,0.019560572169079537,0.1251311132560852,0.3333333333333333,3239.80707501414
Eswatini,Mortalidad_Alta,0.39,0.048106213779555096,0.5762357822447957,0.09304714457710185,0.48742976360191637,0.0,0.406280834914611,0.05990364524351583,0.02960044270261633,0.09549257934878,0.3333333333333333,3420.75357067279
Eswatini,Mortalidad_Alta,0.316,0.04620533062039022,0.55549037842478,0.10348776831777351,0.4872113999268921,0.0,0.347180265654649,0.07103751367139276,0.04061695961346484,0.09041268160457507,0.3333333333333333,3771.90796458406
Eswatini,Mortalidad_Alta,0.31,0.04701417030409747,0.5357321696830959,0.10565165171950619,0.4821180595253928,0.0,0.3376470588235294,0.0736677722719088,0.04226607318066017,0.08770647761863795,0.3333333333333333,3951.12008139006
Eswatini,Mortalidad_Alta,0.32,0.045759978502555414,0.5157593533156877,0.12880060645225738,0.4782216692762644,0.0,0.3521821631878558,0.06947994728431184,0.04988879739494398,0.07217218704600038,0.3333333333333333,4347.99569336631
Eswatini,Mortalidad_Alta,0.36,0.046039007905054594,0.4920523642606767,0.12268223339090126,0.49836338279845926,0.0,0.3948387096774194,0.06213286631584999,0.04224442642759829,0.07565295787697109,0.3333333333333333,4312.34243414155
Eswatini,Mortalidad_Alta,0.36,0.0383435542412246,0.48166535517562054,0.12820423760995187,0.49149803528668445,0.0,0.4235294117647059,0.05184815786832369,0.04414079273750188,0.0777516467590168,0.3333333333333333,3992.95199562618
Eswatini,Mortalidad_Alta,0.33,0.045737935370065756,0.46137778095714993,0.11674045121954585,0.4802161065314333,1.0,0.4101518026565465,0.06734235627838406,0.043858800002318885,0.09071235708211323,0.3333333333333333,3239.7578007877
Eswatini,Mortalidad_Alta,0.25,0.04080208509041823,0.4462121754059661,0.1262203601136313,0.4793761897946185,0.0,0.3249525616698292,0.07939281537642913,0.06258166511598562,0.0876530883332009,0.3333333333333333,2999.82816920508
Eswatini,Mortalidad_Alta,0.27,0.04144933358316291,0.4362973030975033,0.1357718139914318,0.46301383310838073,0.0,0.3396774193548387,0.07466523314326823,0.06231953239870545,0.07855372926731982,0.3333333333333333,3180.86121498525
Eswatini,Mortalidad_Alta,0.3,0.041335851060544576,0.42775591959367626,0.1412142367704477,0.46161858324032234,0.0,0.3734345351043643,0.06701671125523728,0.05833042290750963,0.07457530948698406,0.3333333333333333,3035.06156119205
Eswatini,Mortalidad_Alta,0.3,0.03939132888537575,0.4191000786894627,0.13852543698714537,0.45749265328755173,0.0,0.4252371916508539,0.06389816705784564,0.057222357983066546,0.08709565110686024,0.3333333333333333,2945.36394872311
Eswatini,Mortalidad_Alta,0.3,0.03926815027556008,0.41835610558695174,0.12191769326984449,0.46823231489885087,0.0,0.43092979127134723,0.06370061830073255,0.05037824173403902,0.10075114807085192,0.3333333333333333,2581.24172793045
Eswatini,Mortalidad_Alta,0.3,0.04027554174070823,0.42874311467200793,0.15641422053346304,0.4502370327290327,0.0,0.4320683111954459,0.06531623104521919,0.06459439576428219,0.07806516454478281,0.3333333333333333,2060.18418135789
Eswatini,Mortalidad_Alta,0.3,0.041086091281168656,0.4394448816081265,0.15789847170372723,0.4332828532761366,0.0,0.4280834914611006,0.0666161568564956,0.06520606148630684,0.0765585153984445,0.3333333333333333,1351.86550182919
Eswatini,Mortalidad_Alta,0.3,0.04115138753727516,0.45323699835467485,0.15279417281416274,0.44099971653949055,0.0,0.42296015180265656,0.06672087628998556,0.06310255991712205,0.07823300143088383,0.3333333333333333,1467.5389023828
Eswatini,Mortalidad_Alta,0.3,0.04195199371120636,0.47159310394162673,0.1555373409730598,0.44594469568256934,1.0,0.41555977229601515,0.06800485534149331,0.06423303026214335,0.07539654070507733,0.3333333333333333,1668.9749133064
Eswatini,Mortalidad_Alta,0.5,0.04556524959030783,0.5782244795765075,0.1272331429282619,0.3378972211618899,0.0,0.5939278937381404,0.04427978735918064,0.03154125561736822,0.0791590495591352,0.3333333333333333,1750.75400773784
Ethiopia,Mortalidad_Media,0.332,0.017087375837939244,0.7472923671221117,0.4760563198882272,0.3432766011829932,0.0,0.23309297912713475,0.025416876623719876,0.17739773236483217,0.009748783144457936,0.0,1011.07332413462
Ethiopia,Mortalidad_Alta,0.315,0.01690083342246459,0.7248730238214462,0.47525758578386595,0.34307393477241,1.0,0.22892789373814038,0.026503658213054383,0.18665809113986281,0.01023001601457273,0.0,910.947887074508
Ethiopia,Mortalidad_Alta,0.294,0.01721430336015632,0.7340153086773016,0.4496825899673294,0.3464072082267493,0.0,0.22091840607210625,0.0289097665693235,0.1892361629870264,0.011484489154225905,0.0,905.313159254148
Ethiopia,Mortalidad_Alta,0.35100000000000003,0.017473285704077832,0.7307532727662922,0.4253212459139852,0.35008087482177186,0.0,0.2730740037950664,0.02457001402055883,0.14992481572989366,0.012883450472394134,0.0,828.709080522921
Ethiopia,Mortalidad_Alta,0.37700000000000006,0.017403138565390015,0.7238286000429215,0.39476406413459814,0.3416371152727877,0.0,0.30403225806451617,0.022786008482082107,0.12956442977245128,0.014773221079496064,0.0,747.968003672674
Ethiopia,Mortalidad_Alta,0.376,0.017280358969570586,0.7168037770942126,0.4271684152915267,0.3441903746053959,0.0,0.31535483870967745,0.022689501455456514,0.14056377138909687,0.014071317739648473,0.0,745.632433925343
Ethiopia,Mortalidad_Alta,0.33,0.017351986190236895,0.7081622433650476,0.43878214718590186,0.34522713266414196,0.0,0.28804554079696393,0.025956710239368474,0.16450847686642794,0.01430062263444746,0.0,696.196084806324
Ethiopia,Mortalidad_Alta,0.33,0.017186743053502353,0.7000071535875241,0.45599400692551056,0.3773949908266928,1.0,0.3005692599620493,0.025715791962373457,0.17095672671054474,0.01437314075478154,0.0,621.845673808133
Ethiopia,Mortalidad_Alta,0.27,0.017192065944156378,0.6904928821804133,0.4871707596190959,0.3813436600048073,0.0,0.25667931688804557,0.03143989754485867,0.2232227347842852,0.013966605279304394,0.0,549.986577082588
Ethiopia,Mortalidad_Alta,0.27,0.01700101589839669,0.6795335860934257,0.5215820509004843,0.3788133311076749,0.0,0.267438330170778,0.031099455147678923,0.23897943250433232,0.01350413612160001,0.0,484.039833104062
Ethiopia,Mortalidad_Alta,0.27,0.01680494428245817,0.669261034408756,0.5607060529976732,0.3664008548838051,0.0,0.27922201138519925,0.03075006454332922,0.25689404865758647,0.013021011617672924,0.0,452.101031885754
Ethiopia,Mortalidad_Alta,0.27,0.016783126907653014,0.6571285499678088,0.5217144072888744,0.39888121310458047,0.0,0.29100569259962045,0.030711186984575953,0.23904003760008782,0.014980508060267865,0.0,343.024942351887
Ethiopia,Mortalidad_Alta,0.26,0.016643384841075033,0.6444523928750268,0.5242057413604776,0.4025872166958182,1.0,0.292561669829222,0.031633795087465055,0.2494185258128443,0.01569454268713205,0.0,330.619412798644
Ethiopia,Mortalidad_Alta,0.24,0.01665067604743222,0.6302310608770298,0.5803444040808379,0.36855928603349297,0.0,0.2818975332068311,0.03428456134688087,0.29912210651143795,0.014610355633703215,0.0,368.574712267445
Ethiopia,Mortalidad_Alta,0.24,0.016657779505288326,0.6161814149796121,0.5715090733999137,0.3586313131151948,0.0,0.29464895635673627,0.034298801636578675,0.2945707635273929,0.015709891654137845,0.0,316.410475118075
Ethiopia,Mortalidad_Alta,0.22,0.01661188270551493,0.5994849416982617,0.5345604560267202,0.3724736993940256,0.0,0.282618595825427,0.03731650080144876,0.3005862829787918,0.01796562426936972,0.0,237.146255996319
Ethiopia,Mortalidad_Alta,0.23,0.01653624567519771,0.5828313899420559,0.5378402559071934,0.3662995398653766,0.0,0.3094307400379507,0.03553582223714287,0.2892802946490334,0.018835153126738554,0.0,189.345737521418
Ethiopia,Mortalidad_Alta,0.25,0.01650576415865124,0.5679805422419342,0.5207593484541371,0.372825348494389,0.0,0.35294117647058826,0.03263429446432993,0.2576909404232508,0.02068942993291484,0.0,158.243458082465
Ethiopia,Mortalidad_Alta,0.35000000000000003,0.01661658017072119,0.558981329136562,0.489186863718383,0.3834149117020853,1.0,0.5173624288425047,0.02346254358974769,0.17291254774589046,0.023438247784239242,0.0,133.169812538096
Ethiopia,Mortalidad_Alta,0.32,0.016609804580570674,0.5467057729451319,0.4715361001401304,0.4139336097945884,0.0,0.4954838709677419,0.025651969790880604,0.18230377207841153,0.02575609675706566,0.0,116.800491132777
Ethiopia,Mortalidad_Alta,0.32,0.016569286253256824,0.5353744903068889,0.48934653622826224,0.3990304114238101,0.0,0.5167362428842505,0.025591049525281656,0.1891847881597493,0.02590022987079914,0.0,109.593813612988
Ethiopia,Mortalidad_Alta,0.3,0.016579203384018745,0.5259746763001645,0.5355166998716252,0.36546314776320055,0.0,0.5049335863377609,0.0273130241775645,0.22082401268581653,0.02451297332611493,0.0,118.457204255261
Ethiopia,Mortalidad_Alta,0.3,0.0164228886562454,0.5181343443737034,0.5649466316551562,0.3534758347747264,0.0,0.5248576850094877,0.02706233308569145,0.23295220286962864,0.024105246379634647,0.0,122.269202606069
Ethiopia,Mortalidad_Alta,0.3,0.01648245203278513,0.47916159954217036,0.6408128431932377,0.2950603659656604,1.0,0.6261859582542695,0.02715785836416708,0.264216965860825,0.025527250958155025,0.0,136.523619088963
Fiji,Mortalidad_Media,0.543,0.05232114891853406,0.7508834680592316,0.1605422706317961,0.5441373202133234,0.0,0.242134724857685,0.04675937976372592,0.036627393028735446,0.021244208435506638,0.6666666666666666,5405.03006162671
Fiji,Mortalidad_Alta,0.46799999999999997,0.06020477691166601,0.7187781672508762,0.19300432070225684,0.533858893970836,0.0,0.20336242884250472,0.06235763699473311,0.05107264063500568,0.016601219843887533,0.6666666666666666,4696.17103944634
Fiji,Mortalidad_Media,0.456,0.05767101941128087,0.7476786608484154,0.18095787801923394,0.532476885213676,0.0,0.18949525616698293,0.06132524887054032,0.04915061392587731,0.016996894540074067,0.6666666666666666,4844.42127154524
Fiji,Mortalidad_Media,0.23399999999999999,0.07392439092561455,0.7488947707275198,0.142567677107125,0.5437384652579228,1.0,0.0914686907020873,0.15292418324340304,0.0754976679135175,0.020921684357970555,0.6666666666666666,5950.82866866702
Fiji,Mortalidad_Media,0.348,0.06578840037508032,0.7482652550253952,0.13770038504394932,0.5413527062179909,0.0,0.12678557874762808,0.0915799120379147,0.04903650934915572,0.02007155392476009,0.6666666666666666,6085.41979485376
Fiji,Mortalidad_Media,0.327,0.06264402417145043,0.7496244366549825,0.1329578672167177,0.5477554367846262,0.0,0.1116888045540797,0.09283475002517538,0.05039260611830313,0.019390387840822945,0.6666666666666666,5826.84814459328
Fiji,Mortalidad_Alta,0.223,0.0781778598878825,0.7438586451105227,0.13463481408372643,0.5483139621595517,0.0,0.07193548387096775,0.16964448489260067,0.07482378974329439,0.017863400842249477,0.6666666666666666,5363.79026679243
Fiji,Mortalidad_Alta,0.223,0.04853072282864104,0.741326275126976,0.09929139069199866,0.5585977136151417,0.0,0.06897343453510436,0.10568011057761699,0.05522939973100366,0.02419181347673539,0.3333333333333333,5097.53106864695
Fiji,Mortalidad_Alta,0.2,0.060217584615717704,0.742771299806853,0.10216292950949293,0.5598114419759562,0.0,0.06072106261859583,0.14594768126631058,0.06335583929457755,0.022929663590179054,0.6666666666666666,5293.35676680464
Fiji,Mortalidad_Alta,0.2,0.0620825635593969,0.7422562415051148,0.12765870851053665,0.5749590768886256,1.0,0.0603415559772296,0.15043414534782462,0.07911620490892157,0.017572870833056354,0.6666666666666666,4572.44377544245
Fiji,Mortalidad_Alta,0.2,0.05558810000484979,0.7317690821947205,0.12212405532442386,0.5877693473440554,0.0,0.061100569259962045,0.13481081750011373,0.07569492651777451,0.018790828754612663,0.6666666666666666,4341.40338748749
Fiji,Mortalidad_Media,0.4,0.06240963372440532,0.7470491451462906,0.11632699013886867,0.5896013681297264,0.0,0.12447817836812144,0.07561047887091481,0.03605571830355965,0.020320836083176867,0.6666666666666666,4139.60288609702
Fiji,Mortalidad_Alta,0.4,0.0424301954365092,0.7455898132913656,0.11840480986694192,0.5819814784669104,0.0,0.12751423149905122,0.05157883160989048,0.036697926541123034,0.02047352445841184,0.3333333333333333,3449.14452883369
Fiji,Mortalidad_Alta,0.4,0.06106062269941803,0.7394234208455539,0.12734658852257072,0.5933364274719234,0.0,0.12979127134724858,0.07398786282753148,0.039461633052100376,0.01920322271571033,0.6666666666666666,3164.13275408169
Fiji,Mortalidad_Alta,0.4,0.05454011917888907,0.7390371271192502,0.1350544918787333,0.5817442567488316,1.0,0.13206831119544593,0.06614487753877338,0.041843975929487624,0.018294257171532605,0.6666666666666666,3899.92231512129
Fiji,Mortalidad_Alta,0.4,0.026633912524612596,0.7367622862865726,0.1500566357567846,0.5888097536738541,0.0,0.13282732447817835,0.032578762964115784,0.046480807628322976,0.016251584417735034,0.3333333333333333,3762.74692789299
Fiji,Mortalidad_Alta,0.3,0.028685370001056604,0.7362615351598827,0.1562546777703316,0.5742025985523854,0.0,0.09905123339658443,0.04672839322726016,0.06452864756656493,0.015370278894108852,0.3333333333333333,3455.10599907349
Fiji,Mortalidad_Alta,0.3,0.0299483750905788,0.7342156091279777,0.15247918531076451,0.5802280681857174,0.0,0.0984819734345351,0.048753948524855865,0.06297275233296463,0.015721661361361175,0.3333333333333333,3377.69126953493
Fiji,Mortalidad_Alta,0.3,0.0348977294042422,0.7321839902711207,0.15596663044114337,0.5296215330208173,0.0,0.09734345351043643,0.05669151816165888,0.06440994213374131,0.01508216075490723,0.3333333333333333,3097.19096651759
Fiji,Mortalidad_Alta,0.3,0.05786657678991461,0.7294942413620431,0.15804793535623046,0.5376185550487057,0.0,0.09563567362428843,0.0935280051146265,0.0652676560430479,0.014522272232258772,0.6666666666666666,2655.58079586044
Fiji,Mortalidad_Alta,0.3,0.03294962141226962,0.7271907861792688,0.16812883260564504,0.538666797109458,1.0,0.09506641366223909,0.05356722317966369,0.06942203329283776,0.013355872350019607,0.3333333333333333,2136.56794118683
Fiji,Mortalidad_Alta,0.3,0.04624260893764154,0.7373918019886971,0.16435622806535555,0.5419344527046209,0.0,0.09449715370018977,0.07488596648977729,0.06786732818208557,0.013635439721110103,0.3333333333333333,1944.997414609
Fiji,Mortalidad_Alta,0.3,0.03853769521618407,0.737234423063166,0.1893476358860917,0.5339033465282048,0.0,0.09449715370018977,0.06252914470379368,0.07816638525229981,0.011403782458859231,0.3333333333333333,1995.72071163264
Fiji,Mortalidad_Alta,0.3,0.02693857622310799,0.7345589813291364,0.21703073174626197,0.46975175532215874,0.0,0.10246679316888045,0.04392695765104282,0.08957469750862418,0.01061312405382423,0.3333333333333333,2466.74347815903
Finland,Mortalidad_Baja,0.9640000000000001,0.2632362077433002,0.9517534140932655,0.028036797160135386,0.6041035438014791,1.0,0.03292599620493359,0.13160518280442074,0.0036378288348118573,0.007360855881671064,1.0,50440.560224974
Finland,Mortalidad_Baja,0.9720000000000001,0.2777351270655239,0.9617335410781671,0.026995630639291602,0.6124377992867557,1.0,0.03319924098671727,0.1376987924591272,0.0034754592141076836,0.007767155973927442,1.0,53099.1351400148
Finland,Mortalidad_Baja,0.961,0.26589070023978034,0.9623965565072352,0.02802477751805812,0.6111493196761559,1.0,0.0328235294117647,0.13334500082122244,0.0036476389118439527,0.0073653761216818,1.0,48828.6846862799
Finland,Mortalidad_Baja,0.925,0.2791434845102145,0.963129363034098,0.02738412445500499,0.6107306351350538,1.0,0.033349146110056925,0.14542791987810677,0.0037039743817759516,0.008218318730800363,1.0,48358.1807773701
Finland,Mortalidad_Baja,0.898,0.28567796486687225,0.9595700170464754,0.026428069173799598,0.6095968804984259,1.0,0.03237571157495256,0.15330149737658405,0.0036837172216968622,0.008629957484743015,1.0,49654.2497035329
Finland,Mortalidad_Baja,0.9,0.2812558546686865,0.9581044039927489,0.025843478493729987,0.6088758698103341,1.0,0.032447817836812144,0.15059682826823884,0.003595227146935978,0.008896475150231582,1.0,46085.0174739036
Finland,Mortalidad_Baja,0.89,0.2835983503868166,0.9552080734341928,0.026118604504719978,0.6159727284327571,1.0,0.03208728652751423,0.15355526376458012,0.0036738411059936025,0.008769576205660401,1.0,43451.2562442158
Finland,Mortalidad_Baja,0.89,0.27436136652133486,0.9559408799610571,0.025748074266951575,0.6213482310614861,1.0,0.03377609108159393,0.1485618168599662,0.00362237021972808,0.009585483240614336,1.0,42560.3456767103
Finland,Mortalidad_Baja,0.934,0.28941837956459077,0.9516487274465713,0.027736057721806207,0.6206834768046164,1.0,0.03544592030360531,0.14931944468597363,0.003714867480237173,0.008672586419064182,1.0,50073.7760815871
Finland,Mortalidad_Baja,0.9400000000000001,0.28441890206309106,0.9487175013391171,0.027663235900174984,0.6170671396813876,1.0,0.0374573055028463,0.1458074199971425,0.003681577850155743,0.009304030237754371,1.0,49691.0145200739
Finland,Mortalidad_Baja,0.92,0.29033405546894714,0.9437274378466656,0.02736630727618393,0.619650749307037,1.0,0.03840607210626186,0.1520705633410031,0.003721710374331225,0.010045912278841143,1.0,47551.6740841369
Finland,Mortalidad_Baja,0.89,0.30226877858852996,0.9414941227171771,0.028260079193416103,0.6030672780430025,1.0,0.038842504743833016,0.16364836268835964,0.003971316423544474,0.010216373385567537,1.0,51060.3242589767
Finland,Mortalidad_Baja,0.9,0.31571163603925795,0.9329098176882051,0.029624097467313964,0.5988539845670302,1.0,0.04098671726755218,0.16901641371223292,0.0041145631103061305,0.010161751669639557,1.0,46506.2919016566
Finland,Mortalidad_Baja,0.9400000000000001,0.2898364733923041,0.9307462936565132,0.028194833354253646,0.6061070605418132,1.0,0.046375711574952565,0.1485803380963478,0.0037514948906128237,0.012014607145099887,1.0,47478.3495310999
Finland,Mortalidad_Baja,0.96,0.3083721978003003,0.9285827696248199,0.027581545590749237,0.5675464206280172,1.0,0.04918406072106263,0.15477454806426358,0.003594358031439768,0.012953217369509508,1.0,53769.4726240385
Finland,Mortalidad_Baja,0.96,0.32296572827147857,0.9242208260125386,0.029798313663296192,0.550067818368226,1.0,0.051005692599620484,0.1620884543980908,0.0038798389086870835,0.012314891441426284,1.0,48473.0240091455
Finland,Mortalidad_Baja,0.97,0.32936075599241277,0.9235229150345732,0.025002800477690053,0.5529686662283184,1.0,0.0533776091081594,0.1635894231640871,0.003228629300080112,0.01593467625163845,1.0,41214.0187765069
Finland,Mortalidad_Baja,0.97,0.3037927327412985,0.9178349405641562,0.028507687545717073,0.5633599074324419,1.0,0.055218216318785575,0.15090748368523102,0.0036753440500634175,0.014179281793723098,1.0,39049.8703780223
Finland,Mortalidad_Baja,0.97,0.33039501170828606,0.9163693275104299,0.02979129109616148,0.5629389922858857,1.0,0.05705882352941176,0.16410242208721634,0.0038389455093929595,0.013992170673704478,1.0,37768.1334202029
Finland,Mortalidad_Baja,0.99,0.32775823824833666,0.9114141595668761,0.03177029639664403,0.5557714182018136,1.0,0.060113851992409865,0.15950578280417302,0.004008529187189636,0.013449410813317247,1.0,32920.0857192568
Finland,Mortalidad_Baja,1.0,0.31154526745633876,0.9078548135792546,0.03350136310330199,0.5524829517892541,0.0,0.06261859582542695,0.15011021748413392,0.004182457706769682,0.013088944758435311,1.0,26989.389260959
Finland,Mortalidad_Baja,0.98,0.29683498700292815,0.9056563939986637,0.03465917522763471,0.5456867115725762,0.0,0.0632258064516129,0.14595173037407505,0.004413876918844451,0.013026798071947945,1.0,24965.202996776
Finland,Mortalidad_Baja,0.96,0.28993711520139476,0.8985028064745204,0.03706663391978365,0.5300415407254091,1.0,0.06375711574952561,0.14553535350123092,0.004815871175045242,0.012424911932782669,1.0,24335.9225082659
Finland,Mortalidad_Baja,0.778,0.26231419591200894,0.8833895442466844,0.047772147795102124,0.5454506376589362,1.0,0.06348007590132827,0.16249844588330292,0.007643665283479989,0.01171933687299402,1.0,26246.2743214462
France,Mortalidad_Baja,0.7590000000000001,0.1435266391554403,0.9652230959679933,0.021984299528217722,0.7399042435769808,1.0,0.04896774193548387,0.0912672207110682,0.0036345054032625073,0.022302381032832126,1.0,41082.8119320747
France,Mortalidad_Baja,0.8009999999999999,0.16058642042926127,0.968014739879854,0.018190759999978528,0.7323296392157562,1.0,0.0516774193548387,0.0967287788941938,0.0028584142954877064,0.02754720265075222,1.0,43725.0999521245
France,Mortalidad_Baja,0.833,0.14919148173885885,0.9658861113970612,0.01815391765641516,0.7357896596369401,1.0,0.05216129032258064,0.08643137161400886,0.002743139241837248,0.026699555170762224,1.0,39169.8606000707
France,Mortalidad_Baja,0.679,0.16670133955077676,0.9752032229528964,0.017493935414117465,0.7259053515706865,1.0,0.04251802656546489,0.11844154369235947,0.0032451260797698275,0.027810529346881253,1.0,40408.2848574751
France,Mortalidad_Baja,0.6509999999999999,0.16966081458094562,0.9730396989212047,0.019048256717071183,0.7262079919738695,1.0,0.040764705882352946,0.12572303109511296,0.003679881993284699,0.02531484021970176,1.0,41418.1766484844
France,Mortalidad_Baja,0.6970000000000001,0.17130524792340507,0.971608981416376,0.017831526289203512,0.7290412774742541,1.0,0.04364516129032258,0.11856079696786138,0.0032212013842442687,0.02723216087272289,1.0,38687.1626407164
France,Mortalidad_Baja,0.6900000000000001,0.1719672151890232,0.9715740858674768,0.01660424489039216,0.7315248808481786,1.0,0.04189753320683112,0.12022516840410091,0.0030339813377825175,0.028452899029756347,1.0,37024.2157133669
France,Mortalidad_Baja,0.71,0.17571314815785555,0.9679798443309564,0.018700220735584933,0.7281727386292701,1.0,0.04311195445920303,0.11937695476593523,0.0033134860284415443,0.024955197550826994,1.0,36702.4323733379
France,Mortalidad_Baja,0.6990000000000001,0.17369434504566064,0.9736678188013732,0.01816798733889324,0.7295322847464863,1.0,0.04111764705882354,0.11986600288513821,0.0032714941914609007,0.02485983579084861,1.0,43148.0459288416
France,Mortalidad_Baja,0.7000000000000001,0.18156434740326466,0.9665142312772299,0.01690059675485977,0.7293205097736326,1.0,0.041176470588235294,0.12510401607060026,0.003042979217676948,0.026931425722863556,1.0,42669.1795111893
France,Mortalidad_Baja,0.68,0.18171860728945358,0.9629199897407081,0.01898299157066787,0.7291587249174359,1.0,0.04,0.12889269108237036,0.003511079957166083,0.023671331995043714,1.0,40863.5814412333
France,Mortalidad_Baja,0.6900000000000001,0.1826454724725757,0.9650137226746047,0.019304799165089526,0.7278037428151656,1.0,0.04058823529411765,0.12767097151262624,0.003517854814476774,0.023229218954407303,1.0,43929.7840873812
France,Mortalidad_Baja,0.6900000000000001,0.18705956216150368,0.9585580461284255,0.018665787908422816,0.7327524259809243,1.0,0.04058823529411765,0.1307488560263992,0.003403359578699771,0.024121780660113504,1.0,40694.8211697025
France,Mortalidad_Baja,0.73,0.18232342100429808,0.954998700140804,0.015268206160720018,0.7339513690208048,1.0,0.04294117647058824,0.12046304451829026,0.0026414672392955345,0.03009568920757849,1.0,41728.0884164132
France,Mortalidad_Baja,0.74,0.19157420313973256,0.9521372651311466,0.017646079707136907,0.7220076010427277,1.0,0.044933586337760914,0.12484976888076435,0.0030030410620589002,0.026612356588691446,1.0,45464.8181385158
France,Mortalidad_Baja,0.75,0.1917811060314045,0.950671652077419,0.018866340678584552,0.7152448341448936,1.0,0.04554079696394687,0.12331783421397637,0.0031641502453145045,0.024710650811821472,1.0,41486.1907828787
France,Mortalidad_Baja,0.71,0.1951278203064155,0.9463794995629329,0.01773159800767933,0.7121651841874133,1.0,0.044459203036053135,0.1325332003087265,0.003144821287223333,0.027401107435915464,1.0,36431.5658906555
France,Mortalidad_Baja,0.6900000000000001,0.19974101491579827,0.9370972835559954,0.019701315279929247,0.7099583837165548,1.0,0.044516129032258066,0.13959146000485764,0.003588900833751579,0.025220722898593777,1.0,34696.3718316971
France,Mortalidad_Baja,0.63,0.2003670911506772,0.9370972835559954,0.021441227107975306,0.7057289355562972,1.0,0.041840607210626185,0.1533640157946333,0.004272141142052912,0.02371296698514135,1.0,33644.9282220364
France,Mortalidad_Baja,0.67,0.19894431572948856,0.9220921975297445,0.021762946040578445,0.7039998745403314,1.0,0.045768500948766604,0.14318625887674719,0.004076452849618738,0.024080168119451056,1.0,29479.5222101175
France,Mortalidad_Baja,0.67,0.19540756658509484,0.9241859304636397,0.023764774577269807,0.6966110421515205,1.0,0.0483111954459203,0.14064651622511598,0.004445838543235173,0.023199937045610304,1.0,24144.5727019529
France,Mortalidad_Baja,0.66,0.19634098298794794,0.9227203174099132,0.025011051021227814,0.6906872241432671,1.0,0.04884250474383301,0.14345796704706004,0.004746652190109218,0.022559620578669115,1.0,22331.7948343036
France,Mortalidad_Baja,0.67,0.1912239484704804,0.9212547043561856,0.024786241882475347,0.68380316937033,1.0,0.05212523719165085,0.1376422564006199,0.004634323921540097,0.02412922664647567,1.0,22340.5939516217
France,Mortalidad_Baja,0.9,0.18406386590367807,0.9025855856956162,0.028948499900909194,0.6674859518715357,0.0,0.0905123339658444,0.09863933172288925,0.004021757642352111,0.027116665994724527,1.0,26791.8151982369
Gabon,Mortalidad_Media,0.244,0.09683231773133456,0.7589670219615134,0.0793393377885005,0.31552624840883214,0.0,0.12593548387096773,0.19182743603812644,0.04036664094294331,0.054067328550414746,0.6666666666666666,8409.20741452279
Gabon,Mortalidad_Media,0.364,0.09707601729655774,0.7497961227555618,0.08534743118612582,0.366337480699816,0.0,0.19408728652751422,0.12890973894703853,0.02909958252221726,0.05180940093481765,0.6666666666666666,8181.40914134398
Gabon,Mortalidad_Media,0.36700000000000005,0.09886827085221932,0.7498104299306101,0.0834032116840351,0.4374922629421417,0.0,0.19847248576850096,0.13020557929885182,0.028206762659452704,0.053891786561777184,0.6666666666666666,6605.80346077904
Gabon,Mortalidad_Media,0.355,0.10191062924628332,0.7535875241433578,0.06996591331975523,0.3879385059783599,0.0,0.20006641366223907,0.13873016944011116,0.02448059973662545,0.06769327965477112,0.6666666666666666,7441.1786472281
Gabon,Mortalidad_Media,0.334,0.10605214687329916,0.7493812146791616,0.06846650193984453,0.3953252419977541,0.0,0.19456925996204935,0.15341858840629466,0.02546478717173166,0.07168315925167017,0.6666666666666666,7624.2775233771
Gabon,Mortalidad_Alta,0.376,0.10459868433249096,0.7461334859432005,0.06631267069745919,0.4127880654997846,1.0,0.22617077798861482,0.13442156277854658,0.021912122945433356,0.07662811792060874,0.6666666666666666,6921.73373135624
Gabon,Mortalidad_Alta,0.37,0.11507070414611494,0.7427999141569497,0.0626092877386514,0.402447403991801,0.0,0.22677419354838707,0.1502186086855572,0.021030012539814583,0.08293324362186785,0.6666666666666666,6677.07003901644
Gabon,Mortalidad_Alta,0.34,0.11793497939573179,0.7392660419200228,0.05423750681535803,0.3715054286687602,0.0,0.2161290322580645,0.16752637367323311,0.019841445661478014,0.09985915124666032,0.6666666666666666,7047.12654634355
Gabon,Mortalidad_Alta,0.29100000000000004,0.12033399053941717,0.7354603333571785,0.045499771307867774,0.29909747986818935,0.0,0.1910550284629981,0.19970170958146133,0.019470223418302797,0.12356125418135089,0.6666666666666666,9201.36276648105
Gabon,Mortalidad_Alta,0.3,0.12817167620930037,0.7308963445167751,0.04180276443155285,0.2640552471127114,0.0,0.20037950664136622,0.20628041423659074,0.017362565698489714,0.13708639494106975,1.0,9197.70106323947
Gabon,Mortalidad_Alta,0.28,0.09029624707621613,0.7264181987266614,0.04211430900515192,0.23953884991573537,0.0,0.1933965844402277,0.1559328946425729,0.018740308326202243,0.14080674289157233,0.6666666666666666,9296.96587941088
Gabon,Mortalidad_Alta,0.29,0.10609248612850344,0.7216109879104371,0.043108938193336575,0.21875076682009376,0.0,0.20635673624288425,0.17676281674538744,0.0185181155408656,0.14176218132269905,0.6666666666666666,10219.1139339454
Gabon,Mortalidad_Alta,0.31,0.13680038190042876,0.7160741111667501,0.049211022421036116,0.277987372665205,0.0,0.22764705882352942,0.2130181696990479,0.019756972102092346,0.12796409551273202,1.0,8356.74662013345
Gabon,Mortalidad_Alta,0.33,0.1261743976496648,0.7110093711996566,0.06350825170329776,0.3462947838330574,0.0,0.2504743833017078,0.18461569230266084,0.023915892761288596,0.10198701523325193,1.0,7290.57526093114
Gabon,Mortalidad_Alta,0.3,0.11919842090227559,0.7060018599327562,0.05320244285989035,0.256955328970825,0.0,0.2316888045540797,0.19188947870148623,0.022060417838620967,0.1244545264099581,0.6666666666666666,9688.64519690633
Gabon,Mortalidad_Alta,0.29,0.1118403368713181,0.7003934473138278,0.06241557972526436,0.28392584077740507,0.0,0.23001897533206828,0.1862988496767016,0.026748814794389637,0.1086411108985219,0.6666666666666666,8003.54289696049
Gabon,Mortalidad_Alta,0.33,0.10459111121719458,0.6952428642964446,0.06182544277889813,0.2790555097794777,0.0,0.2711385199240987,0.15314807263653263,0.023285445351851085,0.11375922237184355,0.6666666666666666,6847.00985685394
Gabon,Mortalidad_Alta,0.3,0.09580942366187108,0.691222548107876,0.06275484870220713,0.26359132689486103,1.0,0.2527514231499051,0.1543791727979088,0.025997001709107796,0.11496459762641176,0.6666666666666666,6547.87613955186
Gabon,Mortalidad_Alta,0.3,0.0844602839518305,0.6871593103941627,0.06886310625672726,0.3402138698961924,0.0,0.25958254269449715,0.1361778921747855,0.028514238577267433,0.10743823398916105,0.6666666666666666,5465.79193590708
Gabon,Mortalidad_Alta,0.5,0.07478457346799654,0.6838543529580083,0.07565574669009098,0.3690784974127796,0.0,0.4449715370018975,0.07239623285743625,0.018788107386577733,0.10041343869219757,0.6666666666666666,4710.74862768151
Gabon,Mortalidad_Alta,0.5,0.06531134539019098,0.6797338865441018,0.07236327392376782,0.36963668783568837,0.0,0.45825426944971537,0.06328057015226507,0.01797400283114682,0.10834728633511896,0.6666666666666666,3966.48001864663
Gabon,Mortalidad_Alta,0.5,0.05549966964766044,0.6769726017597824,0.07742641294883172,0.35910570066506636,0.0,0.46963946869070206,0.05383923443155508,0.019225926487811615,0.10367034903157075,0.6666666666666666,3835.75718279727
Gabon,Mortalidad_Alta,0.5,0.05306049971110904,0.6745117676514771,0.0783084064695819,0.3544243632453117,0.0,0.4819734345351044,0.05149213054684137,0.01944401027895109,0.10524841465008974,0.6666666666666666,3982.906200928
Gabon,Mortalidad_Alta,0.5,0.054970402708125046,0.6667858931254023,0.10131692151273791,0.3780696895612374,0.0,0.5275142314990512,0.0533299445820785,0.025133149791941527,0.08861194856591299,0.6666666666666666,4414.8755828572
Georgia,Mortalidad_Media,0.644,0.07118407580544357,0.8509335431719007,0.08360769571289245,0.5997835634440758,1.0,0.09898292220113851,0.05351835043711165,0.016113606361545175,0.0129134117328368,0.6666666666666666,6729.84659930283
Georgia,Mortalidad_Media,0.6459999999999999,0.06572568893236022,0.8150797625008943,0.09113730071269573,0.5957852229893128,1.0,0.10051612903225805,0.04928736406218431,0.017504731288608008,0.011762241925485641,0.6666666666666666,5083.60695484577
Georgia,Mortalidad_Media,0.648,0.06115066733087562,0.8418914085413833,0.10492217662194296,0.5865495308327912,1.0,0.10082732447817835,0.0457383766776835,0.020080704972757876,0.009789243390446203,0.6666666666666666,4300.85701291207
Georgia,Mortalidad_Media,0.585,0.06318303296825172,0.8512769153730597,0.09250624329514258,0.6117616403168846,1.0,0.09213472485768502,0.0523355474516853,0.01961931691079508,0.011721106032002312,0.6666666666666666,4741.2832715876
Georgia,Mortalidad_Media,0.618,0.05996682404889666,0.8487016238643679,0.09536772668164112,0.5918059795981218,1.0,0.09850474383301708,0.04703703628995546,0.019144124509651698,0.011447477690132261,0.6666666666666666,4804.0546040444
Georgia,Mortalidad_Media,0.65,0.06047308648868506,0.8408326775878103,0.08723041440507526,0.5915422656053609,1.0,0.10483870967741936,0.045096100388477466,0.01665391302538427,0.013010137370727549,0.6666666666666666,4418.75206546679
Georgia,Mortalidad_Media,0.52,0.05990285710202382,0.8365548322483725,0.10095749126349493,0.6187509866534663,1.0,0.08584440227703985,0.055842523393245296,0.024081034830426104,0.011131180596965528,0.6666666666666666,4143.40125686315
Georgia,Mortalidad_Media,0.49,0.057984375121629406,0.8380570856284426,0.107776165539169,0.6150943604838346,1.0,0.08275142314990512,0.057377709308794954,0.027275793523372213,0.010531679135784759,0.6666666666666666,4086.6223465965
Georgia,Mortalidad_Media,0.428,0.0549502723633096,0.8361113098218758,0.11615640824695997,0.6237241599991337,1.0,0.07471726755218215,0.06227870800663925,0.03364765906926112,0.00996920170649983,0.6666666666666666,4830.33486170249
Georgia,Mortalidad_Media,0.41000000000000003,0.05147354097477884,0.8349667358180128,0.11628992573149009,0.6306999438627704,1.0,0.07468690702087287,0.06093301377614174,0.03516513415897114,0.010530359360228418,0.3333333333333333,4712.00229382665
Georgia,Mortalidad_Media,0.38,0.045671614697971805,0.8299163030259673,0.10807482597503656,0.6273671740603182,1.0,0.07282732447817837,0.058397549650076576,0.035268585703030875,0.012353654410051368,0.3333333333333333,4530.69533409431
Georgia,Mortalidad_Media,0.41000000000000003,0.043341643471067476,0.8272408612919377,0.12292253398207428,0.6244959468345801,1.0,0.08402277039848198,0.05139037911266246,0.03716512721572031,0.011421993294545223,0.3333333333333333,4119.66818307193
Georgia,Mortalidad_Media,0.39,0.037817307091299636,0.8164675584805778,0.1118756495108172,0.6385166804455861,1.0,0.08658444022770398,0.04721062772292929,0.035569135507578224,0.014219436245234024,0.3333333333333333,3281.72930937343
Georgia,Mortalidad_Media,0.34,0.037213986530272934,0.8068245224980328,0.10219809069843504,0.6180989407177151,1.0,0.08258064516129034,0.05329961955027542,0.03728092611185019,0.017676116084988838,0.3333333333333333,2822.68939668797
Georgia,Mortalidad_Media,0.28,0.035783842036967266,0.8052650404177695,0.10258190303259103,0.618745860598103,1.0,0.0749146110056926,0.06226353100007049,0.045439164457114656,0.019720529237976264,0.3333333333333333,3324.7537205015
Georgia,Mortalidad_Media,0.23,0.03972391199310898,0.8057800987195078,0.11604845420987747,0.5746345640305204,1.0,0.06808349146110057,0.08404115228250973,0.06255587650939913,0.0192222790994982,0.3333333333333333,2635.36650276116
Georgia,Mortalidad_Media,0.2,0.03580962338133348,0.8057514843694114,0.14139850334950493,0.5561717181575349,1.0,0.06565464895635674,0.08723096397993642,0.08760953982994331,0.01720899789373087,0.3333333333333333,1996.02013272284
Georgia,Mortalidad_Media,0.18,0.033331481661959414,0.8015451749052147,0.18659374284176278,0.5090169055175414,1.0,0.0655787476280835,0.09029939141030992,0.12838582523329306,0.013957705094151401,0.3333333333333333,1642.78359414797
Georgia,Mortalidad_Media,0.24,0.03240827452794714,0.8061520852707631,0.20716062725095172,0.5159070120918553,1.0,0.09654648956356736,0.06587379181038185,0.10688398597326305,0.013866552868931006,0.3333333333333333,1305.04748557208
Georgia,Mortalidad_Media,0.23,0.03132156994420938,0.811388511338436,0.24394339773429632,0.5128631492118643,1.0,0.10168880455407969,0.0664646368778042,0.13130284251701219,0.012725858806220092,0.3333333333333333,1010.03151630868
Georgia,Mortalidad_Media,0.23,0.02922542759345185,0.797954073968095,0.2431761776641165,0.5234390142779786,1.0,0.11085388994307399,0.06207980249423248,0.1308904411301275,0.014225489191851006,0.3333333333333333,853.526171868939
Georgia,Mortalidad_Media,0.23,0.02926711146884921,0.7969954932398597,0.264957255506453,0.5298128479090786,1.0,0.11958254269449714,0.062166999286958326,0.14259835527256887,0.014053212959875732,0.3333333333333333,801.98383707929
Georgia,Mortalidad_Media,0.1,0.03221048470282136,0.7929894842263394,0.26040208684640836,0.5336104955819508,1.0,0.05578747628083491,0.1571454789347946,0.3223446085759897,0.01564536602202543,0.3333333333333333,749.908534993961
Georgia,Mortalidad_Media,0.2808,0.03667099321543357,0.7830746119178766,0.34754297757882086,0.506829304032481,0.0,0.19235066413662238,0.06360620222416949,0.15316165097858442,0.014135403075555471,0.3333333333333333,578.336923460866
Germany,Mortalidad_Baja,0.8940000000000001,0.14976048520864474,0.9434587421201488,0.012376937380901154,0.6496135644609422,0.0,0.05258823529411766,0.08084015192401099,0.0017570694936838865,0.03769558419669735,1.0,49686.1154582583
Germany,Mortalidad_Baja,0.8150000000000001,0.16044323939750266,0.9460654396228485,0.009063993750294755,0.6492975039469119,0.0,0.04794117647058824,0.094982654662749,0.0014248306903403415,0.05215598698764735,1.0,52265.6541620571
Germany,Mortalidad_Baja,0.828,0.1549796697129127,0.9496596811593703,0.008895807626464927,0.6531505031255861,1.0,0.048705882352941175,0.09031665393626206,0.0013773477831770394,0.053167121680372194,1.0,47379.765194548
Germany,Mortalidad_Baja,0.813,0.16526805213996248,0.9532539226958909,0.010222112150621425,0.6438002194805303,1.0,0.0478235294117647,0.09807160400458259,0.0016044484029352462,0.046068620317411914,1.0,47623.8656074829
Germany,Mortalidad_Baja,0.753,0.16936813967087455,0.9475310526765761,0.009075351815927822,0.6412837366149619,1.0,0.04572296015180266,0.10850581576371905,0.0015440122491774636,0.053875815550375114,1.0,48874.8595028454
Germany,Mortalidad_Baja,0.777,0.1741929964490795,0.9489617701814048,0.010561691117631488,0.6373179428592065,1.0,0.04718026565464895,0.1081418931306015,0.0017328173724350667,0.046072118749429125,1.0,45526.5999576533
Germany,Mortalidad_Baja,0.79,0.17428692540897037,0.9489268746325059,0.008913948468345997,0.6370794049564014,1.0,0.04946869070208729,0.10641954781792956,0.0014464389089533282,0.05669231284722266,1.0,42961.0356905775
Germany,Mortalidad_Baja,0.78,0.175012396874011,0.9439368111400543,0.008641907175161691,0.6398249503200651,1.0,0.04884250474383301,0.10823139373145639,0.0014218640426525038,0.05851168224912256,1.0,41911.0109851054
Germany,Mortalidad_Baja,0.8009999999999999,0.1756434107110734,0.9503575921373344,0.01125607600560654,0.6365152428204215,1.0,0.05015749525616698,0.10577289047992539,0.0017880733061011198,0.044563133031517745,1.0,48971.0824722599
Germany,Mortalidad_Baja,0.8,0.18454168867563792,0.9417732871083626,0.011401358617629647,0.6372469020224671,1.0,0.050094876660341556,0.11125661533400194,0.0018127602228260188,0.04397030139640018,1.0,47220.0102098851
Germany,Mortalidad_Baja,0.79,0.18116565844702665,0.9424711980863278,0.011201190870505891,0.6310761404582681,1.0,0.050967741935483875,0.11060884936014402,0.0018043812714284412,0.04624834799590243,1.0,44735.5882319701
Germany,Mortalidad_Baja,0.8,0.1801647440767715,0.9410055850326018,0.01136927220427129,0.63359826268924,1.0,0.05161290322580645,0.10862427935024391,0.0018078016215830506,0.045536390250147524,1.0,47646.582043143
Germany,Mortalidad_Baja,0.79,0.18656722777642498,0.9345848040353215,0.00948878407820633,0.6412243660595134,1.0,0.052466793168880456,0.11389852532181226,0.0015363978988854462,0.05660265593399156,1.0,42409.9356994694
Germany,Mortalidad_Baja,0.78,0.17690469349143909,0.9324212800036296,0.008152712655337195,0.663367009826054,1.0,0.051802656546489564,0.10939861950417033,0.001344325974149931,0.06603934636109422,1.0,42487.2137101496
Germany,Mortalidad_Baja,0.8,0.18898275305114817,0.9309905624988009,0.010262699939668064,0.6400962789374905,1.0,0.05464895635673624,0.11392751355941452,0.0016367930845608363,0.05381192805986523,1.0,46386.3295924799
Germany,Mortalidad_Baja,0.8200000000000001,0.1862845300656227,0.9280942319402445,0.010075118593864906,0.6360970975504787,1.0,0.057571157495256174,0.10956563577705915,0.001568589713907663,0.05645679573368273,1.0,42350.9217211489
Germany,Mortalidad_Baja,0.8200000000000001,0.19613239951775865,0.9223364663720321,0.008740243432025997,0.6457124762159212,1.0,0.059127134724857686,0.11534378413373,0.0013673309515595756,0.06710559761580479,1.0,36980.3349948954
Germany,Mortalidad_Baja,0.77,0.19028222062145267,0.919475031362375,0.008859941281277256,0.652519850429044,1.0,0.05698292220113852,0.1191782084963024,0.0014753373585216002,0.06801711998043868,1.0,35084.4363546269
Germany,Mortalidad_Baja,0.73,0.191290690312983,0.9158807898258543,0.011679780709052021,0.6498810526546334,1.0,0.05540796963946869,0.12637318236980108,0.0020337394913019927,0.05266926124221352,1.0,34566.7359143735
Germany,Mortalidad_Baja,0.74,0.18966022321807216,0.9115886373113684,0.01016707665093831,0.6506825905885979,1.0,0.05757115749525616,0.12360535193680594,0.0017535303352402562,0.062337042920740715,1.0,30711.1022511331
Germany,Mortalidad_Baja,0.76,0.19022359309058187,0.9094251132796751,0.011078223797769694,0.649539469590472,1.0,0.060569259962049336,0.12070922792075964,0.0018556034746104713,0.05856711037890212,1.0,25486.5942008748
Germany,Mortalidad_Baja,0.8,0.19492865585962543,0.9108558307845038,0.0133815308077385,0.638080436982527,1.0,0.06527514231499051,0.11750343588722652,0.002118773991754141,0.04939878401349587,1.0,23878.3641471651
Germany,Mortalidad_Baja,0.79,0.18955817412838505,0.9050980652162917,0.012278353209102413,0.6298233417763612,1.0,0.06595825426944972,0.1157200782292482,0.001972951962441505,0.05534318892704908,1.0,23925.8559901991
Germany,Mortalidad_Baja,0.9,0.19074685185990614,0.8835675115460646,0.012734969314640458,0.6124075594306859,1.0,0.0905123339658444,0.10221196383120917,0.001794537817903819,0.06486970461233796,1.0,31747.2449398447
Ghana,Mortalidad_Alta,0.454,0.0162175692176511,0.7236712211173901,0.2466280993623235,0.4142286587448642,0.0,0.2515521821631878,0.017665011189310364,0.06725014668830955,0.016566074644509165,0.0,2229.89122647803
Ghana,Mortalidad_Alta,0.32299999999999995,0.016345916730574644,0.7099363330710351,0.24844842206826323,0.4432591197757402,0.0,0.1850967741935484,0.02502063965620168,0.09522171898463619,0.017096135604678753,0.0,2445.18662529344
Ghana,Mortalidad_Alta,0.322,0.01658798954870527,0.7102653980971456,0.23827722960446787,0.4417331201468607,0.0,0.19185578747628085,0.025460045091525954,0.09161223215411006,0.018810738527692213,0.0,2195.45481659987
Ghana,Mortalidad_Alta,0.355,0.015988750147239973,0.7123542456541954,0.2189071653144687,0.4411968581540363,0.0,0.21960151802656547,0.022281194121320187,0.07635040828163629,0.02168420534712023,0.0,2186.65822682613
Ghana,Mortalidad_Alta,0.329,0.015813526769210086,0.7078188711638886,0.22920022182820832,0.42451932060610004,0.0,0.21163377609108158,0.023785772377697623,0.08625209001250854,0.021515417328437245,0.0,2195.32166016377
Ghana,Mortalidad_Alta,0.355,0.014477740155399498,0.7033979540739681,0.24723647591132655,0.42228826210109566,0.0,0.23644212523719163,0.020233338940645516,0.08621628423736763,0.020521842397106808,0.0,2012.28662641265
Ghana,Mortalidad_Alta,0.48,0.014765955663592057,0.699005651334144,0.2634683371701532,0.4272262833044681,1.0,0.33153700189753316,0.015253132823975767,0.06794488539346077,0.019883991725097156,0.0,1912.47991339951
Ghana,Mortalidad_Alta,0.46,0.014831393457436238,0.6940410615923884,0.25256373404125965,0.3884503279145928,0.0,0.3290702087286528,0.015984755833185545,0.06796825236510827,0.021747544947191184,0.0,1722.77282833606
Ghana,Mortalidad_Alta,0.40399999999999997,0.014462180279181159,0.6891337005508262,0.24751569918891664,0.3530846269353987,0.0,0.29974193548387096,0.01776076494616963,0.07584480595604626,0.023206921485457527,0.0,1949.90832923846
Ghana,Mortalidad_Alta,0.39,0.014569683328309994,0.6829100794048213,0.2574638815409704,0.3892859671771273,0.0,0.2997153700189753,0.018530953130053367,0.08172104380112885,0.023096485757243927,0.0,2294.79584693743
Ghana,Mortalidad_Alta,0.41000000000000003,0.014832075572111853,0.6771585950354102,0.2797543488446126,0.4690394220663584,1.0,0.3275332068311195,0.017934916749883675,0.0844561067145952,0.02195545687708061,0.0,1543.77524235764
Ghana,Mortalidad_Alta,0.39,0.01363298880865854,0.6717504828671577,0.2991496967113861,0.4492211055895444,0.0,0.32487666034155593,0.017375390123252572,0.09493557283317634,0.021329640488547505,0.0,1507.43573198753
Ghana,Mortalidad_Alta,0.39,0.013290126874265961,0.667172186851706,0.3545183773785387,0.4758605026020133,0.0,0.3381973434535105,0.016952414906133067,0.1124876114619308,0.018338589086936162,0.0,1263.89251760539
Ghana,Mortalidad_Alta,0.37,0.012265439347229998,0.6618928392588883,0.3919112072395548,0.4730674242377201,0.0,0.33349146110056926,0.016536314533919006,0.13106239992795068,0.017046660966728695,0.0,1047.70430093586
Ghana,Mortalidad_Alta,0.33,0.012319033934764263,0.656885327991988,0.37184843862736827,0.45297272714027503,0.0,0.30808349146110053,0.018618855188029606,0.13943243730369012,0.018911120425224734,0.0,1182.65761256016
Ghana,Mortalidad_Alta,0.4,0.01180372685572727,0.652650404177695,0.345094718252183,0.46431423524037196,0.0,0.38481973434535105,0.014740734403219772,0.10676277604204037,0.021361261714335448,0.0,1050.12461524926
Ghana,Mortalidad_Alta,0.36,0.012314305785577686,0.648258101437871,0.3582436556632861,0.4449542970941619,0.0,0.3559013282732448,0.017060964914020666,0.12314091389662182,0.021112916049714076,0.0,906.441027564887
Ghana,Mortalidad_Alta,0.33,0.011702665314112865,0.6434365834465983,0.47366170378452854,0.2561743836446433,1.0,0.3343833017077799,0.017720212926598318,0.1775757513389464,0.015628652333006737,0.0,478.611909191028
Ghana,Mortalidad_Alta,0.39,0.012087797695274903,0.6388296730810501,0.47998207850074837,0.2534795782024719,0.0,0.40554079696394685,0.015469148919100041,0.1522599828110272,0.015869324761730724,0.0,406.132105329565
Ghana,Mortalidad_Alta,0.34,0.012599485626913603,0.6345089062164675,0.4621753895576101,0.25790904938243386,0.0,0.3632258064516129,0.0184681036987098,0.16817626886532963,0.017152404551482713,0.0,358.39927142073
Ghana,Mortalidad_Alta,0.35000000000000003,0.013644956317663678,0.6301452178267402,0.4444951472016347,0.2595892385217047,0.0,0.38519924098671726,0.01937760013366108,0.15712600649230302,0.018607581368236432,0.0,297.46164468774
Ghana,Mortalidad_Alta,0.33,0.01408214183388091,0.6257672222619644,0.44567747239161165,0.2589597508620904,0.0,0.3744592030360531,0.02118940017770657,0.1670917409852107,0.01922765346609317,0.0,263.542156494853
Ghana,Mortalidad_Alta,0.33,0.014498037098892186,0.6219901280492166,0.44605362013292943,0.25503865972027884,0.0,0.38698292220113856,0.02179575982832168,0.1672326609468541,0.019961536762595662,0.0,253.746936203344
Ghana,Mortalidad_Alta,0.7000000000000001,0.0168116078195762,0.600858430502897,0.4904376872738128,0.24285107501725206,0.0,0.9005692599620493,0.01186531919746259,0.08667718928185947,0.019911954920225967,0.0,371.537243033836
Greece,Mortalidad_Baja,0.523,0.09054069457619834,0.9460305440739509,0.047171460532961014,0.6994279664275646,1.0,0.032749525616698284,0.08370711459920528,0.011228504623989204,0.008371765743207676,0.6666666666666666,20971.8349258283
Greece,Mortalidad_Baja,0.536,0.08879320871944506,0.9359457304423535,0.044367475914331544,0.7124832091763853,1.0,0.03356356736242884,0.08010831582894562,0.010309417918742899,0.009104116269647312,0.6666666666666666,20654.7001960815
Greece,Mortalidad_Baja,0.512,0.08496278185178875,0.9531841315980942,0.049329669508379366,0.7207961412607496,1.0,0.03303225806451613,0.08026393213631694,0.011990878575198777,0.008202786064175316,0.6666666666666666,17886.733165236
Greece,Mortalidad_Baja,0.37700000000000006,0.0950826098567129,0.9582090906394434,0.04600997649224368,0.721479383828559,1.0,0.025037950664136624,0.12192058797915446,0.015196053796578972,0.00938961193515557,0.6666666666666666,19335.3602002969
Greece,Mortalidad_Baja,0.379,0.09651278522176869,0.9603377191222375,0.044291491957032164,0.7191377684101363,1.0,0.025889943074003795,0.12309276646033179,0.014555287647762469,0.010255000330394235,0.6666666666666666,19873.4015238771
Greece,Mortalidad_Baja,0.413,0.09923655581106149,0.9531841315980942,0.04715848347565408,0.7242488058512917,1.0,0.028212523719165085,0.11613229940853856,0.014215262831718353,0.009436505505179615,0.6666666666666666,18631.9930129293
Greece,Mortalidad_Baja,0.43,0.09744356113872142,0.9546148491029229,0.043435954362386446,0.7175497571453946,1.0,0.029373814041745733,0.10953483827463184,0.012582983488767326,0.010520022064588394,0.6666666666666666,17919.2426377048
Greece,Mortalidad_Baja,0.4,0.09923634768410389,0.9495898900615736,0.04803510898360702,0.7246594823031054,1.0,0.02732447817836812,0.11990634880026456,0.014948204478345807,0.009205610459363618,0.6666666666666666,17980.7298238137
Greece,Mortalidad_Baja,0.332,0.09834276184057711,0.9545799535540238,0.04438932167771065,0.730992818552771,1.0,0.02267931688804554,0.14317051421901894,0.01665225548749364,0.010225341491849756,0.6666666666666666,21474.7257123892
Greece,Mortalidad_Baja,0.34,0.09854399130505426,0.9531492360491951,0.042086016924149115,0.7266625825277409,1.0,0.02258064516129032,0.14008655225618477,0.015422907494443559,0.010563771721078535,0.6666666666666666,21573.3449762805
Greece,Mortalidad_Baja,0.35000000000000003,0.11133546304610852,0.9438321244933601,0.0429417867668865,0.7232261818651547,1.0,0.02258064516129032,0.15366787909058624,0.015284538227278191,0.00990121154501846,0.6666666666666666,21624.346052551
Greece,Mortalidad_Baja,0.38,0.11153991748675496,0.945227946449291,0.03842074373825417,0.7270396695392238,1.0,0.024516129032258062,0.1417950693502409,0.012606964516775182,0.011441687914536572,0.6666666666666666,25504.7866510124
Greece,Mortalidad_Baja,0.47000000000000003,0.1149912244082372,0.9403076740546361,0.03655232881476719,0.727103676977287,1.0,0.029430740037950664,0.1181758411048291,0.009701387624365707,0.011733006325876757,0.6666666666666666,26653.0488008626
Greece,Mortalidad_Baja,0.46,0.122756028729075,0.9374462390449787,0.03669930780455895,0.727505181781833,1.0,0.02880455407969639,0.1288663192924841,0.009951789931963,0.011673326104143483,0.6666666666666666,29425.4573200263
Greece,Mortalidad_Baja,0.44,0.12716187336253207,0.9338868930573561,0.03630995464530425,0.7090676223077752,1.0,0.028387096774193547,0.13954154605776015,0.010294743590956602,0.012291090146487762,1.0,31695.8331092209
Greece,Mortalidad_Baja,0.43,0.12659222936814496,0.9267333055332125,0.03959641610507335,0.6805986212607674,1.0,0.028557874762808348,0.14214932285061188,0.011479061099632664,0.01142840061762037,1.0,28440.7625328955
Greece,Mortalidad_Baja,0.43,0.12711182664333237,0.9267333055332125,0.04125219626134216,0.6634599638239154,1.0,0.030189753320683112,0.14273070094939636,0.011955121673455192,0.01165004668036133,1.0,24416.0232970275
Greece,Mortalidad_Baja,0.43,0.12757470986691535,0.9238718705235551,0.05633266789607235,0.6863053256016919,1.0,0.031821631878557875,0.14324862161860855,0.016290973841246587,0.008263641309829418,1.0,22054.1315756886
Greece,Mortalidad_Baja,0.42,0.12566249350811695,0.9210104355138979,0.05725050608534993,0.667013101254228,1.0,0.03267552182163187,0.1444687791814624,0.016949028966199403,0.008662938503852488,0.6666666666666666,21449.2552764245
Greece,Mortalidad_Baja,0.42,0.12358751181251053,0.9181838960531383,0.06705035852267016,0.6517371087059346,1.0,0.03506641366223909,0.14209180076884415,0.019833712953123642,0.007670858905062406,0.6666666666666666,18020.612039764
Greece,Mortalidad_Baja,0.49,0.12037816482543956,0.9153224610434809,0.0657465436973454,0.6635163597147686,0.0,0.04462998102466793,0.11864173664445568,0.016671361798152404,0.00890460444754234,0.6666666666666666,13782.195640943
Greece,Mortalidad_Baja,0.49,0.11944793573432477,0.9116933239580627,0.06753336245305455,0.6578646022859673,0.0,0.047419354838709675,0.11772835118194382,0.017122191395705533,0.00932603119028548,0.6666666666666666,12156.9572824221
Greece,Mortalidad_Baja,0.49,0.11612780952016272,0.9045397364339194,0.06930886940490695,0.6644365555283535,1.0,0.05113851992409867,0.11446834238767359,0.017570166928757708,0.009969248107782026,0.6666666666666666,11638.2010697215
Greece,Mortalidad_Baja,0.5,0.09919465669249841,0.9002126883705344,0.08661502999527768,0.6617024959514795,1.0,0.07020872865275142,0.0958849616679497,0.021497925537321008,0.010999659007531165,0.6666666666666666,12779.081491606
Guatemala,Mortalidad_Media,0.265,0.040751898812628196,0.8089419844051793,0.11461071741057548,0.6304979518719248,0.0,0.0925237191650854,0.07480776543941754,0.05362302832794112,0.02359743416584614,0.3333333333333333,5358.70127494396
Guatemala,Mortalidad_Media,0.30100000000000005,0.04243984893300734,0.7610415623435152,0.1157672850409181,0.6329681886881148,0.0,0.10851992409867173,0.06855872826384918,0.04768468545630448,0.024197876733950283,0.3333333333333333,4912.62225721201
Guatemala,Mortalidad_Media,0.29600000000000004,0.037777706746189965,0.7912726232205451,0.12529480344083116,0.6337524475853387,0.0,0.11064895635673624,0.06213882430240625,0.05246955614776799,0.023048546514111767,0.3333333333333333,4477.61761796418
Guatemala,Mortalidad_Media,0.264,0.03906903412309479,0.8151369912010873,0.11874433659889745,0.6393884445748687,0.0,0.10219354838709677,0.07202418642627674,0.05576191933849895,0.025485977463749636,0.3333333333333333,4511.99755157656
Guatemala,Mortalidad_Media,0.273,0.03824547182384252,0.8130910651691823,0.11908327914549387,0.6455051489885762,0.0,0.10878557874762809,0.06819833947228962,0.05407710831778644,0.02624856912555079,0.3333333333333333,4352.94651790253
Guatemala,Mortalidad_Media,0.275,0.03749577175275129,0.8143357893983831,0.12238359661116345,0.6388356404691429,0.0,0.11323529411764706,0.06639071014848248,0.05516753708316786,0.026412341746804763,0.3333333333333333,4324.99608157801
Guatemala,Mortalidad_Media,0.32,0.03823252206893067,0.8090707489806137,0.12194202701521396,0.6321391902103185,0.0,0.1366223908918406,0.05816223809881458,0.0472390029054718,0.02761907172845464,0.3333333333333333,4060.13754974186
Guatemala,Mortalidad_Media,0.29,0.03608433871072324,0.8047785964661278,0.12580967653666722,0.6271468072807915,0.0,0.12821631878557876,0.060615054893566916,0.05377463098518434,0.027736677583673777,0.3333333333333333,3893.50522093509
Guatemala,Mortalidad_Media,0.287,0.03464678745530786,0.8051648901924313,0.1271699051072727,0.6208707717111281,1.0,0.13124667931688805,0.05883874687975539,0.05492268168136708,0.028459877441638796,0.3333333333333333,3689.14471813777
Guatemala,Mortalidad_Media,0.27,0.03384369418330178,0.8042492309893412,0.1307354655717423,0.6201938812075792,0.0,0.12859582542694498,0.061112333435354195,0.06001342249387881,0.028877873489813924,0.3333333333333333,3444.15971264862
Guatemala,Mortalidad_Media,0.32,0.03361637571770514,0.8020173116818083,0.13537410522616422,0.6052410893077995,0.0,0.1584819734345351,0.051221752634495875,0.05242845170492735,0.029016133569980777,0.3333333333333333,3286.61959336267
Guatemala,Mortalidad_Media,0.34,0.03269836102545666,0.7962801344874453,0.14215741982219024,0.598958979052925,0.0,0.17483870967741935,0.04690964309012806,0.051810981474866895,0.028656862699941617,0.3333333333333333,3168.98370607705
Guatemala,Mortalidad_Media,0.31,0.032687743121061916,0.7900422061663923,0.1418462051067949,0.6045766131744034,0.0,0.16588235294117645,0.05143280672238172,0.056700831807814336,0.03002688585407661,0.3333333333333333,2805.25960237322
Guatemala,Mortalidad_Media,0.28,0.03302433314839487,0.7870520065813005,0.14962251892453332,0.5985071877672788,0.0,0.15567362428842504,0.057521831539694465,0.06620947384694355,0.029531126979821215,0.3333333333333333,2611.64632773352
Guatemala,Mortalidad_Media,0.26,0.03141901818117065,0.7844337935474639,0.14310560466014435,0.5882700169959663,0.0,0.14998102466793167,0.05897596737254521,0.06820368810524807,0.03231154963798017,0.3333333333333333,2763.05988172926
Guatemala,Mortalidad_Media,0.25,0.03298188087823633,0.7816582015880964,0.1469521870638075,0.57657208929628,0.0,0.14990512333965844,0.06434275149148519,0.07283406564313835,0.03275050290349769,0.3333333333333333,2458.81573919384
Guatemala,Mortalidad_Media,0.22,0.03142027026516108,0.7743758494885185,0.1445661042113032,0.5732804866826364,1.0,0.13692599620493356,0.06970160876822272,0.0814251008335765,0.034735837078710044,0.3333333333333333,2225.1234753878
Guatemala,Mortalidad_Media,0.24,0.031873475838313375,0.7654624794334357,0.15900487417212655,0.5677723191296377,0.0,0.15483870967741936,0.06480168180076905,0.0820775178475232,0.032554372831728906,0.3333333333333333,2046.46611650758
Guatemala,Mortalidad_Media,0.25,0.0318398136874192,0.7665784390872021,0.16512481505707072,0.5532259154830375,0.0,0.16745730550284627,0.06214483137119968,0.08182087907090041,0.03254835406647871,0.3333333333333333,1840.91184884
Guatemala,Mortalidad_Media,0.29,0.03157746542854488,0.7659918449102223,0.170131176662433,0.5518444638926063,0.0,0.20140417457305504,0.053137878822173835,0.07266952461010266,0.03277693164666084,0.3333333333333333,1722.54701910774
Guatemala,Mortalidad_Media,0.32,0.03165264700086866,0.7607124973174044,0.17900476604647708,0.5460886723389448,0.0,0.23013282732447818,0.04826923995875489,0.06928504506728882,0.03220979387379178,0.3333333333333333,1669.33517469705
Guatemala,Mortalidad_Media,0.32,0.028210364887909904,0.7550039344731383,0.17902830530380362,0.5512668392812707,0.0,0.23863377609108158,0.04309368720299539,0.06929413939869122,0.033516745660566366,0.3333333333333333,1537.68663578252
Guatemala,Mortalidad_Media,0.31,0.028134355033633495,0.7502253380070105,0.2884866294065552,0.5808382325935557,1.0,0.24,0.04436583699126236,0.11518253503816528,0.02043545619542597,0.3333333333333333,1648.96578971559
Guatemala,Mortalidad_Alta,0.5,0.02351615297300684,0.7010086558409041,0.30531321038398895,0.5671546725810346,0.0,0.46774193548387094,0.02306293012041712,0.07557375168841454,0.023801693403502442,0.3333333333333333,1421.06177809796
Guinea,Mortalidad_Alta,0.256,0.017375449338390383,0.654796480434938,0.3588622327662216,0.35429374634708494,0.0,0.3065199240986717,0.03350391854223612,0.1734656422540161,0.026216792372546253,0.0,1416.59612011764
Guinea,Mortalidad_Alta,0.22,0.01794115735323315,0.6396451820588023,0.34227787205625154,0.3388802551582671,0.0,0.2696774193548387,0.04022354944603992,0.1925311836863547,0.028381380074712227,0.0,1244.96550477914
Guinea,Mortalidad_Alta,0.161,0.01877155578462263,0.6393161170326918,0.33255507859543515,0.34559398525112844,0.0,0.20163187855787473,0.057445394226587294,0.2556200001759116,0.030013477310322334,0.0,1053.66097696415
Guinea,Mortalidad_Alta,0.255,0.016739985952963193,0.6397310251090922,0.33412436483925806,0.3278753991522874,0.0,0.3261290322580645,0.03243633012732002,0.1621522852196636,0.030560535432355027,0.0,1031.34146480732
Guinea,Mortalidad_Alta,0.269,0.012970907179538556,0.6349238142928677,0.2899908912229054,0.3264057401292825,1.0,0.34964895635673626,0.024006901161348525,0.13342958928673826,0.03634489128393258,0.0,933.273615633705
Guinea,Mortalidad_Alta,0.275,0.013184206320070833,0.6302310608770298,0.2594714495968334,0.35910312741274364,0.0,0.36214421252371914,0.023856292774146318,0.11679783665696024,0.04158443253138436,0.0,833.598621691121
Guinea,Mortalidad_Alta,0.25,0.01872589918926836,0.6270119464911652,0.2222826327504419,0.40457393252998763,0.0,0.33301707779886147,0.03690696729197047,0.1100868317849924,0.04968690866086975,0.0,711.996509782316
Guinea,Mortalidad_Alta,0.24,0.014264827237361829,0.6185564060376278,0.23352453487117752,0.44535961584524353,0.0,0.3260721062618596,0.02950165435724165,0.12046482299143965,0.04814555695148197,0.0,747.356966759448
Guinea,Mortalidad_Alta,0.192,0.014615734455180216,0.6140067243722727,0.2214457111590938,0.42081196709827506,0.0,0.2630436432637571,0.03775639681356486,0.14280332472022392,0.05140223108168363,0.0,765.146999389279
Guinea,Mortalidad_Alta,0.21,0.014264827237361829,0.6122612490163817,0.2217172487405843,0.42277382819491155,0.0,0.28810246679316887,0.03371617640827617,0.1307228993172307,0.051411008880762235,0.0,748.455020824734
Guinea,Mortalidad_Alta,0.2,0.01855339336489145,0.6073681951498675,0.21268623358698296,0.4079230261038659,1.0,0.27666034155597724,0.04571872256107086,0.13167646919552137,0.054203934113954834,0.0,699.353377212197
Guinea,Mortalidad_Alta,0.18,0.02001987949471703,0.6025180628084983,0.20304361324651515,0.4267768976658022,0.0,0.2513851992409867,0.05471839690623556,0.13968425196401937,0.05750886795181086,0.0,636.694958747648
Guinea,Mortalidad_Alta,0.16,0.029849469577274277,0.5975534730667429,0.22095383303872324,0.4213913950891282,0.0,0.22588235294117648,0.091116239916509,0.17098391797600906,0.05319442651576927,0.3333333333333333,659.235326211315
Guinea,Mortalidad_Alta,0.19,0.029849469577274277,0.5921310537234423,0.20672471323856065,0.4313806080753143,0.0,0.2714800759013283,0.07672946519284969,0.1347277056416065,0.057807369614501405,0.3333333333333333,662.185914665575
Guinea,Mortalidad_Alta,0.19,0.01894365698852253,0.5871378496315902,0.20190784501363296,0.4249176967340762,0.0,0.2754459203036053,0.049113216353609615,0.1315934157475454,0.06017683735589906,0.0,703.532825784369
Guinea,Mortalidad_Alta,0.3,0.029395026962650627,0.5804134773588954,0.21253478426666897,0.44601975551431894,1.0,0.44231499051233397,0.04786651169563169,0.08772189993878923,0.058033947641936444,0.3333333333333333,650.148575304743
Guinea,Mortalidad_Alta,0.25,0.016040098596343068,0.5752915086916088,0.1969032978267896,0.4385205692507199,0.0,0.3761859582542694,0.03173811627363267,0.09753612376609165,0.06425822539791652,0.0,446.980554135013
Guinea,Mortalidad_Alta,0.25,0.010016939578634296,0.5688103583947348,0.19306352910337166,0.22277559978150624,0.0,0.38614800759013285,0.020146484450964272,0.09563726328559842,0.0674242586951745,0.0,463.17768685098
Guinea,Mortalidad_Alta,0.25,0.009637094370227094,0.5624150511481507,0.20203076463600117,0.23338518120820084,0.0,0.39753320683111953,0.019415468418925996,0.10007178275765354,0.06628302590459083,0.0,584.897740538081
Guinea,Mortalidad_Alta,0.25,0.010297431160061887,0.556892481579512,0.18003450220386352,0.2436569885455938,0.0,0.4108159392789374,0.02068629340033906,0.08919408765164065,0.07737789284430813,0.0,566.48540588068
Guinea,Mortalidad_Alta,0.25,0.010296276056101686,0.5513269904857285,0.18742651536305022,0.23471780590633823,1.0,0.42552182163187857,0.020684070390821263,0.09284962075019959,0.07697586146104386,0.0,495.916073559269
Guinea,Mortalidad_Alta,0.3,0.008537070486780905,0.5437298805350883,0.18837319627545795,0.23959532683238638,0.0,0.530550284629981,0.014415384232082282,0.077764814871256,0.07968976971187514,0.0,483.085120214741
Guinea,Mortalidad_Alta,0.3,0.011299507616416318,0.5401673939480649,0.18178660933919813,0.2502954415848584,0.0,0.5521821631878557,0.018845666586941912,0.07505045659096007,0.08619751570107474,0.0,518.157066924026
Guinea,Mortalidad_Alta,0.1,0.015865408422188563,0.503197653623292,0.16040785018000558,0.3146215232784262,0.0,0.21973434535104364,0.07850480806695198,0.19872055856165288,0.11775486365733796,0.0,713.031460558683
Guinea-Bissau,Mortalidad_Alta,0.159,0.017458094609157954,0.7001931468631517,0.4889944755051705,0.43002550282467444,0.0,0.13365654648956357,0.054193497272926126,0.380475512768239,0.011910525237570855,0.0,873.437861875428
Guinea-Bissau,Mortalidad_Alta,0.20199999999999999,0.017560663657257117,0.672265541168896,0.4912420950050312,0.42742461018274447,1.0,0.17516888045540796,0.04290155873693541,0.3008588236164636,0.012319529935944946,0.0,912.484104692847
Guinea-Bissau,Mortalidad_Alta,0.14800000000000002,0.01970456490486451,0.6678303169039272,0.45207068861113076,0.472572616885088,0.0,0.13199240986717267,0.06552435740414252,0.3779099686502075,0.014154997281445392,0.0,836.26731423732
Guinea-Bissau,Mortalidad_Alta,0.253,0.019369046181216633,0.6795335860934257,0.3930398980962183,0.47119364562544486,0.0,0.231876660341556,0.037692401511432334,0.19222383142486846,0.01733000683784152,0.0,807.425524872835
Guinea-Bissau,Mortalidad_Alta,0.273,0.019369046181216633,0.6722512339938478,0.4115803768391385,0.43898758070716637,1.0,0.25901328273244784,0.034931053415356704,0.1865377675016269,0.0170948289395661,0.0,808.531613218504
Guinea-Bissau,Mortalidad_Alta,0.287,0.017819225936422746,0.6650404177695113,0.4598098825843219,0.4405374130181082,0.0,0.2815540796963947,0.030628976689735944,0.19821421953639182,0.01557772905417946,0.0,783.123186602022
Guinea-Bissau,Mortalidad_Alta,0.19,0.0177274023198294,0.6574719221689675,0.4596867791768112,0.44444904149921227,0.0,0.1925237191650854,0.046033354921077727,0.2993276925683765,0.016203753975959835,0.0,679.665386626818
Guinea-Bissau,Mortalidad_Alta,0.19,0.030600958035588446,0.6496315902425065,0.44461412871236516,0.4408403606244312,0.0,0.19937381404174573,0.0786324221798445,0.28952006366481897,0.01758206231489871,0.3333333333333333,645.066837207039
Guinea-Bissau,Mortalidad_Alta,0.20199999999999999,0.03052498542071636,0.6411188210887759,0.4404128269337976,0.42546657058710396,0.0,0.21924857685009488,0.07378023610597995,0.2697495060380072,0.018505515801990797,0.3333333333333333,652.022501029449
Guinea-Bissau,Mortalidad_Alta,0.22,0.03052498542071636,0.6325774375849487,0.4889568658473456,0.40454517815531005,0.0,0.2479696394686907,0.0677436713336725,0.2749588945634127,0.01709743140333387,0.3333333333333333,654.304534409417
Guinea-Bissau,Mortalidad_Alta,0.21,0.01279257881846925,0.6238643679805422,0.4816635451654112,0.4028954718658229,0.0,0.24626185958254268,0.030343131993350623,0.2837584523631723,0.018242803942610127,0.0,635.461653303881
Guinea-Bissau,Mortalidad_Alta,0.19,0.014155340728977846,0.6151799127262321,0.475058587947526,0.4084478577047134,0.0,0.23290322580645162,0.03698800034898535,0.3093299809087875,0.01953185175110907,0.0,719.539573498937
Guinea-Bissau,Mortalidad_Alta,0.19,0.01063758073088856,0.6056799484941697,0.4799904669540736,0.39166337944462976,1.0,0.24444022770398482,0.02808015100961964,0.3125391072139163,0.020416873784430294,0.0,600.194298540768
Guinea-Bissau,Mortalidad_Alta,0.22,0.011388708809396169,0.5956363116102725,0.4951934545720194,0.38337034246536134,0.0,0.29681214421252367,0.025893714230411494,0.2784636072626878,0.02080820151062735,0.0,583.190020139094
Guinea-Bissau,Mortalidad_Alta,0.1,0.012848723279151422,0.5813720580871307,0.4838685599410732,0.40007149680593435,0.0,0.1413662239089184,0.06399070367414518,0.5986188356451617,0.02255203716672566,0.0,640.210331101753
Guinea-Bissau,Mortalidad_Alta,0.1,0.0025870653708164435,0.5752199728163674,0.4827269907826302,0.386361822060171,0.0,0.14800759013282733,0.014619036740785192,0.5972075002778147,0.023830630105142327,0.0,519.069789794741
Guinea-Bissau,Mortalidad_Alta,0.1,0.002499719974090601,0.5640460691036553,0.49931979058978226,0.3765736108501194,0.0,0.15464895635673623,0.014198793942415565,0.6177213736931457,0.024106643334577467,0.0,448.513075469701
Guinea-Bissau,Mortalidad_Alta,0.1,0.0024709712315821157,0.5477358895486086,0.5109300737280595,0.3715728429593248,0.0,0.16129032258064516,0.01406047581170406,0.632075303191657,0.024634544720600282,0.0,463.073962650452
Guinea-Bissau,Mortalidad_Alta,0.1,0.002505925177368551,0.5456041204664137,0.4675551976047583,0.4169997737762202,0.0,0.16755218216318785,0.014228648887126197,0.5784504340592311,0.028409537896365848,0.0,431.376557669634
Guinea-Bissau,Mortalidad_Alta,0.1,0.014861827723994171,0.5368195149867658,0.4655222458318021,0.375741726517169,0.0,0.17362428842504743,0.07367630448452825,0.5759370718892182,0.029702173390076775,0.0,419.78486611807
Guinea-Bissau,Mortalidad_Alta,0.1,0.012768063688146508,0.5285499678088561,0.44610977335053825,0.4032299831827544,1.0,0.1793168880455408,0.06360262813141628,0.5519372040075122,0.032266456915986376,0.0,362.034574570354
Guinea-Bissau,Mortalidad_Alta,0.1,0.013262765635896004,0.5206237928321054,0.46497204548799587,0.4332754032088443,0.0,0.18500948766603414,0.06598277566836876,0.5752568527377132,0.03190797273230056,0.0,327.138431972397
Guinea-Bissau,Mortalidad_Alta,0.1,0.010549856712214976,0.513627584233493,0.467389626727222,0.41829829490776926,0.0,0.19032258064516128,0.05293022246527211,0.5782457368373929,0.03273191026164812,0.0,316.945495037639
Guinea-Bissau,Mortalidad_Alta,0.23199999999999998,0.012441405232447097,0.48452679018527783,0.6552009332179916,0.2777678663929805,0.0,0.4970170777988615,0.026737493185544938,0.349327182061234,0.025637845679500774,0.0,589.487023081945
Guyana,Mortalidad_Media,0.41500000000000004,0.19756397607790077,0.7900851276915373,0.1266048628709188,0.14619963851087542,0.0,0.193719165085389,0.22956788906889614,0.03781434411272925,0.02926316046950079,1.0,17913.4928066879
Guyana,Mortalidad_Alta,0.385,0.18860346481047494,0.7104656985478215,0.16995482585646723,0.278174723545869,0.0,0.18482922201138519,0.2362585060053588,0.05468145371305102,0.021663608751994683,1.0,9860.87014834386
Guyana,Mortalidad_Media,0.341,0.11153318916120508,0.7595106946133485,0.21293084944502907,0.3702607339992819,0.0,0.16952941176470587,0.15800260753684697,0.0773182873464206,0.017341663949769083,0.6666666666666666,6775.70939096303
Guyana,Mortalidad_Media,0.332,0.06035993958417032,0.7783389369768936,0.22235083756414525,0.4363179572062065,0.0,0.17009487666034157,0.0881265878178523,0.08292210899857462,0.01707205200075463,0.6666666666666666,6405.82443444562
Guyana,Mortalidad_Media,0.348,0.06238754513387372,0.7749338293154016,0.2469072200773048,0.45046803919797695,0.0,0.18357495256166984,0.08687805781073249,0.08783354775440763,0.015592136401347984,0.6666666666666666,6048.38697180418
Guyana,Mortalidad_Media,0.33899999999999997,0.076154830358512,0.7708419772515918,0.2876877964720552,0.43186777518971564,0.0,0.18397343453510437,0.10872384902081497,0.10503783246984523,0.013383615456834258,0.6666666666666666,6178.6650437298
Guyana,Mortalidad_Media,0.3,0.06793796536602101,0.7640603762787037,0.2576840683432681,0.4316279497742245,0.0,0.16793168880455409,0.10968008134433885,0.1063280967853066,0.015910092741273897,0.6666666666666666,5870.87823759835
Guyana,Mortalidad_Media,0.27,0.05680154929135587,0.7590528650118031,0.32166928560037533,0.42938185463878,0.0,0.1552371916508539,0.10202217564979835,0.14744072831986535,0.012509858334123264,0.6666666666666666,5640.41560569466
Guyana,Mortalidad_Media,0.244,0.052608229624950605,0.7535446026182129,0.31092423603168023,0.4371167689012446,0.0,0.14445540796963946,0.10462485925755655,0.1577072686050063,0.013541592510795746,0.6666666666666666,5472.68820452237
Guyana,Mortalidad_Alta,0.25,0.06399519356392828,0.7446169253880819,0.3242567475584812,0.41631484010485453,0.0,0.15180265654648956,0.12402819250290074,0.16051555043706422,0.01326387908546237,0.6666666666666666,5556.91231156932
Guyana,Mortalidad_Alta,0.27,0.04600560765112755,0.7407969096501894,0.3216298814238206,0.4168014301464794,0.0,0.16753320683111955,0.08278430403769187,0.14742268541372147,0.013764378346548692,0.3333333333333333,5444.39751913913
Guyana,Mortalidad_Alta,0.26,0.07125059750542315,0.7411688962014449,0.32471270405162145,0.4144992377812745,0.0,0.16428842504743832,0.1326839350246107,0.1545586847938259,0.013912689368339405,0.6666666666666666,4947.22170589917
Guyana,Mortalidad_Alta,0.26,0.06085244643100379,0.7373774948136489,0.36071575453303395,0.40041508747624693,0.0,0.16724857685009487,0.11344225302160933,0.17167829804418203,0.0124752920032317,0.6666666666666666,4581.76179693492
Guyana,Mortalidad_Alta,0.26,0.0322825548742073,0.734888046355247,0.3720512113547231,0.39374584726003875,0.0,0.17070208728652753,0.06057393400396025,0.17706835900314488,0.012310889098041658,0.3333333333333333,4209.13230624565
Guyana,Mortalidad_Alta,0.25,0.06909876857215928,0.7304671292653264,0.4012027049822788,0.3771302351692989,0.0,0.16698292220113853,0.13385007538875046,0.1985672270379684,0.011428463792270407,0.6666666666666666,4008.9628671603
Guyana,Mortalidad_Alta,0.25,0.030207147560710003,0.7267615709278203,0.3842084826135437,0.3892538806347151,0.0,0.17030360531309297,0.05900274852488719,0.190163164299528,0.012385348432082598,0.3333333333333333,3608.28685240188
Guyana,Mortalidad_Alta,0.3,0.030122115682344918,0.7179769654481722,0.4299651234103325,0.3856105879251204,0.0,0.20777988614800758,0.04903258649629304,0.1773257945132513,0.01095148109469763,0.3333333333333333,3135.60553528326
Guyana,Mortalidad_Alta,0.3,0.029738892245253213,0.7114528936261533,0.36523934069330616,0.3588907934188727,0.0,0.21176470588235294,0.04841798860622625,0.15065204588337897,0.013796907165177464,0.3333333333333333,1084.06541388904
Guyana,Mortalidad_Alta,0.3,0.02870541291523204,0.7089062164675584,0.3982434099490131,0.3239954819746333,0.0,0.2157495256166983,0.0467605372236099,0.1642531521216515,0.012676123954273104,0.3333333333333333,1033.31030902188
Guyana,Mortalidad_Alta,0.3,0.02118744053200036,0.7075184204878746,0.4060782279319373,0.3300947139309966,0.0,0.22030360531309298,0.03470352421996948,0.16748191130639525,0.012698860862575058,0.3333333333333333,973.742598054188
Guyana,Mortalidad_Alta,0.3,0.01705530379282468,0.7084626940410617,0.3904973219725919,0.3201819812090717,0.0,0.22485768500948766,0.02807657431148294,0.16106095892019978,0.01368071994832576,0.0,950.866932470993
Guyana,Mortalidad_Alta,0.3,0.019267832590491134,0.7112812075255739,0.37601576460953706,0.3175766267409713,0.0,0.2299810246679317,0.03162493643953404,0.15509305239738552,0.014736050088832981,0.0,931.574723847673
Guyana,Mortalidad_Alta,0.3,0.019267832590491134,0.7069175191358466,0.3791271130872286,0.30448931349807035,0.0,0.23510436432637571,0.03162493643953404,0.1563752512941792,0.014986691220474217,0.0,931.796651718955
Guyana,Mortalidad_Alta,0.1,0.01942493850069212,0.6867873238429072,0.5167572138991293,0.17595321919172557,0.0,0.08823529411764706,0.09563068919113275,0.6392794650710276,0.011808665861298336,0.0,819.668541584905
Haiti,Mortalidad_Alta,0.14300000000000002,0.017069012326525437,0.7051005079047141,0.2562680127813089,0.4757043404272572,0.0,0.11260910815939279,0.05894802690325853,0.22184168127404919,0.02387437073337698,0.0,1760.62635668777
Haiti,Mortalidad_Alta,0.22,0.018396308171358112,0.6860004292152513,0.26140719448194744,0.5183485863364076,0.0,0.1774193548387097,0.04121893860146088,0.14708510679943193,0.023982757730731934,0.0,1835.44394078496
Haiti,Mortalidad_Alta,0.223,0.018037469832830583,0.702596752271264,0.257370877936541,0.541302254012302,0.0,0.18533965844402278,0.03989022183362026,0.1428686499440283,0.025257784306403387,0.0,1290.32538667383
Haiti,Mortalidad_Alta,0.203,0.018567008554321772,0.7105372344230632,0.24249940541333959,0.5463609571557206,0.0,0.17333965844402277,0.04507534559326009,0.14788734636039985,0.027837252932083535,0.0,1352.17204191532
Haiti,Mortalidad_Alta,0.24600000000000002,0.019017283436448734,0.706946133485943,0.23640712955656823,0.5364086322363896,0.0,0.21612523719165086,0.03807697082239968,0.1189753499462972,0.029561339095474502,0.0,1496.38048970156
Haiti,Mortalidad_Alta,0.19100000000000003,0.018603719576818147,0.7034408755991128,0.2379315839946413,0.536763292557628,0.0,0.17215370018975332,0.047999779272508473,0.1542220218882004,0.030197372137067968,0.0,1395.23945184461
Haiti,Mortalidad_Alta,0.19,0.018509505360572304,0.6961871378496316,0.22726345474086682,0.5330547421162802,0.0,0.17557874762808348,0.04801383569821482,0.14809206748863987,0.0326535934193876,0.0,1318.40268167953
Haiti,Mortalidad_Alta,0.19,0.01811843791671258,0.6947421131697544,0.2175994466392487,0.524430267643929,0.0,0.18026565464895636,0.047023554987385925,0.14180379022743647,0.035250410182463665,0.0,1411.12684746796
Haiti,Mortalidad_Alta,0.16899999999999998,0.018134901227178854,0.6910937835324413,0.22531765150910782,0.5172674099259444,0.0,0.1641897533206831,0.052913588168156105,0.16507059693735748,0.03482533875534034,0.0,1460.18898613914
Haiti,Mortalidad_Alta,0.18,0.018818773420686965,0.6861578081407826,0.24427240762253902,0.5089032598165127,0.0,0.1789753320683112,0.05150792320953499,0.1680018314337708,0.032695112379160625,0.0,1457.83221179626
Haiti,Mortalidad_Alta,0.22,0.018526053350802978,0.6811359896988338,0.24607461152836277,0.5081295874158763,1.0,0.2229222011385199,0.041502683987483906,0.13846881020486582,0.033113772414915324,0.0,1361.39396587374
Haiti,Mortalidad_Alta,0.18,0.018226935526741206,0.6712354245654195,0.25332899684504445,0.5106706347128127,0.0,0.18648956356736243,0.04992598133753346,0.17422225793215837,0.03286724163338689,0.0,1312.03953552013
Haiti,Mortalidad_Alta,0.14,0.017601293566774267,0.44226339509263884,0.25572819782511963,0.5251110699212388,0.0,0.20880455407969642,0.06204045025091915,0.22611873189082482,0.04827798291155785,0.0,1209.72733503094
Haiti,Mortalidad_Alta,0.16,0.017064431084935983,0.6728521353458758,0.23751386871440172,0.5154324179142082,0.0,0.17244781783681212,0.05267102303413215,0.18377977218508174,0.036826567220786255,0.0,1196.8528706018
Haiti,Mortalidad_Alta,0.18,0.016650452263952793,0.6669289648758852,0.23294711361934817,0.5098298814123309,0.0,0.19776091081593927,0.04571215030470146,0.16022316805524234,0.0384045042810945,0.0,1094.66058421644
Haiti,Mortalidad_Alta,0.18,0.016711670296204566,0.6642106016167106,0.24107821334794427,0.5205643968229449,0.0,0.20185958254269448,0.04587578188275902,0.16580793147667525,0.03783500861537358,0.0,984.566983448521
Haiti,Mortalidad_Alta,0.15,0.016614235952821407,0.6592030903498103,0.22388174477351092,0.5268176113014882,0.0,0.17191650853889942,0.05473841592342354,0.18479605363388488,0.04196441561207285,0.0,828.805700289589
Haiti,Mortalidad_Alta,0.15,0.016405155758230604,0.6531654624794334,0.22814300594745482,0.5455898052240559,0.0,0.17561669829222012,0.05406778759533666,0.1883082184816068,0.042076250889192646,0.0,775.845704056916
Haiti,Mortalidad_Alta,0.22,0.0161533004271535,0.6273982402174689,0.20026914763421372,0.5585277113539593,0.0,0.263415559772296,0.03631360723612536,0.11272797685940494,0.04955447646238156,0.0,683.185298155273
Haiti,Mortalidad_Alta,0.1,0.016110819464661624,0.6406037627870376,0.211274715384429,0.5547098242366781,0.0,0.12277039848197344,0.07968554829031367,0.26160786184777324,0.04807594283387963,0.0,578.995291079709
Haiti,Mortalidad_Alta,0.1,0.016313537854473703,0.6348951999427712,0.20021831066977497,0.5904255029263478,0.0,0.12618595825426945,0.08066088238471371,0.24793869875407282,0.052416652965588145,0.0,720.969568042522
Haiti,Mortalidad_Alta,0.1,0.01602079281170585,0.6284569711710422,0.20786323318885822,0.5808501498010022,1.0,0.12998102466793168,0.07925240522858215,0.2573902063145323,0.05198484775746152,0.0,748.821159844528
Haiti,Mortalidad_Alta,0.1,0.016611546922993665,0.622505186350955,0.21716431813145126,0.5783788557470658,0.0,0.13415559772296015,0.08209468622084996,0.26888924694391136,0.05132020725030477,0.0,820.600046761464
Haiti,Mortalidad_Alta,0.1,0.015233859645611712,0.5854066814507475,0.29777899864029295,0.4149679013002056,0.0,0.1590132827324478,0.07546625268653953,0.3685541239143988,0.04393321526538191,0.0,372.006104665125
Honduras,Mortalidad_Media,0.254,0.02615666207005264,0.8305315115530438,0.1575280327683689,0.5778166042254436,0.0,0.0660303605313093,0.050401129239109686,0.07683472694858273,0.011281125346823457,0.3333333333333333,3003.28996826399
Honduras,Mortalidad_Media,0.29100000000000004,0.025999895128692118,0.7844194863724157,0.13752938191939718,0.5881553145662044,0.0,0.07785768500948767,0.043733546140002015,0.05856894823449931,0.013884221832337265,0.3333333333333333,2735.14751503977
Honduras,Mortalidad_Media,0.28600000000000003,0.02482146037352555,0.8040489305386651,0.1539185803342513,0.5988166947205447,0.0,0.07923339658444023,0.0425156799239191,0.06667755174248828,0.012602818218647142,0.3333333333333333,2307.61494319511
Honduras,Mortalidad_Media,0.253,0.026632232252605546,0.8220759710995063,0.13430196881156994,0.588640284121342,1.0,0.07249146110056925,0.0515047302783892,0.06578875518010971,0.015544324789066396,0.3333333333333333,2502.32744328073
Honduras,Mortalidad_Media,0.282,0.025773024352044774,0.820316188568567,0.14660482283517354,0.5802825065839361,1.0,0.08347628083491461,0.0447422274387833,0.06441691972675313,0.014538102025008893,0.3333333333333333,2464.64241531918
Honduras,Mortalidad_Media,0.322,0.02449746022443157,0.817511982259103,0.16001479655395923,0.5747010372703463,1.0,0.09837191650853891,0.03727825791547958,0.06156354712554232,0.013570057315945393,0.3333333333333333,2413.0076562942
Honduras,Mortalidad_Media,0.29,0.02815440961969202,0.8147936189999283,0.15217000964655722,0.5921568558741293,1.0,0.09134724857685009,0.047458821661590295,0.06501242051431703,0.01498892233867302,0.3333333333333333,2307.34468351082
Honduras,Mortalidad_Media,0.26,0.030150101624074024,0.8106159238858286,0.15427181474260507,0.5973185844424135,1.0,0.08485768500948766,0.056627849067160806,0.07351327147465302,0.015392387743607542,0.3333333333333333,2271.20265980349
Honduras,Mortalidad_Media,0.237,0.027583660308409284,0.8064525359467771,0.15835162282183798,0.6123798400047178,1.0,0.0800493358633776,0.056913312420930666,0.08277570485742068,0.01554710280711494,0.3333333333333333,2179.88171977271
Honduras,Mortalidad_Media,0.26,0.028025815637798726,0.8026325202088846,0.15395731659933423,0.6217261746801372,1.0,0.09028462998102467,0.05269687757628698,0.07336372618588559,0.01662850885265946,0.3333333333333333,2081.12843527945
Honduras,Mortalidad_Media,0.24,0.02791407301774014,0.7982688318191571,0.17136087273289155,0.5948701891685202,1.0,0.08652751423149906,0.05686427380350445,0.08844246211404909,0.015293309934373485,0.3333333333333333,2126.03474686503
Honduras,Mortalidad_Media,0.25,0.027737864946770868,0.7933471636025466,0.17962955986414472,0.5901722763971968,1.0,0.09297912713472486,0.054250588596393895,0.0889938336621019,0.014999133947555735,0.3333333333333333,2073.66121088074
Honduras,Mortalidad_Media,0.26,0.025621759877060297,0.7883968810358393,0.14636512541856328,0.6178701598077361,1.0,0.09965844402277038,0.04824819471579146,0.06975360496005595,0.019836417938258386,0.3333333333333333,1893.32722662035
Honduras,Mortalidad_Media,0.25,0.02580872556971452,0.7891551613133985,0.13666866878943723,0.6227615104684525,1.0,0.099146110056926,0.05053793991358432,0.06774861184157446,0.022332705793909564,0.3333333333333333,1781.15703614674
Honduras,Mortalidad_Media,0.25,0.02672420554890997,0.7867801702553829,0.1534389717768207,0.6065181426218272,1.0,0.10246679316888045,0.052299790601679656,0.07604194091486677,0.02030185181638146,0.3333333333333333,1732.49062702803
Honduras,Mortalidad_Media,0.26,0.02691078886278411,0.7850919235996852,0.1504127290015112,0.5917232288291896,1.0,0.1105123339658444,0.05063353088358069,0.07167825876033873,0.021667488403527287,0.3333333333333333,1577.73789197407
Honduras,Mortalidad_Media,0.23,0.02571445852328001,0.782588167966235,0.14972339994632086,0.5758728523212958,1.0,0.10168880455407969,0.054735350008463725,0.08065706398448862,0.022790047684698927,0.3333333333333333,1425.84780051892
Honduras,Mortalidad_Media,0.23,0.024112500561301386,0.7802131769082192,0.15749831404891668,0.569540641727687,1.0,0.10518026565464897,0.051384279719663056,0.08483628906402599,0.022356425672236026,0.3333333333333333,1304.70039153826
Honduras,Mortalidad_Media,0.27,0.02492781697530553,0.7780957150010728,0.15369884117688998,0.5653061907226293,1.0,0.12859582542694498,0.04522465019727487,0.07052819699285011,0.024080287986261675,0.3333333333333333,1215.13995412761
Honduras,Mortalidad_Media,0.27,0.023558029305922625,0.7755776521925744,0.1466546613764035,0.5611753949186746,1.0,0.13423149905123338,0.04278375155243211,0.06730271466804241,0.026650124007538648,0.3333333333333333,1156.08162681357
Honduras,Mortalidad_Media,0.18,0.022228556164618447,0.7732885041848485,0.15385967608393708,0.5517933613232661,1.0,0.09324478178368122,0.06062203731448249,0.10590276331475358,0.026449270786591778,0.3333333333333333,1132.49965345317
Honduras,Mortalidad_Media,0.18,0.021775810243958894,0.7700980041490806,0.1662947921263506,0.5310236446807118,1.0,0.09700189753320683,0.05941187869402946,0.11444369671035644,0.025338235027868642,0.3333333333333333,1132.1648753329
Honduras,Mortalidad_Media,0.17,0.020722236434727186,0.7673939480649545,0.1815641932533337,0.5050339527317985,0.0,0.09548387096774195,0.0599249102463214,0.13228023185405233,0.02404252591489295,0.0,1092.56400746252
Honduras,Mortalidad_Media,0.3,0.022384266931270484,0.7476071249731739,0.25962710915635784,0.45224809668710997,1.0,0.20550284629981025,0.03662294487270897,0.10712883151651137,0.0200326822047112,0.3333333333333333,931.669547257738
Hungary,Mortalidad_Baja,0.444,0.12358189916400977,0.8756462219461592,0.03932962976071789,0.5833637873717218,1.0,0.026960151802656547,0.1344050809074161,0.011042822440400182,0.010256387058466524,0.6666666666666666,18483.6366867035
Hungary,Mortalidad_Media,0.48700000000000004,0.13184572861611676,0.8498584113103453,0.043432177347069445,0.5806085138591475,1.0,0.030495256166982922,0.1307018731718887,0.011109272984244786,0.009369272997716909,1.0,19030.628130329
Hungary,Mortalidad_Baja,0.47500000000000003,0.1254633186060096,0.8692254409488804,0.04222629940983047,0.5740499622745632,1.0,0.03064516129032258,0.12753907098201694,0.011076067024607148,0.01012320149159918,0.6666666666666666,16386.9308821258
Hungary,Mortalidad_Baja,0.353,0.12713690813010786,0.882101898492337,0.04175176831179796,0.5717480247674979,1.0,0.02344402277039848,0.17389877847992952,0.01473786118789325,0.01067390924197295,1.0,17012.8598553199
Hungary,Mortalidad_Baja,0.364,0.12665360803012152,0.8784727614069188,0.043606778267322656,0.5658486036073986,1.0,0.02486527514231499,0.16800477965166244,0.014922533132706271,0.01046628089603495,1.0,16605.0570511887
Hungary,Mortalidad_Baja,0.41500000000000004,0.12658984429385903,0.8749134154192961,0.04711642206825499,0.5641722299940726,1.0,0.029136622390891844,0.14728448506200129,0.01413422517655064,0.00980196216849298,1.0,14736.1668157258
Hungary,Mortalidad_Baja,0.54,0.1208184855388205,0.8784378658580212,0.04861964259639974,0.5599781597109015,1.0,0.04098671726755218,0.10804870629164208,0.011206571053491132,0.010429393956550393,0.6666666666666666,13215.8605277789
Hungary,Mortalidad_Baja,0.54,0.11887198805217487,0.8713540694316746,0.04727346307599099,0.5434669042499838,1.0,0.04303605313092979,0.10631442178042158,0.010898367801155304,0.01152370738345822,0.6666666666666666,12782.9412577973
Hungary,Mortalidad_Baja,0.48600000000000004,0.11202041725961746,0.8741457133435337,0.04960137040333691,0.5521740446405426,1.0,0.04149905123339658,0.11134425524418443,0.012701482575047529,0.011842091921524637,0.6666666666666666,14352.501883174
Hungary,Mortalidad_Baja,0.46,0.11186515797957862,0.8713191738827755,0.049313316740123535,0.5589345897119645,1.0,0.0410246679316888,0.11747523592637371,0.01334197417074573,0.012606948045393264,0.6666666666666666,13739.4620151401
Hungary,Mortalidad_Media,0.47000000000000003,0.11511451337882375,0.864130690809733,0.04888264902966994,0.5558862633635981,1.0,0.04280834914611006,0.1183020490298188,0.012944817368807666,0.01308762649260664,0.6666666666666666,12950.1594488143
Hungary,Mortalidad_Media,0.51,0.12024414840220188,0.8611994647022805,0.04995222472624964,0.5646035648341643,1.0,0.04838709677419355,0.11386269011302905,0.012188817772099745,0.013407363006610407,0.6666666666666666,14211.460557822
Hungary,Mortalidad_Media,0.51,0.1225936055749717,0.8518823531464439,0.037728018300118904,0.5721640972646098,1.0,0.049354838709677426,0.11607913845993928,0.009225498149615013,0.01921613532903443,0.6666666666666666,13189.8433874768
Hungary,Mortalidad_Media,0.53,0.11783530777214149,0.8475553050830602,0.037578281499009596,0.5748014355502402,1.0,0.053301707779886145,0.10737926845526766,0.008842437584147418,0.020191640544672644,0.6666666666666666,13051.1831777184
Hungary,Mortalidad_Media,0.52,0.12378004159122563,0.8446589745245052,0.043689319349266384,0.5697178915179113,1.0,0.05426944971537002,0.11494459175095614,0.010465397521683854,0.01769347681199949,0.6666666666666666,15762.6322515113
Hungary,Mortalidad_Media,0.5,0.12530852995332448,0.8367725804734973,0.04381229268272126,0.5628548779582699,1.0,0.05502846299810247,0.12101317125143746,0.010914420098040273,0.01877700713926773,0.6666666666666666,13934.605460375
Hungary,Mortalidad_Media,0.48,0.12765766367429093,0.8360048783977365,0.04445620598965258,0.5658098872841234,1.0,0.05555977229601517,0.12841003887720365,0.01153503709987881,0.019585158684285703,1.0,11478.4891640501
Hungary,Mortalidad_Media,0.48,0.128611059210714,0.8295840974004562,0.046815157771242455,0.556306158424224,1.0,0.058292220113852,0.1293656740699706,0.012142620394074008,0.019509224122604554,1.0,11212.2046968994
Hungary,Mortalidad_Media,0.49,0.1192643194204527,0.8295840974004562,0.05480962119856055,0.5462640343913872,1.0,0.0632258064516129,0.1175480596028342,0.013911883058161151,0.017420827670936237,0.6666666666666666,10291.2694721409
Hungary,Mortalidad_Media,0.53,0.11930569247960432,0.8245940339080047,0.04910750671414217,0.5605707623972511,1.0,0.07240986717267553,0.10871406589706764,0.011531818081404169,0.021170663188888213,0.6666666666666666,8410.09248198479
Hungary,Mortalidad_Media,0.52,0.11651659804858745,0.8252919448859704,0.05497375330353297,0.5610361733990705,1.0,0.07499051233396584,0.10822412433833963,0.013148297199114915,0.019790078775090533,0.6666666666666666,6658.04494326809
Hungary,Mortalidad_Media,0.52,0.11616953279967955,0.8238612273811416,0.06332200553408836,0.5455541687914066,1.0,0.07992409867172676,0.10790300382826129,0.015133113035446843,0.018081340837817157,0.6666666666666666,5280.94887987063
Hungary,Mortalidad_Media,0.5,0.11317316001675753,0.8095191567839557,0.06378138203468288,0.5328594854833,1.0,0.08254269449715369,0.10933584877638902,0.01585202407020423,0.019500727516980156,0.6666666666666666,4629.91760812548
Hungary,Mortalidad_Media,0.5,0.11572120823111094,0.7887074514210344,0.09180629722452942,0.5164049905262086,0.0,0.10341555977229601,0.11178772134694154,0.022781530474929243,0.016577049640038786,0.6666666666666666,4509.41740910077
Iceland,Mortalidad_Baja,0.853,0.7354226644545196,0.9650835137724014,0.05234873529272258,0.6537174240524389,0.0,0.0323719165085389,0.415063688250462,0.007634912639744636,0.0030776194119066604,1.0,75121.0152280628
Iceland,Mortalidad_Baja,0.9059999999999999,0.7317375890467192,0.9800537042497546,0.052870329337957905,0.6601677401552383,0.0,0.03438330170777988,0.38882597642832495,0.0072594544884543154,0.0030150691244831434,1.0,69178.4046960961
Iceland,Mortalidad_Baja,0.903,0.7459657890667423,0.9785880911960267,0.05848418718422024,0.6633977422322362,0.0,0.03426944971537002,0.3976986867847604,0.008052174540411811,0.0024120789033831636,1.0,59023.5663465778
Iceland,Mortalidad_Baja,0.838,0.7745990382356579,0.9800188087008557,0.054868388390550624,0.6753169356631087,0.0,0.03180265654648956,0.4449858713677489,0.008143303288201993,0.002786396866883497,1.0,68452.23622306
Iceland,Mortalidad_Baja,0.773,0.8045863147944613,0.9756917606374718,0.049092701613393123,0.671414368270569,1.0,0.029335863377609107,0.5010683909115065,0.00790431204545704,0.0034979337324722837,1.0,74452.1890731447
Iceland,Mortalidad_Baja,0.715,0.7529907921509433,0.9728303256278144,0.04748410981510113,0.6722058984323286,1.0,0.02713472485768501,0.5069955761386438,0.008267358204966917,0.0037267102555065524,1.0,72010.1490316258
Iceland,Mortalidad_Baja,0.79,0.7282313620822647,0.96630485798384,0.05756628338346233,0.6716497496418515,1.0,0.029981024667931688,0.4437840406711518,0.009060293777594586,0.0025026748650719918,1.0,61987.9263620283
Iceland,Mortalidad_Baja,0.78,0.7843508338173515,0.9700735772648514,0.06663095276722042,0.6605994621417292,1.0,0.029601518026565465,0.48408976675554066,0.010613215145950887,0.0017168550066687127,1.0,52951.6815110898
Iceland,Mortalidad_Baja,0.8420000000000001,0.8324448158279144,0.9756917606374718,0.06633045175198254,0.6520607235580079,1.0,0.03195445920303605,0.47592560512386334,0.009787596817282158,0.001739480506546392,1.0,54576.7448146565
Iceland,Mortalidad_Baja,0.8300000000000001,0.8447753582473546,0.9642460205988423,0.07362194850699941,0.6424869123874174,1.0,0.03149905123339659,0.4899541248400853,0.011015196185069558,0.0012423846212681346,1.0,49804.9829978371
Iceland,Mortalidad_Baja,0.85,0.8179008386721939,0.9764943582621317,0.08305603350334798,0.63203053356545,1.0,0.03225806451612903,0.4632139422362844,0.012128188058241481,0.0007282266414653858,1.0,45995.5478789467
Iceland,Mortalidad_Baja,0.87,0.8423987973890733,0.9685032775644309,0.08133657585447718,0.6230582401511874,1.0,0.03301707779886148,0.4661132122179041,0.011605035953461578,0.0008130846558132058,1.0,47714.5922308485
Iceland,Mortalidad_Baja,0.89,0.7896317505384963,0.9619080188226581,0.07935158902093394,0.6311223901603527,1.0,0.03546489563567363,0.4271132727875713,0.011068511263306376,0.0011264859106894288,1.0,43237.0729488958
Iceland,Mortalidad_Baja,0.92,0.8319601954050112,0.959814285888763,0.07118316328935953,0.6681645747137193,1.0,0.03666034155597723,0.43532195136989754,0.009609894511812638,0.0016323384924928418,1.0,41301.273219718
Iceland,Mortalidad_Baja,0.96,0.804322823299057,0.9577903440526647,0.06150023759194318,0.6248266538515077,1.0,0.04007590132827324,0.40333238869540994,0.007962491111079955,0.0026768816506562982,1.0,56943.3704468563
Iceland,Mortalidad_Baja,0.97,0.7044193477692986,0.9555570289231761,0.052605546627454,0.6368100825596877,1.0,0.04233396584440228,0.34962141770758987,0.006746732339013574,0.00399898185793192,1.0,69495.7267376825
Iceland,Mortalidad_Baja,0.9500000000000001,0.611421202867,0.9513346675064867,0.059832222467385336,0.5948668334887134,1.0,0.04146110056925996,0.30988294974468594,0.0078292345225093,0.003121960308142909,1.0,57492.9342498703
Iceland,Mortalidad_Baja,0.96,0.5043451878027537,0.9562549399011402,0.05920027722808552,0.6113538661606368,1.0,0.04371916508538899,0.25299122672668656,0.007666296524718127,0.0034724279691252797,1.0,56794.8501588953
Iceland,Mortalidad_Baja,0.9400000000000001,0.5050670180790928,0.9490315612792015,0.0665425810903976,0.6086258554287027,1.0,0.046375711574952565,0.2587434788464491,0.00879508757401449,0.0032311608078033735,1.0,47334.9306537723
Iceland,Mortalidad_Baja,0.92,0.5143410190411016,0.9485430235946262,0.08096469413235692,0.6108235091364757,1.0,0.04713472485768501,0.2692183128337449,0.010924353375148337,0.00227880954928376,1.0,39476.6978486684
Iceland,Mortalidad_Baja,0.91,0.5178566338632841,0.9419477648528549,0.0945124835446402,0.5970506530366786,0.0,0.048349146110056924,0.2740355022837584,0.012884982673381779,0.0016587681921096764,1.0,32409.2161491753
Iceland,Mortalidad_Baja,0.92,0.5065830642419428,0.9446347221180198,0.09418760570597451,0.572376428951612,0.0,0.052371916508538896,0.2651611758104348,0.012701270873648966,0.0020313849487913747,1.0,28897.4439396908
Iceland,Mortalidad_Baja,0.93,0.528835607861538,0.92980411383626,0.0879946800789435,0.5730568127720046,0.0,0.05647058823529412,0.27382214444084524,0.01174143067741396,0.0027858451542673904,1.0,32096.3722613695
Iceland,Mortalidad_Baja,0.45799999999999996,0.38962441726766045,0.9059216001702897,0.1108823248346707,0.51101180014728,0.0,0.03650094876660342,0.40977347230537026,0.030019993342352762,0.0030438684779780195,1.0,26633.5913761549
India,Mortalidad_Media,0.424,0.032602722638338015,0.8159811145289362,0.20907248852586927,0.4934666538386253,1.0,0.20596584440227705,0.03750769901972116,0.06105783558961155,0.017240570602110115,0.3333333333333333,2347.44829434623
India,Mortalidad_Media,0.48100000000000004,0.030887473456018652,0.7528006295157019,0.21953148297314182,0.4720527904434405,0.0,0.24460721062618598,0.0313472155647179,0.05651056146752145,0.017180462785656672,0.3333333333333333,2239.61384367482
India,Mortalidad_Media,0.47200000000000003,0.0285474920441261,0.7939194506044782,0.23593284241261836,0.47302729887329875,0.0,0.2525692599620493,0.029559705677240204,0.06188410891897666,0.016754262568173996,0.3333333333333333,1907.04251637669
India,Mortalidad_Media,0.478,0.030436935028348384,0.8023606838829671,0.21172306169912702,0.49756849832177596,0.0,0.26938519924098675,0.031090469081003876,0.054845639679081605,0.0202327057148705,0.3333333333333333,2041.42863698585
India,Mortalidad_Media,0.47200000000000003,0.03071287857444848,0.7976250089419845,0.20256119463164518,0.47871574456670496,0.0,0.28033396584440223,0.03176696667967662,0.05314305799403529,0.02262058311076921,0.3333333333333333,1966.25455171679
India,Mortalidad_Media,0.443,0.029619554756722115,0.7926604192002289,0.20922690981886172,0.47004215242199776,0.0,0.27740037950664137,0.03265909711996267,0.058482197688347566,0.023159169676238017,0.3333333333333333,1950.10468280866
India,Mortalidad_Media,0.38,0.028569698082531708,0.7875241433578939,0.20676500469688958,0.4709373757138269,0.0,0.2502087286527514,0.03674438162447484,0.06737696145329641,0.02485309867366436,0.3333333333333333,1707.50892912243
India,Mortalidad_Media,0.36,0.028379105791768867,0.7820444953143999,0.20436939454021116,0.47132901454906095,0.0,0.2500189753320683,0.03853101613505089,0.07029742570289577,0.026742283204663663,0.3333333333333333,1583.99815907985
India,Mortalidad_Media,0.315,0.027847102550706115,0.7764074683453752,0.21218329803054495,0.47176989844267025,0.0,0.23012333965844403,0.04322287102772317,0.08340671531798732,0.027139907231562576,0.3333333333333333,1553.88396075118
India,Mortalidad_Media,0.31,0.026321272133481666,0.770212461549467,0.21669488164981404,0.45895695015683025,0.0,0.23823529411764705,0.041551887964874995,0.0865512506788441,0.028055593048172144,0.3333333333333333,1432.84397512195
India,Mortalidad_Media,0.33,0.026045541157704407,0.7641605265040416,0.21285964574671631,0.45442369747088085,0.0,0.2661290322580645,0.03863158633475734,0.07986888784309674,0.03019609968304627,0.3333333333333333,1429.32199520032
India,Mortalidad_Media,0.34,0.02495634266638353,0.7576793762071679,0.21724603334533127,0.44462894911237283,1.0,0.287741935483871,0.03595405897099753,0.07911478600683033,0.0311425990168242,0.3333333333333333,1445.46127486037
India,Mortalidad_Media,0.34,0.024231933033483172,0.7510837685099077,0.2151519797636091,0.439972227959331,0.0,0.3012903225806452,0.034928960566180715,0.07835334393203187,0.03311493057923574,0.3333333333333333,1347.51939071367
India,Mortalidad_Alta,0.35000000000000003,0.023191307591706376,0.7444738536375992,0.21158007683659344,0.4508174999417761,1.0,0.3234345351043643,0.03250049424634678,0.07485296679999172,0.035314674368388026,0.3333333333333333,1094.94974598436
India,Mortalidad_Alta,0.33,0.021896759833047647,0.7379927033407252,0.21217074171455555,0.4496506516719816,0.0,0.3181024667931689,0.03258281923848094,0.07961079688806942,0.03686790565165792,0.3333333333333333,992.519584923828
India,Mortalidad_Alta,0.29,0.02095231562674965,0.7316403176192858,0.2116541070953834,0.4282779461380478,0.0,0.290550284629981,0.035510110993176754,0.09037134768240838,0.03855115628899424,0.3333333333333333,1021.88707706826
India,Mortalidad_Alta,0.28,0.020051235501731563,0.7254882323485228,0.21240486701149083,0.42867791969361013,0.0,0.291157495256167,0.03522999172525099,0.09393038628103023,0.039983207020581224,0.0,801.668353659022
India,Mortalidad_Alta,0.28,0.01928934115788156,0.7192789183775661,0.22266558520274624,0.4332354566857223,0.0,0.3012523719165085,0.033920818917706215,0.09846090288574004,0.03942321747501626,0.0,710.488080408949
India,Mortalidad_Alta,0.27,0.01883037076377791,0.7127691537305958,0.2251268936207801,0.42949460205035483,1.0,0.30022770398481974,0.034359281405172665,0.10323461948327166,0.04037286575074076,0.0,624.258826510066
India,Mortalidad_Alta,0.27,0.018098081116610206,0.7070748980613777,0.2476197895740095,0.43621962925696034,0.0,0.30996204933586335,0.03305437492414901,0.11353396452921577,0.03769847018606012,0.0,544.143133545002
India,Mortalidad_Alta,0.28,0.017988809775577878,0.7008226625652765,0.24689266560641226,0.43649536271553013,0.0,0.3315370018975332,0.031686099189420884,0.10915812582925594,0.03911046843920067,0.0,469.149928973927
India,Mortalidad_Alta,0.29,0.017807886745296667,0.6937978396165676,0.27327126558175263,0.4260066114159231,0.0,0.35383301707779885,0.030293312801053306,0.11663962948167127,0.03618824584088615,0.0,450.357900514128
India,Mortalidad_Alta,0.29,0.017879210877891728,0.6879462050218184,0.27317226282912704,0.4137371548371477,0.0,0.3648387096774194,0.030411643862115423,0.11659742318282923,0.03743130056044182,0.0,442.750218937263
India,Mortalidad_Alta,0.1,0.016340461780527223,0.6576293010944989,0.3091962563108009,0.35805592730377633,0.0,0.14345351043643265,0.08079042082007447,0.3826694137584951,0.03773929685061182,0.0,375.17600537305
Indonesia,Mortalidad_Media,0.399,0.04297650329994832,0.8049216682166105,0.1565962910681975,0.4029960124155572,1.0,0.13249525616698293,0.05236685821370447,0.04862362988340805,0.015436709491479196,0.3333333333333333,4730.83484836107
Indonesia,Mortalidad_Media,0.391,0.0378179777051447,0.7552328492739107,0.16773978963059502,0.4147621686098272,1.0,0.13354838709677422,0.04709070962343363,0.05314197480206402,0.01469416121950364,0.3333333333333333,4287.17313995098
Indonesia,Mortalidad_Media,0.37200000000000005,0.03713966939138246,0.774762143214822,0.17303293409925632,0.4328991638539922,1.0,0.13129411764705884,0.04861858769218586,0.05761534897649139,0.014726252331445,0.3333333333333333,3853.70288774146
Indonesia,Mortalidad_Media,0.395,0.039008411897620686,0.7966807353887975,0.16055689359100775,0.43070197427948675,1.0,0.1446584440227704,0.04806384352294455,0.05035565131199221,0.016855378198575608,0.3333333333333333,4106.94856160358
Indonesia,Mortalidad_Media,0.428,0.037299050575131505,0.7928321053008083,0.16177050138595112,0.421398598579372,1.0,0.16161669829222008,0.042436442302838516,0.046823649594085456,0.01732642825154226,0.3333333333333333,3860.95353090726
Indonesia,Mortalidad_Media,0.44700000000000006,0.03384599316985856,0.7910150940696759,0.16617633806077622,0.42378420162142655,1.0,0.17557685009487664,0.03691596450424373,0.04605194808169833,0.017587927471202684,0.3333333333333333,3798.88326174526
Indonesia,Mortalidad_Media,0.34,0.03245525179013788,0.7878675155590529,0.17025293179734544,0.42409997580020214,1.0,0.13870967741935483,0.04656562379772338,0.0620271025510493,0.0178767434659694,0.3333333333333333,3521.46943457574
Indonesia,Mortalidad_Media,0.32,0.031679983640208104,0.7848200872737676,0.1704287815383368,0.4203067389499271,1.0,0.1354079696394687,0.04831034124401384,0.0659717355547194,0.018642171106891915,0.3333333333333333,3288.22269725538
Indonesia,Mortalidad_Media,0.28,0.03214919432972463,0.7815580513627582,0.1684559178292271,0.4081414896727239,1.0,0.12326375711574952,0.05601806930090365,0.07452517113736867,0.01979466449275517,0.3333333333333333,3441.06808464008
Indonesia,Mortalidad_Media,0.3,0.031052757616118733,0.7782960154517489,0.1687083232378542,0.3998673092321133,1.0,0.13719165085388993,0.050525111518368276,0.06966084365260569,0.020654833399888713,0.3333333333333333,3566.60284506078
Indonesia,Mortalidad_Media,0.28,0.03224695494299636,0.775405966091995,0.16892694970180214,0.3925336646708729,1.0,0.13335863377609108,0.056186052614570894,0.07473315050881925,0.02161666757407738,0.3333333333333333,3632.27254030331
Indonesia,Mortalidad_Media,0.28,0.03262123818540934,0.7720723943057444,0.1706773820845451,0.38924096452231155,1.0,0.13867172675521822,0.056829188302927214,0.07550603626862867,0.022344214209306525,0.3333333333333333,3579.46442466152
Indonesia,Mortalidad_Media,0.26,0.03204764284989804,0.7682809929179484,0.1759538273684815,0.3901689671669904,1.0,0.13370018975332068,0.060139231484436374,0.08382316648857634,0.022529781165453223,0.3333333333333333,3065.68348377765
Indonesia,Mortalidad_Media,0.23,0.030869456107422567,0.7668931969382644,0.19317728597860473,0.3490258722982603,1.0,0.12307400379506642,0.06551887844869994,0.10401469442427021,0.021185754616372354,0.3333333333333333,2218.48541852977
Indonesia,Mortalidad_Media,0.24,0.028902314454378984,0.7642892910794761,0.1829463967278359,0.353584411929065,1.0,0.13343453510436434,0.058845399705028605,0.09441051189680606,0.02356125017962305,0.3333333333333333,2124.55483920618
Indonesia,Mortalidad_Media,0.22,0.028721016898960335,0.7618427641462193,0.1732641370808822,0.3766933535257659,1.0,0.12732447817836812,0.06379849397317897,0.09755224416183673,0.026221140604599756,0.3333333333333333,1823.21976255073
Indonesia,Mortalidad_Media,0.2,0.02941826092222088,0.7582659703841477,0.16386253787001295,0.3835173140898127,1.0,0.1206831119544592,0.07185566003780333,0.10149581477772812,0.02924206310758913,0.3333333333333333,1558.31562847163
Indonesia,Mortalidad_Media,0.19,0.029126128476303362,0.7563631161027256,0.16579651549408805,0.386364328786491,1.0,0.11969639468690703,0.07489778436416336,0.10809612043261738,0.030279276116110643,0.3333333333333333,1238.21447629488
Indonesia,Mortalidad_Alta,0.19,0.02900651644078363,0.7276056942556692,0.18109918535582203,0.3943948771958896,1.0,0.13231499051233397,0.07459489673335189,0.11805342074894601,0.03068843493300786,0.3333333333333333,1126.84004447173
Indonesia,Mortalidad_Media,0.19,0.027267268342731535,0.7506831676085557,0.19185097970228865,0.3947196420067099,1.0,0.1301518026565465,0.07019068495379853,0.12504951007286752,0.028262168465434327,0.3333333333333333,1043.2105838671
Indonesia,Mortalidad_Media,0.17,0.02768711218698821,0.7481078760998638,0.20620649274882671,0.3837698271780839,1.0,0.12161290322580647,0.0796366388019027,0.1502011521394079,0.027369984440294422,0.3333333333333333,881.002913569131
Indonesia,Mortalidad_Alta,0.17,0.026981834559482862,0.7427999141569497,0.2020965704370104,0.3645277104483855,1.0,0.12741935483870967,0.07764058867204982,0.14721224316431264,0.02948691426713987,0.3333333333333333,732.307093405708
Indonesia,Mortalidad_Alta,0.2,0.02673408488706554,0.7386365262178982,0.19809470015662312,0.30696108162011626,1.0,0.15673624288425048,0.06539850436266843,0.12265662705902573,0.03167253142205781,0.3333333333333333,763.711124950924
Indonesia,Mortalidad_Alta,0.1,0.026222225435362966,0.7239144430932112,0.21656734683244244,0.39467096125984114,0.0,0.098292220113852,0.12833431170387163,0.2681512043107945,0.03682835646294018,0.3333333333333333,1011.22614205568
Iraq,Mortalidad_Media,0.4202,0.06505837290389592,0.8208312468703054,0.02572540991120896,0.3045675176188406,0.0,0.17142884250474383,0.07500850317607545,0.007665653199953155,0.13535983492257495,0.6666666666666666,6520.73154560584
Iraq,Mortalidad_Media,0.22,0.05872001623803452,0.801759782530939,0.04117146345358727,0.4124279249742327,0.0,0.09267552182163187,0.1294046127067646,0.023321460125811013,0.0865852517704115,0.6666666666666666,4868.49431080783
Iraq,Mortalidad_Media,0.20800000000000002,0.052599417202920586,0.7866943272050932,0.07672708413027511,0.5515556876980926,0.0,0.09038330170777989,0.12271262384379569,0.04580050192381013,0.04663530604696258,0.6666666666666666,4295.18945121228
Iraq,Mortalidad_Media,0.203,0.060781861619920975,0.8094999642320624,0.047382969113360096,0.4330208194026245,0.0,0.09090702087286527,0.1451282043639633,0.029057423510962136,0.07981356718158873,0.6666666666666666,5671.8568632942
Iraq,Mortalidad_Media,0.23399999999999999,0.05928212867421555,0.8076543386508332,0.035307111579152096,0.4303648511515792,0.0,0.10834155597722958,0.12281821621677055,0.018827797064614023,0.11175104080075304,0.6666666666666666,5646.68932074742
Iraq,Mortalidad_Media,0.19100000000000003,0.05458360598876785,0.7886544101867086,0.03734352665327716,0.4627768727811332,0.0,0.09096963946869072,0.138632846698169,0.024384653937774264,0.10865400410474124,0.6666666666666666,4759.2846435467
Iraq,Mortalidad_Media,0.16,0.04951332978949567,0.7728449817583518,0.050004976663109414,0.5054922364062163,0.0,0.07863377609108159,0.1502463998340275,0.038892617798273396,0.08316216163007095,0.3333333333333333,4334.42096404188
Iraq,Mortalidad_Media,0.16,0.04588053782862441,0.7913584662708348,0.05272186080456748,0.5108489405234792,0.0,0.08106261859582542,0.13932242217780477,0.0409919401703923,0.08126799864546601,0.3333333333333333,4440.14189252367
Iraq,Mortalidad_Media,0.13699999999999998,0.049796005201975885,0.7870949281064452,0.06205586913130945,0.3838547647109386,0.0,0.07148956356736243,0.17646297016167684,0.05629696968523783,0.07076940150031129,0.3333333333333333,6249.39226978969
Iraq,Mortalidad_Media,0.18,0.05411727673069633,0.778052793475928,0.06001872131822492,0.35935303484057635,0.0,0.09700189753320683,0.14585838805186552,0.04144905482502021,0.07577582039559735,0.6666666666666666,6650.35282247395
Iraq,Mortalidad_Media,0.3712,0.05477625849226729,0.7749052149653051,0.05186638333030947,0.3357038852099954,1.0,0.20567438330170779,0.07158287756792056,0.017384016006694324,0.09070243337917165,0.6666666666666666,6477.59618450955
Iraq,Mortalidad_Media,0.27440000000000003,0.051775528586555396,0.7692968023463767,0.05742854615407048,0.30825493465368403,0.0,0.1567256166982922,0.09157372528696375,0.026022607393398803,0.08426795245863157,0.3333333333333333,5775.54229080293
Iraq,Mortalidad_Media,0.2554,0.04893524108183523,0.7643894413048142,0.06500305248234295,0.3789952011541972,0.0,0.14975066413662239,0.09303558946470268,0.03162509235851644,0.07617276887692961,0.3333333333333333,4461.75196161555
Iraq,Mortalidad_Media,0.49760000000000004,0.045761281695215254,0.7606981901423564,0.0658591995264849,0.4229090630592107,0.0,0.3002595825426945,0.04468289817708549,0.016444724786283397,0.07742961415176816,0.3333333333333333,3714.71205987194
Iraq,Mortalidad_Alta,0.2864,0.04420761563636646,0.7411116675012519,0.048367219940392385,0.31719429560948437,0.0,0.17770929791271348,0.07502338873341063,0.021020743921972233,0.10953467803404339,0.3333333333333333,4542.96609046032
Iraq,Mortalidad_Alta,0.4114,0.04174015677830481,0.7119679519278916,0.062057014512778584,0.3303090481683638,0.0,0.26151612903225807,0.049342576593066304,0.01874775510873788,0.08692879746971353,0.3333333333333333,3128.99010329066
Iraq,Mortalidad_Alta,0.2884,0.042067122960307485,0.7062593890836253,0.0734032008457323,0.30539282104797755,1.0,0.1877062618595825,0.07093220686579745,0.03160738142563469,0.0748668689501532,0.3333333333333333,2276.55435744086
Iraq,Mortalidad_Alta,0.3106,0.043602060092466165,0.7187066313756347,0.08682864201670672,0.26875621528313337,0.0,0.206280834914611,0.06824001627973686,0.03469211807445637,0.0641755304200545,0.3333333333333333,1762.39360423421
Iraq,Mortalidad_Alta,0.292,0.04504053815002189,0.7149152299878387,0.08748291860413698,0.288186074038641,0.0,0.19780645161290322,0.07495698812057179,0.0371789755390267,0.06501225800142962,0.3333333333333333,1328.37157628292
Iraq,Mortalidad_Alta,0.2402,0.043150233189817096,0.7177766649974961,0.10604928282998005,0.1750445602665413,0.0,0.1659066413662239,0.0873353982919284,0.05475288212957936,0.0541949355066932,0.3333333333333333,817.887862499622
Iraq,Mortalidad_Alta,0.1,0.0502722779902466,0.7305100507904714,0.1080370151123434,0.12961247098425588,0.0,0.07020872865275142,0.24404574888840944,0.13397387965758198,0.05407064748245875,0.3333333333333333,1266.15961275094
Iraq,Mortalidad_Alta,0.1,0.05449274240885164,0.7243293511696114,0.08738668221339686,0.1098809759770731,0.0,0.0715370018975332,0.2643515674452936,0.10844363039302793,0.06891854185116258,0.6666666666666666,1435.695683789
Iraq,Mortalidad_Alta,0.1,0.050158131647688405,0.7181486515487516,0.05832674048867478,0.05029685810479653,0.0,0.07286527514231499,0.24349655934644793,0.0725164828997584,0.10670444181721372,0.3333333333333333,1980.18916038782
Iraq,Mortalidad_Alta,0.28,0.07290562809735317,0.7167322412189712,0.26018855749372627,0.09809833279533474,0.0,0.2204933586337761,0.12605037135403951,0.11502879275988455,0.023465390134555394,0.6666666666666666,619.135530927038
Ireland,Mortalidad_Baja,0.807,0.12013776072311055,0.9706668015961226,0.013576570487829098,0.5390915591523308,1.0,0.050533206831119545,0.0718944063326762,0.0021302753138554794,0.036575477052313565,0.6666666666666666,105234.511567597
Ireland,Mortalidad_Baja,0.8200000000000001,0.12425872012925072,0.9670027689618055,0.011912990252541736,0.5569101531499318,1.0,0.04979127134724858,0.07317255263385271,0.0018456851202454275,0.040621972218475716,0.6666666666666666,103961.976350649
Ireland,Mortalidad_Baja,0.828,0.12161785789348196,0.9698990995203605,0.011561914943648074,0.5637935809173301,1.0,0.048705882352941175,0.07093104044499128,0.0017754323013852004,0.04050568775436341,0.6666666666666666,86622.5067251295
Ireland,Mortalidad_Baja,0.78,0.12693240279248177,0.9734235499590858,0.010850402745013319,0.582150428530107,1.0,0.0444022770398482,0.07857419954370236,0.0017719139181994379,0.04179079433534326,1.0,81810.1926481407
Ireland,Mortalidad_Baja,0.79,0.13031944825807837,0.96630485798384,0.010182067204087784,0.5682158457984001,1.0,0.04497153700189753,0.07964237550778579,0.0016448933516226844,0.04465804544805541,1.0,80738.9628834696
Ireland,Mortalidad_Baja,0.783,0.13193625770155212,0.9656069470058743,0.013835982451509658,0.5601766750635628,1.0,0.044573055028462996,0.08134785220307632,0.00223653075892191,0.03228632131118358,1.0,72198.1076995377
Ireland,Mortalidad_Baja,0.74,0.13554764302174255,0.9584184639328335,0.0113780164872872,0.5611637508742116,1.0,0.043529411764705886,0.08842284510088995,0.0019558410314226738,0.041193851879306735,1.0,64192.9418053178
Ireland,Mortalidad_Baja,0.72,0.13060612079762146,0.9555570289231761,0.010654551233980293,0.5441274698489288,1.0,0.04371916508538899,0.08757694821937372,0.0018859437551443769,0.045654676757718976,1.0,64311.8234684057
Ireland,Mortalidad_Baja,0.748,0.1260135801973559,0.9540565203205507,0.015060081247960443,0.6914346367568543,1.0,0.046838709677419356,0.08134465875311754,0.0025435031512217213,0.03273121069954673,1.0,57278.2590911107
Ireland,Mortalidad_Baja,0.75,0.12954605261888863,0.9483336503012361,0.01319180356212639,0.6953835647040669,1.0,0.04696394686907021,0.08339383289944075,0.0022287506547246628,0.03771030920987456,1.0,52619.2123745817
Ireland,Mortalidad_Baja,0.8,0.13216921833262357,0.9468680372475085,0.012134104337470532,0.6820420332165854,1.0,0.05161290322580645,0.07975931507620995,0.001925997990993109,0.04253922668344123,1.0,49411.7387476787
Ireland,Mortalidad_Baja,0.8,0.13292865669675508,0.9454373197426795,0.014896020790174744,0.6770040036366107,1.0,0.05313092979127135,0.08021604850936044,0.0023528217123737027,0.03532687051728254,1.0,52692.7813135606
Ireland,Mortalidad_Baja,0.77,0.1456899920442441,0.945402424193782,0.011749013962087914,0.6868245737266818,1.0,0.05259962049335863,0.09131515489846365,0.0019392067754448357,0.04678336671723452,1.0,48679.4026820361
Ireland,Mortalidad_Baja,0.75,0.146793968289802,0.9374811345938763,0.0067325153826265595,0.6527395773882306,1.0,0.05265654648956357,0.09445843026315189,0.0011639914691547893,0.08474492652947734,1.0,52133.0909237885
Ireland,Mortalidad_Baja,0.74,0.15320588812604738,0.9361202081868445,0.010428866439358798,0.6399647162232852,1.0,0.053358633776091076,0.09990374892839998,0.0017972673341885108,0.05605371208399924,1.0,61353.1065629523
Ireland,Mortalidad_Baja,0.74,0.15767416013464547,0.9296296360917675,0.012873855812259466,0.6022421695869388,1.0,0.05476280834914611,0.10280889612184127,0.0022057496446570056,0.04633435301059544,1.0,61396.417461176
Ireland,Mortalidad_Baja,0.75,0.15887606789136346,0.9239067660724543,0.011328984499352596,0.5754857318334442,1.0,0.058349146110056926,0.10220913880963292,0.0019216806412767219,0.055794899849460365,1.0,54329.1618599624
Ireland,Mortalidad_Baja,0.75,0.1625712848644545,0.9196495091068659,0.012751435633402225,0.5733195918682451,1.0,0.06261859582542695,0.10457963323683801,0.002156159715272914,0.05322211564267159,1.0,50933.0216095589
Ireland,Mortalidad_Baja,0.6900000000000001,0.16469200882089868,0.9138568479897544,0.019592264982378343,0.5605550027050572,1.0,0.06153700189753321,0.1151522662673092,0.003569361679473189,0.03634234145264902,1.0,47754.2023194244
Ireland,Mortalidad_Baja,0.75,0.16270404242794467,0.9081339779704398,0.01840158216336712,0.5520726632188978,1.0,0.07258064516129033,0.10466479767148813,0.0030875387233638262,0.04245100552302936,1.0,41203.5295847568
Ireland,Mortalidad_Baja,0.72,0.16954449975098315,0.9009105993484998,0.021632616702707184,0.517588082225595,1.0,0.07514231499051233,0.11359684856890727,0.0037709870000396904,0.03878017831611796,1.0,32705.4345565698
Ireland,Mortalidad_Baja,0.77,0.17190507050523163,0.8937570118243565,0.024904739850891575,0.5313719360611208,0.0,0.0847438330170778,0.10769541126904059,0.0040514897019958565,0.035320955225632576,1.0,28282.409882073
Ireland,Mortalidad_Baja,0.8200000000000001,0.16788594432074655,0.8852076023442834,0.031372628829262596,0.5552324003288841,1.0,0.09335863377609108,0.09877043195114266,0.004779609495837932,0.028500974296610096,1.0,26334.5672050501
Ireland,Mortalidad_Baja,0.5,0.13655330998903636,0.8699380080573818,0.0702919167973725,0.5626037658068936,1.0,0.05787476280834915,0.13183351898903115,0.01746183419917788,0.011212138672469188,1.0,19158.4564773907
Israel,Mortalidad_Baja,0.652,0.11539722627723094,0.9733886544101866,0.014374946890194303,0.7282606649899379,0.0,0.03340417457305503,0.08548770554943819,0.002788092624586969,0.02755343608767164,0.6666666666666666,54949.621556429
Israel,Mortalidad_Baja,0.768,0.11243976229039412,0.9705272194005292,0.016453056363767666,0.7330991302484513,1.0,0.040804554079696395,0.07072274285266937,0.0027015045674905797,0.024733847968002806,0.6666666666666666,52270.9040241956
Israel,Mortalidad_Baja,0.772,0.11341787400142234,0.9726558478833234,0.016965958973099594,0.7281396724760747,1.0,0.041017077798861476,0.07096588476268186,0.0027696454148115274,0.023902397238560354,0.6666666666666666,44575.5719045492
Israel,Mortalidad_Baja,0.679,0.1112992289721152,0.9748891630128118,0.01671124398921971,0.7305569441849951,1.0,0.037364326375711576,0.07918457211954279,0.003102614944643746,0.025295163729211843,0.6666666666666666,44250.6313628073
Israel,Mortalidad_Baja,0.612,0.11510893280610962,0.9748542674639142,0.017254059353839002,0.7272853538932925,1.0,0.03367741935483871,0.0908484935891157,0.0035519353740314,0.0244123115867296,0.6666666666666666,42362.6652754196
Israel,Mortalidad_Baja,0.47600000000000003,0.1147121619930922,0.9712600259273925,0.017810816029844457,0.7284014123623918,1.0,0.02709677419354839,0.11640416112027079,0.004711380107380467,0.024488012164806165,0.6666666666666666,41138.470964272
Israel,Mortalidad_Baja,0.6,0.11878224677649189,0.969201188542395,0.018040174495770632,0.7149825484653695,1.0,0.03529411764705882,0.09561101793022124,0.0037849546463643207,0.02505578923764156,0.6666666666666666,37671.5389138798
Israel,Mortalidad_Baja,0.61,0.12057486181700035,0.9641064384032492,0.01764923865721337,0.7052600858917654,1.0,0.03588235294117647,0.09545752017118184,0.003643673656777415,0.02567243807736502,0.6666666666666666,36213.1041481958
Israel,Mortalidad_Baja,0.593,0.11687027774636528,0.9655720514569768,0.017235109308282665,0.703324200307356,1.0,0.036007590132827325,0.0951883806323642,0.0036617902740358563,0.02731231356583072,0.6666666666666666,38343.3046626235
Israel,Mortalidad_Baja,0.58,0.12311644646253131,0.9641762295010459,0.018925831120118957,0.6979200295593265,1.0,0.036318785578747625,0.10250329963523361,0.004104254408950664,0.02549679396522361,0.6666666666666666,37034.3161080785
Israel,Mortalidad_Baja,0.61,0.13731648803232743,0.9591512704596965,0.018561373452082898,0.7014361168676051,1.0,0.03935483870967742,0.10866220574400128,0.0038285397169641427,0.026941957400467894,1.0,33321.4300881602
Israel,Mortalidad_Baja,0.61,0.137909778917701,0.958453359481731,0.023084128635761987,0.6969896526120258,1.0,0.0405123339658444,0.10913015428698127,0.004745184862723993,0.021817298274245184,1.0,34522.5215979073
Israel,Mortalidad_Baja,0.6,0.14079605523992286,0.9576856574059704,0.022827941880250315,0.6882450851223639,1.0,0.04212523719165085,0.11326343545540658,0.004771483494306072,0.02354647220697393,1.0,31439.0887027614
Israel,Mortalidad_Baja,0.61,0.132966758987921,0.9548591179452106,0.026771906778076254,0.6926467548144116,1.0,0.04398481973434535,0.10523142765711725,0.005492601823294893,0.020259230732580413,1.0,28508.4938886475
Israel,Mortalidad_Baja,0.59,0.1448408660809155,0.9483685458501336,0.02257076982258696,0.6860728701104075,1.0,0.04366223908918406,0.11848157855464368,0.0047984671404112025,0.025315565766283504,1.0,30269.217773489
Israel,Mortalidad_Baja,0.63,0.1341033540268274,0.9419826604017525,0.021782743249824925,0.680968646517475,1.0,0.04901328273244781,0.1027587588852004,0.004339160256335217,0.02785533812670916,1.0,25721.2594077311
Israel,Mortalidad_Baja,0.64,0.13334508634128225,0.9426805713797182,0.02269258290046087,0.6847376999661284,1.0,0.052220113851992406,0.10058311655768375,0.00444711797941567,0.028083754232767155,1.0,22527.2619795719
Israel,Mortalidad_Baja,0.7000000000000001,0.12308724037611962,0.9369228058115042,0.02344280632955242,0.6840352958293688,1.0,0.05977229601518026,0.08491123133513775,0.00419843787299394,0.028506962085790982,0.6666666666666666,21286.8388636595
Israel,Mortalidad_Baja,0.73,0.13053005139933566,0.9368530147137075,0.02013439528001258,0.6943596317306926,1.0,0.06510436432637572,0.08632712826303617,0.003465594198211085,0.03529204161421368,1.0,20568.0694088834
Israel,Mortalidad_Baja,0.76,0.13642419359996544,0.9297343227384633,0.021289236614176976,0.6849960039609436,1.0,0.07066413662239089,0.0866508395236644,0.003516655468568321,0.03478489978458319,1.0,19643.4690380742
Israel,Mortalidad_Baja,0.66,0.13239514315631418,0.9269077832777035,0.022649853672107253,0.6806870038480634,1.0,0.06387096774193549,0.09684265261501446,0.004304352791068746,0.0339922018229734,1.0,19076.4584298321
Israel,Mortalidad_Baja,0.68,0.13752203964300583,0.9262796633975348,0.021938593680393807,0.6854122705211021,1.0,0.06967741935483873,0.0976218265499935,0.004048439607929542,0.03744730501537854,1.0,20966.3052667971
Israel,Mortalidad_Baja,0.71,0.13409678176828976,0.9197890913024593,0.019080710455423217,0.6704160009328468,0.0,0.07544592030360532,0.09117585352506244,0.0033797401006245035,0.04517877460192324,1.0,21706.5194056329
Israel,Mortalidad_Baja,0.3,0.12932131700171282,0.8982934331811301,0.025529726545342458,0.6451378353542321,0.0,0.04098671726755218,0.2081241605656607,0.010656383033710868,0.043484931892105984,1.0,19025.6840502517
Italy,Mortalidad_Baja,0.573,0.11146986032766608,0.9733886544101866,0.023595035782829923,0.6630453557178424,1.0,0.026094876660341552,0.09397630003715102,0.005161826906314872,0.013554789092419488,0.6666666666666666,35653.9042103495
Italy,Mortalidad_Baja,0.637,0.11701267923320696,0.9726209523344245,0.022873934163129436,0.6657720700689087,1.0,0.030218216318785577,0.08872091522533287,0.0045032593038780485,0.0148028716755006,0.6666666666666666,36852.5425414951
Italy,Mortalidad_Baja,0.622,0.10689621935622745,0.9661652757882466,0.024071449000623933,0.6871038087993495,1.0,0.02950664136622391,0.0830352332531446,0.0048498815809624625,0.013914315310078773,0.6666666666666666,32091.4866621366
Italy,Mortalidad_Baja,0.43700000000000006,0.11529275981007908,0.9847994988999185,0.022687591682618576,0.6801137037824246,1.0,0.021559772296015182,0.12743185885382236,0.006511529603428028,0.01567951272963219,0.6666666666666666,33812.788724868
Italy,Mortalidad_Baja,0.401,0.11572543901860412,0.9826359748682252,0.023179734252888128,0.6809842681710802,1.0,0.02054459203036053,0.1393912623991082,0.007247836910402501,0.015996917152651922,0.6666666666666666,34904.1081923834
Italy,Mortalidad_Baja,0.44700000000000006,0.11823036413512207,0.9769131048489117,0.02363377327384769,0.6822304343813921,1.0,0.02374952561669829,0.12774291900531315,0.00662755252541564,0.016332476520082316,0.6666666666666666,32844.115660604
Italy,Mortalidad_Baja,0.43,0.11610198279883432,0.9811703618144987,0.023073381088540974,0.6833394658134836,1.0,0.02366223908918406,0.13041177167880058,0.006728451242714425,0.017520676059639747,0.6666666666666666,31391.5692898108
Italy,Mortalidad_Baja,0.43,0.11710255204224496,0.971155339280698,0.02487519782439276,0.686816566520638,1.0,0.024478178368121443,0.1315313099678081,0.007246499430419242,0.016698763294909668,0.6666666666666666,30639.8829751432
Italy,Mortalidad_Baja,0.385,0.11246763359726401,0.9789719422339078,0.02382423356211842,0.6878484836342781,1.0,0.02264705882352941,0.14111292510501544,0.007756007293885811,0.01826476122797895,0.6666666666666666,36028.3494022349
Italy,Mortalidad_Baja,0.39,0.11911819697463022,0.9732490722145932,0.025713861072208587,0.6848045418676402,1.0,0.022941176470588236,0.1475083222200853,0.008255588918157558,0.01669989121194571,0.6666666666666666,35701.6746002376
Italy,Mortalidad_Baja,0.39,0.12394496273612585,0.9667933956684154,0.023829134836905394,0.6838639435774655,1.0,0.023681214421252372,0.15346291236603007,0.00765812502181635,0.018955949354894485,0.6666666666666666,34854.3949441965
Italy,Mortalidad_Baja,0.43,0.1294106939705881,0.9660605891415521,0.023072728765712782,0.6814293887840834,1.0,0.026925996204933588,0.1453029067324147,0.006728263690533216,0.020393442171605013,1.0,38432.3742820019
Italy,Mortalidad_Baja,0.48,0.13433567631949728,0.9638970651098604,0.022062568564609024,0.6841680295066458,1.0,0.030967741935483867,0.1351037390862949,0.005767221029237987,0.022212880431535662,1.0,35856.8625485539
Italy,Mortalidad_Baja,0.52,0.13172484406995535,0.9581741950905458,0.022477672943880082,0.6883748644656794,1.0,0.03354838709677419,0.1222954833555442,0.005422280646754069,0.021748477406288314,1.0,37099.6133958219
Italy,Mortalidad_Baja,0.49,0.14192538211143343,0.9560106710588523,0.023375298881001656,0.6669485732583487,1.0,0.0325426944971537,0.1397987991515266,0.005980735685490824,0.021508742731024637,1.0,40828.5795580937
Italy,Mortalidad_Baja,0.5,0.14494179530977835,0.9552778645319893,0.023642847739555793,0.6599288494690227,1.0,0.03415559772296015,0.13990538236687106,0.0059272757314428525,0.02193279626163216,1.0,37826.1754554823
Italy,Mortalidad_Baja,0.48,0.14630364410594876,0.9531143405002975,0.02424317898553659,0.6612784712602794,1.0,0.03370018975332069,0.14709982126383803,0.006328869840054536,0.02200011141289549,1.0,33537.1286994269
Italy,Mortalidad_Baja,0.53,0.1482478792367905,0.9459607529761542,0.025362888837419557,0.6679095522797576,1.0,0.03821631878557875,0.1349874327564447,0.005992997298490243,0.021551414239286974,1.0,32062.723833669
Italy,Mortalidad_Baja,0.52,0.14631263046293558,0.9459258574272567,0.029314413148416797,0.6640059310412046,1.0,0.038481973434535105,0.13579276498246604,0.007047731082617219,0.01880522124693125,1.0,31348.1901841445
Italy,Mortalidad_Baja,0.55,0.14639028112672414,0.9345150129375246,0.029442050111609507,0.6659284434436534,1.0,0.04278937381404174,0.1284538139404882,0.006692000128601983,0.019839287826382057,1.0,27577.5700319855
Italy,Mortalidad_Baja,0.46,0.14044118454590115,0.9380394633762486,0.029605848215280388,0.6556562781392251,1.0,0.03753320683111955,0.147363746071829,0.008045327440866145,0.020835332130466476,1.0,22451.3964379368
Italy,Mortalidad_Baja,0.47000000000000003,0.13973740886420494,0.9365738503225223,0.031081069577682852,0.6528460608868749,0.0,0.040132827324478176,0.14350790914580244,0.008262199943930258,0.02077161539091866,1.0,20570.4385917862
Italy,Mortalidad_Baja,0.46,0.13935360229601818,0.9315837868300707,0.03203964100567578,0.6443846708653651,1.0,0.0410246679316888,0.14622621167619843,0.008699441925849441,0.02109694326304613,1.0,20190.0035636084
Italy,Mortalidad_Baja,0.7000000000000001,0.12947374042441476,0.9085876201061176,0.03731169857259702,0.6241974352647263,1.0,0.08500948766603415,0.08930083326149486,0.006647905655847331,0.02526862253825543,1.0,20712.1798690324
Jamaica,Mortalidad_Media,0.49,0.044512871665691484,0.8128764575434579,0.10217359058822027,0.5915651446862246,0.0,0.1701518026565465,0.0441501339379944,0.0258622161236907,0.026697357602860093,0.3333333333333333,6022.15339791763
Jamaica,Mortalidad_Media,0.47700000000000004,0.040420877784374476,0.7785964661277629,0.10522912552670106,0.5903686005503961,1.0,0.16382732447817838,0.04122598426278938,0.027359004771900945,0.025510605248777407,0.3333333333333333,5165.33782130331
Jamaica,Mortalidad_Media,0.46799999999999997,0.03646361538696776,0.8124615494670577,0.10956282875097473,0.6076553493985122,0.0,0.1598481973434535,0.03795052647572057,0.029029970297388533,0.02422143447380476,0.3333333333333333,4879.44025773374
Jamaica,Mortalidad_Media,0.45,0.049471122317334096,0.8136061234709207,0.08850913887181606,0.6084683146710147,0.0,0.15199240986717266,0.05337581509837883,0.02440696372265959,0.03036594090418277,0.3333333333333333,5607.24299266608
Jamaica,Mortalidad_Media,0.394,0.04743076154063668,0.8146648544244937,0.08309923247746537,0.6020635298442573,1.0,0.13233017077798861,0.058470667360648654,0.026178427891996908,0.03234774026549982,0.3333333333333333,5578.10347525832
Jamaica,Mortalidad_Media,0.38200000000000006,0.04222902664983724,0.8185707132126763,0.08360049035401772,0.6080774865953652,0.0,0.12757495256166984,0.053755876417103596,0.02716301489489272,0.03193461715719253,0.3333333333333333,5259.31332766957
Jamaica,Mortalidad_Media,0.38,0.045901306057903414,0.8210458544960297,0.08318287751553176,0.6248269720784588,0.0,0.1269070208728653,0.0586883676748901,0.027170109799500592,0.032110823753304076,0.3333333333333333,5009.79448724295
Jamaica,Mortalidad_Media,0.38,0.04147573174183507,0.8233636168538521,0.07950703605760619,0.6316495392590805,0.0,0.1269070208728653,0.053085036397441394,0.025974192432058,0.03374132365221782,0.3333333333333333,5062.8955502426
Jamaica,Mortalidad_Media,0.33,0.041448471552275074,0.8254095428857571,0.0752567016537972,0.652096922190236,0.0,0.1108349146110057,0.06108847939952324,0.02831733117108384,0.036046664486988705,0.3333333333333333,4975.11325459872
Jamaica,Mortalidad_Media,0.33,0.042712480267722876,0.8265255025395235,0.07523126128214522,0.6593328964009619,0.0,0.11146110056925995,0.06293135655527206,0.02830780019215298,0.036282297049483,0.3333333333333333,5124.21301411137
Jamaica,Mortalidad_Media,0.33,0.040791528448929144,0.8260962872880748,0.07271230086185058,0.6727320089928266,0.0,0.11146110056925995,0.06013068106871503,0.027364097048899808,0.03764744021707791,0.3333333333333333,5340.83333232158
Jamaica,Mortalidad_Media,0.3,0.042425440814628956,0.823807139280349,0.07114106082441138,0.6775061070071626,0.0,0.10189753320683112,0.06876415021403558,0.029452992578811434,0.038782813100677466,0.3333333333333333,5232.63644918132
Jamaica,Mortalidad_Media,0.31,0.040160735015939954,0.8200014307175048,0.06635357963439262,0.6852150069736058,0.0,0.10529411764705882,0.06303107300410102,0.026593599507857876,0.041804313028324706,0.3333333333333333,4809.977380312
Jamaica,Mortalidad_Media,0.33,0.04332815232030575,0.8162529508548537,0.06892609112285461,0.7034299364595921,0.0,0.11208728652751422,0.06382898324666399,0.02594563171577311,0.04012880958740058,0.3333333333333333,4428.38153333557
Jamaica,Mortalidad_Media,0.37,0.05418870182150408,0.813176908219472,0.0616725864012612,0.6843561846906212,0.0,0.12567362428842505,0.07105101197520249,0.020717024736467086,0.045209767628606644,0.6666666666666666,5029.80095281745
Jamaica,Mortalidad_Media,0.36,0.06819417896153056,0.8117891122397882,0.05810983488035298,0.664795630573005,0.0,0.12227703984819734,0.0917424884219395,0.020068977763032545,0.04816732842692445,0.6666666666666666,4716.48612542727
Jamaica,Mortalidad_Media,0.33,0.06780048309873997,0.8116460404893053,0.0649213292770966,0.6637416336682727,0.0,0.11208728652751422,0.0995087208848081,0.02444528803773306,0.042794406121047034,0.6666666666666666,4417.00127135363
Jamaica,Mortalidad_Media,0.38,0.060028741460925614,0.8130481436440373,0.0653062466459651,0.6615545884002693,0.0,0.12834914611005693,0.07657547000564849,0.021354033787250516,0.04226806052386372,0.6666666666666666,4184.43974867497
Jamaica,Mortalidad_Media,0.4,0.06167251300043471,0.8137491952214035,0.0627235468934357,0.6589903588461815,1.0,0.13586337760910816,0.07472385608542918,0.01948807658331295,0.044401168403422876,0.6666666666666666,3807.56293124552
Jamaica,Mortalidad_Media,0.38,0.061704401255270554,0.8143644037484796,0.06565580896414204,0.6746782193347163,0.0,0.12979127134724858,0.07869706514007563,0.021467762208918415,0.04253595802908382,0.6666666666666666,3549.70758394618
Jamaica,Mortalidad_Media,0.38,0.05945945998361296,0.812833536018313,0.06983775251300292,0.6761356331342303,1.0,0.13123339658444022,0.07585468836699961,0.022828337461413023,0.040282954184565956,0.6666666666666666,3680.64551727724
Jamaica,Mortalidad_Media,0.38,0.06254182903303082,0.8101008655840904,0.07713284527643278,0.6548466599405007,0.0,0.1333965844402277,0.07975735357375788,0.025201760861946223,0.036829025247949516,0.6666666666666666,3503.55026688858
Jamaica,Mortalidad_Media,0.38,0.06169474032578861,0.8100150225338008,0.07853969565565079,0.6548412047957005,0.0,0.136280834914611,0.07868483319355993,0.02565947287731957,0.03696539082842206,0.6666666666666666,3453.09252800226
Jamaica,Mortalidad_Media,0.5,0.05540439956447986,0.8129766077687959,0.10847259057524096,0.5793060330953035,0.0,0.20967741935483872,0.05374756030136049,0.026902477344328633,0.03082930030884721,0.6666666666666666,2630.84935382822
Japan,Mortalidad_Baja,0.8140000000000001,0.14507930419571274,0.9919356386496114,0.011338205134466692,0.7287394447624348,0.0,0.027802656546489564,0.08601824385960558,0.0017719907111961055,0.022622425278334454,1.0,34065.6438962526
Japan,Mortalidad_Baja,0.8200000000000001,0.1478804254121683,0.998363398756672,0.012458686670031449,0.7134584497954208,0.0,0.028007590132827324,0.08703237462130295,0.0019279596195705,0.020350826875183338,1.0,40094.5599795288
Japan,Mortalidad_Baja,0.805,0.14095463935155306,1.0,0.013166977216838313,0.7186596534132572,1.0,0.027495256166982923,0.08451473349562935,0.0020726629575122217,0.019109461648278283,1.0,40028.7341726762
Japan,Mortalidad_Baja,0.78,0.15091868887158458,0.9970862216669947,0.012819747783148755,0.7204037811019822,1.0,0.02664136622390892,0.09336966609231943,0.0020840580741211963,0.01970131216168157,1.0,40415.9567649547
Japan,Mortalidad_Baja,0.792,0.15469543147237774,0.9950064469526589,0.012886832493391134,0.7178434262362006,1.0,0.028554079696394685,0.09424928611216038,0.002062953357810446,0.020856022346413525,1.0,39751.1330982711
Japan,Mortalidad_Baja,0.861,0.15692228455343302,0.9934152099228986,0.013952336987676317,0.7193559382614577,1.0,0.031041745730550276,0.08794057496762855,0.0020506255891900448,0.019053599226237162,1.0,38834.0529341227
Japan,Mortalidad_Baja,0.76,0.1559865926471788,0.9917716295697903,0.013908558207495068,0.7233614191939768,1.0,0.028842504743833017,0.09903506297294595,0.002316021329271045,0.02030257466197947,1.0,39375.4731620781
Japan,Mortalidad_Baja,0.74,0.1573651899030454,0.9890393080910564,0.012758654452315497,0.7223177912310909,1.0,0.02808349146110057,0.10260801220083948,0.0021865030507042522,0.022376559183089163,1.0,34960.6393843385
Japan,Mortalidad_Baja,0.778,0.15946168869135313,0.9860906342091535,0.012283887477380451,0.7347292755089003,1.0,0.03100189753320683,0.09889281803185174,0.0020042625429568,0.024675420849984586,1.0,38475.3952461838
Japan,Mortalidad_Baja,0.8,0.16510468593100538,0.9824300911297259,0.013171198751276463,0.7431300625026144,1.0,0.0333965844402277,0.0995670175825589,0.002086269492576818,0.02408124073029179,1.0,40898.6478964744
Japan,Mortalidad_Baja,0.78,0.16368185986081343,0.9790556915512638,0.01388163536065241,0.7445707727053332,1.0,0.03256166982922202,0.1012423758900206,0.002252368855190568,0.022712234324306906,1.0,49145.2804308193
Japan,Mortalidad_Baja,0.77,0.16755593787090697,0.9718323129293238,0.013342731944812473,0.7439322246358777,1.0,0.03360531309297913,0.10497789479675929,0.0021950940836101265,0.024966747985870705,1.0,48760.0789494211
Japan,Mortalidad_Baja,0.73,0.18056477408268365,0.9754300440207353,0.01369720676248059,0.7308544319431626,1.0,0.03324478178368121,0.11930395746725123,0.0023754062776702952,0.02545033417380395,1.0,44968.1562349739
Japan,Mortalidad_Baja,0.75,0.17169225299438695,0.9767002420006321,0.013368609411459486,0.7464360256630554,1.0,0.03415559772296015,0.11043076573600331,0.002257895607993251,0.026140099556779126,1.0,41308.9968370512
Japan,Mortalidad_Baja,0.76,0.1789905992638349,0.9717799696059775,0.01301153486457182,0.7276305185068362,1.0,0.036053130929791274,0.1135980395016352,0.002170100210653387,0.028187761447101424,1.0,39876.3039685725
Japan,Mortalidad_Baja,0.73,0.1861483809959757,0.9706284164923342,0.013002199658857797,0.7196369129876993,0.0,0.03601518026565465,0.12298399488223596,0.0022577014214281684,0.029470288785434846,1.0,35779.0245416427
Japan,Mortalidad_Baja,0.6900000000000001,0.18816970506471065,0.9679798443309564,0.013370890450215354,0.718375532609198,0.0,0.03535104364326376,0.13152294352589575,0.002454643063039442,0.029814858199721794,1.0,35991.546002862
Japan,Mortalidad_Baja,0.7000000000000001,0.1882663158208355,0.9627315537766576,0.013739581827814991,0.7186511415443294,0.0,0.03586337760910816,0.1297104473324315,0.0024846935168995124,0.02894695674582936,1.0,37812.8950199948
Japan,Mortalidad_Baja,0.71,0.18915038798242245,0.9638063366827239,0.015249750613727232,0.7131291262256741,0.0,0.03772296015180266,0.12848262624967893,0.0027126611320005237,0.026899382836493863,1.0,38298.9801712303
Japan,Mortalidad_Baja,0.71,0.1831826428844262,0.9599399098647972,0.016111226874401263,0.7100011499558238,0.0,0.03907020872865275,0.12443861668591964,0.0028626686286100556,0.026338889800026202,1.0,35387.0374203599
Japan,Mortalidad_Baja,0.64,0.1848542644641,0.9589488762760869,0.017091559938117767,0.7056397341213637,0.0,0.03643263757115749,0.13930575172126647,0.0033651475861834895,0.025635419426706538,1.0,32820.7936433254
Japan,Mortalidad_Baja,0.6,0.18472368150294502,0.9550231270250318,0.01697785684226833,0.6911975942616141,0.0,0.03529411764705882,0.1484880900613234,0.003566062012972159,0.026796457447554232,1.0,34406.1824638092
Japan,Mortalidad_Baja,0.58,0.18829386074019802,0.9501551979537248,0.01888093235289882,0.6792747135350622,0.0,0.036318785578747625,0.15656994095387852,0.004094683913501422,0.025564105530686942,1.0,39169.3595701504
Japan,Mortalidad_Baja,0.9,0.18126955553267793,0.9281221483793634,0.02049009147838541,0.6472590338503538,0.0,0.07001897533206831,0.09714553194275606,0.002859843226384017,0.029789916838467392,1.0,44197.6191013908
Jordan,Mortalidad_Baja,0.495,0.03455480464210663,0.8930967880392016,0.06064396955269176,0.6156688394613703,0.0,0.11834914611005691,0.03402518158719347,0.015228545540564931,0.0314220024555207,0.3333333333333333,4332.25159897931
Jordan,Mortalidad_Media,0.51,0.03321606420821194,0.8518348951999426,0.06025048415014185,0.6202463663300094,0.0,0.12483870967741935,0.031761490064710095,0.014685260744710561,0.03247968299053644,0.3333333333333333,4183.49998326866
Jordan,Mortalidad_Baja,0.49600000000000005,0.03458442855436891,0.87156448959153,0.058476443169344576,0.6308808257454693,0.0,0.1251764705882353,0.033985318078714764,0.01465757300066797,0.034702135150456156,0.3333333333333333,4022.0401356135
Jordan,Mortalidad_Baja,0.503,0.03721297149448132,0.8899062880034336,0.055000751811631825,0.6245693912041088,0.0,0.12980645161290322,0.03602660494110132,0.013599308947966465,0.03800057420696609,0.3333333333333333,4170.1144003465
Jordan,Mortalidad_Baja,0.519,0.039887450218908625,0.8845554045353745,0.05511346292521886,0.6160594450592821,0.0,0.13787476280834915,0.037395275099622136,0.013206911383946626,0.03912892270668653,0.3333333333333333,4145.43989673265
Jordan,Mortalidad_Baja,0.498,0.042107151497464725,0.8785463910150939,0.05588743528983487,0.6148196862553403,0.0,0.13513092979127134,0.04111668131231358,0.01395597213122257,0.03944145954664546,0.3333333333333333,4065.61628749384
Jordan,Mortalidad_Baja,0.49,0.04074158841340541,0.8710923528149366,0.056701707822899086,0.6185366548091067,0.0,0.13667931688804552,0.040447137191757895,0.014389272635957294,0.0400097263116822,0.3333333333333333,3986.71677010853
Jordan,Mortalidad_Media,0.45,0.04147562835804174,0.8640818370412762,0.05525804976178535,0.6122295427946599,0.0,0.12808349146110057,0.044827253533850794,0.015271694330677054,0.04204145862499997,0.3333333333333333,4042.75678097555
Jordan,Mortalidad_Media,0.456,0.04271598213796372,0.8575863795693539,0.04989430040625605,0.6116315313175091,0.0,0.13325237191650854,0.0455461239245915,0.013616525903535329,0.048222381303107145,0.3333333333333333,4191.18050084986
Jordan,Mortalidad_Media,0.45,0.044418684480408775,0.852950854853709,0.04501650286358918,0.6153492570865057,0.0,0.1349146110056926,0.0479738879479355,0.012457973264397118,0.055247136350744734,0.3333333333333333,4311.21916713038
Jordan,Mortalidad_Media,0.47000000000000003,0.047558370397957274,0.8501609557192933,0.04149951893375156,0.6137495890715631,0.0,0.14447817836812143,0.04914646613088296,0.011002721515429612,0.061776931973368754,0.3333333333333333,4169.50470054618
Jordan,Mortalidad_Media,0.5,0.04338081691872358,0.8479004220616639,0.04402917130246118,0.59814266328339,0.0,0.15749525616698296,0.042177805724961326,0.010968046015348322,0.05958084472090289,0.3333333333333333,3946.85503855525
Jordan,Mortalidad_Media,0.51,0.04472327879446383,0.8460118749552901,0.044917440492098164,0.6005365349353161,1.0,0.16451612903225807,0.04261725157542993,0.010968315238361009,0.059831836932724355,0.3333333333333333,3718.46571622945
Jordan,Mortalidad_Media,0.47000000000000003,0.04801301714654287,0.844724229200944,0.04063375665484161,0.6075307665951323,0.0,0.15607210626185958,0.04961187696584504,0.01077498703018579,0.06848517644136265,0.3333333333333333,3435.8337590698
Jordan,Mortalidad_Media,0.53,0.04648366304232645,0.842663995993991,0.03608521145551099,0.5968338905580625,1.0,0.1810246679316888,0.0426071089175677,0.008494154557222687,0.07975954159997892,0.3333333333333333,3241.6524135556
Jordan,Mortalidad_Media,0.5700000000000001,0.048548948219978905,0.8404320766864581,0.03170849773359127,0.6464280096795981,0.0,0.20009487666034156,0.04136040946901571,0.0069487783403036725,0.09372933187546917,0.3333333333333333,2506.20599484139
Jordan,Mortalidad_Media,0.53,0.049036680645637376,0.83782817082767,0.03236711512913808,0.6539533520497194,1.0,0.19208728652751422,0.044924707399430205,0.0076268477295319045,0.0948583288634564,0.3333333333333333,2342.63459574933
Jordan,Mortalidad_Media,0.46,0.050937087157971656,0.8342799914156949,0.03457992491318976,0.6681427669417701,0.0,0.17195445920303606,0.05374876721428325,0.009382177328153312,0.0915241954149932,0.3333333333333333,2087.87079273635
Jordan,Mortalidad_Media,0.45,0.04861061335509876,0.8315759353315686,0.0312832668095356,0.6602401854714887,0.0,0.17333965844402277,0.05245578265536165,0.008684959677915202,0.10460244524816426,0.3333333333333333,1940.08641342805
Jordan,Mortalidad_Media,0.49,0.04136203516587472,0.8286715787967665,0.030887006513297722,0.662012694612736,0.0,0.19432637571157493,0.041056349534589524,0.0078760035284013,0.10920199318469398,0.3333333333333333,1775.67625581432
Jordan,Mortalidad_Media,0.46,0.041361059107711366,0.8254381572358536,0.02740776310855926,0.6569627910515308,1.0,0.18853889943074004,0.04373291665965513,0.0074545625601390745,0.12755514404680468,0.3333333333333333,1706.26744384401
Jordan,Mortalidad_Media,0.44,0.040204192785281784,0.8223191930753273,0.024391002723778296,0.661633452178293,0.0,0.18535104364326374,0.04445577582479275,0.006945757149365847,0.14760327627252467,0.3333333333333333,1632.29454010563
Jordan,Mortalidad_Media,0.47000000000000003,0.04146678386083103,0.8192431504399456,0.02517780784287278,0.6598710589959657,0.0,0.2042314990512334,0.04291065693328581,0.006709376143233855,0.14755977237199394,0.3333333333333333,1570.61002940477
Jordan,Mortalidad_Media,0.3,0.04155730376314796,0.8047785964661278,0.04632413128405099,0.6023967902007323,0.0,0.15028462998102465,0.06737186793563898,0.019225838691482786,0.0917849567353463,0.3333333333333333,1415.71151592128
Kazakhstan,Mortalidad_Media,0.379,0.16486988487527898,0.8418055654910936,0.0660770229043841,0.5267469819555313,0.0,0.05537571157495256,0.20986977520057326,0.021661806896755263,0.016182031226492734,1.0,11255.3396437881
Kazakhstan,Mortalidad_Media,0.446,0.16351930066081247,0.793561771228271,0.06332894898346277,0.5412901344082631,1.0,0.06685768500948767,0.17688529479553397,0.01764591301623115,0.01755108009791748,1.0,9983.60103576902
Kazakhstan,Mortalidad_Media,0.409,0.15679878176884487,0.8087846054796479,0.06790117476714257,0.5661865680443317,1.0,0.06208728652751423,0.18498145342437325,0.02062431993294149,0.016399942434471383,1.0,8781.50797787648
Kazakhstan,Mortalidad_Media,0.40299999999999997,0.17372723507651092,0.8440231776235783,0.05619541609892914,0.5596355622128006,1.0,0.06194117647058823,0.20794580724030723,0.01734032295470064,0.020777371879264653,1.0,9457.12614657136
Kazakhstan,Mortalidad_Media,0.446,0.17655726637038074,0.8398884040346233,0.05530347634335253,0.5587972105455119,1.0,0.06939658444022771,0.19095014897161008,0.015421252445007392,0.0214654762349535,1.0,9472.48527327758
Kazakhstan,Mortalidad_Media,0.38,0.15753184902872197,0.8345518277416122,0.056836404446448816,0.5798881706233106,1.0,0.060569259962049336,0.20002661402992217,0.018598411298674497,0.021389202694328768,1.0,8943.08416791984
Kazakhstan,Mortalidad_Media,0.29,0.15683333502898353,0.8281565204950283,0.057330222663625904,0.5861939660535133,1.0,0.04842504743833017,0.26094496199031925,0.024580853862297292,0.022343440968356963,1.0,7475.56688689424
Kazakhstan,Mortalidad_Media,0.26,0.14123012351373462,0.8206452535946778,0.05928605939077023,0.6026157270788149,1.0,0.04686907020872865,0.26218039805305215,0.028347115435850587,0.023475122837269102,1.0,10196.1226255982
Kazakhstan,Mortalidad_Media,0.257,0.1699142055883399,0.8119321839902711,0.0544643384719922,0.5517717382276656,1.0,0.051204933586337764,0.31894010368291875,0.026358501903523353,0.02889817433656739,1.0,12427.7094576939
Kazakhstan,Mortalidad_Media,0.27,0.2151525594182671,0.8019743901566634,0.05666632616944399,0.5328546261394085,1.0,0.05994307400379506,0.3841963948135532,0.026097664134143213,0.031191980295176516,1.0,13478.459627612
Kazakhstan,Mortalidad_Media,0.29,0.19772442845259555,0.7908147936189998,0.053942645341235745,0.5124475310155342,1.0,0.0731878557874763,0.3287857656111277,0.023136680876926306,0.03787698339836516,1.0,12018.7966527993
Kazakhstan,Mortalidad_Media,0.27,0.20987231917544777,0.7789255311538736,0.06280971763503586,0.48393199425442246,1.0,0.07633776091081594,0.3747872494830596,0.028910681568092372,0.036352015481536354,1.0,11287.1464926039
Kazakhstan,Mortalidad_Media,0.22,0.19008829352361373,0.7667501251877817,0.056754687082391085,0.515756374897095,1.0,0.06971537001897533,0.416699622117245,0.03207860672607334,0.04585682351543508,1.0,8793.07589980782
Kazakhstan,Mortalidad_Media,0.21,0.1768067565617916,0.7553473066742971,0.07746377740561143,0.5421550652726261,1.0,0.07371916508538899,0.4061133478797804,0.04579801264576956,0.03665830610224476,1.0,6938.01175663001
Kazakhstan,Mortalidad_Alta,0.26,0.1969406066491619,0.7453179769654481,0.06694593685339663,0.520600473783841,1.0,0.10064516129032258,0.36527212975164397,0.03198942179466827,0.0476514558296064,1.0,8123.54705891736
Kazakhstan,Mortalidad_Alta,0.26,0.18821670555657122,0.7370341226124901,0.07130564366476097,0.5448359699459396,1.0,0.11001897533206832,0.3491286317924513,0.03406248209087939,0.049007245885340035,1.0,6449.43931096532
Kazakhstan,Mortalidad_Alta,0.22,0.1742134564281375,0.7304814364403747,0.06922434550390644,0.5151287626811883,1.0,0.1010246679316888,0.38198224919455565,0.03908605457213805,0.055162759124959146,1.0,5030.13494711519
Kazakhstan,Mortalidad_Alta,0.24,0.1474276831093718,0.7252450103727017,0.08028139591163105,0.5196542561947148,1.0,0.11840607210626186,0.29645300157683574,0.04152470059597338,0.05089545053956247,1.0,3577.35804001782
Kazakhstan,Mortalidad_Alta,0.23,0.14826889824896544,0.7207239430574433,0.08981656979482172,0.5351412588483474,1.0,0.12176470588235293,0.31110196603258433,0.0484555343340014,0.04870433044969117,1.0,2722.47407755402
Kazakhstan,Mortalidad_Alta,0.27,0.1265826697402418,0.716617783818585,0.09917219949280048,0.5173753874519893,1.0,0.15216318785578747,0.22636892379655985,0.045560816266565024,0.04685417306036047,1.0,1958.02050246511
Kazakhstan,Mortalidad_Alta,0.3,0.11734009310937998,0.7121539452035195,0.10086429241206321,0.5019720500405841,1.0,0.18045540796963946,0.188909169487536,0.04170205276094421,0.049336537453214174,0.6666666666666666,1573.55219932325
Kazakhstan,Mortalidad_Alta,0.23,0.10246320658146418,0.70738965591244,0.11008924961114532,0.48943574433002324,1.0,0.1470777988614801,0.2152829145667532,0.05935264403834189,0.047982392412873824,0.6666666666666666,1422.27331810957
Kazakhstan,Mortalidad_Alta,0.1,0.10637332889627306,0.7028828957722297,0.10231810217626114,0.4781453065296716,0.0,0.0683111954459203,0.5139633805894288,0.12690352038081162,0.05563013157566864,0.6666666666666666,1180.0444563226
Kazakhstan,Mortalidad_Alta,0.2828,0.14447240395946323,0.7017955504685598,0.15570705586969297,0.5417744498541245,0.0,0.24148007590132825,0.24655888987402086,0.06821390074532609,0.045157998893354,1.0,1217.79138769863
Kenya,Mortalidad_Alta,0.309,0.02460209033465818,0.6993919450604478,0.26589693657271624,0.5583398438279769,0.0,0.20990891840607206,0.03900951288380325,0.10651713782301629,0.019293778867268838,0.3333333333333333,2109.56288513137
Kenya,Mortalidad_Alta,0.295,0.02452108717312712,0.6661420702482295,0.2714765771742578,0.5549969022706491,1.0,0.2037571157495256,0.040728700425642694,0.11391055292401434,0.019200856849782146,0.3333333333333333,2061.35622089594
Kenya,Mortalidad_Alta,0.282,0.02428430388232712,0.6714500321911436,0.2869879304524303,0.5419523730172926,1.0,0.1974535104364326,0.04220228245588562,0.12596205655576168,0.018278409976026606,0.3333333333333333,1927.66459027849
Kenya,Mortalidad_Alta,0.321,0.024703961961506846,0.6906645682809929,0.2636818484791827,0.5645569501055265,0.0,0.22658823529411762,0.03770390258865585,0.10168206119294236,0.020374412713421892,0.3333333333333333,1960.40808854893
Kenya,Mortalidad_Alta,0.275,0.024823535788953875,0.6890335503254881,0.25676868243000417,0.5652306996777617,0.0,0.19724857685009486,0.04421993817401796,0.11558275927014533,0.021403204427981316,0.3333333333333333,1836.45275528993
Kenya,Mortalidad_Alta,0.247,0.024456763954715865,0.6876028328206596,0.2640928214109583,0.5633510598462627,0.0,0.18044592030360532,0.04851829534734651,0.13235121744738007,0.021163732566737124,0.3333333333333333,1667.48447230835
Kenya,Mortalidad_Alta,0.25,0.02421481711071769,0.6847557049860504,0.2532201274483375,0.5701059158897938,0.0,0.18358633776091082,0.047470446599626244,0.12538618710528143,0.022345422260604396,0.3333333333333333,1554.12610314423
Kenya,Mortalidad_Alta,0.27,0.024077849292117398,0.6812218327491237,0.24607095637757126,0.5665126461291187,1.0,0.20032258064516129,0.04371004686682678,0.11282476427586022,0.02336235471407754,0.3333333333333333,1489.11959777284
Kenya,Mortalidad_Alta,0.21,0.022549080515407847,0.6770870591601688,0.2318742117825786,0.5759022222289096,0.0,0.15979127134724858,0.05269609439817663,0.13670250540424525,0.025716251595162047,0.3333333333333333,1482.81566253497
Kenya,Mortalidad_Alta,0.22,0.021342995622072623,0.673352886472566,0.2352749272875933,0.5659348863627899,0.0,0.17074003795066411,0.04766317777681696,0.13239982086185526,0.025867962763845193,0.3333333333333333,1370.87885214659
Kenya,Mortalidad_Alta,0.21,0.02094416472258637,0.6706059088632947,0.23797277719677531,0.5610204470088094,0.0,0.16457305502846298,0.049019097919909556,0.14029285211733392,0.02581977588825629,0.0,1285.00536171512
Kenya,Mortalidad_Alta,0.22,0.021412460484698123,0.6669718864010301,0.23879520525309492,0.5560510399522754,0.0,0.17157495256166982,0.047815093511528975,0.1343780758719797,0.025579075012123382,0.3333333333333333,1096.14499807675
Kenya,Mortalidad_Alta,0.21,0.021274582218416726,0.6617068459832605,0.22200183592569098,0.576397086250498,0.0,0.16497153700189754,0.04977611207227835,0.13089044145136217,0.027987300150661427,0.3333333333333333,1091.51873101194
Kenya,Mortalidad_Alta,0.21,0.021326785314118742,0.6555261463624007,0.20538783342782527,0.5925448765266057,0.0,0.1669639468690702,0.049895713736060034,0.12110944785562226,0.030922691821021024,0.3333333333333333,1047.9678324485
Kenya,Mortalidad_Alta,0.22,0.020661253806772174,0.6479719579369052,0.2805793102460648,0.49802240408021015,0.0,0.17700189753320683,0.046172246896932743,0.15785906682098008,0.02206073531106424,0.0,915.54435473604
Kenya,Mortalidad_Alta,0.21,0.020668220946689124,0.6401316260104442,0.26020789367509845,0.49919551739465673,0.0,0.17891840607210627,0.048386887621579736,0.15338310727426838,0.025656239123573434,0.0,840.201439476765
Kenya,Mortalidad_Alta,0.21,0.02084107413362298,0.6351527290936403,0.2593602637153522,0.5006667859253957,0.0,0.18688804554079697,0.048782908747707264,0.15288409066409875,0.027044873219037584,0.0,699.80237063381
Kenya,Mortalidad_Alta,0.19,0.020557237552076068,0.627298089992131,0.3063959119364997,0.5449590061545273,1.0,0.17810246679316888,0.0531992064623353,0.1995827974191263,0.02376080346218373,0.0,523.456312433863
Kenya,Mortalidad_Alta,0.19,0.02038132320274825,0.6192431504399456,0.3151632882978524,0.46894668267822426,0.0,0.18927893738140417,0.052753747272027855,0.2052876450179477,0.02465982267125539,0.0,463.662781300121
Kenya,Mortalidad_Alta,0.2,0.019714101250625247,0.6109736032620359,0.32624198142891664,0.4667796142791757,0.0,0.21062618595825428,0.048510965474120364,0.20187162202948142,0.02525485203524905,0.0,442.898457253405
Kenya,Mortalidad_Alta,0.21,0.020199041189534788,0.602246226482581,0.3268687910839389,0.45061339256846644,0.0,0.23231499051233395,0.04731195750845661,0.19262770295347947,0.02663809634957851,0.0,402.936385605382
Kenya,Mortalidad_Alta,0.2,0.020536465917883898,0.5985549753201229,0.3521204209038635,0.4505887356064717,0.0,0.23225806451612904,0.05048927710818289,0.2178685314644565,0.02587559997485067,0.0,410.700452474814
Kenya,Mortalidad_Alta,0.25,0.020908555014626986,0.5925888833249875,0.36316269433132975,0.4645258610546992,0.0,0.3026565464895636,0.04110751100147127,0.17975550213847175,0.026191148473288028,0.0,414.626365130846
Kenya,Mortalidad_Alta,0.5,0.020819315840852864,0.5893268474139781,0.33314156548746937,0.4185065025377821,0.0,0.6736242884250474,0.020467884644304032,0.08245465618415392,0.03247435165614964,0.0,340.064842175429
Kuwait,Mortalidad_Baja,0.438,0.423240089311159,0.9431691090642935,0.004764619016995407,0.43754613371581186,0.0,0.06316508538899429,0.4654102224733073,0.0014376718295238218,0.24742640784308786,1.0,39981.7690981957
Kuwait,Mortalidad_Baja,0.47500000000000003,0.39729751378010314,0.9166833874505143,0.005657655254634728,0.5363723863847455,0.0,0.06850094876660341,0.40287997624147776,0.0015581208020391485,0.21002344183075036,1.0,34018.6342879647
Kuwait,Mortalidad_Baja,0.46,0.4112825861797514,0.9170323429394964,0.0059525557382972775,0.6900141162041111,0.0,0.06721062618595826,0.4306447670267456,0.001688187552951739,0.20268318695414722,1.0,25236.0755520534
Kuwait,Mortalidad_Baja,0.353,0.3871890944288987,0.962940927070048,0.00435930780387,0.549079475402218,0.0,0.05090702087286527,0.5283414994854779,0.0016419013022491845,0.2691033771216085,1.0,31707.8737464917
Kuwait,Mortalidad_Baja,0.36600000000000005,0.4530534532445723,0.9362810766672651,0.005314461721115372,0.5165686626276698,0.0,0.052781783681214424,0.59615767554693,0.0019062239373420417,0.22299687521220338,1.0,32067.9623689512
Kuwait,Mortalidad_Baja,0.413,0.44166971212180933,0.9335585259422234,0.006316597762950125,0.5740128328852082,0.0,0.05955977229601517,0.5150524875764628,0.0019892813988404167,0.18887043617592975,1.0,29047.6535822842
Kuwait,Mortalidad_Baja,0.44,0.4490104563512629,0.9301464391709522,0.006234336890947179,0.6187252239058011,0.0,0.06428842504743833,0.49147389071920405,0.0018440982032610724,0.1938393770906847,1.0,27323.6890643847
Kuwait,Mortalidad_Baja,0.43,0.45117556154486865,0.9258396305259289,0.006476526211146641,0.5928178875909536,0.0,0.06364326375711575,0.5053260552342896,0.0019566171156608293,0.18929258669573426,1.0,29882.2126867068
Kuwait,Mortalidad_Baja,0.43700000000000006,0.4024376225186446,0.9216015661122339,0.005374313723918004,0.40732796025154017,0.0,0.06633776091081595,0.44357216663986354,0.0016134497357373503,0.23240741173792967,1.0,44368.781373043
Kuwait,Mortalidad_Baja,0.46,0.45320137490709717,0.9167580639251562,0.00416622812590918,0.36137255478678815,0.0,0.07157495256166983,0.47448886617939096,0.0012080880264843062,0.3032338638457801,1.0,49651.0439709448
Kuwait,Mortalidad_Baja,0.45,0.48332728269465647,0.9117966147828014,0.004225668577267321,0.34586448754131405,0.0,0.07258064516129033,0.5172428527095915,0.001251264855653409,0.31030158626913595,1.0,52155.2225460479
Kuwait,Mortalidad_Baja,0.41000000000000003,0.48706495862548727,0.9068923943406395,0.005224972871912406,0.36922822746713,0.0,0.0684629981024668,0.5720916651598609,0.0016746691450359797,0.262950460490866,1.0,49169.6063983139
Kuwait,Mortalidad_Baja,0.43,0.5245192866111013,0.902227906319409,0.0053881434075703115,0.4628506199456167,0.0,0.0742504743833017,0.5873904490889269,0.0016436914292117743,0.2641688636229787,1.0,39212.2522190461
Kuwait,Mortalidad_Baja,0.43,0.4882072826836272,0.8980379977631947,0.002991157449491164,0.44975121743187374,0.0,0.07588235294117647,0.5467608984455097,0.0009545235428064266,0.4674061795246926,1.0,37907.1001320042
Kuwait,Mortalidad_Baja,0.48,0.49374071222243576,0.8945425106300564,0.0016964036381148415,0.6238900460783466,0.0,0.08652751423149906,0.49535306651140165,0.0005216108083193415,0.7849402619330499,1.0,55585.1889344442
Kuwait,Mortalidad_Baja,0.47000000000000003,0.4414782936812686,0.891983271073858,0.0023708982720125754,0.5475532245739555,0.0,0.08561669829222011,0.45239272484457244,0.0007101313878932022,0.5942264393845587,1.0,45709.4132876371
Kuwait,Mortalidad_Baja,0.46,0.48457457849697105,0.8902308166081878,0.002664490445712137,0.5072019380976164,0.0,0.08554079696394687,0.5073030263851516,0.0008044758647839983,0.546845486772918,1.0,42946.6374104066
Kuwait,Mortalidad_Baja,0.53,0.5572857941284832,0.8889874882009428,0.003485108835837836,0.44975121743187396,0.0,0.09956356736242886,0.5063071014292251,0.000889647007240785,0.4328777437164105,1.0,36122.6142741227
Kuwait,Mortalidad_Baja,0.7000000000000001,0.5086413907761829,0.887941668600462,0.004793680280845699,0.5292688506724977,0.0,0.13282732447817835,0.3499122848876061,0.0009047044850524266,0.324732164393293,1.0,27552.2827399787
Kuwait,Mortalidad_Baja,0.7000000000000001,0.47105493360705797,0.8867524282940096,0.00542814277936067,0.6051791130188411,0.0,0.13548387096774192,0.32407816861940475,0.0010167606912948842,0.29441746687492687,1.0,22690.655175144
Kuwait,Mortalidad_Baja,0.7000000000000001,0.45020138638847534,0.8851367643800201,0.006211971501160557,0.7661398710792735,0.0,0.13681214421252372,0.30974500172833025,0.0011551973571567102,0.26130835186743956,1.0,18512.7523035862
Kuwait,Mortalidad_Baja,0.7000000000000001,0.45716047880978605,0.8830294221820529,0.005324865910109559,0.6061302583388178,0.0,0.13946869070208728,0.3145281607774619,0.0009985203474007082,0.3087724361627369,1.0,17374.2318664227
Kuwait,Mortalidad_Baja,0.7000000000000001,0.4401420227753431,0.8807622583701338,0.0041667625406044285,0.7732567587269036,0.0,0.14079696394686908,0.3028309484033139,0.0007939808035709134,0.3929045983669452,1.0,19296.3471698729
Kuwait,Mortalidad_Baja,0.5834,0.4056281859365731,0.8772409485308104,0.004974369382895433,0.7085351782952839,0.0,0.13505654648956356,0.3348921921417241,0.0011238120424845019,0.38326395506115285,1.0,16168.165602374
Kyrgyz Republic,Mortalidad_Media,0.28800000000000003,0.029482754513318093,0.8209997923714845,0.13884244804347262,0.508179470715967,1.0,0.08251992409867173,0.05000750574072819,0.059742707793034956,0.014929457998139,0.3333333333333333,1739.72018344174
Kyrgyz Republic,Mortalidad_Media,0.337,0.027200333895882896,0.8188711638886903,0.1567555348299907,0.5084128472191766,1.0,0.09783870967741935,0.03947782235138953,0.05762764337361462,0.013064366460499048,0.3333333333333333,1349.99730650542
Kyrgyz Republic,Mortalidad_Media,0.32,0.025643601841353846,0.8174404463838614,0.15368557210901373,0.504457223764397,1.0,0.09472485768500949,0.039234498117657314,0.05950303974254052,0.013717906115631116,0.3333333333333333,1229.51766602907
Kyrgyz Republic,Mortalidad_Media,0.272,0.027852316866609498,0.814579011374204,0.13095923446472013,0.5003190854398146,1.0,0.08309677419354838,0.050065121782918255,0.059673856193308034,0.01730405995717161,0.3333333333333333,1421.99927504102
Kyrgyz Republic,Mortalidad_Media,0.294,0.0323631922040284,0.8117175763645468,0.14742903192492116,0.4939509393891719,1.0,0.0931650853889943,0.05370074722732293,0.06213424932447528,0.015689532668669702,0.3333333333333333,1283.5203037417
Kyrgyz Republic,Mortalidad_Media,0.303,0.027844130929161562,0.8088561413548894,0.1580507834784268,0.4958295021279394,1.0,0.10061669829222011,0.04492994932222393,0.06462260372808211,0.015264620086962275,0.3333333333333333,1221.39046807082
Kyrgyz Republic,Mortalidad_Media,0.27,0.02852391805829368,0.8052967953672665,0.16209923823914343,0.4982909968451489,1.0,0.09426944971537002,0.05163273698063581,0.0743746820362605,0.01573291191341279,0.3333333333333333,1103.27489428412
Kyrgyz Republic,Mortalidad_Media,0.24,0.030137739787666026,0.8010046428527806,0.17761869248108236,0.521113174699054,1.0,0.08834914611005693,0.061322054737323634,0.09166605215667639,0.015017086580001228,0.3333333333333333,1105.65193844261
Kyrgyz Republic,Mortalidad_Media,0.192,0.03164188027950026,0.7974452968651577,0.1859447983667151,0.503577378911193,1.0,0.07432258064516128,0.08042175322992258,0.11994384778043618,0.015100330499666964,0.3333333333333333,1264.52668823891
Kyrgyz Republic,Mortalidad_Media,0.21,0.03084893572604471,0.7945838618555003,0.1849223449912524,0.4924180515087979,1.0,0.08567362428842505,0.07171175772216083,0.10906100791121254,0.016199662749714634,0.3333333333333333,1269.66303464348
Kyrgyz Republic,Mortalidad_Media,0.2,0.03348977051486692,0.7917224268458429,0.2104401388612369,0.5084478688019535,1.0,0.08614800759013283,0.0816502379373855,0.13028803254172236,0.014795274101836635,0.3333333333333333,1168.62244675446
Kyrgyz Republic,Mortalidad_Media,0.19,0.027245283732338626,0.7859995568265299,0.20931531230944067,0.47225954292608074,1.0,0.08652751423149906,0.07013501441423044,0.13641338357761543,0.0159343475729856,0.3333333333333333,1117.40174350185
Kyrgyz Republic,Mortalidad_Media,0.18,0.022920645542561353,0.7816725087631446,0.2204894444272851,0.489056995531995,1.0,0.0877798861480076,0.062471944488955704,0.1516667442574301,0.016254550026421635,0.3333333333333333,876.954476440354
Kyrgyz Republic,Mortalidad_Media,0.21,0.024385241937894115,0.7788459693023864,0.2370996866082297,0.49543386801098177,1.0,0.10918406072106261,0.05690289397869698,0.13977884632877316,0.01608951714801927,0.3333333333333333,870.198894546917
Kyrgyz Republic,Mortalidad_Media,0.22,0.027112834976551925,0.7695288577465496,0.2968948249709102,0.4488095171759251,1.0,0.12231499051233397,0.06028149085736808,0.16702773164332899,0.013262486835480496,0.3333333333333333,966.388569370494
Kyrgyz Republic,Mortalidad_Media,0.23,0.025566194880751916,0.7615726725977465,0.33985650969169356,0.44575266993496865,1.0,0.13529411764705881,0.05442520336343468,0.18285871537417986,0.012010271851851734,0.3333333333333333,721.771577544361
Kyrgyz Republic,Mortalidad_Media,0.22,0.022076440002951947,0.7587112375880893,0.3626376197013511,0.4210865011331905,1.0,0.1360910815939279,0.04926717925008527,0.2039725451863545,0.011789923827592022,0.3333333333333333,543.113512472219
Kyrgyz Republic,Mortalidad_Media,0.21,0.022685067904477954,0.7624450613202032,0.36014430415971854,0.41028608661430105,1.0,0.13588235294117648,0.05300765289422736,0.21221765909625542,0.012593533013114727,0.3333333333333333,476.548193640077
Kyrgyz Republic,Mortalidad_Media,0.22,0.022654255720719076,0.7652716007809628,0.37813008946128757,0.3780243832886095,1.0,0.14903225806451614,0.05053082961913561,0.21267869175266083,0.012548504104065822,0.3333333333333333,433.233873286
Kyrgyz Republic,Mortalidad_Media,0.22,0.023274929806574,0.7667372138346891,0.4251811223952005,0.3570111705207975,1.0,0.15654648956356737,0.05188820882072849,0.23911948493581534,0.0115066330408873,0.3333333333333333,380.505828812441
Kyrgyz Republic,Mortalidad_Media,0.22,0.022070685727629224,0.7653064963298604,0.4350846839890026,0.3419048382777798,1.0,0.16489563567362428,0.049254594974663904,0.24468488929678125,0.011941640250257566,0.3333333333333333,321.726775366804
Kyrgyz Republic,Mortalidad_Media,0.22,0.019777194605743082,0.7731928903808669,0.4368084287804342,0.2922179160127342,1.0,0.1740796963946869,0.04423885931107792,0.24565356472617722,0.012727200257241821,0.0,308.41129550148
Kyrgyz Republic,Mortalidad_Media,0.3,0.021517465485828335,0.7710642618980741,0.43233730808519166,0.2682364861341099,1.0,0.2504743833017078,0.035232804584008175,0.17830338111112154,0.013786090868483458,0.3333333333333333,279.621738464365
Kyrgyz Republic,Mortalidad_Alta,0.25,0.023810988992979603,0.7314578138985477,0.5145225956299568,0.33292284356189417,0.0,0.2618595825426945,0.046693275210543145,0.2546067120966294,0.014713695772441875,0.3333333333333333,364.250365258345
Latvia,Mortalidad_Media,0.611,0.1041527268328003,0.8528943240644937,0.06393641102692524,0.628263471494589,1.0,0.03130360531309299,0.08236979566226273,0.013003565387262309,0.0037575752879338395,0.6666666666666666,20227.2307431581
Latvia,Mortalidad_Media,0.47700000000000004,0.10978649950549037,0.8343298920506201,0.05290985143656835,0.6291528625687056,1.0,0.02624857685009488,0.11119184191463023,0.013798641362768987,0.00585099065078384,0.6666666666666666,20261.8887788916
Latvia,Mortalidad_Baja,0.46399999999999997,0.10402674676627975,0.8658754682546461,0.0512957485774346,0.637849313209347,1.0,0.028174573055028462,0.10833476867329338,0.013755169173545023,0.007113648235961638,0.6666666666666666,17564.2321549354
Latvia,Mortalidad_Baja,0.355,0.10829444974227319,0.8687717988132027,0.0484387778394263,0.6459575739311879,1.0,0.022903225806451613,0.1473820909666434,0.016983627736371246,0.008412958622543078,0.6666666666666666,17294.9751600969
Latvia,Mortalidad_Media,0.454,0.1110915420716779,0.860117702686434,0.04600400862726054,0.6478356535333663,1.0,0.031013282732447817,0.11820793077578985,0.012617124376978917,0.00975391343384587,0.6666666666666666,17252.1710428626
Latvia,Mortalidad_Media,0.6729999999999999,0.10467403245502153,0.8579192831058429,0.04554479169545909,0.6496739286930615,1.0,0.047250474383301704,0.07515417483655802,0.008427044484630166,0.010250907708211592,0.6666666666666666,15132.4958333982
Latvia,Mortalidad_Media,0.55,0.10036833454852939,0.8572213721278774,0.041755239336825276,0.6604850791193824,1.0,0.04174573055028463,0.08819485386741581,0.00945980750223619,0.01266916311433802,0.6666666666666666,13838.5266823272
Latvia,Mortalidad_Media,0.53,0.09959857244513136,0.85579065462305,0.04465495177593646,0.657711159907538,1.0,0.04324478178368121,0.09082418083926602,0.010493186760536443,0.012760263254385685,0.6666666666666666,13321.9753140616
Latvia,Mortalidad_Media,0.436,0.1005813886516022,0.8506959044839029,0.04543891835544661,0.6596952840516939,1.0,0.038056925996204936,0.11149008218643332,0.012977779111693429,0.013586560702909702,0.6666666666666666,15185.814581236
Latvia,Mortalidad_Media,0.42,0.09963273274632307,0.8486719626478043,0.04032213802226085,0.6509900415899988,1.0,0.03984819734345351,0.1146505983524894,0.011965995539044429,0.01736578682821835,0.6666666666666666,14484.4715282132
Latvia,Mortalidad_Media,0.43,0.10030521248166112,0.8457407365403504,0.0443816375244432,0.6453287052892815,1.0,0.04487666034155598,0.1127367438591871,0.012854880978949566,0.017368370941820355,0.6666666666666666,13329.3499931271
Latvia,Mortalidad_Media,0.45,0.0954618316903548,0.8428444059817957,0.047481588413044215,0.6435477256256739,1.0,0.051233396584440226,0.10254781278523349,0.013135220872559274,0.017785422052168275,0.6666666666666666,12902.574053337
Latvia,Mortalidad_Media,0.5,0.0992974236102352,0.841518375123661,0.05176024756192125,0.6531154147941585,1.0,0.061669829222011384,0.09598384966596311,0.012879650103797269,0.01766621256239522,0.6666666666666666,11188.4191700977
Latvia,Mortalidad_Media,0.48,0.09497173313820735,0.8357606095554488,0.0412681988835693,0.6661444171964969,1.0,0.06284629981024668,0.09564732462556509,0.010713918213707114,0.024570896973761993,0.6666666666666666,11996.0322729773
Latvia,Mortalidad_Media,0.47000000000000003,0.09731289743869959,0.8263039158040202,0.038793343980297816,0.6513393411181281,1.0,0.06510436432637572,0.10007896712250881,0.01029087557917506,0.028052177509937375,0.6666666666666666,15677.6080864506
Latvia,Mortalidad_Media,0.42,0.10070886351628985,0.806273870736419,0.04338339083748773,0.6343732368020368,1.0,0.06136622390891841,0.11588335120750567,0.012867105737641098,0.026297421919899353,0.6666666666666666,13370.9789452508
Latvia,Mortalidad_Media,0.4,0.09767453305641637,0.8040754511558279,0.04299329317035618,0.6403575565710773,1.0,0.06148007590132827,0.11802776854796422,0.01338989044185839,0.028115436392730217,0.6666666666666666,9211.7374468148
Latvia,Mortalidad_Media,0.38,0.09342370725701088,0.8110894564843778,0.048619785553366324,0.6510869356948142,1.0,0.06201138519924099,0.11885767859383771,0.015925173796902642,0.02622051384687699,0.6666666666666666,7283.78738127622
Latvia,Mortalidad_Media,0.37,0.09057121907332372,0.8206857324313999,0.054913528086212186,0.6408283577482482,1.0,0.06459203036053131,0.1183608300350997,0.018458564403081645,0.024682063048782506,0.6666666666666666,6109.73265186817
Latvia,Mortalidad_Media,0.34,0.08726895632811847,0.8097983211751427,0.05158972033002112,0.6427778939590457,1.0,0.06258064516129032,0.12413146297495148,0.01887865461705776,0.02809184542733493,0.6666666666666666,4914.57992829302
Latvia,Mortalidad_Media,0.34,0.08138871894308615,0.8054363775628599,0.05823694053227026,0.6316899349225328,1.0,0.06645161290322582,0.11581044998785615,0.021295724164189494,0.026250114246914237,0.6666666666666666,4003.60935783538
Latvia,Mortalidad_Media,0.34,0.08119840889875438,0.8025749425532027,0.05638083765679202,0.6335853053435618,0.0,0.06967741935483873,0.11554114583450852,0.02062080598784503,0.028698883249498146,0.6666666666666666,3504.61829462397
Latvia,Mortalidad_Media,0.27,0.07466731882380298,0.7961890571048216,0.05724890187098717,0.6159094430062332,0.0,0.05943074003795066,0.13385815549948493,0.02636442161072837,0.030551128255420563,0.6666666666666666,3278.17896440803
Latvia,Mortalidad_Alta,0.2902,0.0853923677045323,0.740056077147079,0.10160828033076907,0.529502594152519,1.0,0.08700493358633778,0.142321911984555,0.043427277495091204,0.022742712034757872,0.6666666666666666,2256.77360387054
Lebanon,Mortalidad_Baja,0.228,0.028205068907910198,0.906187853208384,0.014726008339538478,0.9369869537492492,0.0,0.06532827324478178,0.06047119238108799,0.008163326889529086,0.16523632022505855,0.3333333333333333,3654.35845534878
Lebanon,Mortalidad_Media,0.27899999999999997,0.044695114870797144,0.8439087202231919,0.01739118153800445,1.0,0.0,0.07570588235294118,0.07785393499238516,0.007852104034745932,0.13230105737270165,0.3333333333333333,4045.37391066234
Lebanon,Mortalidad_Baja,0.25,0.057527783759409416,0.8818084269261035,0.03862835136918372,0.9232968649345006,0.0,0.06404174573055028,0.1115815954464583,0.019265253167143406,0.054927404708778674,0.6666666666666666,5561.19166950397
Lebanon,Mortalidad_Baja,0.182,0.06853377324638088,0.9091208240932827,0.039778110950452146,0.8308364119056946,0.0,0.044204933586337765,0.18236639566065982,0.027244282528135245,0.050325365199672026,0.6666666666666666,8905.88005497437
Lebanon,Mortalidad_Baja,0.20199999999999999,0.06599697968711996,0.9099077187209386,0.04057285031274257,0.8043617221163445,0.0,0.047146110056926,0.15826813193066755,0.02503323753233127,0.047229237113325995,0.6666666666666666,9174.53666204759
Lebanon,Mortalidad_Baja,0.233,0.0680387081217995,0.9088919092925101,0.03501722033744944,0.7864367508119149,0.0,0.0521707779886148,0.1414270151165347,0.018754785056657935,0.052794695716928464,0.6666666666666666,8608.21084982387
Lebanon,Mortalidad_Baja,0.27,0.06248679669896667,0.9105229272480149,0.03418496222487819,0.7725685167372969,0.0,0.058406072106261864,0.11215302512596917,0.015803599517030788,0.05219996378022976,0.6666666666666666,8089.012088155
Lebanon,Mortalidad_Baja,0.28,0.059144134516228,0.910079404821518,0.04124063565336769,0.7680532619608136,0.0,0.05950664136622391,0.10240382070953437,0.018354546671552736,0.04197101819731452,0.6666666666666666,7714.1099998804
Lebanon,Mortalidad_Baja,0.245,0.05489324126269069,0.9082623935903855,0.05058227583510489,0.7672108247536533,0.0,0.05113851992409867,0.10868509302489256,0.025690575603478757,0.03300377177348654,0.6666666666666666,7577.6413302369
Lebanon,Mortalidad_Baja,0.25,0.05701739959414828,0.9066742971600257,0.0497292027789953,0.7483988801668495,0.0,0.051707779886148005,0.11059935584188657,0.02475489839326417,0.033286807629591166,0.6666666666666666,8162.37929361396
Lebanon,Mortalidad_Baja,0.25,0.06375373733544784,0.9053008083553902,0.04731364835155551,0.7584751660280927,0.0,0.051707779886148005,0.12356350749398655,0.02356034706188527,0.035141929534558955,0.6666666666666666,8406.98405608118
Lebanon,Mortalidad_Baja,0.25,0.057884845352351194,0.9028256670720365,0.047820871379073523,0.7650139943815217,1.0,0.05218216318785579,0.11226876417489927,0.023811181377992926,0.0350859304000388,0.6666666666666666,7834.96257108993
Lebanon,Mortalidad_Baja,0.3,0.05861295346969522,0.899406252235496,0.04854666591233236,0.745878105710704,0.0,0.06318785578747628,0.09472501314751056,0.02014175391888364,0.03485967229581163,0.6666666666666666,7625.81051551165
Lebanon,Mortalidad_Baja,0.3,0.061577984628104224,0.8955862364976035,0.04967190997955038,0.715387344362513,0.0,0.06489563567362429,0.09948020742208293,0.020605471407283096,0.035009045625382366,0.6666666666666666,7090.85493856621
Lebanon,Mortalidad_Baja,0.36,0.04880564991979355,0.8912082409328277,0.05689843765196889,0.7524492490036591,0.0,0.07992409867172676,0.06583038796217036,0.01965295981000514,0.03105207356847467,0.3333333333333333,5912.04532820842
Lebanon,Mortalidad_Baja,0.31,0.03778342520923655,0.8880034337220115,0.061592153236303016,0.7332136339316621,0.0,0.07176470588235294,0.059341430012358067,0.024694693889602045,0.029804806725090005,0.3333333333333333,5125.25809960149
Lebanon,Mortalidad_Baja,0.27,0.04529745721093204,0.8729093640460692,0.05623843123779789,0.7565112439485622,0.0,0.06506641366223909,0.08152241251358672,0.025901733936733434,0.034423418519251965,0.3333333333333333,4635.2514117486
Lebanon,Mortalidad_Baja,0.3,0.04964531110432247,0.8785893125402389,0.04497368153975857,0.7376724924075636,0.0,0.076280834914611,0.0803430794159559,0.018669313061286646,0.04640051917798884,0.3333333333333333,4602.19804637945
Lebanon,Mortalidad_Baja,0.1,0.05287479427698079,0.8731382788468416,0.04802716516434583,0.7140904946527682,0.0,0.026755218216318787,0.2565671726627217,0.05978299687626759,0.04569445009377963,0.6666666666666666,4600.68371412993
Lebanon,Mortalidad_Baja,0.1,0.05325714500963904,0.8671578796766579,0.06910462393985678,0.6058413056668964,0.0,0.028273244781783682,0.25840676751115227,0.0858413068819919,0.03275693099804119,0.6666666666666666,4437.71588507526
Lebanon,Mortalidad_Media,0.1,0.054090394451146565,0.8608770298304598,0.07133898484093053,0.6124727882045282,0.0,0.029791271347248578,0.26241576043081516,0.08860367352424085,0.033508426232086275,0.6666666666666666,4290.85283803266
Lebanon,Mortalidad_Media,0.1,0.055225398019322164,0.8539809714571858,0.07387254429830005,0.6270723193509674,0.0,0.03149905123339659,0.26787657569446033,0.09173594285809318,0.03428965991367455,0.6666666666666666,4009.55929751102
Lebanon,Mortalidad_Media,0.1,0.05230907971677401,0.8474139781100221,0.07861068663626229,0.6279780028242817,0.0,0.0333965844402277,0.2538453638580066,0.09759376391749529,0.03416194786550681,0.6666666666666666,3986.83513941026
Lebanon,Mortalidad_Media,0.41979999999999995,0.05129879725542179,0.8257815294370126,0.08566424671753252,0.615254134368757,0.0,0.17763833017077799,0.05931029448411415,0.025324955489722387,0.04027294265128549,0.3333333333333333,2958.74263957462
Lesotho,Mortalidad_Alta,0.428,0.021077853604491673,0.6030045067601402,0.07498288646897577,0.4973439587152524,0.0,0.46779506641366225,0.024201710215301528,0.021754362601274668,0.12521365317025449,0.3333333333333333,1030.12579628833
Lesotho,Mortalidad_Alta,0.322,0.018771555784622626,0.5657629301094498,0.07505120996065409,0.4943592401875434,0.0,0.36538140417457304,0.028722697113293637,0.02894196927615454,0.1300013063695657,0.0,1066.58643600093
Lesotho,Mortalidad_Alta,0.29600000000000004,0.013280935399034502,0.5789827598540667,0.06684354135258057,0.5178505615887791,0.0,0.34374193548387094,0.022321011963195945,0.028056048616565236,0.14979156303792487,0.0,918.582577421982
Lesotho,Mortalidad_Alta,0.309,0.019319688378237304,0.580642392159668,0.056163348447375624,0.5262781258271764,0.0,0.3711518026565465,0.030784563695197806,0.022602542360174633,0.18498126093581935,0.0,1082.05706777516
Lesotho,Mortalidad_Alta,0.329,0.015364421243189211,0.5719007082051648,0.05345471208633676,0.5243039541704623,0.0,0.4051631878557875,0.023129003206273514,0.02021067991654016,0.19946237913775236,0.0,1170.65569702819
Lesotho,Mortalidad_Alta,0.396,0.019008134934877904,0.5609700264682738,0.062488894320050406,0.5480675580528663,1.0,0.5124705882352941,0.023642760671308095,0.019611667322960623,0.1791289153112732,0.0,1069.36673247542
Lesotho,Mortalidad_Alta,0.49,0.01775249984126395,0.5471492953716288,0.06198891923912641,0.5347414004442851,0.0,0.6350474383301707,0.017874311316114798,0.01572328112861502,0.1808622005422585,0.0,992.491840678465
Lesotho,Mortalidad_Alta,0.49,0.0213974455660345,0.5317261606695758,0.04753350996140986,0.5140870974585561,0.0,0.6443453510436432,0.021453258124433234,0.012076058193263395,0.23999445263415897,0.3333333333333333,1121.19851342518
Lesotho,Mortalidad_Alta,0.371,0.015413208432379956,0.5167894699191644,0.0497964725016809,0.531585760582804,0.0,0.5012371916508539,0.02057389465608047,0.016703615183809136,0.23537986579236875,0.0,1173.5377928819
Lesotho,Mortalidad_Alta,0.35000000000000003,0.02066596809758653,0.49906288003433713,0.06376381476797124,0.5522961907380541,0.0,0.48349146110056923,0.029029035693378197,0.022639543352205416,0.18755999000990034,0.0,1151.03735837227
Lesotho,Mortalidad_Alta,0.35000000000000003,0.01859517291900629,0.48029186637098503,0.06162432445732223,0.5291207604749095,0.0,0.4854838709677419,0.026182416594889853,0.021883807061833703,0.19496491015133785,0.0,1217.93071228944
Lesotho,Mortalidad_Alta,0.33,0.02109338847932243,0.46162100293297087,0.057177688538129254,0.5181774011046432,0.0,0.4589943074003795,0.03141153402717708,0.021544211051087937,0.21088013212444656,0.3333333333333333,1280.73390931581
Lesotho,Mortalidad_Alta,0.32,0.022806855849997584,0.4489591530152371,0.06120500136036209,0.5404232936085199,0.0,0.4620872865275142,0.03496938327489557,0.023773409576055577,0.20450826583272896,0.3333333333333333,1119.47557793042
Lesotho,Mortalidad_Alta,0.33,0.010071956677864978,0.43479504971743327,0.06932166007668683,0.5409189081331434,0.0,0.49030360531309297,0.015342701081390124,0.02609382763901877,0.18559880389467734,0.0,878.847950537772
Lesotho,Mortalidad_Alta,0.32,0.013194438469455864,0.42405036125616996,0.06164634616829087,0.4760139663427013,0.0,0.5045920303605312,0.02051688588193439,0.02394392200515867,0.22200753066058046,0.0,898.482517882593
Lesotho,Mortalidad_Alta,0.34,0.0,0.4148365405250732,0.06155697295992005,0.48262197220640324,0.0,0.5174193548387097,0.0006388092897575616,0.022502958020177443,0.21445876916490716,0.0,861.188420899563
Lesotho,Mortalidad_Alta,0.3,1.9042974902402877e-06,0.40799771085199227,0.06095935018472568,0.46756088568162635,0.0,0.4650853889943074,0.0007270378952374956,0.025257069735940475,0.220694712303031,0.0,925.467485502842
Lesotho,Mortalidad_Alta,0.3,0.0003327093003378289,0.4141354889477072,0.07144281629852231,0.48380378999309526,0.0,0.4633776091081594,0.0012575692696142895,0.029577347191861246,0.187273780013395,0.0,861.381496414995
Lesotho,Mortalidad_Alta,0.3,0.00020780683618707119,0.42025895986837397,0.07540245518073789,0.48178907947189975,0.0,0.45654648956356736,0.0010572558662541843,0.03120912988765403,0.17464686139176666,0.0,766.685820928242
Lesotho,Mortalidad_Alta,0.3,0.013581151559241802,0.4328778882609628,0.07999491239544484,0.4878903684932636,0.0,0.450853889943074,0.022504872724714242,0.03310169949741965,0.16238078249534388,0.0,583.270036200288
Lesotho,Mortalidad_Alta,0.3,0.019716678376155455,0.44759997138564994,0.08060778159860371,0.4864072688787223,1.0,0.4468690702087286,0.03234477673669373,0.03335426529704109,0.15967291521415464,0.0,388.92334985135
Lesotho,Mortalidad_Alta,0.3,0.019759345583741674,0.4648115029687388,0.10469845280051822,0.47688522608598494,0.0,0.44573055028463,0.03241320463858966,0.04328212527787893,0.1219704578124875,0.0,412.677473676821
Lesotho,Mortalidad_Alta,0.3,0.016649825840784484,0.4881321982974461,0.09872835215806892,0.5116374694922192,0.0,0.444022770398482,0.02742628555126584,0.04082182341443246,0.1290116449419476,0.0,442.779545779081
Lesotho,Mortalidad_Alta,0.209,0.012093161077561641,0.5966521210387008,0.1107954377244979,0.5331124416566119,0.0,0.3010075901328273,0.02887822272545023,0.06573404303947,0.11146810664186454,0.0,513.413448796175
Liberia,Mortalidad_Alta,0.251,0.01565006760647133,0.6762858573574646,0.45784262302929624,0.3522751003509336,0.0,0.2567153700189754,0.03086404143408553,0.22567436811176647,0.016465639805336284,0.0,744.617175237387
Liberia,Mortalidad_Alta,0.27,0.015637717451180384,0.6652979469203804,0.46690966421956764,0.35621312894137097,0.0,0.28383301707779884,0.028670119998366585,0.213945316128971,0.016621482073848528,0.0,667.96610514319
Liberia,Mortalidad_Alta,0.23800000000000002,0.013005326163267822,0.6667429716002575,0.4969388017830923,0.38053019856989323,0.0,0.25651612903225807,0.027203429978748035,0.25830997027221775,0.015891410889712434,0.0,616.787867006715
Liberia,Mortalidad_Alta,0.242,0.02499954802515211,0.6662422204735674,0.4608053625853518,0.3979826753783972,0.0,0.2672561669829222,0.05059986504168172,0.2355807990473176,0.017905519365945796,0.3333333333333333,658.164180770507
Liberia,Mortalidad_Alta,0.32,0.01743711610258481,0.6629086486873166,0.44890338287471004,0.4160681174187242,0.0,0.3606831119544592,0.026895852275559212,0.17355968009228073,0.018916250211065497,0.0,692.203127129794
Liberia,Mortalidad_Alta,0.314,0.01743711610258481,0.6597324558265969,0.4545467188497742,0.431475960031235,0.0,0.36107020872865275,0.02740978575853168,0.17909805697035433,0.019083888823068183,0.0,699.269095727404
Liberia,Mortalidad_Alta,0.37,0.014378941160981646,0.6555261463624007,0.4542442194594872,0.4514404079819595,1.0,0.43388994307400375,0.019284595681861083,0.1518902473879598,0.019542367450344475,0.0,714.613063145659
Liberia,Mortalidad_Alta,0.38,0.017437116102584815,0.6378567851777666,0.43507149914894805,0.4340263010271118,0.0,0.4564326375711575,0.022649138758365654,0.14165538312636816,0.021127209641997102,0.0,692.590082351257
Liberia,Mortalidad_Alta,0.33799999999999997,0.016358101324853123,0.6373131125259317,0.46158914500621656,0.39086873282519363,1.0,0.4265085388994307,0.023927600453785332,0.16895696245951217,0.020888855224947038,0.0,706.714490064507
Liberia,Mortalidad_Alta,0.32,0.01636089395495528,0.6485013234136918,0.49994674600533356,0.3458204984104953,0.0,0.39893738140417456,0.02527772676486834,0.1932801518881078,0.018765358404094833,0.0,710.744570927863
Liberia,Mortalidad_Alta,0.33,0.019322248867732022,0.6455397381786965,0.5908490020678646,0.3205125293489448,0.0,0.42142314990512336,0.028829279102862364,0.22147879199346943,0.015826940791608384,0.0,638.368751462083
Liberia,Mortalidad_Alta,0.31,0.0064964056338125435,0.6412618928392588,0.5603207868901824,0.4669538121475607,0.0,0.40588235294117647,0.010783210051508728,0.2235927814060623,0.017378056251489273,0.0,568.087865520004
Liberia,Mortalidad_Alta,0.24,0.009306825851157413,0.6394305744330782,0.5666426353537724,0.4988756978180594,0.0,0.3224288425047438,0.019562357539846757,0.29206391579769614,0.01768093507156637,0.0,492.252808033724
Liberia,Mortalidad_Alta,0.21,0.00996542118970494,0.6358251663209098,0.7341486096187608,0.3478489510382839,0.0,0.2904933586337761,0.023865877117444118,0.4324014298007544,0.013375953471006402,0.0,448.386367025545
Liberia,Mortalidad_Alta,0.142,0.00996542118970494,0.6296587738750983,0.8244946669589348,0.242618582541607,0.0,0.2034345351043643,0.03529460700467088,0.7181259824652695,0.01207881738635334,0.0,451.713856283285
Liberia,Mortalidad_Alta,0.32799999999999996,0.016961643549440623,0.6221045854496028,0.8298553850727272,0.2511790840358028,1.0,0.4898216318785579,0.025542407825250114,0.3129165896063485,0.012627195273841573,0.0,374.211308104278
Liberia,Mortalidad_Alta,0.23199999999999998,0.010483502191497962,0.6127763073181198,0.8073268296237566,0.27196879237644295,0.0,0.36450853889943075,0.02267714334561758,0.43039400690995094,0.013924532052796377,0.0,320.55808618515
Liberia,Mortalidad_Alta,0.26,0.01043236706693648,0.6023320695328707,0.835355246290316,0.23123296292107992,0.0,0.43366223908918405,0.020140364373713172,0.3973715219121246,0.014372232536401007,0.0,287.487333441381
Liberia,Mortalidad_Alta,0.22,0.01043236706693648,0.5906574146934687,0.8228853423050294,0.23633887546036436,0.0,0.3919924098671727,0.02380224880529739,0.46261330368945686,0.01586467338463782,0.0,284.140223992458
Liberia,Mortalidad_Alta,0.14,0.015478995496424081,0.5491093783532441,0.9139169079085648,0.1978330029660384,0.0,0.2677798861480076,0.05474690634779175,0.8073519018275834,0.015224419865319706,0.0,239.779556677091
Liberia,Mortalidad_Alta,0.26,0.009339307205569997,0.5636454682023033,1.0,0.13016657308766882,0.0,0.5338140417457305,0.018117667250721708,0.4756608465532444,0.014873164330694957,0.0,299.536445539621
Liberia,Mortalidad_Alta,0.26,0.009339307205569997,0.5500250375563345,0.9682499362817835,0.14752209386027698,0.0,0.5722960151802656,0.0181176672507217,0.4605635477337832,0.016822130487978686,0.0,300.463828598983
Liberia,Mortalidad_Alta,0.26,0.009339307205569997,0.5320409185206381,0.9624404467494524,0.15087897994410032,0.0,0.6112713472485769,0.0181176672507217,0.4578011092002248,0.018322361714923473,0.0,298.485340578945
Liberia,Mortalidad_Alta,0.264,0.016532726981375354,0.42789899134415904,0.5853062693093917,0.2963850666569453,0.0,0.7985123339658443,0.030952826416211242,0.27425282875980583,0.04243381292146967,0.0,62.1438140627579
Libya,Mortalidad_Media,0.25579999999999997,0.11738910606233421,0.8555261463624007,0.02101412738625315,0.22950367862752497,0.0,0.040772675521821636,0.2216432069193788,0.010315270050548081,0.06283150411096765,0.6666666666666666,5986.63694851258
Libya,Mortalidad_Media,0.21,0.10947330201835931,0.8211889262465126,0.02408686300988914,0.29394607458122346,0.0,0.034667931688804554,0.2518467649642385,0.014373961883047931,0.056573175354765554,0.6666666666666666,4935.82787349801
Libya,Mortalidad_Media,0.189,0.07784629698242693,0.825853065312254,0.05442912667742974,0.9336543561187609,0.0,0.03227703984819734,0.1993184977295505,0.035818950865923946,0.024315884821131357,0.6666666666666666,6650.33810585348
Libya,Mortalidad_Media,0.158,0.15798433311538637,0.8337649331139567,0.025514187624485405,0.5665819524791784,0.0,0.027582542694497156,0.482454531060089,0.02022147984218319,0.05651727350070272,1.0,9963.19489084483
Libya,Mortalidad_Media,0.231,0.1413528989511121,0.8367694398740968,0.045992383698781523,0.5307400109291226,0.0,0.04164136622390892,0.2953505374179469,0.02479107040509907,0.031159898312468494,1.0,11196.5854810844
Libya,Mortalidad_Media,0.267,0.16131534211902002,0.8306173546033335,0.04870887388554989,0.6569914048551095,0.0,0.04965085388994308,0.2914998360558395,0.022706292651818772,0.030278828258605492,1.0,9965.83236729757
Libya,Mortalidad_Media,0.18,0.144290736112916,0.8174261392088134,0.058036096830376346,0.8140413196714594,0.0,0.03483870967741935,0.3868858257999387,0.04008730929394117,0.02606390663833414,1.0,7525.80299308216
Libya,Mortalidad_Media,0.15,0.1494935951605055,0.8152085270763287,0.05518247905998356,0.7525420450859762,0.0,0.0301707779886148,0.4809512510372876,0.04575279702748887,0.02878430617980686,1.0,7458.48917756374
Libya,Mortalidad_Media,0.18300000000000002,0.16432561903475115,0.8102868588597181,0.04417692968987178,0.7000390377192468,0.0,0.03819734345351044,0.43321739612709476,0.030067161479611432,0.03822898271274778,1.0,8926.42074591474
Libya,Mortalidad_Media,0.2,0.1270603070434631,0.825152013734888,0.03024066251819227,0.4916840988027258,0.0,0.04326375711574953,0.30674706953773023,0.01889666730579608,0.05936126173483604,1.0,11951.7134126011
Libya,Mortalidad_Media,0.22,0.14348365109710265,0.8229916303025968,0.022648673850916862,0.360338706255912,0.0,0.049677419354838714,0.3147778989953846,0.012912395361022603,0.08372239195960676,1.0,14975.8902795144
Libya,Mortalidad_Media,0.25,0.12168328140109413,0.7909721725445311,0.03836787794379305,0.6154955492103853,0.0,0.0659392789373814,0.23504951417083775,0.01913644262429051,0.05705628876472992,0.6666666666666666,7593.8391525702
Libya,Mortalidad_Media,0.26,0.1448772663388778,0.823106087702983,0.022445378783520098,0.2931915934823121,0.0,0.06413662239089184,0.26892940198256593,0.010829205274276025,0.09261531028984518,1.0,11600.9068649472
Libya,Mortalidad_Media,0.25,0.12877574425651514,0.821317690821947,0.0269828885564091,0.310062898232617,0.0,0.06546489563567362,0.24869903228820367,0.013506284149720982,0.08160171948386269,1.0,9551.05403869755
Libya,Mortalidad_Media,0.27,0.11923437038472597,0.8193862221904284,0.0171821986321088,0.18465350846333484,0.0,0.07531309297912712,0.21327459221533165,0.008018148975638613,0.1377577640016931,0.6666666666666666,13906.1407818125
Libya,Mortalidad_Media,0.25,0.10923810739711813,0.817268760283282,0.019178798212641884,0.20603091618392155,0.0,0.07447817836812144,0.21109864808893733,0.009646968704600184,0.1319340463595776,0.6666666666666666,11144.9448413435
Libya,Mortalidad_Media,0.25,0.12640094668679164,0.8150368409757494,0.018877951947487925,0.17153405135020433,0.0,0.07969639468690702,0.24412870980449242,0.00949819279522814,0.14367588949316717,1.0,10048.8480434289
Libya,Mortalidad_Media,0.21,0.1441105764469568,0.8122755561914299,0.03143694385550167,0.3911385720272639,0.0,0.07132827324478178,0.33120366123280826,0.01870110061366638,0.0913849522298848,1.0,8079.24957329001
Libya,Mortalidad_Media,0.1,0.141142647361749,0.8089992131053723,0.04197414992301164,0.5314723330719271,0.0,0.03567362428842505,0.6812481630399417,0.052299582992838614,0.07137434979653726,1.0,5773.76333234281
Libya,Mortalidad_Media,0.1,0.14032016504218559,0.8059374776450388,0.05146058878661361,0.5375714808777501,0.0,0.037191650853889945,0.6772909737141234,0.06402777885320977,0.06029124733285353,1.0,4674.09943200321
Libya,Mortalidad_Media,0.1,0.14293398874314936,0.8029615852349952,0.06529432809415898,0.6637573965092599,0.0,0.03851992409867173,0.6898668005775084,0.08113059334587636,0.048677801452614654,1.0,3718.29434696755
Libya,Mortalidad_Media,0.1,0.14224471762900454,0.8010301166034766,0.16462465211196833,0.5042001472998777,0.0,0.0396584440227704,0.6865505271080232,0.20393384034984882,0.017988170509905633,1.0,6312.80030498965
Libya,Mortalidad_Media,0.1,0.13769927366482262,0.7994420201731167,0.06505631019097464,0.5019736103968576,0.0,0.04079696394686907,0.6646811423099234,0.08083632901476562,0.051950909499726985,1.0,7214.10040377084
Libya,Mortalidad_Media,0.2382,0.13184049881634344,0.8008584305028972,0.10886614583347395,0.5398547845607005,0.0,0.11390208728652751,0.26720947117452504,0.056674619526791654,0.035476691084031044,1.0,5205.25706378741
Lithuania,Mortalidad_Baja,0.6659999999999999,0.11222868177907983,0.8724358314475198,0.04938166897677766,0.6223768529870976,1.0,0.03664895635673624,0.08140166644756984,0.009227865744586158,0.006500627735732725,0.6666666666666666,25085.784063499
Lithuania,Mortalidad_Media,0.745,0.1273807334750699,0.8494396647235667,0.04264740681104743,0.6206309374491359,1.0,0.042409867172675524,0.08255514080931056,0.00713180381157684,0.008427682464592686,1.0,23870.4594851722
Lithuania,Mortalidad_Media,0.674,0.12274148292305316,0.8636421531251577,0.04437614573757249,0.6222209304766675,1.0,0.03964705882352942,0.08793992356974967,0.008200177841072749,0.008349964829938416,0.6666666666666666,20428.6478157394
Lithuania,Mortalidad_Baja,0.478,0.12520474926344152,0.8815784652588641,0.039207945567871584,0.6240688026355017,1.0,0.029931688804554074,0.12647835538277621,0.010225876995317384,0.010723123142240236,0.6666666666666666,19608.7943945553
Lithuania,Mortalidad_Baja,0.509,0.12536969555236865,0.8729592646809943,0.036206160847770376,0.6240606554559093,1.0,0.033804554079696396,0.11893126538842144,0.008873978449594954,0.012795315413704047,0.6666666666666666,19247.2315367967
Lithuania,Mortalidad_Baja,0.6970000000000001,0.12268904302331664,0.8700978296713369,0.044590232954450464,0.6129283408664504,1.0,0.050258064516129033,0.08500183386465389,0.007967557703185827,0.010912999291627581,0.6666666666666666,16800.1510246099
Lithuania,Mortalidad_Media,0.58,0.11580126957933297,0.8585125074371143,0.0391645560422164,0.6163066789490884,1.0,0.04402277039848197,0.096435138614893,0.008418284320188993,0.013716845691116171,0.6666666666666666,14934.2702840428
Lithuania,Mortalidad_Media,0.5700000000000001,0.11188539453798968,0.8535224439446627,0.04316498819192288,0.6015250129494806,1.0,0.04434535104364326,0.09482165770635154,0.009433654445704081,0.012537831566735167,0.6666666666666666,14269.8039878287
Lithuania,Mortalidad_Media,0.499,0.10982809496344892,0.8563140878565234,0.04320855121880411,0.5963463365500263,1.0,0.039768500948766605,0.1063297020351437,0.010786710986500817,0.012907935262454198,0.6666666666666666,16446.1647181663
Lithuania,Mortalidad_Media,0.48,0.10874389790864272,0.8476948872786536,0.0444006744019181,0.598339173179164,1.0,0.03825426944971537,0.10945184209225128,0.011520734109342524,0.012475907732412054,0.6666666666666666,15636.5252586048
Lithuania,Mortalidad_Media,0.5,0.11409254091324876,0.8469620807517904,0.05029459603888071,0.5839680161285401,1.0,0.04079696394686907,0.1102205277982767,0.012517249663075021,0.010970852874956768,0.6666666666666666,14288.1853493139
Lithuania,Mortalidad_Media,0.49,0.11153139238634946,0.8426699282373045,0.044205945019882585,0.5835492354098414,1.0,0.041840607210626185,0.10995515243289129,0.011236485204325708,0.013676825171194123,0.6666666666666666,14261.8433787325
Lithuania,Mortalidad_Media,0.46,0.10519848734716257,0.8384475668206137,0.038507682471852815,0.6110159020296231,1.0,0.042770398481973435,0.11050236821955947,0.010437814900408078,0.017898729301441648,0.6666666666666666,11829.122609457
Lithuania,Mortalidad_Media,0.48,0.12818469189356363,0.8333877122303668,0.03168083996379517,0.6379871397117863,1.0,0.04918406072106263,0.1289383051577527,0.008244550607056806,0.025045067679855156,1.0,11854.3711053096
Lithuania,Mortalidad_Media,0.48,0.1377942603790405,0.8176149241283526,0.04120165603300263,0.5787667312430517,1.0,0.05464895635673624,0.1385704478322183,0.010696779107826291,0.02097412480232974,1.0,14955.5345462921
Lithuania,Mortalidad_Media,0.48,0.13542024228712668,0.8045639888404035,0.043620051367890336,0.5723734662287924,1.0,0.05920303605313093,0.13619085284752822,0.011319672977766707,0.021549960352931753,1.0,12295.1212779366
Lithuania,Mortalidad_Media,0.46,0.12345497528079437,0.8067973039698919,0.04868500619275184,0.5704950828990588,1.0,0.061100569259962045,0.1295973681335016,0.013173107276355421,0.020695960671470403,0.6666666666666666,9210.10118229413
Lithuania,Mortalidad_Media,0.47000000000000003,0.12336892294994264,0.8096238434306517,0.05443546197195951,0.5709137082206163,1.0,0.06510436432637572,0.12675188764092715,0.014405457348017351,0.019096564870129278,0.6666666666666666,7857.03148786492
Lithuania,Mortalidad_Media,0.48,0.12879149947006374,0.8197435526111467,0.05221320760121878,0.5697310804684623,1.0,0.0683111954459203,0.12954653820813672,0.013532968820660473,0.020683529009876023,1.0,6734.57487061946
Lithuania,Mortalidad_Media,0.48,0.125515103695696,0.8211742701159752,0.055563357632366216,0.5791170783713318,1.0,0.07013282732447818,0.1262624457325566,0.014395850040979796,0.019847119229915843,0.6666666666666666,5507.47434187652
Lithuania,Mortalidad_Media,0.41000000000000003,0.11922562454149217,0.8168821176014893,0.06000815443554083,0.5855057452366977,1.0,0.06146110056925997,0.14043885861390423,0.0181939596887274,0.018698787012623324,0.6666666666666666,4148.13091485015
Lithuania,Mortalidad_Media,0.38,0.11038527821801604,0.8154165045477628,0.06124083228350696,0.5757044402373914,1.0,0.059127134724857686,0.14033315144611605,0.020031370745994634,0.019077059288614466,0.6666666666666666,3532.52787363242
Lithuania,Mortalidad_Media,0.3,0.09424899613764015,0.8205810457847043,0.07020744860535552,0.5742629406214013,1.0,0.048956356736242886,0.1518766237072984,0.0290682473257838,0.017185097267424863,0.6666666666666666,3300.63634928559
Lithuania,Mortalidad_Media,0.2538,0.11098324885290173,0.7774710846757951,0.12384906012507295,0.5104675739577312,0.0,0.05779127134724859,0.21124624790120447,0.06048955742491116,0.012935935191116637,0.6666666666666666,2182.69156931505
Luxembourg,Mortalidad_Baja,0.895,0.22579953286421792,0.9769131048489117,0.0027360168594574934,0.8515492163000636,1.0,0.03396584440227704,0.12162634550535122,0.000423353957984757,0.10635262659859503,1.0,123719.658915996
Luxembourg,Mortalidad_Baja,0.925,0.26086018588678217,0.9719230413564603,0.0021373335469506306,0.8381089577137011,1.0,0.036859582542694495,0.13591808277230738,0.0003296063468581405,0.1397868204209839,1.0,134965.815442152
Luxembourg,Mortalidad_Baja,0.903,0.2518310297073757,0.9654324692613834,0.0022076306728781624,0.8306947955364822,1.0,0.035982922201138516,0.13441866052280507,0.000347261115328699,0.13582104938392178,1.0,116860.02817236
Luxembourg,Mortalidad_Baja,0.858,0.2955005266408053,0.9725162656877302,0.002390020074095286,0.8238512679197131,1.0,0.034189753320683115,0.16595646861833632,0.0003917550153554558,0.12648796676321572,1.0,112696.649059674
Luxembourg,Mortalidad_Baja,0.79,0.2972409590238168,0.9675959932930753,0.0026293417156255526,0.8317257129001447,1.0,0.03148007590132827,0.18130129127191247,0.00046292837846839766,0.11598745427044219,1.0,116926.759593905
Luxembourg,Mortalidad_Baja,0.783,0.2925422409023286,0.9647345582834179,0.0026398984636405573,0.839597644369699,1.0,0.0312011385199241,0.18003491340966352,0.0004687337958548953,0.11556325247565254,1.0,110193.213797228
Luxembourg,Mortalidad_Baja,0.8200000000000001,0.2939033886026547,0.9731792811167965,0.002382033693952869,0.8285410452405031,1.0,0.03267552182163188,0.17271002793466145,0.0004087054117215164,0.12687034675235928,1.0,106899.293549552
Luxembourg,Mortalidad_Baja,0.8,0.3034670907315189,0.9675610977441775,0.002502712722288764,0.8356098475540225,1.0,0.0333965844402277,0.18277947977593767,0.00043757265964729155,0.12725681403947936,1.0,105462.012584423
Luxembourg,Mortalidad_Baja,0.841,0.31877828863606356,0.966653813472822,0.003335676793285759,0.8182621257130979,1.0,0.03510815939278938,0.1826280897748856,0.000538690195946138,0.09757942471645602,1.0,123678.702143275
Luxembourg,Mortalidad_Baja,0.85,0.3392927401573858,0.9605121968667285,0.0029858349019045473,0.8267902919472774,1.0,0.03548387096774194,0.19230622591803814,0.0004821024595212626,0.1082270591040051,1.0,120000.140729859
Luxembourg,Mortalidad_Baja,0.85,0.3579982980681476,0.9546846402007194,0.0033154412555128927,0.8258456803447513,1.0,0.037096774193548385,0.20289417875834384,0.0005300431899684535,0.10275058618014668,1.0,112584.676270958
Luxembourg,Mortalidad_Baja,0.8200000000000001,0.37373984095729457,0.9488919790836083,0.0028492568067166853,0.8254162793236808,1.0,0.035787476280834916,0.2195533444730766,0.00047914851239749454,0.11830749885717198,1.0,119025.057203467
Luxembourg,Mortalidad_Baja,0.8300000000000001,0.3864026904883779,0.9437972289444623,0.0030681578413858904,0.826210291043162,1.0,0.0377988614800759,0.22424842010745996,0.0005059816534392845,0.11541749236871957,1.0,110885.991378721
Luxembourg,Mortalidad_Baja,0.84,0.3689033174021467,0.943867020042259,0.0026242348620835964,0.823694384606129,1.0,0.03825426944971537,0.21155566377060006,0.00043462149129118894,0.13326458589115536,1.0,109419.746953106
Luxembourg,Mortalidad_Baja,0.86,0.3998425326075001,0.9424711980863278,0.0035663695781769926,0.8028856894988001,1.0,0.04079696394686907,0.22394472962598386,0.0005599526452535488,0.10454644192113202,1.0,120422.137934157
Luxembourg,Mortalidad_Baja,0.85,0.4069928271853711,0.9259307079085528,0.00426804582308746,0.776851635808303,1.0,0.041935483870967745,0.23062667228785771,0.0006685980397063481,0.09173941490885473,1.0,107475.320297978
Luxembourg,Mortalidad_Baja,0.84,0.4252105039200578,0.9245697815015208,0.0036167106987870473,0.792518098095882,1.0,0.04303605313092979,0.24380678365077504,0.0005806940557435171,0.11168817596358788,1.0,90788.8004876145
Luxembourg,Mortalidad_Baja,0.87,0.43717781817629725,0.9266286188865183,0.00418297577034084,0.7701711907106115,1.0,0.047874762808349146,0.24201781986259627,0.0006411391070657702,0.10470455059803585,1.0,80988.1376230858
Luxembourg,Mortalidad_Baja,0.9,0.43491675440359046,0.9221968841764387,0.006447456279645435,0.7577183963730862,1.0,0.052941176470588235,0.23274182569631868,0.0009308348999300211,0.07357032198328917,1.0,76544.9170868473
Luxembourg,Mortalidad_Baja,0.87,0.39648260114648415,0.9022366302066342,0.0055464516434952085,0.7566790380216029,1.0,0.054478178368121445,0.219512542260738,0.000834895572214668,0.09107933073247484,1.0,65689.3214536911
Luxembourg,Mortalidad_Baja,0.86,0.3803528558557269,0.9056563939986637,0.008411979293527503,0.7572281300350905,1.0,0.057115749525616696,0.21304121669687678,0.0012565438360817014,0.06398254964582323,1.0,53005.7339209179
Luxembourg,Mortalidad_Baja,0.88,0.3701865589467899,0.9036324521625652,0.006762015803784783,0.7570597674262293,1.0,0.06178368121442126,0.2026410914470176,0.000996182697278935,0.08437861617898282,1.0,48440.1420151355
Luxembourg,Mortalidad_Baja,0.87,0.3560663666367194,0.9043303631405293,0.007224952648366003,0.7467956003316498,1.0,0.0643833017077799,0.19716154763162205,0.0010734186204445217,0.08345404801865658,1.0,48659.5988753233
Luxembourg,Mortalidad_Baja,0.7994,0.3571549184704659,0.8848586468552999,0.011499515445712349,0.718453322182861,1.0,0.08039506641366224,0.21522927039660308,0.0018293012537897867,0.07199019460022903,1.0,51032.349635318
Madagascar,Mortalidad_Alta,0.23,0.013873619402268214,0.6925101938622218,0.2723265362301652,0.47877323870911925,0.0,0.19508538899430738,0.02996598332428309,0.14655954152006795,0.024245878310192218,0.0,503.514533472879
Madagascar,Mortalidad_Alta,0.20199999999999999,0.01388665721916916,0.6846126332355675,0.28470188815256936,0.49211168688847307,0.0,0.17210246679316887,0.03415073771263222,0.17444888045756005,0.023167716740469836,0.0,483.469463351371
Madagascar,Mortalidad_Alta,0.25,0.013552291395090173,0.687330996494742,0.31217534233012423,0.501080881070042,0.0,0.2120493358633776,0.026950305585267908,0.15454099712685054,0.020733112784172225,0.0,450.771615201509
Madagascar,Mortalidad_Alta,0.14300000000000002,0.014110417356191209,0.6987481221832748,0.2901964529526842,0.49435802997827993,0.0,0.1207495256166983,0.048993749597363107,0.25117463885580477,0.022435754506033467,0.0,499.818837622534
Madagascar,Mortalidad_Alta,0.17800000000000002,0.013137967866050952,0.6985621289076471,0.3030688627532264,0.4822257825317805,0.0,0.14929032258064517,0.03673165121992905,0.2107269916227732,0.02117760970646786,0.0,500.45718552916
Madagascar,Mortalidad_Alta,0.25,0.013445786782071511,0.6977323127548465,0.31036803833154036,0.5085645581635635,0.0,0.20825426944971537,0.026745336356014893,0.15364724065703544,0.02044026162858065,0.0,491.866848718929
Madagascar,Mortalidad_Alta,0.28,0.013161246964841795,0.6977036984047498,0.3177502615198774,0.5081246239449473,0.0,0.2327134724857685,0.023390836191938394,0.1404445824760585,0.01983640322245972,0.0,453.970714522463
Madagascar,Mortalidad_Alta,0.28,0.0123309165924616,0.6967165033264182,0.3254689134512229,0.5053574963188187,0.0,0.2327134724857685,0.021964068880206394,0.1438526753686924,0.019288216455683047,0.0,445.320069480568
Madagascar,Mortalidad_Alta,0.273,0.012138363625954473,0.6952714786465413,0.32676014685384863,0.5058636057135129,0.0,0.22741366223908918,0.022187900156002742,0.1481259553347106,0.01925041020975097,0.0,505.684922503435
Madagascar,Mortalidad_Alta,0.3,0.012008994564536723,0.6938407611417126,0.33495656141651675,0.5137132067547973,0.0,0.2510436432637571,0.019983512394739854,0.1381723939064473,0.018799322969599665,0.0,515.301589361832
Madagascar,Mortalidad_Alta,0.26,0.011858073250012707,0.6916374561842762,0.35403587484231386,0.507487562768281,1.0,0.22003795066413662,0.02277862042597942,0.16850198505584021,0.017846454158253644,0.0,493.511162904211
Madagascar,Mortalidad_Alta,0.3,0.011582000564004838,0.6895343014521782,0.3673191122535064,0.4867342117947766,0.0,0.2573055028462998,0.019298717086317033,0.15150912789112955,0.01735658051254687,0.0,506.163691559309
Madagascar,Mortalidad_Alta,0.34,0.011405345360839406,0.6857715144144787,0.36767208445875177,0.4823936352335182,1.0,0.2980645161290323,0.01677829833681926,0.13381287275270162,0.01779337735273714,0.0,450.009391645726
Madagascar,Mortalidad_Alta,0.32,0.011319063482521603,0.6815795121253307,0.385226061151299,0.4625718860188346,0.0,0.2878178368121442,0.01769721513351703,0.14895811095455,0.017355906267520257,0.0,446.315238370592
Madagascar,Mortalidad_Alta,0.31,0.011577543072269528,0.6771156735102652,0.34203785307989704,0.4709160450289426,0.0,0.28705882352941176,0.018669259689222006,0.13653931155760995,0.02064895163106497,0.0,512.579800058444
Madagascar,Mortalidad_Alta,0.28,0.01135683561056926,0.6705486801631018,0.35487621869614094,0.4742569092081914,0.0,0.2677798861480076,0.020290293055338176,0.15683717433148572,0.020540173432349502,0.0,419.548001431865
Madagascar,Mortalidad_Alta,0.31,0.011189450379350877,0.6649259603691251,0.38164608963812685,0.5248484672904485,0.0,0.3076470588235294,0.018066930333352486,0.15233548199926705,0.01970506458436616,0.0,324.146874882604
Madagascar,Mortalidad_Alta,0.26,0.011186947320513533,0.6581157450461406,0.38899218892463605,0.5127052101957389,1.0,0.26740037950664136,0.021536708125708966,0.1851238704168124,0.020090995244587687,0.0,305.812074924388
Madagascar,Mortalidad_Alta,0.17,0.011162127376725393,0.6510193862221902,0.397316681946217,0.4993885738657585,0.0,0.18129032258064515,0.032868250312092194,0.2891845480254961,0.020446416173539102,0.0,272.20074858856
Madagascar,Mortalidad_Alta,0.3,0.0110139880710573,0.6442234780742542,0.4050275596545013,0.4954600669514647,0.0,0.3318785578747628,0.01838776215530746,0.16704892679312594,0.020865180125614915,0.0,352.620095849925
Madagascar,Mortalidad_Alta,0.3,0.010496568680260185,0.6367408255240001,0.4317653434078059,0.498913096708441,0.0,0.34497153700189753,0.01755794634791089,0.17806767222682038,0.02026414881082004,0.0,304.941777398445
Madagascar,Mortalidad_Alta,0.3,0.011344134288464248,0.62964446670005,0.3774576126353049,0.5071631467628547,1.0,0.3586337760910816,0.01891723699685605,0.15568724361744307,0.0247193371406738,0.0,319.283278235657
Madagascar,Mortalidad_Alta,0.3,0.011415703446750618,0.6196294441662493,0.3904600282814333,0.47800916067383736,0.0,0.372865275142315,0.0190320166512803,0.16104559004397015,0.024861965636188754,0.0,280.282905559649
Madagascar,Mortalidad_Alta,0.1,0.010862801153887932,0.5748622934401602,0.44210689802607483,0.4234359729595814,0.0,0.15009487666034155,0.054435884501654534,0.5469884021984288,0.026739460956949342,0.0,273.149653945976
Malawi,Mortalidad_Alta,0.294,0.02178073190795281,0.7349881965805851,0.34893490141175537,0.4878876147247311,0.0,0.17015180265654647,0.036382673854556666,0.14687032916383777,0.011371704454125706,0.3333333333333333,604.269751184515
Malawi,Mortalidad_Alta,0.268,0.019611262026838838,0.7170326918949852,0.3228046064489557,0.4939619229211263,0.0,0.15968121442125235,0.036017590699187654,0.1490647675268898,0.013026317727829478,0.0,617.447520802454
Malawi,Mortalidad_Alta,0.24800000000000003,0.02178073190795281,0.7232420058659417,0.31625128945818426,0.5004616416112097,0.0,0.152,0.0431310730372567,0.15781920732088828,0.013842021113112035,0.3333333333333333,602.507478176106
Malawi,Mortalidad_Alta,0.252,0.026878719703423756,0.7200801201802705,0.29008441503756754,0.5252501997680116,1.0,0.16066793168880456,0.052179716954431826,0.14247667451292462,0.016138925859450336,0.3333333333333333,580.889816066776
Malawi,Mortalidad_Alta,0.289,0.014709013807140193,0.71248301022963,0.2734447564442157,0.536615258238651,0.0,0.18919354838709676,0.025239126150851443,0.11711744439070344,0.01787292137693426,0.0,533.203173686705
Malawi,Mortalidad_Alta,0.313,0.01257956872486235,0.7046140639530725,0.2898165313974396,0.5322008131721166,0.0,0.2144079696394687,0.020030583663148464,0.11460384411497333,0.017604714893871522,0.0,495.769683367165
Malawi,Mortalidad_Alta,0.33,0.014615536838986672,0.693869375491809,0.2805358712939882,0.5411773892637157,1.0,0.2354459203036053,0.02196707002909814,0.10522310391489986,0.019192950690569574,0.0,450.506105510719
Malawi,Mortalidad_Alta,0.37,0.021796999950756717,0.6818656556262965,0.29068476129153303,0.5331699048309517,0.0,0.27592030360531306,0.02893063004701562,0.09723876618977445,0.01939004576526949,0.3333333333333333,539.605363240686
Malawi,Mortalidad_Alta,0.319,0.01923206106784118,0.6722369268187995,0.30180404095150376,0.5264725493366844,0.0,0.25059962049335865,0.029687367603559993,0.11709414765822093,0.01972284723031564,0.0,529.5133440206
Malawi,Mortalidad_Alta,0.3,0.01257956872486235,0.6602904356534802,0.301498349616229,0.524934771085819,0.0,0.24819734345351044,0.020898575621884897,0.12438413374638686,0.020970953531478875,0.0,496.947368267313
Malawi,Mortalidad_Alta,0.34,0.023068666761472834,0.6467558480578008,0.29744853652904113,0.5252246722641989,0.0,0.3006451612903226,0.03328284441082166,0.10827810874187217,0.022993948309929603,0.3333333333333333,558.46208832772
Malawi,Mortalidad_Alta,0.33,0.016543237808649157,0.6322912940839831,0.302537707194073,0.5155347877945227,0.0,0.3124667931688805,0.02477758552372214,0.11346587006913014,0.024382961986181947,0.0,763.061000394572
Malawi,Mortalidad_Alta,0.28,0.0177274023198294,0.6169540024322198,0.31140582679325646,0.5102183170229052,1.0,0.28478178368121443,0.03123691941073132,0.137643261326731,0.025589789118932966,0.0,683.124694716799
Malawi,Mortalidad_Alta,0.27,0.01512936811095585,0.601602403605408,0.3199757210308683,0.5009416699035124,0.0,0.2843453510436433,0.02776426484767758,0.1466652565489023,0.025813524311041617,0.0,625.869729869625
Malawi,Mortalidad_Alta,0.27,0.019406766343212357,0.5873095357321696,0.3152052445605236,0.4953223917942544,0.0,0.29356736242884246,0.03538639182540935,0.14448088761287017,0.027212282359227173,0.0,554.048820396119
Malawi,Mortalidad_Alta,0.28,0.019084652707527846,0.5726017597825308,0.2892629154440758,0.49177159765899325,0.0,0.31825426944971535,0.03356910013230685,0.12786628220361507,0.03145446609384403,0.0,475.180261659331
Malawi,Mortalidad_Alta,0.28,0.017223176117853723,0.5577938336075541,0.3245896435875002,0.4837438822528425,0.0,0.3288804554079696,0.030370501070962026,0.14346444263065541,0.028709874512355113,0.0,440.822149023873
Malawi,Mortalidad_Alta,0.28,0.019988249854888007,0.5408684455254309,0.3461396122455769,0.47163767473900575,0.0,0.3458823529411765,0.03512176268171128,0.15297961389026554,0.02827073055923701,0.0,414.361121984475
Malawi,Mortalidad_Alta,0.29,0.017043703143305833,0.5208956291580227,0.3650803138641943,0.45662223049549033,1.0,0.3862998102466793,0.029025485865347887,0.15577914859044045,0.028979414925259545,0.0,404.674248445428
Malawi,Mortalidad_Alta,0.32,0.018100663305150155,0.4998354674869446,0.38096151167748504,0.45086218545449597,0.0,0.4687666034155598,0.027893511223931036,0.14731051325600014,0.030719731646832296,0.0,383.348596852642
Malawi,Mortalidad_Alta,0.41000000000000003,0.018170307716564717,0.47944774304313614,0.4082850338068093,0.46355331745774164,0.0,0.6620683111954458,0.02185227180285353,0.12321317901431453,0.03169343591544546,0.0,428.210439838398
Malawi,Mortalidad_Alta,0.41000000000000003,0.012372472971052302,0.46555547607124964,0.37106687057343113,0.47205314128428666,0.0,0.7243074003795066,0.015048617576960927,0.11199043447107142,0.03881989974058967,0.0,215.474524898357
Malawi,Mortalidad_Alta,0.41000000000000003,0.020654719546135927,0.4507475498962729,0.3750476770391971,0.44596883848686075,0.0,0.7795445920303605,0.024767684156784958,0.11319080467099886,0.04155144749308305,0.0,224.22415918428
Malawi,Mortalidad_Alta,0.3,0.010374276302596502,0.41689677373202655,0.2824523660679102,0.4915624707825935,0.0,0.6552182163187855,0.017361818893249593,0.11653520931085586,0.06509236451001633,0.0,200.362370007247
Malaysia,Mortalidad_Baja,0.539,0.13260639857230283,0.8695757922598182,0.11294801059566684,0.5069278284699263,0.0,0.06852561669829221,0.11877141286482706,0.02598244918221192,0.006636618360181716,1.0,11748.0919307944
Malaysia,Mortalidad_Media,0.532,0.1291908683329516,0.8477287359610843,0.12073745533644256,0.5154359209052597,1.0,0.06763567362428843,0.11724527390349038,0.028134508115379188,0.005997158232643806,1.0,10903.1116425938
Malaysia,Mortalidad_Baja,0.494,0.12590066974873806,0.878346090564418,0.1030169241409969,0.5512014045827283,0.0,0.0628045540796964,0.12305967695506742,0.025863862791297352,0.007591686492474492,1.0,9957.52626697613
Malaysia,Mortalidad_Baja,0.554,0.1331262842700981,0.8760998640818372,0.09131436056699847,0.5439746875789307,0.0,0.0704326375711575,0.11600708101929971,0.020451167022247557,0.008982790469202258,1.0,10920.191763972
Malaysia,Mortalidad_Baja,0.5479999999999999,0.13132347697119004,0.8737248730238214,0.09474126414157164,0.5307051127048994,1.0,0.06966982922201138,0.1156944207330814,0.021448209209598397,0.008539968449436856,1.0,10901.8019954421
Malaysia,Mortalidad_Baja,0.518,0.12103526366177685,0.8709778954145504,0.10848762089617853,0.5180594013049267,0.0,0.06585578747628083,0.11283899485017011,0.025971229514298907,0.007044006576046055,0.6666666666666666,9862.54806612235
Malaysia,Mortalidad_Baja,0.52,0.1275977898944955,0.8685313684812932,0.10676961855945752,0.5254642696726364,0.0,0.06611005692599621,0.11847694564220403,0.025462881231470474,0.007209971905415826,1.0,9476.53409809923
Malaysia,Mortalidad_Baja,0.5,0.12517315969250634,0.8673438729522855,0.10455455023048028,0.5195641677878723,1.0,0.06261859582542695,0.12088291051794788,0.025933693479004878,0.007271769921231403,0.6666666666666666,9648.6797937523
Malaysia,Mortalidad_Baja,0.443,0.13320168133778246,0.8681593819300377,0.11196705190476758,0.4979987433599308,0.0,0.05548007590132826,0.14515620427500167,0.03133919420619421,0.00657380308525957,1.0,11013.3107334403
Malaysia,Mortalidad_Baja,0.43,0.13273042992254397,0.869861935760784,0.11500635611895658,0.49596954039831187,1.0,0.05303605313092979,0.14901736380980865,0.033160501826540296,0.00616786256480383,1.0,10713.6407638899
Malaysia,Mortalidad_Baja,0.44,0.11962755648561439,0.8711209671650333,0.12361706261792295,0.4854526627047058,0.0,0.05426944971537002,0.13130298313076794,0.034826289886292786,0.005509970446947416,0.6666666666666666,10600.5744240026
Malaysia,Mortalidad_Baja,0.45,0.11980358439341941,0.8702053079619427,0.14462033137492167,0.4711349153116351,1.0,0.05550284629981025,0.12857334324402725,0.03982272522523933,0.004233094090450364,0.6666666666666666,10217.1068585031
Malaysia,Mortalidad_Baja,0.51,0.11694328457257175,0.8686029043565349,0.12736521156850145,0.47923857583981355,0.0,0.06290322580645161,0.11074869669218526,0.030954814921364832,0.005251313647037832,0.6666666666666666,8899.34505544675
Malaysia,Mortalidad_Baja,0.51,0.11481782087477908,0.8670720366263682,0.11634451146906749,0.4833275377659555,0.0,0.06290322580645161,0.10874356097233029,0.0282832421648412,0.006059249279399662,0.6666666666666666,7191.43287234626
Malaysia,Mortalidad_Media,0.5,0.12386873266976446,0.8653837899706702,0.12582966178831165,0.4275932017000843,1.0,0.061669829222011384,0.11962771886995158,0.031194227571705514,0.005355422246890408,0.6666666666666666,8371.82156086005
Malaysia,Mortalidad_Media,0.51,0.11950383692114112,0.8626654267114957,0.12605988422781428,0.4341170089083063,0.0,0.06290322580645161,0.11316428957293267,0.03063838520907238,0.0053396522104585484,0.6666666666666666,7168.93031942508
Malaysia,Mortalidad_Media,0.5,0.11427642318779367,0.8588883324987482,0.10863576597987441,0.4273443145520456,1.0,0.061669829222011384,0.11039746946783685,0.0269428244784356,0.0067215215124014575,0.6666666666666666,6158.40785533236
Malaysia,Mortalidad_Media,0.52,0.1162730074707899,0.8542098862579584,0.10423552498547048,0.430432956846864,0.0,0.06413662239089184,0.10799874328725838,0.024860394756758174,0.007143331934689738,0.6666666666666666,5555.58179951206
Malaysia,Mortalidad_Media,0.49,0.10959256725753176,0.8493025252163959,0.1170013631918238,0.4344289038228354,0.0,0.0613662239089184,0.10805143354909187,0.02960338949907255,0.006150055821085279,0.6666666666666666,4939.24851854427
Malaysia,Mortalidad_Media,0.5,0.10416120951522834,0.84501037270191,0.1174453612784651,0.4590883528328774,1.0,0.0635673624288425,0.10066405280431652,0.0291211057196483,0.006257096482491242,0.6666666666666666,4465.32194567208
Malaysia,Mortalidad_Media,0.48,0.09953405058114248,0.841319121539452,0.11338286446801572,0.4817356961410144,0.0,0.06284629981024668,0.10022035957536217,0.029288128342772356,0.006894154238361986,0.6666666666666666,4184.03163773539
Malaysia,Mortalidad_Media,0.51,0.09866744025625103,0.8357536304456683,0.10105490475356617,0.4871709845750448,0.0,0.0696774193548387,0.09350749502535827,0.02457682638448689,0.008631208712735091,0.6666666666666666,3943.79943910239
Malaysia,Mortalidad_Media,0.53,0.09711756691342467,0.8307747335288647,0.10849704850910086,0.45442769030358776,0.0,0.07743833017077799,0.0885719540444649,0.025385400821269083,0.00858716997871153,0.6666666666666666,4083.52874483605
Malaysia,Mortalidad_Media,0.7000000000000001,0.07702445239517339,0.8200014307175048,0.16355416944284243,0.47245177965939944,1.0,0.13548387096774192,0.05325111995558527,0.028944341434959667,0.007156242719496872,0.6666666666666666,4363.14458333034
Mali,Mortalidad_Alta,0.28300000000000003,0.012156047932273723,0.6491165319407681,0.4168667790678323,0.33399387296104033,0.0,0.31683111954459203,0.02143394046003721,0.18225574080756407,0.020461297258539155,0.0,969.72220560562
Mali,Mortalidad_Alta,0.23600000000000002,0.020491594037915718,0.6359682380713927,0.4051258653796661,0.32920514363745645,1.0,0.27092979127134725,0.0426960437388462,0.21240182919609224,0.02177107190545053,0.0,1027.27345365357
Mali,Mortalidad_Alta,0.207,0.012456551967455447,0.6322769869089346,0.40832016628177725,0.3285203573563238,0.0,0.24392220113851992,0.0300018644014019,0.24406640997603934,0.022232990273250177,0.0,953.242943290974
Mali,Mortalidad_Alta,0.29600000000000004,0.0143161841930008,0.6374132627512696,0.40804502990029745,0.351682648004011,0.0,0.3577836812144212,0.02400373747907624,0.1705666602392986,0.0229085461098749,0.0,971.949318638092
Mali,Mortalidad_Alta,0.314,0.017335988274536984,0.632491594534659,0.4109472234556833,0.3563788779852603,1.0,0.3878823529411765,0.027254832294384766,0.1619316338567129,0.02329558213277274,0.0,996.379292136901
Mali,Mortalidad_Alta,0.34299999999999997,0.013663050956751379,0.628042063094642,0.39706700414544505,0.36507612814883655,0.0,0.4334686907020873,0.019798442789496568,0.14323762450256772,0.024858839439442885,0.0,924.057531692284
Mali,Mortalidad_Alta,0.32,0.010921648974447034,0.6240932827813148,0.39197872564976977,0.37480842955170296,0.0,0.4129032258064516,0.017099692999958886,0.15156698548047012,0.025823739736921293,0.0,872.468587171653
Mali,Mortalidad_Alta,0.28,0.014922275919742328,0.6178839688103583,0.38598507011547817,0.3836814204935467,0.0,0.36872865275142325,0.02641683479616044,0.1705729738419792,0.026884579697485304,0.0,838.11986940103
Mali,Mortalidad_Alta,0.277,0.014699304184503747,0.6125903140424922,0.3738179646510533,0.38858090427800335,0.0,0.37213662239089185,0.026315653033574877,0.16698988854618385,0.02849499430294336,0.0,940.243260037952
Mali,Mortalidad_Alta,0.28,0.012863459022409965,0.6064382287717289,0.3598086657077121,0.3991031179693928,0.0,0.38413662239089186,0.0228791433571072,0.15901504654971105,0.030431769322157638,0.0,903.190452512378
Mali,Mortalidad_Alta,0.27,0.008529664653650581,0.6013448744545389,0.38664314138397116,0.3656947307737963,0.0,0.37861480075901327,0.01600389673707996,0.17719181777816098,0.02878726554706308,0.0,878.217175344858
Mali,Mortalidad_Alta,0.28,0.014032467327844644,0.5966378138636526,0.347263434485182,0.3954410405018031,0.0,0.40113851992409866,0.02488786529817779,0.15347582626276907,0.03319623415564841,0.0,941.574944706639
Mali,Mortalidad_Alta,0.31,0.01440729820177922,0.5912869303955934,0.31643007288587083,0.39599257805737315,0.0,0.4547058823529412,0.02306110889310103,0.12632666651892843,0.03770384767112808,0.0,827.617660082715
Mali,Mortalidad_Alta,0.27,0.01436415986648293,0.5854925245010372,0.30733656185778657,0.39472984477481027,1.0,0.40525616698292216,0.026400698939832972,0.14087787098126095,0.039898922231972056,0.0,815.78868795173
Mali,Mortalidad_Alta,0.28,0.01436415986648293,0.5797553473066741,0.3005405664561013,0.4179247595138657,0.0,0.43089184060721064,0.02545781683483893,0.13284581523626843,0.04199172767617026,0.0,820.715705601841
Mali,Mortalidad_Alta,0.29,0.017182969662094233,0.5735889548608626,0.2777334249318373,0.42202263634818477,0.0,0.45783681214421257,0.02925653746512296,0.11854191225680391,0.04697583922054124,0.0,711.675463215078
Mali,Mortalidad_Alta,0.32,0.01319290485131435,0.5671364189140853,0.2601164480323396,0.40518074835825757,1.0,0.5185578747628083,0.020514580050704365,0.10062233436033376,0.05179611953630239,0.0,633.221946737432
Mali,Mortalidad_Alta,0.3,0.014055197060784414,0.5597968381143144,0.2845355244559755,0.41656721169471267,0.0,0.4998102466793169,0.0232651272833988,0.11739368704363803,0.04848869584043492,0.0,591.630393473705
Mali,Mortalidad_Alta,0.1,0.016980733220463017,0.5520852707632877,0.2734338668655892,0.44744031136573803,0.0,0.17172675521821631,0.08387094334010277,0.3384559513750927,0.05224616319958874,0.0,542.887347640863
Mali,Mortalidad_Alta,0.1,0.011315706580746565,0.5432005150583017,0.37777800743102896,0.35137845305198817,0.0,0.17722960151802655,0.05661493744679446,0.4674578387038553,0.0382055854948747,0.0,371.627016389759
Mali,Mortalidad_Alta,0.1,0.010549856712214976,0.5340868445525431,0.4136889629873255,0.32883857385796,0.0,0.18311195445920303,0.05293022246527211,0.5118549751164766,0.035863472473676127,0.0,318.042432039222
Mali,Mortalidad_Alta,0.1,0.010486632914463423,0.5241433578939838,0.41494721105325577,0.33550849505706487,1.0,0.1891840607210626,0.05262603533364727,0.5134105619884676,0.03703962370000285,0.0,291.159497911347
Mali,Mortalidad_Alta,0.1,0.010704703348271647,0.5141998712354245,0.4160642169186718,0.3513623879820195,0.0,0.1950664136622391,0.05367523234666092,0.5147915294679553,0.0381823952574626,0.0,256.199554978241
Mali,Mortalidad_Alta,0.1,0.012850143815838046,0.4811073753487373,0.4769007881095145,0.36534240364784076,0.0,0.21897533206831118,0.06399753826800762,0.5900044974381827,0.037330496640122314,0.0,265.717051612187
Malta,Mortalidad_Baja,0.5579999999999999,0.06713081916945252,0.969794412873666,0.009424440664035982,0.8404030762057891,1.0,0.052941176470588235,0.05827183530922636,0.002160930982443312,0.08284069142780473,0.6666666666666666,36224.2819955817
Malta,Mortalidad_Baja,0.55,0.06281244441589309,0.9670725600596022,0.010174474959327244,0.8290655546317799,1.0,0.0532258064516129,0.05534180887963889,0.0023609583811619638,0.07828907543107445,0.6666666666666666,38065.354346575
Malta,Mortalidad_Baja,0.551,0.06158424005904126,0.9647694538323168,0.008867650104158792,0.8222870540392233,1.0,0.054368121442125245,0.05416891449547783,0.002063453388193445,0.09171047943384192,0.6666666666666666,31833.596382464
Malta,Mortalidad_Baja,0.503,0.06639930621767012,0.9727954300789168,0.005646036208433128,0.806919675327623,1.0,0.05154079696394687,0.06394380326490533,0.0014685306255087943,0.14856607562183888,0.6666666666666666,32421.9179753188
Malta,Mortalidad_Baja,0.499,0.06487773558764949,0.9669329778640088,0.00754480336648716,0.8058578461288809,1.0,0.052077798861480076,0.06298930548849344,0.001950736913799309,0.11407610381528312,0.6666666666666666,33382.2677502638
Malta,Mortalidad_Baja,0.536,0.06689710487086793,0.9683287998199384,0.008222238002976383,0.8094502833659337,1.0,0.056956356736242886,0.060453801690966764,0.0019723316423099313,0.10674214000800751,0.6666666666666666,30317.2443357939
Malta,Mortalidad_Baja,0.55,0.060421165632792914,0.9698642039714627,0.01246156823035653,0.7907863895497435,1.0,0.0594876660341556,0.05324997217540813,0.0028750602522499696,0.07158193802882873,0.6666666666666666,26459.0772054811
Malta,Mortalidad_Baja,0.56,0.06678864963075505,0.9619080188226581,0.011582206972390086,0.7945395079936649,1.0,0.06163187855787476,0.057769744461679914,0.0026295833444810067,0.0785212131373435,0.6666666666666666,25529.6813131565
Malta,Mortalidad_Baja,0.5579999999999999,0.08277670147807539,0.9640366473054525,0.012343171942504224,0.7743294626921507,1.0,0.062470588235294125,0.0717622754153002,0.0028076087213622885,0.07493365299440001,0.6666666666666666,27424.5765369278
Malta,Mortalidad_Baja,0.56,0.08411021104028538,0.9597444947909664,0.012576887782251741,0.7593265522800571,1.0,0.0626944971537002,0.07265167485309297,0.00284917898298637,0.07351683652989155,0.6666666666666666,25415.5566806942
Malta,Mortalidad_Baja,0.56,0.09713576243709877,0.9454373197426795,0.013478343134819763,0.7471623905858796,1.0,0.06375711574952561,0.08384266073560678,0.0030481932413983395,0.06971839432427226,0.6666666666666666,22878.3131257656
Malta,Mortalidad_Baja,0.52,0.09247056499443312,0.9454373197426795,0.013437474370703958,0.7238434226612135,1.0,0.05920303605313093,0.08597564390416132,0.003272953003543706,0.06993517526497657,0.6666666666666666,23516.9691282762
Malta,Mortalidad_Baja,0.58,0.09341865707215362,0.9547544312985163,0.01577204277854079,0.7188852465908953,1.0,0.06603415559772297,0.07786808290070914,0.0034320017205202746,0.059315989248838435,0.6666666666666666,21946.6070188242
Malta,Mortalidad_Baja,0.58,0.09020463851543799,0.9382139411207411,0.016498023535061468,0.708481800077726,1.0,0.06603415559772297,0.07520195705906223,0.003586749744947163,0.05661437227318932,0.6666666666666666,21176.3216665018
Malta,Mortalidad_Baja,0.64,0.09950096739417857,0.9295598449939724,0.013267366485631578,0.6982908669410147,1.0,0.07286527514231499,0.07514039900360482,0.00262641394388265,0.07085148312159627,0.6666666666666666,22315.3104812611
Malta,Mortalidad_Baja,0.66,0.09845556459631528,0.9317931601234608,0.02188025318457351,0.6900106390292411,1.0,0.07514231499051233,0.072101338239739,0.004160191256555673,0.04209395322963021,0.6666666666666666,19444.1743635565
Malta,Mortalidad_Baja,0.68,0.09678280361725085,0.9267333055332125,0.0226276585457578,0.6709274224251475,1.0,0.07741935483870968,0.06879716439285638,0.004173718871395658,0.040615967985554176,0.6666666666666666,16653.6038312389
Malta,Mortalidad_Baja,0.5,0.09709379295439857,0.9247442592460118,0.022294586677876812,0.6595183464278487,0.0,0.05787476280834915,0.09386339467212165,0.005593901532132849,0.04200529495155204,0.6666666666666666,15831.3439802756
Malta,Mortalidad_Baja,0.5,0.0954551896343351,0.9240812438169455,0.023042008002984376,0.6511271776102386,0.0,0.05787476280834915,0.09228664015395827,0.0057787106858546555,0.04055631786043251,0.6666666666666666,15212.1312964883
Malta,Mortalidad_Baja,0.3,0.0956815654078185,0.9139615346364489,0.023966176421192493,0.6366331642315488,0.0,0.03529411764705882,0.15417411902101905,0.01001203790212529,0.03957960395426909,0.6666666666666666,13593.9787182902
Malta,Mortalidad_Baja,0.3,0.08549092272279493,0.9167182829994118,0.026332592836564098,0.6289501325445715,0.0,0.03586337760910816,0.13783078798633308,0.010987247377662804,0.03640374883654625,0.6666666666666666,11251.2024877398
Malta,Mortalidad_Baja,0.3,0.0924260704225559,0.9182187916020372,0.027161817833064598,0.6408087955760096,0.0,0.03700189753320683,0.1489530908807528,0.011328974247324004,0.03642854404608229,0.6666666666666666,10357.7026407269
Malta,Mortalidad_Baja,0.3,0.0799131250578094,0.9111349951756906,0.023169952186830444,0.612999852604928,0.0,0.0381404174573055,0.12888534690857575,0.009683910775826381,0.04460797404604774,0.6666666666666666,10348.4860163
Malta,Mortalidad_Baja,0.1,0.0867516041280078,0.895990326953845,0.028171861778363776,0.6168815518169001,0.0,0.01555977229601518,0.41955784996557266,0.03523565194250503,0.0450433507339284,0.6666666666666666,9828.22830085662
Mauritania,Mortalidad_Media,0.23500000000000001,0.04458120010801144,0.7670934973889405,0.268352241551735,0.43517924781065365,0.0,0.1426944971537002,0.09219761841743022,0.14135041628751893,0.016710763295614342,0.3333333333333333,1960.35240077424
Mauritania,Mortalidad_Alta,0.21,0.041583995779837374,0.7453608984905928,0.24200808196781554,0.3971815750284559,0.0,0.13110056925996205,0.09630667926778734,0.1426685162673467,0.01951038706289593,0.3333333333333333,1947.78918383313
Mauritania,Mortalidad_Alta,0.219,0.02464947568605282,0.745818728092138,0.24205565490796827,0.3709495069147036,0.0,0.1404592030360531,0.055144921830150136,0.13683228271527836,0.020129836675389465,0.3333333333333333,1795.76459566714
Mauritania,Mortalidad_Media,0.306,0.039570628158884145,0.7579225981829887,0.25225027823764473,0.41491003077314154,1.0,0.20206451612903228,0.06292717628728899,0.10204785352466333,0.019849345778102694,0.3333333333333333,1767.072710621
Mauritania,Mortalidad_Media,0.289,0.0272804540775864,0.7547607124973172,0.29905175541888107,0.42168975054016555,0.0,0.19632258064516125,0.04616807668510848,0.12807185054614817,0.01679140516130348,0.3333333333333333,1722.93528854073
Mauritania,Mortalidad_Media,0.292,0.027938598608324327,0.7500250375563342,0.28719173519211716,0.42725253513772155,0.0,0.2033472485768501,0.046778170037751386,0.1217345772884323,0.01814622838451983,0.3333333333333333,1615.00401327323
Mauritania,Mortalidad_Alta,0.3,0.043269684446239194,0.7462336361685382,0.27479409487625495,0.426867502688571,0.0,0.2140417457305503,0.07011811321438777,0.11337920575044054,0.01966241911290426,0.3333333333333333,1565.76575722696
Mauritania,Mortalidad_Alta,0.3,0.02330232453050047,0.7415838042778453,0.2607505804964976,0.4566137784018457,0.0,0.21916508538899432,0.038095287659800824,0.10759181845713697,0.02147693495264957,0.3333333333333333,1554.94897871782
Mauritania,Mortalidad_Alta,0.239,0.03681698776559806,0.7374204163387936,0.23777699669245117,0.43232920836117117,1.0,0.17822960151802655,0.07502453384926004,0.12316859569368778,0.02443230169782433,0.3333333333333333,1713.00865264234
Mauritania,Mortalidad_Alta,0.24,0.020877461717292812,0.7328850418484869,0.2057373766137487,0.3586495488136108,0.0,0.18261859582542694,0.04275799128039232,0.10615082701904788,0.029396854428887717,0.0,1934.24103064714
Mauritania,Mortalidad_Alta,0.23,0.030388137325647824,0.7317118534945275,0.20324877447207268,0.36967377996594825,0.0,0.17806451612903226,0.0645120273906017,0.10942838989984081,0.030374359846299867,0.3333333333333333,1859.11733247641
Mauritania,Mortalidad_Alta,0.25,0.020877461717292812,0.73093926604192,0.18337864224149505,0.3391986958776275,0.0,0.19686907020872865,0.041047671629176614,0.09084784750440629,0.03465714311789874,0.0,1931.19975525465
Mauritania,Mortalidad_Alta,0.28,0.02390953536207917,0.7296086987624293,0.21143806258510028,0.38199661477377284,0.0,0.22527514231499052,0.0418597577830961,0.09350350353991742,0.030341623460122674,0.3333333333333333,1659.96369705455
Mauritania,Mortalidad_Alta,0.26,0.022338462521030066,0.7270906359539309,0.24238270075943913,0.4138771195823233,0.0,0.21411764705882355,0.04217248344809795,0.11541039606783646,0.026744516885063338,0.3333333333333333,1435.43010811893
Mauritania,Mortalidad_Alta,0.31,0.034407048316749705,0.7234852278417625,0.23455193186521492,0.3738895964352993,1.0,0.26352941176470585,0.054101210456741176,0.09367282521228777,0.02874781051114282,0.3333333333333333,1635.5630623124
Mauritania,Mortalidad_Alta,0.3,0.014972486749891795,0.7185063309249589,0.23294588750249245,0.36324623843350073,0.0,0.26584440227703987,0.02473623852801325,0.0961333955455857,0.03033708434361289,0.0,1405.15016203368
Mauritania,Mortalidad_Alta,0.3,0.01619736933709084,0.7128979183060302,0.20984466130141885,0.315077246203587,0.0,0.27893738140417457,0.02670065453394745,0.08661328972588171,0.03587338533542814,0.0,1300.60367988659
Mauritania,Mortalidad_Alta,0.3,0.017395193455834967,0.7046999070033622,0.2536716830197769,0.3903714450277863,0.0,0.29487666034155596,0.02862167528789227,0.10467457707442264,0.030966108534171595,0.0,998.96583416747
Mauritania,Mortalidad_Alta,0.3,0.016134311015896387,0.6968166535517561,0.2897110752595918,0.4150313641252714,1.0,0.31309297912713474,0.02659952420786045,0.11952655180574277,0.02856196393233259,0.0,823.554457141893
Mauritania,Mortalidad_Alta,0.3,0.015136591399653143,0.6887474068245223,0.30566916576879855,0.42088121598781075,0.0,0.33244781783681215,0.024999422774412403,0.1261029434226086,0.028767274447558035,0.0,732.017820812675
Mauritania,Mortalidad_Alta,0.3,0.028368551447080708,0.6807926174976751,0.30631671649529135,0.40604108000103495,0.0,0.35180265654648957,0.04622029274080426,0.12636980161386563,0.030562662107892387,0.3333333333333333,648.879643934862
Mauritania,Mortalidad_Alta,0.3,0.02809628382417341,0.6723943057443307,0.3144029222129798,0.39709302296355986,0.0,0.36944971537001897,0.045783641194014145,0.1297021586689518,0.03134766929198322,0.3333333333333333,651.817840199777
Mauritania,Mortalidad_Alta,0.3,0.015436031745681561,0.6635524715644894,0.313893984603948,0.38676718887060907,1.0,0.38481973434535105,0.025479652810097533,0.1294924234864365,0.03284764069277741,0.0,680.911061879778
Mauritania,Mortalidad_Alta,0.26239999999999997,0.012863459022409965,0.6323199084340796,0.3557237186379765,0.381942263959496,1.0,0.36248045540796964,0.02441372004569366,0.16775604507120628,0.031054761193611197,0.0,904.719170071042
Mauritius,Mortalidad_Media,0.5650000000000001,0.05040023300340784,0.841972017259339,0.044763544012367706,0.6777784220408842,0.0,0.1479506641366224,0.04330289836351189,0.00986692808655191,0.048122715551432424,0.3333333333333333,10223.7882316574
Mauritius,Mortalidad_Media,0.55,0.04931848002547023,0.84434142502953,0.0411846070217439,0.6896019156813319,0.0,0.1461100569259962,0.04353759341260151,0.00933153851355845,0.053365673874553744,0.3333333333333333,9068.97300226707
Mauritius,Mortalidad_Media,0.533,0.04715621158464074,0.851449648340106,0.039433394908983836,0.7023845556508089,0.0,0.1426053130929791,0.04297438908564754,0.009222967674994526,0.056284042669128044,0.3333333333333333,9011.04288445023
Mauritius,Mortalidad_Media,0.40299999999999997,0.05352877321103827,0.8522906310685541,0.033933014273261605,0.6952058947986988,0.0,0.10629411764705882,0.06444507337922067,0.01051072766309602,0.06486911212559994,0.6666666666666666,11403.2527870674
Mauritius,Mortalidad_Media,0.521,0.05255384293868952,0.8548729016870247,0.03211839843678572,0.6893438915033293,0.0,0.1344516129032258,0.048948749949704586,0.007699578041577334,0.0671279996963226,0.6666666666666666,11643.4605962124
Mauritius,Mortalidad_Media,0.443,0.053204070440209215,0.8562791923076258,0.03757159560866201,0.6858122883131317,1.0,0.11096015180265652,0.05827345623401926,0.010577122652633397,0.05522091887925055,0.6666666666666666,10841.6847754844
Mauritius,Mortalidad_Media,0.54,0.05226396511432417,0.8545658208567206,0.03886906094058649,0.6812219243031323,0.0,0.1332068311195446,0.04696820464083375,0.008974208331485668,0.052426419484081055,0.6666666666666666,9965.72531085228
Mauritius,Mortalidad_Media,0.52,0.052275621319911626,0.8539691069705599,0.038548791013134534,0.6736927540327404,0.0,0.12827324478178367,0.04878545890019493,0.009243225291270928,0.052885506174062916,0.6666666666666666,9507.87133656424
Mauritius,Mortalidad_Media,0.534,0.05080568410620753,0.8516974067372831,0.04006728152123792,0.6670070144935951,0.0,0.1317267552182163,0.04618204360587844,0.009352453029300637,0.050773409774898,0.3333333333333333,10366.3550754936
Mauritius,Mortalidad_Media,0.51,0.04992739466464462,0.8491605003323801,0.04182182248049322,0.6548596193843562,0.0,0.1267741935483871,0.04752674903351427,0.010217893879482697,0.04892113817163764,0.3333333333333333,9764.64413060045
Mauritius,Mortalidad_Media,0.54,0.04903189753831863,0.8469620807517904,0.045956206413417605,0.6518763811822399,1.0,0.1352561669829222,0.044088506734856,0.010596786339387947,0.04461936286169705,0.3333333333333333,9291.23627601053
Mauritius,Mortalidad_Media,0.54,0.048442683510409756,0.8384266294912754,0.04654313625903086,0.6470506806167236,0.0,0.13423149905123338,0.04356353058183915,0.010731161944252332,0.04366079515245048,0.3333333333333333,9197.04299089459
Mauritius,Mortalidad_Media,0.55,0.04831272363868863,0.8341414560865683,0.045759684758480676,0.6432364329268709,0.0,0.13567362428842505,0.042657780427075555,0.010359942581998953,0.04409452185068957,0.3333333333333333,8000.37643182154
Mauritius,Mortalidad_Media,0.47000000000000003,0.045934600820010295,0.83292709098491,0.048783080414020984,0.6360959566634727,0.0,0.1159392789373814,0.047484252648856806,0.012918626336946354,0.041176718077167704,0.3333333333333333,7318.12640972422
Mauritius,Mortalidad_Media,0.51,0.04719657084828833,0.8284674398357119,0.05124126307571569,0.6289949675382798,0.0,0.12774193548387094,0.044950524191615875,0.012501298803747134,0.03970822295013467,0.3333333333333333,8030.05228087539
Mauritius,Mortalidad_Media,0.42,0.04630959210849308,0.8284674398357119,0.055051994649052735,0.6322060647546305,0.0,0.10679316888045542,0.05356670809094882,0.016301875269149384,0.037355527472349506,0.3333333333333333,6574.6635764099
Mauritius,Mortalidad_Media,0.41000000000000003,0.04623654180185055,0.8264853726582901,0.06176529563739617,0.631687900260472,1.0,0.10502846299810246,0.05478748995253359,0.01872380708369891,0.03323043900832574,0.3333333333333333,5695.97525509869
Mauritius,Mortalidad_Media,0.44,0.043439687604236464,0.8264853726582901,0.061833172217704825,0.596447962384562,0.0,0.11354838709677419,0.047993698121050136,0.01746625583117016,0.03346086381779842,0.3333333333333333,5354.02974260642
Mauritius,Mortalidad_Media,0.45,0.04223693375397902,0.8241054962234293,0.06555739497493537,0.5734568126144333,0.0,0.11783681214421252,0.045641220260573614,0.018101294671640587,0.031892905850180946,0.3333333333333333,5460.60800184198
Mauritius,Mortalidad_Media,0.45,0.04173811041045293,0.8219768677406352,0.06432445005073699,0.5719284055285963,0.0,0.12039848197343453,0.04510789210303049,0.017762560382644555,0.03334377821232583,0.3333333333333333,4858.26575549747
Mauritius,Mortalidad_Media,0.47000000000000003,0.04007353500855696,0.8198133437089434,0.06449892634401717,0.5686702271656358,0.0,0.1302087286527514,0.04148442191969754,0.01705260187529524,0.03454115146074114,0.3333333333333333,4073.06053055903
Mauritius,Mortalidad_Media,0.49,0.040703320006482906,0.816951908699286,0.07644419619055427,0.5592000547130752,0.0,0.14318785578747628,0.0404095617096639,0.01937047067691644,0.03040400584742977,0.3333333333333333,3908.55694927435
Mauritius,Mortalidad_Media,0.5,0.03905356618127114,0.8154862956455584,0.07091238508076822,0.5563741043159259,0.0,0.15749525616698296,0.03801388632606756,0.01761525264539238,0.03585164443738613,0.3333333333333333,3981.98343249582
Mauritius,Mortalidad_Media,0.43060000000000004,0.031896784661139245,0.7963495766297533,0.11453249049313995,0.500725935134679,0.0,0.15851309297912713,0.036144027287118345,0.032978242501538364,0.025078680538806488,0.3333333333333333,3648.01649622256
Mexico,Mortalidad_Media,0.32,0.06543944672912237,0.8485299377637885,0.04901941854714923,0.5895805687453303,1.0,0.06740037950664136,0.09906849426262591,0.01906554106103003,0.03449408486103892,0.6666666666666666,11402.1410374782
Mexico,Mortalidad_Media,0.39799999999999996,0.06446527176679905,0.7881107375348737,0.04754315150362784,0.5915333394671871,0.0,0.08685009487666034,0.07847541637311392,0.014870503793706283,0.03706366404015361,0.6666666666666666,10314.0506725979
Mexico,Mortalidad_Media,0.36700000000000005,0.06219789404369121,0.7981114528936262,0.046638068268558354,0.6013845106109534,1.0,0.08217457305502847,0.08213165598641836,0.015821700288302223,0.03891485210708818,0.6666666666666666,8841.2707511328
Mexico,Mortalidad_Media,0.263,0.06724234388306811,0.8564990342656842,0.04162487413857753,0.6009962922305316,0.0,0.060884250474383304,0.12383780121194322,0.019721585260659494,0.045561598120418524,0.6666666666666666,10369.5553585271
Mexico,Mortalidad_Media,0.269,0.06837149787289303,0.8532226911796266,0.04139625129223778,0.6022959030392461,1.0,0.06431499051233397,0.12309520019181092,0.019176624581271364,0.047440202158798385,0.6666666666666666,10084.7937553679
Mexico,Mortalidad_Media,0.3,0.06750290536803276,0.852650404177695,0.0414032413389777,0.6033877105843763,0.0,0.07400379506641366,0.10898235012297819,0.017197920666852645,0.0490422994898257,0.6666666666666666,9649.27816772402
Mexico,Mortalidad_Media,0.35000000000000003,0.06974951305714532,0.854295729308248,0.0407549871608405,0.6114804721849983,1.0,0.0896584440227704,0.09650174277162571,0.014512090783214658,0.05191324608063947,0.6666666666666666,9097.92397674769
Mexico,Mortalidad_Media,0.34,0.070418689376339,0.8550826239359037,0.03871613490793193,0.6163957090982561,0.0,0.08967741935483871,0.10028696810835364,0.014197547276036847,0.05651792833583408,0.6666666666666666,10021.2386124039
Mexico,Mortalidad_Media,0.297,0.0724559946535106,0.8546963302096,0.03798147941753349,0.6115169848906326,1.0,0.08059013282732447,0.1181069795485037,0.015947271892728255,0.05941951619034999,0.6666666666666666,11391.3773510244
Mexico,Mortalidad_Media,0.3,0.07480996117454287,0.8530510050790472,0.037948654061002556,0.6227861314202617,0.0,0.0842504743833017,0.12070110384890599,0.01577427171577671,0.061668247856840094,0.6666666666666666,11216.800851866
Mexico,Mortalidad_Media,0.31,0.07571594966368451,0.8507475498962729,0.0382547499484704,0.6099085147546255,1.0,0.08941176470588234,0.11821363615807301,0.015387498416298464,0.06289484091134215,0.6666666666666666,10744.1335229686
Mexico,Mortalidad_Media,0.33,0.07482688146947473,0.8477859646612778,0.0373304538998289,0.6093320231760849,0.0,0.0983111954459203,0.10975294537975583,0.014108644552247819,0.06675053311966234,0.6666666666666666,10664.4944046282
Mexico,Mortalidad_Media,0.36,0.07247112927560614,0.8448816081264754,0.038802472006425344,0.616078869700755,1.0,0.11066413662239087,0.09745848502803577,0.013438444530029217,0.06626238189378532,0.6666666666666666,9728.80078237782
Mexico,Mortalidad_Media,0.35000000000000003,0.07409443768241633,0.8435939623721296,0.03891118404372274,0.6214135681656815,0.0,0.11157495256166983,0.10247449446997024,0.013860800650714052,0.06863898143402582,0.6666666666666666,8423.56933214711
Mexico,Mortalidad_Media,0.33,0.07684712830147349,0.8445525431003646,0.038002012599165254,0.6069918426677501,1.0,0.10833017077798861,0.1126983892601372,0.01436023725308454,0.07253724733641102,0.6666666666666666,10523.7685427665
Mexico,Mortalidad_Media,0.35000000000000003,0.07753306341760238,0.8459975677802418,0.03816788570453437,0.6026811110702964,0.0,0.11888045540796964,0.1072014021774941,0.013598243944239754,0.07482940605133725,0.6666666666666666,10134.3327129706
Mexico,Mortalidad_Media,0.36,0.07897599084783996,0.8452822090278274,0.03691611353365728,0.5999880609029955,1.0,0.12637571157495256,0.1061520082021648,0.012790631432781434,0.08016230010175472,0.6666666666666666,9512.63575346699
Mexico,Mortalidad_Media,0.36,0.07875619009747545,0.8435796551970811,0.036950500215717545,0.6111260750759732,1.0,0.13115749525616696,0.10585825207903048,0.012802440504774432,0.0832405108671458,0.6666666666666666,8671.75891885163
Mexico,Mortalidad_Media,0.36,0.07566451129785406,0.8407897560626654,0.03999132159302044,0.6059144976407375,1.0,0.1366223908918406,0.10172632997845887,0.013846719173461015,0.08004771572509799,0.6666666666666666,7849.66759649565
Mexico,Mortalidad_Media,0.37,0.07533095673635336,0.8390156663566779,0.04026225806568961,0.6166815354547752,0.0,0.14603415559772295,0.09854323376058383,0.013563013775652328,0.082803111878102,0.6666666666666666,7434.07465031562
Mexico,Mortalidad_Media,0.33,0.07126394184772081,0.8361256169969238,0.03903474455943185,0.6006346769930291,1.0,0.13588235294117648,0.10455831344724066,0.014747139877353484,0.08933010934453814,0.6666666666666666,7983.03398381759
Mexico,Mortalidad_Media,0.34,0.07154133969373394,0.8333500250375563,0.04049176673558751,0.5962933389862228,0.0,0.1464516129032258,0.10187560939259642,0.014843204481148252,0.09014015216979121,0.6666666666666666,7952.76479510706
Mexico,Mortalidad_Media,0.33,0.0705187904249978,0.8283425137706559,0.03965364667707352,0.5880748233331741,1.0,0.14840607210626186,0.10347191070513338,0.014979005320366745,0.09630159636563561,0.6666666666666666,7524.0271380091
Mexico,Mortalidad_Media,0.5,0.06686029220537854,0.801745475355891,0.0519461193154688,0.5965330014025729,0.0,0.2846299810246679,0.0647710522349861,0.012925609190486397,0.09313058424698238,0.6666666666666666,4183.87847727479
Moldova,Mortalidad_Media,0.34700000000000003,0.06556973575025575,0.8138064239215967,0.10236234762644501,0.5979608016132733,1.0,0.08954838709677419,0.09154064497465096,0.03658738373224406,0.01895160159311059,0.6666666666666666,5744.29618434435
Moldova,Mortalidad_Media,0.387,0.07433897297095068,0.7772515916732241,0.13365088364798924,0.5495259581876266,1.0,0.09987096774193549,0.09298120345593713,0.04280119027539916,0.013754652210086515,0.6666666666666666,5274.60582195352
Moldova,Mortalidad_Media,0.37200000000000005,0.06737812518385371,0.7904571142427927,0.11821237684441377,0.543289735118043,0.0,0.09670588235294117,0.08772760711869078,0.03939618251534727,0.01611783169130615,0.6666666666666666,4375.7788930524
Moldova,Mortalidad_Media,0.254,0.06916823933224486,0.7942771299806852,0.1282624520712597,0.5499400797389701,1.0,0.0660303605313093,0.13187379191438975,0.0625900886132721,0.014600063337973505,0.6666666666666666,4405.33418162155
Moldova,Mortalidad_Media,0.266,0.06896170249222192,0.7950640246083411,0.12808610672867848,0.5414547219587669,1.0,0.06965464895635673,0.1255510247183625,0.05968451400680691,0.014755499512935545,0.6666666666666666,4156.44981956646
Moldova,Mortalidad_Media,0.28600000000000003,0.06440511250618024,0.7970527219400529,0.154064422699847,0.5320393173353284,1.0,0.07543453510436433,0.10910584418422521,0.06674059601894237,0.011825950434556346,0.6666666666666666,3453.26727720294
Moldova,Mortalidad_Media,0.35000000000000003,0.06248953410027509,0.7942485156305887,0.1576099249796043,0.5398576073663716,1.0,0.09297912713472485,0.08652181092369693,0.05578898592932072,0.011592738750837965,0.6666666666666666,2847.08794770479
Moldova,Mortalidad_Media,0.35000000000000003,0.060249548076269734,0.7933757779526431,0.16193196401791135,0.5346179705028427,1.0,0.09430740037950663,0.08344261358818236,0.057315668117781306,0.011403109857089616,0.6666666666666666,2749.55137054338
Moldova,Mortalidad_Media,0.295,0.05882459053417542,0.7951355604835824,0.17774768633905919,0.5137790491854481,1.0,0.08060721062618596,0.09667568940373793,0.07462983111820129,0.010285799573221847,0.6666666666666666,3289.95758568777
Moldova,Mortalidad_Media,0.29,0.05453073564290438,0.7958509192359968,0.14584803645639846,0.5285176041966339,1.0,0.0803415559772296,0.0912187459913689,0.062317272322385854,0.013480941566014386,0.6666666666666666,3321.04397795719
Moldova,Mortalidad_Media,0.29,0.060656745842309095,0.7966091995135558,0.13189916731140158,0.5473540591131755,1.0,0.08144212523719167,0.10138216839271035,0.05637066857624139,0.015505559379362226,0.6666666666666666,3044.8084324815
Moldova,Mortalidad_Media,0.33,0.06092423012114546,0.794162672580299,0.14374582262514662,0.5373345122367248,1.0,0.09455407969639469,0.08948340272466442,0.05397609032369817,0.014308973063091346,0.6666666666666666,2941.36224066021
Moldova,Mortalidad_Media,0.29,0.059994580417499485,0.7899134415909579,0.14092368179128612,0.548329552082762,1.0,0.08419354838709679,0.10028359579931868,0.0602179490299737,0.014898751244985365,0.6666666666666666,2436.79935102421
Moldova,Mortalidad_Media,0.28,0.051128066661881355,0.783189069318263,0.10721175637899365,0.6111920323181036,1.0,0.0828842504743833,0.08862970866492449,0.047483429495123845,0.02107312610575566,0.3333333333333333,1898.43975710988
Moldova,Mortalidad_Media,0.32,0.0537614347728017,0.7773803562486585,0.11117892624644883,0.5699175013687039,1.0,0.09715370018975332,0.08151032646028455,0.043080706662277445,0.020808685097376725,0.6666666666666666,2110.55305353857
Moldova,Mortalidad_Media,0.29,0.05400387413323612,0.7727162171829172,0.12601174942415086,0.5647135760362536,1.0,0.09079696394686906,0.09034465079801003,0.053860777566474456,0.01864299737427389,0.6666666666666666,1531.21618590748
Moldova,Mortalidad_Media,0.23,0.05513942960992238,0.7691251162457973,0.1831632608289809,0.5268052922353487,1.0,0.0750664136622391,0.11628824259215918,0.09863188703885446,0.0124488783390272,0.6666666666666666,1183.02481442894
Moldova,Mortalidad_Media,0.24,0.05615000082771081,0.7658916946848844,0.20722054229067952,0.5012924625870184,1.0,0.08197343453510436,0.11346878952605464,0.10691485000150962,0.0112708515521448,0.6666666666666666,1034.39197746993
Moldova,Mortalidad_Media,0.21,0.05367078890950097,0.7633164031761928,0.22224201870973398,0.495239388549952,1.0,0.07690702087286527,0.12399853448542707,0.13103184183172403,0.011268769123126863,0.6666666666666666,897.178494749468
Moldova,Mortalidad_Media,0.31,0.05326976853568915,0.7616424636955432,0.23162568435409128,0.47962610526579164,1.0,0.12352941176470589,0.08337661379911303,0.09250580773166278,0.011910830350967122,0.6666666666666666,682.319095965299
Moldova,Mortalidad_Media,0.26,0.048902885951202485,0.7601115959653766,0.26571516903383074,0.47306480526630057,1.0,0.11347248576850094,0.0913297023207811,0.12650509020326844,0.01122472741930691,0.3333333333333333,570.799866188293
Moldova,Mortalidad_Media,0.26,0.048096639301469284,0.7583804277845339,0.2834103752170536,0.45011950890884966,1.0,0.12531309297912713,0.08983775038248729,0.13491924073194336,0.011740079234311323,0.3333333333333333,507.404076252819
Moldova,Mortalidad_Media,0.3,0.04530411594666591,0.7553759210243938,0.32124152690897156,0.44350007199114905,1.0,0.1588235294117647,0.0733808502670499,0.13252037445534762,0.011276794148788547,0.3333333333333333,440.538683980372
Moldova,Mortalidad_Alta,0.1,0.07370381021717007,0.737577795264325,0.37014515843997503,0.3044115056595861,0.0,0.06413662239089184,0.3567813141528009,0.4580212577879976,0.012028365376332124,0.6666666666666666,593.593177049161
Mongolia,Mortalidad_Media,0.37,0.08729004394995714,0.8188816325533601,0.16454658187164328,0.39370758955077184,1.0,0.08144212523719165,0.11409417094071365,0.055091167890319495,0.008520109376947277,0.6666666666666666,4993.51487463495
Mongolia,Mortalidad_Media,0.374,0.08882259962723386,0.8152245790288217,0.16625914805640238,0.3785261021211522,0.0,0.08374193548387096,0.1148454493604729,0.05506807136257832,0.008600309737192342,0.6666666666666666,4517.61578018785
Mongolia,Mortalidad_Media,0.369,0.08176802446804966,0.810988259392573,0.16375944006205526,0.3881674396875806,0.0,0.08542314990512334,0.10720338034495511,0.05497673943733835,0.009191247661615404,0.6666666666666666,4001.25193077703
Mongolia,Mortalidad_Media,0.298,0.0932154789040239,0.8067554293112138,0.145949546084105,0.3796174478586671,0.0,0.07237950664136623,0.1512272934930853,0.06068643868479412,0.01140159005095594,0.6666666666666666,4347.54610314873
Mongolia,Mortalidad_Media,0.348,0.08180636206549957,0.8035206119283451,0.14429952955038908,0.3802684172810156,1.0,0.08914611005692599,0.11372555351432727,0.05138093461136526,0.012382620772046727,0.6666666666666666,4107.64288528468
Mongolia,Mortalidad_Media,0.368,0.07397962322988344,0.7994622595914771,0.14061964407572156,0.40967066220496673,0.0,0.09915749525616697,0.09731204528302832,0.0473522192352832,0.013626632153995075,0.6666666666666666,3645.96708669551
Mongolia,Mortalidad_Media,0.39,0.07326120543704659,0.7948909426858057,0.15948421770042226,0.4495709954434086,1.0,0.1110056925996205,0.09093636422066552,0.050661195095325885,0.012469490292788406,0.6666666666666666,3619.90026383792
Mongolia,Mortalidad_Media,0.38,0.06991978127780958,0.8032798326409469,0.17785204724739936,0.4529125083503752,0.0,0.11320683111954459,0.08909876502098875,0.05797026958321567,0.011503807084377914,0.6666666666666666,3838.92126989984
Mongolia,Mortalidad_Media,0.282,0.08140423659104644,0.8000310570385192,0.16851243887517356,0.4489854924514637,1.0,0.08829222011385199,0.13965609561832584,0.07402140312695847,0.013118982256814541,0.6666666666666666,4126.23975800524
Mongolia,Mortalidad_Media,0.27,0.08080078211496122,0.7930903323626555,0.169434290438092,0.43636124963138745,0.0,0.0886337760910816,0.14478770507144564,0.07773335286655597,0.013821661923162172,0.6666666666666666,4340.14310544449
Mongolia,Mortalidad_Media,0.27,0.07188514454319828,0.7845374333276913,0.1421483306340478,0.46077750481675517,1.0,0.09324478178368122,0.12890044885411575,0.06523929627571204,0.018162487435705272,0.6666666666666666,4328.89001905655
Mongolia,Mortalidad_Media,0.27,0.07014033505670864,0.7789436768393017,0.13011705715237634,0.44854975684120935,1.0,0.09939278937381403,0.1257912785744621,0.05973025745796655,0.02168798531551009,0.6666666666666666,3736.04201455077
Mongolia,Mortalidad_Media,0.3,0.06506013610488486,0.7703070284869817,0.1481539032749673,0.4377686275701248,1.0,0.11840607210626186,0.1050647378640719,0.06119028666112335,0.020236669889378375,0.6666666666666666,2625.21881402433
Mongolia,Mortalidad_Media,0.3,0.06241774752717015,0.762630007729364,0.22575647724472037,0.4179236899015367,0.0,0.12808349146110057,0.10082698440899973,0.09317061141285102,0.013420606473473805,0.6666666666666666,1703.32756790019
Mongolia,Mortalidad_Media,0.28,0.06109533840817896,0.7522869670359196,0.24285023202964545,0.3788185020322448,0.0,0.1296394686907021,0.10575659934339261,0.10737323006449488,0.013557995246045692,0.6666666666666666,2127.42678594737
Mongolia,Mortalidad_Alta,0.3,0.0618268287527699,0.742948918150746,0.2328882552543284,0.31317840276648934,1.0,0.15142314990512334,0.0998792933316914,0.096109645070335,0.015863288315848014,0.6666666666666666,1627.68787743359
Mongolia,Mortalidad_Alta,0.3,0.05993071790112593,0.7330595195929779,0.22296253481154552,0.309618577507902,0.0,0.16451612903225807,0.09683838921163825,0.09201921679048461,0.018446046115633115,0.6666666666666666,1329.89179579053
Mongolia,Mortalidad_Alta,0.43,0.05300912810061024,0.7241681337337018,0.2502263693707379,0.35356419461509603,0.0,0.25702087286527514,0.05981709063835997,0.07203819755034559,0.01782322762745225,0.6666666666666666,994.90010913241
Mongolia,Mortalidad_Alta,0.43,0.04629642125231197,0.7148614908425353,0.25316014108422946,0.38525274713110835,0.0,0.2806831119544592,0.05230623380456804,0.07288169905028889,0.01950109365448264,0.3333333333333333,794.154552001815
Mongolia,Mortalidad_Alta,0.43,0.045420287067220254,0.6997691659440373,0.23303445045440707,0.4413470974166367,0.0,0.30516129032258066,0.05132592607176678,0.06709527396629811,0.023627838573785948,0.3333333333333333,643.168068921658
Mongolia,Mortalidad_Alta,0.43,0.04714891246265391,0.6992666700399026,0.23910417977772624,0.4577665762452824,1.0,0.3312713472485768,0.05326008738072526,0.06884040831500188,0.025190906551939868,0.3333333333333333,570.249213248399
Mongolia,Mortalidad_Alta,0.43,0.04463015815430219,0.6971415311119993,0.29035636280443594,0.40829958934733956,0.0,0.3590132827324478,0.050441849755120886,0.08357614697509957,0.022132565593896106,0.3333333333333333,524.453483552485
Mongolia,Mortalidad_Alta,0.5,0.04499441459201891,0.6945487918288589,0.34671990191830004,0.3734293763440905,0.0,0.4497153700189753,0.0437304984302146,0.08581206756704517,0.01964797700447109,0.3333333333333333,476.02755082717
Mongolia,Mortalidad_Alta,0.5,0.054846371653324545,0.6613851090224192,0.4115203093050986,0.26072086326277844,1.0,0.5929791271347249,0.05321059505821589,0.10183476861622787,0.022197777152269678,0.6666666666666666,652.67456284915
Montenegro,Mortalidad_Baja,0.46399999999999997,0.0772424724550492,0.8802175388518318,0.07616156744643146,0.6278255984130225,0.0,0.019370018975332068,0.08056180912483314,0.020380579542849175,0.0015308586891019413,0.6666666666666666,9990.20444616996
Montenegro,Mortalidad_Media,0.51,0.07985912221517041,0.846403751969417,0.08144521059209338,0.6090485401262206,1.0,0.022258064516129033,0.0757639643436866,0.0198231606270599,0.0014240738514150375,0.6666666666666666,9377.48879714989
Montenegro,Mortalidad_Baja,0.47500000000000003,0.07500252822611071,0.8765535062175149,0.09528295252770705,0.5877744076051437,1.0,0.022533206831119545,0.07642732731632022,0.02488544888143062,0.001091554730812717,0.6666666666666666,7612.62845881291
Montenegro,Mortalidad_Baja,0.395,0.08018777313360334,0.8873013352781787,0.08058916148336326,0.5960802358899527,1.0,0.0194876660341556,0.09822213883078397,0.0253265254743825,0.002097050745861404,0.6666666666666666,8842.48528706869
Montenegro,Mortalidad_Baja,0.381,0.07749452482220491,0.9045048408850203,0.08487177007979214,0.6011606930201993,1.0,0.020242884250474383,0.09843031176054663,0.027646828074726085,0.002220105186675757,0.6666666666666666,8790.88152116679
Montenegro,Mortalidad_Baja,0.434,0.07498550710279198,0.8873362308270762,0.0864113615466435,0.6120958431376061,1.0,0.024705882352941175,0.08362855102139664,0.02470917741701863,0.0025095304758303992,0.6666666666666666,7758.36921956034
Montenegro,Mortalidad_Baja,0.42,0.07158547610934649,0.8852773934420801,0.09418633223811708,0.606045997607509,1.0,0.02550284629981025,0.0825212915251475,0.027821456579593205,0.0023870265724467237,0.6666666666666666,6999.1358134109
Montenegro,Mortalidad_Baja,0.44,0.07378342364805451,0.8861497821645368,0.1016904076705683,0.6137916666120101,1.0,0.02922201138519924,0.0811737173478639,0.02866533961049637,0.002462683978474508,0.6666666666666666,6491.19280618646
Montenegro,Mortalidad_Baja,0.378,0.07066239694609942,0.8823810628835238,0.10217954606070395,0.5941392838574662,1.0,0.027256166982922197,0.09051540632662197,0.03352704281129897,0.002926941880466209,0.6666666666666666,7364.96590101549
Montenegro,Mortalidad_Baja,0.4,0.07262123620163012,0.8845445869152158,0.10135474015687046,0.5942799305347864,1.0,0.031878557874762806,0.0878931879824686,0.031428126148481984,0.0036384748190018434,0.6666666666666666,7172.92908521143
Montenegro,Mortalidad_Baja,0.37,0.07851126753947231,0.8818227341011515,0.09398649677996433,0.6280112279195393,1.0,0.032296015180265654,0.10267873445802271,0.031514340191548175,0.004893342700082929,0.6666666666666666,6577.74033229273
Montenegro,Mortalidad_Baja,0.39,0.08360450728456867,0.8787170302492067,0.1018392381541503,0.6176670633116439,1.0,0.03774193548387097,0.10369648689931461,0.03238756286210982,0.00508577243405468,0.6666666666666666,7325.64689244715
Montenegro,Mortalidad_Baja,0.34,0.0840331538815093,0.8773909993910722,0.09684200993217393,0.5951409406942045,1.0,0.036774193548387096,0.11955253997935174,0.03533334211158983,0.0065546934707505135,0.6666666666666666,6688.40259641346
Montenegro,Mortalidad_Media,0.33,0.07171411809935632,0.8652822439233765,0.10431009417600387,0.5809896667653898,1.0,0.03944971537001898,0.10521465348672038,0.039201891970243694,0.006814719626019249,0.6666666666666666,6727.10776676969
Montenegro,Mortalidad_Media,0.35380000000000006,0.09075141706095201,0.8651775572766822,0.09383508519402387,0.556345205356358,1.0,0.04699430740037951,0.12402545318173613,0.032904428147400425,0.009189273785647536,0.6666666666666666,7367.75190910882
Montenegro,Mortalidad_Media,0.25579999999999997,0.08440356104021006,0.8537667127869504,0.09115950694146588,0.5575434930666467,1.0,0.03786034155597723,0.15960155080110028,0.044217364326045415,0.011023918400528049,0.6666666666666666,5976.39414454596
Montenegro,Mortalidad_Media,0.378,0.0850182658021817,0.8466131252628071,0.10359150895064602,0.5632554713625799,1.0,0.06096774193548386,0.10878790506054092,0.03398884871487406,0.010441957993143985,0.6666666666666666,4425.67887307803
Montenegro,Mortalidad_Media,0.5346000000000001,0.07671728748240024,0.8486719626478043,0.11050470700147857,0.5838167311378892,1.0,0.09434117647058825,0.0694500532286882,0.025631260034173268,0.010797550142574722,0.6666666666666666,3674.6179242797
Montenegro,Mortalidad_Media,0.3616,0.04485066128407417,0.8518579262622161,0.11688644988032597,0.575223214178468,0.0,0.06930094876660342,0.060276785213326314,0.04007592363603,0.011176737778367547,0.3333333333333333,3380.16512135859
Montenegro,Mortalidad_Media,0.1,0.0353961844996771,0.8497135947824177,0.1251513847986039,0.5671569774711483,0.0,0.02049335863377609,0.17247275945077067,0.15513257604442077,0.011160455625420193,0.3333333333333333,2789.15906483509
Montenegro,Mortalidad_Media,0.1,0.057480307192090914,0.8484186209628028,0.13791829310922213,0.5773414435907563,0.0,0.021821631878557873,0.2787255657540969,0.17091645483721338,0.010675682105821638,0.6666666666666666,2106.6350684523
Montenegro,Mortalidad_Media,0.2864,0.03780465783292646,0.8429100096137234,0.13649356256800443,0.5804778702212381,0.0,0.06630132827324478,0.06426696544972817,0.059062515266889104,0.011680913097026412,0.3333333333333333,1909.59870186179
Montenegro,Mortalidad_Media,0.204,0.046600821505340104,0.8402862132920637,0.14270332141330885,0.5898370404150968,0.0,0.04916129032258064,0.11097125438602554,0.08668247135665778,0.011617821916679306,0.3333333333333333,1627.06511911987
Montenegro,Mortalidad_Media,0.5670000000000001,0.06762238433472842,0.8426915634776206,0.06397418860892169,0.609679085369089,0.0,0.14524667931688806,0.0577640029341545,0.014020897598728684,0.03197549737317076,0.6666666666666666,10795.966586356715
Morocco,Mortalidad_Media,0.41000000000000003,0.02753267746428098,0.8655268617211531,0.12392567841348744,0.5493933634986378,0.0,0.12447817836812144,0.03283884339282892,0.0374676148377755,0.01833525978350124,0.3333333333333333,3455.39624023438
Morocco,Mortalidad_Media,0.399,0.02815335770396958,0.8401173188353959,0.15125934403222524,0.516989672698125,0.0,0.12568121442125238,0.03449261197039958,0.04696996313021206,0.015098805603602985,0.3333333333333333,3785.93627929688
Morocco,Mortalidad_Media,0.392,0.026265947351619915,0.8365119107232275,0.1346260374530005,0.5329771068582122,0.0,0.12868311195445922,0.03279200762855144,0.042562806243833934,0.018238310261624528,0.3333333333333333,3268.0302734375
Morocco,Mortalidad_Media,0.392,0.028066759073535733,0.8524214893769224,0.13688837322830577,0.5362589557080472,0.0,0.1338899430740038,0.03500226323014162,0.04327631448568282,0.018740374843996238,0.3333333333333333,3508.09765625
Morocco,Mortalidad_Media,0.413,0.026334598431326052,0.8481436440374848,0.14274967025288388,0.5316146399866778,0.0,0.14654838709677417,0.031204593023287274,0.04283039786505627,0.018659482481562108,0.3333333333333333,3501.69799804688
Morocco,Mortalidad_Media,0.371,0.026353325492874884,0.8433078188711638,0.1409114256832821,0.5319332997017705,0.0,0.1379810246679317,0.0347614744596371,0.04706654981578259,0.02001604350019683,0.3333333333333333,3296.52661132813
Morocco,Mortalidad_Media,0.39,0.025447426871441962,0.8378710923528148,0.1303019339000171,0.5352911043594466,0.0,0.151707779886148,0.031950395405200664,0.04141032318780987,0.023067575431275706,0.3333333333333333,3140.85546875
Morocco,Mortalidad_Media,0.37,0.02570458055600623,0.8330924958866872,0.14895917912355372,0.5217189302865571,0.0,0.1516508538899431,0.034011832268653855,0.04988281945386897,0.021010152601060844,0.3333333333333333,3146.24780273438
Morocco,Mortalidad_Media,0.33299999999999996,0.02533275207470686,0.8277702267687246,0.1306965535042739,0.5508183748861781,0.0,0.14343643263757114,0.03725369669654621,0.048645085071210625,0.025809547950747736,0.3333333333333333,3435.40698242188
Morocco,Mortalidad_Media,0.34,0.025273861296713628,0.8219758208741683,0.1560738175320392,0.469394180111679,1.0,0.15483870967741936,0.036403373594476277,0.056871277371017374,0.02248268389617923,0.3333333333333333,3379.7431640625
Morocco,Mortalidad_Media,0.34,0.025521426035037646,0.8156377423277774,0.14305607394496536,0.48673623389025655,0.0,0.16322580645161291,0.036753697785126216,0.052137751078923225,0.026347131512893154,0.3333333333333333,3164.17724609375
Morocco,Mortalidad_Media,0.33,0.025507352167363596,0.8097574933829315,0.1525750041795394,0.4763767481596184,0.0,0.16719165085388996,0.03784692703324039,0.05728385424015491,0.026039866942608864,0.3333333333333333,3301.98876953125
Morocco,Mortalidad_Media,0.35000000000000003,0.0239640469882845,0.8034337220115888,0.15105859288452522,0.4642864148227068,0.0,0.1872865275142315,0.033562740646766634,0.0534748462532096,0.02799871478638221,0.3333333333333333,3067.9853515625
Morocco,Mortalidad_Media,0.35000000000000003,0.02297833233797025,0.7981829887688674,0.1510961329722896,0.46583216870069843,0.0,0.19724857685009486,0.03220772776173176,0.05348810661084061,0.029655478579521624,0.3333333333333333,3119.58862304688
Morocco,Mortalidad_Media,0.32,0.023120979529842448,0.7924171972244081,0.13717388435700675,0.45715247843345463,0.0,0.19066413662239087,0.035441675673810256,0.053123791733711706,0.03506992344579662,0.3333333333333333,3183.20043945313
Morocco,Mortalidad_Media,0.32,0.022542705184213283,0.7862508047785963,0.12464844240190856,0.48123845235049467,0.0,0.20098671726755218,0.03457222648722585,0.048284619515108616,0.04120130930849657,0.3333333333333333,2755.5859375
Morocco,Mortalidad_Media,0.32,0.02213017559602887,0.7796265827312396,0.1553879079582793,0.4566799806270567,1.0,0.21191650853889943,0.033951978472421214,0.060160732810619844,0.03435843020754894,0.3333333333333333,2438.12646484375
Morocco,Mortalidad_Media,0.33,0.0220473446082365,0.7737749481364904,0.13507202477872726,0.46654070852836715,0.0,0.22981024667931688,0.03280236617578255,0.05072653934796232,0.04224292740069022,0.3333333333333333,2242.98828125
Morocco,Mortalidad_Media,0.37,0.02107726419308482,0.7669647328135059,0.1498848166765394,0.4471158196388365,0.0,0.270303605313093,0.027994725378545856,0.050192110422975666,0.03976519871875168,0.3333333333333333,2183.55541992188
Morocco,Mortalidad_Media,0.47000000000000003,0.01809976079048082,0.7624722798483439,0.15776326445577174,0.43960486779752306,0.0,0.3585199240986717,0.01899040290841306,0.04158532471259446,0.039425862425321784,0.0,1941.87255859375
Morocco,Mortalidad_Media,0.47000000000000003,0.01841990886629413,0.757092782030188,0.14955506795946902,0.44729703985508795,0.0,0.37368121442125235,0.019318130718497077,0.03942619922352925,0.04367166040041168,0.0,1596.02062988281
Morocco,Mortalidad_Media,0.41000000000000003,0.018361939708471504,0.7516274411617425,0.14997143043196873,0.4470116660496468,0.0,0.3384250474383302,0.022077148479885764,0.04532143662653932,0.04533031140920392,0.0,1506.24523925781
Morocco,Mortalidad_Alta,0.37,0.017539978763189336,0.745818728092138,0.13544854598434294,0.4471630056944552,1.0,0.31734345351043647,0.02339503457221741,0.04536839930810802,0.052635948861781766,0.0,1499.107421875
Morocco,Mortalidad_Alta,0.5,0.01596447448072578,0.7162171829172328,0.17042886118157138,0.47384767513844284,0.0,0.5161290322580645,0.015796288440501394,0.04222193044779382,0.05023007301477395,0.0,1466.78820800781
Mozambique,Mortalidad_Alta,0.263,0.01619243040983358,0.6916946848844696,0.32415105734703875,0.3748793619476516,0.0,0.23205882352941176,0.030447985194059564,0.15253163879927237,0.02077817457272959,0.0,578.251663751351
Mozambique,Mortalidad_Alta,0.23800000000000002,0.015935778650492265,0.652450103727019,0.34003851207794983,0.37156048398788377,0.0,0.21541935483870966,0.03312747001989349,0.1768067466595801,0.020246590390857026,0.0,509.907829475551
Mozambique,Mortalidad_Alta,0.23199999999999998,0.015464185260540789,0.6685027541311968,0.33987883707575706,0.3881354594268128,0.0,0.21615180265654646,0.03300621239508044,0.18129424524480311,0.020949123482637975,0.0,462.433876479921
Mozambique,Mortalidad_Alta,0.281,0.016244202245817914,0.6673009514271406,0.3131477661671775,0.3877400969511603,1.0,0.2650037950664137,0.028586224072900714,0.1379198262760459,0.02333871556673126,0.0,519.09255091362
Mozambique,Mortalidad_Alta,0.282,0.0165453098878135,0.6599184491022247,0.3229277374975157,0.3756686077844138,0.0,0.2707628083491461,0.02899858211799202,0.14171837068600993,0.023000544100263687,0.0,517.507260258101
Mozambique,Mortalidad_Alta,0.309,0.016800448993418756,0.6507332427212247,0.3296655891062171,0.3887299993862701,0.0,0.3019639468690702,0.02686198905869559,0.13203103251384338,0.02292177591682734,0.0,470.93856305196
Mozambique,Mortalidad_Alta,0.31,0.017221210394493945,0.6408183704127619,0.29868873056676304,0.4364878657022919,0.0,0.31117647058823533,0.027428369471404476,0.119251237479708,0.02642518280619542,0.0,441.489734819071
Mozambique,Mortalidad_Alta,0.3,0.017422669085226175,0.6301738321768366,0.2979171868678677,0.4580944357701374,0.0,0.3062618595825427,0.028665739565328547,0.12290832254808794,0.027009150769490214,0.0,610.563774706589
Mozambique,Mortalidad_Alta,0.262,0.017338023039726116,0.6195006795908147,0.3117010452931857,0.46745483766150653,1.0,0.2724402277039848,0.03266792489350938,0.14723897473892636,0.026208674977387183,0.0,697.142680444123
Mozambique,Mortalidad_Alta,0.27,0.01721085356843468,0.6083983117533442,0.3066064300886723,0.47581852310311146,0.0,0.2874193548387097,0.03147337622747915,0.14054354857854545,0.02741019766989676,0.0,686.505672517351
Mozambique,Mortalidad_Alta,0.27,0.0164797446695885,0.5979683811431433,0.3226132060099304,0.46926497527631994,0.0,0.29459203036053133,0.03017057378567437,0.14787294309621654,0.026616377819080467,0.0,685.685748199513
Mozambique,Mortalidad_Alta,0.25,0.016760139111560046,0.5875670648830387,0.3348532792870127,0.4629615783489197,0.0,0.2832068311195446,0.03312384169201531,0.16575579712350802,0.02662672908423025,0.0,618.17649286789
Mozambique,Mortalidad_Alta,0.26,0.014300981517922796,0.5776521925745761,0.34528787575425357,0.4566694229734577,0.0,0.31328273244781785,0.02729919949020057,0.16434227194543644,0.027570642890613364,0.0,496.185839392659
Mozambique,Mortalidad_Alta,0.28,0.01620366896212523,0.5684956005436725,0.35289673598229127,0.451855581392108,0.0,0.3384440227703985,0.02861866886988214,0.155963153708692,0.027000753114087037,0.0,547.697144193651
Mozambique,Mortalidad_Alta,0.28,0.015265371564113124,0.5598969883396523,0.3394204172034158,0.45816052955784503,1.0,0.355977229601518,0.027006380435425265,0.15001282110428513,0.029834848161455207,0.0,592.159111184122
Mozambique,Mortalidad_Alta,0.28,0.015256299950080272,0.5521138851133842,0.3036109536401227,0.46314636714108437,0.0,0.37032258064516127,0.026990792564865237,0.13420151372255493,0.035231663591770684,0.0,507.874923914304
Mozambique,Mortalidad_Alta,0.28,0.019443574253069907,0.544860147363903,0.3048407537727107,0.45141446043458666,0.0,0.40220113851992406,0.03418583962021428,0.13474451956457412,0.03838011845692557,0.0,457.487647833183
Mozambique,Mortalidad_Alta,0.27,0.019248600572532856,0.5387652907933329,0.28975545551626314,0.47185855721403613,0.0,0.4108918406072106,0.035104547694423685,0.1328276012037587,0.04315438541623465,0.0,436.773856167384
Mozambique,Mortalidad_Alta,0.22,0.019336204498584354,0.5320838400457828,0.2842973840445785,0.4598866171416348,0.0,0.35316888045540795,0.043274438831461856,0.15994847515520919,0.04664285747194328,0.0,400.056973161545
Mozambique,Mortalidad_Alta,0.22,0.019092630518403406,0.5253308534229917,0.28724236352926835,0.46708075640001767,0.0,0.3736242884250474,0.04274175628150262,0.1616034354956695,0.048994545309063796,0.0,339.488737800648
Mozambique,Mortalidad_Alta,0.22,0.018550790700580064,0.518120037198655,0.2873859642093646,0.4971066056003093,1.0,0.39449715370018973,0.04155678317553635,0.16168413331772827,0.05188858517074596,0.0,313.886661721198
Mozambique,Mortalidad_Alta,0.35000000000000003,0.0184436111326232,0.5092495886687174,0.2303288270431345,0.46273236474646573,0.0,0.6648007590132827,0.025974072148185604,0.08147562400936181,0.06962053933304214,0.0,304.792138621913
Mozambique,Mortalidad_Alta,0.1,0.01792766264504316,0.49804707060590875,0.2406234795553531,0.4439704337704983,0.0,0.20132827324478178,0.08842688201759424,0.2978920839257877,0.07068916657371015,0.0,327.12623979157
Mozambique,Mortalidad_Alta,0.1,0.017593334267135947,0.45612704771442875,0.3963807829371418,0.5122380117958035,0.0,0.25673624288425045,0.08681833596510906,0.4904566686988831,0.054006686256801016,0.0,191.826096861406
Namibia,Mortalidad_Alta,0.539,0.03168470669573844,0.7085628442663994,0.11052032222360236,0.5582922811525997,0.0,0.40603984819734346,0.028685680130590405,0.02542560694347427,0.056878216426432725,0.3333333333333333,4349.79908493314
Namibia,Mortalidad_Alta,0.474,0.031148996507616357,0.6607768796051219,0.12069682080712953,0.5858406789421526,0.0,0.37416318785578745,0.03207560472787812,0.03156652874001129,0.05445590974329586,0.3333333333333333,4412.8355693052
Namibia,Mortalidad_Alta,0.46,0.031029006443804304,0.7068602904356533,0.11557350739332493,0.596652149878575,0.0,0.3762049335863377,0.03292631763330541,0.03115028992180543,0.059183708987505614,0.3333333333333333,3878.58982993966
Namibia,Mortalidad_Alta,0.498,0.03288786199422155,0.6993490235353028,0.08932323858288387,0.5927277831980148,0.0,0.42145730550284627,0.03220974456668215,0.022256589918233968,0.08029109512915752,0.3333333333333333,4731.9210318831
Namibia,Mortalidad_Alta,0.454,0.03357498508917645,0.6855139852636096,0.09798373131301508,0.5860571584206693,0.0,0.39369639468690704,0.03605957416270845,0.02677200148482214,0.07480734353970567,0.3333333333333333,5308.60813408705
Namibia,Mortalidad_Alta,0.413,0.03272927833622492,0.6723799985692824,0.09681762534602666,0.594870028792321,0.0,0.36284440227703985,0.038654125476333304,0.02908068189563236,0.07678275418660335,0.3333333333333333,5143.96072323076
Namibia,Mortalidad_Alta,0.49,0.03479409485477801,0.6602045926031905,0.08471838222870899,0.5849358565319904,0.0,0.4425806451612903,0.03460733471006693,0.021458118318705727,0.09074453571091427,0.3333333333333333,4395.68776162376
Namibia,Mortalidad_Alta,0.48,0.03282259626035548,0.6487302382144644,0.08383640263366343,0.5871688503302898,1.0,0.43263757115749524,0.03335219093594286,0.02167799542134853,0.09153041729628748,0.3333333333333333,4774.10650865775
Namibia,Mortalidad_Alta,0.44200000000000006,0.031619282714581406,0.6387581372058087,0.10267438105801778,0.5844255710460323,0.0,0.3933548387096774,0.03490973825406349,0.02881085795240778,0.07320793848150611,0.3333333333333333,5378.32326241205
Namibia,Mortalidad_Alta,0.44,0.030724800722431736,0.6266971886401029,0.09865659597339221,0.584839680651288,0.0,0.3974193548387097,0.03409032806154842,0.02781289937019029,0.0775017487204438,0.3333333333333333,5346.62131149967
Namibia,Mortalidad_Alta,0.44,0.03052590524131969,0.6161814149796121,0.1016054818122341,0.5413293057693888,0.0,0.40075901328273245,0.0338728414647136,0.028641477147590712,0.07582353071250658,0.3333333333333333,5942.64680978673
Namibia,Mortalidad_Alta,0.45,0.03006143331634283,0.6006438228771729,0.10235408607880159,0.5440473140390628,0.0,0.3791271347248577,0.032623511085882045,0.02821066837831957,0.06935551232557868,0.3333333333333333,5834.7917675794
Namibia,Mortalidad_Alta,0.45,0.02985923601265823,0.5927176479004221,0.10667904016672718,0.541705316066821,0.0,0.36461100569259963,0.03240732730692734,0.029398888727145304,0.0637493993086213,0.3333333333333333,5418.21633365814
Namibia,Mortalidad_Alta,0.45,0.03555220616101954,0.5820444953144002,0.10279092446863589,0.5263631746355668,1.0,0.36802656546489565,0.03849409393398815,0.028330683586203165,0.06692936799775064,0.3333333333333333,4302.91374148376
Namibia,Mortalidad_Alta,0.41000000000000003,0.03474290910514993,0.57336004006009,0.09498927647323514,0.4779248002895137,0.0,0.3166413662239089,0.0412999198336558,0.028742148055878648,0.06844682070357183,0.3333333333333333,4204.78555422749
Namibia,Mortalidad_Alta,0.43,0.03189601012128377,0.5631447170756134,0.10649356248944614,0.4927719181602981,0.0,0.3133206831119545,0.03619359417986644,0.030712951404611208,0.05710184037135978,0.3333333333333333,4379.04313682732
Namibia,Mortalidad_Alta,0.41000000000000003,0.03171043771115985,0.5510837685099077,0.12175314911034894,0.5262144855883942,0.0,0.28629981024667933,0.03774136949198068,0.036812511542404724,0.047349431590127396,0.3333333333333333,4017.1834716928
Namibia,Mortalidad_Alta,0.47000000000000003,0.03214684269662152,0.5421274769296802,0.1308907185834913,0.5705935288388603,0.0,0.34246679316888046,0.03337005950786381,0.034516634437568805,0.045871159223311586,0.3333333333333333,3685.77299991587
Namibia,Mortalidad_Alta,0.5700000000000001,0.030152355925330686,0.5366621360612347,0.11280953417933973,0.5852678040962156,0.0,0.4488614800759013,0.02583214976137292,0.024539333521248347,0.058333911886140344,0.3333333333333333,3403.15496192955
Namibia,Mortalidad_Alta,0.54,0.028265321420367136,0.5329851920738249,0.12895256975059535,0.5993868971154598,1.0,0.43650853889943075,0.02558596483098282,0.02959852327325325,0.052067304951231456,0.3333333333333333,2569.24739317883
Namibia,Mortalidad_Alta,0.54,0.027471383812235246,0.5339866943272049,0.12672265184472511,0.545162294224368,0.0,0.44573055028463,0.024878584674519637,0.029087991103797565,0.054229417052432734,0.3333333333333333,1772.07565537493
Namibia,Mortalidad_Alta,0.53,0.03037245835654281,0.5338722369268187,0.12212009681870921,0.5669216081291256,0.0,0.4475332068311195,0.02798155229299763,0.028563199828001894,0.05776416195053993,0.3333333333333333,1915.58926594875
Namibia,Mortalidad_Alta,0.53,0.026302189911913278,0.5476929680234637,0.1354788305682867,0.5753029130629933,0.0,0.4616129032258064,0.024286611860227965,0.0316793431371814,0.053489578763756256,0.3333333333333333,2156.67590512714
Namibia,Mortalidad_Alta,0.2824,0.02612224515104026,0.6131053723442306,0.11923335720392558,0.5959460500102062,0.0,0.27221859582542696,0.04527382399995337,0.05234279354640603,0.06809263157057661,0.3333333333333333,2483.20353415161
Nepal,Mortalidad_Media,0.33799999999999997,0.023678730663793317,0.7929322555261464,0.26435520464889223,0.5242513883865525,1.0,0.15521062618595824,0.034348182461667064,0.09681416999285622,0.012061182341731964,0.3333333333333333,1385.91066274851
Nepal,Mortalidad_Media,0.33799999999999997,0.02388311791312825,0.7685814435939624,0.2783659986796104,0.5141280250925377,0.0,0.16098292220113852,0.03463911839004837,0.10193893606617993,0.011831463447462371,0.3333333333333333,1252.75076731986
Nepal,Mortalidad_Media,0.315,0.023894561216845304,0.7788969168037769,0.28037365712549167,0.5415123654949521,0.0,0.15600569259962052,0.03718580223785597,0.11017006210672006,0.012321842327179505,0.3333333333333333,1154.21517578318
Nepal,Mortalidad_Media,0.262,0.021952821959759724,0.7816582015880964,0.27282183820649936,0.5196637378417877,0.0,0.13572296015180266,0.041142379329638754,0.12889285998119837,0.013492000323354797,0.3333333333333333,1203.14294706401
Nepal,Mortalidad_Media,0.24600000000000002,0.02296739088588136,0.7778954145503969,0.2823299837564861,0.5147347586020117,0.0,0.13303605313092978,0.04580260358609759,0.14205460375715656,0.013640446461047085,0.3333333333333333,1179.19843190389
Nepal,Mortalidad_Media,0.267,0.022017624887353697,0.773660490736104,0.2996033176968052,0.5176918627335307,0.0,0.15148576850094875,0.04048869610657759,0.1388799816498239,0.013449046042243817,0.3333333333333333,1034.28374906846
Nepal,Mortalidad_Media,0.29,0.02081601590475974,0.7694255669218113,0.3226153412161056,0.5148214244980789,0.0,0.1716888045540797,0.03528398148919659,0.13767571935871517,0.012931823638739416,0.0,877.256454696737
Nepal,Mortalidad_Media,0.31,0.019333725239042882,0.7541168896201442,0.33527895596540735,0.5027559298583261,0.0,0.19176470588235295,0.030707044202465894,0.13384379415780992,0.013020221294208498,0.0,875.543635474862
Nepal,Mortalidad_Media,0.21300000000000002,0.019552066754792267,0.7603834322912939,0.3472180864256978,0.491628515229553,0.0,0.1378235294117647,0.04518419638058982,0.20172593859006632,0.013184734694592354,0.0,821.455224911731
Nepal,Mortalidad_Media,0.22,0.018761469862982032,0.7573216968309606,0.36190823154315116,0.4824061631134632,0.0,0.1486148007590133,0.042017526615242766,0.2035626582988913,0.013211944701431428,0.0,803.269595420477
Nepal,Mortalidad_Media,0.22,0.016671037852198426,0.7539738178696616,0.38030187773232216,0.4736517494056769,0.0,0.15487666034155598,0.03744586976916513,0.21389914964553397,0.013076109624477585,0.0,788.202937148377
Nepal,Mortalidad_Media,0.23,0.017410413664982985,0.7505257886830246,0.3895332354616959,0.4726871041071026,0.0,0.16889943074003796,0.037364458473247264,0.20956128925058817,0.013377910396207277,0.0,785.518656222132
Nepal,Mortalidad_Alta,0.27,0.016879485367806354,0.745503970241076,0.4195762829996139,0.4555376121241479,1.0,0.20595825426944972,0.030882893330066268,0.19227168075586468,0.012784757906820857,0.0,585.278491984574
Nepal,Mortalidad_Alta,0.25,0.016488861314797487,0.7430431361327703,0.39607829047504556,0.4807933287842928,0.0,0.198292220113852,0.032601764766519756,0.19603307748513027,0.014416571193941753,0.0,473.078751198621
Nepal,Mortalidad_Alta,0.25,0.01611569896049876,0.7407826024751412,0.38320835602868275,0.487527086777343,0.0,0.20588235294117646,0.03188360995632907,0.18966857699902187,0.01571212161412736,0.0,464.817391891529
Nepal,Mortalidad_Alta,0.25,0.015676321751028368,0.7368767436869588,0.3940756584881181,0.48265426771186326,0.0,0.21394686907020874,0.031038023972549133,0.1950427265002503,0.015912484067262662,0.0,385.449767660642
Nepal,Mortalidad_Alta,0.28,0.015502477048303182,0.7328993490235354,0.4092886261962765,0.4730411688946563,0.0,0.2491840607210626,0.027413801825184884,0.18086242393747246,0.015937262522890006,0.0,340.431796437968
Nepal,Mortalidad_Alta,0.1,0.015658873663101352,0.7240861291937906,0.4277457048822546,0.44909881130899276,0.0,0.09259962049335864,0.07751111236720222,0.529233490328856,0.01585354225919142,0.0,309.024168339372
Nepal,Mortalidad_Alta,0.1,0.01530651058008127,0.7164890192431503,0.43852145002969334,0.44154807627491743,0.0,0.09658444022770399,0.07581579637344367,0.5425556707010404,0.016187264854308634,0.0,279.587750044428
Nepal,Mortalidad_Alta,0.1,0.015281072559281805,0.7091208240932827,0.44395725908198597,0.4296289318106131,1.0,0.10113851992409867,0.07569340703815555,0.549276025318986,0.01685651862099846,0.0,246.429706587633
Nepal,Mortalidad_Alta,0.1,0.015065605706011662,0.6987910437084197,0.4571750232477532,0.4230874991653551,0.0,0.10607210626185958,0.07465673656932303,0.5656173025043695,0.017229052107666756,0.0,238.89140296106
Nepal,Mortalidad_Alta,0.1,0.015130336413673773,0.6956577723728448,0.4457517593720419,0.4333496288436747,0.0,0.11157495256166983,0.07496817386021719,0.5514945871181898,0.018847212712605588,0.0,240.795114544664
Nepal,Mortalidad_Alta,0.1,0.014879771558754216,0.6864153372916517,0.48367081909151155,0.3222641021013399,0.0,0.11726755218216318,0.0737626372234671,0.5983743663088176,0.018153451585538258,0.0,223.830289183078
Nepal,Mortalidad_Alta,0.264,0.01355292666240773,0.638929823306388,0.4937637666250384,0.30478797032389127,1.0,0.39925616698292216,0.025522280458135083,0.23138348332047767,0.02380269864726338,0.0,197.843001330326
Netherlands,Mortalidad_Baja,0.923,0.1654957924976251,0.9578601351504614,0.020451073718493286,0.7140604634442478,0.0,0.06129981024667932,0.08650247694923476,0.002783353296026989,0.02500022712521758,1.0,59123.318556487
Netherlands,Mortalidad_Baja,0.9059999999999999,0.187658479327341,0.9534981915381786,0.020611789352402248,0.7182979822399593,1.0,0.0601707779886148,0.09989499583683056,0.0028575105462922508,0.024783010995699975,1.0,60141.9880911492
Netherlands,Mortalidad_Baja,0.9009999999999999,0.1841781275252749,0.9541961025161441,0.021658732367370797,0.7226143036892134,1.0,0.05983870967741936,0.09859086899969145,0.003017024806153673,0.023445727903498772,1.0,53467.9277413737
Netherlands,Mortalidad_Baja,0.891,0.19121630993213268,0.9649788271257056,0.021930004402032105,0.7275090466142581,1.0,0.05917457305502847,0.10349790872828601,0.0030885264094425565,0.023119746855909427,1.0,53554.9007491475
Netherlands,Mortalidad_Baja,0.86,0.17944756713622848,0.9606866746112197,0.021943487417753458,0.727868783934901,1.0,0.057115749525616696,0.1006446161283354,0.0032017952928993275,0.02310375179028994,1.0,53955.0770024266
Netherlands,Mortalidad_Baja,0.8570000000000001,0.19099352897329486,0.9599538680843565,0.024575876178639475,0.7292054603097429,1.0,0.05691650853889943,0.10747893887055687,0.0035927529384196387,0.020312687365524357,1.0,49513.6817346384
Netherlands,Mortalidad_Baja,0.8300000000000001,0.1950016438261764,0.957092433074699,0.023261176416477864,0.7319236807345986,1.0,0.05512333965844402,0.1132986328119316,0.0035137968571979173,0.021628771604884384,1.0,46808.5291492503
Netherlands,Mortalidad_Baja,0.8300000000000001,0.18505163917862621,0.9563596265478358,0.022527078482739226,0.7308733724168556,1.0,0.05512333965844402,0.10753089580899063,0.003404450603791787,0.022429516449321184,1.0,45793.8135434697
Netherlands,Mortalidad_Baja,0.88,0.19517702611516655,0.9591861660085943,0.022463847605360222,0.7281005994177203,1.0,0.05844402277039848,0.10695709828540455,0.003202132606206935,0.022500900652306862,1.0,53457.2234864322
Netherlands,Mortalidad_Baja,0.89,0.20785823280467275,0.9534284004403819,0.02301757519975183,0.717402593252946,1.0,0.06079696394686908,0.1126107020761065,0.003243072681739353,0.02260864889529766,1.0,52602.2860520766
Netherlands,Mortalidad_Baja,0.88,0.21299110588705664,0.9505669654307247,0.021147420827520122,0.7142461629658958,1.0,0.060113851992409865,0.11669669509190465,0.003017187845150756,0.024864966462368687,1.0,50473.9442002689
Netherlands,Mortalidad_Baja,0.89,0.21358089465085953,0.9519976829355532,0.019900513217009898,0.7120057861831788,1.0,0.062485768500948766,0.115704331825616,0.002810077135242136,0.02743179492937752,1.0,54701.7728030611
Netherlands,Mortalidad_Baja,0.89,0.23061074175606064,0.9448091998625108,0.022297032110767976,0.7108525465952743,1.0,0.06417457305502847,0.124910544432666,0.003142981008773983,0.024919132210011866,1.0,51305.7338533973
Netherlands,Mortalidad_Baja,0.9,0.21608462449678617,0.9426107802819215,0.019488893104914702,0.7061622241302015,1.0,0.0666034155597723,0.11575718757830793,0.0027223106357039885,0.029765946020729496,1.0,53172.0261581418
Netherlands,Mortalidad_Baja,0.87,0.22022565707057268,0.9383535233163331,0.020583234102279864,0.6863690526995199,1.0,0.06603415559772297,0.12203888945339195,0.002971694523916559,0.028838996915577154,1.0,58246.7026905874
Netherlands,Mortalidad_Baja,0.86,0.222883496242321,0.9361551037357434,0.02285379029514122,0.688143569092046,1.0,0.06690702087286528,0.12494487624183208,0.0033326578680186315,0.02641584710806723,1.0,52100.7996285947
Netherlands,Mortalidad_Baja,0.87,0.22420241316930922,0.9304322337164288,0.02447427916981866,0.6840238414689019,1.0,0.07098671726755218,0.12423811595933203,0.0035246307018609504,0.025829190037210382,1.0,45123.5432406426
Netherlands,Mortalidad_Baja,0.89,0.22665968254572166,0.9254072746750783,0.023352362548903497,0.6886426917027919,1.0,0.07430740037950664,0.12277463029974846,0.0032895784721307113,0.027918880837662363,1.0,42165.396168388
Netherlands,Mortalidad_Baja,0.9,0.23092682067172704,0.9218130331385577,0.023395750314308076,0.6933957421283645,1.0,0.07855787476280834,0.12369162092290606,0.0032589876895850723,0.029278323105950715,1.0,40611.3414353091
Netherlands,Mortalidad_Baja,0.88,0.22971024981245325,0.9131938325606881,0.025840195239675658,0.6922030806460744,0.0,0.08015180265654648,0.1258376511709361,0.00367647559055098,0.027519203636624228,1.0,35896.7504630706
Netherlands,Mortalidad_Baja,0.89,0.2225221002872595,0.9103323975510307,0.02608966573500688,0.6871571967754055,0.0,0.08275142314990512,0.12053788315133002,0.003669821180026054,0.027864203427947033,1.0,29446.5330872868
Netherlands,Mortalidad_Baja,0.9,0.22153177320835,0.9088667844973028,0.027962459138040643,0.6746382128241668,0.0,0.08538899430740038,0.1186691581425421,0.0038863072219091402,0.026395031113806634,1.0,26955.7128032278
Netherlands,Mortalidad_Baja,0.9,0.21745394714043667,0.9059704539387481,0.028915166117635418,0.6832427152239118,0.0,0.08709677419354839,0.1164892085754187,0.004017178648126495,0.02600215293046702,1.0,26225.1697734149
Netherlands,Mortalidad_Baja,0.878,0.21916718035600755,0.8976269281971743,0.03901484646203951,0.6604857997014858,0.0,0.0949639468690702,0.12034689234441344,0.005539972818177642,0.021042176408272002,1.0,29301.1940492376
New Zealand,Mortalidad_Baja,0.975,0.17264526704759836,0.9627804075451147,0.05749447961781462,0.6951201577009847,0.0,0.075853889943074,0.08541702118198365,0.007332056308063946,0.008612454472393144,1.0,48760.0381935936
New Zealand,Mortalidad_Baja,0.953,0.18037158782948456,0.9663397535327376,0.07267443982200918,0.6927327087966296,0.0,0.0759506641366224,0.09128955059341792,0.009470588899563048,0.006365170044667783,1.0,49689.498134519
New Zealand,Mortalidad_Baja,0.9390000000000001,0.1785868309844331,0.9670376645107033,0.07186701375142815,0.6821471717053313,0.0,0.0748349146110057,0.09173615118620469,0.009505482627493853,0.006473287143907493,1.0,41850.92032802
New Zealand,Mortalidad_Baja,0.9670000000000001,0.19306997496963194,0.9641762295010459,0.07167482208838441,0.6732477056008844,0.0,0.07890132827324478,0.09628592146932985,0.00920567456673571,0.006732747852901129,1.0,42779.2298164101
New Zealand,Mortalidad_Baja,0.9570000000000001,0.19165168988000325,0.9591861660085943,0.07131943407831197,0.673647129865677,0.0,0.07990132827324478,0.09657900729365247,0.009255956393587983,0.007017048326335703,1.0,43257.0769238879
New Zealand,Mortalidad_Baja,0.899,0.19457889195953548,0.9613496900402874,0.0744585411732872,0.6680193410920131,0.0,0.07676470588235294,0.10437649349167183,0.010284807306096842,0.006808596824424487,1.0,42950.3841711138
New Zealand,Mortalidad_Baja,0.91,0.19761587154268395,0.95848825503063,0.06983805222812196,0.6745269174277008,0.0,0.07943074003795067,0.10472048604754376,0.00953275306535095,0.007713863408030966,1.0,40113.7195382428
New Zealand,Mortalidad_Baja,0.91,0.20453958014711168,0.9578287291564531,0.05620744857641729,0.6778858470871381,0.0,0.08115749525616699,0.10838113132667251,0.007680920593492175,0.010666969958324312,1.0,38665.3723018158
New Zealand,Mortalidad_Baja,0.9400000000000001,0.20630869487190137,0.9556023931367434,0.06006378282037184,0.6730018597660133,0.0,0.08561669829222011,0.1058276589397855,0.007942979654228135,0.010053218528841492,1.0,44618.266973847
New Zealand,Mortalidad_Baja,0.9500000000000001,0.19989717571120572,0.9548591179452106,0.08863786685226428,0.6607720504756007,0.0,0.08833017077798863,0.10146656912611172,0.011577945754434231,0.005952665751088654,1.0,43000.4646849189
New Zealand,Mortalidad_Baja,0.93,0.19915798856041175,0.9548940134941082,0.06935876646003578,0.6673391599744161,0.0,0.08823529411764706,0.1032662336996383,0.009264032931892941,0.008754124289145742,1.0,40053.6991536369
New Zealand,Mortalidad_Baja,0.9400000000000001,0.18983576780896297,0.9512997719575877,0.07911071118395503,0.6594594091310854,0.0,0.09096774193548386,0.09739619125362847,0.010448079802399273,0.007485634233598765,1.0,38431.7766788499
New Zealand,Mortalidad_Baja,0.93,0.19157603406049178,0.9477055304210673,0.08283507157198444,0.6589313141606609,0.0,0.09176470588235294,0.09934377406263428,0.011055529103479716,0.007204574340505303,1.0,33761.9009639947
New Zealand,Mortalidad_Baja,0.9400000000000001,0.18710700104537592,0.9448091998625108,0.07227635601872325,0.6720501382503735,0.0,0.09275142314990513,0.09599950512114343,0.009549208141296683,0.008732522843179226,1.0,28276.7255416225
New Zealand,Mortalidad_Baja,0.96,0.1877601579829383,0.9397842408211616,0.06296225586610832,0.6583291693120168,0.0,0.09654648956356736,0.09432686107733289,0.008150773441843019,0.01076906690935417,1.0,31324.7397977102
New Zealand,Mortalidad_Baja,0.96,0.18707723738948795,0.9369228058115042,0.07647006643338235,0.6494437264474323,0.0,0.09654648956356736,0.093984598643729,0.00989034270855725,0.008294152523995593,1.0,32479.9817381467
New Zealand,Mortalidad_Baja,0.96,0.1862510253110862,0.9354571927577782,0.06274176814194324,0.6600159579929975,0.0,0.09836812144212526,0.09357052216201395,0.008122378487180662,0.011084679803141682,1.0,26654.5932018985
New Zealand,Mortalidad_Baja,0.9500000000000001,0.18829146084338433,0.9326306532970183,0.05684542135774435,0.6597426834572753,0.0,0.099146110056926,0.09558885378598946,0.007440537962986602,0.0128622782902957,1.0,27751.0654708859
New Zealand,Mortalidad_Baja,0.9500000000000001,0.19528569683506536,0.9283036052336346,0.06757599983124789,0.654989388040548,0.0,0.099146110056926,0.09913108523393954,0.008836994834813781,0.010307920947219731,1.0,25420.234882944
New Zealand,Mortalidad_Baja,0.9400000000000001,0.19321015086398707,0.9225458396654209,0.07217939847892085,0.6551511427560405,0.0,0.1016698292220114,0.09912332824515696,0.009536456040659296,0.009907337108784164,1.0,21913.7081719961
New Zealand,Mortalidad_Baja,0.9400000000000001,0.19995292254943714,0.918253687150935,0.07374313822386241,0.6471850313702543,0.0,0.10345351043643262,0.10257453405477375,0.009742123043336952,0.009855323435992854,1.0,16874.1874918196
New Zealand,Mortalidad_Baja,0.9400000000000001,0.20382234006643804,0.9160552675703455,0.10068047869157672,0.6347898280259752,0.0,0.10523719165085389,0.10455504842445394,0.01328499012977109,0.006512833481337186,1.0,13882.8568268586
New Zealand,Mortalidad_Baja,0.9400000000000001,0.20487362810891271,0.9152526699456855,0.09778888871661137,0.6312773909431664,0.0,0.10702087286527515,0.10509313744318764,0.012904680909488327,0.006973342764410358,1.0,13641.1027183822
New Zealand,Mortalidad_Baja,0.6206,0.1891099058626817,0.8880341418050417,0.08131011183646217,0.6155463528194728,0.0,0.08361024667931688,0.14695969637889555,0.016263470032003638,0.011311514663086528,1.0,17400.4201848172
Nicaragua,Mortalidad_Media,0.19,0.027776372026393343,0.8555404535374489,0.2123237335094712,0.4551031358740679,0.0,0.038576850094876665,0.07147986298602321,0.13837093436041195,0.005152826093937355,0.3333333333333333,2322.89053964583
Nicaragua,Mortalidad_Media,0.24800000000000003,0.027431540317172723,0.7985263609700264,0.19874276774917513,0.45297334314266713,0.0,0.05223529411764705,0.05409381419218016,0.0992397047175025,0.006067267957467459,0.3333333333333333,2138.38588469449
Nicaragua,Mortalidad_Media,0.24300000000000002,0.026673496891654516,0.8026468273839331,0.20098113366301854,0.48078100989499417,0.0,0.0534876660341556,0.053705968381017814,0.10242048797778307,0.006380440447650857,0.3333333333333333,1938.44704754382
Nicaragua,Mortalidad_Media,0.203,0.028143258748984247,0.8455397381786964,0.19621002306346244,0.5019341806386489,0.0,0.04660910815939279,0.06777188812985518,0.11969616043218184,0.007042972247367869,0.3333333333333333,1958.62051528095
Nicaragua,Mortalidad_Media,0.242,0.02816023810570868,0.8471850633092497,0.19358306482412524,0.5081362548120729,0.0,0.058318785578747624,0.05688372945151191,0.09906424228579436,0.007703046338371187,0.3333333333333333,2035.16549390507
Nicaragua,Mortalidad_Media,0.27399999999999997,0.02889613641142738,0.8401745475355891,0.1894598349247194,0.4997700521782962,0.0,0.06914990512333966,0.051532567526708185,0.0856342586667958,0.00847336044412239,0.3333333333333333,2182.61380995674
Nicaragua,Mortalidad_Media,0.28,0.02863852527408987,0.8371843479504972,0.18843385313637628,0.49049915976442415,0.0,0.07385199240986717,0.049985641706414535,0.08334622692993436,0.009071474240861818,0.3333333333333333,2131.68704828322
Nicaragua,Mortalidad_Media,0.28,0.027944871546381516,0.8331640317619287,0.20355210998071144,0.4803410957411345,0.0,0.07757115749525617,0.04879372762344736,0.09002154072287148,0.008730867308211451,0.3333333333333333,2074.45620634731
Nicaragua,Mortalidad_Media,0.24100000000000002,0.026781948343047642,0.8316331640317618,0.2111339317389023,0.4800636939951646,1.0,0.06996774193548387,0.05436817137571441,0.1084787590755977,0.008855672986969357,0.3333333333333333,1958.37047579547
Nicaragua,Mortalidad_Media,0.25,0.02630190641575735,0.8281851348451248,0.20837366661329695,0.4779591389934783,0.0,0.07590132827324478,0.05148707155239921,0.10320850446249841,0.009580063837848677,0.3333333333333333,1835.43996363715
Nicaragua,Mortalidad_Media,0.25,0.025853853323736464,0.8265255025395235,0.22255644984429018,0.4742909393032452,0.0,0.07969639468690702,0.050624788742922616,0.11022224110150176,0.009363459259445268,0.3333333333333333,1784.69836017555
Nicaragua,Mortalidad_Media,0.25,0.024208354998216452,0.8207740181701122,0.2386696257394254,0.47894225503513355,0.0,0.08349146110056926,0.047458010197284746,0.11819060459587219,0.009072012170120526,0.3333333333333333,1679.71192084633
Nicaragua,Mortalidad_Media,0.25,0.02409908082189017,0.8168824665569783,0.21459675045380322,0.5163673035844465,0.0,0.08776091081593927,0.047247710914802676,0.10628597313905322,0.011161621722506839,0.3333333333333333,1526.56706951408
Nicaragua,Mortalidad_Media,0.26,0.023839180432899537,0.813133986694327,0.20301705347151788,0.5444959989409618,1.0,0.09571157495256166,0.044949548007915695,0.09669185283586577,0.012728979215369108,0.3333333333333333,1467.08288052845
Nicaragua,Mortalidad_Media,0.26,0.024322047832086125,0.8117748050647398,0.20548665366298347,0.5296253845154106,0.0,0.10064516129032258,0.04584308964606538,0.09786615889036868,0.013353049151199501,0.3333333333333333,1523.68437086409
Nicaragua,Mortalidad_Media,0.26,0.024622779066036726,0.8088132198297446,0.20799940372559317,0.5345444307003893,0.0,0.10557874762808349,0.04639959000181452,0.09906098290365319,0.013958744220893575,0.3333333333333333,1350.38145753377
Nicaragua,Mortalidad_Media,0.27,0.024558797183838892,0.8053938049932039,0.20089105824751194,0.5394646102671422,0.0,0.11527514231499052,0.04456707389618518,0.09213719425599017,0.0154870870599056,0.3333333333333333,1248.17371577788
Nicaragua,Mortalidad_Media,0.26,0.024050383216136905,0.7970384147650045,0.2039060723901816,0.4949763309003635,1.0,0.1164326375711575,0.045340376797006844,0.0971145853503684,0.01611473348988844,0.3333333333333333,1183.30214010175
Nicaragua,Mortalidad_Media,0.25,0.023981744047315165,0.784677015523285,0.20176631626030114,0.502116865102583,0.0,0.11812144212523719,0.04702189507860542,0.09994100650368676,0.01740121150414115,0.3333333333333333,1098.62118662335
Nicaragua,Mortalidad_Media,0.24,0.0229850727810832,0.7737892553115386,0.19742646060123817,0.520131470249642,0.0,0.11931688804554079,0.04698311554052789,0.10186962570915294,0.01896017386232141,0.3333333333333333,1021.35216668794
Nicaragua,Mortalidad_Media,0.31,0.022411659647844116,0.7623578224479577,0.20760421574596694,0.5016828824128711,0.0,0.1623529411764706,0.03548407372064465,0.08292580000183097,0.01900185600457895,0.3333333333333333,1014.3339042591
Nicaragua,Mortalidad_Media,0.31,0.022682584727365708,0.7491666070534373,0.21245406406891704,0.5000711048421179,1.0,0.17176470588235296,0.03590455607348128,0.08485996918941596,0.01975700584029066,0.3333333333333333,1051.874235891
Nicaragua,Mortalidad_Alta,0.3,0.022770330698486135,0.7396094141211818,0.22450442139980875,0.4935881193843664,0.0,0.17533206831119544,0.037242097966691555,0.09265463429406139,0.019716902003490425,0.3333333333333333,1017.3124434882
Nicaragua,Mortalidad_Alta,0.1,0.022115628909000516,0.7182774161241863,0.2538006402699578,0.4819567803066849,0.0,0.0777988614800759,0.10857634298766859,0.31418316258729007,0.023807623951072606,0.3333333333333333,891.779352309996
Niger,Mortalidad_Alta,0.325,0.007068886252153043,0.6543100364832963,0.5229869598060366,0.3195155370971528,0.0,0.42120493358633776,0.011133019488162758,0.1990711917395092,0.018628631167863535,0.0,609.745147661683
Niger,Mortalidad_Alta,0.318,0.0065881933138974905,0.642063094641963,0.46136062055973265,0.3489801480429794,1.0,0.4163567362428843,0.010650807235445382,0.17949434140067133,0.021810713287892948,0.0,608.722439593808
Niger,Mortalidad_Alta,0.334,0.006408563056927781,0.6470419915587666,0.4853373445582169,0.3380246593396046,0.0,0.4398406072106262,0.009881831224674523,0.1797708716556395,0.020709320120957133,0.0,579.512495758236
Niger,Mortalidad_Alta,0.341,0.00642273998920152,0.6490593032405751,0.4678262996945133,0.34312808967722297,0.0,0.44970588235294123,0.00969898106227824,0.1697318477299222,0.021643344478151073,0.0,561.691304349698
Niger,Mortalidad_Alta,0.304,0.006328935091458267,0.6452535946777307,0.4752387049141679,0.34565708552767227,1.0,0.40033396584440234,0.010730988217998201,0.19340448830574175,0.021219200617250987,0.0,578.568035680892
Niger,Mortalidad_Alta,0.35000000000000003,0.006223588337916558,0.6418055654910937,0.45295530569918213,0.357660995060808,0.0,0.4609108159392789,0.009175814825979343,0.16011440460145535,0.02242466479006278,0.0,521.804130023434
Niger,Mortalidad_Alta,0.35000000000000003,0.006391610371437141,0.6375706416768008,0.4459452407538819,0.36287582731353957,0.0,0.46024667931688806,0.009406786355435225,0.15763822583557963,0.02279112769245639,0.0,502.706475406446
Niger,Mortalidad_Alta,0.34,0.0064535396472534135,0.6321625295085485,0.4099278636498043,0.3658194234527527,0.0,0.4470967741935484,0.009771091492210676,0.14917796582400653,0.02508191155022848,0.0,485.662574175279
Niger,Mortalidad_Alta,0.26,0.006588607841172994,0.6299163030259674,0.42273595352996435,0.3491539135107909,1.0,0.3409108159392789,0.013027523620687867,0.20116918302032416,0.024143162618646564,0.0,565.30989731175
Niger,Mortalidad_Alta,0.25,0.0067331821903021585,0.625209242435081,0.4076247395374174,0.33678961666602697,0.0,0.32827324478178366,0.013826859395640238,0.20174308175722347,0.025200965617771597,0.0,552.103334363117
Niger,Mortalidad_Alta,0.26,0.005505701379404223,0.619815437441877,0.42592452746994885,0.32505007428056626,0.0,0.3423908918406072,0.01102361526936459,0.2026853643422619,0.024056122460272743,0.0,528.510104469655
Niger,Mortalidad_Alta,0.29,0.004787159973195064,0.61427856069819,0.425491332009538,0.34463068473281955,1.0,0.38464895635673624,0.008691137510815737,0.18153323539685032,0.024281260320808244,0.0,510.75956176268
Niger,Mortalidad_Alta,0.28,0.005801938310834332,0.6068388296730809,0.45301250589284214,0.3267890063301409,0.0,0.3766982922201139,0.010745241891461015,0.20016826192028017,0.022977402334549056,0.0,474.425692340831
Niger,Mortalidad_Alta,0.26,0.005571333675040431,0.598354674869447,0.4398939902838936,0.34732721704875985,0.0,0.35669829222011384,0.01114506722295908,0.20932790705717533,0.024294905542582814,0.0,461.131533961487
Niger,Mortalidad_Alta,0.23,0.005445493765837113,0.5892696187137849,0.49039232619183215,0.3173998991491728,0.0,0.3251423149905123,0.012335532288202567,0.26377575849314727,0.022208326075027856,0.0,475.044955398162
Niger,Mortalidad_Alta,0.24,0.005390247178682598,0.5779812576006866,0.4691245879493128,0.35251334340166063,1.0,0.3515749525616698,0.011710799038325862,0.24182945407796402,0.02433045261563294,0.0,387.168065883301
Niger,Mortalidad_Alta,0.22,0.005345242468397889,0.5659632305601259,0.5026691766524054,0.3534297734693874,0.0,0.336888045540797,0.012676994370908414,0.28266466320336947,0.023656881524978912,0.0,333.345078419447
Niger,Mortalidad_Alta,0.1,0.005397501847055505,0.553043851491523,0.49678990934720474,0.3588517338916597,1.0,0.16091081593927894,0.02814082190276541,0.6145936517794705,0.025361578157014526,0.0,318.643121918273
Niger,Mortalidad_Alta,0.1,0.005549194929927387,0.5399098647971958,0.4726330010171694,0.3641434925754227,0.0,0.16944971537001896,0.028870659169856726,0.5847281820969819,0.02842435543971398,0.0,283.468281798296
Niger,Mortalidad_Alta,0.1,0.005501047809647423,0.527648615780814,0.5210254671758984,0.3367122747013281,0.0,0.17855787476280835,0.02863901009253443,0.6445563567615109,0.027026534376302522,0.0,265.225363452469
Niger,Mortalidad_Alta,0.1,0.005455265462462586,0.5147721582373561,0.5231947498258426,0.33885670507749005,0.0,0.18785578747628084,0.028418738590908828,0.6472382663970294,0.028473600238190372,0.0,225.294391147438
Niger,Mortalidad_Alta,0.1,0.005446559278313604,0.5037127119250304,0.5081977661200096,0.35258585553294697,0.0,0.196584440227704,0.028376850737317945,0.6286973191832484,0.030930687006600274,0.0,205.417936120931
Niger,Mortalidad_Alta,0.1,0.005481806905032548,0.49369768939122954,0.46255700875552663,0.38671559116398413,0.0,0.20436432637571159,0.02854643679271993,0.5722711144416425,0.03579440832193982,0.0,194.771959898935
Niger,Mortalidad_Alta,0.264,0.007484495111648551,0.441218971314114,0.38858527373750695,0.4420973575632917,0.0,0.6432182163187856,0.014462849321066625,0.18212840494523688,0.05217419812439714,0.0,237.01998956862
Nigeria,Mortalidad_Alta,0.227,0.015005440241404428,0.5639029973531726,0.2995061654770132,0.428592765875463,0.0,0.2653358633776091,0.032760909216790306,0.16329931302814063,0.03121979339975406,0.0,2139.37478476974
Nigeria,Mortalidad_Alta,0.23500000000000001,0.015062277772825665,0.5549753201230416,0.2952689040786002,0.42577206930571554,0.0,0.28182163187855785,0.03176201062329192,0.15551100617312874,0.032624174968334564,0.0,2017.27486481527
Nigeria,Mortalidad_Alta,0.223,0.014544610809146395,0.5494956720795479,0.3052193352929055,0.45539268162521096,0.0,0.2737779886148008,0.03235429883458111,0.16939582940074457,0.03227911795769336,0.0,2019.65706326224
Nigeria,Mortalidad_Alta,0.20500000000000002,0.014878503929325607,0.5485943200515058,0.27690862565190805,0.4935235738932109,0.0,0.25712523719165087,0.03597879917492845,0.16719601780544383,0.03676111160459957,0.0,2265.15520863056
Nigeria,Mortalidad_Alta,0.14400000000000002,0.0134595390890905,0.5437298805350883,0.2680177834682563,0.5195991391018205,1.0,0.18416698292220113,0.04647882432830365,0.2303888776501442,0.03890251875429714,0.0,2057.87944554011
Nigeria,Mortalidad_Alta,0.122,0.014217806931055819,0.5398383289219542,0.2634971730983999,0.5627876729626873,0.0,0.15880834914611003,0.057850608846659324,0.26735336072590926,0.04038997996741943,0.0,1876.34027111773
Nigeria,Mortalidad_Alta,0.27,0.01489676045470697,0.5368624365119106,0.26522514734090286,0.6081740888315288,0.0,0.3560721062618596,0.027349768699399563,0.1215953388704994,0.040675162806262974,0.0,2070.4127339595
Nigeria,Mortalidad_Alta,0.25,0.014379858612353868,0.5332856427498389,0.260780294192031,0.5892131914737843,1.0,0.33301707779886147,0.028542967253808768,0.12912487630496858,0.04187426297084078,0.0,2585.73360671797
Nigeria,Mortalidad_Alta,0.227,0.015722225801486456,0.5332999499248872,0.2526599693915724,0.5439557021168594,0.0,0.30496394686907025,0.03428013963921523,0.13778543514279099,0.04372283063280535,0.0,3088.72131316169
Nigeria,Mortalidad_Alta,0.24,0.015836748424740588,0.5316832391444308,0.2623841305610712,0.5235848759727311,0.0,0.3251612903225806,0.03265288204716976,0.13533126354800692,0.04236599663969248,0.0,2872.79083379398
Nigeria,Mortalidad_Alta,0.24,0.016103808622108036,0.529694541812719,0.27632219900457483,0.4987193115617292,1.0,0.32789373814041745,0.03318825716366992,0.14251117931034996,0.040429604329578275,0.0,2633.19734671361
Nigeria,Mortalidad_Alta,0.25,0.017001432369662416,0.5268617211531583,0.28106491630287783,0.4879684552785484,0.0,0.34629981024667933,0.03358821306275138,0.13915612299259214,0.040289681072237515,0.0,2418.41316975875
Nigeria,Mortalidad_Alta,0.27,0.015080103906030361,0.5243579655197079,0.3020604743137575,0.5055945379208313,1.0,0.3791271347248577,0.02767647829963831,0.13846198615159938,0.03781869359239969,0.0,2202.25672957344
Nigeria,Mortalidad_Alta,0.22,0.011631256981049203,0.5209957793833606,0.3381941244446693,0.5077901229628167,0.0,0.31476280834914616,0.026424153395005773,0.190236281337203,0.03412441737703792,0.0,1820.48633854782
Nigeria,Mortalidad_Alta,0.22,0.012872301535875319,0.5162457972673296,0.3196017309338238,0.4849163347299261,0.0,0.3218595825426945,0.02913824780519969,0.1797881019679939,0.037192288051979626,0.0,2154.10543545364
Nigeria,Mortalidad_Alta,0.19,0.012622606649641904,0.5109950640246084,0.3117910273067354,0.496170705457574,0.0,0.284819734345351,0.033106733786328446,0.20309334717731017,0.03922853612292272,0.0,1815.52697545827
Nigeria,Mortalidad_Alta,0.16,0.012911953084581339,0.5037699406252234,0.3127074707225458,0.4793683354872128,0.0,0.24652751423149905,0.04018432481897994,0.24188148087671021,0.04028495339679548,0.0,1599.53891556365
Nigeria,Mortalidad_Alta,0.14,0.0137218353612115,0.4989341154589025,0.32984684709988576,0.4359865636220378,0.0,0.2223529411764706,0.04870820482417231,0.29157141561118444,0.039294659518884674,0.0,1211.37703504386
Nigeria,Mortalidad_Alta,0.16,0.01283437723819452,0.4933543171900708,0.3442890513781802,0.42083053809896415,0.0,0.262314990512334,0.03995105057104064,0.2662844054643114,0.03882602329306525,0.0,962.48104194733
Nigeria,Mortalidad_Alta,0.1,0.013320288948107672,0.4857715144144788,0.42777309002366265,0.3728317441557266,1.0,0.16907020872865275,0.06625953619155005,0.5292673469010339,0.03167040260727077,0.0,763.388745367223
Nigeria,Mortalidad_Alta,0.12,0.012713360735391718,0.4772158237356034,0.4674866520769644,0.3708297122831583,0.0,0.2092599620493359,0.052782864279661786,0.4819714086813416,0.029707260089420276,0.0,712.164852077686
Nigeria,Mortalidad_Alta,0.16,0.012677288725917215,0.4704771442878603,0.30942161299569265,0.45352669242322197,0.0,0.2872106261859582,0.03947867796709032,0.23934251554789035,0.04801656730810264,0.0,566.428231812933
Nigeria,Mortalidad_Alta,0.19,0.012261782545881283,0.4646684312182559,0.2699600081956786,0.42588681315628174,0.0,0.35007590132827326,0.03219303678708543,0.1758743047755369,0.05706318971125798,0.0,547.318298903379
Nigeria,Mortalidad_Alta,0.5,0.011471775569200308,0.4464553973817869,0.32221834859713594,0.3481329831270454,0.0,1.0,0.011473165680551681,0.07975375589992435,0.0516068985848687,0.0,1271.61617353199
North Macedonia,Mortalidad_Media,0.387,0.06826266838633874,0.8549950361081693,0.0918026118907402,0.5691973981980186,0.0,0.026436432637571162,0.0854269973733668,0.029432324587382222,0.0032637602876849337,0.6666666666666666,7606.2375253797
North Macedonia,Mortalidad_Media,0.419,0.06707713161718712,0.8381335068805291,0.09012702257868271,0.5725706683172349,0.0,0.03498292220113852,0.07754141656360844,0.026690106299192235,0.004871490600363694,0.6666666666666666,7620.80296977508
North Macedonia,Mortalidad_Media,0.42200000000000004,0.06398901591068912,0.8545693104116101,0.10811785373045615,0.5713468800579933,0.0,0.04163946869070209,0.07346937413824112,0.031771047723043615,0.004755095371916138,0.6666666666666666,6659.59651070776
North Macedonia,Mortalidad_Baja,0.44700000000000006,0.06932446470545058,0.8861497821645368,0.10259029267682175,0.5535550992983708,1.0,0.05174003795066414,0.07510314873125173,0.02846533169925867,0.006657238533369745,0.6666666666666666,6718.85826635458
North Macedonia,Mortalidad_Baja,0.474,0.06313394681228178,0.8868127975936031,0.10686924159134599,0.5458775558942853,1.0,0.06475901328273244,0.06454151593993543,0.02795994673604032,0.007983955816539007,0.6666666666666666,6713.98925398989
North Macedonia,Mortalidad_Baja,0.52,0.06630691455532862,0.8768675661575991,0.09931190488555085,0.5483577532015428,1.0,0.08387096774193549,0.06176784781695891,0.023689792949755435,0.011032270020149365,0.6666666666666666,5955.2973863451
North Macedonia,Mortalidad_Baja,0.45,0.0649020452606441,0.8689462765576936,0.11575992726066611,0.537073331556122,1.0,0.08111954459203036,0.06987413220673779,0.03189373482517235,0.010448765040322319,0.6666666666666666,5598.48622617967
North Macedonia,Mortalidad_Baja,0.44,0.0639627096825008,0.8689811721065912,0.12277126016630797,0.5391330681920712,1.0,0.08265654648956357,0.07043504371428223,0.03458863636093482,0.010211572525357052,0.6666666666666666,5262.68671928674
North Macedonia,Mortalidad_Baja,0.396,0.06474716228815719,0.8696790830845567,0.1284744922507331,0.5402328470030034,1.0,0.07363946869070208,0.0792142450061469,0.04021236687971821,0.009482748484951722,0.6666666666666666,5925.38592218015
North Macedonia,Mortalidad_Baja,0.39,0.06645680728502008,0.8689462765576936,0.12657499771660016,0.5518422121697834,1.0,0.06956356736242884,0.08254204715884333,0.04022887318629223,0.009144470975591058,0.6666666666666666,5626.26115664893
North Macedonia,Mortalidad_Media,0.41000000000000003,0.07145972553714335,0.8618275845824495,0.11489695929701281,0.5685678018922711,1.0,0.07001897533206831,0.08438643993018141,0.03474509982376163,0.009822600802287824,0.6666666666666666,5049.8265386157
North Macedonia,Mortalidad_Media,0.38,0.07471941867298193,0.8646541240432075,0.11801369535788203,0.5546946930742556,1.0,0.06417457305502847,0.09517570699869668,0.03850214913163322,0.009334952049245546,0.6666666666666666,5416.86672931659
North Macedonia,Mortalidad_Media,0.36,0.06801246706493692,0.8631885109894812,0.1277535978526853,0.5546895549284729,1.0,0.06284629981024667,0.09149963673839333,0.04398603406299105,0.008767555468210753,0.6666666666666666,4833.36586759968
North Macedonia,Mortalidad_Media,0.33,0.06627628012754352,0.8553021169384734,0.13091197674635915,0.5774358833739255,1.0,0.06074003795066414,0.09728649029255518,0.04916801926459765,0.009117265933278166,0.6666666666666666,4799.78722768888
North Macedonia,Mortalidad_Media,0.27,0.07105014054605407,0.854639101509407,0.1444958259167642,0.5548282660505253,1.0,0.052770398481973436,0.12741251012417684,0.06631419850087221,0.008648543528310028,0.6666666666666666,5026.4202989873
North Macedonia,Mortalidad_Media,0.27,0.0715001605794466,0.8460547964804348,0.11271636323203392,0.5726842475295597,0.0,0.05584440227703985,0.12821442513203696,0.05176259730886346,0.012899985938814694,0.6666666666666666,4204.11328760452
North Macedonia,Mortalidad_Media,0.27,0.06853934228679186,0.8474157228874668,0.11343711464110051,0.5682755747176684,1.0,0.05891840607210626,0.12293838307113679,0.05209262450810729,0.013683546542217888,0.6666666666666666,3440.4411057968
North Macedonia,Mortalidad_Media,0.23,0.06700361852135715,0.8445891834267085,0.12288865423104799,0.5623554748570737,1.0,0.053244781783681215,0.14110645374716446,0.06623266767394505,0.013335244038482253,0.6666666666666666,3120.98401394233
North Macedonia,Mortalidad_Media,0.33,0.06276559490617932,0.8431584659218798,0.1458940132484134,0.544421074450646,1.0,0.07889943074003795,0.09216804331002387,0.05478088829795404,0.011177342001792327,0.6666666666666666,2818.5814561242
North Macedonia,Mortalidad_Media,0.33,0.06355365352605039,0.838063715782734,0.14570141515319018,0.5237549823596221,1.0,0.07952561669829222,0.09331700313142577,0.05470873336198031,0.01131150650098743,0.6666666666666666,2445.36286400013
North Macedonia,Mortalidad_Media,0.33,0.05760815327568153,0.8351673852241777,0.12838025227021757,0.5296874519194076,1.0,0.07952561669829222,0.08464868743312617,0.04821953419641769,0.01327814797387457,0.6666666666666666,1989.13537265159
North Macedonia,Mortalidad_Media,0.29100000000000004,0.058313417391222665,0.8408553596945947,0.12300160757939615,0.5464417977176611,0.0,0.07288804554079696,0.09715941193824026,0.05239683202823623,0.014682473471021458,0.6666666666666666,1823.02267682636
North Macedonia,Mortalidad_Media,0.2798,0.06064662710849572,0.8338413543660446,0.1274457712254114,0.5284712618628599,1.0,0.0753920303605313,0.10506061626846816,0.05645788168320558,0.015372025609704945,0.6666666666666666,1861.89899780644
North Macedonia,Mortalidad_Media,0.3318,0.05761569250082813,0.818138357361827,0.1339591036650233,0.44667026492456663,0.0,0.13788273244781782,0.08420040440664094,0.050036667388588724,0.0241012400858778,0.6666666666666666,2355.24705371138
Norway,Mortalidad_Baja,0.96,0.21440767459851887,0.9706668015961226,0.02035586812788737,0.40336495063326694,1.0,0.034611005692599624,0.10768191871334326,0.0026638174095541573,0.012132741936821262,1.0,109269.520580298
Norway,Mortalidad_Baja,0.958,0.24568849535713339,0.9800188087008557,0.01990589493458796,0.503067822257182,1.0,0.03453889943074004,0.1236166051470855,0.002611308975401626,0.012475977882563207,1.0,93072.8925119571
Norway,Mortalidad_Baja,0.956,0.23837783771654894,0.9806818241299233,0.02300728014223539,0.6061103911864009,1.0,0.034466793168880454,0.12019597141359599,0.003017847172267324,0.010379055363177214,1.0,68340.0181033702
Norway,Mortalidad_Baja,0.923,0.24190763592693085,0.9770875825934029,0.022229360431267182,0.5799551508399553,1.0,0.035028462998102465,0.12633329573336094,0.003021545794732634,0.011595743088279336,1.0,76430.5889473338
Norway,Mortalidad_Baja,0.9359999999999999,0.2566690935320601,0.9742261475837455,0.02259305712087844,0.5487552211198352,1.0,0.03552182163187856,0.13216642779794338,0.0030276186086799746,0.011359361620785565,1.0,82792.8427113304
Norway,Mortalidad_Baja,0.883,0.2628479822119831,0.9720975191009513,0.023954545688132576,0.568277175824038,1.0,0.03518595825426945,0.14346614972924593,0.0033999699314154965,0.011229311606720797,1.0,76131.8384032764
Norway,Mortalidad_Baja,0.86,0.24869648728410032,0.969201188542395,0.025411457750264994,0.5870407526877212,1.0,0.03426944971537002,0.13938597165596506,0.00370034093020643,0.01040682536820193,1.0,70867.3609970749
Norway,Mortalidad_Baja,0.86,0.228365123650906,0.9677355754886685,0.01842469731478414,0.5648250137419043,1.0,0.03590132827324478,0.1280115764279507,0.002695943948673941,0.01641021266528968,1.0,74809.9658049898
Norway,Mortalidad_Baja,0.881,0.255982611512688,0.9648043493812144,0.017179399165009424,0.5357643791139461,1.0,0.038449715370018976,0.14004255503105606,0.0024569286288476065,0.01877202869934792,1.0,97666.6951838749
Norway,Mortalidad_Baja,0.9,0.28018952823613186,0.959814285888763,0.015529163420079681,0.5200606748604266,1.0,0.04098671726755218,0.15002678486610588,0.0021783705970679947,0.02212876441735685,1.0,103553.840134417
Norway,Mortalidad_Baja,0.86,0.26895298121921113,0.9555221333742769,0.013304807543118443,0.509109272571272,1.0,0.03916508538899431,0.15071848098040855,0.0019599230302629663,0.026277882045779393,1.0,102175.919298374
Norway,Mortalidad_Baja,0.86,0.25488643647182435,0.9532888182447885,0.016184743467686117,0.5031819216353184,1.0,0.04242884250474383,0.14284894294371223,0.002373934499005072,0.02315427359072634,1.0,101221.813476644
Norway,Mortalidad_Baja,0.79,0.2991305383736616,0.9490315612792015,0.018968314395943302,0.5226698397755305,1.0,0.04047438330170778,0.18245208715840006,0.0030198984993819867,0.020208759039089787,1.0,88163.2085931423
Norway,Mortalidad_Baja,0.87,0.28730497583601666,0.9461352307206452,0.01531468699001606,0.5330097350817172,1.0,0.04622390891840607,0.15913510862464997,0.0022230086945288705,0.026774015687148132,1.0,80347.5700665184
Norway,Mortalidad_Baja,0.88,0.2971365863910652,0.9432389001620902,0.013371601845763482,0.4757695825112733,1.0,0.04842504743833017,0.16270204949092723,0.001924763254732869,0.032266118459268786,1.0,97503.5407803783
Norway,Mortalidad_Baja,0.89,0.27170232423834606,0.9404123607013304,0.014861671300987632,0.49622438432752525,1.0,0.050664136622390894,0.14712435776611124,0.002110124384472017,0.029883319125330196,1.0,85502.2677087731
Norway,Mortalidad_Baja,0.89,0.2928114484165284,0.9396795541744674,0.016953255950574946,0.47204305341698927,1.0,0.05404174573055029,0.15853579815852756,0.0024006694052022704,0.027811605607595474,1.0,74434.4996835671
Norway,Mortalidad_Baja,0.88,0.2928472262193505,0.9353525061110837,0.01687671236008949,0.49118269468881093,1.0,0.05510436432637571,0.1603569023283843,0.0024171961324741817,0.02892665256948926,1.0,67047.1704558264
Norway,Mortalidad_Baja,0.85,0.2887639619294661,0.9324910711014265,0.016573943872639683,0.5202841002648607,1.0,0.054838709677419356,0.1637052975999534,0.002458471732509027,0.030498070024352772,1.0,57768.6980958462
Norway,Mortalidad_Baja,0.86,0.27496439854485194,0.9260353945552471,0.015573198499336919,0.537355962492741,1.0,0.05874762808349147,0.15408157249635274,0.0022860205185625724,0.03473855824264038,1.0,50250.3298214345
Norway,Mortalidad_Baja,0.91,0.25489262567842813,0.9202776289870349,0.01832357962075862,0.5328003604130345,0.0,0.0638899430740038,0.13500337223035427,0.002534077468686218,0.030030144504022284,1.0,43170.557174499
Norway,Mortalidad_Baja,0.89,0.2759031657493369,0.9173812984284784,0.019221208815587688,0.5107809180353026,0.0,0.06417457305502847,0.14939530241052273,0.0027157139874573488,0.0293592159025148,1.0,38601.897639231
Norway,Mortalidad_Baja,0.9,0.2699305325319969,0.9152177743967866,0.022250585714354624,0.4923942935830551,1.0,0.0666034155597723,0.1445424672733759,0.003101678750258018,0.02572137553386866,1.0,38178.2368777076
Norway,Mortalidad_Baja,0.778,0.2497541392194141,0.9023762124022274,0.032443636853493274,0.5574397655899042,1.0,0.06790891840607209,0.1547311068716402,0.005207827464484915,0.020283439648695653,1.0,34875.7043347536
Oman,Mortalidad_Baja,0.533,0.2718424601012066,0.9048715931039415,0.026352684022278344,0.40909920412965395,0.0,0.08596774193548387,0.24579381170954645,0.006188851989121357,0.05022894036570565,1.0,23223.5829405935
Oman,Mortalidad_Baja,0.66,0.2749114775259928,0.8770870591601687,0.029945783691708985,0.4869788464122664,0.0,0.10770398481973435,0.2007343796739909,0.005671026129200816,0.0444307033433448,1.0,19403.4600160211
Oman,Mortalidad_Baja,0.6459999999999999,0.2638994230514624,0.9027541311967953,0.030920875052388833,0.5538871672776945,0.0,0.10541935483870966,0.1968831074355848,0.005980540148931693,0.042941283193550506,1.0,16784.8630630058
Oman,Mortalidad_Baja,0.538,0.23642441549045237,0.933986694327205,0.024915617431054506,0.5042778846791744,0.0,0.08881593927893738,0.2118355080895279,0.005801100146016125,0.05460751415165959,1.0,19180.1864152801
Oman,Mortalidad_Baja,0.515,0.25681360540432285,0.9328135059732456,0.023076769094388303,0.46817136352533584,0.0,0.08599620493358635,0.24034428168361613,0.005618743490314578,0.05987508745087765,1.0,19901.7615642016
Oman,Mortalidad_Baja,0.47600000000000003,0.26710277042337044,0.9311538736676443,0.02478754162893912,0.5196582235696271,0.0,0.08038709677419355,0.27043635754235584,0.006523440581123465,0.05624085691842701,1.0,17820.0661809335
Oman,Mortalidad_Baja,0.45,0.2574554595897795,0.9287645754345804,0.02479668991806561,0.5346001201716409,0.0,0.07685009487666034,0.27574693071465817,0.00690286384522529,0.056887955340380734,1.0,17110.1897460545
Oman,Mortalidad_Baja,0.47000000000000003,0.2792736738544001,0.925402389298233,0.02156240744026677,0.4979165559121568,0.0,0.08115749525616699,0.28634779483421946,0.005758362949780287,0.06654824303436405,1.0,18808.3077921839
Oman,Mortalidad_Baja,0.48200000000000004,0.28153521346573707,0.9208813219829743,0.013753221896676366,0.40895413596053753,0.0,0.08322960151802657,0.2814762503422124,0.0036119746879129683,0.1052838603718258,1.0,23160.6502252547
Oman,Mortalidad_Baja,0.48,0.2941758640451605,0.9152013734888045,0.014127300843257154,0.3795130827269232,0.0,0.08379506641366224,0.29531941324625227,0.003723374207065831,0.10363635997959976,1.0,23458.0233840053
Oman,Mortalidad_Baja,0.53,0.310624509213619,0.9088203734172686,0.012523143732527177,0.35379191537176735,0.0,0.09352941176470587,0.282390972252688,0.002997916585735843,0.11829173344892106,1.0,24642.2978768596
Oman,Mortalidad_Baja,0.55,0.3316269927058285,0.9024250661706845,0.013597679658139,0.3485326890271765,0.0,0.09810246679316888,0.29049470812256367,0.003130439872393126,0.11011637842216435,1.0,25188.0074151885
Oman,Mortalidad_Baja,0.55,0.31219814272312374,0.8944702768438371,0.015456561331946752,0.38188148247581255,0.0,0.099146110056926,0.27349878869985017,0.0035482866470485683,0.09782469486183465,1.0,23570.1798147325
Oman,Mortalidad_Baja,0.47000000000000003,0.2739269320484944,0.8865584090421346,0.015975893101756337,0.41738658434676235,0.0,0.08561669829222011,0.2808744650986506,0.004288857984988163,0.0956342158238093,1.0,20655.9180249218
Oman,Mortalidad_Baja,0.54,0.274651592785987,0.8793046712926531,0.01199682614731528,0.33985128009535087,0.0,0.10041745730550286,0.24511046827286975,0.0028219009792661395,0.13030039196136506,1.0,26576.779241509
Oman,Mortalidad_Baja,0.63,0.31929044239997945,0.8717504828671578,0.014860827086369627,0.40995840444337006,0.0,0.11834914611005694,0.2441851346103967,0.0029808036998963095,0.1062158457454652,1.0,18792.653772482
Oman,Mortalidad_Baja,0.61,0.28444022154143134,0.8682881465054724,0.015178531436401119,0.3823006092393207,0.0,0.11690702087286528,0.22470365932205463,0.0031429253985643655,0.10613926137057296,1.0,16930.8565071853
Oman,Mortalidad_Media,0.63,0.18657887609574741,0.8642249087917588,0.01758063826139511,0.3857354241520855,0.0,0.12432637571157495,0.1428340306856876,0.0035145393382123107,0.09427511233051407,1.0,14434.8577924647
Oman,Mortalidad_Media,0.7000000000000001,0.16933464703362114,0.8606481150296872,0.021058313908196843,0.4512320989182542,0.0,0.14345351043643265,0.11669823576912068,0.0037772984436716156,0.08155114358487438,1.0,11800.8507411171
Oman,Mortalidad_Media,0.7000000000000001,0.16500643456359546,0.8563702696902495,0.024090576088649555,0.4592933287977654,0.0,0.14876660341555978,0.11372334660409526,0.004312844353901658,0.07376699075589198,1.0,10463.5425832141
Oman,Mortalidad_Media,0.7000000000000001,0.16056006445807658,0.8528650118034193,0.02531436673837614,0.4549495673675096,0.0,0.15673624288425048,0.1106672447278113,0.0045289853200964035,0.0740206144870447,1.0,9869.13050219438
Oman,Mortalidad_Media,0.7000000000000001,0.15288119325766464,0.8486157808140782,0.025551335116981697,0.447540858995224,0.0,0.16603415559772297,0.10538936364135071,0.00457083771888769,0.07785755744819714,1.0,9611.96360191054
Oman,Mortalidad_Media,0.7000000000000001,0.15205945135717455,0.8438085699978539,0.024542396497902415,0.4177571269658874,0.0,0.17666034155597723,0.1048245597891496,0.004392643051353903,0.08655485899270264,1.0,9753.84755185404
Oman,Mortalidad_Media,0.7000000000000001,0.1330845196498217,0.8140067243722726,0.030508439840376284,0.5388613554967284,0.0,0.25901328273244784,0.09178261253396629,0.005446341551738857,0.10295445216552752,1.0,7414.30279204109
Pakistan,Mortalidad_Media,0.27399999999999997,0.021394171364950938,0.7547320981472208,0.2822311770251385,0.5220420398922648,0.0,0.26932068311195445,0.03835956632303027,0.12749349245232597,0.02750248090563698,0.3333333333333333,1538.3228133171
Pakistan,Mortalidad_Alta,0.312,0.021129920770670878,0.7312111023678374,0.2864789463436543,0.5196955561880371,0.0,0.31614421252371916,0.033280073468269514,0.11364863347805182,0.027983649838466844,0.3333333333333333,1455.31922370186
Pakistan,Mortalidad_Alta,0.297,0.020629674828943022,0.7301809857643606,0.2762484666815821,0.5385640730459655,0.0,0.3105256166982922,0.0341505077439988,0.11512985663547282,0.03017372583501337,0.0,1278.39735206896
Pakistan,Mortalidad_Alta,0.306,0.019574596546382682,0.7448887617139994,0.2613621715103137,0.5378822270377985,0.0,0.32980645161290323,0.03148716840946674,0.10572927206855176,0.03316958010733106,0.0,1390.41690981745
Pakistan,Mortalidad_Alta,0.273,0.020595502376311893,0.7413405823020243,0.2736806803277358,0.5300354230517472,1.0,0.30304554079696394,0.037092525605642405,0.12408831126707763,0.03257244898397907,0.0,1569.33814626355
Pakistan,Mortalidad_Alta,0.305,0.020711680752415747,0.7376493311395664,0.27762882572474723,0.533649305726776,0.0,0.34898481973434536,0.03338411839977094,0.11266958305431489,0.033151035393676524,0.0,1519.23459514248
Pakistan,Mortalidad_Alta,0.29,0.020285378018404254,0.7336433221260461,0.2822497238615186,0.5279269427616454,0.0,0.34227703984819735,0.03440362105791459,0.12046727551419628,0.03368475455952422,0.0,1424.69161195897
Pakistan,Mortalidad_Alta,0.28,0.019834368367561535,0.7293225552614635,0.29407651865048823,0.5272334430931028,1.0,0.34056925996204923,0.03485734615149482,0.12999168013859796,0.03328336200398783,0.0,1380.47020838317
Pakistan,Mortalidad_Alta,0.227,0.019662891548312925,0.7255025395235708,0.29698593084069097,0.5144253359487115,0.0,0.28428842504743834,0.04263239953477102,0.16192671580303664,0.03399917450172203,0.0,1266.61340849959
Pakistan,Mortalidad_Alta,0.25,0.01911197004737159,0.7219972816367408,0.2997051463972617,0.5180142225990483,1.0,0.3221062618595826,0.03764996465123605,0.14837417720967525,0.03472520428733216,0.0,1225.4340119198
Pakistan,Mortalidad_Alta,0.23,0.01901751915402715,0.7184777165748621,0.29563764749973626,0.5147282052418293,0.0,0.30462998102466793,0.040726296663216074,0.15908988970965773,0.03632653368037852,0.0,1204.36475491585
Pakistan,Mortalidad_Alta,0.24,0.01917042557362696,0.715272909364046,0.3011231862751196,0.5171992466064622,1.0,0.3260721062618596,0.0393358988709134,0.1552869093297019,0.03660875453494512,0.0,1131.73513834324
Pakistan,Mortalidad_Alta,0.25,0.019471309335002247,0.7112525931754774,0.28681181525504457,0.5262415681483587,1.0,0.34724857685009486,0.03834151682666226,0.14199810647954125,0.039534264343623574,0.0,987.304571124485
Pakistan,Mortalidad_Alta,0.24,0.019654268203148948,0.7087917590671722,0.27539788892076167,0.535427147415961,0.0,0.3406451612903225,0.040305857354811576,0.14203503955203528,0.042282582876638275,0.0,963.788066395225
Pakistan,Mortalidad_Alta,0.22,0.019865918601863656,0.7058730953573216,0.2572300407004559,0.5675144747434379,0.0,0.3185199240986717,0.04443289368396525,0.14473771392952872,0.046476676523212274,0.0,1067.04324565284
Pakistan,Mortalidad_Alta,0.21,0.020765017778915908,0.7030831962229058,0.2519980391466488,0.5604866805898796,1.0,0.3096204933586338,0.0486086572700543,0.14854980268225104,0.04844115094581025,0.0,998.090114197524
Pakistan,Mortalidad_Alta,0.21,0.020147723429407755,0.7004649831890692,0.258077722750402,0.5446967692878386,0.0,0.31480075901328275,0.0471943842226159,0.15212903329811703,0.04806910560684877,0.0,900.873564984808
Pakistan,Mortalidad_Alta,0.25,0.01978371124875213,0.6831819157307388,0.272709670833647,0.5394307352204818,1.0,0.38140417457305503,0.038942737540616314,0.13502424772375557,0.0461777465622923,0.0,827.619861189926
Pakistan,Mortalidad_Alta,0.26,0.01958020673244376,0.6929251019386222,0.2781184263534954,0.538351793394213,1.0,0.40356736242884256,0.037068356725272936,0.13240289512585224,0.046061468214676514,0.0,771.902247348954
Pakistan,Mortalidad_Alta,0.23,0.01870573419677752,0.6891623149009227,0.28001736576922315,0.5529564591190888,0.0,0.3639848197343454,0.040074086473228486,0.15069356888910945,0.04668610770839056,0.0,672.44178669894
Pakistan,Mortalidad_Alta,0.22,0.018311192315557535,0.6851849202374989,0.2869866823963781,0.5518406582930373,0.0,0.3548387096774194,0.04103279502784874,0.1614597529549465,0.04640930424923669,0.0,599.937345723927
Pakistan,Mortalidad_Alta,0.22,0.018481046972374692,0.6806781600972887,0.30524027571251217,0.5304044836927785,1.0,0.36318785578747625,0.04140425757753733,0.17171754020478683,0.04453953205662729,0.0,609.939506905073
Pakistan,Mortalidad_Alta,0.27,0.018647574652947398,0.6758423349309677,0.3209607561643178,0.5201379037673991,0.0,0.45648956356736237,0.03403354714052584,0.14711629747946406,0.04329696788244777,0.0,642.338346499898
Pakistan,Mortalidad_Alta,0.1,0.018004439480015566,0.6525216396022604,0.2960892479755647,0.4379998472017267,0.0,0.19297912713472484,0.08879627654997055,0.366465065308101,0.054349641451916425,0.0,450.550279346206
Panama,Mortalidad_Baja,0.38,0.048866915412406245,0.9250876314471705,0.0327216126185796,0.7034361469571743,0.0,0.08003795066413662,0.06244320048663304,0.01075277957344583,0.05313214227978157,0.3333333333333333,17332.4360742988
Panama,Mortalidad_Baja,0.394,0.047503354637246566,0.8918949853351457,0.0351435317670025,0.7036343059950882,1.0,0.0867248576850095,0.058559313404558874,0.011130662306318987,0.05164753625574846,0.3333333333333333,15509.8069109784
Panama,Mortalidad_Baja,0.37200000000000005,0.04299002247059175,0.8822519493526002,0.03845039332644382,0.7360910020308021,0.0,0.08611764705882352,0.05618516363763067,0.012887935832820864,0.04956160408819201,0.3333333333333333,13290.5608347594
Panama,Mortalidad_Baja,0.341,0.053514121652385456,0.9134988196580585,0.030741769029004867,0.679108254446213,1.0,0.0821764705882353,0.07614168710494583,0.011264767882806875,0.06538119783606855,0.6666666666666666,16477.9066285687
Panama,Mortalidad_Baja,0.38799999999999996,0.04718185063569941,0.9099506402460833,0.030629145839369255,0.6768922356685573,1.0,0.09644781783681214,0.05906619854995407,0.009864335336952136,0.06780218688474235,0.3333333333333333,16151.3273478476
Panama,Mortalidad_Baja,0.409,0.047625560803295545,0.9047285213534586,0.032229322611085374,0.6733489439616193,1.0,0.10399620493358633,0.056555418677282546,0.009841549744984572,0.06585583910462867,0.3333333333333333,15694.6297454295
Panama,Mortalidad_Baja,0.37,0.04808105940967297,0.9028828957722297,0.034860726265148176,0.6770450228725062,1.0,0.09478178368121443,0.06310897076681991,0.011758155059774482,0.06116184961332598,0.3333333333333333,14832.3611608191
Panama,Mortalidad_Baja,0.35000000000000003,0.04711630753320774,0.9001788396881034,0.037000414285477685,0.68647553508196,1.0,0.09032258064516129,0.06538900126494254,0.013185855762362341,0.05791695145540638,0.3333333333333333,14082.6548502728
Panama,Mortalidad_Baja,0.34,0.047582033196400676,0.8970598755275769,0.037469446808406144,0.6939259759376604,1.0,0.08838709677419355,0.06797124678411114,0.01374422517319517,0.0576018474186349,0.3333333333333333,13213.1989637473
Panama,Mortalidad_Baja,0.33,0.04606554180626972,0.8936833822161814,0.03832082962427509,0.7099397784364455,1.0,0.08703984819734345,0.06781999413797958,0.014479678839500403,0.05712976329323327,0.3333333333333333,12273.3225037637
Panama,Mortalidad_Baja,0.36,0.048402829934827904,0.890077974104013,0.039267799417542014,0.7458181235182205,1.0,0.09631878557874764,0.0652920329433258,0.013598247237617158,0.056533235916037906,0.3333333333333333,11064.8063606203
Panama,Mortalidad_Baja,0.34,0.04770355988318465,0.8869590099434868,0.041171806276596085,0.7597145788255112,1.0,0.09225806451612906,0.06814321690585862,0.015090481209676232,0.054597836672445284,0.3333333333333333,9662.29592216607
Panama,Mortalidad_Baja,0.34,0.043558034887355504,0.8834966735818013,0.04568705550144226,0.7633279643099286,1.0,0.09483870967741935,0.06227696269366868,0.016732321116738905,0.05037713158713622,0.3333333333333333,8331.46421351868
Panama,Mortalidad_Baja,0.32,0.03999487716570231,0.880792617497675,0.047548162456209034,0.7640658260273757,1.0,0.0916888045540797,0.06081198076324813,0.01849712506203763,0.04969435260979841,0.3333333333333333,7796.92617035048
Panama,Mortalidad_Baja,0.31,0.03698506262676063,0.8766292295586235,0.055915658001098725,0.7508364760924591,1.0,0.09176470588235294,0.05810235174876951,0.022430849446168712,0.043303838758639565,0.3333333333333333,7347.59050324397
Panama,Mortalidad_Baja,0.35000000000000003,0.039369350767037015,0.8728807496959725,0.05981887444132747,0.769843698489158,1.0,0.10692599620493358,0.054739645252406,0.021246064469241405,0.041676239300280006,0.3333333333333333,6317.81730274124
Panama,Mortalidad_Baja,0.37,0.0401359246667094,0.8693611846340938,0.06664226694012962,0.7698001010072206,1.0,0.11654648956356738,0.05277755591310537,0.022377585400907875,0.038348113152278554,0.3333333333333333,5528.76705469354
Panama,Mortalidad_Media,0.34,0.038468458824008386,0.8655125545461047,0.0721041995602864,0.7590339197175088,1.0,0.11096774193548387,0.055074799626286336,0.026338152198612727,0.03659931703382741,0.3333333333333333,5017.7410922824
Panama,Mortalidad_Media,0.3,0.03463302298398504,0.8610057944058944,0.07822336017600237,0.7535991714697512,1.0,0.10132827324478179,0.05626699295878554,0.032371635887487114,0.03477450322534336,0.3333333333333333,4644.56582353041
Panama,Mortalidad_Media,0.37,0.03548813624432314,0.8570283997424706,0.0847066466123407,0.7492838735980437,1.0,0.12918406072106262,0.04673382828639769,0.02841358672465251,0.033057085257002315,0.3333333333333333,4264.66428846636
Panama,Mortalidad_Media,0.5,0.03625125246223457,0.851706130624508,0.08338566129465905,0.764848067882387,1.0,0.18026565464895636,0.03531734545879345,0.020699424241507534,0.03483515481099738,0.3333333333333333,4090.58617397129
Panama,Mortalidad_Media,0.5,0.04071797133976687,0.8463409399814006,0.08440341848701637,0.7592748568632646,1.0,0.1869070208728653,0.03961546879668708,0.02095107727721235,0.035765250403297776,0.3333333333333333,3991.7767076924
Panama,Mortalidad_Media,0.5,0.03625400237602479,0.8409471349881965,0.07955512174365555,0.7426135511337332,1.0,0.19259962049335863,0.03531999157755826,0.019752276028126032,0.03939840118694124,0.3333333333333333,3975.09308659503
Panama,Mortalidad_Media,0.5,0.03334285852837068,0.8202160383432291,0.08175464210892205,0.6887498943764814,1.0,0.20872865275142316,0.03251872835624707,0.02029613460379656,0.04173427446028516,0.3333333333333333,3513.89737854631
Papua New Guinea,Mortalidad_Alta,0.262,0.03613157161397073,0.7240718220187423,0.2136596679984424,0.3706925205582706,0.0,0.1640607210626186,0.06717973653371419,0.10097572778420648,0.02261102618338515,0.3333333333333333,3102.28968594061
Papua New Guinea,Mortalidad_Alta,0.327,0.06691516850090098,0.7109664496745116,0.24003642497062042,0.41232107528104883,0.0,0.2115882352941177,0.09911904775860102,0.09087654478381672,0.02053640350070801,0.6666666666666666,2607.57861874444
Papua New Guinea,Mortalidad_Alta,0.297,0.024431544799534785,0.7212246941841334,0.2370311945779034,0.42853926967085865,0.0,0.19781214421252372,0.040309378180310815,0.09880501676375429,0.021546151365172527,0.3333333333333333,2429.61134585269
Papua New Guinea,Mortalidad_Alta,0.37200000000000005,0.04018812696842637,0.7248873309964947,0.2145183989356101,0.4035118794941678,0.0,0.2548235294117647,0.05256132165385761,0.07140270589914843,0.02493198584161792,0.3333333333333333,2575.77274140393
Papua New Guinea,Mortalidad_Alta,0.331,0.03555757309894699,0.7217826740110165,0.21448536494234693,0.40135882487737246,0.0,0.2330189753320683,0.05234116148695342,0.08023481136879615,0.025718555287149975,0.3333333333333333,2566.36833735041
Papua New Guinea,Mortalidad_Alta,0.327,0.034835001964954794,0.7190500035767937,0.2230371783958276,0.3997028955773901,0.0,0.23702846299810248,0.05191827384429545,0.0844495208293521,0.02543497469099137,0.3333333333333333,2477.76530986323
Papua New Guinea,Mortalidad_Alta,0.25,0.026406699683410795,0.7158595035410258,0.22578055273970352,0.42169300330675086,0.0,0.1864326375711575,0.051688747279797685,0.11181663962238317,0.02590377613216802,0.3333333333333333,2316.39479758492
Papua New Guinea,Mortalidad_Alta,0.25,0.034835001964954794,0.7126117748050647,0.22059921903699525,0.419986670720071,0.0,0.19165085388994307,0.06790910218833845,0.10925434212141215,0.02742536808308102,0.3333333333333333,2484.5963398603
Papua New Guinea,Mortalidad_Alta,0.20199999999999999,0.056987341696864334,0.7086773016667858,0.22357346424660296,0.4336068600034432,0.0,0.15907020872865274,0.13680879840061508,0.13703611366941412,0.027842719464875727,0.6666666666666666,2723.17529825196
Papua New Guinea,Mortalidad_Alta,0.22,0.037110214269462094,0.7048000572287001,0.24341839989401756,0.5022891857023325,0.0,0.17783681214421254,0.08214519522636843,0.13697612581315316,0.02606534557160961,0.3333333333333333,2560.77458976327
Papua New Guinea,Mortalidad_Alta,0.21,0.044403668306349134,0.7006795908147936,0.24359471033283042,0.49206360667772886,0.0,0.17413662239089184,0.10276678514762493,0.1436025959317156,0.026801884418684696,0.3333333333333333,2635.0873631547
Papua New Guinea,Mortalidad_Alta,0.21,0.02438411983035842,0.6970026468273838,0.24265516601909115,0.4626579644870338,0.0,0.1785199240986717,0.05690032313636654,0.14304946751387776,0.02767898323882457,0.3333333333333333,2288.37591141234
Papua New Guinea,Mortalidad_Alta,0.2,0.02110237329015984,0.6923385077616424,0.2478272037641146,0.42982688417155324,0.0,0.17419354838709677,0.05185064534656701,0.1533990664149153,0.027778120964665025,0.3333333333333333,1866.86889851208
Papua New Guinea,Mortalidad_Alta,0.2,0.019362157842007316,0.6882752700479289,0.27358237689470444,0.44259499679182956,1.0,0.17874762808349146,0.047664317061900226,0.16931977803475678,0.02559187923591601,0.0,1568.83193368607
Papua New Guinea,Mortalidad_Alta,0.2922,0.032229977070222834,0.6845410973603261,0.2549964137965358,0.4086747922350035,0.0,0.2672493358633776,0.05381220468564095,0.10802926469952837,0.028419094148185005,0.3333333333333333,1624.79319935188
Papua New Guinea,Mortalidad_Alta,0.258,0.01889058902415013,0.68024894484584,0.24782978203341952,0.4106844291772472,0.0,0.24135483870967742,0.036069684672932,0.11891524045522266,0.030080011955283953,0.0,1370.753415829
Papua New Guinea,Mortalidad_Alta,0.256,0.048928036750503556,0.6774876600615207,0.2578865092884647,0.39580330240390327,0.0,0.24482732447817837,0.09280399744822594,0.12470100409208487,0.029495701832939467,0.3333333333333333,1238.18282926706
Papua New Guinea,Mortalidad_Alta,0.31880000000000003,0.017057733048437308,0.6753415838042778,0.36846941861682825,0.3890538136196172,0.0,0.3109358633776091,0.02642453285863396,0.143020552368198,0.020117017581586894,0.0,744.486489977433
Papua New Guinea,Mortalidad_Alta,0.23760000000000003,0.015374134848250516,0.6742971600257528,0.45487635799614,0.45393167732872863,0.0,0.23624743833017076,0.032045940817400115,0.23685834833240116,0.016040745661896002,0.0,620.596147680561
Papua New Guinea,Mortalidad_Alta,0.2962,0.013632296083866933,0.6735245725731454,0.48499574545755586,0.33564316788953075,0.0,0.30013434535104366,0.022876667316212206,0.20257001632238483,0.015186552631876281,0.0,577.467922387259
Papua New Guinea,Mortalidad_Alta,0.2942,0.013810828539013728,0.6721224694184131,0.48046580220896334,0.3693401063236031,0.0,0.30313206831119544,0.023324152780937826,0.2020434963523574,0.015675290872507217,0.0,506.331789534482
Papua New Guinea,Mortalidad_Alta,0.5,0.017012090891978155,0.6721796981186063,0.43516675127328486,0.5128885086398798,0.0,0.523719165085389,0.016804362749590625,0.10768164344020134,0.017996526086743563,0.0,537.847459634131
Papua New Guinea,Mortalidad_Alta,0.5,0.028017412673652452,0.6716360254667715,0.42953641451514174,0.45071880277679643,0.0,0.5313092979127134,0.02739429054396665,0.10628947313881013,0.01858821210424257,0.3333333333333333,635.957919047725
Papua New Guinea,Mortalidad_Alta,0.31079999999999997,0.016298970367168365,0.6619071464339366,0.42759230328587894,0.3970173827364162,0.0,0.35503149905123343,0.025930113959061776,0.17022002513910583,0.020336894568275626,0.0,998.229967376131
Paraguay,Mortalidad_Media,0.295,0.048044825380876954,0.8248658702339222,0.13758542756894285,0.470850856114687,1.0,0.08732447817836812,0.07909452878960484,0.05779828110428001,0.015704825656115584,0.3333333333333333,6205.6259537937
Paraguay,Mortalidad_Media,0.322,0.050322598326350394,0.7646183561055868,0.1424125318250549,0.46230393565851324,1.0,0.09898292220113851,0.07586579313868137,0.05480519719937841,0.015768379540366608,0.3333333333333333,5976.9317978996
Paraguay,Mortalidad_Media,0.29600000000000004,0.04858110241580432,0.8306030474282853,0.13544042727909292,0.4755579860092195,1.0,0.09379886148007589,0.07969899887818324,0.05670710817205425,0.017366518869349555,0.3333333333333333,5365.47220721191
Paraguay,Mortalidad_Media,0.255,0.05085613865039184,0.8441662493740612,0.12201894999782355,0.49156682582560907,1.0,0.08322580645161291,0.09680582885711093,0.059317611798031064,0.02032055891067252,0.3333333333333333,5821.18199548637
Paraguay,Mortalidad_Media,0.28300000000000003,0.052012692989712374,0.8435796551970811,0.12559706510406385,0.4838207250277877,1.0,0.09504933586337762,0.0891941221039429,0.05501186425586684,0.020316526499792997,0.3333333333333333,6258.44991640954
Paraguay,Mortalidad_Media,0.326,0.051356280312329854,0.8410472852135347,0.12856633655628757,0.47334669922055583,1.0,0.11320303605313094,0.07646048560985344,0.04888175491965625,0.020554627433355534,0.3333333333333333,6152.26711537703
Paraguay,Mortalidad_Media,0.24,0.04932668634729955,0.8415766506903211,0.135042068450296,0.4695723523680828,1.0,0.08607210626185959,0.09979010276974562,0.06973356020306748,0.02015816403276569,0.3333333333333333,5775.1596339946
Paraguay,Mortalidad_Media,0.24,0.042485466824939,0.8411045139137276,0.11914545814424213,0.4811186409162389,1.0,0.0888045540796964,0.08607552180675945,0.06154474097270579,0.02412352700372714,0.3333333333333333,5879.33792308671
Paraguay,Mortalidad_Media,0.20500000000000002,0.039453628845204584,0.8405465340868445,0.14863852816489256,0.4637087252185065,1.0,0.07857685009487667,0.09365572852003395,0.08983902801489721,0.019483299157818462,0.3333333333333333,6652.25478942291
Paraguay,Mortalidad_Media,0.22,0.03829342781331432,0.8387867515559053,0.16248354361856668,0.4621815657796319,1.0,0.08683111954459204,0.08473281647892288,0.09149398307054202,0.01816494709385571,0.3333333333333333,6435.68342733182
Paraguay,Mortalidad_Media,0.22,0.03847263167272535,0.8361113098218758,0.12676170344006585,0.47541917288669433,1.0,0.08933586337760911,0.08512472520711582,0.07141974177581666,0.024992069804129505,0.3333333333333333,5642.1699167298
Paraguay,Mortalidad_Media,0.21,0.038827760110322566,0.8315616281565206,0.17427080477609722,0.43804208047477255,1.0,0.08766603415559772,0.0899919125395822,0.10279023440900664,0.017870574548583377,0.3333333333333333,5805.40154543044
Paraguay,Mortalidad_Media,0.24,0.03880155718609376,0.8281851348451248,0.16437733062788454,0.44356711101464663,1.0,0.10337760910815938,0.07869039451518044,0.08484503078846997,0.019856504069354453,0.3333333333333333,4750.96273669322
Paraguay,Mortalidad_Media,0.24,0.03685374096408219,0.8243365047571356,0.12556839726042995,0.45605065084806207,1.0,0.10611005692599622,0.07478561069842343,0.06485338893836996,0.027796162734349705,0.3333333333333333,3941.84815479271
Paraguay,Mortalidad_Media,0.26,0.03644986477753806,0.8209743186207883,0.1694796357825811,0.4205849843848466,1.0,0.11791271347248576,0.06828550228123946,0.08074465912385881,0.02034810543272928,0.3333333333333333,4384.9546943793
Paraguay,Mortalidad_Media,0.21,0.034299707435624285,0.8176836683596822,0.16052059881618855,0.4255996680909949,1.0,0.09802656546489565,0.07961776467914963,0.09469521477413853,0.0223966461063163,0.3333333333333333,3211.93621659546
Paraguay,Mortalidad_Media,0.19,0.033990119531936286,0.8143500965734316,0.1489263076883521,0.4240244031074749,1.0,0.090853889943074,0.0872146279052618,0.09711883823033701,0.025068439825697033,0.3333333333333333,2439.43124694576
Paraguay,Mortalidad_Media,0.16,0.03332129342282662,0.8105300808355389,0.16057398079232751,0.40308381562132317,1.0,0.07833017077798862,0.10155617881850412,0.1243287173688658,0.02364130111719091,0.3333333333333333,1970.87169852378
Paraguay,Mortalidad_Media,0.17,0.03412950739873038,0.8067672937978396,0.17600619355828256,0.394100297642799,1.0,0.08516129032258064,0.09786966264592648,0.12823821988600284,0.021855064131513596,0.3333333333333333,1786.21533938543
Paraguay,Mortalidad_Media,0.2,0.03422567347159426,0.8030617354603333,0.16430726269476323,0.3916013928383241,1.0,0.10246679316888045,0.08342055400128907,0.10177072404155382,0.024255097395327215,0.3333333333333333,1443.99885236205
Paraguay,Mortalidad_Media,0.2,0.03390204165327071,0.799399098647972,0.1390049156031723,0.39814705581904924,1.0,0.10474383301707779,0.08264201302447821,0.08612992949873233,0.02998294201258652,0.3333333333333333,1367.76506935997
Paraguay,Mortalidad_Media,0.2,0.034657628755012604,0.7957078474855139,0.1436074283680861,0.4238503979466943,1.0,0.10664136622390892,0.08445968201420564,0.08897499981083214,0.02950232616795497,0.3333333333333333,1637.68615122932
Paraguay,Mortalidad_Media,0.15,0.03466653193027456,0.7920595178482008,0.1623799978283413,0.4385328201925185,0.0,0.0816888045540797,0.11264146644039189,0.1341058319185147,0.026337142804725405,0.3333333333333333,1736.11729210765
Paraguay,Mortalidad_Media,0.1,0.039293976141126626,0.7742041633879391,0.2330884379508595,0.40023437547914925,1.0,0.06091081593927894,0.1912261102656494,0.2885764234314564,0.019806219326941737,0.3333333333333333,1978.71514099575
Peru,Mortalidad_Baja,0.397,0.037914791230052015,0.8894627655769367,0.09046459114453317,0.49317433597139115,1.0,0.10395825426944971,0.04649634035327779,0.02827427843299513,0.02223791835601825,0.3333333333333333,7350.63034300417
Peru,Mortalidad_Media,0.363,0.03552145441996924,0.814521782674011,0.08981284256869315,0.48184296312086594,1.0,0.09643263757115748,0.047679192174576314,0.030700584285050885,0.022795400933766825,0.3333333333333333,6826.20255614477
Peru,Mortalidad_Media,0.335,0.030487598145908575,0.84651262608198,0.09731992982454896,0.5443882205800255,1.0,0.08962998102466793,0.04443468550492182,0.036037080943074645,0.02096114399236355,0.3333333333333333,6133.32552410183
Peru,Mortalidad_Baja,0.318,0.03660300482027749,0.8814650547249445,0.08640048144481043,0.5466744397004609,1.0,0.08568500948766604,0.0560626116104996,0.03371835811072066,0.024209696394990165,0.3333333333333333,7037.00803692604
Peru,Mortalidad_Baja,0.36600000000000005,0.03592778816778253,0.8777881107375347,0.08681573476991682,0.5369439288582025,1.0,0.09931309297912713,0.04782252768959121,0.029436546819223322,0.024271421391585685,0.3333333333333333,6978.49121548627
Peru,Mortalidad_Baja,0.38799999999999996,0.03491387943492702,0.8769296802346376,0.08547318675105334,0.5413924846207515,1.0,0.10601897533206832,0.04385367441692748,0.02733967872777965,0.0248987045672621,0.3333333333333333,6736.16693725487
Peru,Mortalidad_Baja,0.38,0.035007253544687686,0.8768295300092994,0.08743828621884664,0.5457030742515794,1.0,0.10455407969639469,0.044895132983556164,0.028554586587227083,0.024458744311700403,0.3333333333333333,6217.03599995447
Peru,Mortalidad_Baja,0.38,0.03403065269761631,0.8736962586737247,0.08883811541906875,0.5426951806362422,1.0,0.10599620493358634,0.04365863401615447,0.029010014295728866,0.024399824251313,0.3333333333333333,6231.71150338894
Peru,Mortalidad_Baja,0.34,0.033363504774167614,0.8669432720509336,0.08578309530519562,0.5238847260544497,1.0,0.0967741935483871,0.047850875460337665,0.031312087368117573,0.02596801678786121,0.3333333333333333,6667.13410360861
Peru,Mortalidad_Media,0.34,0.03194424491257096,0.8573717719436296,0.0840627274520953,0.502481873968853,1.0,0.09870967741935485,0.045842507605925974,0.030686525310434233,0.02716204022990124,0.3333333333333333,6746.80025696601
Peru,Mortalidad_Media,0.35000000000000003,0.03351850632396647,0.8486157808140782,0.08478313595672804,0.4866711782509977,1.0,0.10426944971537001,0.04669678050836695,0.0300642387304723,0.027693890668908646,0.3333333333333333,6519.37852981527
Peru,Mortalidad_Media,0.37,0.031480438376865476,0.8392875026825952,0.08952741646419882,0.4710384559875255,1.0,0.1137381404174573,0.041522439100868565,0.030024390623556736,0.026992360093495878,0.3333333333333333,5861.35793645245
Peru,Mortalidad_Media,0.36,0.02755406971044138,0.8329780384863008,0.086083663625966,0.48455393856683926,1.0,0.11476280834914612,0.03742838386334676,0.029675748110867164,0.029366402123181257,0.3333333333333333,5072.11494019615
Peru,Mortalidad_Media,0.35000000000000003,0.02661118641205808,0.8293297088489877,0.09337214459976283,0.5049978779544761,1.0,0.11622390891840607,0.03720163150281049,0.03309815082511908,0.028080606606368658,0.3333333333333333,4181.18755462253
Peru,Mortalidad_Media,0.33,0.02653998491321161,0.8309321124543958,0.09029726956608823,0.47793880047506887,1.0,0.11459203036053131,0.03935246672956068,0.03395212840758882,0.03062871234612516,0.3333333333333333,4197.58444634142
Peru,Mortalidad_Media,0.35000000000000003,0.024222097914515028,0.8309750339795405,0.08453729003727714,0.4658709089557389,1.0,0.12817836812144212,0.033917470415595855,0.029977398102008564,0.034911629629729615,0.3333333333333333,3581.0893081917
Peru,Mortalidad_Media,0.35000000000000003,0.022903365137957873,0.8251233993847915,0.08324231742402188,0.467147964071711,1.0,0.13481973434535105,0.032104674081907314,0.02951997242730306,0.03751443519370298,0.3333333333333333,3129.55996496982
Peru,Mortalidad_Media,0.37,0.02391907699328973,0.8201301952929394,0.08641609325006214,0.494733075018135,1.0,0.15024667931688804,0.03169006194933405,0.02898477833794827,0.03815187240216144,0.3333333333333333,2706.66947297608
Peru,Mortalidad_Media,0.4,0.022748444406164695,0.8123900135918163,0.08743067318462862,0.512425212686418,1.0,0.17229601518026566,0.027905248227564683,0.027124504236945957,0.04016174464790891,0.3333333333333333,2397.25147277714
Peru,Mortalidad_Media,0.41000000000000003,0.021109097157690583,0.8099721010086558,0.09222064530600387,0.5417521967028635,1.0,0.18749525616698293,0.02530088806698568,0.027907296531114734,0.04045409017292696,0.3333333333333333,2129.44114197634
Peru,Mortalidad_Media,0.44,0.021735825223080676,0.8033478789612989,0.09489153302213806,0.5478067825780092,1.0,0.2154079696394687,0.024261136973571323,0.026754992193577444,0.04222670791070255,0.3333333333333333,2007.37019626753
Peru,Mortalidad_Media,0.46,0.02196847984082023,0.7961942914371556,0.09956984700951575,0.5480907209300014,1.0,0.24178368121442126,0.02344964526711971,0.02684909135177341,0.04329044366992433,0.3333333333333333,1929.57273038846
Peru,Mortalidad_Media,0.45,0.02303167096427951,0.789126546963302,0.10179404671560627,0.5425231018857528,1.0,0.25531309297912713,0.02510748311355482,0.02805680543458338,0.04589556886464319,0.3333333333333333,1945.41338451698
Peru,Mortalidad_Media,0.1,0.02046009092928537,0.7519135846627083,0.10139971490524778,0.5298458829448545,0.0,0.08462998102466793,0.10061109307774581,0.1257681074039312,0.07036751049722563,0.0,2189.53431515311
Poland,Mortalidad_Baja,0.606,0.1296523219547009,0.8940710717644409,0.035183740463032236,0.5789453505344215,1.0,0.042546489563567366,0.10329456069891017,0.00724497029213988,0.01420510139675261,1.0,18891.213529396
Poland,Mortalidad_Baja,0.65,0.13508803254264648,0.8682483655797282,0.0280896895399748,0.5701706112986,1.0,0.04686907020872865,0.10032580629930841,0.0054052402212956055,0.01916667628864214,1.0,18635.5088812509
Poland,Mortalidad_Baja,0.6459999999999999,0.12539781587345908,0.8832534516059805,0.03217645194086906,0.5775124358231721,1.0,0.04658064516129032,0.0937299435679537,0.006220831861612073,0.016341759723754883,0.6666666666666666,16150.9291009726
Poland,Mortalidad_Baja,0.498,0.12768591609173355,0.9047840052762071,0.029668784845611546,0.5744186198357957,1.0,0.035908918406072105,0.12379600738644236,0.00744705130999026,0.01798390201144774,1.0,15874.5220531254
Poland,Mortalidad_Baja,0.509,0.13253343485476968,0.9004569572128236,0.030242639522905113,0.5698792647055839,1.0,0.03766793168880455,0.1257027243160927,0.007425496818419287,0.018133986358316496,1.0,15658.210586693
Poland,Mortalidad_Baja,0.555,0.12644929294626492,0.9026204812445153,0.03745293508591168,0.5658225235093964,1.0,0.04212523719165085,0.11000979850489116,0.008416207558969876,0.014487853115306688,1.0,13913.3415190124
Poland,Mortalidad_Baja,0.61,0.12090555614220701,0.9040163032004449,0.03287697285665056,0.554325877036818,1.0,0.0474573055028463,0.09571834994535704,0.006729940338910947,0.01744545880203882,0.6666666666666666,12464.0121044827
Poland,Mortalidad_Baja,0.6,0.1155129954302477,0.8982934331811301,0.031103164508888916,0.5570285371020453,1.0,0.047817836812144215,0.09298947291884602,0.006476609326600346,0.01915090738611787,0.6666666666666666,12637.5220324406
Poland,Mortalidad_Baja,0.5479999999999999,0.11435387857991898,0.9004569572128236,0.037273556625221055,0.5616538459648975,1.0,0.0447134724857685,0.10079562164182611,0.00848324530166265,0.015913329040283263,0.6666666666666666,14262.2841914116
Poland,Mortalidad_Baja,0.55,0.11868780079517405,0.8918377566349522,0.04050486549719568,0.5734645820781851,1.0,0.04696394686907021,0.10422030943849986,0.009178743525241598,0.015215760674376853,0.6666666666666666,13621.9023794031
Poland,Mortalidad_Baja,0.53,0.1185257795570944,0.8882086195495327,0.03745607714743892,0.5574308343571679,1.0,0.047267552182163185,0.10800607038507043,0.008813931418844777,0.01759935485468623,0.6666666666666666,13087.420943321
Poland,Mortalidad_Baja,0.5,0.1226700601868813,0.8874758130226696,0.03981237170450226,0.5455657322616818,1.0,0.04648956356736243,0.1184742900748049,0.009925390234820402,0.017209648551637247,0.6666666666666666,13867.6669408192
Poland,Mortalidad_Baja,0.46,0.12216318616840591,0.8810550320253894,0.036569261362902186,0.5573726248274337,1.0,0.044516129032258066,0.12824624774936413,0.009916838204953234,0.019923304694701112,0.6666666666666666,12567.7317676382
Poland,Mortalidad_Baja,0.42,0.11386541044674546,0.873168637974383,0.03290999619090208,0.567344070108374,1.0,0.04303605313092979,0.13095472658614585,0.009784157905621989,0.02399680082593208,0.6666666666666666,11556.3026866026
Poland,Mortalidad_Baja,0.37,0.11852087383561867,0.8710051139426911,0.03312120231279631,0.5630753712983235,1.0,0.04001897533206831,0.1547050189896169,0.011176913463350695,0.025331462168791265,0.6666666666666666,14048.5604672654
Poland,Mortalidad_Baja,0.34,0.11694455564573071,0.866712961428205,0.03882877914240561,0.5528073508624173,1.0,0.03870967741935484,0.1661248437099251,0.014238507096912677,0.02244522006293465,0.6666666666666666,11272.5293683383
Poland,Mortalidad_Media,0.35000000000000003,0.11736882484668522,0.8652822439233765,0.034422492590785746,0.5620507916764588,1.0,0.041840607210626185,0.16196164136474162,0.012275251508293882,0.02716044847358503,0.6666666666666666,9068.85528307627
Poland,Mortalidad_Media,0.36,0.1115919449052393,0.8631536154405823,0.03722805588276206,0.563711600292737,1.0,0.0444022770398482,0.14974210605369476,0.012897758652900831,0.025779663894062988,0.6666666666666666,8043.92332253757
Poland,Mortalidad_Media,0.4,0.1101763927642634,0.8610249869577882,0.041859780079429136,0.5648250364703505,1.0,0.050853889943074,0.13306524248875087,0.01303954655275965,0.02338346918734719,0.6666666666666666,6711.72715262967
Poland,Mortalidad_Media,0.41000000000000003,0.10978800538332263,0.8574656409701666,0.03373710677728641,0.5872298776556237,1.0,0.05445920303605313,0.12936398320157128,0.010272202376224117,0.03122616261766776,0.6666666666666666,5720.81366178104
Poland,Mortalidad_Media,0.41000000000000003,0.10687277016047864,0.8560349234653379,0.03522609833903068,0.596901121081359,1.0,0.05679316888045541,0.12594300738663872,0.01072119207568124,0.031197974803889153,0.6666666666666666,5223.45178967082
Poland,Mortalidad_Media,0.42,0.10805842324867367,0.8517776664997496,0.04175049081582042,0.591018417030495,1.0,0.060569259962049336,0.12430257960991284,0.01238644538332662,0.02704671496317802,0.6666666666666666,5015.23790036613
Poland,Mortalidad_Media,0.46,0.10729887727714381,0.8453219899535716,0.04004894366817852,0.5746053416106125,1.0,0.07070208728652752,0.11269922807990272,0.010852049537653239,0.03040640818836296,0.6666666666666666,4520.64100449111
Poland,Mortalidad_Media,0.5,0.11919951529131435,0.8187664772419958,0.07226226694021919,0.4825845563602752,1.0,0.11859582542694497,0.1151347403024035,0.017949027606969304,0.02563288211618534,0.6666666666666666,3700.95956775144
Portugal,Mortalidad_Baja,0.6779999999999999,0.0899779176464433,0.9581044039927489,0.023785692774749297,0.6812442731166005,1.0,0.03344971537001898,0.06417117025067755,0.004397194639095773,0.014815146464599091,0.6666666666666666,24620.519556875
Portugal,Mortalidad_Baja,0.682,0.08962733776777117,0.9544752669073295,0.02703324099346517,0.6684202973655544,1.0,0.03494117647058823,0.06354747768238418,0.004960111683874291,0.013278955973563463,0.6666666666666666,24711.4510062111
Portugal,Mortalidad_Baja,0.6890000000000001,0.09038430527562236,0.9537773559293639,0.026765582923067386,0.6741015983813713,1.0,0.035299810246679324,0.06343044663104494,0.004861691272253648,0.013442755882282937,0.6666666666666666,22299.4044062173
Portugal,Mortalidad_Baja,0.595,0.09771129853909806,0.9587325238729179,0.02498141540829441,0.6743196213030705,1.0,0.03161290322580645,0.07937612824722771,0.005259036234982592,0.01528703255709843,0.6666666666666666,23343.3628970034
Portugal,Mortalidad_Baja,0.568,0.09890817000109216,0.9537075648315672,0.02394689898031223,0.6689936085934146,1.0,0.031256166982922204,0.08416310595746816,0.005283852249938291,0.016771404559369752,0.6666666666666666,23541.1401075289
Portugal,Mortalidad_Baja,0.59,0.10211460989736901,0.9551382823363972,0.024522713006721417,0.6706519318546121,1.0,0.03246679316888045,0.08363957774474302,0.005207485835252868,0.016306297313845385,0.6666666666666666,21442.3842768879
Portugal,Mortalidad_Baja,0.63,0.09752155287994192,0.9508461298219113,0.023999846216307387,0.6723291186504563,1.0,0.034667931688804554,0.07482143561307804,0.00477424445552296,0.01672771787690416,0.6666666666666666,19980.2808866516
Portugal,Mortalidad_Baja,0.62,0.09798518153219973,0.9508461298219113,0.02467127775321962,0.6726055511995622,1.0,0.03411764705882352,0.0763880144682241,0.004985135285509084,0.016189772881937278,0.6666666666666666,19215.7813014347
Portugal,Mortalidad_Baja,0.611,0.09400908890997875,0.9508112342730122,0.02468619255279536,0.6825481723617591,1.0,0.0336223908918406,0.07438226043696412,0.0050615839790776,0.016178151143371167,0.6666666666666666,22120.6850127107
Portugal,Mortalidad_Baja,0.61,0.0949454624347986,0.9450883642536978,0.025512553440057508,0.6890053090212545,1.0,0.03356736242884251,0.0752427479674903,0.005237363572005706,0.01555520641770826,0.6666666666666666,21676.4859642714
Portugal,Mortalidad_Baja,0.6,0.0941835188168104,0.9400983007612462,0.023970592348509564,0.6835070094771566,1.0,0.03415559772296015,0.075885806944849,0.005006928861536331,0.017443346189548622,0.6666666666666666,20593.4274224109
Portugal,Mortalidad_Baja,0.58,0.0999781941057308,0.9414941227171771,0.022937796258732598,0.6821489283569775,1.0,0.03301707779886148,0.08330941775483372,0.004959433659493633,0.01836423048515452,0.6666666666666666,23246.5425416481
Portugal,Mortalidad_Baja,0.61,0.10269755657894658,0.920835957769407,0.024227524328258754,0.6789254479848752,1.0,0.034724857685009484,0.08135708622757248,0.004976921507455963,0.01722628703982815,0.6666666666666666,22551.935098809
Portugal,Mortalidad_Baja,0.65,0.10648218175109185,0.9165438052549209,0.02435759231430605,0.6880160363365371,1.0,0.03823529411764706,0.07915186180025194,0.004695388580816846,0.017798800556208187,0.6666666666666666,23151.2154130712
Portugal,Mortalidad_Baja,0.66,0.10802823879810684,0.9136474746963659,0.02452395832123918,0.6650294257644538,1.0,0.04007590132827324,0.07907963767324326,0.004655410003782764,0.01833366696048849,0.6666666666666666,24949.0413566739
Portugal,Mortalidad_Baja,0.65,0.11104563692071055,0.9107511441378096,0.02495910967832237,0.6505512444304641,1.0,0.040702087286527515,0.08252971436578255,0.004809798271080729,0.018625843638231502,0.6666666666666666,22811.0564844365
Portugal,Mortalidad_Baja,0.63,0.11048655671811752,0.9121469660937405,0.02818605526941032,0.643629566303034,1.0,0.04064516129032258,0.08472273877737717,0.005595745955920747,0.016733602867800443,0.6666666666666666,19839.4540499032
Portugal,Mortalidad_Baja,0.66,0.1164581911498526,0.9071569026012889,0.02882333877950722,0.6445210246683516,1.0,0.046337760910815935,0.08522491437237566,0.005460769790268453,0.018024818577182175,0.6666666666666666,18780.12751241
Portugal,Mortalidad_Baja,0.63,0.11385761632059141,0.9014340325819743,0.03260290709244721,0.6398748184411062,1.0,0.04662239089184061,0.08729719872552882,0.006462508784444579,0.016597626933983697,0.6666666666666666,18064.1580932987
Portugal,Mortalidad_Baja,0.63,0.11096909682156869,0.8949783560357965,0.03322353299988329,0.6349377463111345,1.0,0.051404174573055024,0.08509125203914221,0.006584300388178875,0.01823278013669297,0.6666666666666666,15797.7821340276
Portugal,Mortalidad_Baja,0.64,0.11453055301736721,0.8927799364552056,0.03413106712368413,0.6247414447941776,0.0,0.05707779886148008,0.08643906813318955,0.006656732429523821,0.019616123974208463,0.6666666666666666,12936.6928204482
Portugal,Mortalidad_Baja,0.67,0.11052634701964338,0.8891856949186852,0.037141312550452305,0.6172812383586773,0.0,0.06483870967741935,0.07969323827082041,0.006914132738689778,0.019568725320012824,0.6666666666666666,11734.7649743954
Portugal,Mortalidad_Baja,0.65,0.1104737922857834,0.8820321073945419,0.039026981077378876,0.6108778637548867,0.0,0.06783681214421253,0.08210643709113474,0.0074855328478708955,0.020180748902712015,0.6666666666666666,11526.3720667968
Portugal,Mortalidad_Baja,0.7000000000000001,0.09301400732525011,0.8676900367973561,0.0604237260778649,0.5935865654780597,0.0,0.09962049335863378,0.06424114275240562,0.010729858689909338,0.01744194364971415,0.6666666666666666,11781.3618502221
Qatar,Mortalidad_Baja,0.6,0.7738134159326816,0.9613277058444809,0.0029181580625219743,0.36594379558047646,0.0,0.056925996204933584,0.6208669594072935,0.000669033539000344,0.2554565406648954,1.0,88701.463352273
Qatar,Mortalidad_Baja,0.54,0.7931698241413017,0.950253952357107,0.0034456443840289643,0.4369513861405352,0.0,0.05225806451612903,0.707098291835202,0.0008641368097745407,0.22374602001103958,1.0,71751.8831257169
Qatar,Mortalidad_Baja,0.6459999999999999,0.6896090935143424,0.9406109163745617,0.003958331927640304,0.5278866521871594,0.0,0.06374193548387097,0.5139429617725454,0.0008204613635482732,0.20051315783486104,1.0,51683.5054376677
Qatar,Mortalidad_Baja,0.774,0.7309817141447978,0.9768939122970168,0.0029617654403436325,0.45617261964606093,0.0,0.07930929791271346,0.4546675224515651,0.0005255960655964807,0.27245372124417555,1.0,66841.3013484919
Qatar,Mortalidad_Baja,0.716,0.7485721339182225,0.9735889548608627,0.002433423517423563,0.4178362314594097,0.0,0.07608349146110055,0.5033182940952268,0.00047694388531473154,0.3373661911415388,1.0,71039.8490579352
Qatar,Mortalidad_Baja,0.59,0.7754179194998877,0.9699263180485012,0.0023889250317098085,0.4658169772279088,1.0,0.06605313092979127,0.6326985535113512,0.0005694752911828248,0.36149309256984363,1.0,63279.8556949332
Qatar,Mortalidad_Baja,0.6900000000000001,0.7039774677363722,0.9654767866084841,0.0019982558426614784,0.5054720698096425,0.0,0.0811764705882353,0.4911886587000154,0.00041694424754447384,0.44439945394326125,1.0,61253.6375482797
Qatar,Mortalidad_Baja,0.68,0.761937136855269,0.9602975892410042,0.00171282288720222,0.4517680520534112,0.0,0.08258064516129034,0.5394208384799396,0.00037118105743435203,0.5234536008856038,1.0,68985.2946961507
Qatar,Mortalidad_Baja,0.7240000000000001,0.8262959079222696,0.9547177909721725,0.001154078946796242,0.3010565882610792,0.0,0.09204554079696395,0.5494073899168309,0.0002532112555469974,0.7559346388713079,1.0,95840.6310094498
Qatar,Mortalidad_Baja,0.72,0.9575207227186501,0.9486944702768438,0.0008864697500905179,0.2722266462037213,0.0,0.09426944971537002,0.6401483730681166,0.00020866681876180674,0.9507831534131567,1.0,103697.008372373
Qatar,Mortalidad_Baja,0.77,0.9952937936298635,0.9418985621289075,0.0008633544259683071,0.2512501647347126,0.0,0.1037381404174573,0.6221824610596742,0.00019140562963641415,0.9974739424997765,1.0,108470.378825036
Qatar,Mortalidad_Baja,0.7000000000000001,0.7640566356562413,0.9346734387295228,0.0008938490921484984,0.2520979519084096,0.0,0.09696394686907021,0.525465599295828,0.00021593203748572674,1.0,1.0,103261.506539346
Qatar,Mortalidad_Baja,0.65,0.7782806143587379,0.926804492452965,0.0011634206711221967,0.5704250616710563,0.0,0.09250474383301707,0.5764145662113022,0.00028381519595952273,0.8412690591027683,1.0,77387.3267885308
Qatar,Mortalidad_Baja,0.6,0.6986131211671643,0.9181200371986551,0.0012319234780620643,0.5802406744800704,0.0,0.08766603415559772,0.5605653989833855,0.0003215815998440423,0.825731758913323,1.0,60785.7351551657
Qatar,Mortalidad_Baja,0.6,0.7396132845352713,0.9098934115458901,0.0012487315156010574,0.6437930349974366,0.0,0.08994307400379506,0.5934425816651971,0.0003250449289028551,0.8382023766890623,1.0,80781.4039187792
Qatar,Mortalidad_Baja,0.59,0.8499087401787945,0.9024393733457328,0.0010626284473180042,0.5418484649491456,0.0,0.0906831119544592,0.6934436191046268,0.0002915573157365058,0.9749100393796901,1.0,65954.3419525051
Qatar,Mortalidad_Baja,0.52,0.934232931673106,0.8964589741755489,0.0012131381474328607,0.5525018317115401,0.0,0.0828842504743833,0.8648123652502848,0.0003665894373125043,0.9121170205630575,1.0,62582.4453138755
Qatar,Mortalidad_Baja,0.56,0.9369165545960506,0.8905358037055584,0.001357707793063137,0.6215720808251644,0.0,0.09244781783681214,0.8053457052636296,0.00037232111179147994,0.8635351134294414,1.0,53949.6764091147
Qatar,Mortalidad_Baja,0.7000000000000001,0.9999999999999998,0.8844552543100364,0.0019720210804873056,0.6393725301956253,0.0,0.11954459203036052,0.6876354010342653,0.000406354423320857,0.6539976453949945,1.0,41035.5008380177
Qatar,Mortalidad_Baja,0.7000000000000001,0.880566160863833,0.8789183775663494,0.0026407570583853817,0.5410400056376663,0.0,0.12352941176470589,0.6055455229508389,0.0005244638731882579,0.5229493658307781,1.0,31602.470865136
Qatar,Mortalidad_Baja,0.7000000000000001,0.8906533892987523,0.8741827026253666,0.00292114795904722,0.6091586699330057,0.0,0.12751423149905122,0.6124787284678962,0.0005739853826023217,0.4930574119594517,1.0,27226.6593510117
Qatar,Mortalidad_Baja,0.7000000000000001,0.8261738344875416,0.8701766936118462,0.004428986881851165,0.5797180336316672,0.0,0.13282732447817835,0.5681603105755332,0.0008402938085685629,0.34987683164589223,1.0,25870.7991864314
Qatar,Mortalidad_Baja,0.9,0.785650283238584,0.8668002003004507,0.004389244553452164,0.558701326641757,0.0,0.1776091081593928,0.42023913225769305,0.0006481025280324488,0.3670980090590777,1.0,27535.182940934
Qatar,Mortalidad_Media,0.5818,0.7352986775013162,0.8546963302096,0.025440486038791024,0.7159542639888111,0.0,0.14131005692599619,0.6084387633795253,0.005475905811970965,0.08016288441557166,1.0,15822.5090711554
Romania,Mortalidad_Media,0.454,0.07639122496198726,0.8654218261189697,0.04792584554953324,0.6181619815684216,1.0,0.04651992409867173,0.08143418674640315,0.013140470098166082,0.015501942484542909,0.6666666666666666,15557.8826247584
Romania,Mortalidad_Media,0.546,0.08248128454837703,0.8318872036277416,0.05795855657018236,0.6073238584510812,1.0,0.054910815939278934,0.07307915100296075,0.013198038973276966,0.011977011310460105,0.6666666666666666,14986.7854904274
Romania,Mortalidad_Media,0.551,0.07703408067703077,0.8525453685755118,0.05111350470052467,0.6119093393587275,1.0,0.05645920303605313,0.0676595578963936,0.011542409204778325,0.01433673626762143,0.6666666666666666,13082.3006559554
Romania,Mortalidad_Baja,0.39799999999999996,0.07868713263573739,0.8719123982140453,0.05408047426002894,0.5948735517547917,1.0,0.04229222011385199,0.09566770175532578,0.016901199511377325,0.013992545582871998,0.6666666666666666,12992.0326104674
Romania,Mortalidad_Baja,0.4,0.07923752445830912,0.8683530522264238,0.056558664134022024,0.5769910099144946,1.0,0.04554079696394687,0.09585138496832143,0.01758264733061296,0.014420654744978006,0.6666666666666666,12502.2624061935
Romania,Mortalidad_Baja,0.459,0.07813560705886706,0.8662244237436296,0.05584747407075671,0.5754125753392351,1.0,0.056612903225806456,0.08237557980270684,0.01513101017182599,0.01614061719142878,0.6666666666666666,10727.9822007426
Romania,Mortalidad_Baja,0.43,0.07401683360369364,0.8662244237436296,0.053991308871554206,0.5549277376706903,1.0,0.05793168880455408,0.08332264093363652,0.015617799497106346,0.018661030129075162,0.6666666666666666,9404.54005870715
Romania,Mortalidad_Media,0.43,0.073741558776498,0.8619671667780413,0.055684050334725864,0.5263147490031834,1.0,0.06282732447817838,0.08301463555462354,0.016104486977470054,0.019797238843151106,0.6666666666666666,8977.01748158196
Romania,Mortalidad_Media,0.37700000000000006,0.07284656037036102,0.8619322712291437,0.06229547985501423,0.5070473840171449,1.0,0.05937571157495256,0.09354293067973075,0.020536626531197946,0.018968494920612623,0.6666666666666666,10031.7710755404
Romania,Mortalidad_Media,0.36,0.07334717951605006,0.864130690809733,0.06940014077600931,0.5029063547513108,1.0,0.06079696394686908,0.09862929596419917,0.023946293838808665,0.018145237603916224,0.6666666666666666,9497.67411615237
Romania,Mortalidad_Media,0.37,0.0801405758938208,0.854813579253898,0.05713776861799732,0.4901504199078439,1.0,0.06669829222011385,0.10479739714631822,0.019201768378961,0.024476144496738707,0.6666666666666666,8929.95366231474
Romania,Mortalidad_Media,0.38,0.08177078713818271,0.8547786837050002,0.07498332350639639,0.40919429754561515,1.0,0.07210626185958255,0.10410362248447175,0.024502424275777684,0.019009541805546377,0.6666666666666666,9560.6755277458
Romania,Mortalidad_Media,0.38,0.07958934808176205,0.8411694196346791,0.06519241936807592,0.450946516468103,1.0,0.07571157495256167,0.10134164746796151,0.021317000628972453,0.023625878457595208,0.6666666666666666,8399.5374234284
Romania,Mortalidad_Media,0.37,0.0788056836110916,0.8390407911518849,0.0770747143786752,0.4781500915864153,1.0,0.07793168880455408,0.1030615768734007,0.0258634657738623,0.02079466265786259,0.6666666666666666,8548.4543409242
Romania,Mortalidad_Media,0.31,0.08888939697107712,0.8283976487379154,0.07942597270152461,0.45814389899722663,1.0,0.06999999999999999,0.138659148727685,0.031807003761924545,0.02176976648949606,0.6666666666666666,10435.1561230787
Romania,Mortalidad_Media,0.3,0.08774726459716937,0.8283976487379154,0.06929605353009091,0.4891480948294823,1.0,0.07343453510436433,0.14144941571375988,0.02869265784475128,0.027830959399464287,0.6666666666666666,8360.33775916596
Romania,Mortalidad_Media,0.29,0.08687638244364725,0.8226398831697017,0.0986482646215597,0.4766855104323343,1.0,0.0781404174573055,0.14488213546997172,0.04219533002781003,0.0208052861698745,0.6666666666666666,5757.53127301178
Romania,Mortalidad_Media,0.28,0.08346395865993939,0.819045641633181,0.10706800820492915,0.47298071371569184,1.0,0.08235294117647059,0.14419288596539379,0.047419958939032454,0.020949291265830835,0.6666666666666666,4618.00350802913
Romania,Mortalidad_Media,0.26,0.0832766043304691,0.8140206825918319,0.16046715021902547,0.44142420820247275,1.0,0.08140417457305503,0.15493794897741148,0.07645918149878515,0.013940596838056834,0.6666666666666666,3494.99056448955
Romania,Mortalidad_Media,0.28,0.08501338835311598,0.8104264410553115,0.1504549562970241,0.442524084139326,1.0,0.08979127134724857,0.146855290848542,0.06657702817093468,0.015531289423325349,0.6666666666666666,2679.40626016154
Romania,Mortalidad_Media,0.29,0.08101096299038874,0.8061342885408254,0.14321662967041915,0.44702491866957195,1.0,0.0935483870967742,0.13515104891867863,0.06119546572369487,0.016598028696660223,0.6666666666666666,2119.85509684554
Romania,Mortalidad_Media,0.33,0.0768988358378315,0.8082978125725171,0.1660873634812449,0.44228252398220846,1.0,0.10895635673624288,0.11277377690293557,0.062346123517214046,0.014267023219249353,0.6666666666666666,1825.19299373184
Romania,Mortalidad_Media,0.3,0.07451394040350214,0.8083327081214151,0.13703411913704017,0.4872597423327102,1.0,0.1030360531309298,0.12022635798607914,0.056607780054594714,0.018839315368457087,0.6666666666666666,1659.92904910528
Romania,Mortalidad_Media,0.1,0.09489275667254751,0.7839058238926333,0.22953275049944266,0.3856554032304234,1.0,0.04212523719165085,0.45872718064031826,0.284180485245581,0.01292657190028544,0.6666666666666666,1650.04922365201
Rwanda,Mortalidad_Media,0.547,0.01685856536780894,0.7563201945775806,0.3146309273206515,0.45633261254251123,0.0,0.3196888045540797,0.015225440603343883,0.07118617210259495,0.013129959681773532,0.0,975.469323979541
Rwanda,Mortalidad_Alta,0.5910000000000001,0.016511293690731305,0.7466199298948422,0.30430042151481074,0.4697735819890583,0.0,0.3487685009487666,0.01380919463029014,0.06372531906258666,0.013852679163754099,0.0,829.544845639777
Rwanda,Mortalidad_Media,0.5760000000000001,0.01616898771258323,0.7480935689248158,0.337017976525642,0.45758631394456895,0.0,0.34428842504743834,0.013882883989080665,0.07240724538999792,0.012388166176915164,0.0,778.701498787411
Rwanda,Mortalidad_Alta,0.679,0.01613587650011086,0.7443450890621646,0.29784521199452346,0.48632117910154615,0.0,0.409719165085389,0.011753476377022806,0.054291013882538104,0.014618544492532104,0.0,810.051412137354
Rwanda,Mortalidad_Alta,0.612,0.016056022915451502,0.7395235710708918,0.31128666865252097,0.4930590970929083,0.0,0.3739354838709678,0.012977435780412716,0.06294996978839872,0.01406123572409153,0.0,771.773511057901
Rwanda,Mortalidad_Alta,0.459,0.015891715573102747,0.7364618356105586,0.3330886410392157,0.47238640024264866,0.0,0.28393548387096773,0.01713101939585544,0.08980563176544165,0.013127447255611989,0.0,758.300966737624
Rwanda,Mortalidad_Alta,0.49,0.01568682257812252,0.730638815365906,0.3179939467077724,0.4884839656867478,1.0,0.3077609108159393,0.01584603720555823,0.08031553097852441,0.01417046304587913,0.0,729.519134044611
Rwanda,Mortalidad_Alta,0.53,0.015799418515998472,0.7261463624007438,0.3031653139743901,0.4936695639075054,0.0,0.3389184060721062,0.014752323098977864,0.07079496016355545,0.015356364926646477,0.0,733.998630392314
Rwanda,Mortalidad_Alta,0.469,0.015891746864436285,0.7214106874597608,0.3121168277236635,0.48772116513545394,0.0,0.3079203036053131,0.016765784558254584,0.08236250544167202,0.01530582420693836,0.0,724.957526109262
Rwanda,Mortalidad_Alta,0.5,0.016018327910158635,0.7151584519636596,0.3150528765005968,0.4943288700794234,1.0,0.33870967741935487,0.015848109181456294,0.07798200442629863,0.01571866737484941,0.0,704.92421796616
Rwanda,Mortalidad_Alta,0.4,0.01598488736404241,0.7085485370913511,0.3130927167489863,0.4834763568004655,0.0,0.2823529411764706,0.019769913553788144,0.09687166339824704,0.016641814184326312,0.0,706.8172686891
Rwanda,Mortalidad_Alta,0.33,0.01581218039089159,0.6983475212819228,0.3013453297678382,0.4726276898425056,0.0,0.24421252371916508,0.023711731310645093,0.11301915787944422,0.018421049298705087,0.0,651.133677964662
Rwanda,Mortalidad_Alta,0.3,0.015747803572842757,0.688733099649474,0.30738576610611623,0.49522345351671393,1.0,0.24022770398481974,0.02597965956492887,0.12681036114663594,0.019742046727764057,0.0,593.624927744346
Rwanda,Mortalidad_Alta,0.28,0.01579723521644825,0.6745546891766221,0.3205860400427317,0.49101651624382314,0.0,0.2412144212523719,0.027920288560061093,0.14169669187479636,0.02046971158551813,0.0,564.039095842449
Rwanda,Mortalidad_Alta,0.25,0.015652755346710342,0.6577866800200298,0.3132835799649671,0.48873051310743576,0.0,0.2314990512333966,0.030992670183709166,0.15508904801204165,0.022844958282667,0.0,528.326391755502
Rwanda,Mortalidad_Alta,0.21,0.015681440381769145,0.6415194219901279,0.3295836269671511,0.4760279588947267,0.0,0.2111954459203036,0.036961755750414264,0.1942259808152165,0.023692282535913364,0.0,426.234183487629
Rwanda,Mortalidad_Alta,0.1,0.01583349035878702,0.6248944845840188,0.37966974358663463,0.4419238522780733,0.0,0.10986717267552182,0.07835124145914889,0.4697966143464429,0.02230101674394666,0.0,356.995022901154
Rwanda,Mortalidad_Alta,0.1,0.015890697433013013,0.6052364260676728,0.4271220349016992,0.4115174983959579,1.0,0.12125237191650853,0.07862648047414507,0.5284624398019557,0.021817394268218195,0.0,324.016863847189
Rwanda,Mortalidad_Alta,0.1,0.017511753973015253,0.5845196365977536,0.428636218251545,0.4105910621999241,0.0,0.1349146110056926,0.08642583066570897,0.5303344424734369,0.02454909979165316,0.0,269.540446333402
Rwanda,Mortalidad_Alta,0.1,0.01794933200403812,0.5560340510766149,0.41775373383159325,0.42456342858992974,0.0,0.150853889943074,0.08853113928133417,0.516880299084147,0.02865013706759334,0.0,249.012274982252
Rwanda,Mortalidad_Alta,0.1,0.018475335594483527,0.523599685242149,0.3818032070583405,0.43271401085284067,0.0,0.16755218216318785,0.09106188765603185,0.4724342403109255,0.03552575801756868,0.0,234.043016755733
Rwanda,Mortalidad_Alta,0.1,0.018400825743912476,0.49824737105658484,0.40204349048055005,0.421680134067623,0.0,0.1859582542694497,0.09070340021097092,0.4974575405881135,0.03762341439530063,0.0,237.308846200901
Rwanda,Mortalidad_Alta,0.1,0.0183800896535102,0.4740396308748837,0.39433605835134167,0.4319767295211212,1.0,0.2047438330170778,0.09060363315987777,0.4879287516619862,0.04263770126169173,0.0,251.86926386091
Rwanda,Mortalidad_Alta,0.264,0.04814449315515174,0.3841905715716431,0.5565234611033658,0.3828984478779921,0.0,0.6296925996204934,0.08856378374442779,0.2607738423707987,0.034628649372581186,0.3333333333333333,227.971147849318
Saudi Arabia,Mortalidad_Baja,0.507,0.3489865305911562,0.8962729808999212,0.027700764473899752,0.38493138627455104,0.0,0.04906451612903226,0.33160600003295854,0.006834956372431955,0.02727178282122066,1.0,38510.2276211037
Saudi Arabia,Mortalidad_Baja,0.532,0.34602913106679095,0.8931110952142498,0.030653776506655205,0.44873030163692795,0.0,0.05350284629981024,0.31334841263909713,0.007200013588500382,0.025442419773668772,1.0,31920.7653655643
Saudi Arabia,Mortalidad_Baja,0.49600000000000005,0.3323391257377057,0.9003648329637313,0.03707575871245144,0.5489085757790311,0.0,0.05176470588235294,0.3228119280516905,0.009323315396946055,0.021405741042867705,1.0,24338.8307301067
Saudi Arabia,Mortalidad_Baja,0.498,0.35541971470422745,0.9106230774733528,0.03072614931500601,0.48592809426488615,0.0,0.054808349146110054,0.34381410513359456,0.007709547719754526,0.028080857802301414,1.0,29566.7933827436
Saudi Arabia,Mortalidad_Baja,0.499,0.3546048761996797,0.916875312969454,0.0302213803270299,0.4512446046673475,0.0,0.057759013282732447,0.3423394450384995,0.007569037236880988,0.030249463362477573,1.0,29360.0658968566
Saudi Arabia,Mortalidad_Baja,0.459,0.3572219759298811,0.9164604048930538,0.03555312847385788,0.512946983789398,0.0,0.056612903225806456,0.3749162133956146,0.009664749174191068,0.02713716847445637,1.0,23929.2907135982
Saudi Arabia,Mortalidad_Baja,0.49,0.3486147091437303,0.9112096716503326,0.03660058192782282,0.5370889928343751,0.0,0.06415559772296016,0.34274560910499696,0.009317587290878403,0.028093852514343612,1.0,22267.7217050387
Saudi Arabia,Mortalidad_Baja,0.46,0.36092817240843467,0.9029401244724229,0.034523130808692334,0.5153590302342345,0.0,0.06459203036053132,0.3779775985042278,0.009366913150134526,0.03237598207858664,1.0,23256.1549553531
Saudi Arabia,Mortalidad_Baja,0.43700000000000006,0.3689520736333519,0.8934973889405535,0.028518475904246072,0.39122296265443623,0.0,0.06550853889943074,0.4067052987073342,0.00816113845767948,0.04271497242544272,1.0,27805.4850319422
Saudi Arabia,Mortalidad_Baja,0.44,0.34302629153540704,0.8849273910866298,0.026853361498961267,0.36146275857295557,0.0,0.07096774193548387,0.37558319679641905,0.007637630579740746,0.04924293261806927,1.0,27865.465604962
Saudi Arabia,Mortalidad_Baja,0.47000000000000003,0.3644323448690038,0.8788182273410114,0.02576829891912092,0.3282159345059459,0.0,0.08115749525616699,0.373522658185752,0.006864701900160742,0.055290923366818,1.0,28733.4375513452
Saudi Arabia,Mortalidad_Baja,0.43,0.3698601244144433,0.8747836039773946,0.026917340891666714,0.3151802674534994,0.0,0.079146110056926,0.4143421018953079,0.007833644889768692,0.05652024772796431,1.0,27126.7498747702
Saudi Arabia,Mortalidad_Baja,0.35000000000000003,0.369204893656821,0.8720366263681236,0.032817814484582035,0.3667127051523276,0.0,0.06907020872865276,0.5081481549216553,0.011708427964767202,0.0494197658194915,1.0,22028.3901426586
Saudi Arabia,Mortalidad_Baja,0.34,0.33021203825853207,0.8696187137849631,0.035492094581653734,0.402223699410054,0.0,0.07225806451612904,0.46791563485440335,0.013025218173905562,0.049236459877110506,1.0,17718.3911648365
Saudi Arabia,Mortalidad_Baja,0.33,0.32348307353923555,0.8675298662279132,0.028686625746399765,0.27438280222111366,0.0,0.07514231499051233,0.4722843190962024,0.010870321420049865,0.06619216478056446,1.0,22320.4888964331
Saudi Arabia,Mortalidad_Media,0.34,0.31034427591260333,0.8641676800915659,0.034382617694677285,0.3119568444478917,0.0,0.08258064516129034,0.4398011391835645,0.012621788963624562,0.058661150226589145,1.0,18596.1502627898
Saudi Arabia,Mortalidad_Media,0.34,0.3060975928339024,0.8598182988768868,0.0366251204650435,0.31144592078234656,0.0,0.08838709677419355,0.4337917380767494,0.013437210296255721,0.058993387353099204,1.0,17563.6145370639
Saudi Arabia,Mortalidad_Media,0.45,0.298747909890703,0.854639101509407,0.03998442030582334,0.3170737418214561,0.0,0.12466793168880455,0.3198956794154702,0.011075479307108355,0.057553684510589315,1.0,15975.7473782258
Saudi Arabia,Mortalidad_Media,0.5,0.2954284366579972,0.8493025252163959,0.048627618308951105,0.36566057479603925,0.0,0.14705882352941177,0.2847119311903213,0.012105068831203452,0.04989874063048283,1.0,13154.4978989446
Saudi Arabia,Mortalidad_Media,0.5,0.30732161123769525,0.8440088704485298,0.056265601583650716,0.38901598192470815,0.0,0.15654648956356737,0.2961561999307987,0.013993654529417773,0.045687835001769005,1.0,11487.220410693
Saudi Arabia,Mortalidad_Media,0.7000000000000001,0.31637962867234015,0.8388439802560985,0.06342431624739246,0.41588205307904336,0.0,0.23377609108159392,0.2177659457482,0.011259810817375775,0.04308610957620584,1.0,10586.0543471363
Saudi Arabia,Mortalidad_Media,0.7000000000000001,0.2941774763685564,0.8339080048644394,0.06465593620257537,0.41736060409503645,0.0,0.24838709677419354,0.202505848702091,0.011477334563906639,0.045051253284849296,1.0,10805.311325122
Saudi Arabia,Mortalidad_Media,0.7000000000000001,0.301947114457615,0.8289863366478287,0.06169550433770032,0.38589398175538075,0.0,0.26432637571157497,0.2078461161513857,0.010954475034157191,0.050610158960013585,1.0,11714.5623675159
Saudi Arabia,Mortalidad_Media,0.616,0.2926981484897264,0.805193504542528,0.07369008701523848,0.43131624094882537,0.0,0.32494876660341554,0.22896485168971192,0.014855579346532373,0.05980795246162887,1.0,10786.4008952769
Senegal,Mortalidad_Media,0.478,0.014212095297071159,0.7600400600901351,0.20637929526792398,0.4942787269844944,0.0,0.28480455407969635,0.014759469151932561,0.05346351389587584,0.022223056175898953,0.0,1574.0281059306
Senegal,Mortalidad_Media,0.436,0.01320073644552009,0.7468774590457112,0.19648187243320492,0.5025735618223292,1.0,0.2705351043643265,0.015065214706964985,0.05580717803856974,0.024616609627294804,0.0,1598.10676952274
Senegal,Mortalidad_Media,0.406,0.012571179974860356,0.7558623649760352,0.2040437832843915,0.5025837290380305,0.0,0.2611650853889943,0.015432356225446052,0.06223354076551078,0.024570231260844504,0.0,1461.08720350553
Senegal,Mortalidad_Media,0.40299999999999997,0.013404288937882855,0.7583231990843409,0.1881925474080688,0.507486770117291,0.0,0.2668823529411764,0.016541856901794202,0.0578340214133658,0.027805113765096097,0.0,1431.18128932159
Senegal,Mortalidad_Media,0.42600000000000005,0.012282176692949374,0.7541884254953859,0.18934733871211115,0.521374932713991,1.0,0.28858064516129034,0.014381429991278803,0.055046663933618456,0.028324443859213955,0.0,1452.55612562445
Senegal,Mortalidad_Media,0.42100000000000004,0.012451064001216768,0.749610129479934,0.1892779133928554,0.5213525854304225,0.0,0.2907855787476281,0.014745238762812616,0.055680037296690965,0.028956379224020272,0.0,1356.80518449031
Senegal,Mortalidad_Alta,0.43,0.012869778193970192,0.744817225838758,0.18208936091486758,0.5190410261950142,0.0,0.30108159392789374,0.014905117366850141,0.052447829093975246,0.030688161504614446,0.0,1266.43957151587
Senegal,Mortalidad_Alta,0.41000000000000003,0.01332150052572665,0.7409113670505756,0.1804258622081825,0.5129836803225146,0.0,0.2901897533206831,0.016162284250169634,0.054504649293185756,0.03137282535966126,0.0,1218.00613555438
Senegal,Mortalidad_Alta,0.295,0.012767863107937571,0.7344731382788467,0.16886102465301056,0.5377459707631729,0.0,0.2121537001897533,0.02155988579142369,0.07090553136002083,0.034338902119122904,0.0,1398.89137601382
Senegal,Mortalidad_Alta,0.29,0.012128329232212364,0.7292796337363188,0.17336787850196905,0.5273094562092313,0.0,0.2118595825426945,0.02087058247915515,0.07404937720489464,0.03394268072663842,0.0,1379.83196553924
Senegal,Mortalidad_Alta,0.29,0.013583384054053809,0.7234279991415693,0.17808603887028743,0.5391991521925509,0.0,0.21626185958254265,0.023284606662941243,0.07606079689988948,0.033711197875838775,0.0,1326.83798848379
Senegal,Mortalidad_Alta,0.3,0.014282879936277349,0.7172759138708062,0.16352410573345993,0.5395151962885754,1.0,0.22941176470588234,0.023630275657267205,0.06752440730915732,0.03802615790014528,0.0,1374.67591873844
Senegal,Mortalidad_Alta,0.34,0.014092864702786062,0.7090063666928965,0.20146814094824136,0.5242742808825896,0.0,0.267741935483871,0.02058135625491129,0.07337761135779075,0.03125439761958531,0.0,1275.88357492357
Senegal,Mortalidad_Alta,0.36,0.013690940790371966,0.7022819944202017,0.20352432310582944,0.5236344946642888,0.0,0.2937381404174573,0.018900790125302828,0.07000721132890188,0.03214227176246409,0.0,1308.69404336205
Senegal,Mortalidad_Alta,0.33,0.011579276256106302,0.6944130481436439,0.18553936226540457,0.5371067436984556,0.0,0.281157495256167,0.017540316321859244,0.069633618885252,0.03728962665264439,0.0,1398.79218010021
Senegal,Mortalidad_Alta,0.32,0.011324442548028094,0.6865727162171829,0.1546506238467518,0.5333267310236163,0.0,0.2866034155597723,0.017705302686016205,0.059875884994270406,0.04787364128802404,0.0,1188.93877808175
Senegal,Mortalidad_Alta,0.3,0.010760397128931374,0.6743830030760425,0.16919496185636004,0.5184383763219513,0.0,0.2851992409867173,0.017981063496286396,0.06986138933376587,0.04635751212140696,0.0,1017.20196747987
Senegal,Mortalidad_Alta,0.32,0.010985295694026773,0.662636812361399,0.1917883116333859,0.4930218131809896,1.0,0.32485768500948764,0.017195387351585645,0.07422393495885356,0.04349122486663359,0.0,979.846101520171
Senegal,Mortalidad_Alta,0.31,0.011012283178323012,0.6530223907289505,0.179403578090045,0.5042280375040629,0.0,0.3382352941176471,0.017791962502152717,0.07167909684902933,0.05045522990724369,0.0,918.102079522155
Senegal,Mortalidad_Alta,0.29,0.010492377940320489,0.6410902067386792,0.19572045081167558,0.5056006002191726,0.0,0.3400759013282732,0.018156440082014995,0.08357860060294638,0.04966661611306815,0.0,817.888034221442
Senegal,Mortalidad_Alta,0.35000000000000003,0.011145430433067175,0.6330495743615423,0.16901308234362789,0.5018879069296888,0.0,0.4396584440227704,0.01594162626533449,0.05981694520631216,0.062386463217181776,0.0,669.430447319209
Senegal,Mortalidad_Alta,0.34,0.01132665925156949,0.6222619643751341,0.20535557231052556,0.487939269378446,1.0,0.45419354838709686,0.01666695110808227,0.0747911634406844,0.05421109716262243,0.0,637.213530563724
Senegal,Mortalidad_Alta,0.33,0.010713061039157635,0.6144931683239143,0.20771980213164443,0.5029873269310056,0.0,0.4621252371916509,0.016277407122130213,0.07794329721598968,0.05630358772950156,0.0,603.233162455158
Senegal,Mortalidad_Alta,0.26,0.009330700872247268,0.6105014664854422,0.24607791565044743,0.483463855089166,0.0,0.37297912713472486,0.018101741310828874,0.1171674874521812,0.048252259700641974,0.0,714.994396357297
Serbia,Mortalidad_Baja,0.379,0.11284113996632242,0.8666082747815107,0.06723112421094644,0.5453390731715814,1.0,0.03236242884250474,0.14382105641944418,0.022038278930886234,0.007890217213119178,0.6666666666666666,10022.9688543402
Serbia,Mortalidad_Media,0.45,0.10886625300710782,0.8314684570409614,0.06492181809028502,0.5451567730410642,1.0,0.03927893738140417,0.11687945026085944,0.017926678855557536,0.008543848476083905,0.6666666666666666,9680.52798074468
Serbia,Mortalidad_Media,0.44,0.1059089342568085,0.8557557590741511,0.06362933926341663,0.5473397152298812,1.0,0.039240986717267556,0.11630205678933579,0.017970942746808872,0.009045958129498167,0.6666666666666666,8098.70955668849
Serbia,Mortalidad_Baja,0.37200000000000005,0.1017363335391234,0.8766232973153114,0.05997200694478654,0.5327063189321711,1.0,0.03388235294117647,0.1321649238668795,0.020040469127990446,0.01007354488934354,0.6666666666666666,7755.632986437
Serbia,Mortalidad_Baja,0.365,0.10167552782378754,0.8759602818862435,0.06553968756015102,0.5245369835188225,1.0,0.03462998102466793,0.13461944211361934,0.02231066688695096,0.009453148402131894,0.6666666666666666,7559.86165747394
Serbia,Mortalidad_Baja,0.38200000000000006,0.10281454448789634,0.8709353228448944,0.06368057384256517,0.5180064468821902,1.0,0.03696774193548387,0.13006311180364544,0.020716096858197898,0.010086130978409331,0.6666666666666666,6548.03653824187
Serbia,Mortalidad_Baja,0.41000000000000003,0.10007585983526414,0.8730639513276885,0.07189222386025418,0.5103605980761872,1.0,0.040455407969639465,0.11796695603523519,0.021777475469756415,0.00879653307267418,0.6666666666666666,5982.37030126471
Serbia,Mortalidad_Baja,0.42,0.09611531898629984,0.867341081308374,0.07061795936249224,0.5197981639391962,1.0,0.04303605313092979,0.11062125361488291,0.020883871726451703,0.009487524215509245,0.6666666666666666,5820.3215576888
Serbia,Mortalidad_Baja,0.34,0.08595938801222165,0.8680389922863394,0.0770903149836192,0.5202486728229058,1.0,0.036774193548387096,0.12227831755742068,0.028151208992510394,0.009069424838141093,0.6666666666666666,6886.67809068704
Serbia,Mortalidad_Baja,0.33,0.09618751229111225,0.8658754682546461,0.07939713503153084,0.504556140560166,1.0,0.036944971537001894,0.14089594154148244,0.02986850282170489,0.009132990770765159,0.6666666666666666,7040.41812068781
Serbia,Mortalidad_Media,0.35000000000000003,0.09350184284235238,0.8608854047621959,0.0761571516449288,0.5178648715665995,1.0,0.0405123339658444,0.12915288871765837,0.02701726564900684,0.010099131619398512,0.6666666666666666,6263.04086072815
Serbia,Mortalidad_Media,0.35000000000000003,0.1035974912117321,0.85659325224771,0.08000906634647897,0.5186334521677728,0.0,0.04250474383301708,0.1430308742167373,0.028377884910935038,0.010084066504377157,0.6666666666666666,7082.2861666075
Serbia,Mortalidad_Media,0.34,0.09913735515476063,0.8537318172380526,0.07707935628142216,0.5267156818730777,1.0,0.04258064516129032,0.1409262102455114,0.028147224177121316,0.011024849842106485,0.6666666666666666,5970.92660940072
Serbia,Mortalidad_Media,0.34,0.09577999542223914,0.8487068581967021,0.07549848939032594,0.5392131743449172,1.0,0.043225806451612905,0.13617527382791497,0.02757238761322282,0.011545142210214208,0.6666666666666666,6414.0448463847
Serbia,Mortalidad_Media,0.38280000000000003,0.1059353932449322,0.8472761406918734,0.08015800964079844,0.49489886857879983,1.0,0.05011992409867173,0.13371378039806744,0.02599444554168169,0.011103153175315872,0.6666666666666666,7376.73517910716
Serbia,Mortalidad_Media,0.3658,0.10357652511574365,0.8436470036064552,0.06933863559045882,0.49235759992335504,1.0,0.04928235294117647,0.13682536525072828,0.023545822371774182,0.013822681021023157,0.6666666666666666,6081.08765700202
Serbia,Mortalidad_Media,0.3714,0.10599492193185052,0.8401225531677301,0.07841733932469802,0.47188534026099704,1.0,0.052151043643263756,0.13789519663378866,0.026212904244430273,0.01248851133650185,0.6666666666666666,4492.7136699046
Serbia,Mortalidad_Media,0.49260000000000004,0.09944142587249752,0.8322361591167236,0.0776314888695965,0.47456178855678477,1.0,0.07290853889943075,0.09756639929707629,0.01956621400936646,0.013509832718177904,0.6666666666666666,3807.97417321786
Serbia,Mortalidad_Media,0.5272000000000001,0.11179799455743207,0.8300726350850318,0.0961967586573781,0.44406758775330224,1.0,0.08403187855787478,0.10243986030158614,0.022635741928071437,0.011320797582369606,0.6666666666666666,3597.08798057009
Serbia,Mortalidad_Media,0.1,0.1021599150784575,0.8265481846463081,0.0886279952209352,0.4684126101849314,1.0,0.01726755218216319,0.4936914844178909,0.1099782802532926,0.013887220517476961,0.6666666666666666,3153.9011312754
Serbia,Mortalidad_Media,0.1,0.09691141389320931,0.8243846606146148,0.10737218367054112,0.4278384133885682,1.0,0.01878557874762808,0.46843949738693147,0.13315194073237507,0.012143755408082203,0.6666666666666666,2390.73459447107
Serbia,Mortalidad_Media,0.24880000000000002,0.09074847413877228,0.8236518540877515,0.16138178121008068,0.40407510632408694,0.0,0.049099051233396585,0.1763616937888079,0.08035556307904433,0.007504558089242757,0.6666666666666666,1812.42088281393
Serbia,Mortalidad_Media,0.29660000000000003,0.0831527235534114,0.8143347425319165,0.18529068988353598,0.405319020483324,0.0,0.061346110056926,0.13561788359731367,0.07737137752292729,0.006565225580325972,0.6666666666666666,974.725469278615
Serbia,Mortalidad_Media,0.3318,0.08225771940834238,0.8291112627128849,0.17888256683392253,0.4271471852120644,0.0,0.10640265654648956,0.11993264946225164,0.06677548761080357,0.012543822179098418,0.6666666666666666,2349.40645150289
Seychelles,Mortalidad_Media,0.652,0.30006143694063797,0.8446589745245052,0.030495246419776606,0.7079971985963707,0.0,0.16454648956356738,0.2217561807286376,0.00584479749712017,0.06920134087791001,1.0,16836.6721895387
Seychelles,Mortalidad_Media,0.644,0.11499759987376074,0.8402970309122211,0.03060992118984236,0.7450926270640061,0.0,0.16497153700189754,0.08625110672609296,0.005939418237145727,0.07001884163445109,0.6666666666666666,14982.9111487767
Seychelles,Mortalidad_Baja,0.533,0.1040333798965233,0.8952226248780841,0.024491983981458108,0.7167544283000541,0.0,0.1375483870967742,0.09431618019952523,0.005757256242570979,0.0887683293290718,0.6666666666666666,14041.4754074575
Seychelles,Mortalidad_Media,0.392,0.2526669541892656,0.8495792469191588,0.026622037071066973,0.7354014128057681,0.0,0.10116129032258064,0.31066897137698907,0.008499894245387114,0.08149155417491381,1.0,19141.5118743615
Seychelles,Mortalidad_Media,0.38799999999999996,0.16025674110567756,0.832340845763418,0.02597399469151585,0.7240526956049815,1.0,0.09939278937381403,0.1992812733950581,0.008381031709198983,0.08294184038981346,1.0,18440.2340460932
Seychelles,Mortalidad_Media,0.443,0.24906550900680183,0.8532083840045781,0.0266505553979828,0.71637259747198,0.0,0.11264136622390891,0.27099205903971674,0.007529309928816471,0.08015627629456075,1.0,17480.3651911372
Seychelles,Mortalidad_Media,0.55,0.21325588666020429,0.8533479662001717,0.023905611011235322,0.7073417226870162,0.0,0.13880455407969639,0.18694633639084512,0.005447497450586503,0.08891595200498921,1.0,16566.9946042294
Seychelles,Mortalidad_Media,0.54,0.18520440189011927,0.8531385929067816,0.025654136741316596,0.6932504629313149,0.0,0.1352561669829222,0.16541507754816168,0.005948696090481066,0.0820634064984043,1.0,15333.1051727105
Seychelles,Mortalidad_Media,0.485,0.09199525163224585,0.8378892380382417,0.029168350511821647,0.6657727249541473,0.0,0.12055977229601518,0.09170855352541799,0.007519097458829968,0.0713235080583973,0.6666666666666666,15188.1902175113
Seychelles,Mortalidad_Media,0.48,0.09617490923851423,0.8363189383378209,0.03400285935572469,0.6598879943928759,1.0,0.11749525616698293,0.0968533271508791,0.008842621412210264,0.059835997601044785,0.6666666666666666,14821.2921476077
Seychelles,Mortalidad_Media,0.48,0.1786073938758453,0.8528594285155962,0.024980584461934345,0.6185636256793565,0.0,0.116584440227704,0.17947945695446585,0.006518799643624056,0.08167954460991766,1.0,12337.1554669388
Seychelles,Mortalidad_Media,0.48,0.10928372481501708,0.8306658594163017,0.027430827967963135,0.6071782540552145,0.0,0.11567362428842502,0.10999293712576624,0.007149896486125014,0.0735731900354582,0.6666666666666666,12110.0937461973
Seychelles,Mortalidad_Media,0.48,0.11515501209509199,0.8374355959025652,0.027962327380658788,0.6284470921631796,0.0,0.1147628083491461,0.11587801686164892,0.007286792104996365,0.07153500315919012,0.6666666666666666,10934.79494629
Seychelles,Mortalidad_Media,0.45,0.09725723913948851,0.8357955051043464,0.0280361047845391,0.636958458348682,0.0,0.10673624288425047,0.10446741289880675,0.0077928475501109545,0.07074795051968132,0.6666666666666666,9747.09180546291
Seychelles,Mortalidad_Media,0.3178,0.13039752871875906,0.8369470582179885,0.03176992013103815,0.6223827471961161,0.0,0.07477647058823529,0.19809642326833832,0.012487090551160061,0.0616107354681259,1.0,11265.4376270005
Seychelles,Mortalidad_Media,0.5479999999999999,0.11143166667965072,0.8366678938268031,0.03292893240341572,0.6295879871925673,0.0,0.12790132827324477,0.09823000712341966,0.007503079245565441,0.058843311984823295,0.6666666666666666,12669.3026687222
Seychelles,Mortalidad_Media,0.465,0.13284976071815896,0.8234075852454639,0.03488246213801857,0.6092728455722143,1.0,0.1076470588235294,0.13792447263611954,0.009361730330377427,0.05491824942875948,1.0,12782.9938926475
Seychelles,Mortalidad_Media,0.5238,0.12725081113873937,0.8221862410340253,0.038119079115305786,0.5778487292479473,0.0,0.12026527514231497,0.11729872218966522,0.009074744873034786,0.04958010028568703,1.0,11802.1118276833
Seychelles,Mortalidad_Media,0.49100000000000005,0.14359939808229683,0.8297585751449472,0.040512193173397916,0.577473554565292,0.0,0.11180265654648958,0.1411544334959421,0.01028353333626053,0.04606998457999149,1.0,10827.671636033
Seychelles,Mortalidad_Media,0.37579999999999997,0.07959080147025581,0.8064134529320108,0.03082234766590243,0.3304278552298604,0.0,0.08557115749525616,0.10247611842235835,0.010248131664768944,0.0614276340726425,0.6666666666666666,9070.28460757013
Seychelles,Mortalidad_Media,0.4144,0.07788878454394425,0.8072509461055697,0.03376066963680962,0.344868646575112,0.0,0.0935741935483871,0.09095472492464872,0.010170164281534664,0.05535536668167362,0.6666666666666666,8864.16919495467
Seychelles,Mortalidad_Media,0.3128,0.10618197882910681,0.8382381935272252,0.033054747847079416,0.38771142165041533,0.0,0.07003870967741935,0.164016222068828,0.013194508112978945,0.05609238399863473,0.6666666666666666,8153.2986369879
Seychelles,Mortalidad_Media,0.3744,0.10487560750917159,0.8314335614920636,0.033094723472297735,0.369492876449696,0.0,0.0838314990512334,0.1353518776285176,0.01103681723095235,0.056021346181207875,0.6666666666666666,8063.65500575169
Seychelles,Mortalidad_Media,0.452,0.11249849724373379,0.8272112000753744,0.04897370842434425,0.5189609202865585,0.0,0.10292220113851994,0.12022859627685553,0.013485225538328564,0.03759652302715941,0.6666666666666666,7180.66832748656
Sierra Leone,Mortalidad_Alta,0.324,0.01404555496701522,0.6668574290006437,0.42763070881088106,0.40658670446581724,0.0,0.35658444022770397,0.021527466381866273,0.16329978991798702,0.019470967564072458,0.0,860.774590932595
Sierra Leone,Mortalidad_Alta,0.305,0.013060278164438877,0.6523356463266328,0.42651844564009506,0.42159308218887254,0.0,0.34724857685009486,0.021314279536352305,0.1730217099357055,0.020317632864398194,0.0,886.192939104469
Sierra Leone,Mortalidad_Alta,0.218,0.013165806592736633,0.6442377852493024,0.44488503510673916,0.42086074926508815,0.0,0.25605692599620494,0.03005333897478381,0.25248763565250465,0.020060340708578806,0.0,845.982914284565
Sierra Leone,Mortalidad_Alta,0.262,0.01285080430304022,0.6427927605694255,0.437217415094086,0.4289320751378072,0.0,0.31867552182163184,0.02442775421913604,0.20646697594806818,0.021314626686294243,0.0,844.049555179116
Sierra Leone,Mortalidad_Alta,0.22,0.013347141528790973,0.6351527290936403,0.442430480708727,0.4272985709525817,1.0,0.27677419354838706,0.030176696074842562,0.24881293239637775,0.021859720301942703,0.0,845.914540460932
Sierra Leone,Mortalidad_Alta,0.189,0.016125319929208508,0.6165820158809643,0.421508441800537,0.43688248736772584,0.0,0.24674003795066413,0.04219857884935655,0.2759377188756148,0.02410352483070079,0.0,779.186007841728
Sierra Leone,Mortalidad_Alta,0.31,0.012988904653149233,0.6047929036411759,0.4119615692798421,0.4373056038312322,0.0,0.4194117647058824,0.020859727398152693,0.16442560579806623,0.025757024114784918,0.0,844.416411175476
Sierra Leone,Mortalidad_Alta,0.3,0.012981753689315721,0.5835753630445668,0.43379076520026594,0.448361354432833,0.0,0.43776091081593926,0.021543583224878846,0.17890235648236247,0.026463398120616103,0.0,964.575980888989
Sierra Leone,Mortalidad_Alta,0.24600000000000002,0.018956081897956462,0.5667930467129265,0.40344060188873926,0.4026336455459205,0.0,0.36269829222011385,0.037957272657978214,0.20292065278137722,0.02903371263418715,0.0,1117.7586465721
Sierra Leone,Mortalidad_Alta,0.25,0.019085988309704264,0.5635023964518204,0.38089890945995214,0.40018922717432875,0.0,0.3795066413662239,0.037599962528385336,0.18852649862476242,0.031959473140075946,0.0,1117.47183075115
Sierra Leone,Mortalidad_Alta,0.24,0.009299619851225205,0.5507403963087487,0.3876552482679496,0.4279667692745762,0.0,0.37981024667931684,0.019547911684226055,0.19986216151537597,0.032817949188788824,0.0,937.504428180231
Sierra Leone,Mortalidad_Alta,0.22,0.012028001772553623,0.5426568424064668,0.3993941786554521,0.4617883385611068,1.0,0.36318785578747625,0.02729181186601576,0.22462825692800495,0.03327053800072349,0.0,761.146365577281
Sierra Leone,Mortalidad_Alta,0.19,0.016084855301481633,0.5331139566492595,0.3862065378777947,0.45369623429332007,0.0,0.32736242884250477,0.041874014494154475,0.2515148052394659,0.0361702321408624,0.0,685.039673490948
Sierra Leone,Mortalidad_Alta,0.21,0.01467322226304384,0.5243150439945632,0.3853124541060113,0.4668147848834049,0.0,0.37736242884250476,0.034651843611434904,0.2270346493713522,0.037961073867694074,0.0,652.845806767943
Sierra Leone,Mortalidad_Alta,0.22,0.015817146971334677,0.5154589026396736,0.36665179635420075,0.4515098085541758,0.0,0.4111954459203036,0.03557845859713628,0.20622835144735036,0.04179922063427214,0.0,705.359014080005
Sierra Leone,Mortalidad_Alta,0.24,0.01319290485131435,0.5058874025323699,0.3590705173580791,0.4372052334718495,0.0,0.466337760910816,0.027352773400939154,0.185137312024644,0.04457400760746731,0.0,631.889926264998
Sierra Leone,Mortalidad_Alta,0.23,0.0162306159252696,0.49906288003433713,0.3482105135709096,0.43492895257890263,0.0,0.4626185958254269,0.03489648787340423,0.1873492167566859,0.04780134936622044,0.0,580.26796974773
Sierra Leone,Mortalidad_Alta,0.22,0.011003875313350018,0.4813076757994133,0.6337533482803299,0.34761110193956596,0.0,0.45628083491461097,0.025052105090423292,0.35632870956909574,0.025662717805378456,0.0,462.633324427945
Sierra Leone,Mortalidad_Alta,0.1,0.010424264912773883,0.46956148508476997,0.6211512037430164,0.34992354410816245,0.0,0.21328273244781784,0.05232596567295295,0.7683429816486091,0.027088222605045734,0.0,417.749983329227
Sierra Leone,Mortalidad_Alta,0.1,0.015990826710413127,0.4595321553759209,0.5932483419327417,0.36545045370314705,1.0,0.21897533206831118,0.07910823004894438,0.7338463456526315,0.029366068745906103,0.0,413.817607346927
Sierra Leone,Mortalidad_Alta,0.12119999999999999,0.016291406189818343,0.4508047785964661,0.5926327820570416,0.3858315526872594,0.0,0.27183757115749524,0.066464027096462,0.6048558760261397,0.030193446393318425,0.0,388.995111216836
Sierra Leone,Mortalidad_Alta,0.16399999999999998,0.015709329605993375,0.44041776951140993,0.5791825843114096,0.4063057982988483,0.0,0.3759240986717267,0.047410896235983484,0.43686383182423133,0.03172475169472646,0.0,358.315716051546
Sierra Leone,Mortalidad_Alta,0.1,0.015350720635885613,0.43163316403176194,0.6959086355986769,0.06889557335732925,0.0,0.23415559772296016,0.07602850314751225,0.8607664732694288,0.026479906046551302,0.0,143.743743239644
Sierra Leone,Mortalidad_Alta,0.1,0.016424291813619287,0.3993704842978753,0.5053203136005615,0.121806754844232,0.0,0.25180265654648953,0.08119375023426903,0.6251398908150029,0.040795788179882594,0.0,208.351997250955
Singapore,Mortalidad_Baja,0.9279999999999999,0.3072554600861022,0.9761802983220471,0.0,0.7429092442683735,0.0,0.03169639468690702,0.15953262157494724,4.3798289272127156e-05,0.9167053951962489,1.0,90299.0694637269
Singapore,Mortalidad_Baja,0.932,0.3010116741066395,0.979006837782807,5.788738985691987e-05,0.7265857018202633,0.0,0.03360151802656546,0.15562469436530535,5.128916146685467e-05,0.8224241186196145,1.0,80056.1288247844
Singapore,Mortalidad_Baja,0.924,0.27955053987986606,0.9854625143289848,8.656351125978646e-05,0.7486252215222252,0.0,0.033313092979127136,0.1457972634788319,5.557008774776929e-05,0.765411442928759,1.0,61410.0792630788
Singapore,Mortalidad_Baja,0.951,0.2811370010665124,0.9861953208558478,7.94115526114298e-05,0.7337949223057156,0.0,0.03609108159392789,0.14246052754444288,5.306262463259948e-05,0.8200483664853282,1.0,65952.0378959293
Singapore,Mortalidad_Baja,0.912,0.26863733985787674,0.9819380638902611,5.2392068495424836e-05,0.717334724407403,0.0,0.0363415559772296,0.14195836609327625,5.166897527256549e-05,0.9225009179201972,1.0,66881.6067035265
Singapore,Mortalidad_Baja,0.8790000000000001,0.2925456445427875,0.9790417333317045,6.057309978060312e-05,0.7290804496351767,0.0,0.03502656546489564,0.1603742602788198,5.475942657732266e-05,0.9030470092878883,1.0,61236.251270627
Singapore,Mortalidad_Baja,0.84,0.2756033983316831,0.9754823873440819,7.016232208591216e-05,0.7331562833840225,0.0,0.03506641366223909,0.15811618187080748,5.871316998237165e-05,0.923382295502476,1.0,57005.5887176547
Singapore,Mortalidad_Baja,0.86,0.27021200793435796,0.9740167742903554,8.398508001824536e-05,0.7240897635753456,0.0,0.03590132827324478,0.15142284433345626,5.933486813271828e-05,0.8923476983174672,1.0,55645.6068614606
Singapore,Mortalidad_Baja,0.919,0.2598714387414032,0.9704574283027325,0.00010837669534455622,0.7285868135331183,0.0,0.038364326375711584,0.13628782702676104,5.8806910407161245e-05,0.8423715348963747,1.0,57564.8023114977
Singapore,Mortalidad_Baja,0.92,0.24040213753826134,0.966898082315111,0.00010628049365901107,0.7333414212391369,0.0,0.03840607210626186,0.125957929518564,5.846129868060687e-05,0.846446346773708,1.0,56967.4257940383
Singapore,Mortalidad_Baja,0.93,0.2172443690273766,0.9633038407785892,9.232781462102733e-05,0.7156256358135077,0.0,0.0388235294117647,0.11262306871650846,5.5977858793792986e-05,0.8746027220616759,1.0,55547.5553077786
Singapore,Mortalidad_Baja,0.92,0.19183721143394372,0.9597095992420686,0.00010922145276516277,0.7135104379265765,0.0,0.03840607210626186,0.10056018425798167,5.8856509801005596e-05,0.8407404353503259,1.0,53891.4570264372
Singapore,Mortalidad_Baja,0.92,0.22058947362932335,0.9568132686835136,0.00012872864901810433,0.7000600051816864,0.0,0.03840607210626186,0.115596604355382,6.147792023514086e-05,0.8047505730821146,1.0,47236.683084953
Singapore,Mortalidad_Baja,0.93,0.24042983936245368,0.9525211161690277,0.00018616955040194773,0.7019135051336286,0.0,0.0388235294117647,0.12461787448265409,6.845287394000884e-05,0.7146112535915402,1.0,38926.8054365453
Singapore,Mortalidad_Baja,0.9400000000000001,0.22966368658728673,0.9460654396228485,0.0001955907254526658,0.7058119223622963,0.0,0.0410246679316888,0.11778162784928005,6.89637486259112e-05,0.7337583495474678,1.0,40008.5720489092
Singapore,Mortalidad_Baja,0.9400000000000001,0.21012357885125088,0.9410753761303983,0.0002137617529224608,0.6794971421298577,0.0,0.0410246679316888,0.10778026098042041,7.135364807520383e-05,0.709071450066013,1.0,39432.8860198877
Singapore,Mortalidad_Baja,0.93,0.2375460033727309,0.936783223615911,0.0002896628090055517,0.6662327075790027,0.0,0.04058823529411765,0.12312594647523242,8.221093113989468e-05,0.621639315666359,1.0,33768.4528234651
Singapore,Mortalidad_Baja,0.9400000000000001,0.22814589886493145,0.9346196995842191,0.0003679084760450487,0.6570688851629164,0.0,0.0410246679316888,0.11700476663411229,9.162741461453445e-05,0.5514494665893201,1.0,29961.3172812732
Singapore,Mortalidad_Baja,0.93,0.34162738109370056,0.9274661120600758,0.00037551291670502004,0.6456594644071326,0.0,0.042352941176470586,0.1769715614915955,9.362356524072886e-05,0.569318681148325,1.0,27608.080013423
Singapore,Mortalidad_Baja,0.92,0.2880733327352552,0.9210104355138979,0.0004449299455255784,0.6602107322856745,0.0,0.04364326375711575,0.15088828500350945,0.00010396959188283707,0.5396603923964932,1.0,23730.3840054566
Singapore,Mortalidad_Baja,0.91,0.2346634458820759,0.9140313257342456,0.0005702043134309042,0.6559716399786372,0.0,0.04662239089184061,0.12430796955630073,0.00012213169436288337,0.5013800887782377,1.0,22159.8373710639
Singapore,Mortalidad_Baja,0.91,0.2383681116582278,0.9097391732197597,0.0007135145379497949,0.65160082722512,0.0,0.048349146110056924,0.12626666944663809,0.00014160159709755447,0.4481092522287761,1.0,21699.7414868907
Singapore,Mortalidad_Baja,0.91,0.21464361103087076,0.9054470207052734,0.0008372240287480442,0.6182016758978556,0.0,0.051802656546489564,0.11372324998994937,0.00015840857483610793,0.4290376483455875,1.0,23852.8389514753
Singapore,Mortalidad_Baja,0.9,0.2476945881488448,0.881752943003355,0.0015045570966790024,0.6290774089613967,0.0,0.0683111954459203,0.13265543812467145,0.00025183886066664944,0.3633200733681112,1.0,24914.8507020358
Slovenia,Mortalidad_Baja,0.667,0.14058581817546337,0.9531143405002975,0.021315258711871957,0.5886103241760344,1.0,0.024047438330170777,0.10173449838384434,0.004011807044428047,0.011448579110404951,1.0,28373.8382265999
Slovenia,Mortalidad_Baja,0.682,0.14524584883336186,0.9444253488246313,0.018797015632476526,0.5859300344162636,1.0,0.02458823529411765,0.10278442774357764,0.0034670703036047156,0.013390762939925952,1.0,29187.369382785
Slovenia,Mortalidad_Baja,0.674,0.14186683994911706,0.9423665114396336,0.023682680769550737,0.578440521456587,1.0,0.024299810246679317,0.10159235212913795,0.0044043953561351806,0.0099942282080559,1.0,25392.0651093612
Slovenia,Mortalidad_Baja,0.536,0.15077519955942165,0.9566387909390213,0.022076803406324723,0.5709153233798986,1.0,0.020341555977229604,0.13574496807032416,0.005167958888517967,0.011697180804286668,1.0,25814.1687167572
Slovenia,Mortalidad_Baja,0.521,0.15420655433732078,0.9544752669073295,0.024872887346936986,0.570757062376837,1.0,0.019772296015180265,0.14282192384875797,0.0059802478081323095,0.01003303477041666,1.0,25888.0481065655
Slovenia,Mortalidad_Baja,0.536,0.15656695030674223,0.949485203414878,0.021097642131284615,0.5716871258799769,1.0,0.020341555977229604,0.14094379466221849,0.004942110270545897,0.012382629794791133,1.0,23303.077705959
Slovenia,Mortalidad_Baja,0.58,0.15232791178268648,0.9515789363487746,0.023100510549755073,0.5720479726211868,1.0,0.023111954459203034,0.12673509580819164,0.0049941173819691735,0.011759004922234655,1.0,21447.8377796036
Slovenia,Mortalidad_Baja,0.5700000000000001,0.14768106892479418,0.9458560663294597,0.024648489612622487,0.5681951637412762,1.0,0.0227134724857685,0.12503619523514262,0.005417485179668256,0.010825585082940577,1.0,20697.2748530619
Slovenia,Mortalidad_Baja,0.61,0.14974546840363315,0.9501831143928436,0.022721585883269658,0.569549983981597,1.0,0.025464895635673626,0.1184653620015208,0.004671706851930541,0.012735579238468396,1.0,24013.0682060959
Slovenia,Mortalidad_Baja,0.59,0.15433846164258583,0.939365494234383,0.02284075008033801,0.5761521488888948,1.0,0.02574952561669829,0.12622658740424328,0.004855039982057371,0.013378330815569476,1.0,23236.9655321695
Slovenia,Mortalidad_Baja,0.64,0.15875853742758225,0.9365389547736231,0.022780543823124014,0.5842672398160978,1.0,0.029146110056925995,0.11968797962336757,0.004464109717304032,0.014148913134935286,1.0,22442.1417859955
Slovenia,Mortalidad_Baja,0.66,0.16580170948667258,0.9343405351930338,0.02549971109970669,0.5897306284650041,1.0,0.031309297912713474,0.1211954111007084,0.004838187977715772,0.012962282962544326,1.0,24940.6284841605
Slovenia,Mortalidad_Baja,0.67,0.16614634842632056,0.9264890366909249,0.022697166512527452,0.5951401930549532,1.0,0.033055028462998105,0.11963400989163017,0.004248839080855066,0.015671619643339876,1.0,23329.8417691156
Slovenia,Mortalidad_Baja,0.66,0.16264044759350643,0.920033360144747,0.021962581475470176,0.589424405371123,1.0,0.03506641366223909,0.11889091064313392,0.004175612988924287,0.01780448878057538,1.0,24501.7897290425
Slovenia,Mortalidad_Baja,0.64,0.18296087588665172,0.9171021340372929,0.021928834675143023,0.5652591067193601,1.0,0.03521821631878558,0.13788237441688378,0.004299581900161338,0.018591439707715648,1.0,27461.9764165315
Slovenia,Mortalidad_Baja,0.61,0.17390679889484534,0.914170907929839,0.025397968232858333,0.5532447736186515,1.0,0.03588235294117647,0.13752221872821957,0.005214140123092522,0.01694549115001783,1.0,23725.1596001515
Slovenia,Mortalidad_Baja,0.6,0.17288567984861605,0.9073837236691278,0.026147503524679226,0.5606880650490608,1.0,0.03757115749525616,0.13899544147154458,0.005455485673561064,0.017641602704902167,1.0,19563.005059144
Slovenia,Mortalidad_Baja,0.59,0.17422596583975186,0.9005965394084154,0.030350084991652846,0.5597532303222261,1.0,0.03918406072106262,0.1424442600776426,0.006428578796875319,0.015868039607944747,1.0,17969.7095907161
Slovenia,Mortalidad_Baja,0.6,0.16842208086040406,0.8948038782913039,0.030071727676425804,0.5533991674320228,1.0,0.04212523719165085,0.13541617379799306,0.006264079746873257,0.017149034053394276,1.0,17103.8297783905
Slovenia,Mortalidad_Baja,0.52,0.16381210094503804,0.8898138147988539,0.02771791258713519,0.5525080436256078,1.0,0.038481973434535105,0.1519840687934817,0.006668159465800632,0.02006363562233017,1.0,14711.674874253
Slovenia,Mortalidad_Baja,0.55,0.1612624972001355,0.8776352682333599,0.03630009590718091,0.5450437820242768,1.0,0.04278937381404174,0.14146369287032154,0.00823357878661786,0.015506511701574055,1.0,11639.1297780477
Slovenia,Mortalidad_Baja,0.6,0.1612526779669448,0.8740759222457386,0.03411843321116458,0.5456400861286963,0.0,0.048956356736242886,0.12966717795786617,0.007097911349069876,0.017673327871345484,1.0,10375.6255869861
Slovenia,Mortalidad_Baja,0.5,0.15181871152929635,0.8691207543021846,0.037671925799092836,0.5399145014715846,0.0,0.04269449715370019,0.14652273056053647,0.00939613854895354,0.01659626089557388,1.0,10135.7219109212
Slovenia,Mortalidad_Media,0.5088,0.14106656611290355,0.8483230071588226,0.048120654880781544,0.5276384502521982,0.0,0.05985882352941177,0.13382117043323577,0.011772519518764473,0.018200914940793397,1.0,10738.0887611468
Somalia,Mortalidad_Alta,0.23800000000000002,0.007685226940935556,0.5617855354460262,0.22393846116038238,0.3706776366498365,0.0,0.4060000000000001,0.016448612777868,0.1164975628514703,0.06405601747629652,0.0,573.128092472349
Somalia,Mortalidad_Alta,0.115,0.016055702979108195,0.5871378496315902,0.29812844756559076,0.42202941382899856,0.0,0.15667931688804554,0.06906118928184515,0.3208575232415545,0.03712182393020197,0.0,549.114742721701
Somalia,Mortalidad_Alta,0.131,0.010340687342072176,0.6070534372988052,0.3695730462925944,0.3433758753130061,0.0,0.1832011385199241,0.03963652742363477,0.34909461741695125,0.03017726048344766,0.0,518.184778494334
Somalia,Mortalidad_Alta,0.079,0.011996649510532125,0.6092567422562414,0.32563736715456837,0.453974922927012,0.0,0.11347817836812146,0.07581157180246895,0.5101212054754513,0.03572079683489087,0.0,539.893931565407
Somalia,Mortalidad_Alta,0.17800000000000002,0.010702838828596729,0.573746333786394,0.2532693013698998,0.3735267756698128,0.0,0.2897988614800759,0.03014958518436325,0.17613834947211682,0.05354881013533536,0.0,509.525801898508
Somalia,Mortalidad_Alta,0.11599999999999999,0.009877248091452823,0.5368767436869588,0.2829824111607038,0.3630332893582932,0.0,0.21285009487666035,0.042839755903356876,0.30194907664686443,0.05405125618962416,0.0,510.939952317726
Somalia,Mortalidad_Alta,0.08,0.008596258422059726,0.5811288361113098,0.48015363462081795,0.3169488919829543,0.0,0.12447817836812144,0.05441365272524985,0.7425325372631656,0.02537482054607908,0.0,460.928490585175
Somalia,Mortalidad_Alta,0.08,0.007137430013229395,0.5778811073753487,0.4733454328955255,0.35424262717666455,0.0,0.1276660341555977,0.045640120349064235,0.7320112125016801,0.026531963233746632,0.0,445.583080073396
Somalia,Mortalidad_Alta,0.05,0.01004876368335029,0.5690965018957006,0.40409997777503226,0.38884075276801777,0.0,0.08187855787476281,0.10103865134811717,1.0,0.03255415241272944,0.0,429.431656725102
Somalia,Mortalidad_Alta,0.1,0.01571900630461266,0.5630016453251305,0.36296313646801154,0.4398616791674922,0.0,0.16888045540796964,0.07780042709344233,0.44914203961437266,0.037863115060587364,0.0,393.398703952979
Somalia,Mortalidad_Alta,0.174,0.0180354737626164,0.4932112454395879,0.41472530562312704,0.4109173570723613,0.0,0.37111195445920303,0.051118155772727304,0.2949058722397495,0.04220275354426915,0.0,350.261946720512
Somalia,Mortalidad_Alta,0.14,0.02083022120679265,0.2544960297589241,0.46474212389761815,0.3648765951458321,0.0,0.5730170777988615,0.07313706567525952,0.41069471283805753,0.07463191211627536,0.0,235.325945610434
South Africa,Mortalidad_Alta,0.484,0.09128014900242759,0.7266471135274337,0.03396677027145004,0.636364232862835,0.0,0.22500948766603415,0.09118717532667717,0.008760323433795172,0.11673751638740223,0.6666666666666666,6523.41097815853
South Africa,Mortalidad_Alta,0.506,0.09382911198014715,0.6773732026611345,0.031159449058022894,0.6417910453676846,0.0,0.23715749525616697,0.08964618431082552,0.007693525930672702,0.1285068887424953,0.6666666666666666,6843.39941886204
South Africa,Mortalidad_Alta,0.466,0.09270552856923692,0.7222977323127548,0.03230575407099254,0.6631928050085519,0.0,0.22106261859582543,0.09618107787039713,0.008658032525571357,0.12542171228772003,0.6666666666666666,5580.60383075189
South Africa,Mortalidad_Alta,0.397,0.10261414549999966,0.7354746405322268,0.024353731512892555,0.660194536462015,0.0,0.19285009487666038,0.12490602324381879,0.007686461617417203,0.1709776791427973,0.6666666666666666,6533.71121032856
South Africa,Mortalidad_Alta,0.454,0.10040277670368328,0.7305386651405679,0.028281811503732483,0.6591212345521811,0.0,0.22656925996204932,0.1068804861190078,0.007791097815023786,0.1511611780691834,0.6666666666666666,6914.1780318076
South Africa,Mortalidad_Alta,0.47600000000000003,0.1048866693443596,0.7261892839258888,0.031231766900655603,0.6600020717194444,0.0,0.24658064516129033,0.10647282592053132,0.008197195085713463,0.14204769837366077,0.6666666666666666,6618.33508255701
South Africa,Mortalidad_Alta,0.44,0.10619811977219629,0.7165605551183918,0.03022422189074853,0.6552469653734082,0.0,0.23711574952561668,0.11661827299115178,0.00858477474333139,0.15289061268849752,0.6666666666666666,5651.20585165749
South Africa,Mortalidad_Alta,0.42,0.1036310942071767,0.7066027612847843,0.027943584992969495,0.6574040198676462,0.0,0.23669829222011388,0.11923088881886686,0.008322245397572538,0.17321656983566344,0.6666666666666666,6112.27382485974
South Africa,Mortalidad_Alta,0.41600000000000004,0.11200369411029365,0.6941698261678231,0.026573871084092825,0.6563687444417845,1.0,0.24391650853889943,0.13006072615436637,0.007995201265896796,0.18969898506209973,0.6666666666666666,6856.73137092522
South Africa,Mortalidad_Alta,0.41000000000000003,0.10740392006418635,0.6827813148293869,0.024056680473981067,0.6568472013421128,0.0,0.2489563567362429,0.12656630219333195,0.007353171934274324,0.21720135591508394,0.6666666666666666,7331.65467384919
South Africa,Mortalidad_Alta,0.45,0.10985911110794058,0.6734673438729522,0.02468769326204111,0.6597065826992122,0.0,0.28178368121442127,0.11794098675166564,0.006872918545920533,0.21835631777790016,0.6666666666666666,8076.97678479741
South Africa,Mortalidad_Alta,0.47000000000000003,0.1164200230719741,0.6572287001931467,0.025537940848255378,0.6601363074129115,0.0,0.30233396584440225,0.11963846759704805,0.006804107349014012,0.21691684776306447,0.6666666666666666,8646.05571071635
South Africa,Mortalidad_Alta,0.49,0.11556572423720791,0.6326775878102868,0.02634656309568972,0.6593730769349154,1.0,0.32914611005692596,0.11391643476508188,0.006730410965007473,0.21969006195137392,0.6666666666666666,7973.47195771517
South Africa,Mortalidad_Alta,0.51,0.12566746828332329,0.6116031189641604,0.030038311853968276,0.6520849088182694,0.0,0.3648387096774194,0.11897898187803521,0.007361405119059226,0.20530757967758126,1.0,6374.70560042992
South Africa,Mortalidad_Alta,0.46,0.12559597546667456,0.5911295514700621,0.03222763792569235,0.6281517116992508,1.0,0.3543833017077799,0.13183670345986626,0.008749968621877293,0.20624695524267275,0.6666666666666666,6184.75474328399
South Africa,Mortalidad_Alta,0.45,0.11813940337818389,0.5763359324701336,0.02948675372136044,0.6420327649865559,0.0,0.3740037950664137,0.12679404681335135,0.008191392956765266,0.24354488890682396,0.6666666666666666,6591.85535960564
South Africa,Mortalidad_Alta,0.46,0.10986850032377768,0.5659203090349809,0.025627585877812668,0.6505266919963789,0.0,0.40151802656546487,0.11538687271520781,0.006976116031303883,0.2944880297923815,0.6666666666666666,6077.38293388876
South Africa,Mortalidad_Alta,0.44,0.10881117753014913,0.5615423134702053,0.026059666860429345,0.6407814770146748,1.0,0.39992409867172674,0.11947557792303125,0.007414618304776701,0.3017106767918825,0.6666666666666666,5836.87663325127
South Africa,Mortalidad_Alta,0.48,0.11360815199681253,0.5622433650475713,0.03019296306918532,0.6394670905762945,0.0,0.4462998102466793,0.11432752297770564,0.007861325671286936,0.26646131482512597,0.6666666666666666,5221.46333731721
South Africa,Mortalidad_Alta,0.48,0.10533658359057649,0.5662779884111881,0.033258927342281926,0.6400080149549864,0.0,0.4426565464895636,0.10603652352743075,0.00865101060146272,0.2398355336266965,0.6666666666666666,4062.21755993786
South Africa,Mortalidad_Alta,0.5,0.09466152656617667,0.5853780671006508,0.037093502870403354,0.6196528661400985,0.0,0.45540796963946867,0.09152293376248716,0.009253116335974778,0.21222764290948215,0.6666666666666666,2688.23676032806
South Africa,Mortalidad_Alta,0.5,0.0997436707375441,0.6079977108519923,0.035264513469324354,0.6195543511252133,0.0,0.45161290322580644,0.09641325327181842,0.00880087611747296,0.2214144403198292,0.6666666666666666,2847.15191945908
South Africa,Mortalidad_Alta,0.52,0.10382631743899186,0.6252664711352742,0.03276245391653044,0.6241476227728043,1.0,0.4627703984819735,0.09648250112710308,0.007867510568414431,0.23485095797218372,0.6666666666666666,3217.84693448467
South Africa,Mortalidad_Alta,0.5,0.10743459349269571,0.6715501824164818,0.03917678496652835,0.5904586003945927,0.0,0.4430740037950664,0.10381388346373163,0.009768233563989719,0.1953324738525429,0.6666666666666666,3855.6340871567
Spain,Mortalidad_Baja,0.672,0.11123710758333503,0.9796000621140768,0.02890031306266519,0.7011596987116686,1.0,0.033153700189753325,0.07996493475502052,0.00537741738492739,0.011644919770442838,0.6666666666666666,30270.2687017458
Spain,Mortalidad_Baja,0.703,0.11187585375147652,0.9802281819942456,0.03470510514733699,0.6956290386672768,1.0,0.0346831119544592,0.07687589552921892,0.0061611347801157875,0.009168336473267407,0.6666666666666666,30799.4775937775
Spain,Mortalidad_Baja,0.551,0.10645130298239783,0.9666887090217211,0.034913049946381364,0.7063503797852129,1.0,0.027184060721062622,0.09334637666558396,0.007907415989696886,0.009094754544452919,0.6666666666666666,27233.9426461608
Spain,Mortalidad_Baja,0.519,0.11899977491208105,0.9895801890989797,0.03156084537475607,0.704926769919414,1.0,0.025605313092979125,0.11073462340038788,0.007596433948585267,0.010397898908083717,0.6666666666666666,29786.5245689007
Spain,Mortalidad_Baja,0.515,0.12328590140442408,0.9838573190796651,0.033857600863386766,0.7032216134842302,1.0,0.026385199240986718,0.11559891890386507,0.00820679572763521,0.00996900943591181,0.6666666666666666,30602.4212881113
Spain,Mortalidad_Baja,0.5720000000000001,0.1244106841873793,0.981728690596871,0.035150550680060406,0.7016636938687209,1.0,0.029305502846299816,0.10502553716807578,0.007668441792238277,0.009485379245859784,0.6666666666666666,28381.3425596906
Spain,Mortalidad_Baja,0.6,0.11849404313839065,0.9823917060259373,0.03529955753611535,0.7037648433126658,1.0,0.030740037950664136,0.09537991339596985,0.007341284329834747,0.00943189873543737,0.6666666666666666,26755.6061149398
Spain,Mortalidad_Baja,0.59,0.11800184360911678,0.9752730140506931,0.03413587121369739,0.7044757635329366,1.0,0.030227703984819738,0.09659514790923036,0.007221868966423361,0.00986185745421477,0.6666666666666666,25982.4416197775
Spain,Mortalidad_Baja,0.626,0.11364735254861537,0.9809609885211088,0.03165165630442513,0.7098765548795759,1.0,0.033259962049335866,0.08769340494591125,0.0063159365515655565,0.011409849495885548,0.6666666666666666,29707.765509467
Spain,Mortalidad_Baja,0.62,0.11586028117145375,0.9787974644894171,0.032695557480907085,0.7107566311521653,1.0,0.03411764705882352,0.09025931048625063,0.006585217759059,0.011453621594724486,0.6666666666666666,29228.846559842
Spain,Mortalidad_Baja,0.61,0.1237926638037547,0.9694803529335818,0.030016425037556378,0.7109451086638044,1.0,0.03356736242884251,0.09799550918874722,0.006150181504727564,0.012756382029744355,0.6666666666666666,28456.4438151477
Spain,Mortalidad_Baja,0.61,0.12412507922535408,0.9701782639115473,0.02957033882185286,0.7009200985025281,1.0,0.034724857685009484,0.09825769644972893,0.006059771401237856,0.013557972013780383,0.6666666666666666,31824.6219134777
Spain,Mortalidad_Baja,0.65,0.12648446196383167,0.9580346128949522,0.03026500976003387,0.6845538263020858,1.0,0.039468690702087285,0.09395747531495878,0.0058189900604356855,0.014273624733171323,1.0,30658.7422282912
Spain,Mortalidad_Baja,0.67,0.1271654108891088,0.9558710888632604,0.02814130588519206,0.6868453883239631,1.0,0.04195445920303605,0.09164176457766443,0.005253414228754623,0.016174883751284275,1.0,32279.8208476151
Spain,Mortalidad_Baja,0.68,0.13947075728891078,0.9515789363487746,0.029458379223358064,0.6519832181447179,1.0,0.04387096774193548,0.09900062333811566,0.005415615967658872,0.015877800889277354,1.0,35603.248328071
Spain,Mortalidad_Baja,0.7000000000000001,0.14661543530024043,0.9472518882853895,0.03124268637689052,0.6260258851517282,1.0,0.047817836812144215,0.10108275078736054,0.00557602121211442,0.0158582861828118,1.0,32652.015594702
Spain,Mortalidad_Baja,0.71,0.1476255904104891,0.9465190817585263,0.030054228982653686,0.6115610070754693,1.0,0.049848197343453506,0.10034357611322947,0.00529054149865753,0.017160812616955543,1.0,28421.686527407
Spain,Mortalidad_Baja,0.6900000000000001,0.14989116768047483,0.937201970202691,0.03458002409199357,0.6090775125446001,1.0,0.04975332068311195,0.10483184168436692,0.006254802655858839,0.014989223038751128,1.0,26450.9530130382
Spain,Mortalidad_Baja,0.71,0.14927602515583988,0.9329098176882051,0.039128998847702004,0.6120637716108038,1.0,0.052542694497153694,0.10146198411909425,0.006870716799946112,0.013306325437750758,1.0,24925.0267844576
Spain,Mortalidad_Baja,0.7000000000000001,0.14552217408053328,0.9293155761516845,0.04296324420193427,0.6092937402833793,1.0,0.05445920303605313,0.10033132488588901,0.007646058839230087,0.012611646791124956,1.0,21522.0170990262
Spain,Mortalidad_Baja,0.7000000000000001,0.14322933472748928,0.9285827696248199,0.04373959369277314,0.6094832618503855,0.0,0.05445920303605313,0.09875539879728967,0.007783174553500498,0.012331295461507562,1.0,17111.0685058941
Spain,Mortalidad_Baja,0.66,0.14104103067939563,0.9257213346151627,0.04617118219005167,0.6048565590864196,0.0,0.05259962049335863,0.10314534199236412,0.008710367168475668,0.011875152834292536,1.0,15368.2337984435
Spain,Mortalidad_Baja,0.61,0.13837946342078186,0.9199635690469503,0.04705776015817784,0.6006822570133284,1.0,0.05092979127134725,0.10950061030492358,0.009604018044886623,0.012300398243919581,1.0,14743.2671031455
Spain,Mortalidad_Baja,0.5,0.11728786167282736,0.9058692568469433,0.04870610396448474,0.6142900735324657,1.0,0.05218216318785579,0.11329524172260323,0.012124475378877713,0.015545408495925879,0.6666666666666666,15460.9110266653
Sri Lanka,Mortalidad_Baja,0.401,0.021542554812374014,0.8961299091494384,0.10658517899098494,0.5771757169674394,0.0,0.041850094876660346,0.026388809332436005,0.03296233356544674,0.00534210121846917,0.3333333333333333,3342.63650253855
Sri Lanka,Mortalidad_Baja,0.395,0.024011303969355333,0.8815079762500895,0.1109132344181598,0.5635822938313648,0.0,0.04347248576850095,0.02979669838878999,0.03481766668084073,0.005458941317360071,0.3333333333333333,3996.96240014909
Sri Lanka,Mortalidad_Baja,0.34700000000000003,0.023266425843274118,0.8908076400314757,0.10409671271729716,0.5859083607332128,0.0,0.03950664136622391,0.032885632418530424,0.03720531339958247,0.00635265493612217,0.3333333333333333,3847.60137695639
Sri Lanka,Mortalidad_Baja,0.289,0.02383989782738265,0.8875169897703696,0.0915034188232999,0.5621167712934286,1.0,0.034,0.04044023404959736,0.0392848443762984,0.008042604454627735,0.3333333333333333,4081.94772722003
Sri Lanka,Mortalidad_Baja,0.307,0.023147291019007227,0.8844695614850846,0.09575338863033901,0.5380742083102235,0.0,0.03786527514231499,0.03698369836766699,0.038692992791359744,0.008065454227590899,0.3333333333333333,4358.56095906047
Sri Lanka,Mortalidad_Baja,0.3,0.023411467960707002,0.8809499964232061,0.09371096197084758,0.5221359834991993,0.0,0.0381404174573055,0.03827032737665283,0.038754137261960094,0.008669710414431323,0.3333333333333333,4398.88828068715
Sri Lanka,Mortalidad_Baja,0.38,0.024726716265963032,0.8794763573932325,0.09157266747025831,0.5355752906883827,1.0,0.05047438330170778,0.03187868540663884,0.029899687674634315,0.009496784595549574,0.3333333333333333,4149.19190775593
Sri Lanka,Mortalidad_Baja,0.37,0.022821199318796104,0.8773875098361827,0.103661557640244,0.5446112485794861,0.0,0.051954459203036055,0.030262442395887157,0.03474714869201355,0.008655256546244635,0.3333333333333333,4057.7158346231
Sri Lanka,Mortalidad_Baja,0.334,0.022095845455431584,0.8740539380499321,0.10193747274700372,0.5493634153810322,0.0,0.048800759013282735,0.03247938902250627,0.037854174773627465,0.009349772629297738,0.3333333333333333,3971.91913148166
Sri Lanka,Mortalidad_Baja,0.33,0.02073710588275828,0.8710351241147436,0.09996188494267721,0.5480882739664048,0.0,0.050721062618595825,0.030892087404559173,0.0375728791886404,0.010269183236491595,0.0,3740.61589348326
Sri Lanka,Mortalidad_Baja,0.32,0.02191400929280619,0.8658988482724086,0.09978071683936167,0.5445413907230601,1.0,0.05161290322580645,0.03362696731132702,0.0386770378334785,0.010965142317004054,0.3333333333333333,3327.77612404326
Sri Lanka,Mortalidad_Media,0.31,0.021453600948372186,0.8595035410258243,0.1203191213614411,0.5349637316536634,0.0,0.052352941176470595,0.03399714317578361,0.04811561031092897,0.009093474416311483,0.3333333333333333,3224.95736331928
Sri Lanka,Mortalidad_Media,0.32,0.021234886701543068,0.8555404535374489,0.11418340226822962,0.5309252078094597,0.0,0.0552561669829222,0.03260589039683518,0.04424147823011365,0.010051122987891868,0.3333333333333333,2808.36779237408
Sri Lanka,Mortalidad_Media,0.32,0.020014777833935203,0.7959510694613348,0.160295791362428,0.5836757858320645,1.0,0.07893738140417457,0.03077142779183771,0.06205688091514501,0.010297550309003195,0.0,2026.65939950702
Sri Lanka,Mortalidad_Media,0.31,0.019837461250674236,0.8282566707203662,0.16899309462236298,0.5792631940039553,0.0,0.05705882352941176,0.03148885481871935,0.06752728940883189,0.006324106434023112,0.0,1973.58476901287
Sri Lanka,Mortalidad_Media,0.32,0.020522113999828676,0.8343658344659848,0.14752873084936355,0.592346522541324,0.0,0.061935483870967735,0.03153421974360761,0.05712435998937448,0.008289762322171977,0.0,1578.63451125392
Sri Lanka,Mortalidad_Media,0.35000000000000003,0.02026088572904697,0.8321053008083554,0.14313870341949864,0.5880638525216153,1.0,0.07106261859582542,0.02847218911643369,0.05067728841681188,0.009230082287289752,0.0,1389.50625583936
Sri Lanka,Mortalidad_Media,0.34,0.02021215181125429,0.8356534802203304,0.14925384760264465,0.5877332962616186,0.0,0.07225806451612904,0.029240643995732514,0.05439139237742018,0.009279424473134366,0.0,1207.21994764165
Sri Lanka,Mortalidad_Media,0.37,0.01987655851680603,0.7633879390514342,0.158420646614339,0.5973759079855777,0.0,0.11724857685009488,0.026433393965024865,0.05304425822648288,0.014374575965441673,0.0,1028.62068132555
Sri Lanka,Mortalidad_Media,0.5,0.019745147033413055,0.8266256527648614,0.16711138511224571,0.5917521898039074,0.0,0.11480075901328274,0.019434260154677523,0.041401643516890164,0.008840792072301536,0.0,946.382255128072
Sri Lanka,Mortalidad_Media,0.5,0.018759137017621517,0.8241791258316045,0.18038467836624508,0.5845135717367658,1.0,0.11764705882352941,0.01848546691819522,0.04468362920684884,0.008227854988204648,0.0,834.936014905338
Sri Lanka,Mortalidad_Media,0.5,0.01860942102624356,0.8174976750840546,0.25362623018852304,0.5320933020159927,0.0,0.1204933586337761,0.018341401931290784,0.06279350747075711,0.005101076590309372,0.0,803.544026627385
Sri Lanka,Mortalidad_Media,0.5,0.01957948858079284,0.8085556906788753,0.25186342920444216,0.5280090148093889,0.0,0.12333965844402277,0.019274854452002173,0.0623576331558236,0.005359701461956693,0.0,846.460813304966
Sri Lanka,Mortalidad_Media,0.3,0.015417246954079259,0.7880535088346805,0.29252345203721253,0.49860544130310025,1.0,0.09278937381404175,0.025449526538667645,0.12068554329367441,0.0060505689281899686,0.0,741.838255293455
Sudan,Mortalidad_Alta,0.146,0.01865871339861322,0.7300951427140709,0.06334528384281593,0.0,0.0,0.1116470588235294,0.06297545812157809,0.05391847056917225,0.10304818239167383,0.0,1046.24084472656
Sudan,Mortalidad_Alta,0.20199999999999999,0.019323910462507334,0.7124257815294368,0.08012407553399171,0.03691457219376622,0.0,0.15945351043643263,0.04710129476746047,0.04923999227647907,0.08358354235930725,0.0,712.122009277344
Sudan,Mortalidad_Alta,0.255,0.01914324222238122,0.7219257457614991,0.25684401281176883,0.3397399535302533,0.0,0.2070967741935484,0.036970733603399114,0.12468459601146148,0.02466290663171967,0.0,577.795227050781
Sudan,Mortalidad_Alta,0.262,0.019754747078646915,0.7316403176192858,0.25485901431179947,0.3556153384040925,0.0,0.21874762808349146,0.03710591192337195,0.12041665757793818,0.025670598821761377,0.0,709.975280761719
Sudan,Mortalidad_Alta,0.212,0.019743230337540184,0.7273195507547034,0.2780119060353455,0.5113632917753532,0.0,0.1822314990512334,0.045831169349439545,0.1623187900971524,0.024045403614687946,0.0,731.027465820313
Sudan,Mortalidad_Alta,0.189,0.02011190741876826,0.7222405036125616,0.2683565308424142,0.5122049335361102,0.0,0.16676470588235293,0.05234702971442208,0.17575596887626868,0.0257786230212185,0.0,966.505676269531
Sudan,Mortalidad_Alta,0.11,0.020360798174993425,0.7155304385149153,0.2904663894457768,0.4982647606433108,0.0,0.09977229601518026,0.0910303347694359,0.3268304174752286,0.02431874020301248,0.0,1033.21594238281
Sudan,Mortalidad_Alta,0.11,0.021052519079334177,0.7112096716503324,0.39903716111897175,0.4825535245855701,0.0,0.10227703984819735,0.09405584393844162,0.4488552547866035,0.017314701000230096,0.3333333333333333,1292.37963867188
Sudan,Mortalidad_Alta,0.098,0.02162335955383816,0.7057014092567422,0.4125510606544133,0.45163893560643187,1.0,0.09316508538899432,0.10837540747418085,0.5208654827434991,0.017087573548509365,0.3333333333333333,1275.43835449219
Sudan,Mortalidad_Alta,0.16,0.02156469568149906,0.6978753845053294,0.37437373384177536,0.4490273718549941,0.0,0.15574952561669828,0.06620353203257058,0.289530684534579,0.01970315018408928,0.3333333333333333,1138.62780761719
Sudan,Mortalidad_Alta,0.32720000000000005,0.017678685356144645,0.6976464697045568,0.4271094760096238,0.4516106983063566,0.0,0.3247165085388995,0.026659224816292914,0.1615057802860878,0.017257966837369243,0.0,1019.22210693359
Sudan,Mortalidad_Alta,0.28800000000000003,0.021241062490831065,0.6941269046426781,0.35210059409056194,0.3598283407906684,0.0,0.29182542694497154,0.03623908426936233,0.15128908014118245,0.022158307089477514,0.3333333333333333,1332.6572265625
Sudan,Mortalidad_Alta,0.2534,0.020181417328200255,0.6912368552829242,0.4027803061130067,0.27805218330936504,0.0,0.2620550284629981,0.03917534234776505,0.1966726418367207,0.0194159011899187,0.0,1305.63598632813
Sudan,Mortalidad_Alta,0.25739999999999996,0.02190032065604766,0.6869017812432934,0.4237184881811121,0.2281834193560427,1.0,0.27205275142314994,0.041779501005716126,0.20367311382661304,0.018769668536061226,0.3333333333333333,1178.22180175781
Sudan,Mortalidad_Alta,0.2374,0.021490766830013063,0.6666571285499678,0.45759099127794906,0.1031977253989838,0.0,0.2567703984819734,0.04446923300502193,0.23847159590098446,0.01761404663440122,0.3333333333333333,1527.58239746094
Sudan,Mortalidad_Alta,0.2856,0.02170904469036127,0.6692467272337077,0.4510651428711614,0.05049113200118316,0.0,0.31649032258064513,0.03733198674833311,0.19540041512111006,0.01843759008889833,0.3333333333333333,1444.37219238281
Sudan,Mortalidad_Alta,0.24920000000000003,0.023135404618992696,0.6543386508333928,0.4023738947997656,0.15287758511663802,0.0,0.2832462998102467,0.045538830352864,0.19978572364814332,0.021692056974849654,0.3333333333333333,1132.474609375
Sudan,Mortalidad_Alta,0.2798,0.022091521471967825,0.6089276772301309,0.4198362541162574,0.13166441713638832,0.0,0.35466110056926,0.03876352947031147,0.18565223137518197,0.023412749197721003,0.3333333333333333,905.543640136719
Sudan,Mortalidad_Alta,0.3084,0.021887664051403584,0.6024465269332571,0.43003864930833297,0.15012063055514951,0.0,0.3991058823529412,0.034850694284168204,0.1725253840699077,0.023326059583410438,0.3333333333333333,705.113342285156
Sudan,Mortalidad_Alta,0.244,0.022352066493308682,0.6245654195579082,0.485856618513827,0.16411712050857707,0.0,0.3009487666034156,0.04496471697886057,0.24634290812464704,0.019162963280580834,0.3333333333333333,580.320251464844
Sudan,Mortalidad_Alta,0.1998,0.023567210036864867,0.6387152156806637,0.47631595493560797,0.15461396349287249,0.0,0.2536360531309298,0.057837988098441595,0.29493566632221624,0.02028244541525572,0.3333333333333333,506.262634277344
Sudan,Mortalidad_Alta,0.1718,0.02248013678535338,0.6380856999785391,0.4524985195742056,0.21541747873369865,0.0,0.22461138519924098,0.06422007621208446,0.3258647765135141,0.022265078232620573,0.3333333333333333,451.293304443359
Sudan,Mortalidad_Alta,0.3,0.022144697708532488,0.633536018313184,0.5145286831876693,0.3336471495899171,0.0,0.4030360531309298,0.03623873366700321,0.2121747687869067,0.01980484016900873,0.3333333333333333,362.116882324219
Sudan,Mortalidad_Alta,0.3,0.022085115436829696,0.6120895629158023,0.4714756790479487,0.4846542572197031,0.0,0.449146110056926,0.03614317808524698,0.19443245711484292,0.0247982108208341,0.3333333333333333,462.585235595703
Suriname,Mortalidad_Media,0.376,0.08026087622391873,0.8382430789040705,0.09200224061572855,0.47455133563627516,1.0,0.11201518026565466,0.10327903391356509,0.03035901582236476,0.02527040096764103,0.6666666666666666,6084.43876736445
Suriname,Mortalidad_Media,0.385,0.07838730296886606,0.7765648472709061,0.12214791525156017,0.5009359318300504,0.0,0.11834914611005691,0.09852334798679731,0.039329701647763976,0.018923721151541964,0.6666666666666666,5029.84838543953
Suriname,Mortalidad_Media,0.369,0.07790542722163256,0.8248944845840187,0.10263758692568,0.5181242886536467,0.0,0.11623149905123341,0.10216706032549579,0.03449823933100133,0.0237878957476878,0.6666666666666666,4755.39221710693
Suriname,Mortalidad_Media,0.355,0.07988704019401131,0.8170541526575577,0.10845979360242211,0.5579082011564428,0.0,0.11518975332068312,0.1088818420423486,0.037886356527815634,0.0231103729634334,0.6666666666666666,6629.66775248603
Suriname,Mortalidad_Media,0.399,0.07028811549541097,0.8126904642678303,0.12663816057168342,0.506073437072025,0.0,0.13325237191650854,0.08530011644303616,0.03934102616707437,0.01999051568814263,0.6666666666666666,6665.74180472239
Suriname,Mortalidad_Media,0.317,0.07446855524347351,0.8095285785821589,0.13784207521978203,0.4759152682366735,0.0,0.10887476280834914,0.11371000423772452,0.05388713746521017,0.01870984316114721,0.6666666666666666,6049.52128553675
Suriname,Mortalidad_Media,0.36,0.07977276541321554,0.8056942556692179,0.13592307284451075,0.5773675785238629,0.0,0.12705882352941178,0.1072168699323846,0.04679159460397181,0.019636492886479603,0.6666666666666666,5644.2061057532
Suriname,Mortalidad_Media,0.36,0.07274934051009413,0.7997996995493237,0.13139274728916067,0.547873947685522,0.0,0.12979127134724858,0.09783030474894241,0.0452357905126924,0.02093569351503295,0.6666666666666666,8813.61705392067
Suriname,Mortalidad_Media,0.329,0.08243188562505312,0.7964088990628799,0.11844100924269112,0.5223796186571408,0.0,0.12111195445920302,0.12120805247084562,0.04463114282011521,0.024144715824514624,0.6666666666666666,9108.18905406764
Suriname,Mortalidad_Media,0.3,0.0790853037969251,0.793261320552257,0.10706611747750305,0.5054969347487577,0.0,0.1127134724857685,0.12755772142681235,0.04425784916691748,0.027677639105360422,0.6666666666666666,9043.19281529222
Suriname,Mortalidad_Media,0.37,0.06506067222457418,0.7910723227698688,0.10578917323903586,0.4698871458452747,0.0,0.14252371916508538,0.08518832243565747,0.03545806657592423,0.02884215630670106,0.6666666666666666,8851.24050668908
Suriname,Mortalidad_Media,0.37,0.07737351241887128,0.7891122397882535,0.11018446428786682,0.46235763158548426,0.0,0.14533206831119544,0.10119926047386182,0.036926701705964064,0.02817192067571294,0.6666666666666666,7949.88867218383
Suriname,Mortalidad_Media,0.36,0.06226334494644724,0.7863366478288862,0.11954754420334103,0.47658625454651704,0.0,0.14413662239089184,0.08381613328286562,0.041167911681955764,0.02627429577723233,0.6666666666666666,7943.60482816915
Suriname,Mortalidad_Media,0.35000000000000003,0.053563173363459476,0.7820015737892552,0.12422864250188523,0.47044632233335193,0.0,0.14345351043643265,0.07425118695458123,0.04399765111373617,0.025837282833948167,0.6666666666666666,7129.5768626291
Suriname,Mortalidad_Media,0.3,0.05414111778049751,0.7755633450175263,0.11268167848218787,0.4299344493474968,0.0,0.12580645161290321,0.08755326812021326,0.046572043856683266,0.029558072408996702,0.6666666666666666,6576.08546307249
Suriname,Mortalidad_Media,0.32,0.05140198615586413,0.767465483940196,0.1280955466326294,0.4366946989241287,0.0,0.13722960151802657,0.07796283953424407,0.04961639935072103,0.026268310138163914,0.3333333333333333,5530.17615638309
Suriname,Mortalidad_Media,0.43,0.05406559412167436,0.7579655197081334,0.1261218957422307,0.44422370924214005,0.0,0.1884819734345351,0.060999171908003094,0.0363563791000833,0.027394270438211216,0.6666666666666666,5002.65798695759
Suriname,Mortalidad_Media,0.1,0.056694295231519844,0.7487230846269404,0.06192885152902349,0.39802969987585446,0.0,0.04497153700189753,0.2749438453859455,0.07696981511424274,0.0606643063276347,0.6666666666666666,3453.42865937765
Suriname,Mortalidad_Alta,0.1,0.04994959807504253,0.7396380284712782,0.06579525575368834,0.3988732673071981,0.0,0.04611005692599621,0.24249324680328346,0.0817498960987122,0.05844877510376993,0.3333333333333333,2887.7721728844
Suriname,Mortalidad_Alta,0.1,0.0461507531812156,0.7312826382430788,0.08167605425653918,0.4170068874151274,0.0,0.04743833017077799,0.22421595608623685,0.10138351393344558,0.04792464205950718,0.3333333333333333,2516.10404020956
Suriname,Mortalidad_Alta,0.1,0.044259253805222505,0.7240718220187423,0.0845242056615131,0.4257024616739769,0.0,0.04876660341555977,0.21511543080753537,0.10490471698949333,0.04759138312392604,0.3333333333333333,2202.340682196
Suriname,Mortalidad_Alta,0.1,0.06229297075849191,0.7175763645468201,0.11477227877103811,0.4107966904845258,0.0,0.05028462998102467,0.301880617772511,0.14230076527780072,0.03538469339306205,0.6666666666666666,1714.64846637242
Suriname,Mortalidad_Alta,0.1,0.05894735836612048,0.7116961156019743,0.12039614773291825,0.45110434220871587,0.0,0.051802656546489564,0.2857839536467152,0.14925362057222136,0.03469599901082561,0.6666666666666666,1988.22172925433
Suriname,Mortalidad_Alta,0.3394,0.025716145133600106,0.688375420273267,0.1766773719942564,0.3046250703364506,0.0,0.2067313092979127,0.03709470234737112,0.06447694743515077,0.027170734531884497,0.3333333333333333,1609.82504373206
Sweden,Mortalidad_Baja,0.9570000000000001,0.20033812937123813,0.9785183000982316,0.012835615847901126,0.6529554992267622,1.0,0.036318785578747625,0.10094607694838434,0.0017006552615563934,0.022226436998700867,1.0,55296.9371472535
Sweden,Mortalidad_Baja,0.925,0.21119378944677522,0.9784834045493325,0.013781227324078804,0.6626579819108648,1.0,0.036859582542694495,0.11008470612050421,0.001885874749706311,0.02170647095482972,1.0,61174.9680215622
Sweden,Mortalidad_Baja,0.914,0.19850242073220228,0.9684683820155318,0.014853746599309046,0.6752603523001045,1.0,0.03642125237191651,0.10472886824321968,0.0020536443785533326,0.01993982158403913,1.0,52653.7565934247
Sweden,Mortalidad_Baja,0.88,0.2215597776041561,0.9792511066250948,0.016008933641389472,0.6689684558831369,1.0,0.036736242884250474,0.12138149547230374,0.0022952819246494735,0.019324961154128233,1.0,51773.0464558993
Sweden,Mortalidad_Baja,0.929,0.23010840158965365,0.9713647125740881,0.015860810343614553,0.6675492927330401,1.0,0.03878178368121442,0.11940656063904928,0.00215450531356252,0.019531982934058528,1.0,54181.9069780904
Sweden,Mortalidad_Baja,0.8740000000000001,0.22827811297108333,0.9692360840912939,0.01631661040364187,0.667610365954151,1.0,0.03814421252371917,0.12591314930175754,0.0023545612510510907,0.019916208873166582,1.0,53300.8587281785
Sweden,Mortalidad_Baja,0.87,0.22511705542613136,0.9677704710375661,0.015799709541835884,0.6704251746400284,1.0,0.037969639468690704,0.12474393161528717,0.0022919327268556807,0.02066033152593087,1.0,51820.3972482676
Sweden,Mortalidad_Baja,0.89,0.2118829172761508,0.96630485798384,0.01616010523002272,0.6698223247272131,1.0,0.038842504743833016,0.11478641749456162,0.002290491702095438,0.020136586933999855,1.0,51197.9529341175
Sweden,Mortalidad_Baja,0.923,0.23157255845026925,0.9670027689618055,0.015510848365889996,0.6780808843878968,1.0,0.042034155597722965,0.12094598167812988,0.0021216351307542787,0.022158169658958227,1.0,59583.7140001673
Sweden,Mortalidad_Baja,0.93,0.23997366202711615,0.9627455119962172,0.015245473839176134,0.6724753384147821,1.0,0.042352941176470586,0.12438187502035233,0.0020703878075872695,0.022591995485133187,1.0,60844.2767113975
Sweden,Mortalidad_Baja,0.92,0.24537318596458244,0.9591512704596965,0.015523229272285263,0.6596752839409894,1.0,0.04189753320683112,0.12855761270017801,0.0021302172735815465,0.022138284387191894,1.0,57749.8251328664
Sweden,Mortalidad_Baja,0.92,0.24469818888194608,0.9605470924156276,0.017537102951927747,0.6493706382615921,1.0,0.04364326375711575,0.12820461300818609,0.0024008450669539398,0.020211125972309712,1.0,60379.7748160321
Sweden,Mortalidad_Baja,0.93,0.25216539721545866,0.9555221333742769,0.016903592880215937,0.6441912475624669,1.0,0.04411764705882353,0.13068916546661125,0.0022908127600784456,0.021075538406722275,1.0,52542.8274141037
Sweden,Mortalidad_Baja,0.93,0.22655105083641405,0.9540914158694485,0.014090130671640746,0.664081431329686,1.0,0.04588235294117647,0.1174378013492055,0.0019168002445041593,0.026997554155782554,1.0,46707.8673215418
Sweden,Mortalidad_Baja,0.92,0.24940135563120694,0.9504971743329278,0.015612151671829215,0.6457543521603801,1.0,0.04538899430740038,0.13066420351099445,0.002142166817891695,0.024104576695237006,1.0,55817.4392710726
Sweden,Mortalidad_Baja,0.92,0.2531461247325086,0.9476357393232706,0.01788079982765336,0.6356848450710731,1.0,0.04713472485768501,0.13262258581122208,0.0024470316416169307,0.021612878228872145,1.0,53568.5645523213
Sweden,Mortalidad_Baja,0.92,0.2563161321328447,0.9454722152915787,0.01536899005155621,0.6399937826421506,1.0,0.04888045540796964,0.1342803879924703,0.002109490343000279,0.0266699737233387,1.0,46531.6001120572
Sweden,Mortalidad_Baja,0.93,0.26461767188432184,0.9425758847330223,0.014355703126952477,0.642191282403212,1.0,0.052941176470588235,0.13713124379588887,0.001952104582972144,0.031026756384151304,1.0,43378.6152117149
Sweden,Mortalidad_Baja,0.93,0.27210492316142,0.9418779737550582,0.020940364576732835,0.638312676675041,1.0,0.05470588235294118,0.14100470952650412,0.002827448060318713,0.021188998947982516,1.0,42758.2015503417
Sweden,Mortalidad_Baja,0.9,0.2629890192230179,0.9361202081868445,0.021331842487888233,0.634514963876578,1.0,0.05464895635673624,0.1408316300083541,0.002975472855947962,0.02152212146634557,1.0,37292.4214343004
Sweden,Mortalidad_Baja,0.9400000000000001,0.2699407224688021,0.9325608621992216,0.0218437186508384,0.6278135290135628,1.0,0.05886148007590133,0.1383969395805643,0.0029161802361514304,0.02170687449204924,1.0,29957.9387652616
Sweden,Mortalidad_Baja,0.9400000000000001,0.2641554391561534,0.9318280556723584,0.02234705139827687,0.6263591805091218,1.0,0.05886148007590133,0.13543581256776982,0.002982379830968955,0.021151752949906993,1.0,27259.4806735435
Sweden,Mortalidad_Baja,0.9500000000000001,0.24902947057099312,0.9296645316406666,0.022258917521126943,0.623297078073104,1.0,0.06129032258064516,0.1263496242831435,0.0029395167855745044,0.021991085249166105,1.0,29632.7736101599
Sweden,Mortalidad_Baja,0.9,0.26416417380218593,0.9167392203287517,0.033290535225795635,0.5949972886963094,1.0,0.0683111954459203,0.14145985143651113,0.004618214231654865,0.01669042332782905,1.0,30254.2972932631
Switzerland,Mortalidad_Baja,0.923,0.11980434508370968,0.9863349030514414,0.007471899421511583,0.7494080110850249,0.0,0.06129981024667932,0.06268512508005958,0.001044858634436769,0.07209121623176155,0.6666666666666666,94394.5106803525
Switzerland,Mortalidad_Baja,0.8790000000000001,0.12103638472059315,0.9884286359853365,0.007613485566584261,0.7352825026067565,1.0,0.0583776091081594,0.06649731365723513,0.0011170750638287265,0.07074718206304963,0.6666666666666666,93664.7736696111
Switzerland,Mortalidad_Baja,0.9009999999999999,0.12429061079896075,0.9776808069246727,0.0085994862422125,0.7446082138719248,1.0,0.05983870967741936,0.0666113614213972,0.0012250936775488161,0.06256946816999157,0.6666666666666666,85897.7843338323
Switzerland,Mortalidad_Baja,0.88,0.13185420851063304,0.9906270555659273,0.007868851623568054,0.7458793355321642,1.0,0.05844402277039848,0.07233624107486848,0.001151682030522613,0.06844045241743701,1.0,84121.9310304414
Switzerland,Mortalidad_Baja,0.828,0.12949603528171189,0.9884635315342356,0.007818294709970114,0.7481784243160844,1.0,0.056561669829222005,0.07550882844674915,0.0012164610823824583,0.07094816102003913,1.0,85217.3691512274
Switzerland,Mortalidad_Baja,0.8029999999999999,0.12966230679428556,0.9855672009756793,0.007661147646039162,0.7484817437542374,1.0,0.054853889943074004,0.07795928737895541,0.00123013885430299,0.07240852970534001,1.0,82254.3770471336
Switzerland,Mortalidad_Baja,0.86,0.13016135283138605,0.9863000075025439,0.007998760689294341,0.7503947963956357,1.0,0.060379506641366223,0.07307140997699693,0.0011971406945774873,0.07135689138293462,1.0,82153.0745447889
Switzerland,Mortalidad_Baja,0.85,0.13520080131665357,0.9762151938709465,0.0075992965642159875,0.747815794569995,1.0,0.05967741935483871,0.07678356501472436,0.001153123268313481,0.07511866951104991,1.0,83806.4476003837
Switzerland,Mortalidad_Baja,0.881,0.14000985263644816,0.9805073463854324,0.008642515703719317,0.7445897104764744,1.0,0.06352561669829221,0.07670805620075924,0.001258943457854407,0.06787257709874417,1.0,88724.9910735609
Switzerland,Mortalidad_Baja,0.88,0.1512694783916143,0.9747844763661175,0.008056005042871388,0.7404684911633311,1.0,0.06345351043643263,0.08295126598502585,0.0011779752091456396,0.07285121484897418,1.0,87304.3305813557
Switzerland,Mortalidad_Baja,0.87,0.14672319605097298,0.973353758861289,0.007702322071413075,0.7416066225267102,1.0,0.06273244781783682,0.08139054278272534,0.0011412551064439382,0.07620495117708896,1.0,85836.2076767359
Switzerland,Mortalidad_Baja,0.9,0.14698818979422543,0.9733188633123899,0.008235285788691142,0.7335326464893382,1.0,0.0666034155597723,0.07881918668983562,0.0011764254148455403,0.07321909395062763,1.0,90476.7589651577
Switzerland,Mortalidad_Baja,0.9,0.1535765341240027,0.966898082315111,0.008061154127059229,0.7365041340003791,1.0,0.0666034155597723,0.08234122469012417,0.0011525053015310862,0.07480728220410654,1.0,76531.3728182297
Switzerland,Mortalidad_Baja,0.9,0.1599931193988868,0.9640017517565547,0.008815010444299456,0.7362243228951644,1.0,0.0683111954459203,0.08577144266887961,0.0012560610154213766,0.07020525332633512,1.0,71568.3123885672
Switzerland,Mortalidad_Baja,0.91,0.1609336712541597,0.9632689452296916,0.009587335853133656,0.7197680041830837,1.0,0.06907020872865276,0.08532618004969036,0.0013471850680009112,0.06448005688473991,1.0,74175.1927898555
Switzerland,Mortalidad_Baja,0.91,0.15693582808721826,0.959674703693171,0.009456080092668462,0.7190115960158056,1.0,0.07079696394686907,0.08321247386245965,0.0013293528658799405,0.067106584737116,1.0,64989.1553256031
Switzerland,Mortalidad_Baja,0.91,0.1666289552999987,0.9560804621566492,0.009204683242073757,0.7187085272836656,1.0,0.07252371916508539,0.08833734297505744,0.0012951984833485344,0.07072583093682334,1.0,59011.0324592016
Switzerland,Mortalidad_Baja,0.88,0.16055920968680673,0.952451325071231,0.010031362669511554,0.7204659204971408,0.0,0.07180265654648955,0.0880302955175348,0.0014554931466483167,0.06644074549867227,1.0,56242.8933645639
Switzerland,Mortalidad_Baja,0.85,0.1625838121962981,0.9503226965884368,0.011504224880460682,0.7212656255905965,1.0,0.07096774193548389,0.09228323785006119,0.0017210890061558205,0.05917983515652826,1.0,54659.4571488233
Switzerland,Mortalidad_Baja,0.84,0.16312043867688233,0.9424363025374303,0.010263878412449213,0.718246436500435,0.0,0.07172675521821632,0.09368921187560238,0.0015590240043138759,0.06808248977925231,1.0,49335.7456291067
Switzerland,Mortalidad_Baja,0.86,0.16372060087803536,0.940272778505737,0.011487248168524476,0.7116957465152193,1.0,0.07343453510436433,0.09184615414685394,0.001698635819050218,0.06069169040196186,1.0,42458.7384679187
Switzerland,Mortalidad_Baja,0.89,0.16931417831088416,0.9373415523982844,0.01132609136164711,0.7101820236341714,0.0,0.07768500948766603,0.09177406401262296,0.0016189919089244274,0.06301830872053865,1.0,39638.7911061864
Switzerland,Mortalidad_Baja,0.89,0.16042413705059572,0.9301879648741411,0.013008848641032293,0.7141289620492575,1.0,0.07937381404174573,0.08696817177988142,0.0018527461338463788,0.05591075358208854,1.0,38865.021939688
Switzerland,Mortalidad_Baja,0.8522,0.15760150556078267,0.9121120705448413,0.017373610596149107,0.685250534736407,0.0,0.08408804554079696,0.0892321368346159,0.002568135073341417,0.04605708979237576,1.0,50113.8321221345
Tajikistan,Mortalidad_Media,0.17800000000000002,0.016960928396222485,0.8140353387223691,0.28992564448754843,0.3154204619131735,0.0,0.07802277039848199,0.047064975768207215,0.20159827521099147,0.010070919623093167,0.0,1052.17949484894
Tajikistan,Mortalidad_Media,0.35200000000000004,0.016616203125096807,0.7858788182273408,0.28377789225714956,0.30704023918544837,0.0,0.15496015180265654,0.023328718322047685,0.09978533850543166,0.010419441212716485,0.0,896.748053372182
Tajikistan,Mortalidad_Media,0.32,0.016968831033454597,0.7717290221045854,0.28683232581945806,0.32843771543213557,0.0,0.1408728652751423,0.026191774573474904,0.11094394489084262,0.010273490014677472,0.0,834.311715460625
Tajikistan,Mortalidad_Media,0.364,0.016755885184546956,0.8054510336933973,0.26375663736911725,0.34927816588891136,0.0,0.16093358633776092,0.02274426852024958,0.08969557110246112,0.011523347846256004,0.0,871.022372934846
Tajikistan,Mortalidad_Media,0.38200000000000006,0.015685359653391438,0.8022319193075327,0.24989737802027054,0.34547116171484177,0.0,0.16961669829222012,0.02032422611853351,0.08098364230190998,0.012411636096169939,0.0,834.288404578801
Tajikistan,Mortalidad_Media,0.327,0.014806859828497361,0.7991844910222476,0.25636858691785674,0.3697608003827831,0.0,0.14705692599620493,0.02245010360125024,0.09705135939111423,0.012211880469452057,0.0,829.45714764957
Tajikistan,Mortalidad_Media,0.23,0.014704178556893282,0.7914300021460763,0.26362885564174254,0.3501758660201367,0.0,0.10518026565464897,0.031703396023126815,0.14188430467895544,0.012039799147845791,0.0,788.710481734485
Tajikistan,Mortalidad_Media,0.22,0.014338899480499974,0.7868946276557693,0.2729129833681117,0.3732003518520972,1.0,0.10311195445920303,0.032345614751074864,0.1535508986296647,0.011887494710355648,0.0,956.916310930656
Tajikistan,Mortalidad_Media,0.19399999999999998,0.013546087506702453,0.7873524572573145,0.3005428091206167,0.3952374906576524,0.0,0.09350284629981023,0.03471438935296843,0.191737657368067,0.010883537801658795,0.0,1081.54402932039
Tajikistan,Mortalidad_Media,0.23,0.012932566109640548,0.7856642106016165,0.26949993335636874,0.42887932574867893,0.0,0.11478178368121442,0.027997432460933593,0.1450401665836788,0.013076013527660439,0.0,1028.19704279396
Tajikistan,Mortalidad_Media,0.21,0.01323239768818204,0.7792402890049357,0.2948861707991304,0.42269656814249695,0.0,0.10838709677419353,0.03135079385464133,0.1737988985024822,0.01217989276475701,0.0,952.452819695469
Tajikistan,Mortalidad_Media,0.2,0.01248980811450323,0.7730595893840759,0.3013239909945262,0.4103032245273973,0.0,0.10777988614800758,0.031131931904122515,0.1864684198129638,0.012517930562933427,0.0,833.601978202852
Tajikistan,Mortalidad_Media,0.2,0.012743975112319793,0.7683668359682381,0.24755245588537825,0.44063524873083515,0.0,0.11347248576850094,0.03174336567407205,0.1532292293991303,0.016966501164201203,0.0,737.338883219356
Tajikistan,Mortalidad_Media,0.21,0.012758840338285086,0.7666213606123471,0.23445802976773156,0.4628127160885447,1.0,0.12552182163187856,0.03026583430996179,0.13822365042445245,0.019242009233054982,0.0,664.795655734657
Tajikistan,Mortalidad_Media,0.22,0.015065859906929631,0.7619858358967022,0.251103701752457,0.4274070305335247,0.0,0.13943074003795067,0.033935436181846426,0.14129495718237156,0.019019293577259542,0.0,703.327375898643
Tajikistan,Mortalidad_Media,0.21,0.016182684093663236,0.7545604120466414,0.24562941232437416,0.41530491402815517,1.0,0.14225806451612905,0.03811014706890701,0.14480046544877415,0.02108741294998885,0.0,516.997210618914
Tajikistan,Mortalidad_Media,0.2,0.015413973993955072,0.7487230846269404,0.2711474281476746,0.39247121281446407,0.0,0.14535104364326376,0.03816641625099046,0.16781460015790864,0.020404168846456374,0.0,401.018403316427
Tajikistan,Mortalidad_Alta,0.18,0.015230763451564766,0.7420559410544387,0.2678647984816083,0.38978365444988256,0.0,0.141404174573055,0.04191742002382058,0.18420602593288632,0.022636596997876346,0.0,333.927150941684
Tajikistan,Mortalidad_Alta,0.1,0.015571639122863357,0.7431003648329637,0.24294167324734742,0.37493554108376353,1.0,0.08500948766603415,0.07709140292997603,0.3007580940327314,0.027642495856261575,0.0,305.745158587502
Tajikistan,Mortalidad_Alta,0.1,0.014658338755694219,0.7326561270477143,0.3058680457690431,0.29436115917057515,1.0,0.09240986717267552,0.0726972629244546,0.37855470794954765,0.023423314983772075,0.0,233.58124845289
Tajikistan,Mortalidad_Alta,0.1,0.014662905856699795,0.7186923242005865,0.2810318458758308,0.30426135497582657,0.0,0.10056925996204934,0.07271923650725307,0.34784942212384823,0.02835045012138212,0.0,186.951638285222
Tajikistan,Mortalidad_Alta,0.1,0.014908696889104796,0.7086629944917375,0.30098101846651454,0.2818749708349818,0.0,0.10910815939278937,0.07390180496699969,0.3725128186586201,0.028764339644110515,0.0,168.676285365186
Tajikistan,Mortalidad_Alta,0.1,0.015414440663068463,0.6992917948351098,0.3176373342933163,0.2854558459136712,0.0,0.11802656546489564,0.07633507777581876,0.3931052176755424,0.029568353275965548,0.0,136.925716400723
Tajikistan,Mortalidad_Alta,0.264,0.016906921817309954,0.6684884469561485,0.46402670992355244,0.16845519472184417,0.0,0.4157874762808349,0.03163477890842442,0.21745762245035766,0.026732624976787776,0.0,207.034457343036
Tanzania,Mortalidad_Media,0.369,0.01835082862957215,0.7470348379712426,0.3066578165614177,0.2758751497724827,0.0,0.21845920303605312,0.024515677588588858,0.10285395958327063,0.013775681618292306,0.0,1207.85302734375
Tanzania,Mortalidad_Alta,0.34500000000000003,0.018319385642151916,0.7363330710351239,0.31338403110489604,0.2976490814520403,0.0,0.21210626185958253,0.026177266497300945,0.11241936491449042,0.014052276961940084,0.0,1159.85656738281
Tanzania,Mortalidad_Alta,0.325,0.018375858003976953,0.7454896630660275,0.31928725040073597,0.31686796671414524,0.0,0.20659392789373815,0.02787177646973811,0.12158308564629769,0.014310055865297521,0.0,1117.41528320313
Tanzania,Mortalidad_Alta,0.332,0.018787036729704575,0.7345589813291364,0.3362382952230455,0.34645774445615385,0.0,0.21860341555977233,0.027879990301837656,0.1253318687615845,0.014022136960914615,0.0,1063.32250976563
Tanzania,Mortalidad_Alta,0.318,0.018247734203606637,0.7271335574790756,0.3523651722431251,0.35113611660559024,1.0,0.21722960151802656,0.02829145741490328,0.1371193873855923,0.013849346725869202,0.0,1023.10626220703
Tanzania,Mortalidad_Alta,0.292,0.018402187508342844,0.7196222905787251,0.36356388088858443,0.35933140336414854,0.0,0.20888804554079696,0.03106505206688213,0.15407011883630975,0.014106518958555398,0.0,986.674011230469
Tanzania,Mortalidad_Alta,0.31,0.018869183696667357,0.7116245797267329,0.3469934141598806,0.3762875753515599,0.0,0.2323529411764706,0.02998606436156914,0.13851564007550246,0.015807905137751696,0.0,953.0107421875
Tanzania,Mortalidad_Alta,0.33,0.019027153578489144,0.7048143644037483,0.33815655278046924,0.38749139428147883,0.0,0.2573624288425047,0.028399041272483064,0.12681011171267265,0.017101095792647923,0.0,939.127319335938
Tanzania,Mortalidad_Alta,0.28800000000000003,0.018789156574910218,0.6967451176765147,0.32621841766714205,0.3973491642272013,0.0,0.2311650853889943,0.03214297463963773,0.14017851107754795,0.018464501348416634,0.0,1022.74841308594
Tanzania,Mortalidad_Alta,0.3,0.019597368522695145,0.6885041848487015,0.33872582948925684,0.38560296564941976,0.0,0.24876660341555978,0.03215343253092865,0.13972572404585132,0.01835538393783596,0.0,963.05712890625
Tanzania,Mortalidad_Alta,0.27,0.019263462499359573,0.6813219829744617,0.3356892264351341,0.38954737678275697,0.0,0.23055028462998103,0.0351310309646866,0.15386036447881757,0.01920119805295279,0.0,861.969909667969
Tanzania,Mortalidad_Alta,0.26,0.019631793514493637,0.6717647900422061,0.31576852173767817,0.3985959345918014,1.0,0.22990512333965843,0.03716381758640659,0.1503056856726976,0.021469914235980374,0.0,775.392761230469
Tanzania,Mortalidad_Alta,0.3,0.01907109057619782,0.6647399670934973,0.32343202645202684,0.42038823612362747,0.0,0.27609108159392787,0.03130940973847994,0.13342308789862495,0.02186966419657723,0.0,736.530151367188
Tanzania,Mortalidad_Alta,0.32,0.01880497304493786,0.6556835252879318,0.3291622743386833,0.43447309683804936,0.0,0.3066413662239089,0.028952457613288237,0.12729801140789335,0.022451855137430112,0.0,693.823547363281
Tanzania,Mortalidad_Alta,0.29,0.01880341727645983,0.6471278346090563,0.3130934997304602,0.4249828657823763,0.0,0.29275142314990515,0.03194495832110587,0.13361642124213333,0.025219766073391586,0.0,675.977233886719
Tanzania,Mortalidad_Alta,0.29,0.019001451221980402,0.6380284712783459,0.29385691180792317,0.4457040218094498,1.0,0.3059582542694497,0.03227350864547937,0.12541558685089338,0.028455626214805373,0.0,543.198303222656
Tanzania,Mortalidad_Alta,0.28,0.019472403405849943,0.6273267043422275,0.29922064099301127,0.44588321095589845,0.0,0.31347248576850095,0.03423537712261055,0.1322630154637725,0.029794217630294363,0.0,475.746734619141
Tanzania,Mortalidad_Alta,0.25,0.019326159728041515,0.6153515988268115,0.31161718830078733,0.44048781433896966,0.0,0.29554079696394686,0.03806217490689108,0.15426497617228832,0.03025657577535283,0.0,483.334869384766
Tanzania,Mortalidad_Alta,0.27,0.018792159808107906,0.6033478789612989,0.32499381774854963,0.4406819581892448,0.0,0.34018975332068313,0.034291191239085035,0.14896300912272767,0.030994414791259688,0.0,450.385284423828
Tanzania,Mortalidad_Alta,0.22,0.018616222225896817,0.5903712711925029,0.3150399159551043,0.4510873129778541,0.0,0.29514231499051236,0.04169987822915233,0.17722454493489848,0.03436801639566632,0.0,422.18359375
Tanzania,Mortalidad_Alta,0.25,0.018381742207450705,0.5762214750697474,0.31823474242678845,0.4695238409103132,0.0,0.357685009487666,0.03624463362110076,0.1575375201488962,0.03646935001475049,0.0,402.649047851563
Tanzania,Mortalidad_Alta,0.19,0.01797916562059355,0.5645468202303454,0.3263017529780446,0.48652395010582794,0.0,0.2898671726755218,0.04667088265281799,0.21253533701454722,0.03805931502833207,0.0,396.638732910156
Tanzania,Mortalidad_Alta,0.19,0.0178203444695938,0.5519565061878531,0.3314666318668134,0.4863262301766327,1.0,0.30753320683111957,0.046268707721674636,0.2158960741053694,0.03989700695115783,0.0,401.698150634766
Tanzania,Mortalidad_Alta,0.3,0.01635358336962913,0.5199227412547391,0.3800844512627669,0.20533197790177699,0.0,0.5749525616698292,0.026951184134969424,0.156769774106823,0.04131094505057662,0.0,258.418334960938
Thailand,Mortalidad_Baja,0.385,0.08574368469463278,0.8673867944774303,0.11002115640052006,0.5668252208126177,1.0,0.06063567362428843,0.10771648611203384,0.03543555762379133,0.009336600648363697,0.6666666666666666,6909.35281815827
Thailand,Mortalidad_Baja,0.451,0.08465535887593799,0.9005079047142139,0.10968529626393721,0.5681545689910106,1.0,0.07274193548387096,0.0907920700214542,0.03015779800829357,0.009680661601700656,0.6666666666666666,7057.20754802279
Thailand,Mortalidad_Baja,0.434,0.08644954944274336,0.8965734315759353,0.10981108303853541,0.5878928188374009,1.0,0.07247058823529412,0.09633746118692915,0.031374926425161494,0.010123525904107205,0.6666666666666666,6985.64393892574
Thailand,Mortalidad_Baja,0.364,0.09127205263039086,0.8946562701194649,0.10254317138198255,0.5909839902816524,1.0,0.06285388994307399,0.121238179863137,0.03494004837501759,0.011562074302324414,0.6666666666666666,7605.69657797759
Thailand,Mortalidad_Baja,0.34700000000000003,0.08945015876171247,0.8945561198941268,0.10347020976430936,0.5770521013937825,1.0,0.061893738140417466,0.12465168320457666,0.036982099288915556,0.01191497195281476,0.6666666666666666,7099.77650081458
Thailand,Mortalidad_Baja,0.40700000000000003,0.09123401743786343,0.8916803777094213,0.10605946165585715,0.5715690715278074,1.0,0.07414041745730551,0.10838426950819319,0.03231670935560499,0.011860510123404524,0.6666666666666666,6413.09182530343
Thailand,Mortalidad_Baja,0.38,0.09166981351645347,0.8885327991987981,0.10696641754956576,0.5642752481855976,1.0,0.07210626185958255,0.11663702948664618,0.034907970344231286,0.012358776769047593,0.6666666666666666,5833.57715617098
Thailand,Mortalidad_Baja,0.35000000000000003,0.08924118848757127,0.885585521138851,0.11196090931601689,0.5530203382593704,1.0,0.06840607210626186,0.12329597916724457,0.03966429605107845,0.012111131493986923,0.6666666666666666,5688.85335397884
Thailand,Mortalidad_Baja,0.336,0.08894194220090858,0.8815222834251375,0.12735262794542,0.5324951897399701,1.0,0.06758254269449716,0.12800481269388136,0.04698035679102703,0.010647911951402463,0.6666666666666666,5801.1978916205
Thailand,Mortalidad_Baja,0.34,0.08976324444462605,0.8769582945847341,0.1429607036709602,0.5168870066848127,1.0,0.07096774193548387,0.12766108303142187,0.05210307243461994,0.009597456029573731,0.6666666666666666,6018.08244729255
Thailand,Mortalidad_Baja,0.35000000000000003,0.0839282496261787,0.8716646398168681,0.14526256568691848,0.5097377640506757,1.0,0.07504743833017077,0.1159925464625624,0.051427504383320936,0.009739752203363589,0.6666666666666666,5725.52802835463
Thailand,Mortalidad_Baja,0.34,0.07866697112069167,0.8675441734029616,0.14637235606501672,0.5014664579080947,1.0,0.07548387096774194,0.11195895599283638,0.053343621243922654,0.010099256671121166,0.6666666666666666,5373.6232832898
Thailand,Mortalidad_Media,0.35000000000000003,0.07930730917414279,0.8633950926389584,0.13283571883974105,0.4915381952455614,1.0,0.0810246679316888,0.10964036954047714,0.04703794529508446,0.012092475426346427,0.6666666666666666,4973.86288823778
Thailand,Mortalidad_Media,0.33,0.072816602472193,0.858487731597396,0.12353205509667771,0.5148935253540955,1.0,0.07889943074003795,0.10682203422740696,0.04640320597032929,0.013791473415239014,0.6666666666666666,4135.43986952819
Thailand,Mortalidad_Media,0.36,0.0736550954414473,0.8520781171757636,0.1271439650242926,0.5017075433556875,1.0,0.0894876660341556,0.09904081498015344,0.043776673998906585,0.013966227356602684,0.6666666666666666,4309.13509292986
Thailand,Mortalidad_Media,0.38,0.07240409070596329,0.8457543458044208,0.11797182784058323,0.5105215440221789,1.0,0.09806451612903225,0.09224421185510749,0.03848852773592221,0.016015280116390754,0.6666666666666666,3918.52817434581
Thailand,Mortalidad_Media,0.36,0.07032748507354342,0.8394878031332711,0.11865913801109415,0.5131464759161842,1.0,0.09700189753320683,0.09459357847456394,0.04086281528839009,0.016751011252736724,0.6666666666666666,3331.32043511773
Thailand,Mortalidad_Media,0.33,0.06955321478081379,0.8330924958866872,0.11603135159100961,0.5228304071587971,0.0,0.09267552182163187,0.1020641377403847,0.04359314297057758,0.018070324125272617,0.6666666666666666,2867.70383436062
Thailand,Mortalidad_Media,0.32,0.06810615166324896,0.8217325988983473,0.1172558426443654,0.5286018075991049,1.0,0.09351043643263757,0.10307794834503795,0.04542850765109619,0.018705184428943585,0.6666666666666666,2641.56268717857
Thailand,Mortalidad_Media,0.32,0.06355951828791924,0.8217469060733957,0.11915728142370091,0.5267076603922017,0.0,0.09776091081593928,0.09624197728777618,0.04616312362307711,0.019339383996798302,0.6666666666666666,2347.54001286066
Thailand,Mortalidad_Media,0.32,0.05923666647492899,0.8170827670076544,0.10967599755451081,0.5469233368353141,1.0,0.10261859582542694,0.08974246711420962,0.04250005403551663,0.02251285652839389,0.6666666666666666,2089.75183111554
Thailand,Mortalidad_Media,0.32,0.05404163421485922,0.813434437370341,0.1082472972942862,0.5547490676517998,0.0,0.1074762808349146,0.08193161296351559,0.0419480793720457,0.024090632146573386,0.6666666666666666,1889.93432467144
Thailand,Mortalidad_Media,0.3,0.05305975574192175,0.8089276772301308,0.10724194468163478,0.5516821949217242,1.0,0.10531309297912714,0.08581902443107292,0.044330308246567515,0.02559630397805733,0.6666666666666666,2005.97694514234
Thailand,Mortalidad_Media,0.7000000000000001,0.04838338251869551,0.7882108877602116,0.11459961455871456,0.538113384221691,0.0,0.3161290322580645,0.03356539310175432,0.020298185497542493,0.03149522095364371,0.3333333333333333,2864.36515719866
Timor-Leste,Mortalidad_Media,0.38200000000000006,0.053246486997099454,0.7540310465698545,0.13046047382444798,0.3406342062241268,0.0,0.26747248576850097,0.0676323269300396,0.042328865236737824,0.044105770927951204,0.6666666666666666,2343.24523350389
Timor-Leste,Mortalidad_Alta,0.374,0.049672138822831266,0.7373059589384074,0.10940169630481093,0.2736213853517944,0.0,0.26896774193548384,0.06448083256743085,0.0362730083034252,0.054735318857320296,0.3333333333333333,2684.82702378987
Timor-Leste,Mortalidad_Media,0.325,0.033115320669752195,0.7476071249731739,0.16751180061947588,0.47737832959399473,0.0,0.2398956356736243,0.049691967500251344,0.06384715568679646,0.03564263748264413,0.3333333333333333,1630.86938521256
Timor-Leste,Mortalidad_Alta,0.321,0.040886690967932286,0.7415551899277486,0.17848422077753479,0.5562893025778891,0.0,0.24303415559772296,0.06195922138841205,0.06886871899732308,0.03419260646242013,0.3333333333333333,1562.36458068032
Timor-Leste,Mortalidad_Alta,0.32,0.043051008036881486,0.7373774948136489,0.22457848703767858,0.7079167764589748,0.0,0.24713472485768503,0.06540694597331853,0.08689233471899052,0.02710584646678872,0.3333333333333333,1219.46599728983
Timor-Leste,Mortalidad_Alta,0.292,0.016365321864510323,0.7329994992488731,0.21645399895523987,0.7137442048782368,0.0,0.23049715370018975,0.02770891422668216,0.09178461335549351,0.028943073312902343,0.0,1266.17767952941
Timor-Leste,Mortalidad_Alta,0.28,0.01990292201369356,0.7288790328349666,0.21561474047607837,0.6817591568060732,0.0,0.22633776091081592,0.03497514275951343,0.09534767352732892,0.02984652986068602,0.0,1335.54390089814
Timor-Leste,Mortalidad_Alta,0.3,0.016202304392638183,0.724815795121253,0.22529227058955087,0.6531480095826524,0.0,0.2493358633776091,0.026708569171814533,0.09297931003166203,0.029318403056541154,0.0,1319.59297370991
Timor-Leste,Mortalidad_Alta,0.254,0.04248283765440386,0.7205379497818154,0.2660806373584267,0.6503883420597649,1.0,0.21737001897533206,0.08132622152421519,0.12967128634390304,0.025144026957189796,0.3333333333333333,1224.74957758801
Timor-Leste,Mortalidad_Alta,0.24,0.04467680600172119,0.7161313398669431,0.2694885323869765,0.6273339948907405,0.0,0.21222011385199244,0.09046849567042711,0.13899095332916958,0.025718893500591384,0.3333333333333333,1204.56841532931
Timor-Leste,Mortalidad_Alta,0.25,0.019127493062655317,0.7113384362257671,0.3261414269431514,0.7146851049016157,0.0,0.2286527514231499,0.037679838854692664,0.16144757094656123,0.021506352537682863,0.0,1022.61903188429
Timor-Leste,Mortalidad_Alta,0.22,0.02124256970720277,0.7061592388582874,0.2801224780726973,0.6901081475529106,0.0,0.20872865275142316,0.04744355196795543,0.1576023454641421,0.026655621350154195,0.3333333333333333,939.045241112693
Timor-Leste,Mortalidad_Alta,0.22,0.01703213857971684,0.7009800414908074,0.3236092152335819,0.7124247042269952,0.0,0.21749525616698293,0.038235576683605436,0.18204014739499813,0.023723292503710025,0.0,813.060177250597
Timor-Leste,Mortalidad_Alta,0.26,0.01760459916770515,0.6953287073467342,0.3155913474368868,0.6959675149640306,0.0,0.26789373814041745,0.033412513272782315,0.1502214384917812,0.025579330539126668,0.0,686.579295832381
Timor-Leste,Mortalidad_Alta,0.334,0.01512936811095585,0.6895056871020815,0.3813074057420424,0.6383332506519616,0.0,0.35935104364326376,0.022444166194230387,0.14126385488517246,0.021662792405537572,0.0,628.153219252849
Timor-Leste,Mortalidad_Alta,0.2668,0.0023657198256270624,0.682895772229773,0.37930664259023095,0.6441599119871579,1.0,0.3002132827324478,0.005080240728432835,0.17591743190295886,0.022945170242725552,0.0,540.154584237662
Timor-Leste,Mortalidad_Alta,0.2258,0.002352291218062899,0.6755275770799054,0.407235893026084,0.6457337088251395,0.0,0.26650398481973436,0.005974080393317218,0.22315189055846657,0.02234215174790573,0.0,464.667001844159
Timor-Leste,Mortalidad_Alta,0.2752,0.00238698182077702,0.6668145074754988,0.36557653940041135,0.6466919207469847,0.0,0.3409973434535104,0.0049623472337815555,0.16437973124084246,0.02668542446855354,0.0,487.464555404292
Timor-Leste,Mortalidad_Alta,0.21780000000000002,0.002445752723313763,0.6592460118749552,0.3893171622250075,0.6125737604997541,0.0,0.28392523719165086,0.006399973650944401,0.2211771494005256,0.026324562948341325,0.0,474.420767344689
Timor-Leste,Mortalidad_Alta,0.16880000000000003,0.01668115404756866,0.6504757135703554,0.31446252532056396,0.6036025472805305,0.0,0.23125920303605318,0.04883269271249951,0.23055696921165397,0.03523780121209841,0.0,534.901153697657
Timor-Leste,Mortalidad_Alta,0.105,0.014524829586652013,0.6411331282638242,0.31195162939718674,0.5917562994964022,0.0,0.15142314990512334,0.06862372712660315,0.36769134656081603,0.03759240669434393,0.0,533.982476434866
Timor-Leste,Mortalidad_Alta,0.24600000000000002,0.013581151559241802,0.631046569854782,0.2724464714864975,0.60459636238745,1.0,0.3729677419354839,0.027444966737456392,0.1370874889687596,0.04591748205700016,0.0,587.804355560918
Timor-Leste,Mortalidad_Alta,0.28800000000000003,0.01219904036504723,0.6213892266971885,0.35943699716114685,0.5093285802264549,0.0,0.4585047438330171,0.021133645817945947,0.15443841393989025,0.03588455872099895,0.0,492.457669429651
Timor-Leste,Mortalidad_Alta,0.15,0.016703997276997833,0.4703913012375706,0.7151932842255253,0.24536170133911533,0.0,0.3925047438330171,0.05502632691794463,0.5897388740117454,0.029082412919393105,0.0,302.736982028369
Togo,Mortalidad_Alta,0.28800000000000003,0.019290880762974978,0.6813792116746547,0.23633282282629628,0.5088966440541771,0.0,0.20165464895635674,0.0329811459841634,0.10159288006386641,0.02289750583036842,0.0,898.758154410712
Togo,Mortalidad_Alta,0.322,0.019157725323564103,0.6676157092782029,0.23209127826227932,0.5127827466537007,1.0,0.23218216318785576,0.029299705864504335,0.08923715005867472,0.02417090571285573,0.0,939.613373786407
Togo,Mortalidad_Alta,0.312,0.019254677050124153,0.664682738393304,0.24110074901136488,0.5118744524140626,0.0,0.23148387096774195,0.030388305892585368,0.0956673518472955,0.023911284374559222,0.0,853.578220263722
Togo,Mortalidad_Alta,0.281,0.018763112063221527,0.6637098504900207,0.24663944470730956,0.5107070981440519,0.0,0.2143491461100569,0.03289909595441158,0.1086582535047233,0.02404940052917753,0.0,826.260654099894
Togo,Mortalidad_Alta,0.314,0.01862464112336727,0.6572143930180985,0.24834586636270653,0.5026567122409554,1.0,0.24667172675521817,0.029229375077154757,0.09791062468033972,0.024672572576074237,0.0,851.130806891807
Togo,Mortalidad_Alta,0.368,0.018293656632419195,0.6505472494455968,0.25677560495980867,0.502831485411004,0.0,0.2981707779886148,0.02450754892727482,0.08637531152115675,0.02460499112748982,0.0,792.765487219069
Togo,Mortalidad_Alta,0.29,0.01917042324860281,0.6438801058730952,0.25765797066343926,0.5006041561885867,0.0,0.24212523719165086,0.032553843484089524,0.10998345706469778,0.025356267574690176,0.0,772.581787093976
Togo,Mortalidad_Alta,0.29,0.01814583411064527,0.6374561842764146,0.23913996417669334,0.4867782417453411,1.0,0.2498292220113852,0.030853987973254633,0.10208896428535241,0.02855477548022009,0.0,751.052405084336
Togo,Mortalidad_Alta,0.23800000000000002,0.019206046638454422,0.6309607268044923,0.2444170981612986,0.47901936314676685,0.0,0.2113548387096774,0.0397384622098106,0.12713536940940812,0.028829076397634795,0.0,855.585284856656
Togo,Mortalidad_Alta,0.24,0.018887215844640395,0.6249374061091637,0.24189493213569527,0.5116306921399457,0.0,0.21996204933586333,0.03876814881626359,0.12477666487255731,0.030204212111913,0.0,826.543259457126
Togo,Mortalidad_Alta,0.24,0.01997611348648737,0.6191430002146074,0.2651358107560754,0.5203300773367128,0.0,0.22679316888045536,0.04095106003855428,0.1367487362835671,0.028220272860982235,0.0,762.392047587088
Togo,Mortalidad_Alta,0.28,0.02058859600151327,0.6144502467987696,0.25107566855465274,0.5057105551331562,1.0,0.2730929791271347,0.03615334515324465,0.11100508858189292,0.031052611869182414,0.0,783.989380490906
Togo,Mortalidad_Alta,0.27,0.021034833400605683,0.6089419844051791,0.26642483206775963,0.5032028194107843,0.0,0.2715370018975332,0.03828753246415871,0.1221446663992418,0.03008369421343081,0.3333333333333333,704.987164181378
Togo,Mortalidad_Alta,0.23,0.021630211975129605,0.604649831890693,0.2698487815039707,0.5020232280743797,0.0,0.23829222011385198,0.04619168183209111,0.14522768182927123,0.030655697463850107,0.3333333333333333,720.694168794129
Togo,Mortalidad_Alta,0.24,0.018222379370956925,0.6007010515773661,0.26141150765049825,0.4827183425289492,0.0,0.25548387096774194,0.03743535228551696,0.13483023640821748,0.032713315382100004,0.0,718.948786366771
Togo,Mortalidad_Alta,0.3,0.018003192522245474,0.5968524214893769,0.2139289079185065,0.4863794490472252,0.0,0.32846299810246676,0.02959675903071942,0.08829642375738327,0.0419496650488115,0.0,607.588224471809
Togo,Mortalidad_Alta,0.1,0.017836138652696207,0.5934186994777881,0.21432184605312934,0.503346230628375,1.0,0.11252371916508538,0.08798653484300221,0.2653750653061522,0.04311934508395381,0.0,552.50227125256
Togo,Mortalidad_Alta,0.1,0.018389418568937815,0.5901852779168753,0.2190252917326032,0.5132365290672721,0.0,0.1157495256166983,0.09064851714543408,0.2711899904788782,0.04342622943119144,0.0,551.259850017077
Togo,Mortalidad_Alta,0.1,0.018514870349021696,0.5855783675513269,0.19464180982128015,0.49250405732331415,0.0,0.11916508538899431,0.09125210026600057,0.24104440521494383,0.050821496876983625,0.0,560.266308533382
Togo,Mortalidad_Alta,0.1,0.018804905134583084,0.5813577509120824,0.18409364384646765,0.47829168614024264,0.0,0.12277039848197344,0.09264753762707206,0.2280035836485957,0.055648287392140755,0.0,538.16537776929
Togo,Mortalidad_Alta,0.1,0.018251403238873604,0.5775377351741897,0.19887504088064858,0.48143175309455954,0.0,0.12656546489563567,0.08998448732018595,0.24627799852644155,0.05296108039238768,0.0,445.238691488925
Togo,Mortalidad_Alta,0.1,0.01806906975560899,0.5734458831103799,0.19158663966991368,0.5001584166938419,0.0,0.13036053130929792,0.0891072306344775,0.23726726244965743,0.05684891663030767,0.0,396.692654520135
Togo,Mortalidad_Alta,0.1,0.01860901993539853,0.5710279705272192,0.18704010672192373,0.4726132916417416,0.0,0.13434535104364326,0.09170507989775531,0.23164633033104678,0.060191782417784306,0.0,409.889802792768
Togo,Mortalidad_Alta,0.266,0.016030442248527333,0.5583661206094856,0.2116201864053146,0.5212992370757635,0.0,0.40429981024667927,0.02981159072593309,0.09850938786886665,0.060201348422270415,0.0,419.220334892756
Trinidad and Tobago,Mortalidad_Media,0.44200000000000006,0.5118251646361791,0.8393447313827884,0.009278303883812029,0.5050708865267252,0.0,0.14761290322580647,0.5576253412931463,0.0026871774350927064,0.3045329369196154,1.0,20874.37682915
Trinidad and Tobago,Mortalidad_Media,0.364,0.5202829364054025,0.807582802775592,0.011191551366933717,0.5527263714106523,0.0,0.12501707779886148,0.6882957916542882,0.003912828190309401,0.2607018403452004,1.0,17679.1812561341
Trinidad and Tobago,Mortalidad_Media,0.374,0.4978891564990424,0.8295300092996636,0.013049889567449567,0.6396813858819843,0.0,0.132,0.6410839649843032,0.004422508013613103,0.23031074162784007,1.0,15358.8612973066
Trinidad and Tobago,Mortalidad_Media,0.329,0.5815258872790018,0.8322626797338863,0.009309347672947705,0.6109166596008947,0.0,0.11861480075901329,0.8510800645862625,0.0036217945484721035,0.3279494241836886,1.0,17293.4730123427
Trinidad and Tobago,Mortalidad_Media,0.331,0.5748801950785599,0.8297160025752914,0.01187486213623339,0.5784732228563355,0.0,0.12122011385199241,0.8362776900485513,0.0045581509811795,0.26244259598818614,1.0,17575.8042838042
Trinidad and Tobago,Mortalidad_Media,0.368,0.571806211691708,0.8343801416410328,0.013410297626629307,0.6013347321293007,0.0,0.13756356736242883,0.74817645978556,0.004615694752804853,0.23763591354504346,1.0,17578.6417765865
Trinidad and Tobago,Mortalidad_Media,0.38,0.5680995306767476,0.8336790900636668,0.012231091367543776,0.6160563292334349,0.0,0.14493358633776093,0.7198567124049916,0.004086286877132809,0.2656083032575902,1.0,17449.1623528186
Trinidad and Tobago,Mortalidad_Media,0.38,0.6513093077372382,0.8329208097861078,0.011340382925834194,0.5934908256206669,0.0,0.14709677419354839,0.8252107101222408,0.0037964991626840607,0.29045424576558165,1.0,19887.2337359338
Trinidad and Tobago,Mortalidad_Media,0.34,0.6776527679872347,0.8331497245868802,0.00813231347093754,0.5261071906418375,0.0,0.1341935483870968,0.9595724566822713,0.003076624366748908,0.4097776760185063,1.0,21908.3017802988
Trinidad and Tobago,Mortalidad_Media,0.32,0.6646528164990629,0.8315330138064239,0.008691784927525998,0.5043783731295487,0.0,0.12872865275142314,1.0,0.0034850637450457938,0.3916088238974901,1.0,21304.9776454565
Trinidad and Tobago,Mortalidad_Media,0.36,0.6715524035499125,0.8276414621932899,0.0075665852074724,0.48302522578910523,0.0,0.14686907020872866,0.898109949053261,0.002711418429407972,0.4542740761988383,1.0,20332.1389531925
Trinidad and Tobago,Mortalidad_Media,0.36,0.6882046861732062,0.8236211460047214,0.005449062915263999,0.4166246854825356,0.0,0.14960151802656546,0.9203651505329808,0.001984219069153915,0.6336048403962536,1.0,19151.0870229722
Trinidad and Tobago,Mortalidad_Media,0.36,0.6965545839593567,0.817569210959296,0.006254004001904511,0.4454085791468425,0.0,0.15233396584440229,0.9315245009817835,0.002260651881880863,0.5659342944000803,1.0,16815.424737361
Trinidad and Tobago,Mortalidad_Media,0.34,0.6582391779374454,0.8117748050647398,0.00720317069666741,0.4569942392607119,0.0,0.14580645161290323,0.932100651659292,0.002738768445582654,0.5008925056169486,1.0,14634.0565003912
Trinidad and Tobago,Mortalidad_Media,0.32,0.6570318303643677,0.8076686458258817,0.004297046838307643,0.32756607833854595,0.0,0.1396584440227704,0.9885416666918317,0.001787168010458464,0.8321786737705203,1.0,21298.9945258063
Trinidad and Tobago,Mortalidad_Media,0.38,0.6795008050378145,0.8030903498104298,0.004374844413931679,0.3768293541093024,0.0,0.16944971537001896,0.8609046759898769,0.0015302946554103419,0.8362220407289209,1.0,16606.675360681
Trinidad and Tobago,Mortalidad_Media,0.42,0.6409449191486173,0.7979397667930466,0.006845411543639928,0.36022331747861874,0.0,0.19047438330170777,0.7347463728308239,0.0021117883022334803,0.5564841388711298,1.0,14152.6607422113
Trinidad and Tobago,Mortalidad_Media,0.46,0.576108517182054,0.7943343586808784,0.005796542997682831,0.37971207103535537,0.0,0.21210626185958253,0.6030410762043942,0.0016462570345113121,0.6633124433247145,1.0,12346.4373094075
Trinidad and Tobago,Mortalidad_Media,0.49,0.4757992275749264,0.7899563631161026,0.009308279899891154,0.43603107897091786,0.0,0.22965844402277039,0.46762720150113607,0.0024315069314477336,0.4273725913098142,1.0,9871.03419820086
Trinidad and Tobago,Mortalidad_Media,0.53,0.4672453599671812,0.7838758137205806,0.01166729273477137,0.4707888321872157,0.0,0.2514231499051233,0.4245694850305577,0.002798275331534205,0.34688301934421356,1.0,8445.04653518298
Trinidad and Tobago,Mortalidad_Media,0.53,0.416795630675608,0.7806996208598611,0.01736975032061869,0.557175284226561,0.0,0.2554459203036053,0.37877183135794235,0.004128466903963743,0.2378511046951851,1.0,6762.93080808096
Trinidad and Tobago,Mortalidad_Media,0.5,0.38644854285679264,0.7755776521925744,0.015951118713378877,0.5352843347405214,0.0,0.24478178368121442,0.3722964990569992,0.004025400732384414,0.2629938593001727,1.0,6657.41466937221
Trinidad and Tobago,Mortalidad_Media,0.5,0.3511207644331985,0.7720723943057444,0.016847348407572224,0.5134080334506873,0.0,0.2476280834914611,0.33830216158432785,0.004247004593232747,0.2520337346214358,1.0,6178.58975559687
Trinidad and Tobago,Mortalidad_Media,0.384,0.21394350841657706,0.7630016453251305,0.028941498143945272,0.5088900260253649,0.0,0.20256546489563568,0.26862322606872585,0.009423740215297769,0.1562910599109244,1.0,4114.68908475464
Tunisia,Mortalidad_Baja,0.473,0.043917064575205965,0.8782459403390799,0.13523478238606398,0.6230410843284899,0.0,0.10321631878557873,0.04513088034399402,0.035433149892410615,0.010952375234655668,0.3333333333333333,3708.8481241036
Tunisia,Mortalidad_Media,0.42,0.044308463442019864,0.8330781887116387,0.12736771732507382,0.605254072330492,1.0,0.09962049335863378,0.051274331415458105,0.037588727141728825,0.013146440044792014,0.3333333333333333,3906.93926319391
Tunisia,Mortalidad_Media,0.397,0.041154570532991604,0.8632806352385722,0.13118447388323254,0.6127889351201085,0.0,0.10169829222011385,0.05042265570287049,0.04095500125595069,0.013946766417515815,0.3333333333333333,3548.65363663803
Tunisia,Mortalidad_Baja,0.36600000000000005,0.04366521202820845,0.8717934043923028,0.1232691346085781,0.6099598456297084,0.0,0.10000759013282734,0.05799380654331624,0.04175014426572875,0.016274967390618233,0.3333333333333333,3528.87213306798
Tunisia,Mortalidad_Baja,0.368,0.044707551943674866,0.8685170613062452,0.12481649450955304,0.6044542704641884,0.0,0.10544212523719164,0.05904139043945819,0.04204308349025283,0.01697280229912939,0.3333333333333333,3628.10366464236
Tunisia,Mortalidad_Media,0.373,0.04474835157303469,0.8657557765219257,0.11339506810287782,0.6136804725075583,0.0,0.10970588235294117,0.0583025777718136,0.037693861539548415,0.019600058269392883,0.3333333333333333,3619.03247319953
Tunisia,Mortalidad_Media,0.4,0.04387693857086075,0.863323556763717,0.1075667884262308,0.607225552104622,0.0,0.11992409867172675,0.05331900168780043,0.03334813321975179,0.02130439353341413,0.3333333333333333,3847.80354448809
Tunisia,Mortalidad_Media,0.41000000000000003,0.04377518599975524,0.8614350096573431,0.11617885594442467,0.5986062383936631,1.0,0.12447817836812144,0.05189913342990024,0.03513164223625343,0.0197739700788004,0.3333333333333333,4014.94773686432
Tunisia,Mortalidad_Media,0.392,0.043161905101282226,0.860133056727949,0.10815076182279976,0.5821865940607266,0.0,0.11975711574952563,0.053529536602814676,0.03421288419708532,0.02163662703565621,0.3333333333333333,4458.97895464547
Tunisia,Mortalidad_Media,0.38,0.04297756874504311,0.8585592674726374,0.10052764774454341,0.5880894802076941,0.0,0.11681214421252373,0.05498655011130024,0.032813147506268965,0.023688197617079892,0.3333333333333333,4369.79345826358
Tunisia,Mortalidad_Media,0.43,0.042716359771747994,0.857486229344016,0.10471600193438378,0.5774969020195652,0.0,0.13299810246679317,0.04830049813870833,0.030201877217229813,0.022772002197497813,0.3333333333333333,4297.26782454273
Tunisia,Mortalidad_Media,0.42,0.04145100277177644,0.8556549109378353,0.09556077735294176,0.574525223219262,0.0,0.13149905123339659,0.04800099057469024,0.028226038162734376,0.025611945805422184,0.3333333333333333,4420.64772206537
Tunisia,Mortalidad_Media,0.44,0.04390156079642072,0.8551827741612419,0.08631334933036472,0.563848080006868,1.0,0.13943074003795067,0.0484987434251252,0.024344694621578684,0.02908585909050819,0.3333333333333333,4291.86120891575
Tunisia,Mortalidad_Media,0.42,0.03945821372708024,0.8534945275055439,0.10669469785367676,0.5650975496949897,0.0,0.13468690702087285,0.045718167285128335,0.03150341834632216,0.023231970765378907,0.3333333333333333,4080.09032448781
Tunisia,Mortalidad_Media,0.46,0.041051941097754466,0.8516632090993632,0.09900063952689826,0.5544814564288961,0.0,0.15013282732447816,0.043409601003599974,0.026696109199467633,0.025794803880063524,0.3333333333333333,4255.05008019523
Tunisia,Mortalidad_Media,0.49,0.039727454445986,0.8494742113169753,0.10904121394407919,0.5653640180808819,0.0,0.16457305502846298,0.03945136611587131,0.02759497601541212,0.023891788374492406,0.3333333333333333,3726.91672935667
Tunisia,Mortalidad_Media,0.5,0.03880954636474733,0.8473138278846841,0.11712421627912957,0.5715618098801809,0.0,0.17267552182163187,0.0377790769957591,0.029041698652234688,0.02273565411250793,0.3333333333333333,3322.56933570096
Tunisia,Mortalidad_Media,0.49,0.03717834688745356,0.8447957650761857,0.11572098388338273,0.5687683241652135,1.0,0.17573055028462997,0.036948415166925604,0.029280338889437124,0.02406405417155589,0.3333333333333333,3146.8260743927
Tunisia,Mortalidad_Media,0.48,0.038186236079820496,0.8420344802918664,0.12499392145903712,0.5627639746081188,0.0,0.1785199240986717,0.0387284306779887,0.03227872963897108,0.02297772994241747,0.3333333333333333,3067.41936376975
Tunisia,Mortalidad_Media,0.53,0.036543542951951634,0.8389584376564847,0.11726074515725633,0.5643540564406979,0.0,0.20616698292220115,0.0335835882018831,0.02742967651279503,0.02599208627638084,0.3333333333333333,2725.8643148859
Tunisia,Mortalidad_Media,0.52,0.03591886454864336,0.8356105586951854,0.10469352885466858,0.5601636424238414,0.0,0.21214421252371915,0.03365144564434508,0.024969286211829256,0.031097476757459615,0.3333333333333333,2320.7723805785
Tunisia,Mortalidad_Media,0.5,0.03581222694688011,0.8320623792832105,0.11891050663827951,0.5431343208541702,0.0,0.21537001897533206,0.0348948908863852,0.029483381005261478,0.028687049116666134,0.3333333333333333,2235.71981624751
Tunisia,Mortalidad_Media,0.5,0.034274883416680314,0.828943415122684,0.1263072464910605,0.5333407029900635,1.0,0.22675521821631878,0.033415574124645755,0.03131231628790958,0.028410863152219253,0.3333333333333333,2199.04465936314
Tunisia,Mortalidad_Media,0.5,0.02895522993766038,0.8029186637098504,0.14352168365749063,0.4557223700187921,1.0,0.29506641366223907,0.028296710055834146,0.035568798485640964,0.033026218222406395,0.3333333333333333,1968.16600944373
Uganda,Mortalidad_Media,0.24,0.021955627955744513,0.7584233493096786,0.30355406278230557,0.40141352336212194,0.0,0.1307020872865275,0.04491938927682762,0.15653912649458382,0.012567720418695158,0.3333333333333333,963.067314233497
Uganda,Mortalidad_Alta,0.25,0.021983630770766763,0.7408970598755276,0.30140364517676443,0.40362839641073506,0.0,0.13994307400379508,0.04317650541287727,0.149214126811039,0.01312633974570482,0.3333333333333333,882.791717442001
Uganda,Mortalidad_Alta,0.214,0.02160772920622063,0.740324772873596,0.30250759207505706,0.4149352976660613,0.0,0.12425806451612904,0.049594718416163336,0.17495333623950915,0.013676804648463813,0.3333333333333333,845.76646385001
Uganda,Mortalidad_Alta,0.254,0.020684019066389725,0.7395235710708918,0.2900604912342402,0.41676091308410035,1.0,0.15278557874762808,0.040034831935904604,0.14134316633596145,0.015041093806264725,0.0,822.171150141651
Uganda,Mortalidad_Alta,0.28300000000000003,0.021291106291504498,0.7312397167179341,0.2939177258339343,0.4206466703994918,0.0,0.17667362428842506,0.036964430115077315,0.1285443063472404,0.015485912335258355,0.3333333333333333,792.16570022814
Uganda,Mortalidad_Alta,0.287,0.021293442639873338,0.7226411045139136,0.29655694858616893,0.42223852875159407,0.0,0.18842884250474382,0.03645316308089415,0.12788964775952474,0.016281071189654654,0.3333333333333333,765.218332297361
Uganda,Mortalidad_Alta,0.26,0.021527861295766344,0.7129122254810787,0.2864512901925707,0.43311554232018923,1.0,0.17958254269449714,0.04067247340822279,0.1363652095488064,0.018025826833340943,0.3333333333333333,752.696571725656
Uganda,Mortalidad_Alta,0.26,0.021386605628167275,0.7034265684240646,0.2967282334439864,0.43159212663144597,0.0,0.18944971537001898,0.04041108110707133,0.14125194252025075,0.01841929104946507,0.3333333333333333,862.934610355811
Uganda,Mortalidad_Alta,0.23800000000000002,0.020712621911314812,0.6923528149366907,0.31378300303215234,0.428708891339724,0.0,0.182,0.04278407113209614,0.1631680935452696,0.018256325445168003,0.0,896.054795546394
Uganda,Mortalidad_Alta,0.24,0.020403751097580376,0.6822805637026967,0.3291006843302669,0.43431134706356567,0.0,0.19218216318785578,0.04180834441906329,0.16969895502249643,0.018223052153745548,0.0,818.285427416713
Uganda,Mortalidad_Alta,0.25,0.01978832147467392,0.6712068102153228,0.3436158257807891,0.4332489977469217,1.0,0.20920303605313093,0.03895160996808295,0.17008909280979242,0.018242890383868022,0.0,795.222867553127
Uganda,Mortalidad_Alta,0.25,0.019470427137205586,0.659932756277273,0.36629453636702025,0.448444805880311,0.0,0.2215370018975332,0.03833981902787867,0.18130427538526944,0.018101805084196818,0.0,835.620060555838
Uganda,Mortalidad_Alta,0.26,0.01909320949820707,0.6480291866370984,0.41563571532375265,0.437145928768806,0.0,0.24421252371916508,0.03616717286571385,0.1977929876576978,0.016693993795825326,0.0,823.488144282
Uganda,Mortalidad_Alta,0.28,0.01879847897263977,0.6365548322483725,0.44100831185774647,0.4353349159472665,1.0,0.2784060721062619,0.03307736413902488,0.19486793114533416,0.016648551690644848,0.0,798.947089938247
Uganda,Mortalidad_Alta,0.27,0.018237251381349778,0.6236211460047212,0.2703062308847264,0.46120513839099453,0.0,0.28229601518026565,0.033302369936951445,0.12392193268633901,0.030908742357829734,0.0,472.842681495852
Uganda,Mortalidad_Alta,0.25,0.017957132503378347,0.6092424350811931,0.28161420346141663,0.4615496822720532,0.0,0.2784629981024668,0.035427467854188745,0.13942775906052263,0.031682181066919744,0.0,401.389130865581
Uganda,Mortalidad_Alta,0.26,0.017827552567209574,0.5930753272766291,0.3038478111089715,0.4637583007226289,0.0,0.3093358633776091,0.03382508646815607,0.144637333882945,0.03133471057888909,0.0,346.518255310647
Uganda,Mortalidad_Alta,0.22,0.01775449551609034,0.5760211746190713,0.3170096780801064,0.44314783087814247,1.0,0.279696394686907,0.03981533054139567,0.17833147223743706,0.03217500990085079,0.0,330.405402707025
Uganda,Mortalidad_Alta,0.21,0.017585249424006383,0.5584662708348236,0.2739226210693625,0.5197735386715917,0.0,0.28571157495256166,0.04132354169264906,0.16145723997214464,0.040628427560290066,0.0,292.38185796262
Uganda,Mortalidad_Alta,0.19,0.01757315624461088,0.5400815508977752,0.3098223895809783,0.45712297819319536,0.0,0.27616698292220115,0.04564276522764177,0.20181237351542416,0.03819822200726792,0.0,250.71543664681
Uganda,Mortalidad_Alta,0.23,0.01752375069624274,0.5261892839258888,0.2962354028709472,0.4708459952291274,1.0,0.35525616698292223,0.03760154356979145,0.15941119927087322,0.0428192294018464,0.0,241.984688408335
Uganda,Mortalidad_Alta,0.22,0.01746657329147832,0.5137849631590241,0.35213284071066586,0.4370750314047096,0.0,0.35859582542694496,0.039185660883403764,0.19806928076455985,0.03765011983473751,0.0,236.021188853993
Uganda,Mortalidad_Alta,0.26,0.017489405913673445,0.5003934473138278,0.34781557667044966,0.4358277393319365,0.0,0.4430360531309298,0.03319934922591422,0.1655442051571844,0.04004031329739158,0.0,258.050338731086
Uganda,Mortalidad_Alta,0.3,0.018025529183618806,0.4727233707704414,0.5729116842243736,0.3062551777642897,0.0,0.5624288425047438,0.029632581643906572,0.23623463223759567,0.0256590804032895,0.0,278.520835668767
Ukraine,Mortalidad_Media,0.33799999999999997,0.06883514495785685,0.8297160025752914,0.10816742550997317,0.6302051689187819,0.0,0.05130929791271347,0.09862627885840311,0.03968494306653073,0.009087916031559794,0.6666666666666666,4199.6708984375
Ukraine,Mortalidad_Media,0.379,0.0919564845091124,0.8150225338007009,0.1374372514039451,0.5183260470869024,0.0,0.057533206831119545,0.11730869796167602,0.044939772380827865,0.006455530087973687,0.6666666666666666,4775.94580078125
Ukraine,Mortalidad_Media,0.379,0.08925269378442702,0.8386579869804707,0.1174968174623361,0.5626202796760807,1.0,0.058252371916508526,0.11387632776842485,0.038435130470480555,0.00824949140309493,0.6666666666666666,3709.76928710938
Ukraine,Mortalidad_Media,0.29600000000000004,0.09179137721233499,0.8477716574862293,0.11313101303990873,0.5477457896596515,1.0,0.04661859582542695,0.14993432044735622,0.04738907066376706,0.008990182580751677,0.6666666666666666,3619.86157226563
Ukraine,Mortalidad_Media,0.29,0.09555656656668113,0.8427498390442807,0.12799314689382535,0.5117913153822612,1.0,0.0467741935483871,0.15928308729541657,0.054705475835078794,0.007828395854776685,0.6666666666666666,3059.0517578125
Ukraine,Mortalidad_Media,0.292,0.09087298049640492,0.848816081264754,0.12847560293454685,0.5075315026139672,1.0,0.04820493358633776,0.15047497554072178,0.05453504999833454,0.008047617766734351,0.6666666666666666,2604.28759765625
Ukraine,Mortalidad_Media,0.26,0.09273594037101966,0.8401745475355891,0.14806705686856989,0.4956219836280855,1.0,0.043908918406072105,0.17244236247834419,0.07056288105786253,0.006775677850682166,0.6666666666666666,2158.46118164063
Ukraine,Mortalidad_Media,0.25,0.09364995886838945,0.8301166034766436,0.15228991769440745,0.5099252011518445,1.0,0.04364326375711575,0.1810990950286848,0.07547370528813825,0.00682713323782114,0.6666666666666666,2094.47387695313
Ukraine,Mortalidad_Media,0.219,0.10622519678784616,0.8174833679090063,0.12818393071373668,0.544021726877734,1.0,0.039478178368121446,0.23436103933913574,0.07254874347057111,0.009119396970205904,0.6666666666666666,3054.908203125
Ukraine,Mortalidad_Media,0.23,0.1164026814065682,0.81277630731812,0.10967761039628697,0.572342954157417,1.0,0.04320683111954459,0.2444423313782876,0.059131376908215946,0.011820053569239496,0.6666666666666666,4129.89697265625
Ukraine,Mortalidad_Media,0.24,0.12258117960367915,0.807282352099578,0.09789533086719295,0.5476293196884646,1.0,0.046907020872865274,0.24664325890417807,0.05059816509623326,0.014318287313881363,0.6666666666666666,3951.34228515625
Ukraine,Mortalidad_Media,0.22,0.12638067340811876,0.8018599327562772,0.10281721326133245,0.5365124583419378,1.0,0.0450853889943074,0.2773746518977443,0.057963898764224975,0.01429202693682057,1.0,3656.69799804688
Ukraine,Mortalidad_Media,0.25,0.13175642952717895,0.7943772802060234,0.09335061036379966,0.5591915997923902,1.0,0.054079696394686905,0.2544353919186238,0.04632676194356221,0.0171461947519982,1.0,3039.63232421875
Ukraine,Mortalidad_Media,0.27,0.11340917438060538,0.7796551970813363,0.08706319113901444,0.5649561930574116,1.0,0.06096774193548387,0.2028943607749311,0.04001618317622451,0.019578726670529806,0.6666666666666666,2607.08764648438
Ukraine,Mortalidad_Media,0.28,0.13301479666250943,0.766821661063023,0.08238068842556291,0.5294203798795711,1.0,0.06641366223908918,0.22933672543297295,0.03651952194218371,0.022093065925748168,1.0,4017.806640625
Ukraine,Mortalidad_Media,0.26,0.13700532686714706,0.7589956363116102,0.07918641186029617,0.5150385039045144,1.0,0.06413662239089184,0.25436245109121464,0.03780982299169899,0.024169851024298687,1.0,3160.32763671875
Ukraine,Mortalidad_Media,0.22,0.1325844451817735,0.7557765219257455,0.09128592862087516,0.4945837140112114,1.0,0.05635673624288425,0.29094195069255196,0.05148377934277318,0.02145870892576913,1.0,2366.494140625
Ukraine,Mortalidad_Media,0.23,0.1371396100028619,0.7561628156520492,0.11199360945532948,0.48955246258151686,1.0,0.061100569259962045,0.28782106349819325,0.060376288584925504,0.017641820535610513,1.0,1875.33508300781
Ukraine,Mortalidad_Media,0.24,0.13682440200081183,0.7555189927748764,0.13175823956852745,0.510539371316777,1.0,0.06648956356736242,0.2751966222483633,0.06804196176928046,0.015271197259967546,1.0,1401.01806640625
Ukraine,Mortalidad_Media,0.21,0.13478622931762757,0.7578939838328922,0.13254925500560355,0.48853986345146794,1.0,0.06096774193548387,0.3098408011313393,0.07822792853707936,0.01604583047293551,1.0,1076.48156738281
Ukraine,Mortalidad_Media,0.15,0.12884305711076716,0.7587667215108376,0.15917298336275243,0.4586041844540608,1.0,0.04554079696394687,0.41471429428729795,0.13146258546813286,0.013553755560915004,1.0,903.011901855469
Ukraine,Mortalidad_Media,0.26,0.12628965830714098,0.7584233493096786,0.17654703948799658,0.4383684538098076,0.0,0.0828842504743833,0.23453320592969334,0.08410524153293307,0.012658056044708531,1.0,800.49072265625
Ukraine,Mortalidad_Media,0.28,0.12485635847721899,0.7600114457400384,0.1762394941732727,0.3796669229929047,0.0,0.09351043643263758,0.21531797662556615,0.07796193074945686,0.013447186022852534,0.6666666666666666,653.294311523438
Ukraine,Mortalidad_Media,0.1,0.14660340697412658,0.7503970241075899,0.17393585269411393,0.35379573938310127,1.0,0.03681214421252372,0.7075213839165082,0.21544538706329502,0.015404236848042764,1.0,933.191772460938
United Arab Emirates,Mortalidad_Baja,0.718,0.3864015100567291,0.9417268760283279,0.008572522055254612,0.476227242536174,0.0,0.057222011385199244,0.25922788405426556,0.0015326960854416581,0.07598322927251973,1.0,49899.0652975197
United Arab Emirates,Mortalidad_Baja,0.66,0.40210694925507584,0.9216396022605335,0.011610769583148557,0.518461248477145,0.0,0.055104364326375714,0.2934574860495583,0.002236511972798221,0.05862226554447749,1.0,43360.0211001327
United Arab Emirates,Mortalidad_Baja,0.6459999999999999,0.3779803686882171,0.9624579726732956,0.011869859603794974,0.5748442990187309,0.0,0.05761290322580645,0.28184826213099845,0.002334565798460708,0.06143947643650463,1.0,37173.8754093066
United Arab Emirates,Mortalidad_Baja,0.788,0.40871009976350386,0.9719007082051649,0.00912133458288329,0.5505194648414465,0.0,0.07476280834914611,0.249820937378114,0.0014826473694828425,0.08560366955617843,1.0,44251.4541398817
United Arab Emirates,Mortalidad_Baja,0.773,0.3932000674800872,0.9697975534730667,0.00867524735072473,0.5236188244320322,1.0,0.07774003795066413,0.2450149990548397,0.001440072235909752,0.09560697109068597,1.0,45689.8570049401
United Arab Emirates,Mortalidad_Baja,0.742,0.39500227903999746,0.9689248157951211,0.009311743208549885,0.5731127355223317,0.0,0.07884629981024667,0.25642006464405515,0.0016062891769936145,0.0943056752502773,1.0,42340.5917160161
United Arab Emirates,Mortalidad_Baja,0.7000000000000001,0.48013464899416214,0.9661635310108017,0.009173864350894219,0.5903345499547753,0.0,0.07703984819734346,0.33031888510771773,0.0016783149201563747,0.09925849256254922,1.0,41326.4018161569
United Arab Emirates,Mortalidad_Baja,0.6900000000000001,0.4704273317897868,0.9644609771800556,0.008829741740969291,0.5641261704121149,0.0,0.07986717267552182,0.3283373354877437,0.0016409799440581126,0.10861629946726856,1.0,43534.9972694631
United Arab Emirates,Mortalidad_Baja,0.664,0.4466218431629123,0.963230560125903,0.007628021530157284,0.46674319283850607,0.0,0.07937760910815941,0.32394470515103735,0.0014814850592861266,0.12974309896128444,1.0,51381.4069901746
United Arab Emirates,Mortalidad_Baja,0.68,0.41064593965205237,0.9626582731239717,0.007684421134272228,0.44144614552511185,1.0,0.08387096774193549,0.2908680656258419,0.0014568806304539488,0.1330006088698891,1.0,52023.5170959441
United Arab Emirates,Mortalidad_Baja,0.63,0.3993197623680061,0.9621289076471848,0.007618251256880302,0.4145475015182364,0.0,0.08009487666034155,0.30530309253208393,0.0015595209031711592,0.1383643673096473,1.0,52034.4762476071
United Arab Emirates,Mortalidad_Baja,0.65,0.3967244321847654,0.9619143000214607,0.007915374465602719,0.40847526763858516,0.0,0.08387096774193549,0.29398809746216165,0.0015680490161516017,0.13529684791585145,1.0,50789.050540755
United Arab Emirates,Mortalidad_Baja,0.59,0.41464687081185003,0.9617426139208811,0.00897343575720882,0.4690800661765957,0.0,0.07836812144212524,0.3385004118211858,0.0019492224093392125,0.12314493427783149,1.0,43696.6712590463
United Arab Emirates,Mortalidad_Baja,0.5700000000000001,0.4397638106493896,0.958781028685886,0.01279367020400759,0.4614591357163549,0.0,0.07787476280834914,0.3715784133251371,0.0028462128000992138,0.08889437177524587,1.0,37803.0663738777
United Arab Emirates,Mortalidad_Baja,0.62,0.4370060077663204,0.9575219972816367,0.010141290901470904,0.39574165032828473,0.0,0.08588235294117648,0.33947232347214773,0.002087781492847359,0.11385541327229158,1.0,50054.1700681803
United Arab Emirates,Mortalidad_Baja,0.62,0.4139729920996655,0.9553329994992488,0.012031603946068056,0.43027272134380345,0.0,0.08823529411764706,0.32159842151087464,0.002464719595060603,0.09865702027292454,1.0,45854.7325158162
United Arab Emirates,Mortalidad_Baja,0.61,0.4283395613672531,0.9512840689605837,0.013519559059016107,0.3940076554674512,0.0,0.0879696394686907,0.3382019247890423,0.0028066947349707915,0.08891524311321927,1.0,44342.6048322482
United Arab Emirates,Mortalidad_Baja,0.52,0.4420650843511908,0.9459045711424279,0.017330994770645466,0.4163362149324435,0.0,0.07597722960151802,0.40943634972154047,0.004198646278670253,0.06996384136059404,1.0,38719.3138307623
United Arab Emirates,Mortalidad_Baja,0.7000000000000001,0.43769771031930027,0.9386508333929466,0.020747400551364262,0.4584732029062455,0.0,0.10493358633776091,0.30115091104568037,0.003722386181215893,0.059682108328067585,1.0,33376.7152295209
United Arab Emirates,Mortalidad_Baja,0.9,0.46837793291702146,0.9290364117604977,0.024067243935762286,0.48464203024185104,0.0,0.1366223908918406,0.25062971017225444,0.0033512294069418147,0.05179990228235144,1.0,29659.5428567811
United Arab Emirates,Mortalidad_Baja,0.9,0.5038357001345329,0.9164604048930538,0.027555617335883135,0.499460989414493,0.0,0.1400379506641366,0.2695849434288141,0.0038304201883997946,0.04611178450497423,1.0,27753.6089526346
United Arab Emirates,Mortalidad_Baja,0.9,0.5426807447112616,0.9007225123399383,0.027997014062012836,0.47476925984523843,0.0,0.14174573055028464,0.29035096843813013,0.0038910539617566745,0.04593499257261178,1.0,27745.1708087672
United Arab Emirates,Mortalidad_Baja,0.9,0.4152277119172382,0.882495171328421,0.028306442677820405,0.48770969619494575,0.0,0.14516129032258066,0.2222163351701469,0.003933559543357887,0.04657655768643413,1.0,29865.502347066
United Arab Emirates,Mortalidad_Media,0.7308,0.526791676535797,0.8116031189641604,0.022287668375924635,0.5270188068123692,0.0,0.1317381404174573,0.3471143987221821,0.003826074778687808,0.06728017558564672,1.0,27003.2006807782
United Kingdom,Mortalidad_Baja,0.871,0.1045888326534309,0.9492269763530308,0.008028234933818133,0.7450950298540817,0.0,0.0644573055028463,0.05802269539629573,0.0011862054337863936,0.07511496432612416,0.6666666666666666,46062.9914079698
United Kingdom,Mortalidad_Baja,0.865,0.10967667609927402,0.9440205604574103,0.008637703443212373,0.7493556030329599,1.0,0.06401328273244782,0.061255109275152805,0.0012815424750837606,0.06978479901291018,0.6666666666666666,46926.475736105
United Kingdom,Mortalidad_Baja,0.899,0.10712803931272114,0.9395057743409543,0.008164119020072155,0.7486923357678165,1.0,0.06652941176470588,0.057574471701234316,0.0011679470991267195,0.07386030952059991,0.6666666666666666,40404.8062238951
United Kingdom,Mortalidad_Baja,0.838,0.11631069923685147,0.9543475491983617,0.007324356291593353,0.7357434687534666,1.0,0.060425047438330166,0.06703756689471989,0.0011290734952591665,0.08013157988852365,0.6666666666666666,42794.0022648288
United Kingdom,Mortalidad_Baja,0.79,0.12170289953426232,0.9527304894624165,0.006898969076110187,0.733186224366935,1.0,0.056963946869070206,0.07439470552880247,0.0011311043893962834,0.08504206046094345,0.6666666666666666,43315.4874501318
United Kingdom,Mortalidad_Baja,0.783,0.12294874209048652,0.9527304894624165,0.007189919598566214,0.7333368829111173,1.0,0.05645920303605313,0.0758253213139525,0.0011871558399309662,0.08162340415809867,0.6666666666666666,40629.2340347345
United Kingdom,Mortalidad_Baja,0.78,0.12471153499527918,0.9512997719575877,0.006997167797817381,0.7352639665143808,1.0,0.05624288425047438,0.07720430113199953,0.0011611703730767106,0.0838578713039806,0.6666666666666666,40988.1044233026
United Kingdom,Mortalidad_Baja,0.76,0.12832290256374707,0.9484383369479306,0.007659036219833754,0.7297977737591123,1.0,0.05624288425047438,0.08152221505495529,0.0012993953446078792,0.07873942841344704,1.0,44983.885522934
United Kingdom,Mortalidad_Baja,0.7640000000000001,0.12800570265564068,0.9534284004403819,0.009099849562118498,0.7268557680198213,1.0,0.056538899430740044,0.08089564112020577,0.0015257459539059894,0.06620242276670235,1.0,47426.6209829995
United Kingdom,Mortalidad_Baja,0.78,0.13702454387485122,0.9491362479258958,0.0076857795688666285,0.7245707050670956,1.0,0.05920303605313093,0.08479933732850553,0.0012703163763771045,0.08056227695621965,1.0,43419.0352598932
United Kingdom,Mortalidad_Baja,0.76,0.14010953605447482,0.9477055304210673,0.00762403334859003,0.7297070234801756,1.0,0.059127134724857686,0.08898389204619074,0.001293701336567818,0.08332629517341351,1.0,42490.1465463521
United Kingdom,Mortalidad_Baja,0.77,0.1375598019346033,0.9483685458501336,0.00830855589550644,0.727725860470679,1.0,0.06282732447817838,0.08623507861581467,0.0013868069386757022,0.08035171618348835,1.0,42109.6418795749
United Kingdom,Mortalidad_Baja,0.77,0.1496827687841793,0.9405170473480249,0.00709598434370677,0.7349851390680407,1.0,0.06428842504743833,0.09381000559013504,0.0011921164892290583,0.09627678997376969,1.0,39598.957119545
United Kingdom,Mortalidad_Baja,0.84,0.14545718449064565,0.9354920883066757,0.008226509488018232,0.7453880566827591,1.0,0.07332068311195446,0.08357221325672952,0.0012591641059453375,0.08704625294943052,1.0,38744.131693043
United Kingdom,Mortalidad_Baja,0.86,0.1559527639231691,0.9290364117604977,0.008205990727266481,0.7226021519889051,1.0,0.07833017077798862,0.08750043247341091,0.0012269315005660677,0.09120109605172882,1.0,47396.1202078484
United Kingdom,Mortalidad_Baja,0.86,0.15936050049514275,0.9268728877288059,0.006789540309469182,0.7212152236272049,1.0,0.07996204933586337,0.0894068930188956,0.0010233065820843528,0.11236660664140076,1.0,50397.6854954706
United Kingdom,Mortalidad_Baja,0.86,0.16666816669452403,0.9240114527191485,0.006893862057238457,0.717491434092103,1.0,0.08159392789373814,0.09349517184985687,0.0010383035824159438,0.11302240650212667,1.0,44512.4590296865
United Kingdom,Mortalidad_Baja,0.87,0.17077530634411184,0.9211500177094913,0.006566570750796412,0.7162362311080488,1.0,0.08419354838709676,0.09469184594719918,0.0009798593931030183,0.12098074288788614,1.0,42104.7884375024
United Kingdom,Mortalidad_Baja,0.87,0.17114440760266164,0.9168229696461061,0.008890455346302709,0.7127540544950897,1.0,0.08584440227703985,0.09489596640392935,0.0013100945468777585,0.09147545021595382,1.0,40366.8886650968
United Kingdom,Mortalidad_Baja,0.8300000000000001,0.1742332732829095,0.9125308171316202,0.010434700319016424,0.7057207258104028,1.0,0.08347248576850094,0.10125979428709907,0.001603251899636234,0.07943876329398433,1.0,34442.6875402308
United Kingdom,Mortalidad_Baja,0.87,0.17203171867606087,0.9082037690682365,0.010962550459099345,0.6996081689593618,1.0,0.08914611005692599,0.09538666736299838,0.0016045492067750103,0.07705893147156605,1.0,30077.741432188
United Kingdom,Mortalidad_Baja,0.86,0.17523561503643745,0.9060402450365448,0.009285495845941242,0.6960325064792876,1.0,0.08975332068311195,0.0982882366582309,0.0013821181128391366,0.09282439473527598,1.0,27906.5695029641
United Kingdom,Mortalidad_Baja,0.87,0.1752700820575701,0.9024460035000241,0.010046345087547775,0.6821176548539961,1.0,0.09079696394686906,0.09717754777096295,0.0014743520264379891,0.0857750422754622,1.0,28280.926786099
United Kingdom,Mortalidad_Baja,0.9,0.17263176091850702,0.8894997548587693,0.015082093113842922,0.6688559714421044,1.0,0.10417457305502846,0.09252788609017111,0.0021169574555147345,0.06320978290814927,1.0,23168.9529580171
United States,Mortalidad_Baja,0.757,0.3014648656150669,0.8980491643388424,0.013783267603582705,0.823725952705145,1.0,0.07900379506641367,0.19188937659803576,0.002304737629631886,0.06218705179294845,1.0,77860.9112908848
United States,Mortalidad_Baja,0.768,0.29845488334198345,0.8822414806879304,0.011889119520571381,0.8328833347783936,1.0,0.08015180265654648,0.18725530283993433,0.001966810718688406,0.07233988933260307,1.0,71307.4017277218
United States,Mortalidad_Baja,0.772,0.2843781106248496,0.891558592243767,0.009325284256449537,0.8388000540813246,1.0,0.08056925996204933,0.17751210998849878,0.0015460371308235457,0.09242821667018661,1.0,64401.5074354212
United States,Mortalidad_Baja,0.774,0.3103826717040294,0.9174161939773775,0.009319472251115176,0.8290687094013728,1.0,0.08077798861480077,0.19321816614578374,0.0015411138500587788,0.0924858837243073,1.0,65227.9565911038
United States,Mortalidad_Baja,0.7190000000000001,0.31215343230977133,0.9152875654945833,0.010522647484357668,0.8227639775201733,1.0,0.0764022770398482,0.2091833412679996,0.0018658860752611482,0.08341366191258676,1.0,62875.6661382728
United States,Mortalidad_Baja,0.7809999999999999,0.30532827619734826,0.9138568479897544,0.011082648662928907,0.8259683844050265,1.0,0.08299051233396584,0.1883726651603255,0.0018064093367273857,0.07915819000378946,1.0,60047.7190728307
United States,Mortalidad_Baja,0.74,0.3087141957145776,0.9138568479897544,0.010943360847304897,0.8295988699585998,1.0,0.08003795066413662,0.20101096050332123,0.0018832234805874748,0.08166783927861905,1.0,57976.628204291
United States,Mortalidad_Baja,0.73,0.31453843802659304,0.9160203720214464,0.012271283614440688,0.8214843934414242,1.0,0.0803415559772296,0.20760317042984378,0.002133915106893053,0.07404642442365213,1.0,56849.4697923159
United States,Mortalidad_Baja,0.72,0.320464786301788,0.9181838960531383,0.014087720318205382,0.8101369131659785,1.0,0.07924098671726755,0.21444672784812574,0.002475453100778885,0.06430072433551806,1.0,55153.3940182967
United States,Mortalidad_Baja,0.71,0.3192011358048678,0.916753178548311,0.015853489108276695,0.8088685690019539,1.0,0.0794876660341556,0.21661079850432222,0.002817789159676312,0.057962446325185636,1.0,53297.3862901595
United States,Mortalidad_Baja,0.71,0.3160520968139847,0.916753178548311,0.013644052627998489,0.8109834028296173,1.0,0.0808349146110057,0.21447686959370937,0.002433063485326327,0.06885241344281286,1.0,51708.3940614082
United States,Mortalidad_Baja,0.75,0.324831727655619,0.9153224610434809,0.014264943743468081,0.8073722955799272,1.0,0.08681214421252371,0.20867026666736707,0.002405648763886917,0.06693400130519678,1.0,50024.8812320773
United States,Mortalidad_Baja,0.73,0.33192802094658064,0.9138917435386535,0.011927664420660627,0.8111198740021963,1.0,0.08588235294117648,0.21906427733982206,0.0020757205250030338,0.08169888963090982,1.0,48642.6312088213
United States,Mortalidad_Baja,0.72,0.3268847978090465,0.9117282195069603,0.01097451843355389,0.8107517871118087,1.0,0.08743833017077798,0.2187367898422783,0.001940885312002689,0.09183975853672875,1.0,47194.9500893872
United States,Mortalidad_Baja,0.73,0.34690889621280674,0.9067032604656111,0.012228167462189217,0.7918951793420813,1.0,0.09003795066413663,0.228937855896667,0.0021266130513082756,0.08367923176327789,1.0,48570.0594269601
United States,Mortalidad_Baja,0.76,0.3594940398274444,0.9059704539387481,0.012459721752690466,0.7843558140489382,1.0,0.09518026565464896,0.2278680191656213,0.0020803353375440387,0.08341825126458499,1.0,48050.227412195
United States,Mortalidad_Baja,0.75,0.35663491920743895,0.901678301424262,0.011317843785498553,0.7826028874437138,1.0,0.09535104364326376,0.22907212368683805,0.0019198441885469202,0.09336341783603366,1.0,46301.9876485519
United States,Mortalidad_Baja,0.75,0.363549074665517,0.8988168664146048,0.012307338610482952,0.7861768217196241,1.0,0.0967741935483871,0.2335075782491972,0.0020829540660903547,0.08712362212438061,1.0,44123.3996470026
United States,Mortalidad_Baja,0.77,0.3651801552924322,0.8988168664146048,0.014640703558140207,0.7867578793431305,1.0,0.09935483870967743,0.22846161242959515,0.0024034963641953047,0.07302851410489897,1.0,41724.6411982614
United States,Mortalidad_Baja,0.76,0.3611317852714996,0.8923611898684267,0.012404005624603958,0.7909106818280114,1.0,0.0995066413662239,0.22890481457518597,0.0020712718501782277,0.08775680518510694,1.0,39490.3023903176
United States,Mortalidad_Baja,0.78,0.36341309303103375,0.8909304723635982,0.010865011045612282,0.7919827908840376,1.0,0.10360531309297913,0.2244426399633561,0.0017742293558559176,0.10177732772427546,1.0,37997.7424300242
United States,Mortalidad_Baja,0.75,0.3626604844111425,0.8894997548587693,0.011722369647966352,0.7831793593294716,1.0,0.09962049335863378,0.23293754453767163,0.001986526865630463,0.09430161752385323,1.0,37133.6203973517
United States,Mortalidad_Baja,0.75,0.37337629341428635,0.8866383198491121,0.011883566575165072,0.7685902537030749,1.0,0.10104364326375712,0.23981177295508935,0.0020130988197143824,0.09438922872718249,1.0,36329.9702595751
United States,Mortalidad_Baja,0.9,0.35972033555039734,0.8721217715074354,0.027844708204191427,0.45416246388727133,1.0,0.1349146110056926,0.19254285742297816,0.0038701320148608787,0.04381546922514699,1.0,28690.8757013347
Uruguay,Mortalidad_Baja,0.752,0.07501169390924373,0.8842263395092638,0.08722780024558711,0.6535803845628118,1.0,0.0799089184060721,0.048281104173202055,0.014394574833630134,0.007445110206124369,0.6666666666666666,20818.6146091144
Uruguay,Mortalidad_Baja,0.757,0.07587659123269101,0.8694327205093353,0.0975530633886804,0.6491535458724961,1.0,0.08331309297912713,0.048511910567027965,0.015985792196120795,0.00665475959429734,0.6666666666666666,17881.818721099
Uruguay,Mortalidad_Baja,0.735,0.07062795068105987,0.9115959653766363,0.09087641233333836,0.6632924054564888,1.0,0.08368121442125237,0.0465282320314733,0.015341227857797207,0.007752121894540083,0.6666666666666666,15757.5355995779
Uruguay,Mortalidad_Baja,0.6920000000000001,0.07105407205494267,0.8990342656842405,0.08196804079129123,0.6663059328947013,1.0,0.08141176470588235,0.0497157070677846,0.014702962473706956,0.009357065617823356,0.6666666666666666,18315.7316980028
Uruguay,Mortalidad_Baja,0.716,0.0719913610542364,0.8993776378853995,0.07337578233228342,0.6645667803334605,1.0,0.0883111954459203,0.04867908503367907,0.012726507011327675,0.011516780530820994,0.6666666666666666,19249.9404677501
Uruguay,Mortalidad_Baja,0.703,0.06975721613731911,0.9006795908147935,0.06809248135890046,0.6717323689821532,1.0,0.09070967741935484,0.04805023632209735,0.012032714525395564,0.013397813579936505,0.6666666666666666,19184.6502617082
Uruguay,Mortalidad_Baja,0.73,0.07152746185445977,0.8968595750769011,0.08419446592631426,0.6507493820719643,1.0,0.09973434535104364,0.04743976737284922,0.0143146651889677,0.01101162720323788,0.6666666666666666,17009.7584207276
Uruguay,Mortalidad_Baja,0.73,0.06874600994563715,0.895915301523714,0.07726833637690683,0.6029332047361994,1.0,0.10388994307400379,0.04560657115194745,0.013141671303469446,0.012938873572802259,0.6666666666666666,17125.9016800298
Uruguay,Mortalidad_Baja,0.706,0.06440721793440203,0.89461334859432,0.08491257659907517,0.6003127447812903,1.0,0.10583301707779887,0.04420011956980928,0.014927034637973296,0.01227092993684399,0.6666666666666666,18322.4276767157
Uruguay,Mortalidad_Baja,0.7000000000000001,0.06353627544707413,0.891165319407683,0.09605885281803522,0.6003948490697509,1.0,0.10891840607210626,0.04398035708598698,0.017023590976402506,0.010993057052655845,0.6666666666666666,18335.2594772322
Uruguay,Mortalidad_Baja,0.6900000000000001,0.0648694378227919,0.8874168395450317,0.10245716953618111,0.6030880640355681,1.0,0.11129032258064515,0.0455473495002706,0.01841673202787353,0.010593636488480074,0.6666666666666666,16259.5940814256
Uruguay,Mortalidad_Baja,0.67,0.06116887542074329,0.8863151870663137,0.11140961037686005,0.5911375668680994,1.0,0.11187855787476281,0.04424959477829061,0.020618426689690432,0.0099314592608847,0.6666666666666666,15132.2675725587
Uruguay,Mortalidad_Baja,0.6900000000000001,0.05649113816491937,0.8874168395450317,0.09081771050542463,0.5906048309830817,1.0,0.12045540796963945,0.0397052754632616,0.016331224781890183,0.013658617685545068,0.6666666666666666,12641.0576849008
Uruguay,Mortalidad_Baja,0.67,0.057779078030181674,0.8871163888690177,0.09948593275952386,0.592085867506432,1.0,0.12332068311195446,0.04181537830951891,0.0184182203051725,0.013027423932844987,0.6666666666666666,9881.39573127081
Uruguay,Mortalidad_Baja,0.64,0.05868094518856145,0.8814650547249445,0.11570950383961742,0.5837126939844489,1.0,0.12387096774193547,0.04445346349342143,0.022415541819564202,0.011468401511064827,0.6666666666666666,9423.96562595893
Uruguay,Mortalidad_Baja,0.59,0.045303038362533556,0.8796766578439088,0.10723582022786403,0.5749991897117361,1.0,0.1220303605313093,0.03731141800790359,0.022539551356868737,0.01372550092545871,0.3333333333333333,7222.05403645877
Uruguay,Mortalidad_Baja,0.62,0.04551569593775278,0.8759281779812575,0.11248132773361331,0.5740581379726778,1.0,0.1364705882352941,0.035671051694162195,0.022494908965303543,0.013976410451032957,0.3333333333333333,6001.33294783172
Uruguay,Mortalidad_Baja,0.55,0.042091235423944356,0.8750840546534084,0.11035507902809295,0.5731411138671897,1.0,0.12941176470588237,0.0372153629663775,0.0248799507855689,0.015522844198774569,0.3333333333333333,5284.25677987129
Uruguay,Mortalidad_Baja,0.51,0.04061877297787482,0.8677873953787825,0.138842260826466,0.5681334079951889,1.0,0.1267741935483871,0.03874511241175366,0.033737013134383334,0.012514704756379362,0.3333333333333333,4168.66065438387
Uruguay,Mortalidad_Media,0.51,0.03551387583143811,0.8644538235925316,0.1216558524222485,0.5993283201813701,1.0,0.13161290322580646,0.03392921664974358,0.029570785938204155,0.015431881404341074,0.3333333333333333,3671.12329256883
Uruguay,Mortalidad_Media,0.44,0.03537636824035462,0.8629229558623648,0.09496361691804332,0.6553204293256424,1.0,0.11688804554079696,0.03917668590016887,0.026775246322600952,0.02138477092069445,0.3333333333333333,4149.76140312687
Uruguay,Mortalidad_Media,0.44,0.038155133646658644,0.8630374132627512,0.07037433953192279,0.6780143004565459,1.0,0.11939278937381405,0.042215187470141385,0.0198661525434821,0.030683403392383582,0.3333333333333333,6382.76104740859
Uruguay,Mortalidad_Media,0.43,0.04357153344622533,0.8588311037985548,0.07553137836412589,0.6713113942245174,1.0,0.11994307400379507,0.049257353127639555,0.021810878816234364,0.029259057289144116,0.3333333333333333,6987.70098766257
Uruguay,Mortalidad_Media,0.5,0.03692864350863908,0.8416624937406108,0.10871332612706786,0.673659465920669,1.0,0.17552182163187854,0.03596916849607398,0.02696200218274219,0.02520635765367885,0.3333333333333333,6050.48632253644
Zambia,Mortalidad_Alta,0.308,0.03670674046689899,0.7241433578939838,0.03882787743508464,0.5597075329499763,1.0,0.1881897533206831,0.058044871991347245,0.015717470564332637,0.13487832098614325,0.3333333333333333,1447.12310138035
Zambia,Mortalidad_Alta,0.305,0.0352800459062225,0.6824236354531796,0.03764967219866358,0.5072823950953291,0.0,0.19330170777988614,0.05636524086563044,0.015394485362954872,0.14447442924563153,0.3333333333333333,1127.16077872857
Zambia,Mortalidad_Alta,0.284,0.03477372382560562,0.6967021961513697,0.03729171517749955,0.5386264126844515,0.0,0.1859203036053131,0.0596753272670831,0.016376983762221544,0.15079371538353653,0.3333333333333333,951.644316655957
Zambia,Mortalidad_Alta,0.32299999999999995,0.03396594457137314,0.6903068889047856,0.03587607323845326,0.5490940112950896,0.0,0.2188064516129032,0.05126671226499335,0.013857727280974709,0.16238843114369225,0.3333333333333333,1258.98619844462
Zambia,Mortalidad_Alta,0.363,0.03326347344981312,0.6792045210673152,0.041955180178313456,0.5449980575063821,0.0,0.25830170777988615,0.04468641825605293,0.014401137871768168,0.14572039974128595,0.3333333333333333,1463.89997855593
Zambia,Mortalidad_Alta,0.35000000000000003,0.03216102030129022,0.6709922025895987,0.05060081994535906,0.52047523710563,0.0,0.25768500948766604,0.04483071201542669,0.01798995329427929,0.12471195658546344,0.3333333333333333,1483.46577328065
Zambia,Mortalidad_Alta,0.38,0.03127876513787287,0.6647685814435937,0.07849631012540084,0.5442906884823455,0.0,0.2949146110056926,0.0401743997599255,0.025645357603384204,0.08388555220680911,0.3333333333333333,1239.08527877713
Zambia,Mortalidad_Alta,0.38,0.03141217991105347,0.6590314042492309,0.06270673150840661,0.5675278789595763,1.0,0.3064516129032258,0.04034331956966007,0.020508294019765935,0.10999004967351934,0.3333333333333333,1295.87788680068
Zambia,Mortalidad_Alta,0.313,0.031233628056908408,0.6501752628943414,0.0854711402396835,0.5366500199194427,0.0,0.2571707779886148,0.048704649245967346,0.03388991160949713,0.08149815440946277,0.3333333333333333,1707.48573136694
Zambia,Mortalidad_Alta,0.32,0.030721783519920737,0.640675298662279,0.1037828527975001,0.5323766590830663,0.0,0.27142314990512334,0.04686966464913133,0.040223252746542947,0.06884259450339908,0.3333333333333333,1820.71854827391
Zambia,Mortalidad_Alta,0.3,0.03028639973283515,0.6300736819514985,0.11764221056796191,0.5330150769680938,0.0,0.26413662239089186,0.04929605845815729,0.04861629856279973,0.06278837648282004,0.3333333333333333,1710.05061343728
Zambia,Mortalidad_Alta,0.3,0.029532176239915223,0.6177552042349237,0.12177323080471127,0.5009967620903264,0.0,0.27096774193548384,0.048086466031072896,0.05031870818620598,0.06220377664849838,0.3333333333333333,1624.86817763443
Zambia,Mortalidad_Alta,0.28,0.02874340367561892,0.6042063094641963,0.11889899514412017,0.5286003062934359,1.0,0.2603415559772296,0.050165855606791813,0.05264381186813737,0.0657560221786201,0.3333333333333333,1451.10616017155
Zambia,Mortalidad_Alta,0.26,0.028321412922785675,0.5897560626654266,0.14587868447965227,0.5143260932008666,0.0,0.25013282732447817,0.05324387760715421,0.06952230009471971,0.05496649362848264,0.3333333333333333,1136.24168316848
Zambia,Mortalidad_Alta,0.26,0.02817268697938533,0.5747192216896773,0.14462851492990877,0.48553748447999734,0.0,0.2609867172675522,0.052968661630003605,0.06892783882261085,0.05801925110411094,0.3333333333333333,1375.50211006997
Zambia,Mortalidad_Alta,0.26,0.02727302882781591,0.5589097932613205,0.15287486132526137,0.4675768256896292,0.0,0.27332068311195445,0.0513038525750079,0.07284901380998558,0.05746056219975212,0.3333333333333333,1118.73162626953
Zambia,Mortalidad_Alta,0.26,0.027599863952920214,0.5440732527362471,0.1668045648826,0.4682700457885294,1.0,0.2836812144212524,0.05190865793892875,0.07947265081865697,0.0545076185308659,0.3333333333333333,1051.71714895686
Zambia,Mortalidad_Alta,0.25,0.027762303860226996,0.528650118034194,0.18429815574286634,0.48471399665747994,0.0,0.2903225806451613,0.05429762153809385,0.09130256964388965,0.05239755089041809,0.3333333333333333,710.982068171696
Zambia,Mortalidad_Alta,0.26,0.027933395198897707,0.5132699048572857,0.19685746870943327,0.48303000998123136,1.0,0.3290702087286528,0.05252585441234334,0.09376294243800609,0.053536754503245194,0.3333333333333333,548.685974566277
Zambia,Mortalidad_Alta,0.26,0.027908222238452757,0.5000500751126689,0.19731505397509286,0.49341377230132477,0.0,0.3596584440227704,0.05247927208280327,0.0939805263002735,0.058676299871580705,0.3333333333333333,446.290104839041
Zambia,Mortalidad_Alta,0.34,0.02757088622114021,0.4835252879318978,0.1940794000409836,0.4934565958595196,1.0,0.5083870967741935,0.03965385022939705,0.07069090923341452,0.06480741352786357,0.3333333333333333,393.864625518616
Zambia,Mortalidad_Alta,0.35000000000000003,0.027224313457967678,0.4684598326060519,0.1961808919935188,0.4863301501063051,0.0,0.5618595825426945,0.03804446674636298,0.06941348302662367,0.06903856943856305,0.3333333333333333,396.548952993504
Zambia,Mortalidad_Alta,0.35000000000000003,0.02718802049696986,0.45657057014092556,0.2040563626195939,0.48473587683493036,0.0,0.5937381404174573,0.037994576618654685,0.07219535071083669,0.0701973830728073,0.3333333333333333,359.429500988221
Zambia,Mortalidad_Alta,0.3,0.030332528962286814,0.4490449960655268,0.17798074102596917,0.3786127681438929,0.0,0.5612903225806452,0.04937003860745754,0.0734820433490641,0.08961560267945842,0.3333333333333333,433.312782642118
Zimbabwe,Mortalidad_Alta,0.20600000000000002,0.01888176859906268,0.6823807139280349,0.09041887218636034,0.40021610828251564,0.0,0.16495635673624293,0.04515405289218675,0.05446231189013137,0.07483786182458167,0.0,2040.54658705395
Zimbabwe,Mortalidad_Alta,0.21300000000000002,0.01836810416223495,0.6505472494455968,0.11167205145427057,0.5723107053914726,0.0,0.1762201138519924,0.04250984396952442,0.06500841211707795,0.062110494613539693,0.0,1724.38727102272
Zimbabwe,Mortalidad_Alta,0.189,0.01688482536244738,0.6705057586379568,0.11069706405202878,0.529582291102058,0.0,0.1610265654648956,0.044132012792838425,0.07262567694446635,0.06465242623949337,0.0,1730.45391034701
Zimbabwe,Mortalidad_Alta,0.158,0.01867657518852559,0.6637813863652622,0.12393990255902121,0.5271275258020158,1.0,0.1379127134724858,0.05824690307344821,0.09723721918555576,0.05889816948084799,0.0,1683.91313584141
Zimbabwe,Mortalidad_Alta,0.189,0.020208506783779504,0.6615780814078258,0.09230238630380434,0.5648411950942419,0.0,0.16999240986717265,0.05259293775280841,0.060593107478225446,0.08268184039531619,0.0,2271.85250365817
Zimbabwe,Mortalidad_Alta,0.147,0.018863639439078848,0.6523785678517775,0.09139566390700776,0.5529708559376403,1.0,0.13723719165085388,0.06321777181509607,0.07714284461092254,0.0868293064673136,0.0,3448.08699068824
Zimbabwe,Mortalidad_Alta,0.21,0.019188001693886503,0.6451820588024892,0.09932089143166432,0.6152957119161416,0.0,0.20242884250474383,0.044995581358682375,0.05866573024347927,0.08235906342995554,0.0,1407.42096413212
Zimbabwe,Mortalidad_Alta,0.21,0.020598545124867258,0.6341512268402603,0.10451371450282401,0.5952453798792623,0.0,0.21039848197343453,0.048227254479077636,0.06172284843094482,0.08132173452062293,0.0,1386.41855927575
Zimbabwe,Mortalidad_Alta,0.193,0.020911917742329807,0.6215179912726232,0.11034818902824592,0.5831556830076965,0.0,0.1988595825426945,0.053256454152478705,0.07089700058696399,0.07913803467454678,0.0,1372.21474610373
Zimbabwe,Mortalidad_Alta,0.22,0.021029482974830083,0.6034337220115886,0.09008901879411298,0.5915382312053712,0.0,0.2379506641366224,0.046977543308580415,0.05081116403095304,0.10262743173989006,0.3333333333333333,1362.29952932396
Zimbabwe,Mortalidad_Alta,0.24,0.02065091613150672,0.5826024751412833,0.10147999049411568,0.5545873031806996,0.0,0.2727893738140417,0.04230383573576824,0.05244473044080028,0.09556180216293209,0.0,1238.59479481433
Zimbabwe,Mortalidad_Alta,0.22,0.020191422287399632,0.5614993919450604,0.10934392344581012,0.5866371440336956,1.0,0.2700948766603416,0.04514475187630428,0.06163164808646733,0.09582715524564689,0.0,1037.24613741902
Zimbabwe,Mortalidad_Alta,0.18,0.01904149299894074,0.5330853422991628,0.1212903927582786,0.5859084958235347,0.0,0.2308918406072106,0.05210323728144275,0.08353288122614402,0.09009658400943371,0.0,901.55051752819
Zimbabwe,Mortalidad_Alta,0.21,0.018947041451046955,0.5019672365691394,0.13562438672131952,0.5526640895634441,0.0,0.28172675521821633,0.04444352126413637,0.08003831971893566,0.0840807464025942,0.0,735.446248561806
Zimbabwe,Mortalidad_Alta,0.24,0.018857386099701143,0.48345375205665636,0.24039440316632563,0.48004758688457816,0.0,0.32652751423149906,0.03870834917809419,0.12400369753904915,0.046747123998922724,0.0,340.740210298158
Zimbabwe,Mortalidad_Alta,0.26,0.021498263908581654,0.470863438014164,0.26794077187078225,0.4337402917001727,0.0,0.3527514231499051,0.04061770371808734,0.1275633744127461,0.04148271399462821,0.3333333333333333,413.302605010004
Zimbabwe,Mortalidad_Alta,0.23,0.022492210475276983,0.46342370698905494,0.24303995216673394,0.4388309291671706,0.0,0.3033206831119545,0.04799486121094748,0.1308172162677533,0.04468407555932338,0.3333333333333333,430.809214010242
Zimbabwe,Mortalidad_Alta,0.23,0.021787117391747508,0.4564704199155876,0.21669255549658184,0.4815642224515434,0.0,0.2906641366223909,0.04651990585061074,0.11665478315384203,0.04826443014656686,0.3333333333333333,461.028318446444
Zimbabwe,Mortalidad_Alta,0.27,0.020398639246820106,0.4489305386651405,0.22827948260846706,0.49469739173030003,0.0,0.32891840607210626,0.037153863733930106,0.10467816867496967,0.04388673142081728,0.0,469.484691401035
Zimbabwe,Mortalidad_Alta,0.29,0.0216947735911842,0.43934473138278834,0.18689007182108108,0.7743489881562973,0.0,0.33567362428842507,0.03674189377873623,0.07981408290337509,0.05144692267772762,0.3333333333333333,468.234223473035
Zimbabwe,Mortalidad_Alta,0.3,0.023661615003467838,0.44742828528507045,0.15873151140987085,0.8046953933576607,0.0,0.3318785578747628,0.0386715028523857,0.06554936041275662,0.05828686333240844,0.3333333333333333,524.677281078209
Zimbabwe,Mortalidad_Alta,0.41000000000000003,0.024621753111559903,0.4272122469418413,0.19744124430439142,0.7778545744108636,0.0,0.47535104364326375,0.02942292630602791,0.059635458284860235,0.04861098745185745,0.3333333333333333,566.107692145462
Zimbabwe,Mortalidad_Alta,0.42,0.0253480507846512,0.44880177408970595,0.19794737605165036,0.726078446136476,0.0,0.47259962049335863,0.029554384836494463,0.05836455133228242,0.046953020736900754,0.3333333333333333,562.556945680495
Zimbabwe,Mortalidad_Alta,0.3,0.04116789975867887,0.521911438586451,0.17009119750574825,0.487717874650883,0.0,0.32960151802656545,0.0667473579073732,0.07023073155600561,0.053787128637365685,0.3333333333333333,647.975499841761
