country,categoria_expectativa_vida,AE_Latente_1,AE_Latente_2,AE_Latente_3,AE_Latente_4,gdp_per_capita_current_us$
Albania,Mortalidad_Baja,2.185155257622659,0.0,3.7835977946329846,2.2176770299706754,6846.42669381643
Albania,Mortalidad_Baja,2.16775488932734,0.0,4.030526179033526,2.2688639021933166,6413.28280828537
Albania,Mortalidad_Baja,0.0,0.0,1.5384602799978802,0.48592643274182734,5370.77749956875
Albania,Mortalidad_Baja,0.0,0.0,1.4208837351707833,0.6593892468043026,5460.4305086932
Albania,Mortalidad_Baja,0.0,0.0,1.4866662754825772,0.627231338990476,5365.48880180298
Albania,Mortalidad_Baja,0.0,0.0,1.4996275464896303,0.598687499156308,4614.0479692596
Albania,Mortalidad_Baja,0.0,0.0,1.8742986538992246,0.3421567611434715,4168.37544462548
Albania,Mortalidad_Baja,0.0,0.0,1.8780573293469693,0.3075777142149285,3981.72662261867
Albania,Mortalidad_Baja,0.0,0.0,1.992999834318498,0.2590480176671263,4602.23051443229
Albania,Mortalidad_Baja,1.8905173855974984,0.0,4.561999206163177,2.0215977698320633,4420.23461988353
Albania,Mortalidad_Baja,0.0,0.0,1.6196284702437387,0.39813808069998113,4222.3470988913
Albania,Mortalidad_Baja,1.9400563301518654,0.0,4.190040221038734,2.095859907683718,4465.70914328865
Albania,Mortalidad_Baja,1.9173477895789584,0.0,4.2466177992368435,2.1231523247903064,4149.14469936847
Albania,Mortalidad_Baja,1.9334880371402183,0.0,3.9660557748586887,2.0691992525686165,4213.65007574693
Albania,Mortalidad_Baja,0.0,0.0,1.6133377181180628,0.3282475782316138,4498.50486763601
Albania,Mortalidad_Baja,1.7894029698716687,0.0,4.235997278330911,1.9361128364593259,3743.05529896187
Albania,Mortalidad_Baja,1.7753503731500373,0.0,4.413365536294452,1.9359848784154727,3057.77257038113
Albania,Mortalidad_Baja,0.0,0.0,1.9913755796229995,0.1524021883752151,2741.72136549578
Albania,Mortalidad_Baja,1.7108677949899123,0.0,5.124643396543463,1.9366906629182883,2446.90949947798
Albania,Mortalidad_Baja,1.7240485917990604,0.0,5.664361022429703,2.0503616094639674,1908.69900687608
Albania,Mortalidad_Baja,0.0,0.0,2.496836629432382,0.0,1479.83884572006
Albania,Mortalidad_Media,1.8614208620097854,0.0,5.41530571793346,2.0114186077733662,1326.41652388077
Albania,Mortalidad_Media,1.8872730914008815,0.0,6.011121985034808,2.1220121209180887,1160.42047054038
Albania,Mortalidad_Media,1.680266746199849,0.0,8.891544075565896,2.2528122855197386,911.320465445326
Algeria,Mortalidad_Baja,2.2902321165523634,0.0,3.2753492459515794,2.320923264054695,4961.55257664733
Algeria,Mortalidad_Baja,2.594458822369141,0.0,2.754829106047141,2.3864646874663764,4160.55926736925
Algeria,Mortalidad_Media,2.785740988440757,0.0,2.6745586079219885,2.3593007940964905,3743.5419522929
Algeria,Mortalidad_Baja,2.656513914248531,0.0,2.5995948901286514,2.338281133277501,4468.45341883656
Algeria,Mortalidad_Baja,2.6043094609116837,0.0,2.678181010405223,2.32639930142887,4577.21029180491
Algeria,Mortalidad_Baja,2.7261500360976108,0.0,2.4556304836738883,2.38331487822889,4554.66753957828
Algeria,Mortalidad_Baja,2.8355574118441877,0.0,2.4328463921449863,2.4414130814477315,4424.98529027556
Algeria,Mortalidad_Media,2.844648104921359,0.0,2.40942085753606,2.4518538991714993,4685.05902729002
Algeria,Mortalidad_Media,2.5557771352891665,0.0,2.5235371171447305,2.3267593398611135,6094.69392314956
Algeria,Mortalidad_Media,2.5127916702085176,0.0,2.6153933990489375,2.2765373714905244,5979.60138960585
Algeria,Mortalidad_Media,2.466201085360781,0.0,2.6634919016225287,2.2476523414681586,6033.64884689543
Algeria,Mortalidad_Media,0.07344113823311368,0.0,0.58611308495687,0.5257315621853027,5916.31364364343
Algeria,Mortalidad_Media,2.460962290481755,0.0,2.792414252741098,2.214767076026295,4912.78585503672
Algeria,Mortalidad_Media,2.573180562483614,0.0,2.6716422850562638,2.207546972239709,4235.42990456612
Algeria,Mortalidad_Media,2.405885578261671,0.0,2.9710761024422365,2.175648638582681,5180.91881514686
Algeria,Mortalidad_Media,2.4265592228026462,0.0,3.138806414786814,2.1089292708143232,4167.45169937531
Algeria,Mortalidad_Media,2.404248399760771,0.0,3.347915377744456,2.062331719696292,3660.66104745322
Algeria,Mortalidad_Media,2.488319483428797,0.0,3.3268403120864365,2.050014063309289,3233.13339634212
Algeria,Mortalidad_Media,2.6129935491024425,0.0,3.359817095234279,2.455714817244845,2816.99384960555
Algeria,Mortalidad_Media,2.7046002631096173,0.0,3.385733572415046,2.372248584147614,2283.77299346126
Algeria,Mortalidad_Media,2.800247225288425,0.0,3.24353365080301,2.3327510054789573,1937.46411413019
Algeria,Mortalidad_Media,2.8049331732279983,0.0,3.51163594698755,2.24473096796818,1896.30020878013
Algeria,Mortalidad_Media,2.4590981982784386,0.0,4.707010084218177,2.2026873086488776,1772.92869122761
Algeria,Mortalidad_Media,0.8673291834608501,0.0,2.680118036516109,0.0,1466.94806760415
Angola,Mortalidad_Alta,3.289030254264917,0.0,5.89050622026786,2.0912170477439225,2929.69445467272
Angola,Mortalidad_Alta,3.460166767506415,0.0,5.569406194134399,2.080121629199962,1925.87466082167
Angola,Mortalidad_Alta,3.6819613157359963,0.0,4.9690198900858835,2.115210035242554,1449.92286669308
Angola,Mortalidad_Alta,3.6510528480354822,0.0,4.790438743993253,2.0652236033185862,2189.85571407618
Angola,Mortalidad_Alta,1.245838863058328,0.0,2.300629619988332,0.0,2538.59139143371
Angola,Mortalidad_Alta,3.965399619588836,0.0,5.109129177984027,2.1398466845914674,2437.25971190821
Angola,Mortalidad_Alta,4.045761062534699,0.0,5.054673556554037,2.106821467886385,1807.95294072643
Angola,Mortalidad_Alta,4.200520195249086,0.0,4.856963288189718,2.100166367510513,3213.90261080059
Angola,Mortalidad_Alta,4.263971328088092,0.0,5.079134990302724,2.1293699345228116,5005.9997412707
Angola,Mortalidad_Alta,4.247728350041539,0.0,5.406880119667202,2.0817371371379982,5057.74787833163
Angola,Mortalidad_Alta,4.287346686232342,0.0,5.874005757310241,2.0581746644718986,5086.02740086376
Angola,Mortalidad_Alta,4.428307800342014,0.0,6.154601671384159,2.056662252508015,4615.91059831778
Angola,Mortalidad_Alta,4.701264347511649,0.0,6.254554536089403,2.0780559359386643,3597.34293216332
Angola,Mortalidad_Alta,5.1407521552427005,0.0,5.965705226807291,2.1210899078520553,3136.64546955947
Angola,Mortalidad_Alta,2.541962686921717,0.0,3.9075809577909277,0.0,4103.0669003635
Angola,Mortalidad_Alta,5.008874379096669,0.0,7.812326921981278,2.028199336821789,3141.0459797605
Angola,Mortalidad_Alta,5.333562663296778,0.0,7.8900278390991545,2.0423632407452623,2617.05196022633
Angola,Mortalidad_Alta,5.409361848746031,0.0,8.193849570282628,1.9781902538232061,1916.46842218625
Angola,Mortalidad_Alta,5.808652029704841,0.0,8.329364800780263,2.0290267792626535,1266.21086410236
Angola,Mortalidad_Alta,6.019375211389687,0.0,8.511101720345577,2.0251216802362118,992.698979254665
Angola,Mortalidad_Alta,6.166877571496787,0.0,9.231244611950151,2.0131716081726267,882.147847234303
Angola,Mortalidad_Alta,5.84778428413288,0.0,11.392243354057033,2.006015214430748,533.586202412447
Angola,Mortalidad_Alta,3.8048704429783666,0.0,7.530138056745369,0.0,563.733795571487
Angola,Mortalidad_Alta,6.428909033587652,0.0,10.814548300576693,1.9737600660094614,404.29481849612
Argentina,Mortalidad_Baja,0.5621764203974888,0.0,0.04000124135718691,1.4095830454387812,13935.6811110049
Argentina,Mortalidad_Media,0.6418326764151778,0.0,0.0,1.617206149165829,10738.0179223384
Argentina,Mortalidad_Baja,0.7140248264650537,0.0,0.0,1.5701632704191626,8535.59938004389
Argentina,Mortalidad_Baja,0.4985544231397338,0.0,0.09224784462893643,1.070760257490341,9955.97478680428
Argentina,Mortalidad_Baja,0.5483036082374435,0.0,0.10025211219795216,1.0954188140195023,11752.7998922979
Argentina,Mortalidad_Baja,0.6865071484064922,0.0,0.06537966173658327,1.3072192021006543,14532.5009308511
Argentina,Mortalidad_Baja,0.5200092466823352,0.0,0.10030852495247267,1.0372050945877125,12699.9623137756
Argentina,Mortalidad_Baja,3.0309659176943393,0.0,2.2316945053938353,2.901074226055116,13679.6264980954
Argentina,Mortalidad_Baja,0.2594129519532742,0.0,0.1640396514214558,0.7790235311937452,12233.1444119186
Argentina,Mortalidad_Baja,0.3300314638985714,0.0,0.16483334406229555,0.8214619773322955,12963.675773326
Argentina,Mortalidad_Baja,0.29905969996296544,0.0,0.17146031278078777,0.7761506590316836,12949.717486654
Argentina,Mortalidad_Baja,0.17637500482457047,0.0,0.1894524440806528,0.6866657267500016,12704.2831819684
Argentina,Mortalidad_Baja,0.15517148504890454,0.0,0.20893889511066047,0.6579830887034082,10260.1313108254
Argentina,Mortalidad_Baja,0.2730616473857443,0.0,0.15769046038021456,0.7157170421621042,8150.23527028221
Argentina,Mortalidad_Baja,0.11285112135263653,0.0,0.25064527572186246,0.657609801053241,8944.1102657357
Argentina,Mortalidad_Media,0.08491269124236936,0.0,0.28484087476255304,0.6293357339751782,7185.25155147027
Argentina,Mortalidad_Baja,0.0301316933731966,0.0,0.3210614286293793,0.6009162255734505,5869.38028970204
Argentina,Mortalidad_Baja,0.012975699216701178,0.0,0.34471500635447405,0.5818359382044311,5067.65342293276
Argentina,Mortalidad_Media,0.017235736465262788,0.0,0.34466130468646783,0.6223444525533801,4242.02099089422
Argentina,Mortalidad_Media,0.19899748831134,0.0,0.2434378784972467,0.6707294387486235,3320.47775133903
Argentina,Mortalidad_Media,0.3564504763321219,0.0,0.16208676256135637,0.647065289044193,2569.69963519124
Argentina,Mortalidad_Media,0.9042378171440171,0.0,0.01774193671693708,0.8317903057381119,7141.47507662826
Argentina,Mortalidad_Media,0.8193712806724045,0.0,0.06392645726607238,0.8018684177441192,7637.01489203628
Argentina,Mortalidad_Media,1.0725927142211709,0.0,0.0,1.3588090824300563,7357.6162773788
Armenia,Mortalidad_Media,0.6682614171650287,0.0,0.0,1.2989747458556447,6571.97445545099
Armenia,Mortalidad_Media,0.3876488644439802,0.0,0.028467301276818124,0.8698121242207384,4685.17997128509
Armenia,Mortalidad_Media,0.3807230580893259,0.0,0.04489487256774638,0.8514239144954897,4268.68093304583
Armenia,Mortalidad_Baja,0.35925833974104393,0.0,0.06662657415258821,0.8258405810232783,4597.22887399548
Armenia,Mortalidad_Baja,0.27342362599692405,0.0,0.13014838555148583,0.7704042921772292,4196.00562301769
Armenia,Mortalidad_Baja,0.19374161735525408,0.0,0.41308860076971504,0.7734156192698456,3869.05373867752
Armenia,Mortalidad_Media,0.07571400569478495,0.0,0.8259428783103832,0.4871743931014571,3524.42476874707
Armenia,Mortalidad_Media,0.0,0.0,1.1530438597807882,0.4066889419179834,3512.39350276709
Armenia,Mortalidad_Media,0.0,0.0,1.4786996817832558,0.1535456445982645,3852.11800610384
Armenia,Mortalidad_Media,0.0,0.0,1.7292862197629324,0.0964080471195719,3680.16692158886
Armenia,Mortalidad_Media,0.0,0.0,1.6590877331893203,0.1037790633346305,3511.56399687426
Armenia,Mortalidad_Media,0.2566454239788901,0.0,0.2396591623167901,0.49670193411690544,3349.55309771906
Armenia,Mortalidad_Media,0.23255102265037786,0.0,0.2794861936666964,0.5103886944290696,3041.34450723339
Armenia,Mortalidad_Media,0.5069562541253956,0.0,0.10760896033614958,0.5341167914679583,2820.5926553347
Armenia,Mortalidad_Media,0.5684399309047534,0.0,0.08932066346898349,0.5285405744286992,3777.66859313767
Armenia,Mortalidad_Media,0.301484868230718,0.0,0.35174210831548086,0.4693748966828758,2962.70234594569
Armenia,Mortalidad_Media,0.49446113546304066,0.0,0.23261987173819856,0.4405598310505927,2041.65267068997
Armenia,Mortalidad_Media,0.038328076729199106,0.0,2.6348141353766716,0.0,1557.48458908655
Armenia,Mortalidad_Media,0.10370264280874733,0.0,1.5682975738041507,0.005999064304803126,1130.08791444158
Armenia,Mortalidad_Media,0.0,0.0,3.422700187714833,0.0,882.030167695474
Armenia,Mortalidad_Media,0.0,0.0,3.3528692218512903,0.0,742.651118319819
Armenia,Mortalidad_Media,0.0,0.0,5.509804868384637,0.0,659.588988535629
Armenia,Mortalidad_Media,2.2832392352203077,0.0,6.909624354914559,2.138983036586534,593.450581742282
Armenia,Mortalidad_Media,2.527623613902185,0.0,8.543896546512384,2.1642659214879925,443.924860857976
Australia,Mortalidad_Baja,4.332234603911325,0.0,2.1250315562215203,6.873035247294992,64997.0136536475
Australia,Mortalidad_Baja,4.499551834883892,0.0,2.099067535292748,7.1279756703358075,60607.7788605166
Australia,Mortalidad_Baja,4.5359028129803125,0.0,2.114368236019124,7.213278256456195,51791.540179984
Australia,Mortalidad_Baja,4.422402771301758,0.0,2.1698376658753955,6.879245616067996,54972.7017885437
Australia,Mortalidad_Baja,2.317396722201943,0.0,0.21602159209792382,5.487318881810991,57196.4220783778
Australia,Mortalidad_Baja,4.398011228709799,0.0,2.1812779753267306,6.666983187179553,53901.7145392154
Australia,Mortalidad_Baja,2.4337339394322055,0.0,0.1932327215876028,5.576836409583966,49888.0410842736
Australia,Mortalidad_Baja,4.482438504274212,0.0,2.15122171800452,6.907416652817974,56739.0265346593
Australia,Mortalidad_Baja,2.4659006849501632,0.0,0.23987589397465095,5.972773270243436,62544.0873773726
Australia,Mortalidad_Baja,4.533170389162592,0.0,2.1650936106257404,7.255395138836296,68190.7010035651
Australia,Mortalidad_Baja,4.471372754348964,0.0,2.1879411046058643,7.199583463048794,68072.8732340801
Australia,Mortalidad_Baja,4.460342792149129,0.0,2.2199024534156084,7.268463349991733,62605.600458306
Australia,Mortalidad_Baja,2.4807037819080815,0.0,0.30162385819757037,6.089962777482043,52144.6654705468
Australia,Mortalidad_Baja,4.436041038004608,0.0,2.2567212257317677,7.280200151185005,42816.5674002829
Australia,Mortalidad_Baja,2.425313429791518,0.0,0.34237313733356806,6.13504752692565,49701.2817843335
Australia,Mortalidad_Baja,4.472340862057116,0.0,2.2490599689196196,7.353639187455431,41051.6120652288
Australia,Mortalidad_Baja,4.4287240770820295,0.0,2.2488196500939703,7.262610188297523,36595.7071548423
Australia,Mortalidad_Baja,4.443086851438828,0.0,2.219945710784964,7.175020733758624,34479.7679298388
Australia,Mortalidad_Baja,2.3297066140645435,0.0,0.30340745062526375,5.822775936880035,30836.7306824685
Australia,Mortalidad_Baja,2.312657375813497,0.0,0.30750619188903466,5.75740729024138,23718.1338501868
Australia,Mortalidad_Baja,4.337670951989435,0.0,2.22475493996247,6.824351779390222,20301.8431713256
Australia,Mortalidad_Baja,2.3011571836376103,0.0,0.2845534579028302,5.699835007229162,19695.7297379144
Australia,Mortalidad_Baja,4.423203157087412,0.0,2.2360679916297053,7.081341376559238,21870.4159669594
Australia,Mortalidad_Baja,1.876402154623006,0.0,0.3201348505238214,4.680929320049471,20448.1219685874
Austria,Mortalidad_Baja,2.1125602847016065,0.0,0.04386335315168571,4.76254239992589,52176.6649141178
Austria,Mortalidad_Baja,2.149214337797378,0.0,0.09288275548739222,4.992930849783096,53648.7190742245
Austria,Mortalidad_Baja,2.1640235872940807,0.0,0.07263483229156997,4.9063127918672755,48716.4098900349
Austria,Mortalidad_Baja,2.0703794616010724,0.0,0.10696708385351283,4.781047492599742,49885.9947355204
Austria,Mortalidad_Baja,1.9690007934402443,0.0,0.10909303662117276,4.5531204834393115,51194.0749841299
Austria,Mortalidad_Baja,1.9777371050838368,0.0,0.12287837159234816,4.659530627312679,47163.7425775142
Austria,Mortalidad_Baja,1.9194378966319794,0.0,0.1255223998331877,4.509620111514702,45061.4993920192
Austria,Mortalidad_Baja,1.8816634897269104,0.0,0.13360233913280872,4.362036328971998,43915.228020857
Austria,Mortalidad_Baja,1.9630564046087067,0.0,0.10973863391375288,4.598038770479242,51314.9722616322
Austria,Mortalidad_Baja,2.00453553755418,0.0,0.13782718881090483,4.770972225864803,50305.3545774973
Austria,Mortalidad_Baja,1.9910231443767705,0.0,0.13238625374921625,4.758668719057293,48250.4059142637
Austria,Mortalidad_Baja,2.0061208760945264,0.0,0.1314116408030993,4.772957529289627,51116.8953522042
Austria,Mortalidad_Baja,2.0629834645344594,0.0,0.1607773579279803,4.936122966825941,46611.1393420232
Austria,Mortalidad_Baja,2.045763050020834,0.0,0.13736703365157044,4.814531520071995,47857.4446635266
Austria,Mortalidad_Baja,2.0740217386892286,0.0,0.15848384269644128,5.082597130673166,51581.3982361071
Austria,Mortalidad_Baja,2.0533452700173433,0.0,0.16049183579475512,5.079603076951172,46622.9622913635
Austria,Mortalidad_Baja,2.034577768864578,0.0,0.1853992261839014,5.010996279571286,40382.2078298575
Austria,Mortalidad_Baja,1.9538090441206737,0.0,0.20038005838018538,4.803206803838759,38157.37022862
Austria,Mortalidad_Baja,1.877830108911394,0.0,0.1842420318718444,4.611269604898458,36614.2506533707
Austria,Mortalidad_Baja,1.8763904064605879,0.0,0.18912234082495635,4.573484705448857,32110.1159661425
Austria,Mortalidad_Baja,3.9408849194928397,0.0,2.1294477524474997,5.734398169648703,26334.862215032
Austria,Mortalidad_Baja,3.8904734647595176,0.0,2.153532166211473,5.669733571615827,24430.495982841
Austria,Mortalidad_Baja,1.705079761900493,0.0,0.15439142713633924,4.1654852376612475,24487.2974685956
Austria,Mortalidad_Baja,1.8762512924876946,0.0,0.12033880418407633,4.546168366793487,30207.0674314652
Azerbaijan,Mortalidad_Media,1.9484422431707016,0.0,3.1317112565622485,2.404522075406335,7770.594223351
Azerbaijan,Mortalidad_Media,2.4504529428968946,0.0,2.7329633293614237,2.816263824873132,5408.04535175023
Azerbaijan,Mortalidad_Media,2.5656744032847874,0.0,2.6138720062519805,2.4053906012162414,4229.91064904503
Azerbaijan,Mortalidad_Media,2.3381506338817273,0.0,2.8249680535638837,2.8711939347631192,4805.75371765917
Azerbaijan,Mortalidad_Media,2.2229541092285485,0.0,3.02097972523365,2.586226794069819,4739.7943123408
Azerbaijan,Mortalidad_Media,2.347820609120447,0.0,2.8413946963608785,2.4708917576503704,4147.1981423222
Azerbaijan,Mortalidad_Media,2.353797464441727,0.0,2.839884613894929,2.2698638714919017,3880.6852276838
Azerbaijan,Mortalidad_Media,2.4299196207307188,0.0,2.859741458995941,2.242506538008436,5500.50364628486
Azerbaijan,Mortalidad_Media,2.2801670073958773,0.0,3.4278202121915426,2.1337534040562867,7890.84028062087
Azerbaijan,Mortalidad_Media,2.239754849424305,0.0,3.831578997631987,2.090563220006919,7875.34536661549
Azerbaijan,Mortalidad_Media,2.2310752863071306,0.0,4.098682035179866,2.0551973344285748,7495.86527658099
Azerbaijan,Mortalidad_Media,2.2208928697268777,0.0,4.382490205847249,1.9784611298502797,7189.81869211976
Azerbaijan,Mortalidad_Media,2.2737234970225133,0.0,4.526831064927854,1.9213786376826203,5843.5337683582
Azerbaijan,Mortalidad_Media,2.4502131575795696,0.0,4.355822968257194,1.898286329765464,4950.39949009423
Azerbaijan,Mortalidad_Media,2.294969818807209,0.0,5.290369403745659,1.9315947010520604,5574.46810432575
Azerbaijan,Mortalidad_Media,2.288094148720921,0.0,5.912269424840368,1.9144406484105878,3851.33015175141
Azerbaijan,Mortalidad_Media,2.410954924114547,0.0,5.941507527269894,1.8966391973449515,2472.95725732287
Azerbaijan,Mortalidad_Media,0.5038344054340724,0.0,2.9106962893858985,0.0,1578.36733030667
Azerbaijan,Mortalidad_Media,0.5809022986551311,0.0,2.78305538510953,0.0,1045.0136328106
Azerbaijan,Mortalidad_Media,0.6964193506180385,0.0,3.1649257797316226,0.0,883.692580745256
Azerbaijan,Mortalidad_Alta,0.8167089881009402,0.0,3.5795060222661026,0.0,763.108895463487
Azerbaijan,Mortalidad_Alta,1.0219654295786402,0.0,3.749562709798361,0.0,703.670998584686
Azerbaijan,Mortalidad_Alta,3.3924281785734585,0.0,7.689056870269098,1.9477283811533632,655.097249579917
Azerbaijan,Mortalidad_Alta,1.8910577292078279,0.0,6.475098695614201,0.0,314.55801908334
Bahrain,Mortalidad_Baja,3.462134414300447,0.0,4.639223777853785,9.020775141259898,30470.5219276023
Bahrain,Mortalidad_Baja,4.018378839131499,0.0,4.364586234589985,9.844812646127156,27147.8083882286
Bahrain,Mortalidad_Baja,4.082764487587618,0.0,4.172455229401108,9.299024585036044,24342.8444554718
Bahrain,Mortalidad_Baja,3.9679099688457597,0.0,4.451590135463093,9.40242783292356,27259.7438599327
Bahrain,Mortalidad_Baja,3.8598703064381024,0.0,4.35854168072808,8.851643320468106,26324.4066549559
Bahrain,Mortalidad_Baja,3.990879542904036,0.0,4.354256991225485,9.001212988165252,24784.7693514607
Bahrain,Mortalidad_Baja,4.086124123110111,0.0,4.054793995219692,8.769229372166768,23800.001440631
Bahrain,Mortalidad_Baja,4.082664415315515,0.0,4.178715705108466,9.043489238844744,23734.0551143019
Bahrain,Mortalidad_Baja,3.794643128446806,0.0,4.194378582231785,8.943379119863419,26451.7965647453
Bahrain,Mortalidad_Baja,3.8395794108315506,0.0,4.451129013799715,9.614657173964781,26989.7601148469
Bahrain,Mortalidad_Baja,3.6324591594467446,0.0,4.399931372661585,8.873902052740874,26438.6733230428
Bahrain,Mortalidad_Baja,3.721879816023002,0.0,4.24786228087016,9.142764295016233,25032.7867743333
Bahrain,Mortalidad_Baja,3.9081607170200723,0.0,4.230964279378633,9.157749223011564,21819.3291098099
Bahrain,Mortalidad_Baja,3.9576262089556122,0.0,3.984278500047002,8.872690600355343,19465.3140745038
Bahrain,Mortalidad_Baja,3.8010272516679033,0.0,4.374091490309571,9.863492409069933,23299.4992780392
Bahrain,Mortalidad_Baja,4.048885629405488,0.0,4.207872612500864,9.828557885602018,20908.4042548073
Bahrain,Mortalidad_Baja,4.041609623811149,0.0,4.438519124931502,9.980305350926715,19267.282615072
Bahrain,Mortalidad_Baja,4.499437825413131,0.0,3.398609695569099,9.427628273924709,17966.1657837625
Bahrain,Mortalidad_Baja,4.88125111612292,0.0,3.171290501472392,9.434786118017252,15963.9493171617
Bahrain,Mortalidad_Baja,4.951470993389095,0.0,3.2076495013955983,9.69681594196581,14486.0269029822
Bahrain,Mortalidad_Baja,4.6239393490736616,0.0,3.4143654389042255,9.887463669147317,13501.4708801425
Bahrain,Mortalidad_Media,4.487224067165119,0.0,3.5698565437834704,10.139977373059086,13573.2339887597
Bahrain,Mortalidad_Media,4.804479984756379,0.0,3.4544704198229743,10.185813943977562,14214.4836839343
Bahrain,Mortalidad_Media,5.033797607222932,0.0,3.212156426913155,9.393188036695138,11900.9317778335
Bangladesh,Mortalidad_Media,0.23865416707408654,0.0,0.5562867942299844,0.3488914965183135,2716.48592780431
Bangladesh,Mortalidad_Media,2.869528732055455,0.0,3.0190775361084983,2.126276173353835,2482.84917843357
Bangladesh,Mortalidad_Media,2.8566556505583445,0.0,3.076789196743816,2.1163495169678486,2248.85078828233
Bangladesh,Mortalidad_Media,2.7560347955532545,0.0,3.107492547594474,2.098954680674445,2129.79896954606
Bangladesh,Mortalidad_Media,2.8156976034283643,0.0,3.325079797075971,2.1138963586923047,1965.24372731467
Bangladesh,Mortalidad_Media,2.8985783516371293,0.0,3.4861883353408056,2.133085051538526,1811.08221668646
Bangladesh,Mortalidad_Media,0.556919402902472,0.0,1.1244521422316742,0.1579168266916596,1649.28380858601
Bangladesh,Mortalidad_Media,3.0669076186773836,0.0,3.732897912728413,2.1191282835240015,1224.38647668165
Bangladesh,Mortalidad_Media,3.1366534569483844,0.0,4.021606427126373,2.14668470757265,1094.46199702838
Bangladesh,Mortalidad_Media,3.17978391858565,0.0,4.140706066992018,2.1280617360036977,958.262989798283
Bangladesh,Mortalidad_Media,3.2350986831986055,0.0,4.463553986902838,2.151484939812964,859.680536375497
Bangladesh,Mortalidad_Media,3.2831172398277255,0.0,4.717540939710045,2.158109598770261,837.336944695647
Bangladesh,Mortalidad_Media,0.9796960426672341,0.0,2.063360764446806,0.0,757.385280361508
Bangladesh,Mortalidad_Media,3.447276991856588,0.0,5.018654772460248,2.18888947802276,679.211477428056
Bangladesh,Mortalidad_Media,3.4953286278274955,0.0,5.295240934560147,2.1930671569871927,613.06204104124
Bangladesh,Mortalidad_Alta,3.5862048697022013,0.0,5.522983188083276,2.2115675681588267,537.955492792911
Bangladesh,Mortalidad_Alta,3.660202167260323,0.0,5.758675927192406,2.221505302647602,490.388026533289
Bangladesh,Mortalidad_Alta,1.3613251293937305,0.0,3.0836952979248893,0.0,480.08585075452
Bangladesh,Mortalidad_Alta,3.8352421454927987,0.0,6.405123335480326,2.2426017306491133,455.614016909798
Bangladesh,Mortalidad_Alta,3.93937824411634,0.0,6.877038333825783,2.2792631135415315,426.74880754362
Bangladesh,Mortalidad_Alta,3.9336572836659913,0.0,7.057301184707728,2.1959646023466464,393.886422327628
Bangladesh,Mortalidad_Alta,3.9879557603582745,0.0,7.676610776051876,2.1989052032808427,394.65641001891
Bangladesh,Mortalidad_Alta,1.8941026827038137,0.0,4.587108802456841,0.0,396.670730249751
Bangladesh,Mortalidad_Alta,2.5305151123586063,0.0,7.053574663276528,0.0,309.458680823367
Barbados,Mortalidad_Baja,4.584227246210064,0.0,2.0743204784323286,5.7813617263255885,22164.0260273876
Barbados,Mortalidad_Baja,4.250959265418349,0.0,2.1368260425257053,4.717455429040804,18696.7858952957
Barbados,Mortalidad_Baja,4.042349824361726,0.0,1.9595964959271273,3.5249744432291172,18347.1109131055
Barbados,Mortalidad_Baja,4.253026565931584,0.0,1.982557424943228,4.317462693685719,20583.7265786414
Barbados,Mortalidad_Baja,4.446173526999262,0.0,2.2971489602990527,5.678221937141686,20055.915870771
Barbados,Mortalidad_Baja,4.049329679892102,0.0,2.2638199155810406,3.89479849022546,19692.7606711615
Barbados,Mortalidad_Baja,2.6232363295176016,0.0,0.2859622958123594,5.04763280587131,19065.8069800213
Barbados,Mortalidad_Baja,4.640337006400327,0.0,1.9266702883077729,5.499946153092107,18954.2913724506
Barbados,Mortalidad_Baja,4.7148739131277315,0.0,1.9954181579412227,5.901705711261013,19277.9423599235
Barbados,Mortalidad_Baja,4.734702801847337,0.0,1.9890020460328155,5.891296320704007,19308.0091116993
Barbados,Mortalidad_Baja,4.802496174276743,0.0,2.1596459817007077,6.515896295870349,19034.0708028512
Barbados,Mortalidad_Baja,4.712787117992855,0.0,2.1239718374565215,6.136955567680766,19345.9953139542
Barbados,Mortalidad_Baja,4.677380907348787,0.0,2.046763936607233,5.6772420839073305,18860.3833703309
Barbados,Mortalidad_Baja,4.379711246310172,0.0,1.7991790690938876,4.476672602696896,16294.9099491834
Barbados,Mortalidad_Baja,4.739798579295802,0.0,2.50059177439667,7.0605284799519215,17565.6929970592
Barbados,Mortalidad_Baja,4.236557771935108,0.0,1.7594261166906575,4.2244952100347835,17235.4396434785
Barbados,Mortalidad_Media,4.312768835707786,0.0,1.7357880371263987,4.332855796085972,15619.6005955511
Barbados,Mortalidad_Media,4.242272947882494,0.0,1.7502864405793614,4.200084131000677,14214.4202213572
Barbados,Mortalidad_Media,4.280791115883219,0.0,1.7280092825285114,4.194491432506244,12886.3665272467
Barbados,Mortalidad_Media,4.329100409721485,0.0,1.9072811792008588,4.693095261694512,12075.9587020649
Barbados,Mortalidad_Media,4.4223968007083005,0.0,1.8777420743026787,4.733733444281684,11760.4524736133
Barbados,Mortalidad_Media,4.288246417125124,0.0,1.8727526297305386,4.532611602910439,11639.5160522054
Barbados,Mortalidad_Media,4.336988993565439,0.0,1.9621880147088118,4.887319794859056,11674.6736471764
Barbados,Mortalidad_Media,4.061954799552425,0.0,2.216651006052377,3.9657698628032354,8460.47380869104
Belarus,Mortalidad_Media,2.860340193778543,0.0,2.4010915789522054,3.540958115944629,7994.64806074889
Belarus,Mortalidad_Media,2.8517751889455663,0.0,2.4013499766057302,3.3825431157786463,7489.71894713888
Belarus,Mortalidad_Media,0.20765367922640543,0.0,0.21225034092437842,1.2940637855122552,6542.85579976768
Belarus,Mortalidad_Media,0.2197992670842635,0.0,0.22420322604662735,1.4498057917363396,6837.77339645635
Belarus,Mortalidad_Media,0.2846908410894771,0.0,0.2190838584561704,1.6953118402779364,6360.037502312
Belarus,Mortalidad_Media,0.15350397208201733,0.0,0.223426224264993,1.357385369808259,5785.54491935194
Belarus,Mortalidad_Media,0.0788718377295497,0.0,0.2580679746996849,1.0524657156695139,5039.77560949445
Belarus,Mortalidad_Media,0.02117694930275868,0.0,0.2928758013410397,0.9740987054754375,5967.05595058777
Belarus,Mortalidad_Media,0.0,0.0,0.3739908590820266,0.8437327259268613,8341.31809294883
Belarus,Mortalidad_Media,0.0,0.0,0.3768131045754632,0.8013176691926751,7998.0802045456
Belarus,Mortalidad_Media,0.0,0.0,0.43054210234165335,0.944658207241249,6953.21591683101
Belarus,Mortalidad_Media,0.0,0.0,0.4020788251397942,0.8128484070184223,6527.6593428786
Belarus,Mortalidad_Media,0.0,0.0,0.5002756524138293,0.5782943363655078,6034.67885177216
Belarus,Mortalidad_Media,0.0,0.0,0.47939430218415857,0.6006107356757412,5352.48809190697
Belarus,Mortalidad_Media,0.0,0.0,0.7257430091080797,0.5597535390149031,6376.17569162063
Belarus,Mortalidad_Media,0.0,0.0,0.49690115480152774,0.7434101511972833,4735.48107556066
Belarus,Mortalidad_Media,0.0,0.0,0.43569902931126475,0.9342076221636945,3848.22350300163
Belarus,Mortalidad_Media,0.050083873770562726,0.0,0.405297624203955,1.10393707296834,3126.07176665248
Belarus,Mortalidad_Media,0.05529598480133674,0.0,0.31949918830472235,1.356859153793406,2378.33700470129
Belarus,Mortalidad_Media,0.06006519207423594,0.0,0.36849415733650026,1.0279895510633437,1819.52653114699
Belarus,Mortalidad_Media,0.09532977896286118,0.0,0.39989749839467176,0.8768844518417604,1479.38066337175
Belarus,Mortalidad_Media,0.043344961232403584,0.0,0.5452486666982891,0.6490741219665769,1244.37318523431
Belarus,Mortalidad_Media,0.07899302576632411,0.0,0.834304620857163,0.6552099913956168,1276.28038121269
Belarus,Mortalidad_Media,0.08406121207915626,0.0,1.7176886885211564,0.0,1370.69991385664
Belgium,Mortalidad_Baja,2.698073030694037,0.0,0.14073263370722067,5.621534079237627,50822.2518538518
Belgium,Mortalidad_Baja,2.7583913743251385,0.0,0.20649835569904043,5.81050013318173,51658.238294958
Belgium,Mortalidad_Baja,2.639568144492113,0.0,0.1602307050295007,5.426550582298359,45906.2875805246
Belgium,Mortalidad_Baja,2.517966869211992,0.0,0.21746259974879137,5.366436421312648,46716.6227467964
Belgium,Mortalidad_Baja,2.5008693955125803,0.0,0.2160718777800606,5.2539162025676465,47487.2100392561
Belgium,Mortalidad_Baja,2.4918566113827523,0.0,0.23895702781215342,5.332554737473965,44035.3239358548
Belgium,Mortalidad_Baja,2.6023836648757173,0.0,0.24400672654819736,5.582946078427338,41854.5498296444
Belgium,Mortalidad_Baja,2.520757203418225,0.0,0.21039615259975675,5.336510120123526,40893.804537772
Belgium,Mortalidad_Baja,2.518473862292092,0.0,0.2181050617694143,5.356646900270804,47995.7786961339
Belgium,Mortalidad_Baja,2.509345530256698,0.0,0.267635680460355,5.470923200941761,46964.5946777056
Belgium,Mortalidad_Baja,2.391837721218439,0.0,0.24572494258674252,5.154206560844249,44874.1709182123
Belgium,Mortalidad_Baja,2.420883224438294,0.0,0.29393558727784413,5.339470281005579,47760.8298776546
Belgium,Mortalidad_Baja,2.4474895517159903,0.0,0.34789085613850934,5.5716610805943185,44197.393671162
Belgium,Mortalidad_Baja,2.431902414412638,0.0,0.31592527953445065,5.364271476645336,44923.3400135081
Belgium,Mortalidad_Baja,2.420272880132791,0.0,0.3667931128133451,5.547011795953527,48303.397956286
Belgium,Mortalidad_Baja,2.333495116219126,0.0,0.33800128766065896,5.427751741954788,44319.165448813
Belgium,Mortalidad_Baja,2.359259224725742,0.0,0.36007463128915607,5.51645906604176,38705.1067959147
Belgium,Mortalidad_Baja,2.3812574809824474,0.0,0.3873679033052129,5.612037541181249,36809.7013403619
Belgium,Mortalidad_Baja,2.2295345509013638,0.0,0.3981602996050812,5.3481983330421095,35429.4077933344
Belgium,Mortalidad_Baja,2.1332909647439733,0.0,0.4160439093679157,5.085611626187966,30655.2092679024
Belgium,Mortalidad_Baja,4.117259853569119,0.0,2.423232526175734,6.145222543502154,25006.191397109
Belgium,Mortalidad_Baja,4.008674393263065,0.0,2.539450891125213,5.920197701608,23015.0712632462
Belgium,Mortalidad_Baja,1.7853809347717289,0.0,0.46294457270831413,4.493048292738096,23098.8865077401
Belgium,Mortalidad_Baja,2.3949543059310456,0.0,0.36201559848612586,5.867501419978923,28413.8264387368
Belize,Mortalidad_Media,3.3289984240110786,0.0,2.2393839170115073,2.884604894625523,7068.45478269722
Belize,Mortalidad_Media,3.2807709031302332,0.0,2.2642532296167306,2.847653886169301,6122.61158580079
Belize,Mortalidad_Media,3.238024272168548,0.0,2.2511314532642817,2.768012263389396,5227.19363786168
Belize,Mortalidad_Media,3.319142457031544,0.0,2.202084552694618,2.7747578025072244,6190.04792278445
Belize,Mortalidad_Media,0.8616860621729439,0.0,0.0,0.8091717916240141,6031.28139580144
Belize,Mortalidad_Media,3.3247026784457674,0.0,2.259069821606126,2.8093024684553014,6072.58267640581
Belize,Mortalidad_Media,3.006326084389375,0.0,2.3841741287141933,2.5414611172165653,6142.49873185177
Belize,Mortalidad_Media,3.007853439362752,0.0,2.439647861237471,2.5178032707134026,6154.49593498217
Belize,Mortalidad_Media,3.0049980768360376,0.0,2.4797065476963436,2.527882930966868,6128.14288539305
Belize,Mortalidad_Media,3.0108280167081363,0.0,2.5656852691358494,2.5744384800186864,5950.20299917747
Belize,Mortalidad_Media,3.190782135938895,0.0,2.4801315619418247,2.7134892007452547,5709.68918765363
Belize,Mortalidad_Media,3.240741346934973,0.0,2.3789808081255734,2.75094114612205,5582.22170621269
Belize,Mortalidad_Media,3.2514017199972356,0.0,2.3351292873109655,2.6507158400096302,5451.13897172477
Belize,Mortalidad_Media,3.2826493127680343,0.0,2.3617952212285114,2.721628424121431,5401.22963143045
Belize,Mortalidad_Media,3.306118922524907,0.0,2.3830966440147483,2.8162637851968384,5713.28126796797
Belize,Mortalidad_Media,3.2700408440855813,0.0,2.3159941349628603,2.5738105425777618,5765.28199932455
Belize,Mortalidad_Media,3.292027327880098,0.0,2.3346004861659786,2.5761986366878062,5527.16775856439
Belize,Mortalidad_Media,3.456674060598913,0.0,2.2888476967192277,2.674272403048854,5272.74417207961
Belize,Mortalidad_Media,3.4645610565305227,0.0,2.2992601989771773,2.6718145432861107,5156.09817143194
Belize,Mortalidad_Media,3.511269771875868,0.0,2.3593340747658935,2.8649088291993166,4962.08962013799
Belize,Mortalidad_Media,3.4851061246330763,0.0,2.376914306928557,2.7704952592707754,4861.74314184267
Belize,Mortalidad_Media,3.4813982260838414,0.0,2.4468763659132615,2.702820628009579,4721.81625660785
Belize,Mortalidad_Media,3.3852069085845193,0.0,2.5057066879251333,2.6172483121813563,4729.67080428075
Belize,Mortalidad_Media,0.8081430293379048,0.0,0.2869842253846978,0.5912836470892255,4012.07959009728
Benin,Mortalidad_Alta,3.6076053851977967,0.0,8.66649746245891,2.1089810983280652,1266.42710981159
Benin,Mortalidad_Alta,1.5628736742616431,0.0,5.445016542202468,0.0,1318.65158107487
Benin,Mortalidad_Alta,3.7730573417238102,0.0,8.91395052304898,2.158214901562047,1200.19426631122
Benin,Mortalidad_Alta,3.8429941000436525,0.0,8.964377000433611,2.16484820908574,1130.82135339795
Benin,Mortalidad_Alta,1.7566712343914586,0.0,5.336697853610995,0.0,1151.7409703472
Benin,Mortalidad_Alta,3.8957654779122683,0.0,9.40739319909342,2.162979176178051,1054.97408066814
Benin,Mortalidad_Alta,3.927895753120623,0.0,9.231679720628128,2.1235258794701353,1010.5338961993
Benin,Mortalidad_Alta,1.904183819168854,0.0,5.14016492063687,0.0,1002.41886879614
Benin,Mortalidad_Alta,4.154464090777306,0.0,8.898093059288819,2.161570451979639,1204.39918670094
Benin,Mortalidad_Alta,4.201170591724949,0.0,8.90818993779668,2.1570696584733056,1168.92699279226
Benin,Mortalidad_Alta,4.225779585978732,0.0,9.211880757214827,2.1683087721043077,1071.5258366283
Benin,Mortalidad_Alta,2.0895203202411743,0.0,5.561003509781401,0.0,1059.41358852588
Benin,Mortalidad_Alta,4.10686729683611,0.0,9.832351903486513,2.136919585309667,973.244254931526
Benin,Mortalidad_Alta,4.115946404650004,0.0,10.290975300422048,2.160550473299544,1024.10277858112
Benin,Mortalidad_Alta,4.157616195438573,0.0,10.400891921735958,2.167995390666367,1060.60254502099
Benin,Mortalidad_Alta,4.045523713506863,0.0,10.762088956555985,2.140509157027444,912.338247188342
Benin,Mortalidad_Alta,4.022090878839234,0.0,10.943027899276757,2.1191724261439826,809.147072506221
Benin,Mortalidad_Alta,4.0302014141958455,0.0,11.239273567486462,2.127082516262318,779.437777753268
Benin,Mortalidad_Alta,4.054383991627947,0.0,11.441675196954932,2.1203604191110483,758.695803786371
Benin,Mortalidad_Alta,2.1412397344610317,0.0,6.878918506077022,0.0,676.002878084282
Benin,Mortalidad_Alta,4.156770738537847,0.0,11.530674833177075,2.10967151502237,546.463829658159
Benin,Mortalidad_Alta,4.299935677044469,0.0,11.356469440240547,2.116304708725282,492.401499509072
Benin,Mortalidad_Alta,4.291116295762844,0.0,11.378357076271927,2.098667081177816,487.424141384242
Benin,Mortalidad_Alta,5.161037081956576,0.0,12.168010824001186,2.281230161027985,348.435238914394
Bhutan,Mortalidad_Media,0.628647971782442,0.0,0.1604729889086421,1.7320228169482466,3711.32767981591
Bhutan,Mortalidad_Media,2.6823982566562403,0.0,3.434336806839347,2.613049526457193,3570.61257980872
Bhutan,Mortalidad_Media,2.67964669192297,0.0,3.4995663544827296,2.505289219975947,3191.66906999331
Bhutan,Mortalidad_Media,2.8067591521967103,0.0,2.9699113621431503,2.710154058799304,3576.87987100503
Bhutan,Mortalidad_Media,2.576586398412595,0.0,3.6305441748848373,2.462603769920615,3400.20417245342
Bhutan,Mortalidad_Media,0.20332355866517976,0.0,1.2733173077799553,0.4223333232964771,3435.28804735662
Bhutan,Mortalidad_Media,2.6594731476912785,0.0,3.606575655618329,2.853483182343502,3152.30905106786
Bhutan,Mortalidad_Media,2.7137248970347803,0.0,3.630929314283052,2.8190486922326783,2954.04081911097
Bhutan,Mortalidad_Media,2.6656957911074506,0.0,3.8090239123236564,2.6205363985679084,2849.49998647303
Bhutan,Mortalidad_Media,2.7316349100726147,0.0,3.899761027834832,2.696500827531899,2679.95217201538
Bhutan,Mortalidad_Media,0.4556136934048232,0.0,1.1981382404214445,0.592757072455482,2751.2128864294
Bhutan,Mortalidad_Media,2.789964863529599,0.0,3.950001578093423,2.1135889476552947,2787.97967608562
Bhutan,Mortalidad_Media,2.7675345589242366,0.0,4.371465957257066,2.0663704348421046,2435.5798056672
Bhutan,Mortalidad_Media,2.8186787658668035,0.0,4.86478317714695,1.9698931390152778,1918.39599211093
Bhutan,Mortalidad_Media,2.850374863399352,0.0,5.518480033659252,1.996224258060868,1919.59774896395
Bhutan,Mortalidad_Media,0.6195337387720139,0.0,2.8380458226060576,0.0,1850.41570433398
Bhutan,Mortalidad_Alta,3.1052201295331705,0.0,6.422438073915164,2.089376322283618,1405.6071618158
Bhutan,Mortalidad_Alta,3.2054106893012393,0.0,6.677836006615241,2.0767329398539025,1299.94938578359
Bhutan,Mortalidad_Alta,3.1995599613852788,0.0,7.433080502236009,2.0810852343125594,1130.35934606796
Bhutan,Mortalidad_Alta,1.1071262574610938,0.0,4.203867272611288,0.0,1022.38240311018
Bhutan,Mortalidad_Alta,3.3683510627366293,0.0,8.41250851584143,2.1160678079802167,895.799489930972
Bhutan,Mortalidad_Alta,3.5429327153918027,0.0,8.414176116578444,2.1074820442254203,812.238210772056
Bhutan,Mortalidad_Alta,3.7748346580049823,0.0,8.729334844235325,2.1224744381521465,771.924911410619
Bhutan,Mortalidad_Alta,3.920687835989459,0.0,12.34480993660545,2.181486370878164,530.103676927417
Bolivia,Mortalidad_Media,0.5335246671853067,0.0,1.0513452245747668,0.07980074016020983,3643.92826984604
Bolivia,Mortalidad_Alta,0.9800973546742824,0.0,1.6086892995208082,0.03938267555768882,3384.84486462654
Bolivia,Mortalidad_Alta,0.9785287146740012,0.0,1.5364057066597314,0.12103024449717242,3099.94219053514
Bolivia,Mortalidad_Media,0.5659961338392663,0.0,1.1610965690194397,0.14709518743118502,3503.89601123129
Bolivia,Mortalidad_Media,0.5453092578834451,0.0,1.1708558400657862,0.08241198939627808,3500.72642189887
Bolivia,Mortalidad_Media,0.5930930816754358,0.0,1.0609975996931826,0.0697392189846277,3306.30301224425
Bolivia,Mortalidad_Media,0.6741834929761994,0.0,0.9518414962042199,0.14068191082329248,3035.87347732132
Bolivia,Mortalidad_Media,0.574575180942273,0.0,1.1750349115739054,0.021925725834822052,2996.01289811344
Bolivia,Mortalidad_Media,0.49544226876583003,0.0,1.4744026438319984,0.0,3041.43503162408
Bolivia,Mortalidad_Alta,0.5197724104724595,0.0,1.6094302130804565,0.0,2870.02377000756
Bolivia,Mortalidad_Alta,0.575618396961167,0.0,1.6455835394228395,0.0,2575.59857098084
Bolivia,Mortalidad_Alta,0.6518567710764691,0.0,1.7124376845930165,0.0,2315.52121930607
Bolivia,Mortalidad_Alta,3.1926668474907984,0.0,4.352165842900252,2.0047263881886326,1929.78373077158
Bolivia,Mortalidad_Alta,0.8514087596754656,0.0,1.8855353348821002,0.0,1731.18172112209
Bolivia,Mortalidad_Alta,0.8400152394521139,0.0,2.0789970217768796,0.0,1692.67248455876
Bolivia,Mortalidad_Alta,0.9685053377091937,0.0,2.041889732394797,0.0,1354.54905949929
Bolivia,Mortalidad_Alta,1.0604182735728713,0.0,2.2463744863731097,0.0,1202.71150446327
Bolivia,Mortalidad_Alta,1.2330787569884003,0.0,2.2680464525103123,0.0,1020.12326200737
Bolivia,Mortalidad_Alta,1.3933414956196797,0.0,2.450482423452671,0.0,953.191893246277
Bolivia,Mortalidad_Alta,4.060250292742437,0.0,5.276277708206363,2.1346318586049744,893.013760211149
Bolivia,Mortalidad_Alta,1.6527740311426262,0.0,2.4329377159958105,0.0,888.221328974352
Bolivia,Mortalidad_Alta,1.8038357029583842,0.0,2.645098795736151,0.0,930.168227214313
Bolivia,Mortalidad_Alta,1.9055878592390958,0.0,2.712959925214416,0.0,975.777060358751
Bolivia,Mortalidad_Alta,4.7214491609978575,0.0,7.833598740979781,2.172786479262733,852.754034861444
Bosnia and Herzegovina,Mortalidad_Baja,2.9876384327836196,0.0,2.264971586788479,3.0873416199196173,7655.59421024383
Bosnia and Herzegovina,Mortalidad_Media,3.072477473608078,0.0,2.2176785243340045,3.297160331455874,7295.3438240957
Bosnia and Herzegovina,Mortalidad_Baja,3.0778275137111115,0.0,2.211129156963252,3.2558970114095063,6130.31133245161
Bosnia and Herzegovina,Mortalidad_Baja,2.929738660753355,0.0,2.2787665574605653,2.930809813990104,6122.3753450882
Bosnia and Herzegovina,Mortalidad_Baja,2.8763170846359323,0.0,2.315629686723193,2.9000435754929326,6047.84584261133
Bosnia and Herzegovina,Mortalidad_Baja,2.932812439919429,0.0,2.2325266564074937,2.933949313483202,5345.01985489192
Bosnia and Herzegovina,Mortalidad_Baja,2.992991091025687,0.0,2.2068111645409467,3.1051536330935754,4928.5665251728
Bosnia and Herzegovina,Mortalidad_Baja,3.039783122086239,0.0,2.14253548016196,3.1301238156650775,4662.25883724069
Bosnia and Herzegovina,Mortalidad_Baja,2.9977113971758116,0.0,2.1509156902354367,2.8346960780727435,5206.06558252
Bosnia and Herzegovina,Mortalidad_Baja,2.9493719656364714,0.0,2.207074150466788,2.7886055284568263,5034.56616016469
Bosnia and Herzegovina,Mortalidad_Baja,2.9889604863952677,0.0,2.1900130845119055,2.8213636198761076,4693.78899115381
Bosnia and Herzegovina,Mortalidad_Baja,0.44123640753458143,0.0,0.09137733196501491,0.9710616717916681,4982.69375768263
Bosnia and Herzegovina,Mortalidad_Baja,2.9101558475294973,0.0,2.1992494470924875,2.741680158125133,4506.47828548389
Bosnia and Herzegovina,Mortalidad_Baja,2.911190425123646,0.0,2.1799609398752304,2.7214929773743033,4539.91863774968
Bosnia and Herzegovina,Mortalidad_Baja,2.7573909296773507,0.0,2.188678666249112,2.614428590203683,4841.69311934649
Bosnia and Herzegovina,Mortalidad_Baja,0.19088488073543214,0.0,0.09436629774928973,0.7145629939918058,3931.48948737505
Bosnia and Herzegovina,Mortalidad_Baja,2.7003952761369527,0.0,2.1771142127616554,2.5533666175964336,3166.12865344833
Bosnia and Herzegovina,Mortalidad_Baja,2.801700831434868,0.0,2.1396645506153282,2.57613292206805,2739.61076866057
Bosnia and Herzegovina,Mortalidad_Baja,0.08218055642404234,0.0,0.20387456548460908,0.4012243667702116,2452.68616839392
Bosnia and Herzegovina,Mortalidad_Baja,2.613984629353714,0.0,2.2336155603432033,2.3745215283597823,2033.94700935864
Bosnia and Herzegovina,Mortalidad_Baja,2.5712064991887473,0.0,2.2697066450610714,2.3501452964984013,1606.54672243362
Bosnia and Herzegovina,Mortalidad_Baja,0.056850292372537164,0.0,0.23359615214914303,0.41966540077061865,1387.89365131544
Bosnia and Herzegovina,Mortalidad_Baja,2.561460717665145,0.0,2.299734373516378,2.342391278108847,1338.48059636261
Bosnia and Herzegovina,Mortalidad_Media,2.583493302083017,0.0,4.134945271825272,2.1627500829507462,502.365980975339
Botswana,Mortalidad_Media,3.8985635506177023,0.0,2.908880434290963,2.7879169240115065,8328.70905682185
Botswana,Mortalidad_Alta,4.278018776807538,0.0,3.3118500657125156,2.3297327522359894,7807.88794500125
Botswana,Mortalidad_Media,4.306242683675588,0.0,3.0413185725874845,2.5153712051174124,6323.29749806946
Botswana,Mortalidad_Media,4.208425475727266,0.0,3.05989564624474,2.450853074450114,7172.08956480028
Botswana,Mortalidad_Alta,4.169555579615634,0.0,3.129504373352036,2.4947356288014113,7407.95940141786
Botswana,Mortalidad_Alta,4.138239312817908,0.0,3.3070033753980144,2.452445321223517,7104.96401088027
Botswana,Mortalidad_Alta,4.1177800690317135,0.0,3.464447604112473,2.4586705724536446,6749.05994339013
Botswana,Mortalidad_Alta,1.856895808147207,0.0,1.0769586556852997,0.5180108352458449,6141.20394726616
Botswana,Mortalidad_Alta,4.249787884907905,0.0,3.7280250816400122,2.4071926570246127,7122.36423421503
Botswana,Mortalidad_Alta,4.3949154400381785,0.0,3.6979712651355143,2.3498261517285735,6666.91219583487
Botswana,Mortalidad_Alta,4.515283664160649,0.0,3.780312489868785,2.2425778202335036,6595.53845015424
Botswana,Mortalidad_Alta,4.455767900935355,0.0,4.054156689564642,2.213188082058599,7287.38295334919
Botswana,Mortalidad_Alta,4.590350757868598,0.0,3.9546530869502385,2.243824393971497,6215.73216077919
Botswana,Mortalidad_Alta,2.2250861874629297,0.0,1.6261768462287312,0.0,5082.93388332404
Botswana,Mortalidad_Alta,4.533860337798402,0.0,4.075205818910394,2.239717691911653,5503.07395314313
Botswana,Mortalidad_Alta,4.3879551342889975,0.0,4.191638775092051,2.2237215583355847,5529.12574632532
Botswana,Mortalidad_Alta,4.380328831052956,0.0,4.244011292295763,2.231949436213554,5291.58379144849
Botswana,Mortalidad_Alta,4.3126030687076415,0.0,4.317800631612011,2.2212042825964673,5391.07076619634
Botswana,Mortalidad_Alta,4.522529811546033,0.0,4.3258572265120225,2.168320903967054,4956.69287735214
Botswana,Mortalidad_Alta,4.630168713339893,0.0,4.2762867724513125,2.164808301111306,4230.12326909926
Botswana,Mortalidad_Alta,2.0619173541282656,0.0,2.021957500037522,0.0,3117.25087183011
Botswana,Mortalidad_Alta,4.457386611901413,0.0,4.4105572825644686,2.151140952089041,3206.07123689853
Botswana,Mortalidad_Alta,4.3537540414322375,0.0,4.46814185534524,2.138283382536363,3450.81180622992
Botswana,Mortalidad_Alta,4.322302743702481,0.0,4.169019740739003,2.1720771346970773,3156.18194514079
Brazil,Mortalidad_Media,0.7014783700871177,0.0,0.0045904368663609585,1.0757703013179607,9281.33334441234
Brazil,Mortalidad_Media,0.7332069303939888,0.0,0.0,1.2218921530884095,7972.5366498646
Brazil,Mortalidad_Media,0.9756897984802544,0.0,0.0,1.331302791802916,7074.19378337644
Brazil,Mortalidad_Baja,0.7861900412472704,0.0,0.0,0.8659607264164051,9029.83326681073
Brazil,Mortalidad_Baja,0.8184547803788123,0.0,0.0,0.9508261497587268,9300.66164923219
Brazil,Mortalidad_Baja,0.8879672856795164,0.0,0.0,1.016390979438052,10080.5092819305
Brazil,Mortalidad_Media,1.0462620442748007,0.0,0.0,1.305524082759796,8836.28652735657
Brazil,Mortalidad_Media,0.9992327975042663,0.0,0.0,1.312727113754156,8936.19661712113
Brazil,Mortalidad_Media,0.8641542630351786,0.0,0.016927290202206402,1.131466055951758,12274.9939689363
Brazil,Mortalidad_Media,0.7719454700439328,0.0,0.030112893220588688,1.0673147526577063,12458.8912138813
Brazil,Mortalidad_Media,0.7018920583596753,0.0,0.04211357519184994,0.9961785198530358,12521.7213519966
Brazil,Mortalidad_Media,0.6282578332397397,0.0,0.05038094845684549,0.9288176504835522,13396.6243562986
Brazil,Mortalidad_Media,3.1303955409598463,0.0,2.192238505950571,2.728423397832753,11403.2821278747
Brazil,Mortalidad_Media,0.6546556346613972,0.0,0.026539794946483397,0.7920745461491951,8678.6592244676
Brazil,Mortalidad_Media,0.5270917862582403,0.0,0.09055835735252055,0.6584814287481464,8908.33176538648
Brazil,Mortalidad_Media,0.6368558087115519,0.0,0.0952123515771151,0.7249618573470806,7409.69130673473
Brazil,Mortalidad_Media,0.6735691400610657,0.0,0.12985356081891897,0.7076155200043905,5934.14470924968
Brazil,Mortalidad_Media,0.6734635874731485,0.0,0.18810666334288087,0.6285100739449829,4827.78173074714
Brazil,Mortalidad_Media,0.6724956381903813,0.0,0.2733524280862992,0.5886279490240554,3663.823188064
Brazil,Mortalidad_Media,0.7660861790769686,0.0,0.2952307584629588,0.5315226290763851,3090.6070097455
Brazil,Mortalidad_Media,0.8554678046356712,0.0,0.3337858500385794,0.46767620160681567,2855.94018885769
Brazil,Mortalidad_Media,0.9473127182718024,0.0,0.3602620976338075,0.45758521799313273,3176.28935747524
Brazil,Mortalidad_Media,3.5813084623839844,0.0,2.665409577448549,2.4185884371190856,3766.54811466032
Brazil,Mortalidad_Media,1.3894883523748165,0.0,0.69877165755168,0.33976311029629075,4756.74840785403
Brunei Darussalam,Mortalidad_Media,3.206195892197681,0.0,3.3794809218044404,7.919311873421728,36632.9280421411
Brunei Darussalam,Mortalidad_Media,3.2309725863271024,0.0,3.2762735064629913,7.20480034217951,31006.9636220576
Brunei Darussalam,Mortalidad_Media,3.4262876972851672,0.0,3.2654167626564976,7.4363234393556255,26834.3592463839
Brunei Darussalam,Mortalidad_Media,3.228455834587461,0.0,3.3748791226231205,7.248763136737037,30426.5730284202
Brunei Darussalam,Mortalidad_Media,3.12288203443658,0.0,3.2600173266900163,6.790342383419012,30988.1190497851
Brunei Darussalam,Mortalidad_Media,3.218869323991146,0.0,3.2596453689177585,6.673584428798956,28024.3824618568
Brunei Darussalam,Mortalidad_Media,3.3847829455836984,0.0,2.9281282751092106,6.638886862015871,26663.2973199878
Brunei Darussalam,Mortalidad_Media,3.1871335053828975,0.0,2.896966982183364,6.3204710142724645,30625.128732694
Brunei Darussalam,Mortalidad_Media,3.0533538434320917,0.0,3.296323046214613,7.210732594489667,41026.508391054
Bulgaria,Mortalidad_Media,1.0449160673984117,0.0,0.12192003467625723,2.2179926254219944,13999.6719197289
Bulgaria,Mortalidad_Media,1.1294049039170757,0.0,0.12013858712193448,2.0831125799573478,12972.2173356002
Bulgaria,Mortalidad_Media,1.0718432709058088,0.0,0.08423525980006707,1.99019404407835,10769.9475699414
Bulgaria,Mortalidad_Media,0.9370539596160332,0.0,0.15231719977272654,1.7298283120095759,10372.8044341114
Bulgaria,Mortalidad_Media,0.9604855063649689,0.0,0.13614624772044698,1.836224201522123,9872.38507789106
Bulgaria,Mortalidad_Media,0.8490271752845808,0.0,0.13750768985298628,1.8860563446031469,8696.68930427924
Bulgaria,Mortalidad_Media,0.8402036006326958,0.0,0.12160483810284473,1.8621643357581976,7822.49923292968
Bulgaria,Mortalidad_Media,0.8370953802811603,0.0,0.1333703885618287,1.7819909992957705,7268.65445473873
Bulgaria,Mortalidad_Media,0.7230718112910417,0.0,0.14606554908184013,1.4142042047137404,8069.60005667684
Bulgaria,Mortalidad_Media,0.6565686400879494,0.0,0.15131024971066653,1.266838970193224,7795.98092108928
Bulgaria,Mortalidad_Media,0.6574731716335118,0.0,0.16910592090596405,1.3997877029186627,7431.95789508871
Bulgaria,Mortalidad_Media,0.7183137068836147,0.0,0.1625084951842459,1.5269765602986052,7849.58061302818
Bulgaria,Mortalidad_Media,0.772328738883143,0.0,0.14280170654425556,1.366436698968013,6853.94805511171
Bulgaria,Mortalidad_Media,0.6767687457205671,0.0,0.1446377730428714,1.4785052754020218,6988.27316296465
Bulgaria,Mortalidad_Media,0.49741471636320084,0.0,0.20466735962209368,1.4482369718155135,7271.30338858025
Bulgaria,Mortalidad_Media,0.5612626002470547,0.0,0.21646925905862274,1.5076701581968055,5888.57081403932
Bulgaria,Mortalidad_Media,0.4977309614474377,0.0,0.21154595153592343,1.476761907578609,4523.1465578805
Bulgaria,Mortalidad_Media,3.062158384292452,0.0,2.3921943584311354,3.1262474374483458,3899.82596332878
Bulgaria,Mortalidad_Media,3.065255812573977,0.0,2.3857421411027104,3.0547898422915933,3389.68743360274
Bulgaria,Mortalidad_Media,0.4097777177270135,0.0,0.17495137135723526,1.0970865207214022,2719.49436859287
Bulgaria,Mortalidad_Media,3.0332095965719246,0.0,2.4358551291631434,2.804297269893296,2092.98288625558
Bulgaria,Mortalidad_Media,0.27664580098353037,0.0,0.19592385729240247,0.7277971532281827,1770.90704918691
Bulgaria,Mortalidad_Media,2.894996251788611,0.0,2.504151189420535,2.6756992861425446,1621.26210738992
Bulgaria,Mortalidad_Media,0.8253097441808106,0.0,0.14397773973086386,0.9059579700291971,2259.25922555221
Burkina Faso,Mortalidad_Alta,3.578673584981803,0.0,7.12329507110965,2.0391518075906863,836.118304593682
Burkina Faso,Mortalidad_Alta,1.5018974522554662,0.0,3.4498738426962787,0.0,895.535288442991
Burkina Faso,Mortalidad_Alta,3.7959220701965166,0.0,7.0036760209111035,2.082415097302111,825.237038782475
Burkina Faso,Mortalidad_Alta,3.851805752957752,0.0,7.083025347691573,2.0714761597022675,764.853077774946
Burkina Faso,Mortalidad_Alta,1.5789265724300063,0.0,4.420839637841022,0.0,777.465618514048
Burkina Faso,Mortalidad_Alta,3.86678682102615,0.0,8.05899561512191,2.1030074001247336,709.091535894695
Burkina Faso,Mortalidad_Alta,3.8777308762973455,0.0,8.35825079301697,2.0822175041254023,663.742364842886
Burkina Faso,Mortalidad_Alta,3.9329429874452897,0.0,8.655174067245182,2.088162160339228,630.124750752312
Burkina Faso,Mortalidad_Alta,1.8556126441237515,0.0,5.330073745135667,0.0,764.861675106225
Burkina Faso,Mortalidad_Alta,3.9784635191253397,0.0,9.549350805045645,2.120592196070683,759.762065168498
Burkina Faso,Mortalidad_Alta,3.9952839837489362,0.0,9.834580194010353,2.112155289467488,731.470138867833
Burkina Faso,Mortalidad_Alta,4.085071625908364,0.0,9.704342692246044,2.087283684172039,725.024767725475
Burkina Faso,Mortalidad_Alta,4.2287583756011715,0.0,9.959780234900226,2.1051087597479814,624.957252224766
Burkina Faso,Mortalidad_Alta,2.4571141802359344,0.0,5.635594715999307,0.0,601.569520671859
Burkina Faso,Mortalidad_Alta,4.495707783455946,0.0,10.773330813421218,2.1552537446944657,619.437533256264
Burkina Faso,Mortalidad_Alta,4.8902281267071,0.0,9.339417541037983,2.1241230153108974,514.684451177238
Burkina Faso,Mortalidad_Alta,4.895514428255757,0.0,10.513517832108276,2.159294519323907,455.513655620024
Burkina Faso,Mortalidad_Alta,4.8608233797052876,0.0,11.375812798790706,2.159185484069463,441.164148016012
Burkina Faso,Mortalidad_Alta,5.148268585305636,0.0,10.576923007648912,2.145585147505151,403.81283743461
Burkina Faso,Mortalidad_Alta,3.0903269969243343,0.0,7.3817781073176585,0.0,362.373899996953
Burkina Faso,Mortalidad_Alta,5.285786381185789,0.0,11.607570888549896,2.165095432430608,285.654087637533
Burkina Faso,Mortalidad_Alta,5.406523514489045,0.0,12.195575972432545,2.256982320660997,259.485223380436
Burkina Faso,Mortalidad_Alta,5.588454806159661,0.0,11.710161839960998,2.251054062168044,248.908526921752
Burkina Faso,Mortalidad_Alta,5.245026971439568,0.0,14.773751782058042,2.1766897932038254,229.092294496817
Burundi,Mortalidad_Alta,3.0782040964261457,0.0,8.455778587632132,2.235661208344868,250.634225368744
Burundi,Mortalidad_Alta,3.0555711924391926,0.0,8.658430444719906,2.171957196977511,214.091455416133
Burundi,Mortalidad_Alta,0.9622027769576749,0.0,4.867660714147756,0.0,210.008139902508
Burundi,Mortalidad_Alta,3.2298119098018723,0.0,8.471112548877995,2.1904049982010187,210.236494521532
Burundi,Mortalidad_Alta,3.341969944171509,0.0,8.461853877761422,2.1962335955521164,224.89939239264
Burundi,Mortalidad_Alta,3.4368545057334274,0.0,8.460488658858143,2.2000704041227963,236.694472592753
Burundi,Mortalidad_Alta,3.3855639747445387,0.0,9.54109919626757,2.232892277272231,235.286205393908
Burundi,Mortalidad_Alta,3.569887370955832,0.0,9.282820543251875,2.230490841234219,280.966831311923
Burundi,Mortalidad_Alta,3.119931503988779,0.0,11.667690116672427,2.2377602298000543,250.540481111877
Burundi,Mortalidad_Alta,0.9928976251829955,0.0,8.764191972986989,0.0,234.843045388828
Burundi,Mortalidad_Alta,3.3026370171830033,0.0,12.132267768454414,2.229237196521475,231.688496393569
Burundi,Mortalidad_Alta,3.3546610865942634,0.0,12.73106043142624,2.23327435876346,230.070577369084
Burundi,Mortalidad_Alta,3.389813722104776,0.0,13.451611629180798,2.235580035314827,216.727705301976
Burundi,Mortalidad_Alta,3.57905741427893,0.0,13.086538614920205,2.2010051463185336,199.097633037708
Burundi,Mortalidad_Alta,3.7167704566068247,0.0,13.58959208507663,2.2154529882239435,189.502074570768
Burundi,Mortalidad_Alta,4.014530631896978,0.0,12.965246542090753,2.205307481741469,166.162744906755
Burundi,Mortalidad_Alta,1.7761882459034917,0.0,10.759479860121544,0.0,161.892755640319
Burundi,Mortalidad_Alta,3.9242967398818314,0.0,15.528945437761394,2.2110318965105127,147.234619294225
Burundi,Mortalidad_Alta,4.036769940596217,0.0,15.989776607893534,2.204583914535907,125.194965184533
Burundi,Mortalidad_Alta,4.160154536880952,0.0,16.424018923249534,2.189013838507872,111.406682804391
Burundi,Mortalidad_Alta,4.386457446656733,0.0,16.653139500639945,2.219807616736238,120.952308575468
Burundi,Mortalidad_Alta,4.52172915965287,0.0,17.07632569378119,2.216051748495056,132.159554541932
Burundi,Mortalidad_Alta,4.5804863457289,0.0,17.933216668701238,2.2822632456136893,134.537861752389
Burundi,Mortalidad_Alta,4.845555199188399,0.0,18.371433291618022,2.208429256799505,164.915311679326
Cabo Verde,Mortalidad_Baja,3.9037890766117753,0.0,1.7742375485762971,3.584081789601754,4323.31362032709
Cabo Verde,Mortalidad_Media,3.749890920396159,0.0,1.9598497668704198,3.072991601505678,3971.44409203423
Cabo Verde,Mortalidad_Media,3.6233091664646655,0.0,2.0558605682796416,3.0778282735998523,3539.22661248299
Cabo Verde,Mortalidad_Baja,3.7768836475742895,0.0,2.0145470712028293,3.062095286195053,4380.78117331128
Cabo Verde,Mortalidad_Media,3.664795869068823,0.0,2.0810109787392777,3.040285261805425,4294.96510035729
Cabo Verde,Mortalidad_Media,3.7809893862976023,0.0,2.1012407802127386,3.047958679831102,3893.09571382506
Cabo Verde,Mortalidad_Media,3.9505778872136776,0.0,1.9626427863776228,3.5019756308877215,3608.96605234906
Cabo Verde,Mortalidad_Media,1.4561394824706932,0.0,0.0,1.7810232372252357,3415.06266730931
Cabo Verde,Mortalidad_Media,3.819832948565569,0.0,2.017579282128272,3.186774024881304,3985.60706548134
Cabo Verde,Mortalidad_Media,3.8625905352937866,0.0,2.046399514945282,3.1850837992943064,3960.97596791345
Cabo Verde,Mortalidad_Media,3.871908263436074,0.0,2.1245152252616224,3.1012708024515496,3736.81517011087
Cabo Verde,Mortalidad_Media,3.815265891771642,0.0,2.163108256941882,3.1030999690281424,4002.01386888785
Cabo Verde,Mortalidad_Media,3.86707821679886,0.0,2.215705057421286,3.236876313033367,3579.46006137809
Cabo Verde,Mortalidad_Media,3.8084380865978105,0.0,2.2734696554079243,2.9065359053056237,3659.72046361628
Cabo Verde,Mortalidad_Media,3.736888514256159,0.0,2.3887556481888548,2.848246623440447,3908.64885822576
Cabo Verde,Mortalidad_Media,1.2252320261720961,0.0,0.2846472936844666,0.615170601929496,3324.57675212498
Cabo Verde,Mortalidad_Media,3.902332958001497,0.0,2.329838927127356,2.7278970300920418,2256.99666191075
Cabo Verde,Mortalidad_Media,3.8689687008720886,0.0,2.352930133628124,2.674129765394635,2004.14680417563
Cabo Verde,Mortalidad_Media,3.8846083103072377,0.0,2.3688572568346644,2.643438904047895,1929.49081468781
Cabo Verde,Mortalidad_Media,3.8918827604896187,0.0,2.436174754048207,2.666385786643101,1717.97565369655
Cabo Verde,Mortalidad_Media,3.892587969706674,0.0,2.502268648099924,2.5873590394319916,1328.57874270666
Cabo Verde,Mortalidad_Media,1.4477959828416491,0.0,0.5457632690862767,0.5550556700260536,1223.33055331575
Cabo Verde,Mortalidad_Media,3.729841456315218,0.0,2.8541095175009845,2.3242299972340943,1189.51479345891
Cabo Verde,Mortalidad_Alta,4.080500728989432,0.0,4.05043437035211,2.14058780024865,1165.13832331934
Cambodia,Mortalidad_Media,2.1350580934504797,0.0,5.797305969250344,2.104827167570758,2325.03050040841
Cambodia,Mortalidad_Media,2.224134442944025,0.0,5.927766628741118,2.086019713564656,2167.40324198499
Cambodia,Mortalidad_Media,2.302499853539064,0.0,5.658667962109693,2.10909386930796,2081.73914242939
Cambodia,Mortalidad_Media,2.3502544899914897,0.0,5.329215825835055,2.088123841392103,2225.87705485686
Cambodia,Mortalidad_Media,2.3973280482851536,0.0,5.495315086338256,2.1005943236792404,2036.67377566578
Cambodia,Mortalidad_Media,2.467811069649261,0.0,5.786478069941643,2.1472018991129938,1826.35391688754
Cambodia,Mortalidad_Media,2.4681390472997458,0.0,5.95475360502641,2.11236439910773,1675.19555711109
Cambodia,Mortalidad_Media,2.5060406760736935,0.0,6.277239408502709,2.1336014462888104,1547.32010444393
Cambodia,Mortalidad_Media,2.4918868932730316,0.0,6.910547222819222,2.157550559512151,1431.56396469993
Cambodia,Mortalidad_Media,2.439532728006916,0.0,7.658645804320958,2.159867387811617,1305.6600972686
Cambodia,Mortalidad_Media,2.4141317707143517,0.0,8.435522721348146,2.1760758200246175,1192.80263041673
Cambodia,Mortalidad_Media,2.4654466198100957,0.0,8.921464322232163,2.1920513421362373,1088.98152823081
Cambodia,Mortalidad_Media,2.6078032776624496,0.0,9.019686192334698,2.2024217967823376,952.274616324008
Cambodia,Mortalidad_Alta,2.7093479348753284,0.0,9.228657916520577,2.19607979834782,875.748936193569
Cambodia,Mortalidad_Alta,2.815458249916298,0.0,9.452337313912905,2.1912306854507033,866.283999789749
Cambodia,Mortalidad_Alta,2.9838276660243643,0.0,9.085050954668333,2.1643276864549823,731.692295125426
Cambodia,Mortalidad_Alta,3.137787396531788,0.0,9.70760573600169,2.227624138885904,612.252648550727
Cambodia,Mortalidad_Alta,3.200641658013856,0.0,9.91228425715514,2.1474806254259144,525.797325120926
Cambodia,Mortalidad_Alta,3.404122254631343,0.0,10.03151805504074,2.1431910009316057,444.199067529081
Cambodia,Mortalidad_Alta,3.505666656506365,0.0,11.137373834051287,2.1592750556385907,386.691123931778
Cambodia,Mortalidad_Alta,3.7475801883954643,0.0,11.565611790470097,2.162287910051511,350.147276634294
Cambodia,Mortalidad_Alta,3.8740088669470816,0.0,12.91420045004352,2.181149272116013,327.500984314444
Cambodia,Mortalidad_Alta,3.998058301944778,0.0,14.115514260253727,2.19369986379888,296.426687526334
Cambodia,Mortalidad_Alta,4.031280174039835,0.0,18.050830663781298,2.3130699395432672,343.485224671585
Cameroon,Mortalidad_Alta,3.775507557217272,0.0,5.884496746328496,2.148753805146762,1604.87726954895
Cameroon,Mortalidad_Alta,1.5307192614224852,0.0,2.9699845790394943,0.0,1672.32657340872
Cameroon,Mortalidad_Alta,3.97360517507997,0.0,6.02078282841534,2.1593093598449262,1555.60370660749
Cameroon,Mortalidad_Alta,3.9771459800754734,0.0,5.951603177987678,2.132077569196414,1555.22660476477
Cameroon,Mortalidad_Alta,4.036279022453177,0.0,6.0868329657872,2.1360556403095026,1610.69641591017
Cameroon,Mortalidad_Alta,4.115459959555566,0.0,6.343819156769686,2.1631677641247227,1496.08951771242
Cameroon,Mortalidad_Alta,4.1580931316285525,0.0,6.438175705480117,2.122772647772604,1441.7201725688
Cameroon,Mortalidad_Alta,4.209780659861411,0.0,6.706567898987194,2.1267946090606586,1415.00009710569
Cameroon,Mortalidad_Alta,1.9985989880110073,0.0,3.561743179508074,0.0,1649.4433905949
Cameroon,Mortalidad_Alta,4.425213110289967,0.0,6.807830950592733,2.128995631532092,1575.92882118897
Cameroon,Mortalidad_Alta,4.555510163417897,0.0,6.9568549650383,2.1440412488165825,1449.09874362279
Cameroon,Mortalidad_Alta,4.70118058256622,0.0,7.018946735005691,2.148252261143452,1513.96056994878
Cameroon,Mortalidad_Alta,4.719146103121135,0.0,7.406632233271265,2.14234761722731,1398.58702025047
Cameroon,Mortalidad_Alta,4.830158743383672,0.0,7.350953759286337,2.132097207872599,1461.38999232337
Cameroon,Mortalidad_Alta,4.865173974353597,0.0,7.512482398431694,2.1312314661437513,1492.14269801453
Cameroon,Mortalidad_Alta,2.64180885609572,0.0,4.287968164753051,0.0,1325.67248215933
Cameroon,Mortalidad_Alta,4.953621749162316,0.0,7.8797439843770265,2.1270363236920646,1191.45458990968
Cameroon,Mortalidad_Alta,5.025644125469004,0.0,8.27550592248034,2.1439170346438132,1142.62466252106
Cameroon,Mortalidad_Alta,5.051676102234029,0.0,8.5163191319383,2.129917821889975,1133.39326749673
Cameroon,Mortalidad_Alta,5.039167031371628,0.0,8.911481422889246,2.1291371931753407,988.241276791846
Cameroon,Mortalidad_Alta,5.091704762803749,0.0,9.214216294129454,2.134564972202236,789.623811072554
Cameroon,Mortalidad_Alta,3.0753881651793717,0.0,5.614570162618751,0.0,715.470296470585
Cameroon,Mortalidad_Alta,5.217185500931776,0.0,9.630370510961573,2.15703435024425,708.565731625965
Cameroon,Mortalidad_Alta,5.314951322082532,0.0,9.979836958364508,2.1862744136775585,832.006674487689
Canada,Mortalidad_Baja,2.887572210510802,0.0,15.750967955423683,16.106325242345896,56256.8007264015
Canada,Mortalidad_Baja,4.730432230320673,0.0,2.463047664893449,8.360359722115726,52886.6616372703
Canada,Mortalidad_Baja,2.9153248109535923,0.0,0.5105697307527574,7.2234592994950075,43537.839298904
Canada,Mortalidad_Baja,2.7977542491926553,0.0,0.6203544321862513,7.333722059606335,46352.8693445211
Canada,Mortalidad_Baja,2.6453900417224654,0.0,0.6489700744634883,7.052334068994037,46539.1761570405
Canada,Mortalidad_Baja,2.7036429579982943,0.0,0.6367366012969082,7.177178416880772,45129.628116623
Canada,Mortalidad_Baja,2.7180568376734766,0.0,0.5967756781212767,7.054629171132728,42314.0615817218
Canada,Mortalidad_Baja,2.6437160594960805,0.0,0.5729404327165412,6.896615819854575,43594.1941045394
Canada,Mortalidad_Baja,2.6821198448531054,0.0,0.6052334656274042,7.231392867066435,50960.8431174661
Canada,Mortalidad_Baja,2.651075428115623,0.0,0.5795494399846708,7.104805721158685,52638.1187235237
Canada,Mortalidad_Baja,2.68702714462204,0.0,0.5759210582818617,7.179404164664372,52670.3447335415
Canada,Mortalidad_Baja,2.641384567916054,0.0,0.5980723252331831,7.123485242963837,52223.8588398531
Canada,Mortalidad_Baja,2.7024993177740906,0.0,0.5937107635690136,7.137873823416301,47560.6666009406
Canada,Mortalidad_Baja,2.7551185398799034,0.0,0.5892590528769571,7.152472236945836,40874.8831932903
Canada,Mortalidad_Baja,2.5261698692816954,0.0,0.6858469456125134,7.159406038668566,46710.2526864484
Canada,Mortalidad_Baja,2.5615423212477744,0.0,0.7282423577652035,7.272288544057112,44660.0838892281
Canada,Mortalidad_Baja,2.558355630369472,0.0,0.7368173929038108,7.330183104065738,40504.0370977806
Canada,Mortalidad_Baja,2.5351618626559915,0.0,0.7332734101784166,7.329087341149729,36383.6600068095
Canada,Mortalidad_Baja,2.588874288423739,0.0,0.7192372576054499,7.426458631300645,32145.5412620217
Canada,Mortalidad_Baja,2.5933605740149477,0.0,0.7135743142952757,7.352146996585235,28301.8645937428
Canada,Mortalidad_Baja,2.617860817507721,0.0,0.6628266147258424,7.289123564912351,24256.0192337185
Canada,Mortalidad_Baja,2.5919444068915114,0.0,0.6762233415120882,7.30062719216622,23822.096210932
Canada,Mortalidad_Baja,2.546595845908998,0.0,0.7210961047525606,7.379614264628112,24271.0020563821
Canada,Mortalidad_Baja,2.7406195788459615,0.0,0.657699262438841,7.179633624562854,20679.634792669
Central African Republic,Mortalidad_Alta,9.746354983777424,0.0,22.260124028398764,2.206650195735649,467.359825026238
Central African Republic,Mortalidad_Alta,3.8171546639695193,0.0,11.333348897191712,0.0,492.263142830507
Central African Republic,Mortalidad_Alta,4.636286650952709,0.0,12.610919110446403,2.1596808314606446,462.879071294011
Central African Republic,Mortalidad_Alta,7.329283856107777,0.0,16.301858311629893,2.133504485814579,449.228467602439
Central African Republic,Mortalidad_Alta,4.624818742419826,0.0,12.371620028549948,2.1858000302987963,455.243962859534
Central African Republic,Mortalidad_Alta,5.414716999538397,0.0,13.912452398865488,2.1620213864653204,432.324025684263
Central African Republic,Mortalidad_Alta,4.767503000769358,0.0,12.82203614209873,2.18963679984491,387.176203444318
Central African Republic,Mortalidad_Alta,4.613990520608194,0.0,12.351442492539352,2.1851962810710566,366.322853938121
Central African Republic,Mortalidad_Alta,6.078712257257671,0.0,15.405331886907197,2.2039637627075357,409.8504859647
Central African Republic,Mortalidad_Alta,4.892739460567233,0.0,13.478386812881364,2.191251195101908,364.36696260838
Central African Republic,Mortalidad_Alta,4.105188798888947,0.0,15.348460581609933,2.1962821159167256,544.395849142785
Central African Republic,Mortalidad_Alta,4.119223925420789,0.0,15.99871534166381,2.19886442062786,534.057281471636
Central African Republic,Mortalidad_Alta,4.637139337652582,0.0,16.63805343418829,2.1977161268812746,476.873786950728
Central African Republic,Mortalidad_Alta,10.534801734183786,0.0,26.942388849716547,2.1705937381534226,456.471673898404
Central African Republic,Mortalidad_Alta,3.367272762466233,0.0,6.323287059942597,0.0,437.24827472489
Central African Republic,Mortalidad_Alta,4.922723032165625,0.0,14.078796212059864,2.17277644168964,380.887048839475
Central African Republic,Mortalidad_Alta,5.062934397770872,0.0,14.326579377691457,2.1856852067727517,333.942519903031
Central African Republic,Mortalidad_Alta,5.0825597097905835,0.0,14.614216312685432,2.1720456398109063,311.950023138687
Central African Republic,Mortalidad_Alta,5.114463053947922,0.0,15.202085968928236,2.183769765773432,303.461321152782
Central African Republic,Mortalidad_Alta,4.592271822664226,0.0,18.615323173451237,2.21785225203535,278.403992150941
Central African Republic,Mortalidad_Alta,5.168912433433121,0.0,15.718710235506265,2.167620560917727,248.639290978403
Central African Republic,Mortalidad_Alta,5.3254306077469735,0.0,16.24156830841915,2.256639520638902,237.951702544735
Central African Republic,Mortalidad_Alta,5.378206500916849,0.0,16.37862814251625,2.2719809340930115,239.154133726071
Central African Republic,Mortalidad_Alta,5.684031032333249,0.0,14.789622589317572,2.2329891493789544,333.145863233895
Chad,Mortalidad_Alta,1.419916185562813,0.0,10.146421735829877,0.0,966.036468278568
Chad,Mortalidad_Alta,3.6400317344414126,0.0,14.23667881682591,2.188483232652843,946.358500208374
Chad,Mortalidad_Alta,3.687355712231608,0.0,14.957225543869136,2.2413211255126635,866.947814890409
Chad,Mortalidad_Alta,3.6982322473450426,0.0,14.776832513252796,2.193936238469727,893.336441643325
Chad,Mortalidad_Alta,1.7334591932178858,0.0,10.796534016355105,0.0,948.656629871231
Chad,Mortalidad_Alta,3.901993795754792,0.0,15.067528923855509,2.196468410830545,854.46120040098
Chad,Mortalidad_Alta,3.989783689441186,0.0,15.330740669872979,2.217397267848748,861.831767630746
Chad,Mortalidad_Alta,4.090798729846603,0.0,14.494431592278785,2.180745622208738,993.990730610869
Chad,Mortalidad_Alta,4.168807501298967,0.0,14.248397441323101,2.1729479850854525,1278.78981422494
Chad,Mortalidad_Alta,4.109936702816046,0.0,14.62844551253065,2.1507378315554786,1304.88742971475
Chad,Mortalidad_Alta,4.31949043104338,0.0,13.703021849067026,2.1346597032036487,1354.34344701937
Chad,Mortalidad_Alta,2.4343398092336748,0.0,9.507909763380606,0.0,1308.1421872538
Chad,Mortalidad_Alta,4.269835422757602,0.0,15.532955668511724,2.176563015347473,1141.80069268412
Chad,Mortalidad_Alta,4.488753255428178,0.0,15.197498056613764,2.1814978903372073,1035.63719694254
Chad,Mortalidad_Alta,4.534018017146192,0.0,14.702948735855955,2.1340915400181744,1166.36883453841
Chad,Mortalidad_Alta,4.641050371987568,0.0,14.850234797249419,2.152645461886513,980.483531485103
Chad,Mortalidad_Alta,4.615337315806792,0.0,15.730370227878009,2.1667489802878084,906.897260572747
Chad,Mortalidad_Alta,4.846326348454295,0.0,15.020559944939809,2.188842567781796,838.092107712557
Chad,Mortalidad_Alta,4.868686925798539,0.0,15.29908896581225,2.1908000404578933,445.850767157087
Chad,Mortalidad_Alta,3.4850251876989606,0.0,8.925913977352028,0.0,289.087621122168
Chad,Mortalidad_Alta,5.425182043474604,0.0,15.621329938458011,2.3061824041379517,219.061391951349
Chad,Mortalidad_Alta,5.3711809583649295,0.0,16.37835199713096,2.318724801049347,194.32295331156
Chad,Mortalidad_Alta,5.496518910747007,0.0,16.40683848331483,2.327748683308441,163.121663683369
Chad,Mortalidad_Alta,6.004564480785285,0.0,14.707133795479507,2.2366235215503014,203.964852705041
Chile,Mortalidad_Baja,1.2762986672457681,0.0,0.0,3.1037999803246974,15405.6165774073
Chile,Mortalidad_Baja,3.5420771810727567,0.0,1.9437451445876088,4.554328701269977,16206.8325493421
Chile,Mortalidad_Baja,1.3232657496917526,0.0,0.0,3.0794185373774305,13114.815470545
Chile,Mortalidad_Baja,3.5650853115747254,0.0,2.0543605777999665,4.218655634508736,14495.716721687
Chile,Mortalidad_Baja,3.5035199125527443,0.0,2.0716412743915904,4.132260592701427,15659.4808675628
Chile,Mortalidad_Baja,1.3922918050596884,0.0,0.0,3.097464482813655,14879.9086227187
Chile,Mortalidad_Baja,3.698560557266351,0.0,1.950057190475163,4.584779944324349,13649.8520452803
Chile,Mortalidad_Baja,1.4022148938782,0.0,0.0,3.06059693139265,13433.9202987032
Chile,Mortalidad_Baja,3.5962527368976698,0.0,1.967693207341545,4.446640919307279,14529.6767206336
Chile,Mortalidad_Baja,1.3832020990328944,0.0,0.0,3.1799938605982425,15683.5486369155
Chile,Mortalidad_Baja,3.5879204755716008,0.0,1.9793727459716104,4.520660494735276,15241.9069981119
Chile,Mortalidad_Baja,1.1218392935334127,0.0,0.0,2.7662131122970144,14487.3927832032
Chile,Mortalidad_Baja,3.4145181847557633,0.0,1.994626487862587,4.201259705371095,12632.8704724192
Chile,Mortalidad_Baja,1.20565282247315,0.0,0.0,2.780202297777699,10098.8017167286
Chile,Mortalidad_Baja,3.4917533194632284,0.0,1.9569111037259415,4.34310294546746,10683.2188772511
Chile,Mortalidad_Baja,3.294140657559598,0.0,2.028826235449608,4.329385807380752,10346.4138184533
Chile,Mortalidad_Baja,0.9196667314498006,0.0,0.0,2.8514789597040395,9318.65655296121
Chile,Mortalidad_Baja,3.397110282967135,0.0,1.972634631606177,4.306961778907185,7480.32330998636
Chile,Mortalidad_Baja,3.4689521115089055,0.0,1.939725201546214,4.331216195751802,6120.59152055344
Chile,Mortalidad_Baja,1.2646718405165447,0.0,0.0,2.849753277064443,4773.40177520754
Chile,Mortalidad_Baja,3.55395676025271,0.0,1.9047672527964257,4.231586792688755,4430.84741157984
Chile,Mortalidad_Baja,3.479675876224973,0.0,1.9349082087221627,4.023273374717927,4563.5952986689
Chile,Mortalidad_Baja,1.1044838186343011,0.0,0.0,2.449043345826372,5052.99245766325
Chile,Mortalidad_Baja,2.8137853507047987,0.0,2.167329148670768,3.0345088618372484,5081.4682771561
China,Mortalidad_Baja,3.117938744836499,0.0,2.33834840663125,3.4514854367411014,12970.6056414327
China,Mortalidad_Baja,0.7295684279706496,0.0,0.07870205488067461,2.0251102361833473,12887.4357242941
China,Mortalidad_Baja,0.7309979527818435,0.0,0.051944064468253615,1.900273421493646,10627.4637989619
China,Mortalidad_Baja,0.7779648773115226,0.0,0.037176223079413484,2.0125460632005434,10342.9009524335
China,Mortalidad_Baja,0.6767238020395709,0.0,0.05680846237196635,1.8480295339680648,10085.6638148819
China,Mortalidad_Baja,0.5190455448552622,0.0,0.09106156209499383,1.4839470714628722,8979.67652709856
China,Mortalidad_Baja,0.39269387597412286,0.0,0.11960956380137544,1.1812355002999486,8254.86859320357
China,Mortalidad_Baja,0.3682806142446223,0.0,0.11979629293726896,1.2869810238414376,8175.33285077393
China,Mortalidad_Baja,0.1391849119364587,0.0,0.1873208606610009,0.9862886654457697,7781.06597484974
China,Mortalidad_Baja,0.06867911103460464,0.0,0.1981087340939623,0.9407062430700344,7147.03518622344
China,Mortalidad_Baja,0.0,0.0,0.2508524431793514,0.8425986883754517,6405.0574241349
China,Mortalidad_Baja,0.0,0.0,0.2854708785928198,0.8327288711814116,5703.76027973346
China,Mortalidad_Baja,0.0,0.0,0.30385069106647233,0.8016930997394172,4629.24551710077
China,Mortalidad_Baja,2.5398711459710546,0.0,2.5252264081482227,2.6244671744521195,3898.24459158811
China,Mortalidad_Media,0.0,0.0,0.4903999862667718,0.6616007806897513,3523.44302065213
China,Mortalidad_Media,2.383087900602914,0.0,2.9190792944581037,2.4094410245319273,2734.72709877693
China,Mortalidad_Media,2.318925816434373,0.0,3.1647519611466324,2.3781452872286266,2129.25696999613
China,Mortalidad_Media,0.0,0.0,0.9282693215080834,0.4912702382867967,1777.64496828464
China,Mortalidad_Media,2.2410189728048855,0.0,3.8550564266200307,2.1592825099658888,1530.92726215723
China,Mortalidad_Media,2.3189698916662933,0.0,3.759729106258752,2.095335686223372,1306.97245408557
China,Mortalidad_Media,0.10643820504401211,0.0,1.43862918033152,0.1739147472622293,1163.55957673426
China,Mortalidad_Media,2.369025367310467,0.0,4.432819782376349,1.9831449367809983,1065.40597574519
China,Mortalidad_Media,2.3610795281635895,0.0,4.869586739776567,1.9451024760498044,969.199513696287
China,Mortalidad_Media,2.336775941896032,0.0,7.3804121514390815,1.989885305300263,612.680277898627
Colombia,Mortalidad_Baja,0.49683932351140364,0.0,0.0,0.9718716529155563,6680.44506854481
Colombia,Mortalidad_Media,0.7925931388247347,0.0,0.0,1.0941260766542518,6222.62164397614
Colombia,Mortalidad_Media,0.8505183780568037,0.0,0.0,1.1021230112399159,5339.68711357943
Colombia,Mortalidad_Baja,0.5599715146584048,0.0,0.0,0.8271342188661595,6472.54544924705
Colombia,Mortalidad_Baja,0.5307575008773873,0.0,0.0,0.8083491829390397,6816.96818309544
Colombia,Mortalidad_Baja,0.6338523280768142,0.0,0.0,0.960433078472131,6479.53231292429
Colombia,Mortalidad_Baja,0.5475029247692569,0.0,0.0,0.8702059743217669,5959.84250367574
Colombia,Mortalidad_Baja,0.5015737736846815,0.0,0.0,0.8407345724108263,6248.51490534512
Colombia,Mortalidad_Baja,0.37723350541668077,0.0,0.05423228319663154,0.7583556938215138,8187.20824890084
Colombia,Mortalidad_Baja,0.32360838952652476,0.0,0.0812012028245952,0.763168652173347,8279.10255642981
Colombia,Mortalidad_Baja,0.27307532556293007,0.0,0.10531313725753932,0.7677848793096078,8108.59838244229
Colombia,Mortalidad_Media,0.2733260011444177,0.0,0.11440891388877555,0.7882329976600031,7400.9940695669
Colombia,Mortalidad_Media,0.3677514261306424,0.0,0.0734332805163938,0.7816302283955872,6398.2958447102
Colombia,Mortalidad_Media,0.3762828194257482,0.0,0.08535708874986131,0.7674104225099599,5250.97292433518
Colombia,Mortalidad_Media,0.3373235644232769,0.0,0.11740490107768659,0.7830527876717747,5541.83629665898
Colombia,Mortalidad_Media,2.897469269745874,0.0,2.1874121631454395,2.481394290846453,4769.926147194
Colombia,Mortalidad_Media,2.8766652962990253,0.0,2.238245742725949,2.436431680863296,3789.85361217027
Colombia,Mortalidad_Media,0.42538414442020805,0.0,0.19933146568740845,0.6505701744264336,3456.06610874512
Colombia,Mortalidad_Media,0.47378350516801,0.0,0.216481925549988,0.59614747445952,2818.57195413044
Colombia,Mortalidad_Media,0.5412484372891653,0.0,0.2139564384536265,0.5915607096448747,2311.94218760291
Colombia,Mortalidad_Media,0.6096211393466107,0.0,0.3158573442856351,0.46005121652000075,2428.92969771584
Colombia,Mortalidad_Media,0.6618838905468898,0.0,0.39207246620597025,0.4158023614512088,2472.99084035833
Colombia,Mortalidad_Media,0.6612552473594937,0.0,0.5115602238652368,0.4190682913995698,2555.00751039968
Colombia,Mortalidad_Media,3.1036693564607702,0.0,3.4319840236944232,2.1739917878018127,2583.34991436018
Comoros,Mortalidad_Alta,2.9474132840915144,0.0,9.320604533131986,2.2730250595417014,1533.87755332151
Comoros,Mortalidad_Alta,3.0474907451524875,0.0,9.451605570066306,2.255734864391714,1587.72988601478
Comoros,Mortalidad_Alta,3.02841994302311,0.0,9.532925628695462,2.25941955643773,1527.16990927956
Comoros,Mortalidad_Alta,3.0748946842537475,0.0,9.492045988845335,2.2612560088275675,1519.26386326167
Comoros,Mortalidad_Alta,3.185215984861579,0.0,8.961839705406751,2.23168865663205,1540.71132331975
Comoros,Mortalidad_Alta,3.3252152141823372,0.0,8.392570839541905,2.217961598110879,1423.92480215551
Comoros,Mortalidad_Alta,3.39141605697344,0.0,8.421305605391066,2.2397618823935983,1365.48403353158
Comoros,Mortalidad_Alta,3.4786722440571123,0.0,8.185564734279689,2.2249632854941774,1329.3704808998
Comoros,Mortalidad_Alta,1.2858023962376657,0.0,4.720918959317388,0.0,1615.71718460209
Comoros,Mortalidad_Alta,3.4935535709664984,0.0,8.618283845369534,2.231217931774778,1603.32653496691
Comoros,Mortalidad_Alta,3.6106624644898044,0.0,8.493845015038014,2.2473358297435397,1490.31425650871
Comoros,Mortalidad_Alta,3.62656703062602,0.0,8.670907769706682,2.234279504006429,1531.43969320468
Comoros,Mortalidad_Alta,3.6569072147640225,0.0,8.758695983310204,2.2287394541340406,1386.57533553376
Comoros,Mortalidad_Alta,3.74041669099177,0.0,8.731124285266402,2.2265017093219717,1410.30516959473
Comoros,Mortalidad_Alta,3.93097729563236,0.0,8.394945632041479,2.2387056648232617,1455.02768595586
Comoros,Mortalidad_Alta,3.9112496778817203,0.0,8.620710660160604,2.2282788675036787,1289.73631056361
Comoros,Mortalidad_Alta,3.9599991245709436,0.0,8.75483915567344,2.2195915319979562,1154.90422349749
Comoros,Mortalidad_Alta,4.0296109970897405,0.0,8.885452205685109,2.2240621261148585,1103.20658498402
Comoros,Mortalidad_Alta,1.965674956277334,0.0,5.3193453639101484,0.0,1091.27216412426
Comoros,Mortalidad_Alta,4.202693478687423,0.0,9.166781967196373,2.2298489139315363,959.787894504834
Comoros,Mortalidad_Alta,4.282012614402399,0.0,9.294998625076047,2.2251446298195354,762.116930318449
Comoros,Mortalidad_Alta,4.33415033339254,0.0,9.354763710803079,2.2063062396250093,691.699908770798
Comoros,Mortalidad_Alta,4.45467925636173,0.0,9.527046424538245,2.207178786197888,655.007796688241
Comoros,Mortalidad_Alta,4.8377727893297475,0.0,10.35373403629504,2.235372205382046,812.215996806703
Costa Rica,Mortalidad_Baja,1.6792219229465073,0.0,0.0,2.4411137368114906,13625.9008491478
Costa Rica,Mortalidad_Baja,1.5780899937453963,0.0,0.0,2.191830327673505,12838.1185359009
Costa Rica,Mortalidad_Baja,1.6273485448332121,0.0,0.0,2.2144421047929823,12394.0493969354
Costa Rica,Mortalidad_Baja,1.644565650072973,0.0,0.0,2.1815875970297705,12884.6859951947
Costa Rica,Mortalidad_Baja,1.5562465755878476,0.0,0.0,2.029045015708531,12590.2493781628
Costa Rica,Mortalidad_Baja,1.5985888561777764,0.0,0.0,2.1573625199870166,12317.0902771322
Costa Rica,Mortalidad_Baja,1.5228290790413,0.0,0.0,2.0799662881316983,12091.0301606335
Costa Rica,Mortalidad_Baja,1.5062732895685769,0.0,0.0,2.0699008072859426,11714.7105980803
Costa Rica,Mortalidad_Baja,1.4167389873725738,0.0,0.0,1.9611385419580674,10911.4978783227
Costa Rica,Mortalidad_Baja,1.318504745847706,0.0,0.0,1.8390254776595452,10803.2401961972
Costa Rica,Mortalidad_Baja,1.3296337809992,0.0,0.0,1.946512524419611,10126.999102414
Costa Rica,Mortalidad_Baja,1.255107239636235,0.0,0.0,1.8717706729083008,9276.39107510528
Costa Rica,Mortalidad_Baja,1.1278324492492438,0.0,0.0,1.711907256413535,8265.78820275899
Costa Rica,Mortalidad_Baja,1.051639678103459,0.0,0.0,1.6264618390260468,6832.69829924138
Costa Rica,Mortalidad_Baja,0.7936356514941834,0.0,0.0,1.2625468437211693,6937.24261596055
Costa Rica,Mortalidad_Baja,0.7151263778758679,0.0,0.0,1.2184637764349788,6137.71199925542
Costa Rica,Mortalidad_Baja,0.8441430731826074,0.0,0.0,1.4347167098590528,5256.59640859159
Costa Rica,Mortalidad_Baja,0.7002320696814617,0.0,0.0,1.1742745688830052,4703.00721784778
Costa Rica,Mortalidad_Baja,0.7033034252640855,0.0,0.0,1.2052571163573198,4431.0117207843
Costa Rica,Mortalidad_Baja,0.7166537933722121,0.0,0.0,1.163333290391402,4173.14856415514
Costa Rica,Mortalidad_Baja,0.8708090180474339,0.0,0.0,1.4731482877859703,4067.71851429092
Costa Rica,Mortalidad_Baja,0.7679144802320921,0.0,0.0,1.3207669281036925,3985.12984506207
Costa Rica,Mortalidad_Baja,0.797880304985572,0.0,0.0,1.4208022139794183,3812.75388284924
Costa Rica,Mortalidad_Baja,0.4181493015601964,0.0,0.05981569282859711,1.0572609347175825,3275.25256447416
Croatia,Mortalidad_Baja,1.0987992435886729,0.0,0.0,2.2008147000018923,18466.0955472648
Croatia,Mortalidad_Baja,1.0743517879720348,0.0,0.0,2.2143895111706047,17789.9304736722
Croatia,Mortalidad_Baja,1.106018450933756,0.0,0.0,2.225649228643362,14808.4620188819
Croatia,Mortalidad_Baja,0.8891514533094145,0.0,0.07291603684234826,1.7716337672869158,15563.8167397199
Croatia,Mortalidad_Baja,0.9330223803932356,0.0,0.04960027086154123,1.8218137836032327,15460.4183295843
Croatia,Mortalidad_Baja,0.9919017687033276,0.0,0.036324155824174476,1.950640313360537,13902.6310485422
Croatia,Mortalidad_Baja,1.0429759976560629,0.0,0.0,2.0965017192531405,12821.1738140304
Croatia,Mortalidad_Baja,1.040105903527569,0.0,0.0,2.0535198124331115,12285.3032582105
Croatia,Mortalidad_Baja,0.9357836954401781,0.0,0.020475906268983657,1.7518168140521095,14187.9694531493
Croatia,Mortalidad_Baja,0.8961879942922883,0.0,0.029707633596467387,1.699834357545253,14136.3967669505
Croatia,Mortalidad_Baja,0.9369076691283205,0.0,0.026922969485801806,1.7479958990679703,13508.6836989693
Croatia,Mortalidad_Baja,0.9471473273617921,0.0,0.03213019296912689,1.7632725459740324,14694.9993201417
Croatia,Mortalidad_Baja,0.9764570757533888,0.0,0.025477045101655382,1.8778696302034872,13731.2865213989
Croatia,Mortalidad_Baja,0.8549513393845147,0.0,0.05609047849222526,1.7022027625087972,14475.9632928725
Croatia,Mortalidad_Baja,0.6844832138908719,0.0,0.12592423252290524,1.4047402116375705,15889.4347074759
Croatia,Mortalidad_Baja,3.1448633733280493,0.0,2.214141981381353,3.1491037863228226,13757.605654192
Croatia,Mortalidad_Baja,3.0984321142884257,0.0,2.211300395004396,3.133456403895023,11502.753124287
Croatia,Mortalidad_Baja,3.12852685127008,0.0,2.202243317545142,3.1860500103591645,10443.5278353294
Croatia,Mortalidad_Baja,0.6168665085518095,0.0,0.12305181622483097,1.441841718444488,9718.97322801967
Croatia,Mortalidad_Media,3.1391806198663743,0.0,2.196145519220537,3.2051897685121014,8190.11135193887
Croatia,Mortalidad_Media,3.0355561055929634,0.0,2.2068589326195682,3.0435490845394475,6219.58164143945
Croatia,Mortalidad_Media,0.3187110729357609,0.0,0.1768267723223611,0.8071231840327774,5364.83824691607
Croatia,Mortalidad_Media,0.658391501735375,0.0,0.03931718611334839,1.5872690627042085,4953.65158789022
Croatia,Mortalidad_Media,2.8294184243809233,0.0,2.191978381398799,2.8481197290477214,4929.05772183424
Cyprus,Mortalidad_Baja,2.3482971310806233,0.0,0.0,3.2419955630167023,33894.44921875
Cyprus,Mortalidad_Baja,2.290713201914291,0.0,0.0,3.2664406339089846,33734.03515625
Cyprus,Mortalidad_Baja,2.094568437267041,0.0,0.0,2.9408343378464235,28649.015625
Cyprus,Mortalidad_Baja,1.795629608040782,0.0,0.0,2.3911213560096267,29703.052734375
Cyprus,Mortalidad_Baja,1.7686172059516798,0.0,0.0,2.310094000277656,29599.986328125
Cyprus,Mortalidad_Baja,2.0104795955547305,0.0,0.0,2.8405056583230266,26696.990234375
Cyprus,Mortalidad_Baja,2.180601054225235,0.0,0.0,3.2075674388018633,24715.154296875
Cyprus,Mortalidad_Baja,2.239689251075704,0.0,0.0,3.212271078424492,23487.228515625
Cyprus,Mortalidad_Baja,2.2705160332470156,0.0,0.0,3.2455949106994013,27244.3515625
Cyprus,Mortalidad_Baja,2.260721374400947,0.0,0.0,3.1911343884289085,27797.45703125
Cyprus,Mortalidad_Baja,2.2039257049282464,0.0,0.0,3.263980851287717,28991.935546875
Cyprus,Mortalidad_Baja,2.1931807333223237,0.0,0.0,3.390233940262217,32485.796875
Cyprus,Mortalidad_Baja,2.042121524416822,0.0,0.0,3.2937940124924743,31105.02734375
Cyprus,Mortalidad_Baja,1.7726962141239753,0.0,0.0,2.842438098339453,32236.44921875
Cyprus,Mortalidad_Baja,1.6395962242056579,0.0,0.0,2.921080374185896,35397.296875
Cyprus,Mortalidad_Baja,1.6365346338699536,0.0,0.0,2.9037167420809,31244.87890625
Cyprus,Mortalidad_Baja,1.605719292006349,0.0,0.0,2.7037217909956066,26729.28125
Cyprus,Mortalidad_Baja,1.686686958413768,0.0,0.0,2.9167063320637903,24959.26171875
Cyprus,Mortalidad_Baja,1.8327938521559384,0.0,0.0,3.264174289634497,23792.619140625
Cyprus,Mortalidad_Baja,4.071696438394194,0.0,1.8336723471204013,4.728969833379777,20252.24609375
Cyprus,Mortalidad_Baja,4.103577343681137,0.0,1.7996819188676332,4.63528803772872,16093.2158203125
Cyprus,Mortalidad_Baja,3.8915358043692097,0.0,1.9537893665190107,3.8547051996824213,14821.44921875
Cyprus,Mortalidad_Baja,3.92384008852941,0.0,1.9611202377536392,3.8798087440272426,14388.3525390625
Cyprus,Mortalidad_Baja,3.8483805178718096,0.0,1.9189138103310492,3.9101997516354956,15261.4169921875
Denmark,Mortalidad_Baja,2.599663214295291,0.0,0.0,5.248980231122456,68091.3191138669
Denmark,Mortalidad_Baja,2.456770202089926,0.0,0.0,4.990642744537261,69727.9873677012
Denmark,Mortalidad_Baja,2.3724110754510015,0.0,0.0,4.82804404814274,60985.4885601514
Denmark,Mortalidad_Baja,2.22397725747976,0.0,0.0,4.578488287092097,59404.2663247723
Denmark,Mortalidad_Baja,2.232698634800784,0.0,0.0,4.599357314940646,61324.7665045565
Denmark,Mortalidad_Baja,2.2195492491161457,0.0,0.0,4.590000070899939,57521.5514992225
Denmark,Mortalidad_Baja,2.405822505866131,0.0,0.0,4.972127782483711,54500.9260410217
Denmark,Mortalidad_Baja,2.422027453986688,0.0,0.0,4.918420599955041,53094.0133607574
Denmark,Mortalidad_Baja,2.39282318645344,0.0,0.0,4.928800581946112,62520.4509747011
Denmark,Mortalidad_Baja,2.39952859276139,0.0,0.0,5.033672815342476,61377.5940590412
Denmark,Mortalidad_Baja,2.308200233144479,0.0,0.0,4.901075770743921,58443.7747103968
Denmark,Mortalidad_Baja,2.3661177896864896,0.0,0.0036180813766378273,5.028687488673329,61809.737898222
Denmark,Mortalidad_Baja,2.423232898027374,0.0,0.05056426222847926,5.164858656588068,58104.5445594981
Denmark,Mortalidad_Baja,2.482883816829249,0.0,0.06575961517949802,5.227489038211656,58412.7472358513
Denmark,Mortalidad_Baja,2.3354502426525157,0.0,0.11301772038477709,5.259655002458695,64616.6657583663
Denmark,Mortalidad_Baja,2.247934534697412,0.0,0.1198277802529632,5.195620544833016,58631.6566433635
Denmark,Mortalidad_Baja,2.2320601506786835,0.0,0.14218228375471692,5.239120534549614,52119.1787984282
Denmark,Mortalidad_Baja,2.24034073497781,0.0,0.10785685138013307,5.108514304136331,48925.8076698784
Denmark,Mortalidad_Baja,2.2133656324760698,0.0,0.10655290754641211,5.067427029325827,46625.050098011
Denmark,Mortalidad_Baja,2.233891722104708,0.0,0.1285763392690189,5.119653605948531,40519.0974905924
Denmark,Mortalidad_Baja,4.215394570703022,0.0,1.958572245146081,6.2963004091366805,33257.1622586509
Denmark,Mortalidad_Baja,4.205004968814148,0.0,1.9655055625708067,6.346170013511346,30768.4775471112
Denmark,Mortalidad_Baja,2.156350666379633,0.0,0.09995816315223677,5.078305015057492,30722.0251837567
Denmark,Mortalidad_Baja,1.7167541503731292,0.0,0.16723955527029732,3.898768929823448,35321.0980773087
Djibouti,Mortalidad_Alta,4.822960804459033,0.0,3.3143783453907223,2.541557437299177,3133.25779772463
Djibouti,Mortalidad_Alta,4.932327699857406,0.0,3.448003451910791,2.514062607271321,3025.91126413549
Djibouti,Mortalidad_Alta,5.006989196562364,0.0,3.4899481969588466,2.631342359639361,2844.88810647853
Djibouti,Mortalidad_Alta,5.011423273693154,0.0,3.5180402328348634,2.6287057320682354,2837.16902340932
Djibouti,Mortalidad_Alta,5.084471387973438,0.0,3.58073435848057,2.6631058900341964,2718.08338799203
Djibouti,Mortalidad_Alta,2.7546584471759954,0.0,1.3295168534389874,0.335986260951075,2618.95521147369
Djibouti,Mortalidad_Alta,5.318843113710576,0.0,3.607379013260382,2.65649385804954,2510.4300076241
Djibouti,Mortalidad_Alta,5.3783040350937386,0.0,3.703165758301595,2.700586324458601,2376.12554719873
Djibouti,Mortalidad_Alta,5.478604605735143,0.0,3.740410464508063,2.5729046340691033,2214.62084142432
Djibouti,Mortalidad_Alta,3.054986584683237,0.0,1.527144176673234,0.2644351431198707,2075.94498424748
Djibouti,Mortalidad_Alta,1.9456691237927324,0.0,3.268442237139451,0.0,1400.19357858954
Djibouti,Mortalidad_Alta,3.605509703489143,0.0,10.378468633870538,2.1297887897478365,1306.34552844977
Djibouti,Mortalidad_Alta,4.342208551284443,0.0,7.892089575923658,2.148399806049211,1213.23352553429
Djibouti,Mortalidad_Alta,4.432513975075123,0.0,7.985243967223965,2.159400668664458,1150.9375857489
Djibouti,Mortalidad_Alta,4.3488816910473265,0.0,8.429871557160308,2.1263593450532157,1119.15233346969
Djibouti,Mortalidad_Alta,3.8990252187995083,0.0,11.944718889914142,2.193342806134987,969.573220191902
Djibouti,Mortalidad_Alta,4.1641342602133085,0.0,10.383381766641087,2.15761355683739,898.464628136774
Djibouti,Mortalidad_Alta,4.101008599173025,0.0,11.763622516911944,2.1841732613960754,844.4483573908
Djibouti,Mortalidad_Alta,4.408263591428003,0.0,10.281712552697782,2.1537155226441276,806.261652944964
Djibouti,Mortalidad_Alta,4.618697334967704,0.0,9.238639617582944,2.1344955497121436,764.634465224597
Djibouti,Mortalidad_Alta,2.528239115176168,0.0,5.323412052438118,0.0,743.013270420348
Djibouti,Mortalidad_Alta,4.700468892179947,0.0,9.312003646800203,2.1114781507988525,742.133791107063
Djibouti,Mortalidad_Alta,4.839648489314572,0.0,9.207463161702718,2.1110870165572866,737.612183644052
Djibouti,Mortalidad_Alta,4.977051308826027,0.0,9.987997569249123,2.1603508173113757,786.201866748458
Dominican Republic,Mortalidad_Media,0.7365832720917294,0.0,0.2816000980251341,0.5105327964393491,10104.2449349081
Dominican Republic,Mortalidad_Media,0.8750651258381719,0.0,0.39315973628222406,0.41536701564298456,8527.0754858205
Dominican Republic,Mortalidad_Media,0.9118382822797755,0.0,0.36341455064385425,0.4202477546900662,7135.22273255899
Dominican Republic,Mortalidad_Media,0.886494280431293,0.0,0.4424572966696187,0.34013897015005395,8183.01623600375
Dominican Republic,Mortalidad_Media,0.8862249279588512,0.0,0.37603495236782186,0.3924669580599134,7882.98221584944
Dominican Republic,Mortalidad_Media,0.9667028062418697,0.0,0.3052593862232644,0.45573936576006074,7412.71571571512
Dominican Republic,Mortalidad_Media,0.993425450169404,0.0,0.3268882967980459,0.450311010961473,7160.44200982307
Dominican Republic,Mortalidad_Media,0.9350842291256649,0.0,0.38898078744919673,0.4105401642307997,6800.95309395474
Dominican Republic,Mortalidad_Media,0.8966603188858369,0.0,0.41286467248574416,0.39524957440093517,6496.45166971142
Dominican Republic,Mortalidad_Media,0.8922465794736831,0.0,0.4402127469213139,0.3763022759460416,6136.59429329301
Dominican Republic,Mortalidad_Media,0.9501370410359224,0.0,0.37390948705184873,0.4242196457896351,6013.81965002603
Dominican Republic,Mortalidad_Media,0.9470342303818937,0.0,0.41235293703776643,0.4078351235251663,5826.51014109195
Dominican Republic,Mortalidad_Media,0.9446302531020285,0.0,0.46192519710198754,0.3860183941799287,5478.62470398954
Dominican Republic,Mortalidad_Media,0.9581145596982663,0.0,0.5098039909264311,0.36832209135519045,4973.95186999952
Dominican Republic,Mortalidad_Media,0.8678216257642939,0.0,0.6012742167951289,0.3051156439012018,5023.58513403515
Dominican Republic,Mortalidad_Media,0.7749686567346925,0.0,0.629498402781931,0.2833217258121411,4649.64558875814
Dominican Republic,Mortalidad_Media,0.8015098336041029,0.0,0.6478233137892812,0.276795898479217,4055.14270347371
Dominican Republic,Mortalidad_Media,0.8277624394791512,0.0,0.5914135090619437,0.32203083451980863,3878.31206735244
Dominican Republic,Mortalidad_Media,0.84079595772295,0.0,0.6013676600026786,0.3271688764330605,2451.69161616569
Dominican Republic,Mortalidad_Media,0.8228512931314564,0.0,0.6568919200069094,0.28086786437787015,2383.26171780393
Dominican Republic,Mortalidad_Media,0.7652958826318332,0.0,0.7088893053850309,0.2338259063533662,3065.60329524196
Dominican Republic,Mortalidad_Media,0.7999482284386061,0.0,0.7444855509153976,0.22737184196774995,2935.89367312668
Dominican Republic,Mortalidad_Media,0.7473008308340927,0.0,0.7991412763562837,0.18971692913576765,2831.45883638033
Dominican Republic,Mortalidad_Media,3.3348921968614667,0.0,3.576977966574296,2.0791495371027566,2109.16940728689
Ecuador,Mortalidad_Baja,0.6129544205026161,0.0,0.0,0.9093841771609591,6515.58528418336
Ecuador,Mortalidad_Media,0.6007806703417107,0.0,0.0,0.7519444702254043,6061.32350181711
Ecuador,Mortalidad_Media,0.6623975721216309,0.0,0.0,0.6118264397308055,5463.64515348598
Ecuador,Mortalidad_Baja,0.467914284244141,0.0,0.02253851604200413,0.6120385283602742,6205.05765246766
Ecuador,Mortalidad_Baja,0.5182420913197026,0.0,0.0,0.7373822253534807,6303.91886658338
Ecuador,Mortalidad_Baja,0.5339144141689722,0.0,0.0,0.7778706945144492,6233.32244797718
Ecuador,Mortalidad_Baja,0.539823728176376,0.0,0.0,0.742262752804843,5917.63771271481
Ecuador,Mortalidad_Baja,0.5284234991343904,0.0,0.0,0.7957231593284538,5976.1596805651
Ecuador,Mortalidad_Baja,0.18569686356164194,0.0,0.19133181121021262,0.5910115810335417,6405.79979300441
Ecuador,Mortalidad_Baja,0.17560961055101476,0.0,0.19751076677863752,0.6141146976373415,6109.29031510341
Ecuador,Mortalidad_Baja,0.15662833687765065,0.0,0.23040984753007718,0.5730434747280106,5634.08393191094
Ecuador,Mortalidad_Media,0.12111649633383562,0.0,0.2892554714574619,0.49974676527362205,5153.6916424375
Ecuador,Mortalidad_Baja,0.18868547658824025,0.0,0.27822664194164715,0.44308818683832957,4520.30959039763
Ecuador,Mortalidad_Media,0.25106231832882375,0.0,0.2563944658919212,0.44059152891321074,4053.36331139298
Ecuador,Mortalidad_Media,0.10813341991054884,0.0,0.31998892012581237,0.521900522701196,4194.75750661981
Ecuador,Mortalidad_Media,0.21147697759380618,0.0,0.29250151041319467,0.5211221329236286,3478.92488770671
Ecuador,Mortalidad_Media,0.24588325506609138,0.0,0.3156605367287626,0.47626053597110274,3243.67010359339
Ecuador,Mortalidad_Media,0.3163707512535208,0.0,0.3015089231798126,0.42652557690580173,2909.02606014388
Ecuador,Mortalidad_Media,0.37054622211685934,0.0,0.2924285762759378,0.40805369538341046,2586.20914663347
Ecuador,Mortalidad_Media,0.4096500049045709,0.0,0.31294866740892535,0.39384835677759655,2315.62215223014
Ecuador,Mortalidad_Media,2.8766760939311755,0.0,2.450534963136647,2.2852256129596755,2059.1585535974
Ecuador,Mortalidad_Media,2.8287782893597027,0.0,2.5888283442660955,2.2203434452999327,1791.30359685037
Ecuador,Mortalidad_Media,0.20898952424316475,0.0,1.0753161692384217,0.0664960739896947,1382.23421759909
Ecuador,Mortalidad_Media,0.353202678187173,0.0,3.0331837637560057,0.0,2108.00698245316
El Salvador,Mortalidad_Media,0.7144834349390476,0.0,0.0,0.7902019269782737,5074.60210221806
El Salvador,Mortalidad_Media,0.7181637504193863,0.0,0.018579273992961443,0.6187030199172895,4642.60743101342
El Salvador,Mortalidad_Media,3.239751520110645,0.0,2.1634528572288465,2.731407482100737,3997.19279583709
El Salvador,Mortalidad_Media,0.5608609896184444,0.0,0.07975817624774095,0.5604351420762188,4320.11671534627
El Salvador,Mortalidad_Media,0.6064713431325546,0.0,0.09171290323359887,0.5564081296226244,4183.54620971358
El Salvador,Mortalidad_Media,0.6657557193890689,0.0,0.03296046836920924,0.6044615210494348,4020.12671373919
El Salvador,Mortalidad_Media,0.7520488513799015,0.0,0.0,0.7206167577578864,3901.34014965811
El Salvador,Mortalidad_Media,0.7292511302046121,0.0,0.0,0.6849723558923932,3790.34089108162
El Salvador,Mortalidad_Media,0.6656125642278687,0.0,0.03992707968827919,0.6118765131735886,3666.01248913873
El Salvador,Mortalidad_Media,0.6762122952546117,0.0,0.04474278883107358,0.6070124653075334,3582.26694005169
El Salvador,Mortalidad_Media,0.6174767308018185,0.0,0.039239718228840426,0.6058069231261962,3497.91256915509
El Salvador,Mortalidad_Media,0.6036701236635698,0.0,0.12518229958955873,0.5576417736273844,3330.60049486653
El Salvador,Mortalidad_Media,0.7326208089714041,0.0,0.05011403557562527,0.6217197098282938,3040.07300952878
El Salvador,Mortalidad_Media,0.8568425243796007,0.0,0.07024332156310281,0.6278645978907326,2910.18651752011
El Salvador,Mortalidad_Media,0.7825254485288795,0.0,0.14878765111012054,0.5798530942765026,2983.24829577976
El Salvador,Mortalidad_Media,0.8613739413218908,0.0,0.15193720278385,0.5927401083624597,2830.65693770733
El Salvador,Mortalidad_Media,0.9428877637621453,0.0,0.16665851843126217,0.5925091066105949,2665.61807194853
El Salvador,Mortalidad_Media,0.9749581150577848,0.0,0.30238571115718305,0.518663156905358,2447.39140845394
El Salvador,Mortalidad_Media,0.9918867824145245,0.0,0.3809771776557123,0.4724799059212107,2285.68907438892
El Salvador,Mortalidad_Media,1.005695442198604,0.0,0.43674778744228543,0.4517672582778501,2207.83089518069
El Salvador,Mortalidad_Media,1.064485481747634,0.0,0.4187168102896289,0.4867390647336581,2115.41187355626
El Salvador,Mortalidad_Media,1.0786731156448435,0.0,0.5528879363069247,0.4188336726458775,2058.04459070452
El Salvador,Mortalidad_Media,1.114598559503933,0.0,0.6684662513337366,0.3596838035054262,1982.87093542615
El Salvador,Mortalidad_Alta,1.2852159740925302,0.0,1.0107156388888128,0.23618014039319415,1548.3763038362
Estonia,Mortalidad_Baja,1.9954956025610235,0.0,0.07430235452611461,4.543926723324179,28451.1477825175
Estonia,Mortalidad_Baja,2.061745048429129,0.0,0.07489239127292374,4.584828838666443,27953.7670230126
Estonia,Mortalidad_Baja,2.1228742432355783,0.0,0.03282495611632846,4.639674521041421,23933.9939421065
Estonia,Mortalidad_Baja,1.8275695268248535,0.0,0.10032433339191033,4.189172492977314,24021.2501413306
Estonia,Mortalidad_Baja,1.9078553067298485,0.0,0.21129265391372554,4.653110966139964,23618.1361254581
Estonia,Mortalidad_Baja,1.7743378974068635,0.0,0.23249585152750343,4.404365975582562,20851.5223496861
Estonia,Mortalidad_Baja,1.76115854655788,0.0,0.26949265519675447,4.428860186809122,18666.3736521706
Estonia,Mortalidad_Baja,1.6233028989738152,0.0,0.13460347634039638,3.85435107967628,17722.1557669523
Estonia,Mortalidad_Baja,1.546576106209946,0.0,0.22409869827429996,3.905624407021369,20581.7898991695
Estonia,Mortalidad_Baja,1.5569306926766293,0.0,0.25583121446120305,4.011828420021372,19310.3874900757
Estonia,Mortalidad_Baja,1.4868206312330592,0.0,0.20534269211567235,3.7465001317276547,17568.2137969714
Estonia,Mortalidad_Baja,1.4849235997192922,0.0,0.2517765181561685,3.9191708395775002,17555.5455239426
Estonia,Mortalidad_Baja,1.5723254958107518,0.0,0.27458922398800656,3.978177181598115,14663.7041018705
Estonia,Mortalidad_Media,1.5199369785754289,0.0,0.14626894023993056,3.4033595107652004,14712.4494217916
Estonia,Mortalidad_Media,1.5143716953624629,0.0,0.2615044197183356,3.7539363680024693,18205.9064113446
Estonia,Mortalidad_Media,1.3595990882387936,0.0,0.37254271430533703,3.7882758117307604,16745.4308011148
Estonia,Mortalidad_Media,1.2879732657654794,0.0,0.29499740497922305,3.3013344569791006,12641.4800976473
Estonia,Mortalidad_Media,1.2557191191780988,0.0,0.2932917926163926,3.087838922699439,10414.6381183565
Estonia,Mortalidad_Media,1.2725505603007237,0.0,0.284097716909316,3.0410303961897442,8916.0728274602
Estonia,Mortalidad_Media,1.250886781917438,0.0,0.2595287508710258,2.8679148919172106,7205.40703313243
Estonia,Mortalidad_Media,1.24381335476382,0.0,0.22047840821880418,2.7179731444142967,5343.18310760735
Estonia,Mortalidad_Media,1.2765148936453878,0.0,0.2595945514867614,2.7942460537828424,4502.66614992392
Estonia,Mortalidad_Media,1.256708950461576,0.0,0.222187400510994,2.663471799591995,4070.60902410208
Estonia,Mortalidad_Media,1.020310552493687,0.0,0.47589386395060046,2.293452122042208,3134.38975345407
Eswatini,Mortalidad_Alta,3.986344181247344,0.0,3.8157746526152527,2.163363860973877,3889.65276959161
Eswatini,Mortalidad_Alta,4.434406205756906,0.0,4.02907495059278,2.1905073677232605,3966.29863253832
Eswatini,Mortalidad_Alta,4.354787708464565,0.0,3.9524918313173423,2.19653052821487,3454.784217446
Eswatini,Mortalidad_Alta,4.313679842432638,0.0,4.108304894966683,2.1621779358663002,3913.12643969301
Eswatini,Mortalidad_Alta,4.427978528062177,0.0,4.290001100443093,2.1352281892717504,3973.46344933667
Eswatini,Mortalidad_Alta,4.53079449338119,0.0,4.6228547569151575,2.0716344127659285,3853.99147918102
Eswatini,Mortalidad_Alta,2.061272816664051,0.0,2.097995243794383,0.0,3239.80707501414
Eswatini,Mortalidad_Alta,4.736529827495305,0.0,4.90113829750623,2.050375098533957,3420.75357067279
Eswatini,Mortalidad_Alta,4.915659351263885,0.0,5.425991032310691,2.02723315240612,3771.90796458406
Eswatini,Mortalidad_Alta,4.984584096611097,0.0,5.6103116724215845,2.0242578445950055,3951.12008139006
Eswatini,Mortalidad_Alta,5.069708420706734,0.0,6.067182218565447,2.0035592895691434,4347.99569336631
Eswatini,Mortalidad_Alta,5.241301427069859,0.0,5.8987966308750925,2.000704302711601,4312.34243414155
Eswatini,Mortalidad_Alta,5.372518210151009,0.0,6.308401094637277,2.001625502213912,3992.95199562618
Eswatini,Mortalidad_Alta,3.036385507854822,0.0,3.718924936729223,0.0,3239.7578007877
Eswatini,Mortalidad_Alta,5.697412342167944,0.0,7.149897529782046,2.0484264689636977,2999.82816920508
Eswatini,Mortalidad_Alta,5.628266519636727,0.0,7.30841153106887,2.0189255896409803,3180.86121498525
Eswatini,Mortalidad_Alta,5.638264994113005,0.0,7.343943972598048,1.9986480949133036,3035.06156119205
Eswatini,Mortalidad_Alta,5.8996732458840535,0.0,7.822895730141184,1.9951517265264922,2945.36394872311
Eswatini,Mortalidad_Alta,5.97396286175282,0.0,7.587985837999859,2.01250546068189,2581.24172793045
Eswatini,Mortalidad_Alta,5.826741060580299,0.0,8.184243818350833,1.993967114575955,2060.18418135789
Eswatini,Mortalidad_Alta,5.689162557568383,0.0,8.282777313254007,1.9882344590447816,1351.86550182919
Eswatini,Mortalidad_Alta,5.6342030119477675,0.0,7.990941319753886,1.9912189129952687,1467.5389023828
Eswatini,Mortalidad_Alta,3.2061863652099993,0.0,4.422249140942352,0.0,1668.9749133064
Eswatini,Mortalidad_Alta,4.300900358226339,0.0,6.956993869416353,1.8618899239678743,1750.75400773784
Ethiopia,Mortalidad_Media,2.183202835995745,0.0,11.389782664599217,2.1800171969651494,1011.07332413462
Ethiopia,Mortalidad_Alta,0.33640313744743544,0.0,7.428112134732686,0.0,910.947887074508
Ethiopia,Mortalidad_Alta,2.393402428056736,0.0,11.141715146517024,2.1827736630237986,905.313159254148
Ethiopia,Mortalidad_Alta,2.4869109390508894,0.0,10.663139546977607,2.1457173446336686,828.709080522921
Ethiopia,Mortalidad_Alta,2.579407768355531,0.0,10.277071533570423,2.112021246742973,747.968003672674
Ethiopia,Mortalidad_Alta,2.601333102841348,0.0,10.96199647532006,2.132750368903567,745.632433925343
Ethiopia,Mortalidad_Alta,2.686199363129245,0.0,11.37302762857628,2.1586991598135703,696.196084806324
Ethiopia,Mortalidad_Alta,0.8503633677727265,0.0,7.344750392144156,0.0,621.845673808133
Ethiopia,Mortalidad_Alta,2.934954829803661,0.0,12.288962960954322,2.22241841569524,549.986577082588
Ethiopia,Mortalidad_Alta,2.962794425691803,0.0,13.111746986763807,2.2388252577848564,484.039833104062
Ethiopia,Mortalidad_Alta,2.9451461217216024,0.0,14.127681511709474,2.2544900975899176,452.101031885754
Ethiopia,Mortalidad_Alta,3.2644329920176194,0.0,13.272463045412687,2.2444496412941635,343.024942351887
Ethiopia,Mortalidad_Alta,1.384082064070136,0.0,9.326756555120733,0.0,330.619412798644
Ethiopia,Mortalidad_Alta,3.3041428357797065,0.0,15.10732611362191,2.2754439103646398,368.574712267445
Ethiopia,Mortalidad_Alta,3.425011593770948,0.0,15.269151684863129,2.265985015801455,316.410475118075
Ethiopia,Mortalidad_Alta,3.7178748170649274,0.0,14.732259337500352,2.2587651761138634,237.146255996319
Ethiopia,Mortalidad_Alta,3.8476982561498434,0.0,15.097071942410476,2.2524192400002536,189.345737521418
Ethiopia,Mortalidad_Alta,4.060879560187974,0.0,14.95192795362676,2.2358683638750603,158.243458082465
Ethiopia,Mortalidad_Alta,2.2074485145653653,0.0,10.162604179432979,0.0,133.169812538096
Ethiopia,Mortalidad_Alta,4.573444269795058,0.0,14.02015364719847,2.1930398247439493,116.800491132777
Ethiopia,Mortalidad_Alta,4.624326751832987,0.0,14.739822825916178,2.1966438882823067,109.593813612988
Ethiopia,Mortalidad_Alta,4.547093328630372,0.0,16.190890250670392,2.2176962917514245,118.457204255261
Ethiopia,Mortalidad_Alta,4.567005819914089,0.0,17.074550561761697,2.2294031228769686,122.269202606069
Ethiopia,Mortalidad_Alta,2.7590269956267197,0.0,15.982411501880234,0.0,136.523619088963
Fiji,Mortalidad_Media,3.3596565492171995,0.0,2.9120488570343652,2.530962893735851,5405.03006162671
Fiji,Mortalidad_Alta,3.2963532776042737,0.0,3.633476335044731,2.263574031754547,4696.17103944634
Fiji,Mortalidad_Media,3.192234826287342,0.0,3.2978506935004717,2.3358176062539773,4844.42127154524
Fiji,Mortalidad_Media,0.6255081025044675,0.0,0.7586123800471136,0.13760660614068124,5950.82866866702
Fiji,Mortalidad_Media,3.1919594176123978,0.0,2.7835614388152434,2.394588649188525,6085.41979485376
Fiji,Mortalidad_Media,3.1747212693300866,0.0,2.7444934437363617,2.406935680513108,5826.84814459328
Fiji,Mortalidad_Alta,3.138375340001879,0.0,2.822437072161208,2.449518605111023,5363.79026679243
Fiji,Mortalidad_Alta,3.2005601479304957,0.0,2.718178685471673,2.3801661498654845,5097.53106864695
Fiji,Mortalidad_Alta,3.182320764407325,0.0,2.735905972583701,2.4238231737791907,5293.35676680464
Fiji,Mortalidad_Alta,0.7123765329758063,0.0,0.6671697307265734,0.31808006561675867,4572.44377544245
Fiji,Mortalidad_Alta,3.3004679383957245,0.0,2.7873607271108485,2.44009330847755,4341.40338748749
Fiji,Mortalidad_Media,3.4057597572078024,0.0,2.603028443820975,2.604680836216048,4139.60288609702
Fiji,Mortalidad_Alta,3.370730915771722,0.0,2.604636406663098,2.4899933699160086,3449.14452883369
Fiji,Mortalidad_Alta,3.441716526414442,0.0,2.6641645049786873,2.5749317560242613,3164.13275408169
Fiji,Mortalidad_Alta,0.8738569717074909,0.0,0.45359453620056356,0.39341059379155197,3899.92231512129
Fiji,Mortalidad_Alta,3.3826288894490935,0.0,2.681391592397502,2.393092518458142,3762.74692789299
Fiji,Mortalidad_Alta,3.25210708859798,0.0,2.7666132033700603,2.309606635121617,3455.10599907349
Fiji,Mortalidad_Alta,3.280315893759076,0.0,2.7643714866029376,2.322956878668867,3377.69126953493
Fiji,Mortalidad_Alta,3.137414541310718,0.0,2.967556637375285,2.2348711230352474,3097.19096651759
Fiji,Mortalidad_Alta,3.1716717158984524,0.0,2.954433490303042,2.3149975449939912,2655.58079586044
Fiji,Mortalidad_Alta,0.7402821679119405,0.0,0.8888544706370101,0.25048050953454104,2136.56794118683
Fiji,Mortalidad_Alta,3.138162615020266,0.0,2.9272182283469523,2.2739839129149777,1944.997414609
Fiji,Mortalidad_Alta,3.0675204679027863,0.0,3.3122373472673505,2.192009883254445,1995.72071163264
Fiji,Mortalidad_Alta,2.799468707445732,0.0,4.494433473695016,2.0744434240969905,2466.74347815903
Finland,Mortalidad_Baja,2.3142058538309604,0.0,0.33341786887050723,6.34961250811188,50440.560224974
Finland,Mortalidad_Baja,2.4081038036287223,0.0,0.35986247888852274,6.606026213593736,53099.1351400148
Finland,Mortalidad_Baja,2.356211736707998,0.0,0.324802547532564,6.4182229776489255,48828.6846862799
Finland,Mortalidad_Baja,2.32119701093809,0.0,0.3711517583419584,6.419544163830786,48358.1807773701
Finland,Mortalidad_Baja,2.2822542013741423,0.0,0.4013683689336678,6.369330538422363,49654.2497035329
Finland,Mortalidad_Baja,2.274566090198994,0.0,0.39125592398883996,6.325421083230439,46085.0174739036
Finland,Mortalidad_Baja,2.2892202420292045,0.0,0.39607869280878094,6.305692976231523,43451.2562442158
Finland,Mortalidad_Baja,2.2967912602555267,0.0,0.3645008005576729,6.212873181093177,42560.3456767103
Finland,Mortalidad_Baja,2.388699731148778,0.0,0.40319242266264643,6.539778468433592,50073.7760815871
Finland,Mortalidad_Baja,2.370483951319575,0.0,0.3941212630597362,6.491529214084809,49691.0145200739
Finland,Mortalidad_Baja,2.3549670505914073,0.0,0.41876943568896374,6.4577425533376935,47551.6740841369
Finland,Mortalidad_Baja,2.2475234390549605,0.0,0.4742113884174013,6.425128957133889,51060.3242589767
Finland,Mortalidad_Baja,2.259863780068429,0.0,0.5228544729911888,6.570674865742748,46506.2919016566
Finland,Mortalidad_Baja,2.31282653603577,0.0,0.4393015270679752,6.457164548302015,47478.3495310999
Finland,Mortalidad_Baja,2.2143318204163083,0.0,0.5283139900761757,6.693702728634642,53769.4726240385
Finland,Mortalidad_Baja,2.154278596032874,0.0,0.5875150160785418,6.802293535420788,48473.0240091455
Finland,Mortalidad_Baja,2.2140465831563754,0.0,0.6128624804824712,6.949836315989996,41214.0187765069
Finland,Mortalidad_Baja,2.1900163530191796,0.0,0.5273588288008642,6.6267423573164645,39049.8703780223
Finland,Mortalidad_Baja,2.235669959930412,0.0,0.6062939840255752,6.912440824181734,37768.1334202029
Finland,Mortalidad_Baja,2.222384254902227,0.0,0.6035192708435391,6.925944892413168,32920.0857192568
Finland,Mortalidad_Baja,4.234531948290322,0.0,2.47021665894821,8.054656103099461,26989.389260959
Finland,Mortalidad_Baja,4.158313882417619,0.0,2.44214439817954,7.7956409105151945,24965.202996776
Finland,Mortalidad_Baja,1.9528899060937677,0.0,0.5240761634255576,6.251393872064528,24335.9225082659
Finland,Mortalidad_Baja,1.6070206865499481,0.0,0.46025368912879666,5.061411405325508,26246.2743214462
France,Mortalidad_Baja,2.3600349297916567,0.0,0.0,4.388085407470216,41082.8119320747
France,Mortalidad_Baja,2.461700139654701,0.0,0.0,4.807078755519108,43725.0999521245
France,Mortalidad_Baja,2.508364261780761,0.0,0.0,4.813734523237699,39169.8606000707
France,Mortalidad_Baja,2.2448145462257525,0.0,0.0,4.383466108947191,40408.2848574751
France,Mortalidad_Baja,2.1892806021146396,0.0,0.006870688535709157,4.267656449088685,41418.1766484844
France,Mortalidad_Baja,2.293220853239706,0.0,0.007519778798528498,4.4985022937314385,38687.1626407164
France,Mortalidad_Baja,2.3036493730469827,0.0,0.012419510414966806,4.499530153258781,37024.2157133669
France,Mortalidad_Baja,2.310646361188023,0.0,0.019724930449066813,4.578096698639762,36702.4323733379
France,Mortalidad_Baja,2.3031513732000817,0.0,0.009749342819694695,4.540859895456532,43148.0459288416
France,Mortalidad_Baja,2.322789255296852,0.0,0.044854464821715234,4.6247577083856335,42669.1795111893
France,Mortalidad_Baja,2.267564093781721,0.0,0.045293039434557036,4.496953957891225,40863.5814412333
France,Mortalidad_Baja,2.2806785650673898,0.0,0.04447873077381853,4.552365537602906,43929.7840873812
France,Mortalidad_Baja,2.309707860609514,0.0,0.06201069757071698,4.59276878278294,40694.8211697025
France,Mortalidad_Baja,2.4011934014688636,0.0,0.05664188880065274,4.7516488749857215,41728.0884164132
France,Mortalidad_Baja,2.3593418187051465,0.0,0.08703308814132549,4.830073015069097,45464.8181385158
France,Mortalidad_Baja,2.3363362990063785,0.0,0.08932892557720046,4.842894799952817,41486.1907828787
France,Mortalidad_Baja,2.263534854036262,0.0,0.11668682682306586,4.702160321937463,36431.5658906555
France,Mortalidad_Baja,2.204538114200946,0.0,0.13919142710027554,4.60219917285865,34696.3718316971
France,Mortalidad_Baja,2.0714027780472937,0.0,0.14967016365271993,4.325074460543436,33644.9282220364
France,Mortalidad_Baja,2.1137932004733915,0.0,0.15561387312360833,4.414602841074496,29479.5222101175
France,Mortalidad_Baja,2.0653851703934674,0.0,0.14518102497342025,4.3500133779092875,24144.5727019529
France,Mortalidad_Baja,2.0160882557771833,0.0,0.15366758943359932,4.2913596077072365,22331.7948343036
France,Mortalidad_Baja,1.9923280007815942,0.0,0.14572339198926273,4.2600102725641396,22340.5939516217
France,Mortalidad_Baja,4.332515977717696,0.0,2.004256624552087,6.275983465425853,26791.8151982369
Gabon,Mortalidad_Media,2.661900943221524,0.0,3.9474737327578677,2.063780402996817,8409.20741452279
Gabon,Mortalidad_Media,2.8813029892562056,0.0,3.624286750135665,2.1728902862428408,8181.40914134398
Gabon,Mortalidad_Media,3.1203655221126465,0.0,3.140044756527865,2.3142106271225984,6605.80346077904
Gabon,Mortalidad_Media,2.9827356081798,0.0,3.3864015252939987,2.252513574791574,7441.1786472281
Gabon,Mortalidad_Media,3.0523556429976355,0.0,3.400561004863792,2.2618523729768145,7624.2775233771
Gabon,Mortalidad_Alta,0.6819901812729798,0.0,0.9012788632281622,0.4065159139302198,6921.73373135624
Gabon,Mortalidad_Alta,3.158719531075555,0.0,3.3631167785833522,2.3433463959139935,6677.07003901644
Gabon,Mortalidad_Alta,3.119002578500341,0.0,3.6089895116256847,2.290409890726679,7047.12654634355
Gabon,Mortalidad_Alta,2.9622098299589767,0.0,4.161472087210269,2.1964005725386353,9201.36276648105
Gabon,Mortalidad_Alta,2.9230059088917133,0.0,4.443678403470602,2.204028319467921,9197.70106323947
Gabon,Mortalidad_Alta,2.7966194757027925,0.0,4.667329747037572,1.953479775946489,9296.96587941088
Gabon,Mortalidad_Alta,2.817696333855674,0.0,4.956947624485516,2.0008065917164615,10219.1139339454
Gabon,Mortalidad_Alta,3.11477377710578,0.0,4.594203071619645,2.1779775485962145,8356.74662013345
Gabon,Mortalidad_Alta,3.3219600635303173,0.0,4.245462221751168,2.1508723906070415,7290.57526093114
Gabon,Mortalidad_Alta,3.088914761047915,0.0,4.891209875435395,2.007479554400424,9688.64519690633
Gabon,Mortalidad_Alta,3.203382014995248,0.0,4.83209614149957,1.967683493454916,8003.54289696049
Gabon,Mortalidad_Alta,3.2298219575429576,0.0,4.958365793891828,1.9483136859972356,6847.00985685394
Gabon,Mortalidad_Alta,0.9386328029770359,0.0,2.100339575459811,0.0,6547.87613955186
Gabon,Mortalidad_Alta,3.527548347331133,0.0,4.724933488907798,1.9730329732141159,5465.79193590708
Gabon,Mortalidad_Alta,3.6210038242477105,0.0,4.541302617342327,2.0963084350161334,4710.74862768151
Gabon,Mortalidad_Alta,3.6726128645019642,0.0,4.599383983789238,2.038840116445214,3966.48001864663
Gabon,Mortalidad_Alta,3.6561306907597713,0.0,4.861182989027389,1.9645575293814481,3835.75718279727
Gabon,Mortalidad_Alta,3.6769507749046424,0.0,4.992088750527868,1.9411794850499562,3982.906200928
Gabon,Mortalidad_Alta,3.8787375908531327,0.0,5.374832138704684,1.9133923681878602,4414.8755828572
Georgia,Mortalidad_Media,1.1487544921874682,0.0,0.0,2.1308225924202433,6729.84659930283
Georgia,Mortalidad_Media,1.0807858791045535,0.0,0.0,1.9191653730897635,5083.60695484577
Georgia,Mortalidad_Media,1.0456084985734562,0.0,0.0,1.9389232529143943,4300.85701291207
Georgia,Mortalidad_Media,1.0933825558215813,0.0,0.0,1.830507082064278,4741.2832715876
Georgia,Mortalidad_Media,1.0443800823911795,0.0,0.0,1.8762944931092829,4804.0546040444
Georgia,Mortalidad_Media,1.098165912403317,0.0,0.0,1.9961458968230463,4418.75206546679
Georgia,Mortalidad_Media,0.9882255651980039,0.0,0.0,1.4644858258333224,4143.40125686315
Georgia,Mortalidad_Media,0.9070885557073818,0.0,0.0,1.2944455348526571,4086.6223465965
Georgia,Mortalidad_Media,0.8216710161302041,0.0,0.0,0.9856788184874188,4830.33486170249
Georgia,Mortalidad_Media,0.8169609966913838,0.0,0.0,0.890357018486078,4712.00229382665
Georgia,Mortalidad_Media,0.7460200948817901,0.0,0.0,0.7624029659899284,4530.69533409431
Georgia,Mortalidad_Media,0.7617588448041428,0.0,0.0,0.7928510892194855,4119.66818307193
Georgia,Mortalidad_Media,0.8002443646887318,0.0,0.0,0.729631062735931,3281.72930937343
Georgia,Mortalidad_Media,0.6688983121771446,0.0,0.030508180153757558,0.5988505246783563,2822.68939668797
Georgia,Mortalidad_Media,0.6810083854895124,0.0,0.1753332669290086,0.5133087615093026,3324.7537205015
Georgia,Mortalidad_Media,0.4953714684958556,0.0,0.34352647305528156,0.42684408668930246,2635.36650276116
Georgia,Mortalidad_Media,0.42586726303225847,0.0,0.4744450929767079,0.4179044807263075,1996.02013272284
Georgia,Mortalidad_Media,0.3078289610748701,0.0,1.054351117432595,0.16626058179409403,1642.78359414797
Georgia,Mortalidad_Media,0.35375900628616913,0.0,1.1909562955201352,0.08492063700277941,1305.04748557208
Georgia,Mortalidad_Media,0.31397294189497726,0.0,1.7715371150873929,0.0,1010.03151630868
Georgia,Mortalidad_Media,0.46514619975673205,0.0,1.8288238499574714,0.0,853.526171868939
Georgia,Mortalidad_Media,0.5060275191788797,0.0,2.147240690238518,0.0,801.98383707929
Georgia,Mortalidad_Media,0.5552682334387831,0.0,2.2735943357275845,0.0,749.908534993961
Georgia,Mortalidad_Media,2.8729857857905556,0.0,7.147549493851324,2.158428696573107,578.336923460866
Germany,Mortalidad_Baja,4.2412388064755575,0.0,1.9151283240128594,6.134224488311787,49686.1154582583
Germany,Mortalidad_Baja,4.15803315207793,0.0,2.0744850280722886,6.078729820212026,52265.6541620571
Germany,Mortalidad_Baja,2.242522322657638,0.0,0.06953260001774492,4.887253196481154,47379.765194548
Germany,Mortalidad_Baja,2.1697157589003027,0.0,0.09588099621598489,4.887662265487499,47623.8656074829
Germany,Mortalidad_Baja,2.079287279655503,0.0,0.13462072918542511,4.6912695355209895,48874.8595028454
Germany,Mortalidad_Baja,2.084695256955423,0.0,0.13586419501154118,4.794795239641043,45526.5999576533
Germany,Mortalidad_Baja,2.1394997374586295,0.0,0.1471561049242285,4.909064680518543,42961.0356905775
Germany,Mortalidad_Baja,2.1377063309396513,0.0,0.15623262902909013,4.87150162228451,41911.0109851054
Germany,Mortalidad_Baja,2.115956860815995,0.0,0.1317369940580081,4.896478189895536,48971.0824722599
Germany,Mortalidad_Baja,2.124540780639885,0.0,0.1656719043000495,4.956748009237146,47220.0102098851
Germany,Mortalidad_Baja,2.0759344569737563,0.0,0.163174664100455,4.872470507679426,44735.5882319701
Germany,Mortalidad_Baja,2.0988568450756153,0.0,0.15708247802461703,4.897747603631607,47646.582043143
Germany,Mortalidad_Baja,2.156087096655508,0.0,0.1911911514445405,4.973830544124099,42409.9356994694
Germany,Mortalidad_Baja,2.2520194579822213,0.0,0.16068494082748355,4.910101523777159,42487.2137101496
Germany,Mortalidad_Baja,2.1544846508241915,0.0,0.19615518658035097,4.999584473690988,46386.3295924799
Germany,Mortalidad_Baja,2.1662354076900865,0.0,0.19295918045623706,5.041604841041123,42350.9217211489
Germany,Mortalidad_Baja,2.253022017382165,0.0,0.2314896142011951,5.19713112434423,36980.3349948954
Germany,Mortalidad_Baja,2.1796407405690124,0.0,0.21888006886633865,4.910687389733355,35084.4363546269
Germany,Mortalidad_Baja,2.04321653285295,0.0,0.21449544292196773,4.635819606473153,34566.7359143735
Germany,Mortalidad_Baja,2.0818430006755344,0.0,0.22186269368166917,4.688572582797175,30711.1022511331
Germany,Mortalidad_Baja,2.0946784048334415,0.0,0.2179682372046957,4.74048248155271,25486.5942008748
Germany,Mortalidad_Baja,2.0921781873622622,0.0,0.22184054044480966,4.894833753799787,23878.3641471651
Germany,Mortalidad_Baja,2.034233613384577,0.0,0.22600408338068584,4.778649757415574,23925.8559901991
Germany,Mortalidad_Baja,2.1223865752931266,0.0,0.25044653605785305,5.129268869066935,31747.2449398447
Ghana,Mortalidad_Alta,2.797930523912628,0.0,6.107805581517339,2.0046466422590767,2229.89122647803
Ghana,Mortalidad_Alta,3.0477266046444242,0.0,6.104941214534217,2.0951982628158707,2445.18662529344
Ghana,Mortalidad_Alta,3.08942679380181,0.0,6.002488303787241,2.088432880405902,2195.45481659987
Ghana,Mortalidad_Alta,3.1302883618603197,0.0,5.6845244570087266,2.058489936456152,2186.65822682613
Ghana,Mortalidad_Alta,3.11258268534691,0.0,6.158124474007547,2.0736252754653606,2195.32166016377
Ghana,Mortalidad_Alta,3.110729028640178,0.0,6.559551723085951,2.0727772888840788,2012.28662641265
Ghana,Mortalidad_Alta,0.9241587537687326,0.0,3.3832256475116202,0.0,1912.47991339951
Ghana,Mortalidad_Alta,3.0462027297747127,0.0,7.0550597932920445,2.00430001479569,1722.77282833606
Ghana,Mortalidad_Alta,3.0037904980193826,0.0,7.493393703689631,2.019151130582125,1949.90832923846
Ghana,Mortalidad_Alta,3.1911526948912163,0.0,7.412418990958318,2.0505388157339057,2294.79584693743
Ghana,Mortalidad_Alta,1.2515833508241598,0.0,3.733214286087432,0.0,1543.77524235764
Ghana,Mortalidad_Alta,3.4716835135908446,0.0,7.795848226333257,2.097160362261781,1507.43573198753
Ghana,Mortalidad_Alta,3.527386102957005,0.0,8.652216094366244,2.1352302832075325,1263.89251760539
Ghana,Mortalidad_Alta,3.5190272633272843,0.0,9.518993072672826,2.1638395292850325,1047.70430093586
Ghana,Mortalidad_Alta,3.5653092059145086,0.0,9.53383084900145,2.163891214774086,1182.65761256016
Ghana,Mortalidad_Alta,3.694326989587945,0.0,8.929682553860303,2.1242039824818826,1050.12461524926
Ghana,Mortalidad_Alta,3.66640795993118,0.0,9.519817888984038,2.1405488937628556,906.441027564887
Ghana,Mortalidad_Alta,0.753707421825428,0.0,9.521628093856744,0.0,478.611909191028
Ghana,Mortalidad_Alta,2.8055779574193096,0.0,13.82922514215028,2.121563049595897,406.132105329565
Ghana,Mortalidad_Alta,2.9349428430766134,0.0,13.634036318504487,2.1349776602496484,358.39927142073
Ghana,Mortalidad_Alta,3.0375993307471676,0.0,13.385842061884887,2.1199996564093553,297.46164468774
Ghana,Mortalidad_Alta,3.106163846851248,0.0,13.559026732695559,2.128532300668605,263.542156494853
Ghana,Mortalidad_Alta,3.158580870561361,0.0,13.727830602659795,2.126835988186395,253.746936203344
Ghana,Mortalidad_Alta,3.1337764250597395,0.0,14.493261988494966,2.0203012042247144,371.537243033836
Greece,Mortalidad_Baja,1.5865543632787236,0.0,0.0,2.555643124401301,20971.8349258283
Greece,Mortalidad_Baja,1.6665782866820567,0.0,0.0,2.5962092726877595,20654.7001960815
Greece,Mortalidad_Baja,1.665128177268187,0.0,0.0,2.520715908237278,17886.733165236
Greece,Mortalidad_Baja,1.4518456250237881,0.0,0.0,2.0667524033508036,19335.3602002969
Greece,Mortalidad_Baja,1.4501652929108584,0.0,0.0,2.094211502787339,19873.4015238771
Greece,Mortalidad_Baja,1.5229400509823394,0.0,0.0,2.233248355046078,18631.9930129293
Greece,Mortalidad_Baja,1.5285669495438066,0.0,0.0,2.2956415900662304,17919.2426377048
Greece,Mortalidad_Baja,1.4978149672972514,0.0,0.0,2.1637451813661577,17980.7298238137
Greece,Mortalidad_Baja,1.420790746823846,0.0,0.0,1.914648204458616,21474.7257123892
Greece,Mortalidad_Baja,1.418352676612127,0.0,0.0,1.9469090909956939,21573.3449762805
Greece,Mortalidad_Baja,1.4184739095919525,0.0,0.0,2.0526987786920725,21624.346052551
Greece,Mortalidad_Baja,1.4988883350830933,0.0,0.0,2.2095910640579652,25504.7866510124
Greece,Mortalidad_Baja,1.6571071060810196,0.0,0.0,2.607063093192743,26653.0488008626
Greece,Mortalidad_Baja,1.6438900668393448,0.0,0.0,2.618776963547047,29425.4573200263
Greece,Mortalidad_Baja,1.5276087415574233,0.0,0.0,2.5311670786841374,31695.8331092209
Greece,Mortalidad_Baja,1.3658178000949706,0.0,0.014219588225988566,2.3940701125409936,28440.7625328955
Greece,Mortalidad_Baja,1.286072696981208,0.0,0.03227422697538457,2.363979273755876,24416.0232970275
Greece,Mortalidad_Baja,1.3515541651367815,0.0,0.0,2.323099680471387,22054.1315756886
Greece,Mortalidad_Baja,1.238387952104822,0.0,0.013123949848433458,2.21077261110051,21449.2552764245
Greece,Mortalidad_Baja,1.1439242519502857,0.0,0.01631277514980578,2.1125789840302036,18020.612039764
Greece,Mortalidad_Baja,3.6836259849193445,0.0,2.0849237195956736,3.9157126840978282,13782.195640943
Greece,Mortalidad_Baja,3.656784342368275,0.0,2.0926301743406057,3.879681943079997,12156.9572824221
Greece,Mortalidad_Baja,1.3020271721490357,0.0,0.0,2.2936716299958255,11638.2010697215
Greece,Mortalidad_Baja,1.2568956439049819,0.0,0.0,2.0809336001957566,12779.081491606
Guatemala,Mortalidad_Media,3.2581581380980955,0.0,2.4021449095349343,2.5594778684238637,5358.70127494396
Guatemala,Mortalidad_Media,3.4684647800675394,0.0,2.6032742340338655,2.5117649996971747,4912.62225721201
Guatemala,Mortalidad_Media,3.3644168209331937,0.0,2.4991442414523375,2.5196786826198765,4477.61761796418
Guatemala,Mortalidad_Media,3.3012593048654306,0.0,2.4201588293757554,2.5410945522927526,4511.99755157656
Guatemala,Mortalidad_Media,3.3498933837993885,0.0,2.431459585383822,2.5445187560714464,4352.94651790253
Guatemala,Mortalidad_Media,3.329852326152785,0.0,2.452198700020821,2.513374672483736,4324.99608157801
Guatemala,Mortalidad_Media,3.3792005666906206,0.0,2.4721025915629276,2.5147028396285322,4060.13754974186
Guatemala,Mortalidad_Media,3.353831111345574,0.0,2.537918180910273,2.4430654795621027,3893.50522093509
Guatemala,Mortalidad_Media,0.8607344276338753,0.0,0.4430687705610853,0.39464535569506676,3689.14471813777
Guatemala,Mortalidad_Media,3.3348678477085247,0.0,2.6088364937419537,2.3609320146259902,3444.15971264862
Guatemala,Mortalidad_Media,3.343052456875068,0.0,2.6315876530337654,2.3409134799547715,3286.61959336267
Guatemala,Mortalidad_Media,3.36452014769664,0.0,2.683317369180225,2.30628321083866,3168.98370607705
Guatemala,Mortalidad_Media,3.399303772731799,0.0,2.7512521468854287,2.262476225641496,2805.25960237322
Guatemala,Mortalidad_Media,3.4180788414092054,0.0,2.816684846015525,2.2498787288008146,2611.64632773352
Guatemala,Mortalidad_Media,3.4299103674282416,0.0,2.8726640717162675,2.2348090653440678,2763.05988172926
Guatemala,Mortalidad_Media,3.417493503016798,0.0,2.9714877159898174,2.236741608597255,2458.81573919384
Guatemala,Mortalidad_Media,0.9477570759471656,0.0,0.9829852893571351,0.2703243922616402,2225.1234753878
Guatemala,Mortalidad_Media,3.5140210315517373,0.0,3.3403691997221907,2.167936771288038,2046.46611650758
Guatemala,Mortalidad_Media,3.4805101189736534,0.0,3.554278039383452,2.120022782676833,1840.91184884
Guatemala,Mortalidad_Media,3.487678267394216,0.0,3.695886109461017,2.1157774414029067,1722.54701910774
Guatemala,Mortalidad_Media,3.496517496743026,0.0,3.9590754623188267,2.094902001398129,1669.33517469705
Guatemala,Mortalidad_Media,3.574909159749415,0.0,4.005936947934524,2.085666487341905,1537.68663578252
Guatemala,Mortalidad_Media,1.1735406196925091,0.0,2.7173498621656327,0.0,1648.96578971559
Guatemala,Mortalidad_Alta,3.8431033786897424,0.0,6.633012374169774,2.0771716602104355,1421.06177809796
Guinea,Mortalidad_Alta,3.5960483538647385,0.0,11.116173692633643,2.1516740881626935,1416.59612011764
Guinea,Mortalidad_Alta,3.6994827443787113,0.0,11.182886769218758,2.150454661584228,1244.96550477914
Guinea,Mortalidad_Alta,3.8010119685738153,0.0,11.097181797105554,2.1732267224294026,1053.66097696415
Guinea,Mortalidad_Alta,3.728589649877438,0.0,11.244399157384246,2.130275734388666,1031.34146480732
Guinea,Mortalidad_Alta,1.8203278038466102,0.0,6.378513989994023,0.0,933.273615633705
Guinea,Mortalidad_Alta,4.0833784359663365,0.0,9.715296108060814,2.1008211767312033,833.598621691121
Guinea,Mortalidad_Alta,4.373965329559691,0.0,8.647237434894514,2.1006708986901605,711.996509782316
Guinea,Mortalidad_Alta,4.582953064381031,0.0,8.596132104039771,2.1326713175380214,747.356966759448
Guinea,Mortalidad_Alta,4.570373746691976,0.0,8.75288336311228,2.1379694378913996,765.146999389279
Guinea,Mortalidad_Alta,4.582015952398143,0.0,8.727284190794508,2.1311917127232594,748.455020824734
Guinea,Mortalidad_Alta,2.440083295878892,0.0,4.986314054859958,0.0,699.353377212197
Guinea,Mortalidad_Alta,4.7284727172499466,0.0,8.483916302289286,2.125874234543137,636.694958747648
Guinea,Mortalidad_Alta,4.730288780880567,0.0,8.907682128773715,2.1228406445521757,659.235326211315
Guinea,Mortalidad_Alta,4.834274788589484,0.0,8.58008313562555,2.106103702116963,662.185914665575
Guinea,Mortalidad_Alta,4.866709845660572,0.0,8.702216949990285,2.120625214863442,703.532825784369
Guinea,Mortalidad_Alta,2.756119904960097,0.0,4.8691591700061,0.0,650.148575304743
Guinea,Mortalidad_Alta,5.035383275864649,0.0,8.614262485560836,2.101246435716674,446.980554135013
Guinea,Mortalidad_Alta,4.321052574812824,0.0,10.903965778264205,2.0287284175746905,463.17768685098
Guinea,Mortalidad_Alta,4.433508381804552,0.0,11.120782829030766,2.0377005073910244,584.897740538081
Guinea,Mortalidad_Alta,4.611339418365742,0.0,10.790126270910752,2.030192918880533,566.48540588068
Guinea,Mortalidad_Alta,2.628477439857694,0.0,7.0453201643539565,0.0,495.916073559269
Guinea,Mortalidad_Alta,4.788153121244527,0.0,11.330257187959848,2.014279746849468,483.085120214741
Guinea,Mortalidad_Alta,4.952066602628313,0.0,11.30431220671162,2.011422703654905,518.157066924026
Guinea,Mortalidad_Alta,5.949810930127343,0.0,11.723834643193886,2.108968375441587,713.031460558683
Guinea-Bissau,Mortalidad_Alta,2.9637568340488394,0.0,11.640534587783257,2.288533112524464,873.437861875428
Guinea-Bissau,Mortalidad_Alta,1.1364767137379423,0.0,7.697685759833641,0.0,912.484104692847
Guinea-Bissau,Mortalidad_Alta,3.4356581984911023,0.0,10.85700436756332,2.280665855301832,836.26731423732
Guinea-Bissau,Mortalidad_Alta,3.4826991605765363,0.0,9.642315039827835,2.2066060498221387,807.425524872835
Guinea-Bissau,Mortalidad_Alta,1.3831415169833419,0.0,6.275119599066912,0.0,808.531613218504
Guinea-Bissau,Mortalidad_Alta,3.3769414080762603,0.0,11.381942879553632,2.2166544431086908,783.123186602022
Guinea-Bissau,Mortalidad_Alta,3.5065259837338183,0.0,11.617097760659966,2.2606011120046596,679.665386626818
Guinea-Bissau,Mortalidad_Alta,3.615925991815208,0.0,11.45046672449919,2.2278770548800964,645.066837207039
Guinea-Bissau,Mortalidad_Alta,3.652296708884047,0.0,11.65741518602577,2.21433341998499,652.022501029449
Guinea-Bissau,Mortalidad_Alta,3.5662533862592474,0.0,12.88789826318834,2.223574003783519,654.304534409417
Guinea-Bissau,Mortalidad_Alta,3.672908441340274,0.0,13.0556635161078,2.25492456878549,635.461653303881
Guinea-Bissau,Mortalidad_Alta,3.827252185131723,0.0,13.094498859132909,2.2596200167187734,719.539573498937
Guinea-Bissau,Mortalidad_Alta,1.868602191257439,0.0,9.427422580335778,0.0,600.194298540768
Guinea-Bissau,Mortalidad_Alta,3.9379717134126606,0.0,14.12979723672572,2.252300819868209,583.190020139094
Guinea-Bissau,Mortalidad_Alta,4.222778457919123,0.0,14.18204010309537,2.301946179542763,640.210331101753
Guinea-Bissau,Mortalidad_Alta,4.28489801729786,0.0,14.571625668480733,2.3153828533053566,519.069789794741
Guinea-Bissau,Mortalidad_Alta,4.356559078182845,0.0,15.216585758370028,2.320314469731801,448.513075469701
Guinea-Bissau,Mortalidad_Alta,4.48290638881285,0.0,15.749881737674244,2.323298314734326,463.073962650452
Guinea-Bissau,Mortalidad_Alta,4.831712860286565,0.0,14.680452137588487,2.317975101772418,431.376557669634
Guinea-Bissau,Mortalidad_Alta,4.80949512941716,0.0,15.20925344768036,2.2799340518838567,419.78486611807
Guinea-Bissau,Mortalidad_Alta,3.027393393625866,0.0,10.628262764934638,0.0,362.034574570354
Guinea-Bissau,Mortalidad_Alta,5.253794914612289,0.0,15.023152829276857,2.30292169291166,327.138431972397
Guinea-Bissau,Mortalidad_Alta,5.295065701663709,0.0,15.417620014488548,2.303729126236598,316.945495037639
Guinea-Bissau,Mortalidad_Alta,4.7934290993389395,0.0,20.872524459456205,2.291242182372732,589.487023081945
Guyana,Mortalidad_Media,2.0885868264321914,0.0,6.0882389799275245,3.331244979183692,17913.4928066879
Guyana,Mortalidad_Alta,2.6993404185067353,0.0,5.651427735689821,2.766078243937195,9860.87014834386
Guyana,Mortalidad_Media,2.5661285712228823,0.0,5.431852841524962,2.0395134948977023,6775.70939096303
Guyana,Mortalidad_Media,2.657863562124745,0.0,5.017023059039408,1.9956851517708403,6405.82443444562
Guyana,Mortalidad_Media,2.6928716223264035,0.0,5.317807878519238,1.9897257657471927,6048.38697180418
Guyana,Mortalidad_Media,2.593356596404175,0.0,6.2240272446859235,1.9863904025673298,6178.6650437298
Guyana,Mortalidad_Media,2.7191737763567443,0.0,5.862240367256468,2.0053571660584057,5870.87823759835
Guyana,Mortalidad_Media,2.6357706135048873,0.0,7.181748458310868,2.0828810128571384,5640.41560569466
Guyana,Mortalidad_Media,2.7441926009707736,0.0,7.03576695428193,2.102680632854844,5472.68820452237
Guyana,Mortalidad_Alta,2.70845114437099,0.0,7.508188412889062,2.077490111348184,5556.91231156932
Guyana,Mortalidad_Alta,2.736512743118558,0.0,7.580385685054183,2.0993315703730087,5444.39751913913
Guyana,Mortalidad_Alta,2.74974962952654,0.0,7.566474749265667,2.0596004384220015,4947.22170589917
Guyana,Mortalidad_Alta,2.6538414177084584,0.0,8.472823820985957,2.090993442720832,4581.76179693492
Guyana,Mortalidad_Alta,2.6222397806644966,0.0,8.952427642253655,2.1454591277777597,4209.13230624565
Guyana,Mortalidad_Alta,2.5594927835446537,0.0,9.521702261851612,2.0923974986255187,4008.9628671603
Guyana,Mortalidad_Alta,2.6568522610300307,0.0,9.357665436405092,2.1573462958849583,3608.28685240188
Guyana,Mortalidad_Alta,2.592767848093654,0.0,10.231723171868659,2.1562836172230546,3135.60553528326
Guyana,Mortalidad_Alta,2.6739613528886714,0.0,9.398427702517697,2.1130679916605173,1084.06541388904
Guyana,Mortalidad_Alta,2.506128640751044,0.0,10.409563039065947,2.1192388910716575,1033.31030902188
Guyana,Mortalidad_Alta,2.5359914104332177,0.0,10.580392844936746,2.1390922778361805,973.742598054188
Guyana,Mortalidad_Alta,2.542793805284878,0.0,10.456087457134812,2.135417153785557,950.866932470993
Guyana,Mortalidad_Alta,2.570424887821083,0.0,10.238004016303107,2.123980131733815,931.574723847673
Guyana,Mortalidad_Alta,2.5593838783059044,0.0,10.498068194669816,2.1204887019043768,931.796651718955
Guyana,Mortalidad_Alta,2.0987711319149263,0.0,14.994764656940097,2.233838597138931,819.668541584905
Haiti,Mortalidad_Alta,3.514935942228537,0.0,6.79826741692108,2.194445386751771,1760.62635668777
Haiti,Mortalidad_Alta,3.760191796979608,0.0,6.491570150739139,2.172990806914697,1835.44394078496
Haiti,Mortalidad_Alta,3.7978854228744883,0.0,6.159950920193727,2.1825617823235595,1290.32538667383
Haiti,Mortalidad_Alta,3.8410007594418634,0.0,5.885778222225252,2.1874332983937794,1352.17204191532
Haiti,Mortalidad_Alta,3.850501424068853,0.0,5.89578184105392,2.160983712383166,1496.38048970156
Haiti,Mortalidad_Alta,3.9153082322176243,0.0,6.086818283744258,2.186890816944109,1395.23945184461
Haiti,Mortalidad_Alta,3.988991747187563,0.0,6.035415681935757,2.18043670086698,1318.40268167953
Haiti,Mortalidad_Alta,4.014137324706258,0.0,6.025592516666646,2.173886635215534,1411.12684746796
Haiti,Mortalidad_Alta,4.027748316364479,0.0,6.351486261326994,2.1839091478094526,1460.18898613914
Haiti,Mortalidad_Alta,4.01040830959791,0.0,6.84789000730881,2.1831535618978366,1457.83221179626
Haiti,Mortalidad_Alta,1.7020030588554456,0.0,3.687378911033467,0.0,1361.39396587374
Haiti,Mortalidad_Alta,4.129187219136049,0.0,7.192897745210202,2.1874184695300114,1312.03953552013
Haiti,Mortalidad_Alta,5.955931873557124,0.0,9.650689671076217,2.181557314386873,1209.72733503094
Haiti,Mortalidad_Alta,4.229075632770895,0.0,7.000281184017155,2.1940571138959792,1196.8528706018
Haiti,Mortalidad_Alta,4.266905664218015,0.0,7.035768746771698,2.181144905206833,1094.66058421644
Haiti,Mortalidad_Alta,4.33405405235455,0.0,7.1509283324874175,2.1888706698911142,984.566983448521
Haiti,Mortalidad_Alta,4.458736845419959,0.0,6.917462683254251,2.196432037460741,828.805700289589
Haiti,Mortalidad_Alta,4.58291993423881,0.0,6.905974471704083,2.2052354608649103,775.845704056916
Haiti,Mortalidad_Alta,4.8268269795226635,0.0,6.380826688052755,2.1629450098718066,683.185298155273
Haiti,Mortalidad_Alta,4.804426455702049,0.0,6.810807397814091,2.2228723145827445,578.995291079709
Haiti,Mortalidad_Alta,5.0315411460711745,0.0,6.373687600309305,2.2309122563487755,720.969568042522
Haiti,Mortalidad_Alta,2.6503645873632786,0.0,3.849413205407957,0.0,748.821159844528
Haiti,Mortalidad_Alta,5.119650684508085,0.0,7.084911364137107,2.2329338569597783,820.600046761464
Haiti,Mortalidad_Alta,4.85778180559382,0.0,11.090843562073353,2.212827108999359,372.006104665125
Honduras,Mortalidad_Media,2.862202387283201,0.0,2.357898916426134,2.4056798252373492,3003.28996826399
Honduras,Mortalidad_Media,3.077112106035539,0.0,2.4422890827577493,2.447943221776424,2735.14751503977
Honduras,Mortalidad_Media,3.0346434622153544,0.0,2.3856046175174086,2.4779078712843186,2307.61494319511
Honduras,Mortalidad_Media,0.48457698793329257,0.0,0.24125694966189445,0.5017663031363979,2502.32744328073
Honduras,Mortalidad_Media,0.47146910492601485,0.0,0.2527941615055917,0.4758918367800913,2464.64241531918
Honduras,Mortalidad_Media,0.47758692882910686,0.0,0.2393315922211586,0.49681088410879803,2413.0076562942
Honduras,Mortalidad_Media,0.5520998405954931,0.0,0.2774483253598565,0.4670746265863392,2307.34468351082
Honduras,Mortalidad_Media,0.5818204179437747,0.0,0.33960255364741304,0.46512804954179876,2271.20265980349
Honduras,Mortalidad_Media,0.6601562298920058,0.0,0.3827503821184326,0.5111304859474526,2179.88171977271
Honduras,Mortalidad_Media,0.7366126804379489,0.0,0.3711939660702632,0.49957722656447023,2081.12843527945
Honduras,Mortalidad_Media,0.6401782279297299,0.0,0.4885519632401095,0.4606638014354183,2126.03474686503
Honduras,Mortalidad_Media,0.6517433094376304,0.0,0.5322492621960146,0.43625434850572276,2073.66121088074
Honduras,Mortalidad_Media,0.8379723482827577,0.0,0.49426756537410693,0.4783273022612125,1893.32722662035
Honduras,Mortalidad_Media,0.8726421954783385,0.0,0.5025432797952823,0.48722622290630585,1781.15703614674
Honduras,Mortalidad_Media,0.8144514722838441,0.0,0.5699036484121791,0.4463235090239643,1732.49062702803
Honduras,Mortalidad_Media,0.7893897082237717,0.0,0.6092013271127693,0.40425353071532455,1577.73789197407
Honduras,Mortalidad_Media,0.7487910081892004,0.0,0.7024857662070565,0.39692293801949785,1425.84780051892
Honduras,Mortalidad_Media,0.7460203037087441,0.0,0.7536787652086558,0.3833792722702282,1304.70039153826
Honduras,Mortalidad_Media,0.779264625696994,0.0,0.7503537401646425,0.3296609000773949,1215.13995412761
Honduras,Mortalidad_Media,0.8077582445224791,0.0,0.7940589691663005,0.31695571714399595,1156.08162681357
Honduras,Mortalidad_Media,0.7713955685791165,0.0,1.0285330930709142,0.32901485525276025,1132.49965345317
Honduras,Mortalidad_Media,0.7436113013779655,0.0,1.293420621934843,0.19997250329446611,1132.1648753329
Honduras,Mortalidad_Media,3.150539183813944,0.0,4.167269180613212,2.147002948946946,1092.56400746252
Honduras,Mortalidad_Media,0.7102201169878892,0.0,3.135328832101586,0.0,931.669547257738
Hungary,Mortalidad_Baja,0.9153690772013978,0.0,0.10995623468924731,2.1140958106464964,18483.6366867035
Hungary,Mortalidad_Media,0.9675456985067699,0.0,0.12412760672453577,2.283988342594686,19030.628130329
Hungary,Mortalidad_Baja,0.9249829160485403,0.0,0.10244733622571733,2.226605079574292,16386.9308821258
Hungary,Mortalidad_Baja,0.6962279628581249,0.0,0.18773467467659438,1.7260961492474052,17012.8598553199
Hungary,Mortalidad_Baja,0.6826935134295675,0.0,0.18433555149407813,1.7402631453397133,16605.0570511887
Hungary,Mortalidad_Baja,0.7616244921459552,0.0,0.1491128258399903,1.9426739844736116,14736.1668157258
Hungary,Mortalidad_Baja,0.9645692630965232,0.0,0.06731131559634573,2.438564648923175,13215.8605277789
Hungary,Mortalidad_Baja,0.8840397099742412,0.0,0.08609236899505934,2.369945379887475,12782.9412577973
Hungary,Mortalidad_Baja,0.8055142273186047,0.0,0.08185326559448275,2.0570637412986974,14352.501883174
Hungary,Mortalidad_Baja,0.7840037942399236,0.0,0.0937157680068289,1.933999366062594,13739.4620151401
Hungary,Mortalidad_Media,0.7920443323621025,0.0,0.10136779828009529,1.989269803625267,12950.1594488143
Hungary,Mortalidad_Media,0.9111824808032039,0.0,0.0865546735861406,2.223394415847034,14211.460557822
Hungary,Mortalidad_Media,0.968362377464226,0.0,0.11526204570885518,2.276844640271091,13189.8433874768
Hungary,Mortalidad_Media,1.0014192216262459,0.0,0.10126648401878052,2.2933350776380035,13051.1831777184
Hungary,Mortalidad_Media,0.9554829131898814,0.0,0.11935529305518916,2.268346833924658,15762.6322515113
Hungary,Mortalidad_Media,0.8852764523889576,0.0,0.1422958872140591,2.1554855328813716,13934.605460375
Hungary,Mortalidad_Media,0.8657916312027691,0.0,0.15101785613387392,2.0904576074094003,11478.4891640501
Hungary,Mortalidad_Media,0.8142424557455288,0.0,0.16663548617955953,2.0494455739464685,11212.2046968994
Hungary,Mortalidad_Media,0.7522553523923625,0.0,0.13660330883647193,1.935718292528465,10291.2694721409
Hungary,Mortalidad_Media,0.8916762871348316,0.0,0.1328152530274565,2.1240717393164306,8410.09248198479
Hungary,Mortalidad_Media,0.8592487214213247,0.0,0.11853196868078542,2.024262642019078,6658.04494326809
Hungary,Mortalidad_Media,0.7733000102702106,0.0,0.12348872432875296,1.9568130500401892,5280.94887987063
Hungary,Mortalidad_Media,0.6616067250971696,0.0,0.14571184893682465,1.7550024218863252,4629.91760812548
Hungary,Mortalidad_Media,3.10855452017274,0.0,2.3189541799962266,3.37471371411752,4509.41740910077
Iceland,Mortalidad_Baja,5.327186201406727,0.0,3.5865965425911326,12.64019548073523,75121.0152280628
Iceland,Mortalidad_Baja,5.40641094703891,0.0,3.5421760252852943,12.833483417470427,69178.4046960961
Iceland,Mortalidad_Baja,5.438282211250123,0.0,3.5819749605782474,12.973908113794437,59023.5663465778
Iceland,Mortalidad_Baja,5.475936756975407,0.0,3.6743423909610993,13.088620686829497,68452.23622306
Iceland,Mortalidad_Baja,3.3276612903845564,0.0,1.8541129622595443,11.73688993709931,74452.1890731447
Iceland,Mortalidad_Baja,3.1271993583575175,0.0,1.7146470090815868,10.900572398916488,72010.1490316258
Iceland,Mortalidad_Baja,3.1777087325817672,0.0,1.6219772987818617,10.873388014288862,61987.9263620283
Iceland,Mortalidad_Baja,3.2104287556845095,0.0,1.7836428586730797,11.43263068717768,52951.6815110898
Iceland,Mortalidad_Baja,3.384021985092112,0.0,1.9188681307362083,12.255273961784868,54576.7448146565
Iceland,Mortalidad_Baja,3.3210011805177237,0.0,1.967853217926819,12.26058992430967,49804.9829978371
Iceland,Mortalidad_Baja,3.2521041511835276,0.0,1.8692788901120343,12.043834080881387,45995.5478789467
Iceland,Mortalidad_Baja,3.29192996571009,0.0,1.9572225262500411,12.370274796615817,47714.5922308485
Iceland,Mortalidad_Baja,3.253105871373689,0.0,1.80004203201548,11.847972623817498,43237.0729488958
Iceland,Mortalidad_Baja,3.56466179952804,0.0,1.9012095679551537,12.52402078045329,41301.273219718
Iceland,Mortalidad_Baja,3.405890243979273,0.0,1.8665561869739609,12.35219249426481,56943.3704468563
Iceland,Mortalidad_Baja,3.2913095144282605,0.0,1.57290000693976,11.303086571440396,69495.7267376825
Iceland,Mortalidad_Baja,2.8673721426898022,0.0,1.330979922501268,10.064095335186918,57492.9342498703
Iceland,Mortalidad_Baja,2.748515691539586,0.0,0.9932039045128531,8.93520848713634,56794.8501588953
Iceland,Mortalidad_Baja,2.6818239941373685,0.0,0.9992723371153863,8.796211059198773,47334.9306537723
Iceland,Mortalidad_Baja,2.648799852864569,0.0,1.010056234433507,8.765143665123496,39476.6978486684
Iceland,Mortalidad_Baja,4.685871565202261,0.0,3.04591088495167,10.139550062482256,32409.2161491753
Iceland,Mortalidad_Baja,4.589727500002395,0.0,3.036985298846566,10.043343620011122,28897.4439396908
Iceland,Mortalidad_Baja,4.647845049167042,0.0,3.0991776208085313,10.30435191638366,32096.3722613695
Iceland,Mortalidad_Baja,3.6096531464711252,0.0,3.0080309696877543,6.822438238112293,26633.5913761549
India,Mortalidad_Media,0.3918330809842649,0.0,1.3367560928328626,0.2925659291199111,2347.44829434623
India,Mortalidad_Media,2.864135206351806,0.0,4.7365020415220425,2.0396238943695164,2239.61384367482
India,Mortalidad_Media,2.6516095451501216,0.0,4.906858175400614,2.0144643119338417,1907.04251637669
India,Mortalidad_Media,2.813807482868788,0.0,4.32380781594503,2.109747092812834,2041.42863698585
India,Mortalidad_Media,2.802086881486731,0.0,4.452792427755686,2.055348505601123,1966.25455171679
India,Mortalidad_Media,2.824508506344885,0.0,4.749170899608182,2.0080376690273325,1950.10468280866
India,Mortalidad_Media,2.918251533194069,0.0,4.855900645465191,2.0106576570445696,1707.50892912243
India,Mortalidad_Media,3.0059610260632104,0.0,4.95792524628983,2.0225203265488303,1583.99815907985
India,Mortalidad_Media,3.0842789151030163,0.0,5.271522823988391,2.0551691646496897,1553.88396075118
India,Mortalidad_Media,3.109337659089412,0.0,5.6297337069528135,2.059454965140312,1432.84397512195
India,Mortalidad_Media,3.171918823085991,0.0,5.718221886941952,2.0460833318245717,1429.32199520032
India,Mortalidad_Media,0.8699915249928003,0.0,2.8371969827411196,0.0,1445.46127486037
India,Mortalidad_Media,3.2782534632060143,0.0,6.183674682332562,2.0423058667077094,1347.51939071367
India,Mortalidad_Alta,1.054938770776385,0.0,2.9261294768636916,0.0,1094.94974598436
India,Mortalidad_Alta,3.4897402168703286,0.0,6.328342428506215,2.058110680418672,992.519584923828
India,Mortalidad_Alta,3.50663760430551,0.0,6.724611048044881,2.0742767302873717,1021.88707706826
India,Mortalidad_Alta,3.590210611195518,0.0,6.88239787769988,2.0838210647869633,801.668353659022
India,Mortalidad_Alta,3.6651811055930033,0.0,7.14781756595114,2.095118278033931,710.488080408949
India,Mortalidad_Alta,1.4694810518854498,0.0,3.8776517431150475,0.0,624.258826510066
India,Mortalidad_Alta,3.78609644431899,0.0,7.82979682290482,2.122921503828316,544.143133545002
India,Mortalidad_Alta,3.863130695285576,0.0,7.929943606775962,2.118885556014872,469.149928973927
India,Mortalidad_Alta,3.850642367140903,0.0,8.627754123013984,2.126682461462999,450.357900514128
India,Mortalidad_Alta,3.883469286980724,0.0,8.885660374351101,2.121868389418244,442.750218937263
India,Mortalidad_Alta,4.051249214141246,0.0,11.049401235202936,2.2053507028730186,375.17600537305
Indonesia,Mortalidad_Media,0.07644050773142702,0.0,1.1639924062312454,0.3718618578622422,4730.83484836107
Indonesia,Mortalidad_Media,0.28332183297747715,0.0,1.391209414364576,0.07565549845478953,4287.17313995098
Indonesia,Mortalidad_Media,0.24856786381181617,0.0,1.3094561999422876,0.12815556814962592,3853.70288774146
Indonesia,Mortalidad_Media,0.20391757243140474,0.0,1.1003087781876335,0.31621005659334045,4106.94856160358
Indonesia,Mortalidad_Media,0.21765957762440247,0.0,1.2038259114359176,0.34270183274664523,3860.95353090726
Indonesia,Mortalidad_Media,0.25180847187679567,0.0,1.2633714896139716,0.3487951638168438,3798.88326174526
Indonesia,Mortalidad_Media,0.2238747628371222,0.0,1.4451290600604394,0.06424159616873948,3521.46943457574
Indonesia,Mortalidad_Media,0.2353765268041122,0.0,1.5247580748155114,0.0,3288.22269725538
Indonesia,Mortalidad_Media,0.22659349896637876,0.0,1.6499002057145877,0.0,3441.06808464008
Indonesia,Mortalidad_Media,0.25052267846345855,0.0,1.7323484736941013,0.0,3566.60284506078
Indonesia,Mortalidad_Media,0.25865004777874345,0.0,1.836704649509279,0.0,3632.27254030331
Indonesia,Mortalidad_Media,0.28386068093491057,0.0,1.9204470196062315,0.0,3579.46442466152
Indonesia,Mortalidad_Media,0.30556155218057574,0.0,2.031211087071963,0.0,3065.68348377765
Indonesia,Mortalidad_Media,0.21862116430823225,0.0,2.5735169317113216,0.0,2218.48541852977
Indonesia,Mortalidad_Media,0.2770954664584375,0.0,2.4566961943478223,0.0,2124.55483920618
Indonesia,Mortalidad_Media,0.3832785871802982,0.0,2.2640651196122126,0.0,1823.21976255073
Indonesia,Mortalidad_Media,0.4548858664163172,0.0,2.17686070537363,0.0,1558.31562847163
Indonesia,Mortalidad_Media,0.5009361479025727,0.0,2.2494523568057,0.0,1238.21447629488
Indonesia,Mortalidad_Alta,0.7326096520311316,0.0,2.6347771913538782,0.0,1126.84004447173
Indonesia,Mortalidad_Media,0.5936274065723248,0.0,2.6616489040066127,0.0,1043.2105838671
Indonesia,Mortalidad_Media,0.6175599457991188,0.0,3.008031636060451,0.0,881.002913569131
Indonesia,Mortalidad_Alta,0.6543400470997827,0.0,3.168694776070114,0.0,732.307093405708
Indonesia,Mortalidad_Alta,0.5772437372399803,0.0,3.5131525124097682,0.0,763.711124950924
Indonesia,Mortalidad_Alta,3.4606546636138193,0.0,7.346518374635067,2.1566678391939065,1011.22614205568
Iraq,Mortalidad_Media,2.2692189147769857,0.0,3.0414599497502772,2.617563598154587,6520.73154560584
Iraq,Mortalidad_Media,2.647192335772814,0.0,2.7677889234271102,2.2343955971231284,4868.49431080783
Iraq,Mortalidad_Media,3.1643559787629747,0.0,2.677384457460706,2.3299427683993583,4295.18945121228
Iraq,Mortalidad_Media,2.720392414437462,0.0,2.736312518972885,2.2370541903218393,5671.8568632942
Iraq,Mortalidad_Media,2.7368843873966036,0.0,2.7701749214222327,2.2417787029371787,5646.68932074742
Iraq,Mortalidad_Media,2.9644713347634797,0.0,2.8058371194894485,2.248019166494203,4759.2846435467
Iraq,Mortalidad_Media,3.2011843995303724,0.0,2.8287836611680364,2.258625599929058,4334.42096404188
Iraq,Mortalidad_Media,3.148124929698453,0.0,2.7650956741014756,2.241947946803214,4440.14189252367
Iraq,Mortalidad_Media,2.733352679936901,0.0,3.324460192155736,2.102503329314766,6249.39226978969
Iraq,Mortalidad_Media,2.718855041691339,0.0,3.498593426076701,2.069685817832771,6650.35282247395
Iraq,Mortalidad_Media,0.36732819221977187,0.0,0.9633084460722238,0.25821817467777763,6477.59618450955
Iraq,Mortalidad_Media,2.6184935374849925,0.0,3.8549012481526015,1.9780147762648776,5775.54229080293
Iraq,Mortalidad_Media,2.8995036024926137,0.0,3.5060512881232535,2.0817572163018916,4461.75196161555
Iraq,Mortalidad_Media,3.079100502592156,0.0,3.121118031927662,2.238914072220982,3714.71205987194
Iraq,Mortalidad_Alta,2.852254511882684,0.0,3.9151178891554888,1.9832783063948227,4542.96609046032
Iraq,Mortalidad_Alta,3.026831932487052,0.0,4.070598897501838,1.9943679225185105,3128.99010329066
Iraq,Mortalidad_Alta,0.6314318381296062,0.0,1.7757153248604274,0.0,2276.55435744086
Iraq,Mortalidad_Alta,2.786642010619374,0.0,5.142932953205005,1.8837839933099652,1762.39360423421
Iraq,Mortalidad_Alta,2.9012436530524037,0.0,5.02288845505548,1.9023417849803796,1328.37157628292
Iraq,Mortalidad_Alta,2.4725332805795666,0.0,6.596927299394469,1.8888825453488378,817.887862499622
Iraq,Mortalidad_Alta,2.304401952707738,0.0,7.199787767652136,1.931957824146329,1266.15961275094
Iraq,Mortalidad_Alta,2.320986279003621,0.0,7.079544958677628,1.9054194584242867,1435.695683789
Iraq,Mortalidad_Alta,2.2017752964632193,0.0,7.2675251506261915,1.8706036399548855,1980.18916038782
Iraq,Mortalidad_Alta,2.035819757299952,0.0,10.219943604808076,1.9161415757258182,619.135530927038
Ireland,Mortalidad_Baja,1.5646982539052061,0.0,0.015511363696042502,4.165128759140255,105234.511567597
Ireland,Mortalidad_Baja,1.691115148572302,0.0,0.023369733457526853,4.315558963893623,103961.976350649
Ireland,Mortalidad_Baja,1.7382573743644025,0.0,0.013634151132741634,4.3495456433109005,86622.5067251295
Ireland,Mortalidad_Baja,1.762925450822074,0.0,0.012115797497050274,4.270814031540585,81810.1926481407
Ireland,Mortalidad_Baja,1.7269595368302952,0.0,0.04331197149802851,4.320450209264599,80738.9628834696
Ireland,Mortalidad_Baja,1.6341552743374332,0.0,0.038144250009749414,4.209059739043696,72198.1076995377
Ireland,Mortalidad_Baja,1.5918847296829386,0.0,0.07400099298126162,4.089145878887865,64192.9418053178
Ireland,Mortalidad_Baja,1.4755880639671002,0.0,0.08734370142568765,3.9234276653834588,64311.8234684057
Ireland,Mortalidad_Baja,2.1294914927023685,0.0,0.0,4.123198347890875,57278.2590911107
Ireland,Mortalidad_Baja,2.1729977469760344,0.0,0.0,4.193318342066401,52619.2123745817
Ireland,Mortalidad_Baja,2.217751166929183,0.0,0.0,4.4345905136277795,49411.7387476787
Ireland,Mortalidad_Baja,2.162159608328629,0.0,0.0,4.36893744431099,52692.7813135606
Ireland,Mortalidad_Baja,2.2184108508901317,0.0,0.010013023101923868,4.468743706481736,48679.4026820361
Ireland,Mortalidad_Baja,2.1387417238672115,0.0,0.10860753791420569,4.51629668791912,52133.0909237885
Ireland,Mortalidad_Baja,1.979551883284176,0.0,0.09397131427549771,4.348784410979684,61353.1065629523
Ireland,Mortalidad_Baja,1.7751409528375055,0.0,0.1316052763755643,4.24846611038663,61396.417461176
Ireland,Mortalidad_Baja,1.6874289682754156,0.0,0.17016129105808067,4.272715903165689,54329.1618599624
Ireland,Mortalidad_Baja,1.662739652977072,0.0,0.18152109266214303,4.257970186963705,50933.0216095589
Ireland,Mortalidad_Baja,1.4447182988465765,0.0,0.19200429495582272,3.880181168686686,47754.2023194244
Ireland,Mortalidad_Baja,1.508921435964692,0.0,0.19474581498943896,4.087446354926407,41203.5295847568
Ireland,Mortalidad_Baja,1.2918220961764229,0.0,0.2501519085694074,3.920906481594428,32705.4345565698
Ireland,Mortalidad_Baja,3.6462254504582203,0.0,2.2228214761024665,5.55421742861867,28282.409882073
Ireland,Mortalidad_Baja,1.5776288437700479,0.0,0.19617161183818516,4.247307333318164,26334.5672050501
Ireland,Mortalidad_Baja,0.8853431320875265,0.0,0.11255123455330329,2.302577139943367,19158.4564773907
Israel,Mortalidad_Baja,4.202718375343051,0.0,1.880708188386635,4.9707311903574665,54949.621556429
Israel,Mortalidad_Baja,2.3278818500157787,0.0,0.0,4.165300256903019,52270.9040241956
Israel,Mortalidad_Baja,2.312228113209811,0.0,0.0,4.186243322281651,44575.5719045492
Israel,Mortalidad_Baja,2.160842575414809,0.0,0.0,3.778715937260444,44250.6313628073
Israel,Mortalidad_Baja,2.0238519699886,0.0,0.0,3.5052962004100756,42362.6652754196
Israel,Mortalidad_Baja,1.7619172427445804,0.0,0.0,2.8563423343592342,41138.470964272
Israel,Mortalidad_Baja,1.9434181306273286,0.0,0.0,3.4414764267200018,37671.5389138798
Israel,Mortalidad_Baja,1.9212256677605895,0.0,0.0,3.4804822745083044,36213.1041481958
Israel,Mortalidad_Baja,1.8759023529600516,0.0,0.0,3.364773656025752,38343.3046626235
Israel,Mortalidad_Baja,1.8279679004639977,0.0,0.0,3.3429687129906385,37034.3161080785
Israel,Mortalidad_Baja,1.9301801730326453,0.0,0.0,3.637080442704385,33321.4300881602
Israel,Mortalidad_Baja,1.8848819876385483,0.0,0.0,3.585934886947345,34522.5215979073
Israel,Mortalidad_Baja,1.8347675022118604,0.0,0.0,3.559825076092559,31439.0887027614
Israel,Mortalidad_Baja,1.8349726522102885,0.0,0.0,3.4741285435406284,28508.4938886475
Israel,Mortalidad_Baja,1.807871979014294,0.0,0.0,3.5233927877990983,30269.217773489
Israel,Mortalidad_Baja,1.8313411793860257,0.0,0.0,3.545988259895091,25721.2594077311
Israel,Mortalidad_Baja,1.8598827634554502,0.0,0.0,3.5766879764538713,22527.2619795719
Israel,Mortalidad_Baja,1.9313837388069206,0.0,0.0,3.6843300435597928,21286.8388636595
Israel,Mortalidad_Baja,2.0630889416262677,0.0,0.0,3.94296654915436,20568.0694088834
Israel,Mortalidad_Baja,2.0714894661968515,0.0,0.0,4.081607709012872,19643.4690380742
Israel,Mortalidad_Baja,1.859309860760686,0.0,0.0,3.5739111709293345,19076.4584298321
Israel,Mortalidad_Baja,1.9287331117888036,0.0,0.0,3.7249509941869623,20966.3052667971
Israel,Mortalidad_Baja,4.064867355512614,0.0,1.950730877646989,5.127849158879992,21706.5194056329
Israel,Mortalidad_Baja,3.400716655841401,0.0,2.32235161951,3.3923158079845432,19025.6840502517
Italy,Mortalidad_Baja,1.6159335818053924,0.0,0.0,3.122913284590204,35653.9042103495
Italy,Mortalidad_Baja,1.7648379627808795,0.0,0.0,3.4876028789687537,36852.5425414951
Italy,Mortalidad_Baja,1.8001110347687264,0.0,0.0,3.301724354088131,32091.4866621366
Italy,Mortalidad_Baja,1.4539152283201562,0.0,0.007305398678113306,2.6112537373563147,33812.788724868
Italy,Mortalidad_Baja,1.3908928199848956,0.0,0.02961007349362421,2.4497594914569802,34904.1081923834
Italy,Mortalidad_Baja,1.478495798901709,0.0,0.005351240947940816,2.6569219765554113,32844.115660604
Italy,Mortalidad_Baja,1.4520728242440732,0.0,0.012058892856709191,2.573240276201286,31391.5692898108
Italy,Mortalidad_Baja,1.4544747665621343,0.0,0.007138946737814567,2.5403137766622064,30639.8829751432
Italy,Mortalidad_Baja,1.3877182157221746,0.0,0.024770684922010955,2.346151978010662,36028.3494022349
Italy,Mortalidad_Baja,1.3763426985941358,0.0,0.03711298262642071,2.3868664465791722,35701.6746002376
Italy,Mortalidad_Baja,1.3806972540235958,0.0,0.059690651725074206,2.421758840510675,34854.3949441965
Italy,Mortalidad_Baja,1.460641125211804,0.0,0.05337951155601223,2.667767207643142,38432.3742820019
Italy,Mortalidad_Baja,1.5820672542039358,0.0,0.03545443307910062,2.958993460936394,35856.8625485539
Italy,Mortalidad_Baja,1.665412202619348,0.0,0.0,3.095916317327347,37099.6133958219
Italy,Mortalidad_Baja,1.528005148983347,0.0,0.0624212159851405,3.027502306155608,40828.5795580937
Italy,Mortalidad_Baja,1.5202308156662707,0.0,0.07041173977299126,3.091712048151685,37826.1754554823
Italy,Mortalidad_Baja,1.486801362212742,0.0,0.08454994692255735,3.004038595901633,33537.1286994269
Italy,Mortalidad_Baja,1.6061240378131265,0.0,0.04820802646674688,3.2322884429261185,32062.723833669
Italy,Mortalidad_Baja,1.5505799973486458,0.0,0.04287273933638236,3.129198254019288,31348.1901841445
Italy,Mortalidad_Baja,1.6074915577604054,0.0,0.024995438003536152,3.228326255782145,27577.5700319855
Italy,Mortalidad_Baja,1.3788525138855652,0.0,0.08013626697591175,2.7378605320138223,22451.3964379368
Italy,Mortalidad_Baja,3.690473424850521,0.0,2.1969016561291337,4.216575210066482,20570.4385917862
Italy,Mortalidad_Baja,1.3130624083876805,0.0,0.08752404888460541,2.66581333820113,20190.0035636084
Italy,Mortalidad_Baja,1.601260742287301,0.0,0.008864032479291906,3.444771770991452,20712.1798690324
Jamaica,Mortalidad_Media,3.322685156022801,0.0,2.240397168477443,2.752357474428417,6022.15339791763
Jamaica,Mortalidad_Media,0.8462261977765344,0.0,0.1330357121782778,0.60294763984784,5165.33782130331
Jamaica,Mortalidad_Media,3.344434127884493,0.0,2.253569178666224,2.676104680307142,4879.44025773374
Jamaica,Mortalidad_Media,3.361150073859574,0.0,2.243589885214993,2.73958968928621,5607.24299266608
Jamaica,Mortalidad_Media,0.7143348318259741,0.0,0.04302292735732649,0.6433653543018566,5578.10347525832
Jamaica,Mortalidad_Media,3.277179840815753,0.0,2.2472283052364097,2.6664211080694735,5259.31332766957
Jamaica,Mortalidad_Media,3.334877893807729,0.0,2.2260046177689214,2.7251355608230385,5009.79448724295
Jamaica,Mortalidad_Media,3.3553446242322087,0.0,2.2006364252252304,2.7293811276014286,5062.8955502426
Jamaica,Mortalidad_Media,3.387517168094495,0.0,2.2506646967294155,2.7495965000453118,4975.11325459872
Jamaica,Mortalidad_Media,3.4239309064992005,0.0,2.2495321024540806,2.7707169828457525,5124.21301411137
Jamaica,Mortalidad_Media,3.488601991644519,0.0,2.238075707850575,2.80759712815553,5340.83333232158
Jamaica,Mortalidad_Media,3.485933226469672,0.0,2.262200259639155,2.8064976004502684,5232.63644918132
Jamaica,Mortalidad_Media,3.5373152128689487,0.0,2.249621486723468,2.845221747429084,4809.977380312
Jamaica,Mortalidad_Media,3.6537037413089672,0.0,2.2359547494941245,2.915579964031147,4428.38153333557
Jamaica,Mortalidad_Media,3.6247507590872865,0.0,2.2471226396629835,2.950231745744613,5029.80095281745
Jamaica,Mortalidad_Media,3.5443482740519463,0.0,2.301222219179059,2.9363433242653763,4716.48612542727
Jamaica,Mortalidad_Media,3.503539613965258,0.0,2.3212530442356063,2.889466427328872,4417.00127135363
Jamaica,Mortalidad_Media,3.5326867901174137,0.0,2.2692382132387228,2.900964428466728,4184.43974867497
Jamaica,Mortalidad_Media,1.0161451335720286,0.0,0.0063249953075776855,0.9119961439893195,3807.56293124552
Jamaica,Mortalidad_Media,3.5927587636228986,0.0,2.2591674706886486,2.944685426035493,3549.70758394618
Jamaica,Mortalidad_Media,1.0460907374622272,0.0,0.0,0.8348718531282433,3680.64551727724
Jamaica,Mortalidad_Media,3.5200338360490404,0.0,2.29262337148963,2.843697556581968,3503.55026688858
Jamaica,Mortalidad_Media,3.525993301251505,0.0,2.300397159401646,2.8293223534319045,3453.09252800226
Jamaica,Mortalidad_Media,3.3539016011613443,0.0,2.3444800278941313,2.750674181254918,2630.84935382822
Japan,Mortalidad_Baja,4.509569081592326,0.0,1.8407775067101286,6.081191093104062,34065.6438962526
Japan,Mortalidad_Baja,4.446887668317645,0.0,1.8486924219066365,6.109132668004201,40094.5599795288
Japan,Mortalidad_Baja,2.449117618898851,0.0,0.0,4.8144487543086525,40028.7341726762
Japan,Mortalidad_Baja,2.4353539664462795,0.0,0.0,4.822675741614062,40415.9567649547
Japan,Mortalidad_Baja,2.4492922793273073,0.0,0.0,4.90175470524544,39751.1330982711
Japan,Mortalidad_Baja,2.565508904576751,0.0,0.0,5.189577799539101,38834.0529341227
Japan,Mortalidad_Baja,2.4048647077662495,0.0,0.0,4.750743136355429,39375.4731620781
Japan,Mortalidad_Baja,2.379843711549723,0.0,0.0,4.694770567950654,34960.6393843385
Japan,Mortalidad_Baja,2.510536482515934,0.0,0.0,4.900417373557354,38475.3952461838
Japan,Mortalidad_Baja,2.582247594641357,0.0,0.0,5.033857927416225,40898.6478964744
Japan,Mortalidad_Baja,2.538580220111902,0.0,0.0,4.904860996438898,49145.2804308193
Japan,Mortalidad_Baja,2.525495413494447,0.0,0.0,4.887596419720008,48760.0789494211
Japan,Mortalidad_Baja,2.4217299107129335,0.0,0.036951990687616176,4.847815177591741,44968.1562349739
Japan,Mortalidad_Baja,2.514750272639267,0.0,0.0,4.86972715149358,41308.9968370512
Japan,Mortalidad_Baja,2.4614651684746423,0.0,0.03787465805920648,4.953673735193384,39876.3039685725
Japan,Mortalidad_Baja,4.410450136823085,0.0,1.9822410375200494,6.096260317981001,35779.0245416427
Japan,Mortalidad_Baja,4.357972698608745,0.0,2.025101078818224,5.946500198248766,35991.546002862
Japan,Mortalidad_Baja,4.369772635516623,0.0,2.010364372289672,5.969907672240493,37812.8950199948
Japan,Mortalidad_Baja,4.361209653188446,0.0,2.0082496413421027,6.000837959382711,38298.9801712303
Japan,Mortalidad_Baja,4.334377322548568,0.0,1.9956800361458336,5.90900411849151,35387.0374203599
Japan,Mortalidad_Baja,4.230406700802781,0.0,2.071115902522003,5.632594609313123,32820.7936433254
Japan,Mortalidad_Baja,4.118440687023709,0.0,2.129978224380344,5.441393220148209,34406.1824638092
Japan,Mortalidad_Baja,4.048581746107558,0.0,2.1705971042055654,5.359196051491081,39169.3595701504
Japan,Mortalidad_Baja,4.2633584257186055,0.0,2.0075459252159917,6.359452310171745,44197.6191013908
Jordan,Mortalidad_Baja,3.288345319853725,0.0,1.9496560499355864,2.986429247784525,4332.25159897931
Jordan,Mortalidad_Media,3.359923303014057,0.0,1.9811852000485102,2.9826332792020875,4183.49998326866
Jordan,Mortalidad_Baja,3.382394871818671,0.0,1.9724858184306355,2.9919860240626504,4022.0401356135
Jordan,Mortalidad_Baja,3.3529770449900234,0.0,1.9546405959291446,3.0464753998296152,4170.1144003465
Jordan,Mortalidad_Baja,3.347730533013472,0.0,1.9685921980549783,3.094584701611382,4145.43989673265
Jordan,Mortalidad_Baja,3.3180566562033964,0.0,1.9935757485928423,3.0172785446421364,4065.61628749384
Jordan,Mortalidad_Baja,3.3336739337642673,0.0,2.015335271180104,2.979227053031686,3986.71677010853
Jordan,Mortalidad_Media,3.2819495151319904,0.0,2.0645328290215086,2.8548536464331713,4042.75678097555
Jordan,Mortalidad_Media,3.29948843613489,0.0,2.070175241117757,2.886610635234455,4191.18050084986
Jordan,Mortalidad_Media,3.3201717585819837,0.0,2.0951295920306614,2.8977893299675577,4311.21916713038
Jordan,Mortalidad_Media,3.3450097451153176,0.0,2.0792990328434016,2.974983507327266,4169.50470054618
Jordan,Mortalidad_Media,3.313986422901338,0.0,2.022003941778941,2.9845727227248036,3946.85503855525
Jordan,Mortalidad_Media,0.9577330830253785,0.0,0.0,1.3629023639420135,3718.46571622945
Jordan,Mortalidad_Media,3.34078445972448,0.0,2.0878341403149294,2.951093658785969,3435.8337590698
Jordan,Mortalidad_Media,0.9941957792321201,0.0,0.0,1.4441842559504354,3241.6524135556
Jordan,Mortalidad_Media,3.6242605401814116,0.0,2.0097578357091868,3.339684206335422,2506.20599484139
Jordan,Mortalidad_Media,1.2661038786295513,0.0,0.0,1.5411047624099221,2342.63459574933
Jordan,Mortalidad_Media,3.63290477192326,0.0,2.1761343736136034,3.0687855417482446,2087.87079273635
Jordan,Mortalidad_Media,3.600588390432344,0.0,2.2192451033158713,3.0001697044066664,1940.08641342805
Jordan,Mortalidad_Media,3.6629995579192,0.0,2.1922333941630296,3.0477731975566438,1775.67625581432
Jordan,Mortalidad_Media,1.196174744338225,0.0,0.028875471639395356,1.1045223092223777,1706.26744384401
Jordan,Mortalidad_Media,3.657655997311401,0.0,2.3118945402791087,2.9311081282423195,1632.29454010563
Jordan,Mortalidad_Media,3.7012239475555635,0.0,2.325504546777576,2.932457062070873,1570.61002940477
Jordan,Mortalidad_Media,3.4278673668429374,0.0,2.557191596088044,2.4346113945521175,1415.71151592128
Kazakhstan,Mortalidad_Media,3.1284504047423165,0.0,2.470720415431135,3.701521894199904,11255.3396437881
Kazakhstan,Mortalidad_Media,0.6898374960432834,0.0,0.3096658982407534,2.055267875873261,9983.60103576902
Kazakhstan,Mortalidad_Media,0.7275007144169989,0.0,0.25237236588573936,1.8945573087979044,8781.50797787648
Kazakhstan,Mortalidad_Media,0.7742121857815667,0.0,0.3069845122028439,2.2200306353820127,9457.12614657136
Kazakhstan,Mortalidad_Media,0.8546179258214013,0.0,0.29771896337925785,2.432218530756174,9472.48527327758
Kazakhstan,Mortalidad_Media,0.776723325882531,0.0,0.26340547075987053,1.9156008907165507,8943.08416791984
Kazakhstan,Mortalidad_Media,0.6254137566647073,0.0,0.3176440312927268,1.472901279515892,7475.56688689424
Kazakhstan,Mortalidad_Media,0.5972445408483464,0.0,0.2852553391407071,1.1330275026575032,10196.1226255982
Kazakhstan,Mortalidad_Media,0.43016831883961243,0.0,0.42820731649724114,1.354445388051422,12427.7094576939
Kazakhstan,Mortalidad_Media,0.4556433304357546,0.0,0.5612147523935513,1.852542069146844,13478.459627612
Kazakhstan,Mortalidad_Media,0.4037713517112826,0.0,0.5635264569901139,1.6617028789885198,12018.7966527993
Kazakhstan,Mortalidad_Media,0.3569482898352743,0.0,0.6824618347580611,1.597616077508241,11287.1464926039
Kazakhstan,Mortalidad_Media,0.47584349544942955,0.0,0.7026382929600826,1.1457544780553586,8793.07589980782
Kazakhstan,Mortalidad_Media,0.5684591840171174,0.0,0.6719628588416542,0.8479048812028833,6938.01175663001
Kazakhstan,Mortalidad_Alta,0.6507392977728161,0.0,0.7944984948187894,1.1918392943639902,8123.54705891736
Kazakhstan,Mortalidad_Alta,0.7717122209333933,0.0,0.7922300697998224,1.03423031843008,6449.43931096532
Kazakhstan,Mortalidad_Alta,0.6966208355997223,0.0,0.8852565834698405,0.6428711702999366,5030.13494711519
Kazakhstan,Mortalidad_Alta,0.7442317253487407,0.0,0.8465283304542901,0.3336428216690466,3577.35804001782
Kazakhstan,Mortalidad_Alta,0.8138660928368706,0.0,0.8615963915420173,0.24530446522706445,2722.47407755402
Kazakhstan,Mortalidad_Alta,0.8301838387235891,0.0,0.9388771999834333,0.14805681457947265,1958.02050246511
Kazakhstan,Mortalidad_Alta,0.863126250653611,0.0,1.0155968007205158,0.1267065201807723,1573.55219932325
Kazakhstan,Mortalidad_Alta,0.8802323882181942,0.0,1.3422953530556496,0.0,1422.27331810957
Kazakhstan,Mortalidad_Alta,3.683176065723922,0.0,3.922053922321816,2.2382002063553577,1180.0444563226
Kazakhstan,Mortalidad_Alta,4.070619092034963,0.0,4.155215227731089,2.365993917459597,1217.79138769863
Kenya,Mortalidad_Alta,3.6413232768042736,0.0,5.578140420017071,2.138519224702188,2109.56288513137
Kenya,Mortalidad_Alta,1.4322499148053138,0.0,2.9388563896185347,0.0,2061.35622089594
Kenya,Mortalidad_Alta,1.3471398076228323,0.0,3.257200625792495,0.0,1927.66459027849
Kenya,Mortalidad_Alta,3.7435533648166945,0.0,5.576581958804968,2.1332910230899667,1960.40808854893
Kenya,Mortalidad_Alta,3.7989852602864373,0.0,5.553705639208538,2.150455086670198,1836.45275528993
Kenya,Mortalidad_Alta,3.8116639728691415,0.0,5.7939691917626455,2.1663756143528805,1667.48447230835
Kenya,Mortalidad_Alta,3.8765780347776095,0.0,5.551365871854415,2.162406000138329,1554.12610314423
Kenya,Mortalidad_Alta,1.4796873856785338,0.0,2.577800651963697,0.0,1489.11959777284
Kenya,Mortalidad_Alta,4.02667350735296,0.0,5.290903628646328,2.1746675683335797,1482.81566253497
Kenya,Mortalidad_Alta,4.017348653142325,0.0,5.506614200929774,2.169930488467373,1370.87885214659
Kenya,Mortalidad_Alta,4.021002651642243,0.0,5.658260049404125,2.174179003432982,1285.00536171512
Kenya,Mortalidad_Alta,4.011531089144853,0.0,5.715241015709375,2.1666651650486775,1096.14499807675
Kenya,Mortalidad_Alta,4.157954636114061,0.0,5.266061497583901,2.170434642075198,1091.51873101194
Kenya,Mortalidad_Alta,4.294049721361301,0.0,4.862503619051102,2.1681682699622926,1047.9678324485
Kenya,Mortalidad_Alta,3.8420737067050545,0.0,7.235587776237744,2.163569352149235,915.54435473604
Kenya,Mortalidad_Alta,3.991045729666256,0.0,7.041957195276932,2.158322419057069,840.201439476765
Kenya,Mortalidad_Alta,4.072198542028163,0.0,7.141696921090843,2.1581798199820033,699.80237063381
Kenya,Mortalidad_Alta,1.9640311826113546,0.0,4.389434310076037,0.0,523.456312433863
Kenya,Mortalidad_Alta,4.065221785438194,0.0,8.889256058435477,2.184575846542463,463.662781300121
Kenya,Mortalidad_Alta,4.147501913480103,0.0,9.299429223496563,2.1849430729917434,442.898457253405
Kenya,Mortalidad_Alta,4.196268112185973,0.0,9.647800246930975,2.172861442497442,402.936385605382
Kenya,Mortalidad_Alta,4.230121174656931,0.0,10.304935539711952,2.196060837398281,410.700452474814
Kenya,Mortalidad_Alta,4.334920005645872,0.0,10.455636709160506,2.1847032439408447,414.626365130846
Kenya,Mortalidad_Alta,4.331956696377613,0.0,10.37536300494443,2.038911971793562,340.064842175429
Kuwait,Mortalidad_Baja,3.4065402428713716,0.0,3.7318770268590518,7.726297358353071,39981.7690981957
Kuwait,Mortalidad_Baja,3.736376381010118,0.0,3.504430637289383,7.540182632206357,34018.6342879647
Kuwait,Mortalidad_Baja,4.280664990185179,0.0,3.4554710971929476,7.790650665005928,25236.0755520534
Kuwait,Mortalidad_Baja,3.57520047470117,0.0,3.803448410231384,7.190006834263632,31707.8737464917
Kuwait,Mortalidad_Baja,3.660711464641887,0.0,3.785038309627084,7.830978082190132,32067.9623689512
Kuwait,Mortalidad_Baja,3.9100067605706217,0.0,3.586607917957555,7.861513734937338,29047.6535822842
Kuwait,Mortalidad_Baja,4.105271193468233,0.0,3.576226127216971,8.099342382949759,27323.6890643847
Kuwait,Mortalidad_Baja,4.017179466340912,0.0,3.571784925845279,8.031310827700839,29882.2126867068
Kuwait,Mortalidad_Baja,3.2734708717850483,0.0,3.6078910738890237,7.334473437527029,44368.781373043
Kuwait,Mortalidad_Baja,3.226978957660164,0.0,3.861568659743155,8.061375574724819,49651.0439709448
Kuwait,Mortalidad_Baja,3.2350156890926973,0.0,3.9319912466996723,8.342463273280968,52155.2225460479
Kuwait,Mortalidad_Baja,3.301337730761699,0.0,3.8573425494821825,8.16723589852645,49169.6063983139
Kuwait,Mortalidad_Baja,3.7215755536866633,0.0,3.9029339427288052,8.778680863339806,39212.2522190461
Kuwait,Mortalidad_Baja,3.695956846049258,0.0,3.438061917808989,8.087465911191941,37907.1001320042
Kuwait,Mortalidad_Baja,4.358488079521679,0.0,3.313026076299772,8.444545234776603,55585.1889344442
Kuwait,Mortalidad_Baja,3.9847091949836164,0.0,3.1875764881908992,7.7031023675800006,45709.4132876371
Kuwait,Mortalidad_Baja,3.901757105605315,0.0,3.447686600136488,8.233444538117812,42946.6374104066
Kuwait,Mortalidad_Baja,3.9437341547320646,0.0,3.6049491200088313,9.231075302645435,36122.6142741227
Kuwait,Mortalidad_Baja,4.194465087767624,0.0,3.7622958437530327,9.716550897221707,27552.2827399787
Kuwait,Mortalidad_Baja,4.4040636034371055,0.0,3.783158680518065,9.480731380752738,22690.655175144
Kuwait,Mortalidad_Baja,5.060193624357822,0.0,2.7741553325965875,8.61628900806293,18512.7523035862
Kuwait,Mortalidad_Baja,4.481479146392558,0.0,3.0150333382830214,8.624487015049555,17374.2318664227
Kuwait,Mortalidad_Baja,5.072578757627088,0.0,2.7398868925721827,8.510104537178979,19296.3471698729
Kuwait,Mortalidad_Baja,4.621694159451288,0.0,2.827499195259279,7.610468832042937,16168.165602374
Kyrgyz Republic,Mortalidad_Media,0.21025391841526192,0.0,0.34523068422923714,0.4428832384243222,1739.72018344174
Kyrgyz Republic,Mortalidad_Media,0.24146075627035068,0.0,0.33133734836838785,0.4925927179837001,1349.99730650542
Kyrgyz Republic,Mortalidad_Media,0.23213683888379588,0.0,0.3788882161059778,0.4482584128019887,1229.51766602907
Kyrgyz Republic,Mortalidad_Media,0.22311911109293697,0.0,0.42139832861934434,0.378115609347185,1421.99927504102
Kyrgyz Republic,Mortalidad_Media,0.22466850471112182,0.0,0.502037906139777,0.3610635795095321,1283.5203037417
Kyrgyz Republic,Mortalidad_Media,0.26164690631530196,0.0,0.5934221052173206,0.30631984393149303,1221.39046807082
Kyrgyz Republic,Mortalidad_Media,0.2831249789972671,0.0,0.7271106200471803,0.2088060135902469,1103.27489428412
Kyrgyz Republic,Mortalidad_Media,0.38095428659503316,0.0,0.8308016748563402,0.220482827857511,1105.65193844261
Kyrgyz Republic,Mortalidad_Media,0.3426729361203416,0.0,1.1254919596796806,0.13076461165267358,1264.52668823891
Kyrgyz Republic,Mortalidad_Media,0.351486004686825,0.0,1.2022595338890167,0.07255289260261749,1269.66303464348
Kyrgyz Republic,Mortalidad_Media,0.41323317539123255,0.0,1.4555593563130897,0.027839640363850227,1168.62244675446
Kyrgyz Republic,Mortalidad_Media,0.3453509980025758,0.0,1.8430698692739624,0.0,1117.40174350185
Kyrgyz Republic,Mortalidad_Media,0.45523457234136017,0.0,1.9671645211935584,0.0,876.954476440354
Kyrgyz Republic,Mortalidad_Media,0.5082916052635926,0.0,2.179326308223063,0.0,870.198894546917
Kyrgyz Republic,Mortalidad_Media,0.3842710730333501,0.0,3.352489122392622,0.0,966.388569370494
Kyrgyz Republic,Mortalidad_Media,0.4340188611416829,0.0,4.0271371399838785,0.0,721.771577544361
Kyrgyz Republic,Mortalidad_Media,0.44076198601514643,0.0,4.591835292270472,0.0,543.113512472219
Kyrgyz Republic,Mortalidad_Media,0.44240692141863797,0.0,4.679160537673906,0.0,476.548193640077
Kyrgyz Republic,Mortalidad_Media,0.37076046745664604,0.0,5.21386201023975,0.0,433.233873286
Kyrgyz Republic,Mortalidad_Media,0.3172191800682575,0.0,6.2130013695901205,0.0,380.505828812441
Kyrgyz Republic,Mortalidad_Media,0.3071427129548242,0.0,6.66705448282714,0.0,321.726775366804
Kyrgyz Republic,Mortalidad_Media,0.214257014835945,0.0,7.301743252876342,0.0,308.41129550148
Kyrgyz Republic,Mortalidad_Media,0.1521117157277215,0.0,7.4989172528441435,0.0,279.621738464365
Kyrgyz Republic,Mortalidad_Alta,2.61853770988309,0.0,13.314395734111226,2.226594737808451,364.250365258345
Latvia,Mortalidad_Media,1.297569719062464,0.0,0.0,2.5017560080543184,20227.2307431581
Latvia,Mortalidad_Media,1.0835728952583576,0.0,0.017758102602533132,1.963153208517931,20261.8887788916
Latvia,Mortalidad_Baja,1.133882811662513,0.0,0.0,2.0051873284334607,17564.2321549354
Latvia,Mortalidad_Baja,0.9935597554987499,0.0,0.04824882009212822,1.6155723856612574,17294.9751600969
Latvia,Mortalidad_Media,1.1723920543841937,0.0,0.0,2.0318079377032747,17252.1710428626
Latvia,Mortalidad_Media,1.5443403165968177,0.0,0.0,2.881304803807962,15132.4958333982
Latvia,Mortalidad_Media,1.3821876190062619,0.0,0.0,2.3423869188737187,13838.5266823272
Latvia,Mortalidad_Media,1.3298269651476191,0.0,0.0,2.231996678114991,13321.9753140616
Latvia,Mortalidad_Media,1.1814913388176782,0.0,0.0,1.8436984107176806,15185.814581236
Latvia,Mortalidad_Media,1.120435453813533,0.0,0.007832566114592598,1.7563220827983734,14484.4715282132
Latvia,Mortalidad_Media,1.0998046748037678,0.0,0.007190652771883299,1.7579369373149776,13329.3499931271
Latvia,Mortalidad_Media,1.1133570442267318,0.0,0.0,1.7678216290095485,12902.574053337
Latvia,Mortalidad_Media,1.229306944180771,0.0,0.0,1.9845314993183845,11188.4191700977
Latvia,Mortalidad_Media,1.270168733047136,0.0,0.0,1.9048995420977484,11996.0322729773
Latvia,Mortalidad_Media,1.1819636301216572,0.0,0.009800054826294757,1.822280690242784,15677.6080864506
Latvia,Mortalidad_Media,0.9956325877459506,0.0,0.05758063655158463,1.5194969900835273,13370.9789452508
Latvia,Mortalidad_Media,0.9865371019920037,0.0,0.05556703201857405,1.4111289046083253,9211.7374468148
Latvia,Mortalidad_Media,0.9926929994498561,0.0,0.0382870531107638,1.307947950946706,7283.78738127622
Latvia,Mortalidad_Media,0.9198154958641864,0.0,0.042059242013951725,1.2225669477046899,6109.73265186817
Latvia,Mortalidad_Media,0.871577879077382,0.0,0.06028927370057979,1.0378975441003304,4914.57992829302
Latvia,Mortalidad_Media,0.7986859338409547,0.0,0.05369676571440729,0.9181421556897434,4003.60935783538
Latvia,Mortalidad_Media,3.3546842219721498,0.0,2.220697930493399,2.956139549574447,3504.61829462397
Latvia,Mortalidad_Media,3.2204940282383956,0.0,2.281049778393155,2.8391397914176353,3278.17896440803
Latvia,Mortalidad_Alta,0.559859280532069,0.0,0.5504513041444582,0.19714297018374083,2256.77360387054
Lebanon,Mortalidad_Baja,4.545301896649325,0.0,1.9512470481893391,3.655631883256681,3654.35845534878
Lebanon,Mortalidad_Media,4.988446699272738,0.0,1.9683774480194463,3.9455852682307477,4045.37391066234
Lebanon,Mortalidad_Baja,4.573791637578801,0.0,2.043830469400308,3.5521721921475358,5561.19166950397
Lebanon,Mortalidad_Baja,4.033600577060843,0.0,2.1289884011151234,3.2545235469653293,8905.88005497437
Lebanon,Mortalidad_Baja,3.918529763105468,0.0,2.1178479876017446,3.191670608889584,9174.53666204759
Lebanon,Mortalidad_Baja,3.864616588780484,0.0,2.1014785395837725,3.2039186935993973,8608.21084982387
Lebanon,Mortalidad_Baja,3.8251076001923985,0.0,2.0653811743763697,3.1853447269146895,8089.012088155
Lebanon,Mortalidad_Baja,3.8081346028903544,0.0,2.0560206159746097,3.142359840104801,7714.1099998804
Lebanon,Mortalidad_Baja,3.760049769968544,0.0,2.0733445013467375,3.068162090409672,7577.6413302369
Lebanon,Mortalidad_Baja,3.677442787372741,0.0,2.0849772644146176,3.0334967680218083,8162.37929361396
Lebanon,Mortalidad_Baja,3.736890278717897,0.0,2.0930303309629976,3.0901421651121503,8406.98405608118
Lebanon,Mortalidad_Baja,1.3167260921850412,0.0,0.0,1.0866647218589238,7834.96257108993
Lebanon,Mortalidad_Baja,3.7287519816212398,0.0,2.066273018680675,3.0816641111161753,7625.81051551165
Lebanon,Mortalidad_Baja,3.589206672518306,0.0,2.099080083010851,3.006675653949934,7090.85493856621
Lebanon,Mortalidad_Baja,3.8212415479890933,0.0,2.0228142744102455,3.094859006691097,5912.04532820842
Lebanon,Mortalidad_Baja,3.6657545833846172,0.0,2.057527872963451,2.9556303773819956,5125.25809960149
Lebanon,Mortalidad_Baja,3.766781739321497,0.0,2.107143208465967,3.034709617406083,4635.2514117486
Lebanon,Mortalidad_Baja,3.7144756232126626,0.0,2.1095747247176484,3.048853938676122,4602.19804637945
Lebanon,Mortalidad_Baja,3.4017114601520393,0.0,2.2807879366196575,2.822514428917049,4600.68371412993
Lebanon,Mortalidad_Baja,2.922868971627226,0.0,2.2885470961272727,2.484068746798598,4437.71588507526
Lebanon,Mortalidad_Media,2.964437883456376,0.0,2.3095325379896683,2.49776742124657,4290.85283803266
Lebanon,Mortalidad_Media,3.0419441659207407,0.0,2.331129690986604,2.526612315121617,4009.55929751102
Lebanon,Mortalidad_Media,3.053753163513302,0.0,2.3530639807427924,2.5122644583327083,3986.83513941026
Lebanon,Mortalidad_Media,3.4075127021788454,0.0,2.313606709328571,2.672411212339193,2958.74263957462
Lesotho,Mortalidad_Alta,4.694677641593514,0.0,4.549230772621846,2.0676428701485965,1030.12579628833
Lesotho,Mortalidad_Alta,4.941027450759575,0.0,5.138659579231485,2.092254151163673,1066.58643600093
Lesotho,Mortalidad_Alta,4.98931208923055,0.0,4.925279207209991,2.1427895475535457,918.582577421982
Lesotho,Mortalidad_Alta,5.060901357290443,0.0,4.816210414293318,2.128518132830627,1082.05706777516
Lesotho,Mortalidad_Alta,5.132725336901868,0.0,4.907114896891764,2.122887465822687,1170.65569702819
Lesotho,Mortalidad_Alta,2.7295658366393347,0.0,2.699706167636134,0.0,1069.36673247542
Lesotho,Mortalidad_Alta,5.36007655418591,0.0,4.966363947545348,2.0581780353837176,992.491840678465
Lesotho,Mortalidad_Alta,5.389594103205664,0.0,5.109413487763228,2.065502679882142,1121.19851342518
Lesotho,Mortalidad_Alta,5.572076566819829,0.0,5.361357682478596,2.116480012238397,1173.5377928819
Lesotho,Mortalidad_Alta,5.773345961933205,0.0,5.552035724547957,2.129316380975221,1151.03735837227
Lesotho,Mortalidad_Alta,5.800595733645706,0.0,5.846451301190602,2.1152448472372614,1217.93071228944
Lesotho,Mortalidad_Alta,5.866360136698633,0.0,6.048840460052483,2.119349295566451,1280.73390931581
Lesotho,Mortalidad_Alta,6.072609477208898,0.0,6.158000824776686,2.1349540808619527,1119.47557793042
Lesotho,Mortalidad_Alta,6.197899861288745,0.0,6.464973974101169,2.138291507252576,878.847950537772
Lesotho,Mortalidad_Alta,6.1715044210065155,0.0,7.16073482837638,2.090109966842662,898.482517882593
Lesotho,Mortalidad_Alta,6.15846490437577,0.0,7.0432165100661805,2.1060835899067194,861.188420899563
Lesotho,Mortalidad_Alta,6.191411662496527,0.0,7.3529227341279855,2.1157282347215096,925.467485502842
Lesotho,Mortalidad_Alta,6.204921876750365,0.0,7.2962692776863864,2.1178229040882215,861.381496414995
Lesotho,Mortalidad_Alta,6.137624067917841,0.0,7.261821628162326,2.113061081736264,766.685820928242
Lesotho,Mortalidad_Alta,6.069893575753603,0.0,7.090929482124418,2.0942819931159375,583.270036200288
Lesotho,Mortalidad_Alta,3.5119635029821428,0.0,4.068625765934656,0.0,388.92334985135
Lesotho,Mortalidad_Alta,5.845769712647919,0.0,7.192138740385622,2.057633698500903,412.677473676821
Lesotho,Mortalidad_Alta,5.835409187103839,0.0,6.7024507385222005,2.094923970305856,442.779545779081
Lesotho,Mortalidad_Alta,5.326855267704156,0.0,6.0902140808207585,2.162731953397328,513.413448796175
Liberia,Mortalidad_Alta,3.056536508955577,0.0,12.36182091519876,2.207102662058148,744.617175237387
Liberia,Mortalidad_Alta,3.139130437436413,0.0,12.59616879877593,2.2035007992778373,667.96610514319
Liberia,Mortalidad_Alta,3.2057323577029933,0.0,13.023935093303107,2.247720223480403,616.787867006715
Liberia,Mortalidad_Alta,3.3849929650150763,0.0,12.192078780136764,2.2124084874196885,658.164180770507
Liberia,Mortalidad_Alta,3.4916263971144876,0.0,11.794914846339026,2.191584261405563,692.203127129794
Liberia,Mortalidad_Alta,3.585419714335812,0.0,11.82989285878186,2.202668137008033,699.269095727404
Liberia,Mortalidad_Alta,1.6594769312078392,0.0,7.45847960423785,0.0,714.613063145659
Liberia,Mortalidad_Alta,3.7891235275840542,0.0,11.608809259953881,2.1614190605257617,692.590082351257
Liberia,Mortalidad_Alta,1.6250164620790195,0.0,8.600794188861913,0.0,706.714490064507
Liberia,Mortalidad_Alta,3.3503914730820843,0.0,13.850190032695393,2.1953947573041557,710.744570927863
Liberia,Mortalidad_Alta,3.1221914420467107,0.0,15.832705857946106,2.2246785234404682,638.368751462083
Liberia,Mortalidad_Alta,3.797962738368542,0.0,13.999146136269683,2.2924189628909892,568.087865520004
Liberia,Mortalidad_Alta,3.9840041340226318,0.0,13.984071191273582,2.333598772701465,492.252808033724
Liberia,Mortalidad_Alta,3.1561904626512156,0.0,18.74493593954995,2.380995868319029,448.386367025545
Liberia,Mortalidad_Alta,2.6952059270798574,0.0,21.73546164578851,2.422253196400091,451.713856283285
Liberia,Mortalidad_Alta,0.6810030313204318,0.0,17.385325026452506,0.0,374.211308104278
Liberia,Mortalidad_Alta,3.071755380827276,0.0,21.45522491402179,2.3829151973398712,320.55808618515
Liberia,Mortalidad_Alta,3.0282342650371046,0.0,22.66053884998943,2.3716872755010376,287.487333441381
Liberia,Mortalidad_Alta,3.2919858248811726,0.0,22.81672690751087,2.3852957351416286,284.140223992458
Liberia,Mortalidad_Alta,3.373458028499874,0.0,25.548509434211294,2.4422808816614854,239.779556677091
Liberia,Mortalidad_Alta,2.994112602644316,0.0,27.953456909945544,2.450943001168454,299.536445539621
Liberia,Mortalidad_Alta,3.3858565372530727,0.0,27.68230924520715,2.428667437087355,300.463828598983
Liberia,Mortalidad_Alta,3.693694187353353,0.0,28.050400510603662,2.4267170751112355,298.485340578945
Liberia,Mortalidad_Alta,6.408014937143026,0.0,22.059425778177477,2.25129669197387,62.1438140627579
Libya,Mortalidad_Media,1.7370287371678323,0.0,3.1308485945507316,2.868360015667778,5986.63694851258
Libya,Mortalidad_Media,1.9737111275041286,0.0,2.836912884605029,2.6110520873680634,4935.82787349801
Libya,Mortalidad_Media,4.608140982344139,0.0,2.106614847312804,3.616744776653065,6650.33810585348
Libya,Mortalidad_Media,2.999603910576402,0.0,2.534112265793101,3.12344122513842,9963.19489084483
Libya,Mortalidad_Media,2.9207724712503857,0.0,2.484242361699509,2.99231717719727,11196.5854810844
Libya,Mortalidad_Media,3.481219267564168,0.0,2.40089635339748,3.2728640472692394,9965.83236729757
Libya,Mortalidad_Media,4.111970613910488,0.0,2.3440950620385586,3.475791644671048,7525.80299308216
Libya,Mortalidad_Media,3.792735017018068,0.0,2.418508503824654,3.3114712196012452,7458.48917756374
Libya,Mortalidad_Media,3.6008743553087155,0.0,2.4650837869467015,3.281074514017524,8926.42074591474
Libya,Mortalidad_Media,2.7095690675898925,0.0,2.4833103559904495,2.8672247491965397,11951.7134126011
Libya,Mortalidad_Media,2.362096558112841,0.0,2.802592238847242,2.8561347369313497,14975.8902795144
Libya,Mortalidad_Media,3.310984252471613,0.0,2.435671276396221,3.0069945410324057,7593.8391525702
Libya,Mortalidad_Media,2.1782983171054737,0.0,3.0213980936104625,2.952857234380335,11600.9068649472
Libya,Mortalidad_Media,2.1950153548668836,0.0,2.9415073086681156,2.7329100836152973,9551.05403869755
Libya,Mortalidad_Media,1.8639548346240122,0.0,3.8307647571499017,2.6843284853807092,13906.1407818125
Libya,Mortalidad_Media,1.9305653560171716,0.0,3.7105376060072137,2.5243371383187676,11144.9448413435
Libya,Mortalidad_Media,1.9120502821867398,0.0,4.062789945100719,2.6253090902439733,10048.8480434289
Libya,Mortalidad_Media,2.5807836570300986,0.0,2.8440357311614597,2.653087040660308,8079.24957329001
Libya,Mortalidad_Media,2.9153116974873985,0.0,2.608210504007898,2.6203194498961553,5773.76333234281
Libya,Mortalidad_Media,2.957323539943661,0.0,2.648177740087065,2.6160650472411566,4674.09943200321
Libya,Mortalidad_Media,3.4313853873825333,0.0,2.6082320883239745,2.9171947524553685,3718.29434696755
Libya,Mortalidad_Media,2.850116642651986,0.0,3.3015168634401197,2.392841129003973,6312.80030498965
Libya,Mortalidad_Media,2.91018331229925,0.0,2.7887321347272587,2.5638810772934333,7214.10040377084
Libya,Mortalidad_Media,3.112460870782523,0.0,2.815943567154171,2.564864705142278,5205.25706378741
Lithuania,Mortalidad_Baja,1.433308095393149,0.0,0.0,2.951636823238099,25085.784063499
Lithuania,Mortalidad_Media,1.5864697321504742,0.0,0.03557173454571305,3.3981550702119567,23870.4594851722
Lithuania,Mortalidad_Media,1.4702664216475678,0.0,0.014831686599054927,3.089610627221788,20428.6478157394
Lithuania,Mortalidad_Baja,1.1698994360994022,0.0,0.048228552789389256,2.367906242671828,19608.7943945553
Lithuania,Mortalidad_Baja,1.2259213481754374,0.0,0.05216280236632326,2.4856933806176893,19247.2315367967
Lithuania,Mortalidad_Baja,1.4755574002143081,0.0,0.01538888012980505,3.189992367065889,16800.1510246099
Lithuania,Mortalidad_Media,1.274061963364118,0.0,0.031573570722514266,2.5927329440179387,14934.2702840428
Lithuania,Mortalidad_Media,1.168740256854594,0.0,0.033765766600524716,2.4459553328526997,14269.8039878287
Lithuania,Mortalidad_Media,1.0205698926856328,0.0,0.04087636653162635,2.120867178620919,16446.1647181663
Lithuania,Mortalidad_Media,0.9824774864622019,0.0,0.0459489877543664,1.9908339165716762,15636.5252586048
Lithuania,Mortalidad_Media,0.9511975555599146,0.0,0.0638500245777594,2.0888417146997575,14288.1853493139
Lithuania,Mortalidad_Media,0.9360069161770344,0.0,0.07237772587634494,2.022838456009181,14261.8433787325
Lithuania,Mortalidad_Media,1.0015527368969928,0.0,0.04926929044388484,1.8641363051870923,11829.122609457
Lithuania,Mortalidad_Media,1.216422581982741,0.0,0.11001090727824697,2.2580781525008717,11854.3711053096
Lithuania,Mortalidad_Media,0.9322586013457468,0.0,0.19312843477067798,2.166876632602598,14955.5345462921
Lithuania,Mortalidad_Media,0.8805254938204323,0.0,0.203629722173616,2.06278316689457,12295.1212779366
Lithuania,Mortalidad_Media,0.8042612889126066,0.0,0.16541973422960485,1.8192558328762596,9210.10118229413
Lithuania,Mortalidad_Media,0.8142321425842312,0.0,0.15354480845197405,1.8456124664074567,7857.03148786492
Lithuania,Mortalidad_Media,0.8521244530803969,0.0,0.16274315661063293,1.9938687793772747,6734.57487061946
Lithuania,Mortalidad_Media,0.8812944102233911,0.0,0.13953076997765068,1.9587928789419187,5507.47434187652
Lithuania,Mortalidad_Media,0.7569991344248512,0.0,0.13885379374266554,1.551188310953747,4148.13091485015
Lithuania,Mortalidad_Media,0.6333344362367643,0.0,0.1482617894679151,1.2820996107747855,3532.52787363242
Lithuania,Mortalidad_Media,0.46379693783266024,0.0,0.1488950319613335,0.7878650929559176,3300.63634928559
Lithuania,Mortalidad_Media,2.8100149647063626,0.0,2.606495413838172,2.629757280791869,2182.69156931505
Luxembourg,Mortalidad_Baja,3.9193258856716087,0.0,0.5911222016895392,7.242174435555739,123719.658915996
Luxembourg,Mortalidad_Baja,4.062388414782594,0.0,1.0487854063435371,8.06192933256416,134965.815442152
Luxembourg,Mortalidad_Baja,3.983475720184388,0.0,0.8798254586795418,7.732237641557155,116860.02817236
Luxembourg,Mortalidad_Baja,3.934996985402357,0.0,0.8892125109340225,7.935732975070665,112696.649059674
Luxembourg,Mortalidad_Baja,3.7902392970749856,0.0,0.825358270507191,7.5628027914312925,116926.759593905
Luxembourg,Mortalidad_Baja,3.802889903363207,0.0,0.807931426364906,7.484854558921159,110193.213797228
Luxembourg,Mortalidad_Baja,3.8865170141636933,0.0,0.9002012490056057,7.765069838691602,106899.293549552
Luxembourg,Mortalidad_Baja,3.8717075856477368,0.0,0.8791982579657942,7.737480026564731,105462.012584423
Luxembourg,Mortalidad_Baja,3.7395655293688446,0.0,0.6848550014100145,7.796466453319289,123678.702143275
Luxembourg,Mortalidad_Baja,3.8947132334090897,0.0,0.8009092839694522,8.170560457693576,120000.140729859
Luxembourg,Mortalidad_Baja,3.873898292345392,0.0,0.7651225639192872,8.28030188216277,112584.676270958
Luxembourg,Mortalidad_Baja,3.9223151524409676,0.0,0.9183355211746217,8.440003184684802,119025.057203467
Luxembourg,Mortalidad_Baja,3.930149921364193,0.0,0.8845415277184572,8.553063355494041,110885.991378721
Luxembourg,Mortalidad_Baja,3.9832464158630163,0.0,0.96326621667987,8.528637731909162,109419.746953106
Luxembourg,Mortalidad_Baja,3.82216317582237,0.0,0.8290252396767984,8.654376332469672,120422.137934157
Luxembourg,Mortalidad_Baja,3.5845939851334485,0.0,0.8264738472752791,8.41510544313474,107475.320297978
Luxembourg,Mortalidad_Baja,3.761973220071907,0.0,0.9016294658028186,8.75517898984343,90788.8004876145
Luxembourg,Mortalidad_Baja,3.6572278978761172,0.0,0.9214702409932392,8.843040189426379,80988.1376230858
Luxembourg,Mortalidad_Baja,3.4740181988545924,0.0,0.8663689652398365,8.602055309546206,76544.9170868473
Luxembourg,Mortalidad_Baja,3.370389951578781,0.0,0.7970046835610625,8.04625638853074,65689.3214536911
Luxembourg,Mortalidad_Baja,3.200430252182721,0.0,0.7027726480370966,7.6063770594877465,53005.7339209179
Luxembourg,Mortalidad_Baja,3.2728029313039926,0.0,0.6942979748941274,7.674584709856575,48440.1420151355
Luxembourg,Mortalidad_Baja,3.160122873861081,0.0,0.6551125640490185,7.417755361082453,48659.5988753233
Luxembourg,Mortalidad_Baja,2.780843836469946,0.0,0.6787100456048216,6.790141626804082,51032.349635318
Madagascar,Mortalidad_Alta,3.604321840856555,0.0,7.178633921248788,2.1696322779835784,503.514533472879
Madagascar,Mortalidad_Alta,3.685350655489111,0.0,7.36387402300382,2.191577991857372,483.469463351371
Madagascar,Mortalidad_Alta,3.6280556742056578,0.0,7.675497238295762,2.18809308853258,450.771615201509
Madagascar,Mortalidad_Alta,3.6211423816159445,0.0,7.431033843943815,2.2233154407334945,499.818837622534
Madagascar,Mortalidad_Alta,3.530983063611928,0.0,7.725451942818095,2.2112573513685683,500.45718552916
Madagascar,Mortalidad_Alta,3.5864619794357555,0.0,7.468986917907448,2.1916710840120035,491.866848718929
Madagascar,Mortalidad_Alta,3.557003365330127,0.0,7.558561401220917,2.1823154049418614,453.970714522463
Madagascar,Mortalidad_Alta,3.5359660402551403,0.0,7.736782803073287,2.1864554454160654,445.320069480568
Madagascar,Mortalidad_Alta,3.547577927256941,0.0,7.779859998814038,2.190513254668404,505.684922503435
Madagascar,Mortalidad_Alta,3.5630909951877543,0.0,7.827116621365521,2.1855373745871107,515.301589361832
Madagascar,Mortalidad_Alta,1.3517901558301462,0.0,4.719526030879064,0.0,493.511162904211
Madagascar,Mortalidad_Alta,3.4458082030030144,0.0,8.772261420351521,2.192576751411129,506.163691559309
Madagascar,Mortalidad_Alta,1.3234823613046178,0.0,5.032991900391437,0.0,450.009391645726
Madagascar,Mortalidad_Alta,3.4061828308608937,0.0,9.47205708787377,2.184151919613279,446.315238370592
Madagascar,Mortalidad_Alta,3.5847142681800626,0.0,8.712510616831056,2.1690488097081024,512.579800058444
Madagascar,Mortalidad_Alta,3.6545724509648263,0.0,9.07764612064392,2.1899942633157545,419.548001431865
Madagascar,Mortalidad_Alta,3.8542678350664703,0.0,9.135706641858532,2.2086768991114303,324.146874882604
Madagascar,Mortalidad_Alta,1.8103261094513161,0.0,5.696891218631245,0.0,305.812074924388
Madagascar,Mortalidad_Alta,3.9431892641400967,0.0,10.170069836884341,2.2689458117927397,272.20074858856
Madagascar,Mortalidad_Alta,3.9522110241858908,0.0,10.300046310933999,2.213794368866287,352.620095849925
Madagascar,Mortalidad_Alta,4.005061377410755,0.0,10.914720497395292,2.229393925928765,304.941777398445
Madagascar,Mortalidad_Alta,2.1843105524630464,0.0,5.996496039162507,0.0,319.283278235657
Madagascar,Mortalidad_Alta,4.217006143307264,0.0,10.717830507426516,2.198214033544885,280.282905559649
Madagascar,Mortalidad_Alta,4.538435142347573,0.0,13.468808912951115,2.2931320621578264,273.149653945976
Malawi,Mortalidad_Alta,2.9048836782575598,0.0,7.368803001645278,2.1695032429461296,604.269751184515
Malawi,Mortalidad_Alta,3.1028345234942116,0.0,7.028298095812897,2.1711034378875285,617.447520802454
Malawi,Mortalidad_Alta,3.13787454754462,0.0,6.87454074134244,2.1767816996869724,602.507478176106
Malawi,Mortalidad_Alta,0.9673190807624059,0.0,3.0993188701801513,0.0,580.889816066776
Malawi,Mortalidad_Alta,3.4486704756466575,0.0,5.880358481397166,2.162568392530936,533.203173686705
Malawi,Mortalidad_Alta,3.469482624998107,0.0,6.323240314685188,2.1613422118979035,495.769683367165
Malawi,Mortalidad_Alta,1.2832376481486394,0.0,3.0915713559853963,0.0,450.506105510719
Malawi,Mortalidad_Alta,3.6502431394597457,0.0,6.482843115237423,2.1175983186648186,539.605363240686
Malawi,Mortalidad_Alta,3.7205219138178505,0.0,7.005421092899762,2.147032717431002,529.5133440206
Malawi,Mortalidad_Alta,3.83382461913304,0.0,7.259947649310508,2.1655018798719223,496.947368267313
Malawi,Mortalidad_Alta,3.9759366987300337,0.0,7.295279794866255,2.125986646283565,558.46208832772
Malawi,Mortalidad_Alta,4.084398864833291,0.0,7.786887772379003,2.13996626902173,763.061000394572
Malawi,Mortalidad_Alta,2.0128776127608115,0.0,4.765720802318495,0.0,683.124694716799
Malawi,Mortalidad_Alta,4.3095236606747545,0.0,8.808519172863793,2.1694056723690904,625.869729869625
Malawi,Mortalidad_Alta,4.4174008622303615,0.0,8.927050220466402,2.155519962237087,554.048820396119
Malawi,Mortalidad_Alta,4.59079360583398,0.0,8.693853899579334,2.1360587250938328,475.180261659331
Malawi,Mortalidad_Alta,4.614320296746368,0.0,9.611698759942394,2.1521637796013917,440.822149023873
Malawi,Mortalidad_Alta,4.69184415359883,0.0,10.369714603935735,2.152022674648431,414.361121984475
Malawi,Mortalidad_Alta,2.79311740005203,0.0,7.0789878680267195,0.0,404.674248445428
Malawi,Mortalidad_Alta,5.03256869446637,0.0,12.015592660437594,2.145994109508131,383.348596852642
Malawi,Mortalidad_Alta,5.288612677144,0.0,12.76840434751062,2.1244835832661337,428.210439838398
Malawi,Mortalidad_Alta,5.657103816505232,0.0,12.527250730524814,2.120151542743433,215.474524898357
Malawi,Mortalidad_Alta,5.802865920228561,0.0,13.26855062159573,2.098572150913274,224.22415918428
Malawi,Mortalidad_Alta,6.726852998520313,0.0,12.303778747768828,2.136823975771764,200.362370007247
Malaysia,Mortalidad_Baja,3.1230092163835743,0.0,2.344861868257427,3.9390074055822555,11748.0919307944
Malaysia,Mortalidad_Media,0.6144814728330248,0.0,0.09189459650013893,2.037381725296377,10903.1116425938
Malaysia,Mortalidad_Baja,3.228944579751546,0.0,2.2959174621767637,3.734088292091149,9957.52626697613
Malaysia,Mortalidad_Baja,3.305063431978412,0.0,2.2524970431068083,4.067248742947643,10920.191763972
Malaysia,Mortalidad_Baja,0.7818359200943144,0.0,0.0847531498058745,2.3340166757388863,10901.8019954421
Malaysia,Mortalidad_Baja,3.118205987123662,0.0,2.313731092448743,3.731405208834118,9862.54806612235
Malaysia,Mortalidad_Baja,3.163143367127176,0.0,2.3143754292992162,3.817870828389071,9476.53409809923
Malaysia,Mortalidad_Baja,0.6057236995372286,0.0,0.10586191873133088,1.9722427173302473,9648.6797937523
Malaysia,Mortalidad_Baja,2.9766875133061967,0.0,2.4383544945334616,3.562692182136,11013.3107334403
Malaysia,Mortalidad_Baja,0.36792292012690747,0.0,0.1871082214313255,1.679848488812647,10713.6407638899
Malaysia,Mortalidad_Baja,2.8829545625527198,0.0,2.444605086224375,3.374310151703801,10600.5744240026
Malaysia,Mortalidad_Baja,0.21816946598845333,0.0,0.14706941938016596,1.489029537550552,10217.1068585031
Malaysia,Mortalidad_Baja,2.9322209617545343,0.0,2.3954458548528423,3.6053802986964376,8899.34505544675
Malaysia,Mortalidad_Baja,2.956772408892453,0.0,2.3616215499704043,3.592633659009797,7191.43287234626
Malaysia,Mortalidad_Media,0.1738244391286553,0.0,0.18932573515196735,1.7528561672470415,8371.82156086005
Malaysia,Mortalidad_Media,2.7552267102451733,0.0,2.556444254640234,3.621661892166702,7168.93031942508
Malaysia,Mortalidad_Media,0.1608093790690433,0.0,0.177856319724896,1.6753678395353697,6158.40785533236
Malaysia,Mortalidad_Media,2.7927746821007524,0.0,2.4026202850991933,3.6149626673463806,5555.58179951206
Malaysia,Mortalidad_Media,2.7286157127140482,0.0,2.464656762742306,3.4009312838510146,4939.24851854427
Malaysia,Mortalidad_Media,0.2537774800950443,0.0,0.11556544703987892,1.522267391805594,4465.32194567208
Malaysia,Mortalidad_Media,2.8695038640545723,0.0,2.3287264416931666,3.2622721019004337,4184.03163773539
Malaysia,Mortalidad_Media,2.9418753209204183,0.0,2.2793404785247406,3.3643357359986883,3943.79943910239
Malaysia,Mortalidad_Media,2.8386902934997935,0.0,2.3196390547625594,3.3784979277400113,4083.52874483605
Malaysia,Mortalidad_Media,0.4906653761533197,0.0,0.10572733629059317,1.8609996474266244,4363.14458333034
Mali,Mortalidad_Alta,3.321452652727553,0.0,12.184492025547138,2.1686670596043296,969.72220560562
Mali,Mortalidad_Alta,1.41944477963703,0.0,8.03362691597246,0.0,1027.27345365357
Mali,Mortalidad_Alta,3.5073283922441276,0.0,12.45083593182808,2.1937972568658366,953.242943290974
Mali,Mortalidad_Alta,3.575667701744235,0.0,12.120423919627717,2.1608730546680754,971.949318638092
Mali,Mortalidad_Alta,1.6030658210247342,0.0,8.021097569228873,0.0,996.379292136901
Mali,Mortalidad_Alta,3.749280159562159,0.0,11.91841240821396,2.1399650512316937,924.057531692284
Mali,Mortalidad_Alta,3.857061808887853,0.0,11.870950652901405,2.1558946981595697,872.468587171653
Mali,Mortalidad_Alta,3.984412621754558,0.0,11.817142688306857,2.1660952248976644,838.11986940103
Mali,Mortalidad_Alta,4.089381776978556,0.0,11.653219353614514,2.163023846185202,940.243260037952
Mali,Mortalidad_Alta,4.223027147123162,0.0,11.408324035231558,2.161181541981642,903.190452512378
Mali,Mortalidad_Alta,4.1102009484768045,0.0,12.385559822999888,2.1749247479684914,878.217175344858
Mali,Mortalidad_Alta,4.362878522252013,0.0,11.430401637364438,2.1510708883218803,941.574944706639
Mali,Mortalidad_Alta,4.487360535907282,0.0,10.939086191941929,2.121529700418014,827.617660082715
Mali,Mortalidad_Alta,2.549920705433334,0.0,6.812239105883663,0.0,815.78868795173
Mali,Mortalidad_Alta,4.763008677089615,0.0,10.733684829609683,2.134616696695249,820.715705601841
Mali,Mortalidad_Alta,4.90402206561605,0.0,10.390002074996003,2.1151766551589843,711.675463215078
Mali,Mortalidad_Alta,2.8895216264408585,0.0,6.29676458020776,0.0,633.221946737432
Mali,Mortalidad_Alta,5.047162190395739,0.0,10.884686774475892,2.117336810023269,591.630393473705
Mali,Mortalidad_Alta,5.362229557039559,0.0,10.83970065107752,2.2065629333485606,542.887347640863
Mali,Mortalidad_Alta,4.906802210949039,0.0,13.941354808853264,2.234152470650294,371.627016389759
Mali,Mortalidad_Alta,4.871162159124083,0.0,15.039055630239732,2.245785519787975,318.042432039222
Mali,Mortalidad_Alta,2.9835619520125904,0.0,11.054651234653107,0.0,291.159497911347
Mali,Mortalidad_Alta,5.205400493636807,0.0,15.288215211305326,2.2541381013227375,256.199554978241
Mali,Mortalidad_Alta,5.610051428493995,0.0,17.077409590208525,2.2868370032276513,265.717051612187
Malta,Mortalidad_Baja,2.4378745462552223,0.0,0.0,3.036189043264592,36224.2819955817
Malta,Mortalidad_Baja,2.3552153590445544,0.0,0.0,2.933656837382588,38065.354346575
Malta,Mortalidad_Baja,2.330989820470644,0.0,0.0,2.936977646098976,31833.596382464
Malta,Mortalidad_Baja,2.2695183127687257,0.0,0.0,3.0159016080078613,32421.9179753188
Malta,Mortalidad_Baja,2.177961600165201,0.0,0.0,2.7869133122545917,33382.2677502638
Malta,Mortalidad_Baja,2.2603688327093323,0.0,0.0,2.9180615458375354,30317.2443357939
Malta,Mortalidad_Baja,2.1562779498412654,0.0,0.0,2.8105808608276592,26459.0772054811
Malta,Mortalidad_Baja,2.1966930196720993,0.0,0.0,2.882843697025073,25529.6813131565
Malta,Mortalidad_Baja,2.1036789824848547,0.0,0.0,2.9633287862868083,27424.5765369278
Malta,Mortalidad_Baja,2.0334450220390696,0.0,0.0,2.938485847190281,25415.5566806942
Malta,Mortalidad_Baja,1.9848556640604553,0.0,0.0,3.0013324168639524,22878.3131257656
Malta,Mortalidad_Baja,1.7925573267973987,0.0,0.0,2.725759523780549,23516.9691282762
Malta,Mortalidad_Baja,1.8716819721125597,0.0,0.0,2.997374445342037,21946.6070188242
Malta,Mortalidad_Baja,1.7995384572694635,0.0,0.0,2.877051446521132,21176.3216665018
Malta,Mortalidad_Baja,1.9100937929775352,0.0,0.0,3.2667783662067484,22315.3104812611
Malta,Mortalidad_Baja,1.8418503775373745,0.0,0.0,3.217127839560225,19444.1743635565
Malta,Mortalidad_Baja,1.7794431070571297,0.0,0.0,3.2294797353568336,16653.6038312389
Malta,Mortalidad_Baja,3.65778787034821,0.0,2.0480890525741073,3.9219881780954635,15831.3439802756
Malta,Mortalidad_Baja,3.6172878918731994,0.0,2.0532830571000247,3.891400634184308,15212.1312964883
Malta,Mortalidad_Baja,3.2691031064552467,0.0,2.2061005569604313,3.160096459172541,13593.9787182902
Malta,Mortalidad_Baja,3.208005189221448,0.0,2.1798900392773564,3.0617071319104783,11251.2024877398
Malta,Mortalidad_Baja,3.279073137444635,0.0,2.1933748373239412,3.1268702813965663,10357.7026407269
Malta,Mortalidad_Baja,3.1260874345547114,0.0,2.179534669829719,3.0164350178413084,10348.4860163
Malta,Mortalidad_Baja,2.9295743423390532,0.0,2.2393821430841316,2.7634845470294658,9828.22830085662
Mauritania,Mortalidad_Media,2.7687090187738175,0.0,6.340139466196796,2.090761180549919,1960.35240077424
Mauritania,Mortalidad_Alta,2.821444307844865,0.0,6.451438141696334,2.082223340916621,1947.78918383313
Mauritania,Mortalidad_Alta,2.7310081402325497,0.0,6.8521190236846365,2.0954847905431118,1795.76459566714
Mauritania,Mortalidad_Media,0.5105455572913125,0.0,3.0903252136425228,0.0,1767.072710621
Mauritania,Mortalidad_Media,2.785095822786536,0.0,7.310158694346302,2.1079073638270374,1722.93528854073
Mauritania,Mortalidad_Media,2.874973645004921,0.0,7.102659939438913,2.101122273908189,1615.00401327323
Mauritania,Mortalidad_Alta,2.943781655668532,0.0,6.855802521915697,2.062667545418137,1565.76575722696
Mauritania,Mortalidad_Alta,3.119116325577852,0.0,6.477848302829832,2.103008407554996,1554.94897871782
Mauritania,Mortalidad_Alta,0.7754015026005208,0.0,3.108579279260389,0.0,1713.00865264234
Mauritania,Mortalidad_Alta,2.9651936338455847,0.0,6.720316055089623,2.066255982897391,1934.24103064714
Mauritania,Mortalidad_Alta,3.0423825742553676,0.0,6.563619077906339,2.058893295237537,1859.11733247641
Mauritania,Mortalidad_Alta,2.975800309977911,0.0,6.596289855060904,2.0391300784629416,1931.19975525465
Mauritania,Mortalidad_Alta,3.1002727756499158,0.0,6.652064968468319,2.05331076826904,1659.96369705455
Mauritania,Mortalidad_Alta,3.203114968640426,0.0,6.966656380822991,2.1011301641421256,1435.43010811893
Mauritania,Mortalidad_Alta,0.8361023904586615,0.0,3.6116643706297107,0.0,1635.5630623124
Mauritania,Mortalidad_Alta,3.138006363238612,0.0,7.5267997251371845,2.066017260347263,1405.15016203368
Mauritania,Mortalidad_Alta,3.0883005023956827,0.0,7.753139445867444,2.029947340199564,1300.60367988659
Mauritania,Mortalidad_Alta,3.3947517316396825,0.0,7.9290323042850455,2.090542515442487,998.96583416747
Mauritania,Mortalidad_Alta,1.3897796377803882,0.0,4.731509962146436,0.0,823.554457141893
Mauritania,Mortalidad_Alta,3.646307753711457,0.0,8.989130715914577,2.137438241988384,732.017820812675
Mauritania,Mortalidad_Alta,3.718794534502421,0.0,9.299144248562833,2.1087850641478356,648.879643934862
Mauritania,Mortalidad_Alta,3.7870986243052904,0.0,9.74507837680339,2.1099952409454725,651.817840199777
Mauritania,Mortalidad_Alta,1.8225252756549597,0.0,5.948224014923983,0.0,680.911061879778
Mauritania,Mortalidad_Alta,2.0204691363760414,0.0,7.257848124325314,0.0,904.719170071042
Mauritius,Mortalidad_Media,3.739767790147857,0.0,1.9300621828185491,3.3945876185669186,10223.7882316574
Mauritius,Mortalidad_Media,3.780375901751668,0.0,1.941865278247195,3.384753406187646,9068.97300226707
Mauritius,Mortalidad_Media,3.8162878296732075,0.0,1.946416274621293,3.363231567599127,9011.04288445023
Mauritius,Mortalidad_Media,3.6522366079209783,0.0,2.102066594684073,3.096540997286346,11403.2527870674
Mauritius,Mortalidad_Media,3.7406429583161986,0.0,1.956322634334192,3.369711695179986,11643.4605962124
Mauritius,Mortalidad_Media,1.27747694642835,0.0,0.0,1.4563640383970031,10841.6847754844
Mauritius,Mortalidad_Media,3.7162678592850913,0.0,1.9283315420357363,3.381438572171044,9965.72531085228
Mauritius,Mortalidad_Media,3.6595250038348235,0.0,1.9581199405033707,3.310770909660213,9507.87133656424
Mauritius,Mortalidad_Media,3.6416936324242837,0.0,1.945279331506323,3.319271534816109,10366.3550754936
Mauritius,Mortalidad_Media,3.5593879985935803,0.0,1.9865926752540366,3.2125357653408653,9764.64413060045
Mauritius,Mortalidad_Media,1.2677957728355451,0.0,0.0,1.665992870086515,9291.23627601053
Mauritius,Mortalidad_Media,3.560142629940643,0.0,1.967393122353922,3.245433937737687,9197.04299089459
Mauritius,Mortalidad_Media,3.555663931464252,0.0,1.9605204468407162,3.2645146408880867,8000.37643182154
Mauritius,Mortalidad_Media,3.435358284033497,0.0,2.0672074093090433,3.002287119481438,7318.12640972422
Mauritius,Mortalidad_Media,3.4486058580577295,0.0,2.0305776989042834,3.0922105582204167,8030.05228087539
Mauritius,Mortalidad_Media,3.3694389047506523,0.0,2.136281317374001,2.8701062990747475,6574.6635764099
Mauritius,Mortalidad_Media,0.8849028835657222,0.0,0.0,0.9826510266837746,5695.97525509869
Mauritius,Mortalidad_Media,3.2396900490589102,0.0,2.101006026820805,2.778578727714626,5354.02974260642
Mauritius,Mortalidad_Media,3.1507657865402092,0.0,2.103355652299343,2.757825280234366,5460.60800184198
Mauritius,Mortalidad_Media,3.1492053806101445,0.0,2.1087303663483232,2.752222150184305,4858.26575549747
Mauritius,Mortalidad_Media,3.1697794179783045,0.0,2.108047384027412,2.7726880320495537,4073.06053055903
Mauritius,Mortalidad_Media,3.1618627852362207,0.0,2.136629689243502,2.771688066280244,3908.55694927435
Mauritius,Mortalidad_Media,3.1927827117199774,0.0,2.1560912957908323,2.7611327897284754,3981.98343249582
Mauritius,Mortalidad_Media,2.9476973240701585,0.0,2.5215980320022258,2.329469729925663,3648.01649622256
Mexico,Mortalidad_Media,0.5871480557698141,0.0,0.04195131421826975,0.866668566813384,11402.1410374782
Mexico,Mortalidad_Media,3.272940693818519,0.0,2.2369517009471025,2.850357242722396,10314.0506725979
Mexico,Mortalidad_Media,0.7272765318449685,0.0,0.07111009584068184,0.8035083044718816,8841.2707511328
Mexico,Mortalidad_Media,3.082250562032012,0.0,2.1790214993485404,2.7472844381545003,10369.5553585271
Mexico,Mortalidad_Media,0.5683948826095984,0.0,0.07730836616463421,0.7437863131252673,10084.7937553679
Mexico,Mortalidad_Media,3.140556687881281,0.0,2.1721552798137878,2.7815460163276233,9649.27816772402
Mexico,Mortalidad_Media,0.7659668169161591,0.0,0.0523134591491225,1.0493119053775928,9097.92397674769
Mexico,Mortalidad_Media,3.2399639227488315,0.0,2.1813715295957494,2.857632816611614,10021.2386124039
Mexico,Mortalidad_Media,0.6735083164833189,0.0,0.09170713306202743,0.8718924820421327,11391.3773510244
Mexico,Mortalidad_Media,3.2434718212955054,0.0,2.2267897822421254,2.853564058041547,11216.800851866
Mexico,Mortalidad_Media,0.6893116886098445,0.0,0.10977388190446286,0.9001317776513864,10744.1335229686
Mexico,Mortalidad_Media,3.2347264090847077,0.0,2.207525650676975,2.8432968368384857,10664.4944046282
Mexico,Mortalidad_Media,0.8002205829801143,0.0,0.08113562626694937,1.0313884706691505,9728.80078237782
Mexico,Mortalidad_Media,3.315732217438572,0.0,2.224870997825483,2.8781772875980938,8423.56933214711
Mexico,Mortalidad_Media,0.7053829547944959,0.0,0.12823848520379838,0.9121453368350612,10523.7685427665
Mexico,Mortalidad_Media,3.251652129629004,0.0,2.231805672298934,2.83903162988596,10134.3327129706
Mexico,Mortalidad_Media,0.7312372387224642,0.0,0.14355937529480456,1.0048412943816525,9512.63575346699
Mexico,Mortalidad_Media,0.7805757140432035,0.0,0.13733648092762063,1.0035161842598812,8671.75891885163
Mexico,Mortalidad_Media,0.7523109296345831,0.0,0.1463351785068042,0.92492876423696,7849.66759649565
Mexico,Mortalidad_Media,3.362240827853544,0.0,2.2568473337334893,2.853498256687295,7434.07465031562
Mexico,Mortalidad_Media,0.7096218853970762,0.0,0.20112113433317663,0.7134806533255533,7983.03398381759
Mexico,Mortalidad_Media,3.3070654572628717,0.0,2.3607965623411125,2.7141887240687352,7952.76479510706
Mexico,Mortalidad_Media,0.7266236950725802,0.0,0.27204670438041206,0.6150968878980304,7524.0271380091
Mexico,Mortalidad_Media,3.681050425719416,0.0,2.521431276171017,2.7476229621108166,4183.87847727479
Moldova,Mortalidad_Media,0.5643422847687898,0.0,0.033828124121694614,0.6022088766052451,5744.29618434435
Moldova,Mortalidad_Media,0.494281997257175,0.0,0.22160813820012903,0.5577744307262245,5274.60582195352
Moldova,Mortalidad_Media,3.010813174164589,0.0,2.419654313395992,2.614556247497431,4375.7788930524
Moldova,Mortalidad_Media,0.3586519499466152,0.0,0.32491258413759644,0.3402131194532575,4405.33418162155
Moldova,Mortalidad_Media,0.3416867981881255,0.0,0.3329570823391331,0.36340862638349497,4156.44981956646
Moldova,Mortalidad_Media,0.29330715680055214,0.0,0.35010053910419325,0.3758685197257659,3453.26727720294
Moldova,Mortalidad_Media,0.3765990020926643,0.0,0.27701472357181756,0.4741692507773012,2847.08794770479
Moldova,Mortalidad_Media,0.36331898989669226,0.0,0.30219604159568453,0.45828055895413833,2749.55137054338
Moldova,Mortalidad_Media,0.25964409330664756,0.0,0.597784682153985,0.26452055971751304,3289.95758568777
Moldova,Mortalidad_Media,0.3200733424242651,0.0,0.3699708554315196,0.36533654742210697,3321.04397795719
Moldova,Mortalidad_Media,0.3935537661427363,0.0,0.31458962420344094,0.3869370971241498,3044.8084324815
Moldova,Mortalidad_Media,0.392551024624774,0.0,0.321447865742339,0.4323266935846645,2941.36224066021
Moldova,Mortalidad_Media,0.41591321951630383,0.0,0.3533425829436054,0.34153020410385887,2436.79935102421
Moldova,Mortalidad_Media,0.7406728284687463,0.0,0.30953119502677406,0.41211357910878044,1898.43975710988
Moldova,Mortalidad_Media,0.6258639840911564,0.0,0.34159725120250684,0.3890966774653195,2110.55305353857
Moldova,Mortalidad_Media,0.607191170902843,0.0,0.4514415218714424,0.32239743199762466,1531.21618590748
Moldova,Mortalidad_Media,0.4397314888320853,0.0,0.9238489886422075,0.1201484285657986,1183.02481442894
Moldova,Mortalidad_Media,0.3882713298946508,0.0,1.2802618871285367,0.0,1034.39197746993
Moldova,Mortalidad_Media,0.3855765187056899,0.0,1.6282866175558164,0.0,897.178494749468
Moldova,Mortalidad_Media,0.3764295635482385,0.0,1.8417836902402107,0.0,682.319095965299
Moldova,Mortalidad_Media,0.3579041031117279,0.0,2.5075286004262627,0.0,570.799866188293
Moldova,Mortalidad_Media,0.3419017495619071,0.0,2.9610437014140514,0.0,507.404076252819
Moldova,Mortalidad_Media,0.3651142635041065,0.0,3.5589639999729403,0.0,440.538683980372
Moldova,Mortalidad_Alta,2.3351256514638425,0.0,9.785291937554545,2.1091310101738414,593.593177049161
Mongolia,Mortalidad_Media,0.0,0.0,0.9832875823182536,0.5512970272467195,4993.51487463495
Mongolia,Mortalidad_Media,2.203826983851111,0.0,3.8362540678983446,2.440753056850724,4517.61578018785
Mongolia,Mortalidad_Media,2.2346919787946278,0.0,3.7338689064124266,2.3428147444561813,4001.25193077703
Mongolia,Mortalidad_Media,2.23096198372284,0.0,3.58668511964362,2.257613347833502,4347.54610314873
Mongolia,Mortalidad_Media,0.0,0.0,0.9701827086816583,0.3807467976741544,4107.64288528468
Mongolia,Mortalidad_Media,2.405681384478355,0.0,3.2664388722184006,2.2840690923037723,3645.96708669551
Mongolia,Mortalidad_Media,0.16154403132717604,0.0,0.6981941450636526,0.4680508683727529,3619.90026383792
Mongolia,Mortalidad_Media,2.511040748017111,0.0,3.477382257039657,2.288868466881401,3838.92126989984
Mongolia,Mortalidad_Media,0.09731135306047828,0.0,1.0019620033618555,0.171661617528805,4126.23975800524
Mongolia,Mortalidad_Media,2.5093736662479302,0.0,3.64731811232034,2.1538148030666577,4340.14310544449
Mongolia,Mortalidad_Media,0.21743374565072193,0.0,0.871197802654802,0.16112631127975396,4328.89001905655
Mongolia,Mortalidad_Media,0.23295409337785522,0.0,0.9196221552051197,0.13935459432445998,3736.04201455077
Mongolia,Mortalidad_Media,0.2913946952553997,0.0,1.135872202491489,0.03552159257129561,2625.21881402433
Mongolia,Mortalidad_Media,2.5669839214341286,0.0,5.104903457614976,1.9886424547895727,1703.32756790019
Mongolia,Mortalidad_Media,2.494030347068702,0.0,5.986352575876287,1.9983994419416922,2127.42678594737
Mongolia,Mortalidad_Alta,0.273984185733175,0.0,3.2202265319152934,0.0,1627.68787743359
Mongolia,Mortalidad_Alta,2.4750057122056073,0.0,6.650477041031682,1.951560947588277,1329.89179579053
Mongolia,Mortalidad_Alta,2.643085410105697,0.0,6.741192868229021,1.9295143951998757,994.90010913241
Mongolia,Mortalidad_Alta,2.8710309306947432,0.0,6.696243836697092,1.9595389978906246,794.154552001815
Mongolia,Mortalidad_Alta,3.2707852965222037,0.0,5.988421121702964,1.9769757495243372,643.168068921658
Mongolia,Mortalidad_Alta,1.052809194571618,0.0,2.9126919851586592,0.0,570.249213248399
Mongolia,Mortalidad_Alta,3.206513935017936,0.0,7.710325608113099,2.0015403109935663,524.453483552485
Mongolia,Mortalidad_Alta,3.03315868548564,0.0,9.17888300598527,1.984076835848879,476.02755082717
Mongolia,Mortalidad_Alta,0.9369469251321774,0.0,8.081701708334952,0.0,652.67456284915
Montenegro,Mortalidad_Baja,3.348345007792224,0.0,1.9499184997986703,3.2777131191957714,9990.20444616996
Montenegro,Mortalidad_Media,0.9933487572413526,0.0,0.0,1.78402002966101,9377.48879714989
Montenegro,Mortalidad_Baja,0.8321885606186499,0.0,0.0,1.6157953891871748,7612.62845881291
Montenegro,Mortalidad_Baja,0.7700832051915647,0.0,0.0,1.4246589779719305,8842.48528706869
Montenegro,Mortalidad_Baja,0.7735555904751752,0.0,0.0,1.3956579773941438,8790.88152116679
Montenegro,Mortalidad_Baja,0.8976829695115449,0.0,0.0,1.5492576810761074,7758.36921956034
Montenegro,Mortalidad_Baja,0.8274631599806048,0.0,0.0,1.4136828552434961,6999.1358134109
Montenegro,Mortalidad_Baja,0.8863378275209606,0.0,0.0,1.5023933414157988,6491.19280618646
Montenegro,Mortalidad_Baja,0.6811991676469078,0.0,0.0,1.1585723512282822,7364.96590101549
Montenegro,Mortalidad_Baja,0.7232028291384369,0.0,0.0,1.2698877484734088,7172.92908521143
Montenegro,Mortalidad_Baja,0.8419958477457057,0.0,0.0,1.2652575258851724,6577.74033229273
Montenegro,Mortalidad_Baja,0.8140404416237874,0.0,0.0,1.3238098732812342,7325.64689244715
Montenegro,Mortalidad_Baja,0.6291372172194527,0.0,0.013642765923013611,1.0752155869692692,6688.40259641346
Montenegro,Mortalidad_Media,0.509598007872549,0.0,0.0,0.8438617358864089,6727.10776676969
Montenegro,Mortalidad_Media,0.46855127404846114,0.0,0.08223745265165755,1.0559429316940525,7367.75190910882
Montenegro,Mortalidad_Media,0.28554461281794885,0.0,0.11990990971727977,0.5838676477462973,5976.39414454596
Montenegro,Mortalidad_Media,0.5036845173139493,0.0,0.05104889951391084,0.997529392461686,4425.67887307803
Montenegro,Mortalidad_Media,0.8525015010092551,0.0,0.0,1.59456841190838,3674.6179242797
Montenegro,Mortalidad_Media,2.9698846406799695,0.0,2.1804003962886873,2.5896850504405293,3380.16512135859
Montenegro,Mortalidad_Media,2.6631582120355035,0.0,2.3425064651434115,2.3292338212926316,2789.15906483509
Montenegro,Mortalidad_Media,2.7331210923942035,0.0,2.4220174162915575,2.4047650440134363,2106.6350684523
Montenegro,Mortalidad_Media,2.917080176031698,0.0,2.284227699916204,2.491673245943313,1909.59870186179
Montenegro,Mortalidad_Media,2.889127988675344,0.0,2.3695315051456083,2.4675477891961384,1627.06511911987
Montenegro,Mortalidad_Media,3.4445056032896395,0.0,2.038499160882359,3.382079930272912,10795.966586356715
Morocco,Mortalidad_Media,2.9147180329808773,0.0,2.1912135501407146,2.454435851094703,3455.39624023438
Morocco,Mortalidad_Media,2.7235133580242805,0.0,2.47569160999806,2.4292224545615806,3785.93627929688
Morocco,Mortalidad_Media,2.8546659388326225,0.0,2.2811268367869273,2.4247922763532586,3268.0302734375
Morocco,Mortalidad_Media,2.8545562760439065,0.0,2.2996184046155066,2.411902930950127,3508.09765625
Morocco,Mortalidad_Media,2.8386316783028986,0.0,2.3855435172749657,2.42459022985917,3501.69799804688
Morocco,Mortalidad_Media,2.8225992692881583,0.0,2.388151534898483,2.386124868443719,3296.52661132813
Morocco,Mortalidad_Media,2.9175967064542414,0.0,2.345247367025036,2.3720759431685052,3140.85546875
Morocco,Mortalidad_Media,2.7959078485692146,0.0,2.642710347871109,2.3352153036016716,3146.24780273438
Morocco,Mortalidad_Media,2.9989570638396112,0.0,2.462893707507644,2.29861621951447,3435.40698242188
Morocco,Mortalidad_Media,0.2958344220321024,0.0,0.8804187510133474,0.2966238287164274,3379.7431640625
Morocco,Mortalidad_Media,2.755372952570156,0.0,3.147665250522086,2.137555027138613,3164.17724609375
Morocco,Mortalidad_Media,2.7604643205782056,0.0,3.4830439173217846,2.092935302052078,3301.98876953125
Morocco,Mortalidad_Media,2.777544555099935,0.0,3.6612955992867158,2.0681090583587487,3067.9853515625
Morocco,Mortalidad_Media,2.8442346201780815,0.0,3.7400359063476327,2.057753630086713,3119.58862304688
Morocco,Mortalidad_Media,2.9159723995366877,0.0,3.7142396350963307,2.041886231632556,3183.20043945313
Morocco,Mortalidad_Media,3.105239743403204,0.0,3.403430811600934,2.0868928031067724,2755.5859375
Morocco,Mortalidad_Media,0.6368364624982781,0.0,1.5815666477638919,0.0,2438.12646484375
Morocco,Mortalidad_Media,3.1719137769710635,0.0,3.913905507546498,2.0236708177789997,2242.98828125
Morocco,Mortalidad_Media,3.1351015487036564,0.0,4.443411430732794,1.9918979523405302,2183.55541992188
Morocco,Mortalidad_Media,3.1211473042315077,0.0,4.683970942972023,1.9621417325244241,1941.87255859375
Morocco,Mortalidad_Media,3.2357707399403597,0.0,4.584234829954223,1.9751558196574548,1596.02062988281
Morocco,Mortalidad_Media,3.31872871186824,0.0,4.743571683933772,1.9784624491160074,1506.24523925781
Morocco,Mortalidad_Alta,1.0458195756335726,0.0,1.8424258163370855,0.0,1499.107421875
Morocco,Mortalidad_Alta,3.793410776349536,0.0,5.459991328138792,1.965081949672387,1466.78820800781
Mozambique,Mortalidad_Alta,3.1493890069583395,0.0,9.208809347338343,2.1393640645767946,578.251663751351
Mozambique,Mortalidad_Alta,3.3460113789226367,0.0,9.847597541752972,2.151040735214484,509.907829475551
Mozambique,Mortalidad_Alta,3.360790039441996,0.0,9.673017749536335,2.164141128985754,462.433876479921
Mozambique,Mortalidad_Alta,1.3378489992715503,0.0,5.1588508455962065,0.0,519.09255091362
Mozambique,Mortalidad_Alta,3.4114388128476034,0.0,9.534192071862051,2.126006764554155,517.507260258101
Mozambique,Mortalidad_Alta,3.506491853114119,0.0,9.578786659257801,2.120444675822323,470.93856305196
Mozambique,Mortalidad_Alta,3.832003334462492,0.0,8.654264628569502,2.1198997294445587,441.489734819071
Mozambique,Mortalidad_Alta,3.994772018709172,0.0,8.540073716421025,2.1299297598225966,610.563774706589
Mozambique,Mortalidad_Alta,1.941548823485898,0.0,5.094358241682833,0.0,697.142680444123
Mozambique,Mortalidad_Alta,4.222458387439195,0.0,8.803122721247872,2.151438436663845,686.505672517351
Mozambique,Mortalidad_Alta,4.253349979153239,0.0,9.294041185202953,2.15706638960638,685.685748199513
Mozambique,Mortalidad_Alta,4.319345925439218,0.0,9.780250344907078,2.1684080647809747,618.17649286789
Mozambique,Mortalidad_Alta,4.412926598719209,0.0,10.283363462886173,2.17133384353219,496.185839392659
Mozambique,Mortalidad_Alta,4.425646738147242,0.0,10.490337924934579,2.1595463688570575,547.697144193651
Mozambique,Mortalidad_Alta,2.57660531865121,0.0,6.263111058205437,0.0,592.159111184122
Mozambique,Mortalidad_Alta,4.795319093501203,0.0,9.885814909548278,2.1404210782687154,507.874923914304
Mozambique,Mortalidad_Alta,4.932904623832717,0.0,10.355177972646965,2.130774437961535,457.487647833183
Mozambique,Mortalidad_Alta,5.182687063047272,0.0,10.156844084861216,2.136586664724308,436.773856167384
Mozambique,Mortalidad_Alta,5.30714224253419,0.0,10.519229307146073,2.1524167283481543,400.056973161545
Mozambique,Mortalidad_Alta,5.480920862557898,0.0,10.79213762622278,2.158025745355552,339.488737800648
Mozambique,Mortalidad_Alta,3.6786784425386267,0.0,6.768586209968998,0.0,313.886661721198
Mozambique,Mortalidad_Alta,5.868633390668182,0.0,10.248558121144885,2.0746049198818803,304.792138621913
Mozambique,Mortalidad_Alta,6.06978755114915,0.0,11.379317858362441,2.185153357208002,327.12623979157
Mozambique,Mortalidad_Alta,6.933784016410205,0.0,15.26176413781007,2.2942210576902746,191.826096861406
Namibia,Mortalidad_Alta,3.958224113377276,0.0,3.3633284436420334,2.1669714605357395,4349.79908493314
Namibia,Mortalidad_Alta,4.318195035835169,0.0,3.604878373235919,2.194894733655861,4412.8355693052
Namibia,Mortalidad_Alta,4.1842872560452795,0.0,3.4216726510429565,2.1775717993592827,3878.58982993966
Namibia,Mortalidad_Alta,4.287943068741777,0.0,3.4237194086407063,2.15962780336434,4731.9210318831
Namibia,Mortalidad_Alta,4.338077918024576,0.0,3.5747881391073077,2.168668126170658,5308.60813408705
Namibia,Mortalidad_Alta,4.449949091003609,0.0,3.6377890902242265,2.1747741902678914,5143.96072323076
Namibia,Mortalidad_Alta,4.522125208760949,0.0,3.6963886984437644,2.162855065478571,4395.68776162376
Namibia,Mortalidad_Alta,2.0347766708349937,0.0,1.5949793013717448,0.0,4774.10650865775
Namibia,Mortalidad_Alta,4.573035889335407,0.0,3.8310068564362094,2.1771493420329113,5378.32326241205
Namibia,Mortalidad_Alta,4.654579574295704,0.0,3.9001526578634866,2.1717263788919747,5346.62131149967
Namibia,Mortalidad_Alta,4.537101237659558,0.0,4.088643868379051,2.1604272521744083,5942.64680978673
Namibia,Mortalidad_Alta,4.5369865440604835,0.0,4.047726997166,2.1682012198906704,5834.7917675794
Namibia,Mortalidad_Alta,4.517913114064127,0.0,4.057530853835602,2.172862935600143,5418.21633365814
Namibia,Mortalidad_Alta,1.9761794208631975,0.0,2.024991835353843,0.0,4302.91374148376
Namibia,Mortalidad_Alta,4.360600925196754,0.0,4.403811495243965,2.0953430079681126,4204.78555422749
Namibia,Mortalidad_Alta,4.3910474801048975,0.0,4.370481695161669,2.1041973954309054,4379.04313682732
Namibia,Mortalidad_Alta,4.510290772945504,0.0,4.35544073523599,2.127972188589871,4017.1834716928
Namibia,Mortalidad_Alta,4.723780309166352,0.0,4.21598929888124,2.1896216023538684,3685.77299991587
Namibia,Mortalidad_Alta,4.8969289798890445,0.0,4.216779292886937,2.138581291874773,3403.15496192955
Namibia,Mortalidad_Alta,2.449218860111429,0.0,2.1378283795232362,0.0,2569.24739317883
Namibia,Mortalidad_Alta,4.791265123221612,0.0,4.510989697602765,2.110595258000435,1772.07565537493
Namibia,Mortalidad_Alta,4.898733493758192,0.0,4.399790310344856,2.1526776418464793,1915.58926594875
Namibia,Mortalidad_Alta,4.882657056927456,0.0,4.414626900557771,2.145863932201877,2156.67590512714
Namibia,Mortalidad_Alta,4.7918934491251965,0.0,4.247272175071971,2.15854025592807,2483.20353415161
Nepal,Mortalidad_Media,0.47464294050905514,0.0,1.9825894399998698,0.0,1385.91066274851
Nepal,Mortalidad_Media,2.8229536367422163,0.0,5.324929348497673,2.108536878141197,1252.75076731986
Nepal,Mortalidad_Media,2.900140648564907,0.0,5.113676259823113,2.1322555328884785,1154.21517578318
Nepal,Mortalidad_Media,2.8662616357654644,0.0,5.33036541598797,2.150749211950377,1203.14294706401
Nepal,Mortalidad_Media,2.88413468984082,0.0,5.642399243619646,2.1628316862696115,1179.19843190389
Nepal,Mortalidad_Media,2.908783760830382,0.0,5.99076328445767,2.1660760706709845,1034.28374906846
Nepal,Mortalidad_Media,2.89687172788761,0.0,6.4951961730437615,2.1698648944815826,877.256454696737
Nepal,Mortalidad_Media,2.9321780654471037,0.0,6.968600686780192,2.1679740323517764,875.543635474862
Nepal,Mortalidad_Media,2.905213730223811,0.0,7.482474387301595,2.216394948619891,821.455224911731
Nepal,Mortalidad_Media,2.890292880906811,0.0,7.931448883642672,2.218943165952024,803.269595420477
Nepal,Mortalidad_Media,2.8729720202731954,0.0,8.462430422857484,2.2289773664876478,788.202937148377
Nepal,Mortalidad_Media,2.903908407760867,0.0,8.722850978310632,2.227704455888865,785.518656222132
Nepal,Mortalidad_Alta,0.7701800271936454,0.0,5.488673509967637,0.0,585.278491984574
Nepal,Mortalidad_Alta,3.026853472078452,0.0,8.936043778377124,2.226835909621906,473.078751198621
Nepal,Mortalidad_Alta,3.128013767906196,0.0,8.730854292125228,2.2237029453508135,464.817391891529
Nepal,Mortalidad_Alta,3.1488071296983073,0.0,9.090000148237802,2.2283703746001065,385.449767660642
Nepal,Mortalidad_Alta,3.135250224290518,0.0,9.535070793921653,2.2198292147606336,340.431796437968
Nepal,Mortalidad_Alta,3.163934943972816,0.0,10.53309610562247,2.2996026470080593,309.024168339372
Nepal,Mortalidad_Alta,3.203561772632286,0.0,10.958404094013241,2.3026865943639696,279.587750044428
Nepal,Mortalidad_Alta,1.2819200280764804,0.0,7.171465064608481,0.0,246.429706587633
Nepal,Mortalidad_Alta,3.30846858190654,0.0,11.843109883914684,2.305278694410547,238.89140296106
Nepal,Mortalidad_Alta,3.4560900978742977,0.0,11.697962490381888,2.303714846115228,240.795114544664
Nepal,Mortalidad_Alta,3.0826710064986824,0.0,13.724997927126507,2.2839553904566174,223.830289183078
Nepal,Mortalidad_Alta,1.575598914116999,0.0,10.87285403464951,0.0,197.843001330326
Netherlands,Mortalidad_Baja,4.555410406558973,0.0,1.857634490769017,6.454655746302206,59123.318556487
Netherlands,Mortalidad_Baja,2.6054447216967147,0.0,0.043229583022544205,5.454887316959282,60141.9880911492
Netherlands,Mortalidad_Baja,2.603385248421167,0.0,0.026415797727177504,5.391474326312287,53467.9277413737
Netherlands,Mortalidad_Baja,2.6310981880352333,0.0,0.032931261858576866,5.474611838714889,53554.9007491475
Netherlands,Mortalidad_Baja,2.550569026439078,0.0,0.006921065004263538,5.192046792078614,53955.0770024266
Netherlands,Mortalidad_Baja,2.559819569276792,0.0,0.03472657037631016,5.283618788850067,49513.6817346384
Netherlands,Mortalidad_Baja,2.5365459001903847,0.0,0.0546693751192025,5.218275291745939,46808.5291492503
Netherlands,Mortalidad_Baja,2.5151483300916553,0.0,0.028632373202148564,5.108425094801482,45793.8135434697
Netherlands,Mortalidad_Baja,2.613634893014938,0.0,0.050465911346959436,5.445114920096322,53457.2234864322
Netherlands,Mortalidad_Baja,2.6001840725708454,0.0,0.1006519574675725,5.587111071077653,52602.2860520766
Netherlands,Mortalidad_Baja,2.586564320277789,0.0,0.12797543510675008,5.605958940233657,50473.9442002689
Netherlands,Mortalidad_Baja,2.604430969032845,0.0,0.13255762604508053,5.670671241945717,54701.7728030611
Netherlands,Mortalidad_Baja,2.6118957812261763,0.0,0.185386385030533,5.806395902651309,51305.7338533973
Netherlands,Mortalidad_Baja,2.594121550152626,0.0,0.15512372295037619,5.699015229313187,53172.0261581418
Netherlands,Mortalidad_Baja,2.4504954105314116,0.0,0.1906574050333756,5.557967144861414,58246.7026905874
Netherlands,Mortalidad_Baja,2.4313613888784,0.0,0.19540529644697735,5.514586128649891,52100.7996285947
Netherlands,Mortalidad_Baja,2.4194297189802163,0.0,0.20419063840907184,5.52678744086419,45123.5432406426
Netherlands,Mortalidad_Baja,2.4802096048434907,0.0,0.21262842924858674,5.635968719035704,42165.396168388
Netherlands,Mortalidad_Baja,2.5235283478527113,0.0,0.22413835755647227,5.716802238177061,40611.3414353091
Netherlands,Mortalidad_Baja,4.506057606678475,0.0,2.0989221216276874,6.801006012220352,35896.7504630706
Netherlands,Mortalidad_Baja,4.481190266440518,0.0,2.0829422463353438,6.739118742424304,29446.5330872868
Netherlands,Mortalidad_Baja,4.436432127581718,0.0,2.0937085745112247,6.734818485703158,26955.7128032278
Netherlands,Mortalidad_Baja,4.461744433224704,0.0,2.0720227588083135,6.684350563908175,26225.1697734149
Netherlands,Mortalidad_Baja,4.335482460654193,0.0,2.121336953368667,6.523952595792713,29301.1940492376
New Zealand,Mortalidad_Baja,4.512200247901961,0.0,1.8628283306094917,6.5631889665666465,48760.0381935936
New Zealand,Mortalidad_Baja,4.483488954369758,0.0,1.886629985373577,6.53697404586861,49689.498134519
New Zealand,Mortalidad_Baja,4.422285508281181,0.0,1.9029250928019446,6.457777393890578,41850.92032802
New Zealand,Mortalidad_Baja,4.443243509023122,0.0,1.9437582363769943,6.7042496612031455,42779.2298164101
New Zealand,Mortalidad_Baja,4.428830277758611,0.0,1.9459511989495946,6.635875189073198,43257.0769238879
New Zealand,Mortalidad_Baja,4.346720338621669,0.0,1.9865168080989815,6.447690954871486,42950.3841711138
New Zealand,Mortalidad_Baja,4.393765481376543,0.0,1.9862443061300858,6.5313967747809905,40113.7195382428
New Zealand,Mortalidad_Baja,4.431889395496372,0.0,2.0123033467357256,6.646968368070873,38665.3723018158
New Zealand,Mortalidad_Baja,4.444433854596548,0.0,2.008728953583616,6.752702145676433,44618.266973847
New Zealand,Mortalidad_Baja,4.370886246644912,0.0,1.9818103031003145,6.627077178833331,43000.4646849189
New Zealand,Mortalidad_Baja,4.389891983421747,0.0,1.9966167708116083,6.600100592519747,40053.6991536369
New Zealand,Mortalidad_Baja,4.341599277201548,0.0,1.970926122049153,6.485459387091051,38431.7766788499
New Zealand,Mortalidad_Baja,4.327126716057162,0.0,1.9796286071227893,6.446054638881725,33761.9009639947
New Zealand,Mortalidad_Baja,4.389832353894891,0.0,1.9538274606258783,6.464277495616663,28276.7255416225
New Zealand,Mortalidad_Baja,4.361716247792796,0.0,1.9740111862522771,6.5366751819425195,31324.7397977102
New Zealand,Mortalidad_Baja,4.311490059197582,0.0,1.9739629058420176,6.474770909675247,32479.9817381467
New Zealand,Mortalidad_Baja,4.363791068315053,0.0,1.9694595236023509,6.507274216707222,26654.5932018985
New Zealand,Mortalidad_Baja,4.3590882738904755,0.0,1.985924445243016,6.4993288107172,27751.0654708859
New Zealand,Mortalidad_Baja,4.3414865707452055,0.0,2.0040791789136896,6.53001325037958,25420.234882944
New Zealand,Mortalidad_Baja,4.321067199558567,0.0,2.0021930771584655,6.437800210959746,21913.7081719961
New Zealand,Mortalidad_Baja,4.297874957931898,0.0,2.032003278411618,6.486115786374666,16874.1874918196
New Zealand,Mortalidad_Baja,4.218566118565351,0.0,2.0986275707786874,6.470997728599487,13882.8568268586
New Zealand,Mortalidad_Baja,4.2079143656572935,0.0,2.1121913213637318,6.4833539884783296,13641.1027183822
New Zealand,Mortalidad_Baja,3.7851113143570227,0.0,2.233750413766158,5.070044622070243,17400.4201848172
Nicaragua,Mortalidad_Media,2.082027461785112,0.0,3.911689075692585,1.9746030334486004,2322.89053964583
Nicaragua,Mortalidad_Media,2.290853229870977,0.0,3.7665247247873888,2.068463072377813,2138.38588469449
Nicaragua,Mortalidad_Media,2.383637096983644,0.0,3.547077959443152,2.0947348309563707,1938.44704754382
Nicaragua,Mortalidad_Media,2.3865054176292357,0.0,3.239254878992694,2.0752336866985623,1958.62051528095
Nicaragua,Mortalidad_Media,2.4524429850205065,0.0,3.1427298641046773,2.13885392146632,2035.16549390507
Nicaragua,Mortalidad_Media,2.451613470300464,0.0,3.1629060437713,2.1759133291704877,2182.61380995674
Nicaragua,Mortalidad_Media,2.413638421535601,0.0,3.251131497199444,2.1655165351027303,2131.68704828322
Nicaragua,Mortalidad_Media,2.3331715905346115,0.0,3.620997540379645,2.107982905589102,2074.45620634731
Nicaragua,Mortalidad_Media,0.006925078824579614,0.0,1.2293184880095485,0.13103303997725038,1958.37047579547
Nicaragua,Mortalidad_Media,2.3267943420667327,0.0,3.815842850150611,2.0797044181372693,1835.43996363715
Nicaragua,Mortalidad_Media,2.3135267007706832,0.0,4.155908148643655,2.0878927113581014,1784.69836017555
Nicaragua,Mortalidad_Media,2.348274666269973,0.0,4.4686580940466545,2.1041159819396906,1679.71192084633
Nicaragua,Mortalidad_Media,2.576481792632456,0.0,3.7220299204475418,2.107191827441573,1526.56706951408
Nicaragua,Mortalidad_Media,0.4156065078188426,0.0,0.8134624697107689,0.2468595127047267,1467.08288052845
Nicaragua,Mortalidad_Media,2.7140765134471296,0.0,3.5466578749679862,2.116952439498416,1523.68437086409
Nicaragua,Mortalidad_Media,2.766502135141308,0.0,3.598651908376718,2.1150886690694053,1350.38145753377
Nicaragua,Mortalidad_Media,2.841737185716328,0.0,3.5023118381894256,2.1284039652282765,1248.17371577788
Nicaragua,Mortalidad_Media,0.39241903056717126,0.0,1.4647597393280987,0.02070119625344874,1183.30214010175
Nicaragua,Mortalidad_Media,2.8699817342536003,0.0,4.1186229131594425,2.1019752159751866,1098.62118662335
Nicaragua,Mortalidad_Media,3.0369101388984214,0.0,3.9888157017698527,2.1175257266259284,1021.35216668794
Nicaragua,Mortalidad_Media,3.015850003946504,0.0,4.401733710188698,2.0798887886826947,1014.3339042591
Nicaragua,Mortalidad_Media,0.757532751766659,0.0,1.9331101888769182,0.0,1051.874235891
Nicaragua,Mortalidad_Alta,3.1530433032856404,0.0,5.059081867936451,2.0972141354855642,1017.3124434882
Nicaragua,Mortalidad_Alta,3.4805777864526832,0.0,6.62993062130361,2.2078266172002965,891.779352309996
Niger,Mortalidad_Alta,3.2311658764148987,0.0,14.683693580645501,2.214886440901102,609.745147661683
Niger,Mortalidad_Alta,1.5123708264815416,0.0,9.216974897318817,0.0,608.722439593808
Niger,Mortalidad_Alta,3.4376947473727673,0.0,13.896002020835372,2.1980926770840705,579.512495758236
Niger,Mortalidad_Alta,3.481845672256981,0.0,13.508461001876272,2.1880500058523364,561.691304349698
Niger,Mortalidad_Alta,1.4707673608359069,0.0,9.529442067557515,0.0,578.568035680892
Niger,Mortalidad_Alta,3.5983628340338636,0.0,13.11172716816861,2.180446700800319,521.804130023434
Niger,Mortalidad_Alta,3.651734936669005,0.0,12.948072725501753,2.177522424429689,502.706475406446
Niger,Mortalidad_Alta,3.7673189146489134,0.0,12.306438836235042,2.163198467841765,485.662574175279
Niger,Mortalidad_Alta,1.6887864270565054,0.0,8.669248631095996,0.0,565.30989731175
Niger,Mortalidad_Alta,3.7290831494809438,0.0,12.727067043628185,2.1896704040432886,552.103334363117
Niger,Mortalidad_Alta,3.6766330227467456,0.0,13.21106525320251,2.1918170691868806,528.510104469655
Niger,Mortalidad_Alta,1.7490164491699818,0.0,8.85760028751777,0.0,510.75956176268
Niger,Mortalidad_Alta,3.724531559493499,0.0,13.803800815107897,2.1954525512052414,474.425692340831
Niger,Mortalidad_Alta,3.9127787024606286,0.0,13.506697671851855,2.204339436899432,461.131533961487
Niger,Mortalidad_Alta,3.8087193040511647,0.0,14.941029384098046,2.232933272413349,475.044955398162
Niger,Mortalidad_Alta,2.0665881155981234,0.0,10.22297870434735,0.0,387.168065883301
Niger,Mortalidad_Alta,4.19231207764427,0.0,15.263382744677,2.2554477491281903,333.345078419447
Niger,Mortalidad_Alta,2.408509130667338,0.0,11.403682140577347,0.0,318.643121918273
Niger,Mortalidad_Alta,4.678242194561668,0.0,15.37641712711894,2.295712272230702,283.468281798296
Niger,Mortalidad_Alta,4.656046865566341,0.0,16.853490587393313,2.3113770833306737,265.225363452469
Niger,Mortalidad_Alta,4.844245522046493,0.0,17.196033308306685,2.313309510289916,225.294391147438
Niger,Mortalidad_Alta,5.094175609040967,0.0,17.082208091921387,2.310487400905167,205.417936120931
Niger,Mortalidad_Alta,5.465325874975572,0.0,16.17082705179723,2.298848068583328,194.771959898935
Niger,Mortalidad_Alta,6.534717937331092,0.0,15.362105770437527,2.204244722520794,237.01998956862
Nigeria,Mortalidad_Alta,4.437184015035296,0.0,9.758848427163102,2.148052160335018,2139.37478476974
Nigeria,Mortalidad_Alta,4.517010725444243,0.0,9.829829918347773,2.1403644059906455,2017.27486481527
Nigeria,Mortalidad_Alta,4.676399932877888,0.0,9.838964708802516,2.162074373641429,2019.65706326224
Nigeria,Mortalidad_Alta,4.920133897458943,0.0,9.041392566301347,2.1699861319092197,2265.15520863056
Nigeria,Mortalidad_Alta,2.918672411794193,0.0,5.219390558953372,0.0,2057.87944554011
Nigeria,Mortalidad_Alta,5.340101484840848,0.0,8.403236010903061,2.226581298859208,1876.34027111773
Nigeria,Mortalidad_Alta,5.490785856466513,0.0,7.809384147706898,2.177085409576968,2070.4127339595
Nigeria,Mortalidad_Alta,3.164563508051321,0.0,4.700324960589953,0.0,2585.73360671797
Nigeria,Mortalidad_Alta,5.341102195247269,0.0,8.380250739652578,2.1650628604091726,3088.72131316169
Nigeria,Mortalidad_Alta,5.264172005953714,0.0,8.78241857160416,2.1561758929002073,2872.79083379398
Nigeria,Mortalidad_Alta,3.0182087017278203,0.0,5.554666422410129,0.0,2633.19734671361
Nigeria,Mortalidad_Alta,5.154673234851267,0.0,9.569996605103537,2.145455463572946,2418.41316975875
Nigeria,Mortalidad_Alta,3.0988049263074053,0.0,5.925258629512008,0.0,2202.25672957344
Nigeria,Mortalidad_Alta,5.211237342874336,0.0,10.637787368063126,2.2039615130833603,1820.48633854782
Nigeria,Mortalidad_Alta,5.228929157783547,0.0,10.639370725728895,2.18406425961193,2154.10543545364
Nigeria,Mortalidad_Alta,5.370103426890081,0.0,10.557415502585723,2.197967185057418,1815.52697545827
Nigeria,Mortalidad_Alta,5.4066375579602495,0.0,10.9420173403555,2.2048051449874357,1599.53891556365
Nigeria,Mortalidad_Alta,5.302802197373834,0.0,11.875635126413048,2.20533648369588,1211.37703504386
Nigeria,Mortalidad_Alta,5.303412825575519,0.0,12.437119758885355,2.2001134229379207,962.48104194733
Nigeria,Mortalidad_Alta,3.0425684785584846,0.0,10.553787785774164,0.0,763.388745367223
Nigeria,Mortalidad_Alta,5.097347103045538,0.0,15.622936934004072,2.26325203213505,712.164852077686
Nigeria,Mortalidad_Alta,5.811291335681427,0.0,12.02273899398432,2.194394617990465,566.428231812933
Nigeria,Mortalidad_Alta,5.865915612393602,0.0,11.704598274123708,2.1523239031125785,547.318298903379
Nigeria,Mortalidad_Alta,5.653867170420018,0.0,13.50699762978581,2.014462488369304,1271.61617353199
North Macedonia,Mortalidad_Media,2.9705786388494917,0.0,2.0882217826648604,2.7972024083088494,7606.2375253797
North Macedonia,Mortalidad_Media,3.032849012241487,0.0,2.0739509973497436,2.8590269478684336,7620.80296977508
North Macedonia,Mortalidad_Media,3.00751708024889,0.0,2.0940251395502174,2.8246956123212765,6659.59651070776
North Macedonia,Mortalidad_Baja,0.6069313641928642,0.0,0.0,1.3269759482410564,6718.85826635458
North Macedonia,Mortalidad_Baja,0.6043866492138705,0.0,0.0,1.3418859130544747,6713.98925398989
North Macedonia,Mortalidad_Baja,0.6993020268652532,0.0,0.0,1.5315521887839525,5955.2973863451
North Macedonia,Mortalidad_Baja,0.48788041400141274,0.0,0.0,1.1028312434278338,5598.48622617967
North Macedonia,Mortalidad_Baja,0.4666584633818021,0.0,0.0,1.0262279445698725,5262.68671928674
North Macedonia,Mortalidad_Baja,0.39357245320319556,0.0,0.03621236157947055,0.8792965176830447,5925.38592218015
North Macedonia,Mortalidad_Baja,0.43905827733575303,0.0,0.010876140552732672,0.8810647923807055,5626.26115664893
North Macedonia,Mortalidad_Media,0.5667086735979503,0.0,0.0,1.0368813012890221,5049.8265386157
North Macedonia,Mortalidad_Media,0.4493878715833341,0.0,0.01899971247520904,0.912321913025183,5416.86672931659
North Macedonia,Mortalidad_Media,0.397704054665364,0.0,0.048465111708475284,0.7782854202762388,4833.36586759968
North Macedonia,Mortalidad_Media,0.4371740135008579,0.0,0.05252204884573608,0.6694968159791232,4799.78722768888
North Macedonia,Mortalidad_Media,0.23826667614459263,0.0,0.19572366302069585,0.4923146646922115,5026.4202989873
North Macedonia,Mortalidad_Media,2.9223814348457937,0.0,2.2995468515791537,2.6119771802346268,4204.11328760452
North Macedonia,Mortalidad_Media,0.33103777561170467,0.0,0.1445619638774428,0.5197841361827931,3440.4411057968
North Macedonia,Mortalidad_Media,0.2756520610741462,0.0,0.2140288964970476,0.43528324454593703,3120.98401394233
North Macedonia,Mortalidad_Media,0.28348255198108097,0.0,0.18135625281335863,0.5788092699154757,2818.5814561242
North Macedonia,Mortalidad_Media,0.2156379540314603,0.0,0.22349452335678663,0.58402040602463,2445.36286400013
North Macedonia,Mortalidad_Media,0.255514048577169,0.0,0.18665516976875418,0.6016797978900071,1989.13537265159
North Macedonia,Mortalidad_Media,2.8276554348125713,0.0,2.3238580784928726,2.515453081437175,1823.02267682636
North Macedonia,Mortalidad_Media,0.22204840419456545,0.0,0.2555042311365877,0.5148101597497396,1861.89899780644
North Macedonia,Mortalidad_Media,2.5623435124076286,0.0,3.1441528533136665,2.173042308105466,2355.24705371138
Norway,Mortalidad_Baja,1.36536502580666,0.0,0.40989103997594184,5.606303050502607,109269.520580298
Norway,Mortalidad_Baja,1.8812632099232671,0.0,0.4016864148455669,6.140270847234707,93072.8925119571
Norway,Mortalidad_Baja,2.3082205819134036,0.0,0.26434648539047023,6.178399965633671,68340.0181033702
Norway,Mortalidad_Baja,2.141950356205122,0.0,0.2977500824445838,6.034828840131294,76430.5889473338
Norway,Mortalidad_Baja,2.0506977034060383,0.0,0.3723993080310808,6.197477602401221,82792.8427113304
Norway,Mortalidad_Baja,2.049865224836945,0.0,0.36470087225453485,6.053324952847642,76131.8384032764
Norway,Mortalidad_Baja,2.0555549066439993,0.0,0.3100565051679638,5.7982551169696706,70867.3609970749
Norway,Mortalidad_Baja,1.9493264419100396,0.0,0.2873677777626556,5.593080060643939,74809.9658049898
Norway,Mortalidad_Baja,1.9163537812250901,0.0,0.39769146591980764,5.954868242815091,97666.6951838749
Norway,Mortalidad_Baja,1.9343235177494835,0.0,0.49130505852194395,6.287419611327284,103553.840134417
Norway,Mortalidad_Baja,1.8074180118769687,0.0,0.4850610077897939,5.990141717507785,102175.919298374
Norway,Mortalidad_Baja,1.726538605936287,0.0,0.4413399774618208,5.767087465678882,101221.813476644
Norway,Mortalidad_Baja,1.758464282168438,0.0,0.5641974999764403,5.947474391795646,88163.2085931423
Norway,Mortalidad_Baja,1.9424372447252638,0.0,0.5220905999361802,6.203763807399373,80347.5700665184
Norway,Mortalidad_Baja,1.735043530033109,0.0,0.6078261997803498,6.287178978422518,97503.5407803783
Norway,Mortalidad_Baja,1.7783151967043862,0.0,0.5116822549286066,6.037997408894589,85502.2677087731
Norway,Mortalidad_Baja,1.6964657995858172,0.0,0.5898230874252713,6.208163371656658,74434.4996835671
Norway,Mortalidad_Baja,1.7610535862861352,0.0,0.5804905805631793,6.177000455240551,67047.1704558264
Norway,Mortalidad_Baja,1.8301943134180683,0.0,0.5528798934474668,6.036977108831156,57768.6980958462
Norway,Mortalidad_Baja,1.897581386358101,0.0,0.5067216387649834,5.934745376303933,50250.3298214345
Norway,Mortalidad_Baja,3.9642553707687425,0.0,2.418577288814565,7.1809942898196875,43170.557174499
Norway,Mortalidad_Baja,3.91055130306552,0.0,2.500576292236282,7.3253449772339,38601.897639231
Norway,Mortalidad_Baja,1.7068209563152408,0.0,0.5181769021504006,5.865917809236151,38178.2368777076
Norway,Mortalidad_Baja,1.692048573724856,0.0,0.41820629253965924,5.077873368742616,34875.7043347536
Oman,Mortalidad_Baja,3.1944467325344292,0.0,2.772419096269086,5.780884307246929,23223.5829405935
Oman,Mortalidad_Baja,3.6031130059039476,0.0,2.616398921067245,6.245206518640672,19403.4600160211
Oman,Mortalidad_Baja,3.8153258023497876,0.0,2.509365799919982,6.161565988395428,16784.8630630058
Oman,Mortalidad_Baja,3.4707205710143523,0.0,2.5934879580299826,5.4998504746551,19180.1864152801
Oman,Mortalidad_Baja,3.3604730391208113,0.0,2.7115071808916893,5.640330594895502,19901.7615642016
Oman,Mortalidad_Baja,3.519370857005923,0.0,2.705504431801371,5.623889926391146,17820.0661809335
Oman,Mortalidad_Baja,3.5193601745503513,0.0,2.68862983132918,5.406788289424957,17110.1897460545
Oman,Mortalidad_Baja,3.460050924892529,0.0,2.782016157479721,5.737806468486091,18808.3077921839
Oman,Mortalidad_Baja,3.152354738110436,0.0,2.943129048726138,5.814916412946807,23160.6502252547
Oman,Mortalidad_Baja,3.0753064592803434,0.0,2.9950810225850866,5.920181467028207,23458.0233840053
Oman,Mortalidad_Baja,3.0763601440169857,0.0,3.036638056422579,6.300050427157169,24642.2978768596
Oman,Mortalidad_Baja,3.130562623386166,0.0,3.0568464920871223,6.598809236842097,25188.0074151885
Oman,Mortalidad_Baja,3.2056706884336053,0.0,2.9554828296970874,6.349108258311243,23570.1798147325
Oman,Mortalidad_Baja,3.1472035111468952,0.0,2.8923193038931734,5.571914759330211,20655.9180249218
Oman,Mortalidad_Baja,2.951084848532918,0.0,2.9581156449678434,5.829464084055588,26576.779241509
Oman,Mortalidad_Baja,3.3994024678218455,0.0,2.91165494830696,6.697483950914258,18792.653772482
Oman,Mortalidad_Baja,3.2108550985459745,0.0,2.84093761654061,6.185422780387836,16930.8565071853
Oman,Mortalidad_Media,3.03471169127973,0.0,2.5604717528256757,5.05998553332695,14434.8577924647
Oman,Mortalidad_Media,3.3105535004626105,0.0,2.386079423363163,5.120652763746146,11800.8507411171
Oman,Mortalidad_Media,3.3308798670177597,0.0,2.3581497281365817,5.038743479721859,10463.5425832141
Oman,Mortalidad_Media,3.3094227396139058,0.0,2.351477434808848,4.962910738206898,9869.13050219438
Oman,Mortalidad_Media,3.271005130637292,0.0,2.342990828892695,4.85039636774892,9611.96360191054
Oman,Mortalidad_Media,3.169510875710014,0.0,2.380120459306574,4.812330301253536,9753.84755185404
Oman,Mortalidad_Media,3.624205501875651,0.0,2.228675789362682,4.387244823853048,7414.30279204109
Pakistan,Mortalidad_Media,3.581260669521167,0.0,6.871370763642802,2.16145987345404,1538.3228133171
Pakistan,Mortalidad_Alta,3.711439693901683,0.0,7.112218410093247,2.1479957465704747,1455.31922370186
Pakistan,Mortalidad_Alta,3.853708686558297,0.0,6.850670220462567,2.159515129283172,1278.39735206896
Pakistan,Mortalidad_Alta,3.840163743844032,0.0,6.616768334511436,2.1434972663499967,1390.41690981745
Pakistan,Mortalidad_Alta,1.531697188705694,0.0,3.77731005474977,0.0,1569.33814626355
Pakistan,Mortalidad_Alta,3.915417966898234,0.0,7.159255498040894,2.1525200376663487,1519.23459514248
Pakistan,Mortalidad_Alta,3.9569140922733927,0.0,7.437742189127116,2.1633086941877657,1424.69161195897
Pakistan,Mortalidad_Alta,1.7414461137924675,0.0,4.340941841091573,0.0,1380.47020838317
Pakistan,Mortalidad_Alta,4.033941216911163,0.0,8.16200119443583,2.2020613652553913,1266.61340849959
Pakistan,Mortalidad_Alta,1.883056533582839,0.0,4.704646527502972,0.0,1225.4340119198
Pakistan,Mortalidad_Alta,4.164184746431472,0.0,8.368922012978336,2.201848648758113,1204.36475491585
Pakistan,Mortalidad_Alta,2.0277648354328064,0.0,4.921353080590835,0.0,1131.73513834324
Pakistan,Mortalidad_Alta,2.114958703219461,0.0,4.739755697761527,0.0,987.304571124485
Pakistan,Mortalidad_Alta,4.4488178465469135,0.0,8.08555214694046,2.1946007151695026,963.788066395225
Pakistan,Mortalidad_Alta,4.6628363652619536,0.0,7.55411914403164,2.206419144079477,1067.04324565284
Pakistan,Mortalidad_Alta,2.397708842323448,0.0,4.331247585133857,0.0,998.090114197524
Pakistan,Mortalidad_Alta,4.672656052085527,0.0,7.983913841024728,2.2026258425093808,900.873564984808
Pakistan,Mortalidad_Alta,2.5074046384396955,0.0,4.881986060675082,0.0,827.619861189926
Pakistan,Mortalidad_Alta,2.4850741788446835,0.0,4.960831174631922,0.0,771.902247348954
Pakistan,Mortalidad_Alta,4.816885858608038,0.0,8.565300580573265,2.2098588078103076,672.44178669894
Pakistan,Mortalidad_Alta,4.861417769054173,0.0,8.82503672256705,2.217988915827215,599.937345723927
Pakistan,Mortalidad_Alta,2.6961186492207396,0.0,5.7007815885992335,0.0,609.939506905073
Pakistan,Mortalidad_Alta,4.804730152491796,0.0,9.949332961714388,2.20054126036797,642.338346499898
Pakistan,Mortalidad_Alta,5.031485749991138,0.0,11.372968962819181,2.2365430018825414,450.550279346206
Panama,Mortalidad_Baja,3.5714544788132065,0.0,1.9806903996633474,3.060039193802889,17332.4360742988
Panama,Mortalidad_Baja,1.2964001119636663,0.0,0.0,1.455395922881194,15509.8069109784
Panama,Mortalidad_Baja,3.764350649387499,0.0,2.023281299137647,3.1140823271682785,13290.5608347594
Panama,Mortalidad_Baja,1.110847559539506,0.0,0.0,1.3354661124619474,16477.9066285687
Panama,Mortalidad_Baja,1.1764811593049822,0.0,0.0,1.4483523820606443,16151.3273478476
Panama,Mortalidad_Baja,1.1920345679254054,0.0,0.0,1.4866629076584692,15694.6297454295
Panama,Mortalidad_Baja,1.1300048728670877,0.0,0.0,1.332393725061689,14832.3611608191
Panama,Mortalidad_Baja,1.1293181177104055,0.0,0.0,1.2489730614282715,14082.6548502728
Panama,Mortalidad_Baja,1.1429889807023927,0.0,0.0,1.2124638699741601,13213.1989637473
Panama,Mortalidad_Baja,1.1932315509309963,0.0,0.0,1.1758518196220378,12273.3225037637
Panama,Mortalidad_Baja,1.4178967327045668,0.0,0.0,1.3366659060118327,11064.8063606203
Panama,Mortalidad_Baja,1.438684625711182,0.0,0.0,1.2603569657495044,9662.29592216607
Panama,Mortalidad_Baja,1.4382539850604694,0.0,0.0,1.2035167072467021,8331.46421351868
Panama,Mortalidad_Baja,1.4116890928812098,0.0,0.0,1.1187798170463865,7796.92617035048
Panama,Mortalidad_Baja,1.316330987710549,0.0,0.0,0.9966849895120264,7347.59050324397
Panama,Mortalidad_Baja,1.474030979760763,0.0,0.0,1.145365180302956,6317.81730274124
Panama,Mortalidad_Baja,1.4954622048826212,0.0,0.0,1.1666568488216469,5528.76705469354
Panama,Mortalidad_Media,1.3870208502162729,0.0,0.0,1.0064420930969473,5017.7410922824
Panama,Mortalidad_Media,1.2923526522850164,0.0,0.0,0.8225150308631158,4644.56582353041
Panama,Mortalidad_Media,1.3662188966733855,0.0,0.0,0.9807117779197502,4264.66428846636
Panama,Mortalidad_Media,1.6475552454783562,0.0,0.0,1.4033519490979631,4090.58617397129
Panama,Mortalidad_Media,1.6137217419363952,0.0,0.0,1.389053587810066,3991.7767076924
Panama,Mortalidad_Media,1.5389703548805114,0.0,0.0,1.3144877778381354,3975.09308659503
Panama,Mortalidad_Media,1.2921616260265185,0.0,0.0,1.0427306796833635,3513.89737854631
Papua New Guinea,Mortalidad_Alta,2.8695812455019754,0.0,6.287700097658107,2.0384332182098435,3102.28968594061
Papua New Guinea,Mortalidad_Alta,3.059376330923137,0.0,6.19157765518745,1.985669233183907,2607.57861874444
Papua New Guinea,Mortalidad_Alta,3.0870329780943258,0.0,6.25150542902777,2.0800567900767897,2429.61134585269
Papua New Guinea,Mortalidad_Alta,3.021654709716639,0.0,5.973030845059978,1.9846883329793177,2575.77274140393
Papua New Guinea,Mortalidad_Alta,3.0669925428644498,0.0,6.134639412921754,2.0157512981923857,2566.36833735041
Papua New Guinea,Mortalidad_Alta,3.0860893999009407,0.0,6.381456419740576,2.0245714464865467,2477.76530986323
Papua New Guinea,Mortalidad_Alta,3.230693268518266,0.0,6.412216351720347,2.0948689597861176,2316.39479758492
Papua New Guinea,Mortalidad_Alta,3.2818099496257136,0.0,6.363332541087176,2.0770533469939556,2484.5963398603
Papua New Guinea,Mortalidad_Alta,3.4014091213390434,0.0,6.3059427427802675,2.0662919122525447,2723.17529825196
Papua New Guinea,Mortalidad_Alta,3.649454319768381,0.0,6.128890873776723,2.1285482183658484,2560.77458976327
Papua New Guinea,Mortalidad_Alta,3.665782543476833,0.0,6.290662325886491,2.11597169669611,2635.0873631547
Papua New Guinea,Mortalidad_Alta,3.593934587521972,0.0,6.7577569841764,2.140360197571477,2288.37591141234
Papua New Guinea,Mortalidad_Alta,3.5138735806044967,0.0,7.299653953713991,2.1406602150908967,1866.86889851208
Papua New Guinea,Mortalidad_Alta,1.329688076340753,0.0,4.1967986617935775,0.0,1568.83193368607
Papua New Guinea,Mortalidad_Alta,3.488848569578087,0.0,7.605435223636081,2.0751052637627345,1624.79319935188
Papua New Guinea,Mortalidad_Alta,3.5651100464723564,0.0,7.660168914613116,2.111186337181518,1370.753415829
Papua New Guinea,Mortalidad_Alta,3.5453561064492236,0.0,7.904858055475265,2.0576440335366977,1238.18282926706
Papua New Guinea,Mortalidad_Alta,3.2953554662032634,0.0,10.127267337992112,2.1408076244807304,744.486489977433
Papua New Guinea,Mortalidad_Alta,3.4204987038939745,0.0,11.233361216143594,2.248722567467571,620.596147680561
Papua New Guinea,Mortalidad_Alta,2.923099747603979,0.0,12.959282771678817,2.1990127410806317,577.467922387259
Papua New Guinea,Mortalidad_Alta,3.087232957995586,0.0,12.59267872250365,2.2102369347637656,506.331789534482
Papua New Guinea,Mortalidad_Alta,3.664576138943264,0.0,10.02935069081653,2.1428585377667373,537.847459634131
Papua New Guinea,Mortalidad_Alta,3.4726667299859217,0.0,10.53861823376135,2.0964466830322706,635.957919047725
Papua New Guinea,Mortalidad_Alta,3.4879545906860234,0.0,11.671808394961545,2.1819448555281733,998.229967376131
Paraguay,Mortalidad_Media,0.09275234717339004,0.0,0.4782465130949808,0.46159426230387596,6205.6259537937
Paraguay,Mortalidad_Media,0.3019454238978461,0.0,0.795952407742746,0.18993957894350688,5976.9317978996
Paraguay,Mortalidad_Media,0.10727700266445522,0.0,0.44117760766054503,0.4895711127457375,5365.47220721191
Paraguay,Mortalidad_Media,0.10108842237862414,0.0,0.37711851693436005,0.494862521163126,5821.18199548637
Paraguay,Mortalidad_Media,0.10516863032631649,0.0,0.38315660038477406,0.5332328834880236,6258.44991640954
Paraguay,Mortalidad_Media,0.123177738941748,0.0,0.38895751481686286,0.5871335296188317,6152.26711537703
Paraguay,Mortalidad_Media,0.0582065450193513,0.0,0.5982885612562336,0.37520319982664985,5775.1596339946
Paraguay,Mortalidad_Media,0.11755910296887256,0.0,0.48176351501293757,0.4163063597991708,5879.33792308671
Paraguay,Mortalidad_Media,0.051729344272698846,0.0,0.8460875875935014,0.19939398100669878,6652.25478942291
Paraguay,Mortalidad_Media,0.07361459617554211,0.0,0.9630177984876863,0.14498960473468742,6435.68342733182
Paraguay,Mortalidad_Media,0.1354558258196475,0.0,0.6385377065449902,0.29549802594517877,5642.1699167298
Paraguay,Mortalidad_Media,0.030415598896999685,0.0,1.3891617369299194,0.008986103464904083,5805.40154543044
Paraguay,Mortalidad_Media,0.10055762702860141,0.0,1.225761987652819,0.07189764107550228,4750.96273669322
Paraguay,Mortalidad_Media,0.17891011197238427,0.0,0.827804590845546,0.2164132345507692,3941.84815479271
Paraguay,Mortalidad_Media,0.10492632819276493,0.0,1.5046986374916589,0.007252987046933779,4384.9546943793
Paraguay,Mortalidad_Media,0.12877310903561567,0.0,1.4226145902856833,0.0,3211.93621659546
Paraguay,Mortalidad_Media,0.1538293579290837,0.0,1.323392432085813,0.0,2439.43124694576
Paraguay,Mortalidad_Media,0.11282720327158074,0.0,1.6415340918043397,0.0,1970.87169852378
Paraguay,Mortalidad_Media,0.10913662683298536,0.0,1.918230382213172,0.0,1786.21533938543
Paraguay,Mortalidad_Media,0.15877168303289246,0.0,1.8105004250577053,0.0,1443.99885236205
Paraguay,Mortalidad_Media,0.22702315537455553,0.0,1.4787093057845628,0.0,1367.76506935997
Paraguay,Mortalidad_Media,0.2913058655523656,0.0,1.4135929260131768,0.0,1637.68615122932
Paraguay,Mortalidad_Media,2.8019154735461007,0.0,4.308840045603405,2.0873297880499395,1736.11729210765
Paraguay,Mortalidad_Media,0.36531242915372986,0.0,2.9770887611427246,0.0,1978.71514099575
Peru,Mortalidad_Baja,0.213756122819243,0.0,0.10593195838625147,0.9064028620678242,7350.63034300417
Peru,Mortalidad_Media,0.25007731778431996,0.0,0.29337894150495036,0.6157892296691742,6826.20255614477
Peru,Mortalidad_Media,0.3421985715056777,0.0,0.10380855133420058,0.6555578639295455,6133.32552410183
Peru,Mortalidad_Baja,0.31708652657115505,0.0,0.09247728845343978,0.6968657731481043,7037.00803692604
Peru,Mortalidad_Baja,0.3532058077405161,0.0,0.060340700508915934,0.8066865483342807,6978.49121548627
Peru,Mortalidad_Baja,0.41215583289558083,0.0,0.024340549193882455,0.8657032374243008,6736.16693725487
Peru,Mortalidad_Baja,0.41510076148765024,0.0,0.0289109526376361,0.8411240121211241,6217.03599995447
Peru,Mortalidad_Baja,0.39636979271067296,0.0,0.04183035408925034,0.8231107454170719,6231.71150338894
Peru,Mortalidad_Baja,0.2705813014688029,0.0,0.12627105286151258,0.7203302143004263,6667.13410360861
Peru,Mortalidad_Media,0.20773150926057593,0.0,0.17003084379608846,0.7214498477664436,6746.80025696601
Peru,Mortalidad_Media,0.1825999558212748,0.0,0.2148525663153569,0.7198312241936689,6519.37852981527
Peru,Mortalidad_Media,0.18493100262528095,0.0,0.2796401240712822,0.7015049053430855,5861.35793645245
Peru,Mortalidad_Media,0.25723558316403716,0.0,0.29023639623454334,0.6469364294030953,5072.11494019615
Peru,Mortalidad_Media,0.32827200621711483,0.0,0.2837994324321261,0.5967910186072414,4181.18755462253
Peru,Mortalidad_Media,0.2412390888846408,0.0,0.3831529371817435,0.5587504718998636,4197.58444634142
Peru,Mortalidad_Media,0.2469766096878973,0.0,0.4116876401014541,0.5832024376348287,3581.0893081917
Peru,Mortalidad_Media,0.29048295475587044,0.0,0.4511925987949808,0.5437290332825795,3129.55996496982
Peru,Mortalidad_Media,0.42348400792954227,0.0,0.4065579055878211,0.5419852894180408,2706.66947297608
Peru,Mortalidad_Media,0.5507638460517148,0.0,0.3888095023991601,0.542655191377936,2397.25147277714
Peru,Mortalidad_Media,0.6779627707627196,0.0,0.3498269403743415,0.5258572417489791,2129.44114197634
Peru,Mortalidad_Media,0.7692740462423098,0.0,0.36746957674630276,0.526120660342829,2007.37019626753
Peru,Mortalidad_Media,0.837546785711563,0.0,0.4178450603022052,0.5010001946578949,1929.57273038846
Peru,Mortalidad_Media,0.8764827444439316,0.0,0.5280470739587863,0.43019914221990124,1945.41338451698
Peru,Mortalidad_Media,3.7853970307877844,0.0,3.78175120679356,2.216741957972996,2189.53431515311
Poland,Mortalidad_Baja,1.2293109566019216,0.0,0.06978210240695687,2.9738955322131306,18891.213529396
Poland,Mortalidad_Baja,1.2746901532719466,0.0,0.12611373952225008,3.1517307613958394,18635.5088812509
Poland,Mortalidad_Baja,1.282309650670616,0.0,0.06876635501876566,3.068209209746585,16150.9291009726
Poland,Mortalidad_Baja,1.035589506078565,0.0,0.11132616347674057,2.5375865598532754,15874.5220531254
Poland,Mortalidad_Baja,1.041616481370481,0.0,0.12123603919677955,2.618226642788079,15658.210586693
Poland,Mortalidad_Baja,1.0784507376340238,0.0,0.06859473060882465,2.7189729462531846,13913.3415190124
Poland,Mortalidad_Baja,1.1269025206853456,0.0,0.0600376386528399,2.9043528551428146,12464.0121044827
Poland,Mortalidad_Baja,1.1102080280463686,0.0,0.0526597919229988,2.7905469514274324,12637.5220324406
Poland,Mortalidad_Baja,1.019813409734536,0.0,0.047844713939580064,2.5305591458117433,14262.2841914116
Poland,Mortalidad_Baja,1.0691660415855755,0.0,0.048187821554159405,2.556271737153773,13621.9023794031
Poland,Mortalidad_Baja,0.9657128127199304,0.0,0.07977754938881032,2.4415789947330904,13087.420943321
Poland,Mortalidad_Baja,0.8578640298393536,0.0,0.12006245018499101,2.3177491975672653,13867.6669408192
Poland,Mortalidad_Baja,0.8364078599188474,0.0,0.14084410170701556,2.1359160662613443,12567.7317676382
Poland,Mortalidad_Baja,0.7906346765136165,0.0,0.14680951592389724,1.8576894789936595,11556.3026866026
Poland,Mortalidad_Baja,0.6837499570954659,0.0,0.19790738159497523,1.662578043330318,14048.5604672654
Poland,Mortalidad_Baja,0.5586075170569769,0.0,0.21720166108977945,1.4434002482712014,11272.5293683383
Poland,Mortalidad_Media,0.6301131173705625,0.0,0.2122820775615716,1.5202693923323172,9068.85528307627
Poland,Mortalidad_Media,0.6348677925316519,0.0,0.1863550059821582,1.47706109696842,8043.92332253757
Poland,Mortalidad_Media,0.6997794601466303,0.0,0.1497874984744268,1.6139785420302841,6711.72715262967
Poland,Mortalidad_Media,0.8362171013389319,0.0,0.1357656699571873,1.7114784522134094,5720.81366178104
Poland,Mortalidad_Media,0.8676203846416572,0.0,0.11788619899508113,1.6745163878712401,5223.45178967082
Poland,Mortalidad_Media,0.8427067989085208,0.0,0.11230304374655514,1.6747640527759993,5015.23790036613
Poland,Mortalidad_Media,0.843181472182416,0.0,0.10936297068496204,1.8043558776414441,4520.64100449111
Poland,Mortalidad_Media,0.4457881777383515,0.0,0.2122487558651952,1.7087606934846993,3700.95956775144
Portugal,Mortalidad_Baja,1.8336764359081132,0.0,0.0,3.3160875099418616,24620.519556875
Portugal,Mortalidad_Baja,1.7650110646452188,0.0,0.0,3.2690627128342795,24711.4510062111
Portugal,Mortalidad_Baja,1.8043128635100592,0.0,0.0,3.3148735016511046,22299.4044062173
Portugal,Mortalidad_Baja,1.6616946227587857,0.0,0.0,3.0144628143138323,23343.3628970034
Portugal,Mortalidad_Baja,1.5894002235670117,0.0,0.0,2.8856160710631245,23541.1401075289
Portugal,Mortalidad_Baja,1.6443488894048357,0.0,0.0,3.0269316464961578,21442.3842768879
Portugal,Mortalidad_Baja,1.7170595649092604,0.0,0.0,3.149000440456779,19980.2808866516
Portugal,Mortalidad_Baja,1.6976218567948218,0.0,0.0,3.1040889061497556,19215.7813014347
Portugal,Mortalidad_Baja,1.7173731467954794,0.0,0.0,3.033393586797649,22120.6850127107
Portugal,Mortalidad_Baja,1.7396800806533659,0.0,0.0,3.0257347017757885,21676.4859642714
Portugal,Mortalidad_Baja,1.6962629993568636,0.0,0.0,2.954443073178615,20593.4274224109
Portugal,Mortalidad_Baja,1.6690871328142138,0.0,0.0,2.938562916944021,23246.5425416481
Portugal,Mortalidad_Baja,1.6905381703104199,0.0,0.0,3.0108786403961587,22551.935098809
Portugal,Mortalidad_Baja,1.8034154450311748,0.0,0.0,3.2187793380649774,23151.2154130712
Portugal,Mortalidad_Baja,1.7182708454598195,0.0,0.0,3.2325953452030007,24949.0413566739
Portugal,Mortalidad_Baja,1.6377376958958534,0.0,0.0,3.1872423176281233,22811.0564844365
Portugal,Mortalidad_Baja,1.5592334564302428,0.0,0.0,3.065187963881034,19839.4540499032
Portugal,Mortalidad_Baja,1.6201687423251487,0.0,0.0,3.2347022182337763,18780.12751241
Portugal,Mortalidad_Baja,1.5233624913755035,0.0,0.0,3.0211552629991383,18064.1580932987
Portugal,Mortalidad_Baja,1.4873692268074434,0.0,0.0,2.9474364504919057,15797.7821340276
Portugal,Mortalidad_Baja,3.718827055248491,0.0,1.9907081137845375,4.432934736189144,12936.6928204482
Portugal,Mortalidad_Baja,3.714047293807194,0.0,1.9704822988714934,4.468786719950247,11734.7649743954
Portugal,Mortalidad_Baja,3.661314115105581,0.0,1.9938756182695578,4.353350905935868,11526.3720667968
Portugal,Mortalidad_Baja,3.6030593471979193,0.0,1.9515308941360625,4.1988952966772,11781.3618502221
Qatar,Mortalidad_Baja,4.0455103116068445,0.0,4.774387215721355,12.769434667493469,88701.463352273
Qatar,Mortalidad_Baja,4.266915291170862,0.0,4.7746978471802555,12.759690388767892,71751.8831257169
Qatar,Mortalidad_Baja,4.534607558285832,0.0,4.430960161238621,12.000496091665,51683.5054376677
Qatar,Mortalidad_Baja,4.620739031057221,0.0,4.812079387636816,13.246085476828357,66841.3013484919
Qatar,Mortalidad_Baja,4.428647722232453,0.0,5.0227035231621,13.30365630498033,71039.8490579352
Qatar,Mortalidad_Baja,3.0160537107427636,0.0,2.618944606786712,11.519195314772215,63279.8556949332
Qatar,Mortalidad_Baja,4.445477935278555,0.0,5.835717237766592,13.28510268957939,61253.6375482797
Qatar,Mortalidad_Baja,4.311349685634102,0.0,6.203880231495139,13.989584907292873,68985.2946961507
Qatar,Mortalidad_Baja,3.860537361323171,0.0,6.657857093345369,14.922328901174644,95840.6310094498
Qatar,Mortalidad_Baja,4.009888746829734,0.0,7.404714864028643,16.698022035574716,103697.008372373
Qatar,Mortalidad_Baja,4.1550086771208985,0.0,7.293004458779441,17.218572622481997,108470.378825036
Qatar,Mortalidad_Baja,3.2588053990142067,0.0,7.227183995887016,14.255388939836036,103261.506539346
Qatar,Mortalidad_Baja,4.917019835565415,0.0,4.197783956667462,12.5858926514011,77387.3267885308
Qatar,Mortalidad_Baja,4.696798810457447,0.0,4.12572877856043,11.582760300491746,60785.7351551657
Qatar,Mortalidad_Baja,5.005879295586638,0.0,4.163611505875259,12.041206294459423,80781.4039187792
Qatar,Mortalidad_Baja,4.81512555693846,0.0,4.802584087525711,13.434170695736942,65954.3419525051
Qatar,Mortalidad_Baja,4.956199106374073,0.0,5.051787061441737,14.138595452617468,62582.4453138755
Qatar,Mortalidad_Baja,5.367271987822176,0.0,4.4550560397418115,13.825546582730082,53949.6764091147
Qatar,Mortalidad_Baja,5.74177124707554,0.0,4.413370344783966,14.908590550451216,41035.5008380177
Qatar,Mortalidad_Baja,5.097573385200313,0.0,4.390632673937592,13.657368876440346,31602.470865136
Qatar,Mortalidad_Baja,5.358458255673151,0.0,4.346464828980838,13.775771931162092,27226.6593510117
Qatar,Mortalidad_Baja,5.101646280123238,0.0,4.279554534452288,13.07040702383117,25870.7991864314
Qatar,Mortalidad_Baja,5.156807655895602,0.0,4.116074923722593,13.302165200875042,27535.182940934
Qatar,Mortalidad_Media,5.296213215952867,0.0,3.8130945984458795,11.380153021409868,15822.5090711554
Romania,Mortalidad_Media,1.0084697128398834,0.0,0.0,1.6683029011039268,15557.8826247584
Romania,Mortalidad_Media,1.0630385731160599,0.0,0.0,1.9081575504645487,14986.7854904274
Romania,Mortalidad_Media,1.1236032431899123,0.0,0.0,1.9975916764542192,13082.3006559554
Romania,Mortalidad_Baja,0.7972994805908127,0.0,0.005432580328131875,1.4041115476732924,12992.0326104674
Romania,Mortalidad_Baja,0.7091402476566042,0.0,0.026374113287678302,1.353569196388266,12502.2624061935
Romania,Mortalidad_Baja,0.8013555935923673,0.0,0.0,1.5744255233690496,10727.9822007426
Romania,Mortalidad_Baja,0.6551080728830998,0.0,0.029640276043266356,1.3747434938168728,9404.54005870715
Romania,Mortalidad_Media,0.5133234822649733,0.0,0.06416155492675796,1.2848477803581848,8977.01748158196
Romania,Mortalidad_Media,0.3095880608533574,0.0,0.09952664338462802,1.0139430457682537,10031.7710755404
Romania,Mortalidad_Media,0.2473685473942907,0.0,0.11077205984712707,0.9156733821890031,9497.67411615237
Romania,Mortalidad_Media,0.22701392053728153,0.0,0.16425232361028427,0.9702499028688458,8929.95366231474
Romania,Mortalidad_Media,0.0,0.0,0.27810985670756766,0.8724685687110859,9560.6755277458
Romania,Mortalidad_Media,0.04633226403523119,0.0,0.2013238665438344,0.8468716323651115,8399.5374234284
Romania,Mortalidad_Media,0.13149926676736756,0.0,0.17674223270118933,0.7881484913941014,8548.4543409242
Romania,Mortalidad_Media,0.025275273121820208,0.0,0.299951365580503,0.6766745716363352,10435.1561230787
Romania,Mortalidad_Media,0.14495079764586208,0.0,0.2506305021317252,0.6524545921321525,8360.33775916596
Romania,Mortalidad_Media,0.10330072366348397,0.0,0.3615210422915656,0.5658557659533647,5757.53127301178
Romania,Mortalidad_Media,0.11024020993451486,0.0,0.43007813500020814,0.5028916105505894,4618.00350802913
Romania,Mortalidad_Media,0.01719123123968795,0.0,0.9691181208101738,0.2102842764639719,3494.99056448955
Romania,Mortalidad_Media,0.054866463686194106,0.0,0.8786586432184647,0.2746577051919531,2679.40626016154
Romania,Mortalidad_Media,0.09415782310334206,0.0,0.7996435414514238,0.30781903653176124,2119.85509684554
Romania,Mortalidad_Media,0.10166034706483776,0.0,0.948359980905855,0.30199079698782805,1825.19299373184
Romania,Mortalidad_Media,0.22186655892066065,0.0,0.5074183693965912,0.4119850858337789,1659.92904910528
Romania,Mortalidad_Media,0.10299297748357608,0.0,2.4712496045550107,0.0,1650.04922365201
Rwanda,Mortalidad_Media,2.6548475968024663,0.0,6.712298806519442,2.005165392397078,975.469323979541
Rwanda,Mortalidad_Alta,2.7671022742859446,0.0,6.397220445468909,1.9825589101887355,829.544845639777
Rwanda,Mortalidad_Media,2.6639119471869157,0.0,7.138742066490655,2.0070841677610876,778.701498787411
Rwanda,Mortalidad_Alta,2.8688858781883417,0.0,6.025034663549219,2.1466736284654186,810.051412137354
Rwanda,Mortalidad_Alta,2.8961077351110425,0.0,6.346728607982039,1.9878818423118636,771.773511057901
Rwanda,Mortalidad_Alta,2.857955502676554,0.0,7.16259345457099,2.0800174544881074,758.300966737624
Rwanda,Mortalidad_Alta,0.7912272742969833,0.0,3.4325449992710833,0.0,729.519134044611
Rwanda,Mortalidad_Alta,3.050890523506849,0.0,6.43025813427734,2.0328411868216936,733.998630392314
Rwanda,Mortalidad_Alta,3.0800823023357755,0.0,6.7895421555756545,2.0713378289677804,724.957526109262
Rwanda,Mortalidad_Alta,0.9419173151232254,0.0,3.5088746954481467,0.0,704.92421796616
Rwanda,Mortalidad_Alta,3.217678324854106,0.0,7.125030025082064,2.1115745062262055,706.8172686891
Rwanda,Mortalidad_Alta,3.321583024098103,0.0,7.277903214605572,2.132123511286918,651.133677964662
Rwanda,Mortalidad_Alta,1.2560563827670548,0.0,4.0059913036083055,0.0,593.624927744346
Rwanda,Mortalidad_Alta,3.647019532194297,0.0,7.9788116928212816,2.1692292294209157,564.039095842449
Rwanda,Mortalidad_Alta,3.832344334367755,0.0,8.183629479678558,2.1768371887145905,528.326391755502
Rwanda,Mortalidad_Alta,3.9518581666058,0.0,8.975950769153526,2.1970363176557126,426.234183487629
Rwanda,Mortalidad_Alta,3.966941922621701,0.0,10.744064295192324,2.257871747928573,356.995022901154
Rwanda,Mortalidad_Alta,2.0147471093097358,0.0,8.16727766737184,0.0,324.016863847189
Rwanda,Mortalidad_Alta,4.278214164207183,0.0,12.849967010486399,2.267603225643467,269.540446333402
Rwanda,Mortalidad_Alta,4.702432041606409,0.0,13.098892398596195,2.264921938831614,249.012274982252
Rwanda,Mortalidad_Alta,5.185502214829868,0.0,12.992512619261632,2.246599007719561,234.043016755733
Rwanda,Mortalidad_Alta,5.468001309521691,0.0,14.115101876147467,2.253076692132278,237.308846200901
Rwanda,Mortalidad_Alta,3.8471828478873547,0.0,10.355898976232082,0.0,251.86926386091
Rwanda,Mortalidad_Alta,6.222220795807397,0.0,18.973403847066983,2.1856247466726924,227.971147849318
Saudi Arabia,Mortalidad_Baja,3.219667422319954,0.0,2.9662506393638655,6.601274248008531,38510.2276211037
Saudi Arabia,Mortalidad_Baja,3.464852628142748,0.0,2.871820322437752,6.668834645323876,31920.7653655643
Saudi Arabia,Mortalidad_Baja,3.752326191496332,0.0,2.734592277016583,6.412377933217975,24338.8307301067
Saudi Arabia,Mortalidad_Baja,3.5914336842921224,0.0,2.878251004651745,6.710346302312179,29566.7933827436
Saudi Arabia,Mortalidad_Baja,3.4724043937825897,0.0,2.9217642480811232,6.700373207279155,29360.0658968566
Saudi Arabia,Mortalidad_Baja,3.6501052264020286,0.0,2.8851658705423935,6.581172689357818,23929.2907135982
Saudi Arabia,Mortalidad_Baja,3.7547925230794608,0.0,2.809875873923712,6.5920494867161485,22267.7217050387
Saudi Arabia,Mortalidad_Baja,3.670659075065122,0.0,2.896736899099539,6.593074631569164,23256.1549553531
Saudi Arabia,Mortalidad_Baja,3.2225975846056607,0.0,3.0936167853945316,6.529650798309386,27805.4850319422
Saudi Arabia,Mortalidad_Baja,3.064918591781004,0.0,3.0697644944801246,6.194367914154897,27865.465604962
Saudi Arabia,Mortalidad_Baja,3.03363400161723,0.0,3.139075190331585,6.535754064372926,28733.4375513452
Saudi Arabia,Mortalidad_Baja,2.95416237541567,0.0,3.203942858533673,6.4161676044769695,27126.7498747702
Saudi Arabia,Mortalidad_Baja,3.040672852960481,0.0,3.210734201188038,6.086083898446789,22028.3901426586
Saudi Arabia,Mortalidad_Baja,3.0716307116941906,0.0,3.0891495401861357,5.574057058928923,17718.3911648365
Saudi Arabia,Mortalidad_Baja,2.6039700525368854,0.0,3.2698644616255113,5.384702246773066,22320.4888964331
Saudi Arabia,Mortalidad_Media,2.7172206250903495,0.0,3.1641303170033965,5.2647374435515015,18596.1502627898
Saudi Arabia,Mortalidad_Media,2.70945604292287,0.0,3.16195655321228,5.188209294190578,17563.6145370639
Saudi Arabia,Mortalidad_Media,2.847546643396845,0.0,3.050025938578292,5.507337641884565,15975.7473782258
Saudi Arabia,Mortalidad_Media,3.070258642371579,0.0,2.950346245960266,5.646948903172519,13154.4978989446
Saudi Arabia,Mortalidad_Media,3.1778946347450083,0.0,2.964141550493078,5.762629566242864,11487.220410693
Saudi Arabia,Mortalidad_Media,3.5073755168760905,0.0,2.8757448990623535,6.585495017448384,10586.0543471363
Saudi Arabia,Mortalidad_Media,3.471645903297868,0.0,2.8218820853131077,6.300526852206542,10805.311325122
Saudi Arabia,Mortalidad_Media,3.3874130374036544,0.0,2.8872308815516172,6.361964203197089,11714.5623675159
Saudi Arabia,Mortalidad_Media,3.5369763829130405,0.0,2.997462507883208,5.735380344183593,10786.4008952769
Senegal,Mortalidad_Media,3.032238100724653,0.0,4.5461849894547885,2.0305477779688705,1574.0281059306
Senegal,Mortalidad_Media,0.9053866233419485,0.0,1.7163354022520654,0.022997735196430336,1598.10676952274
Senegal,Mortalidad_Media,3.170833836326661,0.0,4.632161252176323,2.04388052984491,1461.08720350553
Senegal,Mortalidad_Media,3.2317669033070557,0.0,4.343922248442067,2.03662703159666,1431.18128932159
Senegal,Mortalidad_Media,1.0056000966511016,0.0,1.5764127527176357,0.053728047934033074,1452.55612562445
Senegal,Mortalidad_Media,3.356397333617184,0.0,4.323702428539486,2.040572160174013,1356.80518449031
Senegal,Mortalidad_Alta,3.39740961254502,0.0,4.269452984950236,2.04645046414108,1266.43957151587
Senegal,Mortalidad_Alta,3.4129603214818798,0.0,4.3439470463620555,2.035310026427289,1218.00613555438
Senegal,Mortalidad_Alta,3.617286608122749,0.0,4.083668391794256,2.107193150771557,1398.89137601382
Senegal,Mortalidad_Alta,3.6132701227402637,0.0,4.33323852091426,2.110210247195274,1379.83196553924
Senegal,Mortalidad_Alta,3.6993796087819146,0.0,4.352613573423354,2.11705235490294,1326.83798848379
Senegal,Mortalidad_Alta,1.3213680940615378,0.0,1.7383906487669059,0.0,1374.67591873844
Senegal,Mortalidad_Alta,3.7098124076197427,0.0,5.03326447025082,2.0984245868367326,1275.88357492357
Senegal,Mortalidad_Alta,3.767111676147752,0.0,5.16266502835898,2.090593118697134,1308.69404336205
Senegal,Mortalidad_Alta,3.948240859254419,0.0,4.8884089600137415,2.108906565882168,1398.79218010021
Senegal,Mortalidad_Alta,4.090792380175771,0.0,4.554710208651714,2.0987199412608004,1188.93877808175
Senegal,Mortalidad_Alta,4.149036626664048,0.0,5.204461813841603,2.1115327442192813,1017.20196747987
Senegal,Mortalidad_Alta,1.7436587387059714,0.0,3.024675258933358,0.0,979.846101520171
Senegal,Mortalidad_Alta,4.362323341684009,0.0,6.015414224097048,2.1049537681776997,918.102079522155
Senegal,Mortalidad_Alta,4.508596405090864,0.0,6.61665677123138,2.122065828142957,817.888034221442
Senegal,Mortalidad_Alta,4.671676854641,0.0,6.351486904355577,2.082271245386026,669.430447319209
Senegal,Mortalidad_Alta,2.417356104661066,0.0,4.065844665356258,0.0,637.213530563724
Senegal,Mortalidad_Alta,4.888141144112976,0.0,7.565442237117717,2.1090232339541366,603.233162455158
Senegal,Mortalidad_Alta,4.8289629957182045,0.0,8.685589874648771,2.153114603148602,714.994396357297
Serbia,Mortalidad_Baja,0.531436758082267,0.0,0.14359416547322906,1.4703662134772495,10022.9688543402
Serbia,Mortalidad_Media,0.635726462866588,0.0,0.09800762448639366,1.6382129092529145,9680.52798074468
Serbia,Mortalidad_Media,0.6404626930159651,0.0,0.09159327481740792,1.6466992587047065,8098.70955668849
Serbia,Mortalidad_Baja,0.47105693068616533,0.0,0.1398547391938741,1.3739333116764447,7755.632986437
Serbia,Mortalidad_Baja,0.4096764753108741,0.0,0.14903137835090932,1.3028664223009776,7559.86165747394
Serbia,Mortalidad_Baja,0.40836851742649555,0.0,0.1525402552428235,1.357732002751887,6548.03653824187
Serbia,Mortalidad_Baja,0.40605983458215406,0.0,0.1282292565585546,1.4152078692482069,5982.37030126471
Serbia,Mortalidad_Baja,0.46216755912636137,0.0,0.10457408689208486,1.4235623286861054,5820.3215576888
Serbia,Mortalidad_Baja,0.30813677221050717,0.0,0.12247054401836271,0.9811922374743732,6886.67809068704
Serbia,Mortalidad_Baja,0.21779537850960146,0.0,0.17442930560912184,0.9728376845288923,7040.41812068781
Serbia,Mortalidad_Media,0.3140244698891216,0.0,0.14513533700131726,1.0502492030738577,6263.04086072815
Serbia,Mortalidad_Media,2.8770382933785803,0.0,2.3143807080367664,2.984060037924272,7082.2861666075
Serbia,Mortalidad_Media,0.3329754713016883,0.0,0.16137659135458465,1.0338401983813552,5970.92660940072
Serbia,Mortalidad_Media,0.38778568090444454,0.0,0.14152090107120152,1.0164789070544562,6414.0448463847
Serbia,Mortalidad_Media,0.25957275747138564,0.0,0.18851221206112212,1.1869805275124323,7376.73517910716
Serbia,Mortalidad_Media,0.22791006404648184,0.0,0.20859356857079836,1.10131415343833,6081.08765700202
Serbia,Mortalidad_Media,0.13337560436746423,0.0,0.2279453999919936,1.0770271728841379,4492.7136699046
Serbia,Mortalidad_Media,0.3575398904980586,0.0,0.13453272278375422,1.531784595510287,3807.97417321786
Serbia,Mortalidad_Media,0.2799111355121773,0.0,0.1653327975265205,1.710523201461989,3597.08798057009
Serbia,Mortalidad_Media,0.0,0.0,0.47229034515818447,0.31486703953956324,3153.9011312754
Serbia,Mortalidad_Media,0.0,0.0,0.684706587784661,0.2746067230749156,2390.73459447107
Serbia,Mortalidad_Media,2.1923894585588197,0.0,3.449306192304314,2.2424306797773794,1812.42088281393
Serbia,Mortalidad_Media,2.16396242102607,0.0,3.828567303392965,2.2183919809768193,974.725469278615
Serbia,Mortalidad_Media,2.3374315255895595,0.0,3.7466940959522277,2.2852949129506017,2349.40645150289
Seychelles,Mortalidad_Media,4.453388382727282,0.0,2.4943214342346627,6.461902295757071,16836.6721895387
Seychelles,Mortalidad_Media,4.245955654068345,0.0,1.9291435384904538,4.366513785453332,14982.9111487767
Seychelles,Mortalidad_Baja,3.9949373772320973,0.0,2.059099859840379,3.9773991995632962,14041.4754074575
Seychelles,Mortalidad_Media,4.186644749914277,0.0,2.48020067951812,5.004892215306289,19141.5118743615
Seychelles,Mortalidad_Media,1.5178774114684304,0.0,0.2070562907835477,2.2655590892432773,18440.2340460932
Seychelles,Mortalidad_Media,4.16488990070627,0.0,2.4520326321211967,5.153480833532245,17480.3651911372
Seychelles,Mortalidad_Media,4.188731280872316,0.0,2.291455240963536,5.1630686013859135,16566.9946042294
Seychelles,Mortalidad_Media,4.059885217182511,0.0,2.247722819130989,4.776498332776307,15333.1051727105
Seychelles,Mortalidad_Media,3.654205992231895,0.0,2.077928238776194,3.4633522102994934,15188.1902175113
Seychelles,Mortalidad_Media,1.2479908044111132,0.0,0.026103941114399176,1.8288512322610773,14821.2921476077
Seychelles,Mortalidad_Media,3.6784336182148243,0.0,2.394719051793059,4.404423431318802,12337.1554669388
Seychelles,Mortalidad_Media,3.46480755663624,0.0,2.2018206358214645,3.541395208392562,12110.0937461973
Seychelles,Mortalidad_Media,3.5608298649950614,0.0,2.2004322428355114,3.6161883013354363,10934.79494629
Seychelles,Mortalidad_Media,3.4945646396214043,0.0,2.153217606471776,3.364248495456725,9747.09180546291
Seychelles,Mortalidad_Media,3.3644388869215693,0.0,2.347611874997838,3.1841943951084164,11265.4376270005
Seychelles,Mortalidad_Media,3.637586877322197,0.0,2.1343409189768523,3.806452003047963,12669.3026687222
Seychelles,Mortalidad_Media,1.0534251319066792,0.0,0.18639314166659537,2.058205255472703,12782.9938926475
Seychelles,Mortalidad_Media,3.454003346139599,0.0,2.2244799759926,3.817953920666412,11802.1118276833
Seychelles,Mortalidad_Media,3.450181359856057,0.0,2.291462440994637,3.896215661601902,10827.671636033
Seychelles,Mortalidad_Media,2.2846272503054608,0.0,2.701677792918817,2.6582367430612717,9070.28460757013
Seychelles,Mortalidad_Media,2.3837641818272832,0.0,2.6130332669332024,2.772166481671137,8864.16919495467
Seychelles,Mortalidad_Media,2.441108285318179,0.0,2.514929324559719,2.8714973333903533,8153.2986369879
Seychelles,Mortalidad_Media,2.473793313911865,0.0,2.519474971971424,3.0164121479971255,8063.65500575169
Seychelles,Mortalidad_Media,3.1057809295584775,0.0,2.2997113321872233,3.3563944594315607,7180.66832748656
Sierra Leone,Mortalidad_Alta,3.441976147213626,0.0,11.421958245430641,2.1815328821205995,860.774590932595
Sierra Leone,Mortalidad_Alta,3.6301173656277843,0.0,11.466587350205742,2.1947845775590142,886.192939104469
Sierra Leone,Mortalidad_Alta,3.7089642154442384,0.0,12.082715414254306,2.241849230672788,845.982914284565
Sierra Leone,Mortalidad_Alta,3.799295013368027,0.0,11.918068324171553,2.2225920349064956,844.049555179116
Sierra Leone,Mortalidad_Alta,1.8846473430972717,0.0,8.081214056546923,0.0,845.914540460932
Sierra Leone,Mortalidad_Alta,4.137301945411804,0.0,12.031147872839345,2.241214781655099,779.186007841728
Sierra Leone,Mortalidad_Alta,4.234733911203908,0.0,11.8807443626136,2.187371988438153,844.416411175476
Sierra Leone,Mortalidad_Alta,4.4802541438786525,0.0,12.587603534274464,2.205776123141306,964.575980888989
Sierra Leone,Mortalidad_Alta,4.4985392741380545,0.0,12.68191036416301,2.1842147808284906,1117.7586465721
Sierra Leone,Mortalidad_Alta,4.605905098041883,0.0,12.426838964371836,2.1702193935272334,1117.47183075115
Sierra Leone,Mortalidad_Alta,4.843146676664779,0.0,12.582413213864072,2.2049182537939362,937.504428180231
Sierra Leone,Mortalidad_Alta,3.0518003620736742,0.0,8.537676932123762,0.0,761.146365577281
Sierra Leone,Mortalidad_Alta,5.232816309904607,0.0,12.813830115831935,2.2237308920011096,685.039673490948
Sierra Leone,Mortalidad_Alta,5.415348609153189,0.0,12.892114609970006,2.221882773653675,652.845806767943
Sierra Leone,Mortalidad_Alta,5.529869108790366,0.0,12.932055097470949,2.200530775211831,705.359014080005
Sierra Leone,Mortalidad_Alta,5.626596223348245,0.0,13.177903207162158,2.187419055565917,631.889926264998
Sierra Leone,Mortalidad_Alta,5.766871133324219,0.0,13.226089420437752,2.180526962153431,580.26796974773
Sierra Leone,Mortalidad_Alta,5.033039015411635,0.0,19.62800133045996,2.3101442268424885,462.633324427945
Sierra Leone,Mortalidad_Alta,5.245359589674136,0.0,19.78478040742226,2.3578948305414817,417.749983329227
Sierra Leone,Mortalidad_Alta,3.448711236191941,0.0,15.137903910798883,0.0,413.817607346927
Sierra Leone,Mortalidad_Alta,5.670116450617205,0.0,19.238886208273343,2.334932471254151,388.995111216836
Sierra Leone,Mortalidad_Alta,5.875131608214529,0.0,18.915406367934352,2.3164720445500233,358.315716051546
Sierra Leone,Mortalidad_Alta,4.5010777218259514,0.0,24.757589530639844,2.28772534303476,143.743743239644
Sierra Leone,Mortalidad_Alta,5.480272947332622,0.0,21.394957885922434,2.201631006086608,208.351997250955
Singapore,Mortalidad_Baja,0.0,0.0,49.41948629641162,36.84972355964013,90299.0694637269
Singapore,Mortalidad_Baja,0.0,0.0,41.11918500030576,31.560674536503278,80056.1288247844
Singapore,Mortalidad_Baja,0.0,0.0,39.048513556033484,30.297198401168107,61410.0792630788
Singapore,Mortalidad_Baja,0.0,0.0,39.18314941511696,30.34591555370875,65952.0378959293
Singapore,Mortalidad_Baja,0.0,0.0,41.244983813888155,31.40516548217265,66881.6067035265
Singapore,Mortalidad_Baja,0.0,0.0,40.8678371319344,31.293908272481293,61236.251270627
Singapore,Mortalidad_Baja,0.0,0.0,39.96797346288853,30.59300772989679,57005.5887176547
Singapore,Mortalidad_Baja,0.0,0.0,38.24130186799959,29.4581670743682,55645.6068614606
Singapore,Mortalidad_Baja,0.0,0.0,36.279008148607325,28.265729740631436,57564.8023114977
Singapore,Mortalidad_Baja,0.0,0.0,36.61678141183057,28.38753689492728,56967.4257940383
Singapore,Mortalidad_Baja,0.0,0.0,37.14927168316506,28.504509762725323,55547.5553077786
Singapore,Mortalidad_Baja,0.0,0.0,35.55416246809984,27.336794605830768,53891.4570264372
Singapore,Mortalidad_Baja,0.0,0.0,33.561748854803284,26.15076168030746,47236.683084953
Singapore,Mortalidad_Baja,0.0,0.0,29.828954069067237,23.920329596839878,38926.8054365453
Singapore,Mortalidad_Baja,0.0,0.0,29.40453196592589,23.598554188530084,40008.5720489092
Singapore,Mortalidad_Baja,0.0,0.0,27.61379088775494,22.215647169380436,39432.8860198877
Singapore,Mortalidad_Baja,0.4018729625411329,0.0,23.862758496153507,19.904319695366077,33768.4528234651
Singapore,Mortalidad_Baja,0.9017612617050275,0.0,20.94405776413708,17.986607084478045,29961.3172812732
Singapore,Mortalidad_Baja,1.3074525155492223,0.0,20.60996503499766,18.399826110961662,27608.080013423
Singapore,Mortalidad_Baja,1.489551246529928,0.0,18.941337332153566,17.044403043083193,23730.3840054566
Singapore,Mortalidad_Baja,1.8017429915587484,0.0,16.09799855748163,15.003909262300718,22159.8373710639
Singapore,Mortalidad_Baja,2.29308834195313,0.0,13.802695590948728,13.683080378769317,21699.7414868907
Singapore,Mortalidad_Baja,2.4258475273060176,0.0,11.973959090085506,12.329661195175847,23852.8389514753
Singapore,Mortalidad_Baja,3.445162236376636,0.0,7.587032559269991,10.271313640738258,24914.8507020358
Slovenia,Mortalidad_Baja,1.5112931110183483,0.0,0.04290108926474229,3.722959155793088,28373.8382265999
Slovenia,Mortalidad_Baja,1.540393595487141,0.0,0.07218422175065148,3.8283798828933175,29187.369382785
Slovenia,Mortalidad_Baja,1.4587141342403158,0.0,0.0598047544589817,3.690133639965659,25392.0651093612
Slovenia,Mortalidad_Baja,1.210366120164292,0.0,0.14568074487132776,3.230823418402297,25814.1687167572
Slovenia,Mortalidad_Baja,1.1754310232576057,0.0,0.15518011282953292,3.173230099157631,25888.0481065655
Slovenia,Mortalidad_Baja,1.2254421201775552,0.0,0.16470138829715525,3.283186934039905,23303.077705959
Slovenia,Mortalidad_Baja,1.2945396087402448,0.0,0.1176720143888011,3.426227775669115,21447.8377796036
Slovenia,Mortalidad_Baja,1.2376773595870776,0.0,0.11271073227980516,3.2895570562899903,20697.2748530619
Slovenia,Mortalidad_Baja,1.3354275224418009,0.0,0.09647134006450192,3.526968246048888,24013.0682060959
Slovenia,Mortalidad_Baja,1.3276631701322374,0.0,0.11879158447979832,3.4582241759688666,23236.9655321695
Slovenia,Mortalidad_Baja,1.4573776539378243,0.0,0.1205930732655272,3.7222677089394707,22442.1417859955
Slovenia,Mortalidad_Baja,1.5165951724936297,0.0,0.13042922770299714,3.8636222761436847,24940.6284841605
Slovenia,Mortalidad_Baja,1.5632321553140127,0.0,0.13991160807293035,3.9088655145600977,23329.8417691156
Slovenia,Mortalidad_Baja,1.5104125790161174,0.0,0.14521478413790867,3.796817912994393,24501.7897290425
Slovenia,Mortalidad_Baja,1.405898339009665,0.0,0.23288048683689624,3.894270154286297,27461.9764165315
Slovenia,Mortalidad_Baja,1.2638893895639174,0.0,0.21732575553117806,3.603933362061526,23725.1596001515
Slovenia,Mortalidad_Baja,1.2676411959359255,0.0,0.21580999626756217,3.525359909511154,19563.005059144
Slovenia,Mortalidad_Baja,1.2271528794517084,0.0,0.22206024305118682,3.439722157360366,17969.7095907161
Slovenia,Mortalidad_Baja,1.1999970186124433,0.0,0.21609055725582924,3.384437565552643,17103.8297783905
Slovenia,Mortalidad_Baja,1.0500684407457814,0.0,0.22615016905927662,2.980908661407746,14711.674874253
Slovenia,Mortalidad_Baja,1.0259650753752316,0.0,0.218771072461402,2.970991160575253,11639.1297780477
Slovenia,Mortalidad_Baja,3.4675387415520924,0.0,2.2208821834117813,4.727497484302256,10375.6255869861
Slovenia,Mortalidad_Baja,3.3037208268901703,0.0,2.2872722947905233,4.191104794471668,10135.7219109212
Slovenia,Mortalidad_Media,3.2440314002288075,0.0,2.2754870770752524,3.9961745098116337,10738.0887611468
Somalia,Mortalidad_Alta,5.048891927313177,0.0,10.488008673632905,2.115901346668073,573.128092472349
Somalia,Mortalidad_Alta,4.57760155649432,0.0,10.372115772305648,2.2044285352282773,549.114742721701
Somalia,Mortalidad_Alta,4.071228718372611,0.0,12.470877572670584,2.2218791254374746,518.184778494334
Somalia,Mortalidad_Alta,4.633597910246228,0.0,10.703679908134543,2.258048986427142,539.893931565407
Somalia,Mortalidad_Alta,4.865129570209794,0.0,10.785207713204933,2.151620818541288,509.525801898508
Somalia,Mortalidad_Alta,5.240983401978403,0.0,12.297820140400482,2.1903383047916587,510.939952317726
Somalia,Mortalidad_Alta,4.103974774291845,0.0,15.405287997766388,2.2914876113903926,460.928490585175
Somalia,Mortalidad_Alta,4.323104675486924,0.0,15.038930616501625,2.305123616381669,445.583080073396
Somalia,Mortalidad_Alta,4.704637394290454,0.0,13.615882153025726,2.288252998496896,429.431656725102
Somalia,Mortalidad_Alta,5.061025265271163,0.0,12.414037938663194,2.252616020845646,393.398703952979
Somalia,Mortalidad_Alta,5.74514135135165,0.0,15.124411539060585,2.2316419402298546,350.261946720512
Somalia,Mortalidad_Alta,9.20898248822369,0.0,23.198165673889836,2.254408108651302,235.325945610434
South Africa,Mortalidad_Alta,3.9935246940842983,0.0,2.76572459023966,2.856032892560871,6523.41097815853
South Africa,Mortalidad_Alta,4.1908557286685015,0.0,3.0182677613528073,2.7780328052398664,6843.39941886204
South Africa,Mortalidad_Alta,4.103854150947616,0.0,2.8001488321813044,2.877599947632737,5580.60383075189
South Africa,Mortalidad_Alta,4.000466933856029,0.0,2.848137020676298,2.9071259650103825,6533.71121032856
South Africa,Mortalidad_Alta,4.079534201228443,0.0,2.8294613357380705,2.8972250671970783,6914.1780318076
South Africa,Mortalidad_Alta,4.139700346670003,0.0,2.8437051507172457,2.9279374250346826,6618.33508255701
South Africa,Mortalidad_Alta,4.14102788449054,0.0,2.9550415187225227,2.8261899480158523,5651.20585165749
South Africa,Mortalidad_Alta,4.184601049259669,0.0,3.046391201046569,2.773551166214754,6112.27382485974
South Africa,Mortalidad_Alta,1.645674204347208,0.0,0.9109650041255898,0.6909810342207316,6856.73137092522
South Africa,Mortalidad_Alta,4.293603689735184,0.0,3.2369002443778014,2.7199877035417312,7331.65467384919
South Africa,Mortalidad_Alta,4.393107899036191,0.0,3.2731770125124617,2.7323624815474976,8076.97678479741
South Africa,Mortalidad_Alta,4.479636675527428,0.0,3.365505100657211,2.732801278198896,8646.05571071635
South Africa,Mortalidad_Alta,2.037899610448362,0.0,1.2924484093531903,0.6955458567532071,7973.47195771517
South Africa,Mortalidad_Alta,4.690624110492176,0.0,3.6517501684728657,2.6543379299558056,6374.70560042992
South Africa,Mortalidad_Alta,2.172026830006985,0.0,1.6248299652996616,0.43654050971875835,6184.75474328399
South Africa,Mortalidad_Alta,5.027520342942515,0.0,3.99962626157163,2.5249243443350182,6591.85535960564
South Africa,Mortalidad_Alta,5.163324723429564,0.0,4.100185416383787,2.4827881916356906,6077.38293388876
South Africa,Mortalidad_Alta,2.522097512489025,0.0,1.948556744056397,0.10198078497979629,5836.87663325127
South Africa,Mortalidad_Alta,5.236913768485322,0.0,4.157620926339878,2.4594793946159124,5221.46333731721
South Africa,Mortalidad_Alta,5.220409340236204,0.0,4.11455967540409,2.4102877493860473,4062.21755993786
South Africa,Mortalidad_Alta,5.067053812173699,0.0,3.967794899006567,2.3472404516405576,2688.23676032806
South Africa,Mortalidad_Alta,4.9477901936819,0.0,3.8476610402521505,2.3820230049394677,2847.15191945908
South Africa,Mortalidad_Alta,2.1967166783107586,0.0,1.5024140485132418,0.42794197698213254,3217.84693448467
South Africa,Mortalidad_Alta,4.537008317614698,0.0,3.570398770665673,2.3892528570132225,3855.6340871567
Spain,Mortalidad_Baja,1.9536245950287656,0.0,0.0,3.6022488978969895,30270.2687017458
Spain,Mortalidad_Baja,1.9652792701004829,0.0,0.0,3.699922391361252,30799.4775937775
Spain,Mortalidad_Baja,1.7209140847634283,0.0,0.0,2.948457842624139,27233.9426461608
Spain,Mortalidad_Baja,1.6988740791431252,0.0,0.0,3.0217259655616724,29786.5245689007
Spain,Mortalidad_Baja,1.6812708815051727,0.0,0.0,3.0161962278405356,30602.4212881113
Spain,Mortalidad_Baja,1.7800173003064466,0.0,0.0,3.2745940140337613,28381.3425596906
Spain,Mortalidad_Baja,1.8300970501554898,0.0,0.0,3.3390320339804296,26755.6061149398
Spain,Mortalidad_Baja,1.8113131433209009,0.0,0.0,3.2707226785179735,25982.4416197775
Spain,Mortalidad_Baja,1.9067083529649056,0.0,0.0,3.425941886551072,29707.765509467
Spain,Mortalidad_Baja,1.898915438904211,0.0,0.0,3.4102675044880333,29228.846559842
Spain,Mortalidad_Baja,1.8993978718832025,0.0,0.0,3.4410310280977936,28456.4438151477
Spain,Mortalidad_Baja,1.8575699297499935,0.0,0.0,3.4343524340170286,31824.6219134777
Spain,Mortalidad_Baja,1.845648082624803,0.0,0.0,3.556198648795688,30658.7422282912
Spain,Mortalidad_Baja,1.8978776566378228,0.0,0.0,3.6577979894483232,32279.8208476151
Spain,Mortalidad_Baja,1.7765627178344008,0.0,0.0,3.76453081157296,35603.248328071
Spain,Mortalidad_Baja,1.7006364696605396,0.0,0.016380617457760316,3.864403547401567,32652.015594702
Spain,Mortalidad_Baja,1.6594934426153336,0.0,0.03371681999005943,3.9020573590684022,28421.686527407
Spain,Mortalidad_Baja,1.5944997702173818,0.0,0.047714008731076174,3.7742054942680983,26450.9530130382
Spain,Mortalidad_Baja,1.6244567811242512,0.0,0.03751808767561715,3.815158007897248,24925.0267844576
Spain,Mortalidad_Baja,1.5740529385578659,0.0,0.028976824624575848,3.69109128304382,21522.0170990262
Spain,Mortalidad_Baja,3.790493178753254,0.0,2.036821645266544,5.053320214613483,17111.0685058941
Spain,Mortalidad_Baja,3.715187461851648,0.0,2.0694723929525094,4.849861505921571,15368.2337984435
Spain,Mortalidad_Baja,1.3458138107275819,0.0,0.0342822820694168,3.154403781315867,14743.2671031455
Spain,Mortalidad_Baja,1.1446659504582037,0.0,0.020811579487751197,2.368347230034425,15460.9110266653
Sri Lanka,Mortalidad_Baja,2.9086096901195355,0.0,1.9732449411653419,2.5301180998575488,3342.63650253855
Sri Lanka,Mortalidad_Baja,2.860885014412965,0.0,2.018301975937849,2.5217471049850473,3996.96240014909
Sri Lanka,Mortalidad_Baja,2.907263447339205,0.0,2.0133108410429252,2.5165401583115137,3847.60137695639
Sri Lanka,Mortalidad_Baja,0.33604331995701375,0.0,0.0,0.7186901948907715,4081.94772722003
Sri Lanka,Mortalidad_Baja,2.679792131900166,0.0,2.0509365680752545,2.4154080657600154,4358.56095906047
Sri Lanka,Mortalidad_Baja,2.6117451564699947,0.0,2.0641479592204597,2.388324362285796,4398.88828068715
Sri Lanka,Mortalidad_Baja,0.3687437733496531,0.0,0.0,0.9158716112800908,4149.19190775593
Sri Lanka,Mortalidad_Baja,2.7779269865145366,0.0,2.0470636221253677,2.4677398990313093,4057.7158346231
Sri Lanka,Mortalidad_Baja,2.769341847205167,0.0,2.0693715821530563,2.450444753941061,3971.91913148166
Sri Lanka,Mortalidad_Baja,2.7664117903092413,0.0,2.0742131118590796,2.4442014896893642,3740.61589348326
Sri Lanka,Mortalidad_Baja,0.2800871888862416,0.0,0.04230000401059325,0.6772031235574096,3327.77612404326
Sri Lanka,Mortalidad_Media,2.690677535696274,0.0,2.157345677125682,2.3929226891495032,3224.95736331928
Sri Lanka,Mortalidad_Media,2.6945186209441934,0.0,2.1477405683182087,2.403783706529416,2808.36779237408
Sri Lanka,Mortalidad_Media,0.5596209504571326,0.0,0.28242861220557575,0.500038163125077,2026.65939950702
Sri Lanka,Mortalidad_Media,2.869917406482374,0.0,2.2914515403163236,2.449300684337176,1973.58476901287
Sri Lanka,Mortalidad_Media,2.9571732532608013,0.0,2.234625504213244,2.4933717593603855,1578.63451125392
Sri Lanka,Mortalidad_Media,0.4607900577250575,0.0,0.03330707989766807,0.5750039867787653,1389.50625583936
Sri Lanka,Mortalidad_Media,2.9626128614720577,0.0,2.2378884916729977,2.489025079507668,1207.21994764165
Sri Lanka,Mortalidad_Media,3.2689731935437547,0.0,2.5615619753960637,2.414474726559855,1028.62068132555
Sri Lanka,Mortalidad_Media,3.1228418003624214,0.0,2.274144595550918,2.6167254067806125,946.382255128072
Sri Lanka,Mortalidad_Media,0.6391059334833713,0.0,0.0,0.8418388212680896,834.936014905338
Sri Lanka,Mortalidad_Media,2.645017555983302,0.0,3.8433007078418315,2.379122362107339,803.544026627385
Sri Lanka,Mortalidad_Media,2.641833713597073,0.0,3.87044398152236,2.3831918631751146,846.460813304966
Sri Lanka,Mortalidad_Media,0.2267181014962717,0.0,2.3395218728232483,0.0,741.838255293455
Sudan,Mortalidad_Alta,1.961132371514078,0.0,8.034641484314884,1.8741183435366402,1046.24084472656
Sudan,Mortalidad_Alta,2.1677712864570435,0.0,8.028411802400619,1.8737252651474918,712.122009277344
Sudan,Mortalidad_Alta,2.91034748973563,0.0,8.002177035214105,2.087483679590106,577.795227050781
Sudan,Mortalidad_Alta,2.949297366338863,0.0,7.813612220264526,2.08598761954525,709.975280761719
Sudan,Mortalidad_Alta,3.5581191170213824,0.0,6.787520678758701,2.1886029117196855,731.027465820313
Sudan,Mortalidad_Alta,3.6439053512758157,0.0,6.726784002303467,2.1934226545329016,966.505676269531
Sudan,Mortalidad_Alta,3.6423865690653368,0.0,7.491708496869662,2.2330331858297945,1033.21594238281
Sudan,Mortalidad_Alta,3.4177219619353374,0.0,9.706914130427709,2.280446049732749,1292.37963867188
Sudan,Mortalidad_Alta,1.330526622429249,0.0,6.2780719446843545,0.0,1275.43835449219
Sudan,Mortalidad_Alta,3.4486530344981627,0.0,9.712056258469108,2.2312791357812767,1138.62780761719
Sudan,Mortalidad_Alta,3.3156990778551596,0.0,10.466552161878486,2.192480561781378,1019.22210693359
Sudan,Mortalidad_Alta,3.1837025203917655,0.0,10.14921790599721,2.131765944637121,1332.6572265625
Sudan,Mortalidad_Alta,2.828311117982855,0.0,12.033433154707035,2.145702757564956,1305.63598632813
Sudan,Mortalidad_Alta,0.6168842869187727,0.0,8.832481879021357,0.0,1178.22180175781
Sudan,Mortalidad_Alta,2.2553995103696893,0.0,15.089889108766588,2.1132016261850364,1527.58239746094
Sudan,Mortalidad_Alta,2.074307454875903,0.0,15.49046200366415,2.0702717374435533,1444.37219238281
Sudan,Mortalidad_Alta,2.684185346171432,0.0,13.76919727285399,2.0927777013133895,1132.474609375
Sudan,Mortalidad_Alta,2.959007857228327,0.0,14.868466708934566,2.077485897239852,905.543640136719
Sudan,Mortalidad_Alta,3.0643507829760344,0.0,14.932849794850158,2.076617879805003,705.113342285156
Sudan,Mortalidad_Alta,2.834760370918719,0.0,15.61683477988571,2.141411775936847,580.320251464844
Sudan,Mortalidad_Alta,2.8073158348512255,0.0,15.620977858860407,2.1539687146419593,506.262634277344
Sudan,Mortalidad_Alta,3.144607887269589,0.0,14.724465726353515,2.1783522538085656,451.293304443359
Sudan,Mortalidad_Alta,3.4851939931861713,0.0,14.584861922779979,2.1968716088093028,362.116882324219
Sudan,Mortalidad_Alta,4.444768541603206,0.0,12.80351214071506,2.228220514172618,462.585235595703
Suriname,Mortalidad_Media,0.15462960882289795,0.0,0.2509671867351617,0.772881198033341,6084.43876736445
Suriname,Mortalidad_Media,2.954243732347136,0.0,2.593801845914331,2.497143516443876,5029.84838543953
Suriname,Mortalidad_Media,2.8816081858274813,0.0,2.3582931642628484,2.6063471660102357,4755.39221710693
Suriname,Mortalidad_Media,3.0500104239325876,0.0,2.3861985217001926,2.6715918581213782,6629.66775248603
Suriname,Mortalidad_Media,2.882625091654672,0.0,2.4533606853280387,2.5164230848986344,6665.74180472239
Suriname,Mortalidad_Media,2.699024389101877,0.0,2.7512405416377996,2.3277298196788334,6049.52128553675
Suriname,Mortalidad_Media,3.156238822926737,0.0,2.490414526223154,2.6573467250884897,5644.2061057532
Suriname,Mortalidad_Media,3.070369362556491,0.0,2.5390822726031472,2.5421529876917703,8813.61705392067
Suriname,Mortalidad_Media,2.9870893711044593,0.0,2.6016239974511413,2.490138529688183,9108.18905406764
Suriname,Mortalidad_Media,2.9259266997750935,0.0,2.639907007190575,2.404847582877183,9043.19281529222
Suriname,Mortalidad_Media,2.843295048882357,0.0,2.6650460714976227,2.324255550410754,8851.24050668908
Suriname,Mortalidad_Media,2.8273890564274287,0.0,2.71959632267398,2.348489088353943,7949.88867218383
Suriname,Mortalidad_Media,2.858873333563708,0.0,2.7647548235738437,2.291555058611843,7943.60482816915
Suriname,Mortalidad_Media,2.842353840259807,0.0,2.912140319506173,2.2178022865614353,7129.5768626291
Suriname,Mortalidad_Media,2.766003406088076,0.0,3.169231147635463,2.1483231724992238,6576.08546307249
Suriname,Mortalidad_Media,2.8097213897695092,0.0,3.3845910125328014,2.1290795267081912,5530.17615638309
Suriname,Mortalidad_Media,2.8795059202594655,0.0,3.3017514869147084,2.1824886136197255,5002.65798695759
Suriname,Mortalidad_Media,2.8839596082280146,0.0,3.306216319611692,2.164635368072206,3453.42865937765
Suriname,Mortalidad_Alta,2.9402709844816353,0.0,3.406975749386336,2.133277751573455,2887.7721728844
Suriname,Mortalidad_Alta,3.048259202132302,0.0,3.512067880887921,2.1147682210270995,2516.10404020956
Suriname,Mortalidad_Alta,3.1280693086174285,0.0,3.5580761053731065,2.1261854019287676,2202.340682196
Suriname,Mortalidad_Alta,3.1198994923164727,0.0,4.043465891778727,2.069417119314472,1714.64846637242
Suriname,Mortalidad_Alta,3.2927998031885255,0.0,3.9004285264657077,2.1038848079882384,1988.22172925433
Suriname,Mortalidad_Alta,2.8259885463585146,0.0,6.385837963062112,1.969812008159343,1609.82504373206
Sweden,Mortalidad_Baja,2.517277937899102,0.0,0.16181672332629715,5.9458441020744495,55296.9371472535
Sweden,Mortalidad_Baja,2.5165879319206876,0.0,0.17081544724977263,5.930901332051498,61174.9680215622
Sweden,Mortalidad_Baja,2.508258878794055,0.0,0.11058890647687475,5.706528401315024,52653.7565934247
Sweden,Mortalidad_Baja,2.466919839681399,0.0,0.17218032948682374,5.834470930076622,51773.0464558993
Sweden,Mortalidad_Baja,2.556343619060389,0.0,0.20623863450888094,6.108497361282567,54181.9069780904
Sweden,Mortalidad_Baja,2.4510860464559348,0.0,0.20381913515917358,5.8376011753932735,53300.8587281785
Sweden,Mortalidad_Baja,2.4534535156002186,0.0,0.19610008831768017,5.791375613537289,51820.3972482676
Sweden,Mortalidad_Baja,2.454492090881752,0.0,0.15432753147408843,5.7147001165048,51197.9529341175
Sweden,Mortalidad_Baja,2.5952722374137625,0.0,0.20285232545359017,6.103696480815007,59583.7140001673
Sweden,Mortalidad_Baja,2.597343534127923,0.0,0.2367967445505575,6.208302987184309,60844.2767113975
Sweden,Mortalidad_Baja,2.5268954892305144,0.0,0.2677308398412555,6.188434948862129,57749.8251328664
Sweden,Mortalidad_Baja,2.4641278920628986,0.0,0.26636528169422025,6.139281041953038,60379.7748160321
Sweden,Mortalidad_Baja,2.4731216820063513,0.0,0.2985723677978265,6.248213325125838,52542.8274141037
Sweden,Mortalidad_Baja,2.5356381462597817,0.0,0.21851639294850417,6.028088511586065,46707.8673215418
Sweden,Mortalidad_Baja,2.462865049619061,0.0,0.30079892036044636,6.175028521425235,55817.4392710726
Sweden,Mortalidad_Baja,2.404313401228443,0.0,0.3160656719796856,6.157103692157015,53568.5645523213
Sweden,Mortalidad_Baja,2.4479598272458216,0.0,0.33312730420693726,6.226299304284365,46531.6001120572
Sweden,Mortalidad_Baja,2.49881769860342,0.0,0.36226662079772287,6.37026240100541,43378.6152117149
Sweden,Mortalidad_Baja,2.4465191385356415,0.0,0.3675808368505856,6.355601633455435,42758.2015503417
Sweden,Mortalidad_Baja,2.3509859070262986,0.0,0.3538161809812954,6.0905050503719025,37292.4214343004
Sweden,Mortalidad_Baja,2.398651557627268,0.0,0.3766985248550803,6.3108079228921685,29957.9387652616
Sweden,Mortalidad_Baja,2.3772647490348584,0.0,0.36028149234785206,6.235562102525821,27259.4806735435
Sweden,Mortalidad_Baja,2.3490602756233887,0.0,0.31928875255504585,6.0936461933036,29632.7736101599
Sweden,Mortalidad_Baja,2.111560194449267,0.0,0.3903305201779835,5.874516266609161,30254.2972932631
Switzerland,Mortalidad_Baja,4.830896312818043,0.0,1.8444865719978174,6.402031490215701,94394.5106803525
Switzerland,Mortalidad_Baja,2.7186428772254176,0.0,0.0,5.061773180012847,93664.7736696111
Switzerland,Mortalidad_Baja,2.7655680678181707,0.0,0.0,5.116841412680726,85897.7843338323
Switzerland,Mortalidad_Baja,2.7849426226073275,0.0,0.0,5.201149481066067,84121.9310304414
Switzerland,Mortalidad_Baja,2.700535133902758,0.0,0.0,4.955893703614763,85217.3691512274
Switzerland,Mortalidad_Baja,2.658192088022208,0.0,0.0,4.846681444262932,82254.3770471336
Switzerland,Mortalidad_Baja,2.7595787228332123,0.0,0.0,5.08167720442761,82153.0745447889
Switzerland,Mortalidad_Baja,2.744319908445543,0.0,0.0,5.080794040828512,83806.4476003837
Switzerland,Mortalidad_Baja,2.7639326792188488,0.0,0.0,5.215768965050394,88724.9910735609
Switzerland,Mortalidad_Baja,2.777666375551716,0.0,0.0,5.342273585639203,87304.3305813557
Switzerland,Mortalidad_Baja,2.7668055532690166,0.0,0.0,5.266102713026898,85836.2076767359
Switzerland,Mortalidad_Baja,2.764530597212159,0.0,0.0,5.34832439788099,90476.7589651577
Switzerland,Mortalidad_Baja,2.7908313551288857,0.0,0.007097989229768842,5.4155149799218965,76531.3728182297
Switzerland,Mortalidad_Baja,2.7778801977933427,0.0,0.012061940856157749,5.438903147509849,71568.3123885672
Switzerland,Mortalidad_Baja,2.7015667008129154,0.0,0.019722856031171743,5.427164662298026,74175.1927898555
Switzerland,Mortalidad_Baja,2.6896167310403616,0.0,0.01071690368267264,5.3716574693417165,64989.1553256031
Switzerland,Mortalidad_Baja,2.7102038070611005,0.0,0.04237595379546377,5.4776562517257315,59011.0324592016
Switzerland,Mortalidad_Baja,4.609545980333181,0.0,1.9093900701889153,6.399197140827847,56242.8933645639
Switzerland,Mortalidad_Baja,2.557655314844779,0.0,0.01941365738376577,5.073970674779578,54659.4571488233
Switzerland,Mortalidad_Baja,4.521044143854214,0.0,1.907652546803246,6.212093008044452,49335.7456291067
Switzerland,Mortalidad_Baja,2.5239886401128837,0.0,0.03991292486161302,5.074141434250551,42458.7384679187
Switzerland,Mortalidad_Baja,4.559139177858038,0.0,1.9294467014437284,6.424919898720408,39638.7911061864
Switzerland,Mortalidad_Baja,2.5484902796629223,0.0,0.026029099501859276,5.087128378728807,38865.021939688
Switzerland,Mortalidad_Baja,4.323343675501984,0.0,1.9254635317066753,5.926223993275,50113.8321221345
Tajikistan,Mortalidad_Media,1.826122943449819,0.0,7.510580345072269,2.1209521183441447,1052.17949484894
Tajikistan,Mortalidad_Media,1.8918298828950315,0.0,7.410121582982066,2.0228577199598186,896.748053372182
Tajikistan,Mortalidad_Media,2.052084070029491,0.0,7.33912107531616,2.05479331835614,834.311715460625
Tajikistan,Mortalidad_Media,1.9851348946408682,0.0,6.525565098570618,2.016722128921543,871.022372934846
Tajikistan,Mortalidad_Media,2.010242663276472,0.0,6.322706255038261,1.99879504955938,834.288404578801
Tajikistan,Mortalidad_Media,2.13160735042823,0.0,6.285093410054238,2.046679181937616,829.45714764957
Tajikistan,Mortalidad_Media,2.1302741969120906,0.0,6.784849282374857,2.0993392013303165,788.710481734485
Tajikistan,Mortalidad_Media,0.06921043094569201,0.0,3.320937671269742,0.0,956.916310930656
Tajikistan,Mortalidad_Media,2.2914563017744585,0.0,7.109606940681992,2.1658913572445857,1081.54402932039
Tajikistan,Mortalidad_Media,2.495495620740691,0.0,6.2269131350823805,2.142009018952134,1028.19704279396
Tajikistan,Mortalidad_Media,2.4851266324803816,0.0,6.837982653798374,2.167830306140563,952.452819695469
Tajikistan,Mortalidad_Media,2.4904960318680662,0.0,7.185951410299885,2.1751454490283724,833.601978202852
Tajikistan,Mortalidad_Media,2.7705814143042926,0.0,6.016710321797523,2.1550868829165144,737.338883219356
Tajikistan,Mortalidad_Media,0.5705710758912788,0.0,2.6347967791676847,0.0,664.795655734657
Tajikistan,Mortalidad_Media,2.825267565744197,0.0,6.391927347915353,2.1381835635511806,703.327375898643
Tajikistan,Mortalidad_Media,0.5878272140853202,0.0,3.233571571660848,0.0,516.997210618914
Tajikistan,Mortalidad_Media,2.8498579120991567,0.0,7.445076166325439,2.150035264982144,401.018403316427
Tajikistan,Mortalidad_Alta,2.962965972642168,0.0,7.631359144507074,2.1603185626071606,333.927150941684
Tajikistan,Mortalidad_Alta,0.8735564670297771,0.0,4.020652270702317,0.0,305.745158587502
Tajikistan,Mortalidad_Alta,0.8033852473398071,0.0,5.669500172601888,0.0,233.58124845289
Tajikistan,Mortalidad_Alta,3.0458141259458817,0.0,9.585949736479579,2.1750468071991267,186.951638285222
Tajikistan,Mortalidad_Alta,3.0824242601576013,0.0,10.4626501853509,2.17680569812692,168.676285365186
Tajikistan,Mortalidad_Alta,3.2241391691691934,0.0,11.021660698101751,2.1862094048340013,136.925716400723
Tajikistan,Mortalidad_Alta,3.0912582454889446,0.0,15.867441345470567,2.1491485100741854,207.034457343036
Tanzania,Mortalidad_Media,2.1195056911079093,0.0,8.69729815515027,2.0218750274150175,1207.85302734375
Tanzania,Mortalidad_Alta,2.2814704326474344,0.0,8.729196343858035,2.0518719278546307,1159.85656738281
Tanzania,Mortalidad_Alta,2.3276871179280767,0.0,8.677999516925514,2.073114315313576,1117.41528320313
Tanzania,Mortalidad_Alta,2.4884750755909684,0.0,8.77294672996563,2.0949752422122265,1063.32250976563
Tanzania,Mortalidad_Alta,0.48531701412240685,0.0,5.093619838888691,0.0,1023.10626220703
Tanzania,Mortalidad_Alta,2.64618363364032,0.0,9.418634498881106,2.13799793097391,986.674011230469
Tanzania,Mortalidad_Alta,2.82157859644229,0.0,9.052199941479643,2.126196163638372,953.0107421875
Tanzania,Mortalidad_Alta,2.9479934013117335,0.0,8.86675618939662,2.116094202694283,939.127319335938
Tanzania,Mortalidad_Alta,3.094398633618788,0.0,8.720933162316818,2.131754081129522,1022.74841308594
Tanzania,Mortalidad_Alta,3.097800729969573,0.0,9.162678885833474,2.1261945469533674,963.05712890625
Tanzania,Mortalidad_Alta,3.197691462666652,0.0,9.221416092290347,2.1392769362702415,861.969909667969
Tanzania,Mortalidad_Alta,1.2558339418126199,0.0,4.998643719108951,0.0,775.392761230469
Tanzania,Mortalidad_Alta,3.4969796568536586,0.0,8.913337082730006,2.1298932436991143,736.530151367188
Tanzania,Mortalidad_Alta,3.625952910269334,0.0,8.998987999592378,2.1287685925611903,693.823547363281
Tanzania,Mortalidad_Alta,3.742618138252506,0.0,9.035469647596898,2.130256431362669,675.977233886719
Tanzania,Mortalidad_Alta,1.7991415822784118,0.0,4.887700216554828,0.0,543.198303222656
Tanzania,Mortalidad_Alta,4.094476586346995,0.0,8.992012384522544,2.1332825884561193,475.746734619141
Tanzania,Mortalidad_Alta,4.201609841163467,0.0,9.554874608371104,2.1504156643349956,483.334869384766
Tanzania,Mortalidad_Alta,4.328999945544319,0.0,10.04689218104519,2.149002066478472,450.385284423828
Tanzania,Mortalidad_Alta,4.576264764218654,0.0,10.131159441487535,2.169941310851714,422.18359375
Tanzania,Mortalidad_Alta,4.814388374976227,0.0,10.279106957590805,2.1649695077517843,402.649047851563
Tanzania,Mortalidad_Alta,5.063834733102217,0.0,10.66956581444205,2.2027490190441723,396.638732910156
Tanzania,Mortalidad_Alta,3.2039151813183047,0.0,6.963884198823756,0.0,401.698150634766
Tanzania,Mortalidad_Alta,4.589691195927174,0.0,15.65678239795627,2.084231293934867,258.418334960938
Thailand,Mortalidad_Baja,0.5387193128089056,0.0,0.033254845452275195,1.0945519603976446,6909.35281815827
Thailand,Mortalidad_Baja,0.6845529582962613,0.0,0.0,1.47826967727213,7057.20754802279
Thailand,Mortalidad_Baja,0.7442409259040452,0.0,0.0,1.439876689891113,6985.64393892574
Thailand,Mortalidad_Baja,0.6510902107233667,0.0,0.040054010126720885,1.2039925761403065,7605.69657797759
Thailand,Mortalidad_Baja,0.5532548689222556,0.0,0.06307623177067395,1.0818238267766733,7099.77650081458
Thailand,Mortalidad_Baja,0.6251124314285139,0.0,0.03652300834886496,1.3147279472545899,6413.09182530343
Thailand,Mortalidad_Baja,0.5397241287723775,0.0,0.0659422366688533,1.169410674565491,5833.57715617098
Thailand,Mortalidad_Baja,0.4222939451417807,0.0,0.0899064712894958,0.9692915077844642,5688.85335397884
Thailand,Mortalidad_Baja,0.2733064188945477,0.0,0.12163126883726144,0.8067990267730987,5801.1978916205
Thailand,Mortalidad_Baja,0.1835190184068436,0.0,0.1754663737009167,0.7719759311643154,6018.08244729255
Thailand,Mortalidad_Baja,0.15948213415394763,0.0,0.19197598186368972,0.7517747217701503,5725.52802835463
Thailand,Mortalidad_Baja,0.10185112993918716,0.0,0.23874582492818655,0.6724656854575979,5373.6232832898
Thailand,Mortalidad_Media,0.09590508642137968,0.0,0.23849121042809518,0.7082638715111672,4973.86288823778
Thailand,Mortalidad_Media,0.18218027381531637,0.0,0.20950737526293037,0.6532095412504954,4135.43986952819
Thailand,Mortalidad_Media,0.16774082069676016,0.0,0.21687591847911888,0.7004875229367766,4309.13509292986
Thailand,Mortalidad_Media,0.23368002255759435,0.0,0.17344287111953519,0.7398284939021703,3918.52817434581
Thailand,Mortalidad_Media,0.23867068525499252,0.0,0.2001856852235465,0.684680864296991,3331.32043511773
Thailand,Mortalidad_Media,2.8090615781869146,0.0,2.3486026716305197,2.5490219084346357,2867.70383436062
Thailand,Mortalidad_Media,0.30287014363527986,0.0,0.246687710436752,0.5632691943555729,2641.56268717857
Thailand,Mortalidad_Media,2.83645435972342,0.0,2.389226649445483,2.518497402993126,2347.54001286066
Thailand,Mortalidad_Media,0.41808977885323345,0.0,0.24754533608968488,0.520442626111377,2089.75183111554
Thailand,Mortalidad_Media,3.0090051861927183,0.0,2.4101479940163606,2.5068189831564336,1889.93432467144
Thailand,Mortalidad_Media,0.4794240190245726,0.0,0.3208769288312096,0.42277732936253853,2005.97694514234
Thailand,Mortalidad_Media,3.4664200588355962,0.0,2.3460237418715923,3.068274227665517,2864.36515719866
Timor-Leste,Mortalidad_Media,2.8194360696696674,0.0,5.002891250188948,1.9024289550087357,2343.24523350389
Timor-Leste,Mortalidad_Alta,2.717681130872028,0.0,5.448968209118698,1.8458538267833817,2684.82702378987
Timor-Leste,Mortalidad_Media,3.348790615939088,0.0,4.530112213569935,2.023831013209537,1630.86938521256
Timor-Leste,Mortalidad_Alta,3.6917416629026416,0.0,4.004644688711706,2.1143776603587954,1562.36458068032
Timor-Leste,Mortalidad_Alta,4.2196664969239235,0.0,3.413901000036707,2.2977923788371513,1219.46599728983
Timor-Leste,Mortalidad_Alta,4.2754907671991464,0.0,3.3945869435695393,2.2475468120071604,1266.17767952941
Timor-Leste,Mortalidad_Alta,4.217834086884243,0.0,3.6823250594058083,2.1917230152663802,1335.54390089814
Timor-Leste,Mortalidad_Alta,4.134051632032547,0.0,4.219035660596337,2.182568975288056,1319.59297370991
Timor-Leste,Mortalidad_Alta,1.6479731053630176,0.0,2.1729553450341133,0.0,1224.74957758801
Timor-Leste,Mortalidad_Alta,4.0991705861800565,0.0,5.407787702296291,2.168536727199161,1204.56841532931
Timor-Leste,Mortalidad_Alta,4.36170089836341,0.0,5.78197304532897,2.2688064260942244,1022.61903188429
Timor-Leste,Mortalidad_Alta,4.442330932247445,0.0,5.352871904678047,2.2472291759505802,939.045241112693
Timor-Leste,Mortalidad_Alta,4.515454456984361,0.0,6.0747913970828336,2.2837623404175025,813.060177250597
Timor-Leste,Mortalidad_Alta,4.537963475614499,0.0,6.177556292921993,2.2551174898535313,686.579295832381
Timor-Leste,Mortalidad_Alta,4.2517420810109,0.0,8.013366221909033,2.238382939453727,628.153219252849
Timor-Leste,Mortalidad_Alta,2.2097044167811797,0.0,4.76081164266473,0.0,540.154584237662
Timor-Leste,Mortalidad_Alta,4.464751530120675,0.0,9.00505560321021,2.3250683753844097,464.667001844159
Timor-Leste,Mortalidad_Alta,4.653897810037721,0.0,8.371311434672839,2.2823404445724087,487.464555404292
Timor-Leste,Mortalidad_Alta,4.620117160999047,0.0,9.453669705389336,2.3075483633716045,474.420767344689
Timor-Leste,Mortalidad_Alta,4.889855109146144,0.0,8.410964321297735,2.2632939956989246,534.901153697657
Timor-Leste,Mortalidad_Alta,5.0120972024061485,0.0,8.842222067699277,2.2900076216039866,533.982476434866
Timor-Leste,Mortalidad_Alta,2.9448400127388266,0.0,4.728227947168657,0.0,587.804355560918
Timor-Leste,Mortalidad_Alta,4.834826546157433,0.0,10.794172428936454,2.206822002750364,492.457669429651
Timor-Leste,Mortalidad_Alta,5.252124308317192,0.0,23.777003788812415,2.352055164274134,302.736982028369
Togo,Mortalidad_Alta,3.6394776744240662,0.0,5.760123384778318,2.1223345507986564,898.758154410712
Togo,Mortalidad_Alta,1.363162653334422,0.0,2.8123408342545186,0.0,939.613373786407
Togo,Mortalidad_Alta,3.7721101072676864,0.0,5.985433194458079,2.11302098444302,853.578220263722
Togo,Mortalidad_Alta,3.7992379572047734,0.0,6.209577928205456,2.130174615509898,826.260654099894
Togo,Mortalidad_Alta,1.4438041325029587,0.0,3.256665062347469,0.0,851.130806891807
Togo,Mortalidad_Alta,3.8469989872624124,0.0,6.545222445065484,2.093051673775471,792.765487219069
Togo,Mortalidad_Alta,3.9310049914880256,0.0,6.801153936697844,2.1250732448845704,772.581787093976
Togo,Mortalidad_Alta,1.6269269924593162,0.0,3.497416952315898,0.0,751.052405084336
Togo,Mortalidad_Alta,4.029333795395146,0.0,7.074480493039614,2.1327464658676676,855.585284856656
Togo,Mortalidad_Alta,4.222389595089622,0.0,6.807914616877526,2.1429113462752056,826.543259457126
Togo,Mortalidad_Alta,4.275834896080565,0.0,7.244257626559965,2.154827488452446,762.392047587088
Togo,Mortalidad_Alta,1.9656381974903694,0.0,3.8896069039454138,0.0,783.989380490906
Togo,Mortalidad_Alta,4.328956773738658,0.0,7.611685714655295,2.1335674523324233,704.987164181378
Togo,Mortalidad_Alta,4.393070494271852,0.0,7.8495796564125335,2.151433796901614,720.694168794129
Togo,Mortalidad_Alta,4.3889968712434175,0.0,7.995056150396345,2.141918879033609,718.948786366771
Togo,Mortalidad_Alta,4.532497523526444,0.0,7.112785761518105,2.0948329678195137,607.588224471809
Togo,Mortalidad_Alta,2.409799580588002,0.0,4.092085547396453,0.0,552.50227125256
Togo,Mortalidad_Alta,4.808188178708426,0.0,7.441791236352624,2.195578233280857,551.259850017077
Togo,Mortalidad_Alta,4.845138434560011,0.0,7.329416355226906,2.1767200908685815,560.266308533382
Togo,Mortalidad_Alta,4.880078689942342,0.0,7.403154403156065,2.166399231933096,538.16537776929
Togo,Mortalidad_Alta,4.931157921263944,0.0,7.765406669438324,2.175251676699188,445.238691488925
Togo,Mortalidad_Alta,5.084038979090067,0.0,7.57172777905604,2.179649213230663,396.692654520135
Togo,Mortalidad_Alta,5.053515104752185,0.0,7.887546004956921,2.166864831264876,409.889802792768
Togo,Mortalidad_Alta,5.416528245094893,0.0,8.15221060468331,2.1290478714582153,419.220334892756
Trinidad and Tobago,Mortalidad_Media,3.9540328984301283,0.0,3.6504903212853828,8.289874403620999,20874.37682915
Trinidad and Tobago,Mortalidad_Media,4.048822599283474,0.0,3.6365917047820315,7.987487407471705,17679.1812561341
Trinidad and Tobago,Mortalidad_Media,4.337797253623222,0.0,3.4564680511207895,7.832460278718303,15358.8612973066
Trinidad and Tobago,Mortalidad_Media,4.348492948742532,0.0,3.8443544396894733,8.745129949592531,17293.4730123427
Trinidad and Tobago,Mortalidad_Media,4.243485201888451,0.0,3.7691913853659127,8.560338044339874,17575.8042838042
Trinidad and Tobago,Mortalidad_Media,4.3668827817219595,0.0,3.698276657161104,8.649311450649039,17578.6417765865
Trinidad and Tobago,Mortalidad_Media,4.420461690808564,0.0,3.7006386255298174,8.679624768150479,17449.1623528186
Trinidad and Tobago,Mortalidad_Media,4.5133332866145,0.0,3.980348064657859,9.657244484365224,19887.2337359338
Trinidad and Tobago,Mortalidad_Media,4.276914989607588,0.0,4.226043274508638,9.879266008093044,21908.3017802988
Trinidad and Tobago,Mortalidad_Media,4.1631135182044074,0.0,4.187175281024666,9.604247758418117,21304.9776454565
Trinidad and Tobago,Mortalidad_Media,4.136423194948223,0.0,4.256413496758579,9.84753313151853,20332.1389531925
Trinidad and Tobago,Mortalidad_Media,3.920241932715382,0.0,4.465634354319112,10.091891687582619,19151.0870229722
Trinidad and Tobago,Mortalidad_Media,4.046131063640555,0.0,4.428868631589165,10.142308684946027,16815.424737361
Trinidad and Tobago,Mortalidad_Media,3.995884413503946,0.0,4.271123730480705,9.558246428760468,14634.0565003912
Trinidad and Tobago,Mortalidad_Media,3.4830582523900864,0.0,4.563398797198328,9.490178843310822,21298.9945258063
Trinidad and Tobago,Mortalidad_Media,3.768781523418371,0.0,4.565595118337176,10.039041134942519,16606.675360681
Trinidad and Tobago,Mortalidad_Media,3.7172792588240355,0.0,4.26399909974427,9.520494601364554,14152.6607422113
Trinidad and Tobago,Mortalidad_Media,3.6777606664983082,0.0,4.120648289116869,8.971077176250116,12346.4373094075
Trinidad and Tobago,Mortalidad_Media,3.7260489163988058,0.0,3.646420744198675,7.783813088018967,9871.03419820086
Trinidad and Tobago,Mortalidad_Media,3.877999235583989,0.0,3.53098027893029,7.775555972495054,8445.04653518298
Trinidad and Tobago,Mortalidad_Media,4.086734097996779,0.0,3.2421965745315915,7.134035612292971,6762.93080808096
Trinidad and Tobago,Mortalidad_Media,3.9574664556717227,0.0,3.26234393882523,6.600837829619607,6657.41466937221
Trinidad and Tobago,Mortalidad_Media,3.852026920710375,0.0,3.2287758671173186,6.0964982615762535,6178.58975559687
Trinidad and Tobago,Mortalidad_Media,3.5419782011169376,0.0,3.0690419233262776,3.734390958890587,4114.68908475464
Tunisia,Mortalidad_Baja,3.252576074477179,0.0,2.0801917241309615,2.8028561246162975,3708.8481241036
Tunisia,Mortalidad_Media,0.6879627728413595,0.0,0.0,0.7999597068145239,3906.93926319391
Tunisia,Mortalidad_Media,3.1671629753665633,0.0,2.193170345775072,2.6154121933404406,3548.65363663803
Tunisia,Mortalidad_Baja,3.1348875276478503,0.0,2.2006289553408136,2.5863738092680952,3528.87213306798
Tunisia,Mortalidad_Baja,3.122675192355756,0.0,2.2194754624593136,2.5793422206376984,3628.10366464236
Tunisia,Mortalidad_Media,3.184651188703095,0.0,2.1989522858732546,2.6142532268439385,3619.03247319953
Tunisia,Mortalidad_Media,3.192897262603121,0.0,2.1791020348417476,2.62906010146865,3847.80354448809
Tunisia,Mortalidad_Media,0.6669606388686562,0.0,0.0,0.8376587180573027,4014.94773686432
Tunisia,Mortalidad_Media,3.0814071523839313,0.0,2.1998772758165868,2.5772218979105364,4458.97895464547
Tunisia,Mortalidad_Media,3.1041424649907166,0.0,2.192872841714993,2.5889475277537692,4369.79345826358
Tunisia,Mortalidad_Media,3.1056111243515554,0.0,2.1698174682667486,2.62803559806989,4297.26782454273
Tunisia,Mortalidad_Media,3.093223643440981,0.0,2.1676487285932997,2.603449011106981,4420.64772206537
Tunisia,Mortalidad_Media,0.594162499271832,0.0,0.0,0.9298935350420658,4291.86120891575
Tunisia,Mortalidad_Media,3.0455210479814605,0.0,2.1973080643878458,2.5608854168754114,4080.09032448781
Tunisia,Mortalidad_Media,3.0524221217410292,0.0,2.1456123606908015,2.671597530490849,4255.05008019523
Tunisia,Mortalidad_Media,3.124276142968723,0.0,2.1375975555385254,2.735883516103413,3726.91672935667
Tunisia,Mortalidad_Media,3.1586285159967007,0.0,2.151146783737228,2.7460060913231255,3322.56933570096
Tunisia,Mortalidad_Media,0.6505147245885774,0.0,0.0,0.9413610833549643,3146.8260743927
Tunisia,Mortalidad_Media,3.1108209276211674,0.0,2.220663590885765,2.6494244061336474,3067.41936376975
Tunisia,Mortalidad_Media,3.183194363041717,0.0,2.158522545786804,2.782137738460176,2725.8643148859
Tunisia,Mortalidad_Media,3.2040870831655472,0.0,2.195849176754975,2.725091299411367,2320.7723805785
Tunisia,Mortalidad_Media,3.1344888418568453,0.0,2.305123872393672,2.5827123836099184,2235.71981624751
Tunisia,Mortalidad_Media,0.6062278101706611,0.0,0.22920708133573267,0.7555618883333228,2199.04465936314
Tunisia,Mortalidad_Media,0.5548592849730252,0.0,0.9994061127919159,0.4688236437211114,1968.16600944373
Uganda,Mortalidad_Media,2.526240083294807,0.0,7.295862696219757,2.137143681123879,963.067314233497
Uganda,Mortalidad_Alta,2.6460021350346903,0.0,7.341064046761624,2.1347910334384426,882.791717442001
Uganda,Mortalidad_Alta,2.72816127879508,0.0,7.363271643908813,2.1565387664427287,845.76646385001
Uganda,Mortalidad_Alta,0.5278704572982869,0.0,3.6585182321852248,0.0,822.171150141651
Uganda,Mortalidad_Alta,2.8442332452764605,0.0,7.216678156376944,2.123237407290201,792.16570022814
Uganda,Mortalidad_Alta,2.9289939095943276,0.0,7.376248047377986,2.123027362289049,765.218332297361
Uganda,Mortalidad_Alta,0.8292887989681164,0.0,3.7921988237512507,0.0,752.696571725656
Uganda,Mortalidad_Alta,3.164252949092437,0.0,7.627077849727461,2.1365826395687453,862.934610355811
Uganda,Mortalidad_Alta,3.230003630470386,0.0,8.162332487335625,2.1538598018902024,896.054795546394
Uganda,Mortalidad_Alta,3.3173108411993066,0.0,8.53620961910564,2.1622934604588075,818.285427416713
Uganda,Mortalidad_Alta,1.266951100602723,0.0,5.079317955976407,0.0,795.222867553127
Uganda,Mortalidad_Alta,3.5155309240422814,0.0,9.41475643203577,2.1814806844789754,835.620060555838
Uganda,Mortalidad_Alta,3.4990141726054613,0.0,10.624760997468183,2.198061855041445,823.488144282
Uganda,Mortalidad_Alta,1.5622788985053202,0.0,7.123606453440001,0.0,798.947089938247
Uganda,Mortalidad_Alta,4.137573603679124,0.0,8.15165037514563,2.1287641119800695,472.842681495852
Uganda,Mortalidad_Alta,4.284529330232531,0.0,8.650527289798141,2.1428353900839805,401.389130865581
Uganda,Mortalidad_Alta,4.424885102115482,0.0,9.313225715177493,2.1493117187766986,346.518255310647
Uganda,Mortalidad_Alta,2.4874919516382756,0.0,6.055665929678054,0.0,330.405402707025
Uganda,Mortalidad_Alta,5.107177097304806,0.0,8.93529476351378,2.175633310096896,292.38185796262
Uganda,Mortalidad_Alta,5.021936782473462,0.0,10.607252222326352,2.1781663362201864,250.71543664681
Uganda,Mortalidad_Alta,3.2247674876510013,0.0,6.413207181964922,0.0,241.984688408335
Uganda,Mortalidad_Alta,5.211362113123551,0.0,12.161087234596708,2.1786190351105836,236.021188853993
Uganda,Mortalidad_Alta,5.364305282950911,0.0,12.309927303409461,2.15755902263177,258.050338731086
Uganda,Mortalidad_Alta,4.768384508943786,0.0,18.281675752605516,2.2086774590077036,278.520835668767
Ukraine,Mortalidad_Media,3.2286077586541513,0.0,2.2128796772804837,2.805886102959266,4199.6708984375
Ukraine,Mortalidad_Media,2.815865589503547,0.0,2.3681714439066774,2.733957109118481,4775.94580078125
Ukraine,Mortalidad_Media,0.4757382138637353,0.0,0.0504763492969868,0.9679195063180883,3709.76928710938
Ukraine,Mortalidad_Media,0.27893467187748494,0.0,0.1292822443961512,0.6549211151423815,3619.86157226563
Ukraine,Mortalidad_Media,0.10221250629925255,0.0,0.22460938091016544,0.6015884207128407,3059.0517578125
Ukraine,Mortalidad_Media,0.08845028580009476,0.0,0.23425008996097413,0.5987870924663444,2604.28759765625
Ukraine,Mortalidad_Media,0.011249961269967343,0.0,0.3210924855625612,0.5065892305500442,2158.46118164063
Ukraine,Mortalidad_Media,0.06084210914067706,0.0,0.3152859930294696,0.46559988577591926,2094.47387695313
Ukraine,Mortalidad_Media,0.18669902481358475,0.0,0.26146102384812564,0.43093956334676853,3054.908203125
Ukraine,Mortalidad_Media,0.3191356033680022,0.0,0.22018584319643342,0.5414368043750857,4129.89697265625
Ukraine,Mortalidad_Media,0.2602392340054061,0.0,0.26771519997531945,0.6242357976886483,3951.34228515625
Ukraine,Mortalidad_Media,0.20901456642675392,0.0,0.2931434544197473,0.5636023904069071,3656.69799804688
Ukraine,Mortalidad_Media,0.3492557866598385,0.0,0.2856115995297586,0.7499158300316286,3039.63232421875
Ukraine,Mortalidad_Media,0.44638390317749094,0.0,0.2892636925703609,0.5753190658040155,2607.08764648438
Ukraine,Mortalidad_Media,0.4155562079915565,0.0,0.4276889679144017,0.7334681389655939,4017.806640625
Ukraine,Mortalidad_Media,0.3954979117060141,0.0,0.5024091678437325,0.6559516717236122,3160.32763671875
Ukraine,Mortalidad_Media,0.2912801614808203,0.0,0.5446997926589383,0.3880240824470625,2366.494140625
Ukraine,Mortalidad_Media,0.2635065186802658,0.0,0.554949101580322,0.4408808123908874,1875.33508300781
Ukraine,Mortalidad_Media,0.31563182185481153,0.0,0.5129350664043248,0.44479481489242956,1401.01806640625
Ukraine,Mortalidad_Media,0.24234950671577948,0.0,0.6772138865602274,0.32814515445428905,1076.48156738281
Ukraine,Mortalidad_Media,0.1514453856971367,0.0,1.1810361888716288,0.0,903.011901855469
Ukraine,Mortalidad_Media,2.7185835681301933,0.0,3.7615661701294605,2.2337143308935175,800.49072265625
Ukraine,Mortalidad_Media,2.5206340176583484,0.0,4.366543123472494,2.1806868893677844,653.294311523438
Ukraine,Mortalidad_Media,0.2922737684284316,0.0,1.902886802656396,0.0,933.191772460938
United Arab Emirates,Mortalidad_Baja,3.8269997174883796,0.0,3.0795445840799025,8.234306565097167,49899.0652975197
United Arab Emirates,Mortalidad_Baja,3.9503492528777704,0.0,3.042999677191994,8.089264831353749,43360.0211001327
United Arab Emirates,Mortalidad_Baja,4.1084130897488444,0.0,2.9157204959999192,7.902029656723121,37173.8754093066
United Arab Emirates,Mortalidad_Baja,4.228590730062586,0.0,3.0472314308034725,8.868893080967963,44251.4541398817
United Arab Emirates,Mortalidad_Baja,2.050789132209085,0.0,0.8798144124436794,7.183718907975205,45689.8570049401
United Arab Emirates,Mortalidad_Baja,4.233859762957312,0.0,3.0105415024032873,8.538056369711336,42340.5917160161
United Arab Emirates,Mortalidad_Baja,4.424005164902859,0.0,3.269133569292681,9.3917807025266,41326.4018161569
United Arab Emirates,Mortalidad_Baja,4.302964251653511,0.0,3.2767670678618908,9.22746804224612,43534.9972694631
United Arab Emirates,Mortalidad_Baja,3.886619992018972,0.0,3.32224286773639,8.818889261274009,51381.4069901746
United Arab Emirates,Mortalidad_Baja,1.6792614551537142,0.0,1.048545453885119,6.840742543500954,52023.5170959441
United Arab Emirates,Mortalidad_Baja,3.568482337769809,0.0,3.2614953227012244,8.066044858461604,52034.4762476071
United Arab Emirates,Mortalidad_Baja,3.5705152378547957,0.0,3.226641433525104,8.096589263530534,50789.050540755
United Arab Emirates,Mortalidad_Baja,3.757408759785876,0.0,3.24024240563897,8.092867473456117,43696.6712590463
United Arab Emirates,Mortalidad_Baja,3.7891250570811463,0.0,3.210287021252599,8.221060277150126,37803.0663738777
United Arab Emirates,Mortalidad_Baja,3.6023407278768893,0.0,3.2765681242655047,8.378474294397682,50054.1700681803
United Arab Emirates,Mortalidad_Baja,3.6805099862211637,0.0,3.1514502610894524,8.08535851206717,45854.7325158162
United Arab Emirates,Mortalidad_Baja,3.577478440151127,0.0,3.2037274435747753,8.157606288368251,44342.6048322482
United Arab Emirates,Mortalidad_Baja,3.587869609946622,0.0,3.238051087487693,7.935814639884603,38719.3138307623
United Arab Emirates,Mortalidad_Baja,3.91619448205578,0.0,3.092324013640577,8.517556696510072,33376.7152295209
United Arab Emirates,Mortalidad_Baja,4.274836531339423,0.0,3.072924757433992,9.565386311347678,29659.5428567811
United Arab Emirates,Mortalidad_Baja,4.393574960842642,0.0,3.1569225003591566,9.930496803418357,27753.6089526346
United Arab Emirates,Mortalidad_Baja,4.378795078898549,0.0,3.299768698452519,10.327050389118984,27745.1708087672
United Arab Emirates,Mortalidad_Baja,4.149827093049923,0.0,2.9306964818767263,8.784421616461739,29865.502347066
United Arab Emirates,Mortalidad_Media,4.30587146247866,0.0,3.34139376727619,9.315896472600603,27003.2006807782
United Kingdom,Mortalidad_Baja,4.637780866223593,0.0,1.7726153496849806,5.8406630806273965,46062.9914079698
United Kingdom,Mortalidad_Baja,2.662077501027133,0.0,0.0,4.6790388436830455,46926.475736105
United Kingdom,Mortalidad_Baja,2.7228977162600856,0.0,0.0,4.802453022133284,40404.8062238951
United Kingdom,Mortalidad_Baja,2.618326783906568,0.0,0.0,4.732920334641759,42794.0022648288
United Kingdom,Mortalidad_Baja,2.5450455484949175,0.0,0.0,4.600668821220915,43315.4874501318
United Kingdom,Mortalidad_Baja,2.5253495388749996,0.0,0.0,4.566128817749779,40629.2340347345
United Kingdom,Mortalidad_Baja,2.5377913877538756,0.0,0.0,4.582805738708753,40988.1044233026
United Kingdom,Mortalidad_Baja,2.4589721793199413,0.0,0.0,4.475171183300996,44983.885522934
United Kingdom,Mortalidad_Baja,2.41560450539056,0.0,0.0,4.429495845263131,47426.6209829995
United Kingdom,Mortalidad_Baja,2.4881682717669067,0.0,0.0,4.652452807171384,43419.0352598932
United Kingdom,Mortalidad_Baja,2.484066687593474,0.0,0.0,4.607907987064452,42490.1465463521
United Kingdom,Mortalidad_Baja,2.465839283583353,0.0,0.0,4.578676828679692,42109.6418795749
United Kingdom,Mortalidad_Baja,2.557935198732807,0.0,0.03408685714830323,4.772202035418041,39598.957119545
United Kingdom,Mortalidad_Baja,2.675415993909818,0.0,0.0,4.949537769639093,38744.131693043
United Kingdom,Mortalidad_Baja,2.619803190547573,0.0,0.0478960236908913,5.087023001990234,47396.1202078484
United Kingdom,Mortalidad_Baja,2.6688822700438086,0.0,0.08004957238691063,5.204504075062889,50397.6854954706
United Kingdom,Mortalidad_Baja,2.6587735117749847,0.0,0.10643715146309823,5.259952519003103,44512.4590296865
United Kingdom,Mortalidad_Baja,2.6898495018795514,0.0,0.12644621516785998,5.359800858754671,42104.7884375024
United Kingdom,Mortalidad_Baja,2.590758976249702,0.0,0.10660020190610936,5.1974172506602905,40366.8886650968
United Kingdom,Mortalidad_Baja,2.4561190877723305,0.0,0.11983089236162159,4.969341077786735,34442.6875402308
United Kingdom,Mortalidad_Baja,2.4796366239129712,0.0,0.11320751474585272,5.070120298130752,30077.741432188
United Kingdom,Mortalidad_Baja,2.483848077212641,0.0,0.14252248468959444,5.108599600325065,27906.5695029641
United Kingdom,Mortalidad_Baja,2.417391074837535,0.0,0.14981775441940381,5.084739132762115,28280.926786099
United Kingdom,Mortalidad_Baja,2.321794968778331,0.0,0.1370076514699085,4.978229561848059,23168.9529580171
United States,Mortalidad_Baja,3.05226099971117,0.0,0.40749109771734526,6.132426245081052,77860.9112908848
United States,Mortalidad_Baja,3.119903808598209,0.0,0.4166035440839773,6.150257338794638,71307.4017277218
United States,Mortalidad_Baja,3.1908975229780885,0.0,0.38056717924133593,6.154259929569962,64401.5074354212
United States,Mortalidad_Baja,3.227868861875499,0.0,0.43881228335010564,6.542034898493217,65227.9565911038
United States,Mortalidad_Baja,3.075314715261724,0.0,0.449759555282341,6.25415584597592,62875.6661382728
United States,Mortalidad_Baja,3.1716132997537505,0.0,0.41428996153210457,6.421475949211907,60047.7190728307
United States,Mortalidad_Baja,3.1261414914606465,0.0,0.4293284356596797,6.293745390706685,57976.628204291
United States,Mortalidad_Baja,3.0615156747050163,0.0,0.4439651827522655,6.267553668429183,56849.4697923159
United States,Mortalidad_Baja,2.980661213039518,0.0,0.4601790328192462,6.235461238285092,55153.3940182967
United States,Mortalidad_Baja,2.933343598363408,0.0,0.45288313891022713,6.132940874833919,53297.3862901595
United States,Mortalidad_Baja,2.962520737592032,0.0,0.45258727239812074,6.146062760912324,51708.3940614082
United States,Mortalidad_Baja,3.0242602638105174,0.0,0.474136073874193,6.3900006116048065,50024.8812320773
United States,Mortalidad_Baja,3.052878670380345,0.0,0.5102950185275819,6.444605680980088,48642.6312088213
United States,Mortalidad_Baja,3.0388740801266523,0.0,0.5068986621510196,6.364194288970688,47194.9500893872
United States,Mortalidad_Baja,2.9833998228855942,0.0,0.5774221413502734,6.5425982538507395,48570.0594269601
United States,Mortalidad_Baja,3.022459005531026,0.0,0.6160959191011518,6.791034486693764,48050.227412195
United States,Mortalidad_Baja,3.005943531081937,0.0,0.6227161219058623,6.729021850561897,46301.9876485519
United States,Mortalidad_Baja,3.0165623097914267,0.0,0.637356718767127,6.770673358816379,44123.3996470026
United States,Mortalidad_Baja,3.026058088556872,0.0,0.6262852419345497,6.819214888748512,41724.6411982614
United States,Mortalidad_Baja,3.0426825810780644,0.0,0.6311980434677515,6.76442480756081,39490.3023903176
United States,Mortalidad_Baja,3.1124722027646277,0.0,0.6460629783882303,6.919077371382418,37997.7424300242
United States,Mortalidad_Baja,3.001332402703852,0.0,0.6512877165686995,6.733918716842704,37133.6203973517
United States,Mortalidad_Baja,2.9508901989449776,0.0,0.6974387834517486,6.814516030601971,36329.9702595751
United States,Mortalidad_Baja,1.6535701474948687,0.0,0.8689503215235859,6.569189360493216,28690.8757013347
Uruguay,Mortalidad_Baja,1.5998657389994975,0.0,0.0,2.8415404075442816,20818.6146091144
Uruguay,Mortalidad_Baja,1.5550850998651362,0.0,0.0,2.76454032102243,17881.818721099
Uruguay,Mortalidad_Baja,1.6381791365054654,0.0,0.0,2.8500000271291177,15757.5355995779
Uruguay,Mortalidad_Baja,1.585991183562912,0.0,0.0,2.666456438130783,18315.7316980028
Uruguay,Mortalidad_Baja,1.6302713684337107,0.0,0.0,2.7876723449187186,19249.9404677501
Uruguay,Mortalidad_Baja,1.6518049306673903,0.0,0.0,2.749956578820408,19184.6502617082
Uruguay,Mortalidad_Baja,1.5666530785974024,0.0,0.0,2.756614271456623,17009.7584207276
Uruguay,Mortalidad_Baja,1.3555366135299576,0.0,0.0,2.661720982678965,17125.9016800298
Uruguay,Mortalidad_Baja,1.2893582319111336,0.0,0.0,2.4933986113442246,18322.4276767157
Uruguay,Mortalidad_Baja,1.2578065055669383,0.0,0.0,2.409458246979317,18335.2594772322
Uruguay,Mortalidad_Baja,1.2404938563001766,0.0,0.0,2.3459230360943137,16259.5940814256
Uruguay,Mortalidad_Baja,1.1367882610468185,0.0,0.0,2.1805164400931116,15132.2675725587
Uruguay,Mortalidad_Baja,1.1968755682137642,0.0,0.0,2.2818637679996026,12641.0576849008
Uruguay,Mortalidad_Baja,1.1579623333538367,0.0,0.0,2.1802711787020166,9881.39573127081
Uruguay,Mortalidad_Baja,1.0377457839495974,0.0,0.0,1.9691647982410179,9423.96562595893
Uruguay,Mortalidad_Baja,0.9140883204411072,0.0,0.0,1.6425460394714713,7222.05403645877
Uruguay,Mortalidad_Baja,0.9478791915581941,0.0,0.0,1.7241955990462081,6001.33294783172
Uruguay,Mortalidad_Baja,0.8217008018233989,0.0,0.0,1.390145488050878,5284.25677987129
Uruguay,Mortalidad_Baja,0.6782485385741703,0.0,0.0,1.1099047283835333,4168.66065438387
Uruguay,Mortalidad_Media,0.8378047124600185,0.0,0.0,1.1289228199793868,3671.12329256883
Uruguay,Mortalidad_Media,1.0099187364678468,0.0,0.0,1.0645017626143236,4149.76140312687
Uruguay,Mortalidad_Media,1.159707426804648,0.0,0.0,1.2132022295271792,6382.76104740859
Uruguay,Mortalidad_Media,1.104425999181444,0.0,0.0,1.1491893759550442,6987.70098766257
Uruguay,Mortalidad_Media,1.1621531376259637,0.0,0.0,1.1056288349082046,6050.48632253644
Zambia,Mortalidad_Alta,1.2514372921550396,0.0,1.0539106395262587,0.13356379206887348,1447.12310138035
Zambia,Mortalidad_Alta,3.822577367501814,0.0,3.3660007793522735,2.2125898964946176,1127.16077872857
Zambia,Mortalidad_Alta,3.897867645261029,0.0,3.273354950089628,2.2196586932195634,951.644316655957
Zambia,Mortalidad_Alta,3.9944598297754004,0.0,3.3019572729883486,2.219495752378718,1258.98619844462
Zambia,Mortalidad_Alta,4.078885558795251,0.0,3.389766192939853,2.1972894871885607,1463.89997855593
Zambia,Mortalidad_Alta,4.051780030451462,0.0,3.531780003890804,2.1758265393679355,1483.46577328065
Zambia,Mortalidad_Alta,4.191630884645122,0.0,3.596714911525642,2.171140981972369,1239.08527877713
Zambia,Mortalidad_Alta,1.7996578148816025,0.0,1.5790134753734342,0.0,1295.87788680068
Zambia,Mortalidad_Alta,4.273716428842013,0.0,3.8100947085421493,2.1709898969578743,1707.48573136694
Zambia,Mortalidad_Alta,4.309500433331471,0.0,4.0191275777556426,2.147693305365839,1820.71854827391
Zambia,Mortalidad_Alta,4.3953735552737845,0.0,4.327160832122522,2.0939189397362323,1710.05061343728
Zambia,Mortalidad_Alta,4.382465197430454,0.0,4.757078262764586,2.0659985810246067,1624.86817763443
Zambia,Mortalidad_Alta,1.9657700908750282,0.0,2.396562410130822,0.0,1451.10616017155
Zambia,Mortalidad_Alta,4.633173741871204,0.0,5.38061382352682,2.086879995051376,1136.24168316848
Zambia,Mortalidad_Alta,4.6723123410715,0.0,5.782250908251727,2.063547908080892,1375.50211006997
Zambia,Mortalidad_Alta,4.738222671424994,0.0,6.302465625818336,2.054784802717109,1118.73162626953
Zambia,Mortalidad_Alta,2.4353186684805777,0.0,3.629504757161765,0.0,1051.71714895686
Zambia,Mortalidad_Alta,5.043158333615375,0.0,7.172268830505044,2.074791976250517,710.982068171696
Zambia,Mortalidad_Alta,2.9104372788544994,0.0,4.35667939086805,0.0,548.685974566277
Zambia,Mortalidad_Alta,5.476830125764581,0.0,8.066033849670834,2.079287197487138,446.290104839041
Zambia,Mortalidad_Alta,3.4130618511385804,0.0,4.758238806739893,0.0,393.864625518616
Zambia,Mortalidad_Alta,5.8653198827947115,0.0,8.764026427254514,2.037129780507933,396.548952993504
Zambia,Mortalidad_Alta,6.021301628909664,0.0,9.236369918484817,2.0401648540369948,359.429500988221
Zambia,Mortalidad_Alta,5.956156536120284,0.0,10.416065141156926,2.008084333692941,433.312782642118
Zimbabwe,Mortalidad_Alta,3.6434065483851605,0.0,4.712292620879122,2.0689228777045225,2040.54658705395
Zimbabwe,Mortalidad_Alta,4.367606561189896,0.0,3.937463726497349,2.1981922129596745,1724.38727102272
Zimbabwe,Mortalidad_Alta,4.17210872885348,0.0,4.23010520574342,2.1787279096729537,1730.45391034701
Zimbabwe,Mortalidad_Alta,1.6024273828688445,0.0,2.2519248830975136,0.01024195042413445,1683.91313584141
Zimbabwe,Mortalidad_Alta,4.407818189321192,0.0,3.9613770864817286,2.189398239816617,2271.85250365817
Zimbabwe,Mortalidad_Alta,1.803539096278958,0.0,2.094038437022683,0.12939864368833895,3448.08699068824
Zimbabwe,Mortalidad_Alta,4.745356449302261,0.0,4.008856748205878,2.1591637770145984,1407.42096413212
Zimbabwe,Mortalidad_Alta,4.763185176399473,0.0,4.2419912509678,2.200438157381172,1386.41855927575
Zimbabwe,Mortalidad_Alta,4.820772757240888,0.0,4.560468699294768,2.21036465567449,1372.21474610373
Zimbabwe,Mortalidad_Alta,5.017414640143859,0.0,4.501199725534943,2.185944217393881,1362.29952932396
Zimbabwe,Mortalidad_Alta,5.058666589999122,0.0,5.076804228104923,2.1643961410369545,1238.59479481433
Zimbabwe,Mortalidad_Alta,2.7534384188780914,0.0,3.0112521008138513,0.0,1037.24613741902
Zimbabwe,Mortalidad_Alta,5.59861823763022,0.0,5.9104745845008075,2.2100447974097173,901.55051752819
Zimbabwe,Mortalidad_Alta,5.710024480941684,0.0,6.617711207837927,2.156650892875619,735.446248561806
Zimbabwe,Mortalidad_Alta,5.403374927863257,0.0,9.087980496787564,2.115392968884741,340.740210298158
Zimbabwe,Mortalidad_Alta,5.230701453915981,0.0,10.070236077726582,2.0954807422397805,413.302605010004
Zimbabwe,Mortalidad_Alta,5.300520677980833,0.0,9.544141492639975,2.094513631891027,430.809214010242
Zimbabwe,Mortalidad_Alta,5.477329843035787,0.0,8.526063759335798,2.096655128565077,461.028318446444
Zimbabwe,Mortalidad_Alta,5.470151688444663,0.0,8.466240882905474,2.089057830704739,469.484691401035
Zimbabwe,Mortalidad_Alta,6.427679963385013,0.0,5.3786559594943775,2.2643869182797376,468.234223473035
Zimbabwe,Mortalidad_Alta,6.482588860569349,0.0,4.967682783854965,2.184152048895122,524.677281078209
Zimbabwe,Mortalidad_Alta,6.461958397611121,0.0,5.309648667899266,2.176231477197418,566.107692145462
Zimbabwe,Mortalidad_Alta,6.148129007339757,0.0,5.432884259306895,2.139838692099502,562.556945680495
Zimbabwe,Mortalidad_Alta,5.025157216594734,0.0,6.603304717428809,2.0209613435030835,647.975499841761
