country,categoria_expectativa_vida,gdp_per_capita_current_us$,government_integrity,energy_use_kg_of_oil_equivalent_per_capita,life_expectancy_at_birth_total_years,agriculture_value_added_of_gdp,services_value_added_of_gdp,infant_mortality_rate_per_1_000_live_births,tiene_dato_gini,ratio_servicios_agri
Albania,Mortalidad_Baja,6846.42669381643,35.6,780.738623945557,78.769,16.9844780351393,46.2094258130071,8.3,0.0,2.7206856588353268
Albania,Mortalidad_Baja,6413.28280828537,40.6,810.006337207976,76.844,17.7932055973056,45.2438461275936,8.2,0.0,2.5427597000534186
Albania,Mortalidad_Baja,5370.77749956875,38.8,761.957268109783,77.824,18.8061417987988,45.7213593039167,8.1,1.0,2.4311929471273603
Albania,Mortalidad_Baja,5460.4305086932,40.4,817.176548362341,79.467,18.1603973706713,45.4534114346696,8.0,1.0,2.502886391025562
Albania,Mortalidad_Baja,5365.48880180298,39.9,823.101982045081,79.238,17.9155558179549,44.3970282534603,7.8,1.0,2.4781273159812196
Albania,Mortalidad_Baja,4614.0479692596,39.7,824.373550389848,78.9,18.079078214296,44.5621307131911,7.7,1.0,2.4648452860806627
Albania,Mortalidad_Baja,4168.37544462548,33.0,786.071045181397,78.643,19.167190753497,43.4481768975831,7.6,1.0,2.2667994207578963
Albania,Mortalidad_Baja,3981.72662261867,31.0,762.287986301806,78.358,18.7471602773412,42.8778647519282,7.6,1.0,2.2871658489927476
Albania,Mortalidad_Baja,4602.23051443229,30.4,810.872883939509,78.029,19.2377589164282,42.6575638095964,7.8,1.0,2.217387378379543
Albania,Mortalidad_Baja,4420.23461988353,31.0,803.709464277971,77.995,18.924817420614,42.6287844572944,8.0,0.0,2.252533459628555
Albania,Mortalidad_Baja,4222.3470988913,33.0,689.872750149797,78.084,17.5913685516371,43.5059236088597,8.5,1.0,2.473140363193114
Albania,Mortalidad_Baja,4465.70914328865,32.0,766.894617514824,78.303,16.7202229491786,42.2390195525462,9.0,0.0,2.5262234648983104
Albania,Mortalidad_Baja,4149.14469936847,34.0,731.053397459356,78.414,16.3586081914252,41.3131845921318,9.7,0.0,2.525470633485017
Albania,Mortalidad_Baja,4213.65007574693,29.0,734.057809949862,78.509,15.2792217271528,42.0040238601938,10.4,0.0,2.749094463728358
Albania,Mortalidad_Baja,4498.50486763601,26.0,712.287869024953,78.248,15.422100399492,41.0750286540131,11.1,1.0,2.663387449829214
Albania,Mortalidad_Baja,3743.05529896187,24.0,680.948166186712,77.691,15.5325494481234,40.5451705003217,11.9,0.0,2.610335839311959
Albania,Mortalidad_Baja,3057.77257038113,25.0,707.890606549635,76.994,16.0415750334868,40.1991972841068,12.7,0.0,2.5059383009580385
Albania,Mortalidad_Baja,2741.72136549578,25.0,721.077407396492,76.427,17.1247178955729,40.3981318981217,13.5,1.0,2.359053862637087
Albania,Mortalidad_Baja,2446.90949947798,25.0,716.623145884767,75.951,18.5630799913995,39.5598988272926,14.4,0.0,2.1311064136781814
Albania,Mortalidad_Baja,1908.69900687608,10.0,649.35788110735,75.557,19.8076203314692,39.0975551528255,15.3,0.0,1.9738643258781354
Albania,Mortalidad_Baja,1479.83884572006,10.0,661.11795163205,75.299,19.7639164696809,40.8693014913812,16.1,1.0,2.0678746317349246
Albania,Mortalidad_Media,1326.41652388077,23.0,598.228317118281,75.083,20.4524054141319,42.1990520460137,17.0,0.0,2.0632806357757616
Albania,Mortalidad_Media,1160.42047054038,10.0,581.374748988005,74.826,22.1790139473687,42.1159390377732,17.9,0.0,1.8989094437523362
Albania,Mortalidad_Media,911.320465445326,10.0,417.034611074232,74.022,32.8374497626885,40.4328782613505,22.2,0.0,1.2313038483059149
Algeria,Mortalidad_Baja,4961.55257664733,30.1,1500.3461132579,76.129,10.6131779036563,42.7851541004335,20.0,0.0,4.031323557263067
Algeria,Mortalidad_Baja,4160.55926736925,32.7,1451.44517709293,75.208,11.2354345605089,48.4879581553143,20.2,0.0,4.315628193478444
Algeria,Mortalidad_Media,3743.5419522929,28.3,1372.00040514264,73.257,12.8341693887186,52.8041887035021,20.4,0.0,4.114344068882063
Algeria,Mortalidad_Baja,4468.45341883656,28.9,1463.50985736009,75.682,11.4791798857164,50.4800694011749,20.7,0.0,4.397532742211619
Algeria,Mortalidad_Baja,4577.21029180491,29.0,1442.30211193457,75.555,11.2438301354995,49.4261444653673,21.0,0.0,4.39584588789873
Algeria,Mortalidad_Baja,4554.66753957828,31.7,1380.3468180174,75.431,11.0318809304784,51.2221393515536,21.3,0.0,4.643101178697398
Algeria,Mortalidad_Baja,4424.98529027556,36.0,1371.20207705232,75.31,11.0683130545794,52.3939905220294,21.6,0.0,4.733692502522047
Algeria,Mortalidad_Media,4685.05902729002,36.0,1414.49702064392,75.159,10.5327896965018,52.1103711658838,21.9,0.0,4.947442478908598
Algeria,Mortalidad_Media,6094.69392314956,28.7,1358.04787814425,74.992,9.40707440856373,47.9036022305248,22.3,0.0,5.092295452336994
Algeria,Mortalidad_Media,5979.60138960585,29.0,1273.72242693806,74.809,9.12007464194984,46.7933663667477,22.7,0.0,5.1308095825785305
Algeria,Mortalidad_Media,6033.64884689543,29.0,1258.83718458975,74.609,8.02697167412095,44.9114940485958,23.2,0.0,5.595073194713141
Algeria,Mortalidad_Media,5916.31364364343,28.0,1174.26806450034,74.383,7.08352512171367,44.6513051761826,23.8,1.0,6.303542997159641
Algeria,Mortalidad_Media,4912.78585503672,32.0,1151.13889665565,74.144,7.53171561491377,43.6024032576579,24.4,0.0,5.789172810948877
Algeria,Mortalidad_Media,4235.42990456612,30.0,1148.76705919113,73.871,8.01121741497815,46.1374615012615,25.1,0.0,5.759107400455856
Algeria,Mortalidad_Media,5180.91881514686,31.0,1070.72807038599,73.618,5.54975092049628,39.5735544641773,25.9,0.0,7.130690193324655
Algeria,Mortalidad_Media,4167.45169937531,28.0,1077.66189233078,73.346,6.32601878401142,39.7143271260495,26.9,0.0,6.277933797228795
Algeria,Mortalidad_Media,3660.66104745322,27.0,1032.63866815022,73.116,6.36600271426263,38.3695971271538,27.9,0.0,6.027266850073614
Algeria,Mortalidad_Media,3233.13339634212,26.0,979.326457769033,72.836,6.5592713699842,39.5234001714181,29.0,0.0,6.025577833580822
Algeria,Mortalidad_Media,2816.99384960555,50.0,954.298409338891,72.536,7.72217403415641,41.318485873096,30.1,0.0,5.350628681811331
Algeria,Mortalidad_Media,2283.77299346126,50.0,955.848483496115,71.906,8.45671950735323,43.0000362219583,31.3,0.0,5.084718274570795
Algeria,Mortalidad_Media,1937.46411413019,50.0,911.440557642084,71.644,8.41302644785912,44.6845597055727,32.4,0.0,5.311353765795384
Algeria,Mortalidad_Media,1896.30020878013,50.0,863.498325342364,71.025,8.886179657499,43.9930011441695,33.6,0.0,4.950721551870048
Algeria,Mortalidad_Media,1772.92869122761,50.0,873.657787057718,70.576,8.39504849504573,33.1105460051791,34.7,0.0,3.944056550086521
Algeria,Mortalidad_Media,1466.94806760415,50.0,851.702645830746,67.691,22.696617958649604,52.46104483218278,38.8,1.0,5.1164909302692125
Angola,Mortalidad_Alta,2929.69445467272,20.6,423.122517600564,64.246,13.7377884974543,41.1747693679878,39.6,0.0,2.997190514005784
Angola,Mortalidad_Alta,1925.87466082167,20.4,418.358996013843,62.958,11.4863453766476,40.9337415818833,40.9,0.0,3.563687164161365
Angola,Mortalidad_Alta,1449.92286669308,15.1,397.633186643914,63.116,9.94654357144815,44.3955921450617,42.3,0.0,4.463419058707044
Angola,Mortalidad_Alta,2189.85571407618,20.5,416.996507156148,63.051,7.88262506936516,42.123209005715,43.8,0.0,5.343804714170867
Angola,Mortalidad_Alta,2538.59139143371,18.9,405.179753107747,62.622,8.60774180183334,43.2069096122475,45.3,1.0,5.019540619009387
Angola,Mortalidad_Alta,2437.25971190821,12.8,456.692217487614,62.122,10.0169959653141,46.7626248264264,47.0,0.0,4.668328208212479
Angola,Mortalidad_Alta,1807.95294072643,19.0,462.934994006148,61.619,9.83116886032956,46.980995527677,48.9,0.0,4.778780244254914
Angola,Mortalidad_Alta,3213.90261080059,23.0,517.525209417242,61.042,9.12253437222206,48.6598885686327,51.1,0.0,5.334031814316987
Angola,Mortalidad_Alta,5005.9997412707,17.7,447.160325436651,60.396,7.5470567791822,46.8139275295854,53.6,0.0,6.2029382975780605
Angola,Mortalidad_Alta,5057.74787833163,20.0,512.021802587495,59.705,6.50749231982044,42.7849146737659,56.7,0.0,6.57471612274549
Angola,Mortalidad_Alta,5086.02740086376,19.0,531.24332255994,58.916,6.06962999112471,39.6049455482436,60.4,0.0,6.525100476660976
Angola,Mortalidad_Alta,4615.91059831778,19.0,486.235365702241,58.093,5.84568087986773,39.0758307473749,64.4,0.0,6.684564475962134
Angola,Mortalidad_Alta,3597.34293216332,19.0,487.281074343005,57.242,6.18029349810839,41.887025816932,68.9,0.0,6.777514017700359
Angola,Mortalidad_Alta,3136.64546955947,22.0,504.92416679274,56.225,6.62119676383424,48.9906714059621,73.7,0.0,7.3990659322427845
Angola,Mortalidad_Alta,4103.0669003635,22.0,472.064397001416,55.281,4.80533933843347,34.3382017589612,78.7,1.0,7.14584326736754
Angola,Mortalidad_Alta,3141.0459797605,20.0,446.790005661844,54.2,5.24227833734658,34.6118783461354,83.8,0.0,6.602449568455091
Angola,Mortalidad_Alta,2617.05196022633,20.0,422.909458684002,52.965,5.19128018876127,37.1568468383723,89.1,0.0,7.157549869647583
Angola,Mortalidad_Alta,1916.46842218625,33.28,392.557802386847,52.13,5.06040294790886,35.5267258263529,94.4,0.0,7.020532987602069
Angola,Mortalidad_Alta,1266.21086410236,26.28,433.557080102511,51.123,6.25087790478717,40.3474731127873,99.3,0.0,6.454689041660469
Angola,Mortalidad_Alta,992.698979254665,27.8,446.134132051678,50.218,6.19838450193387,41.1829874636929,104.0,0.0,6.644148560135949
Angola,Mortalidad_Alta,882.147847234303,26.2,429.424207435976,47.874,5.8395499748266,37.9075789655613,108.1,0.0,6.491524026504616
Angola,Mortalidad_Alta,533.586202412447,17.32,428.599480858479,47.032,8.15637702246655,26.9598114360045,111.9,0.0,3.3053660175031547
Angola,Mortalidad_Alta,563.733795571487,10.0,428.222669261961,46.501,5.66468956353548,22.2123554945612,115.0,1.0,3.921195547509914
Angola,Mortalidad_Alta,404.29481849612,30.0,460.744687477655,46.139,6.65321372200356,33.0616104906329,123.2,0.0,4.969269269269269
Argentina,Mortalidad_Baja,13935.6811110049,45.1,1808.99849167635,75.806,6.63829697473642,53.5116407160562,8.3,1.0,8.061049531183551
Argentina,Mortalidad_Media,10738.0179223384,54.0,1741.65240212881,73.948,7.29128249622041,52.8340319497207,8.5,1.0,7.246191870512264
Argentina,Mortalidad_Baja,8535.59938004389,49.7,1624.17555252173,75.878,6.35703367575527,54.8578674557962,8.7,1.0,8.629475672752138
Argentina,Mortalidad_Baja,9955.97478680428,33.5,1777.41507710553,76.847,5.3185559967348,55.4388171093669,8.9,1.0,10.42365956913911
Argentina,Mortalidad_Baja,11752.7998922979,32.6,1806.77623499039,76.77,4.53787889681146,56.3697502721818,9.2,1.0,12.422048175809627
Argentina,Mortalidad_Baja,14532.5009308511,38.2,1874.82963739464,76.543,5.23162237725058,57.3499373815692,9.4,1.0,10.962170670221196
Argentina,Mortalidad_Baja,12699.9623137756,34.0,1889.87018853289,76.105,6.26456582010254,56.1222358547004,9.7,1.0,8.958679255090304
Argentina,Mortalidad_Baja,13679.6264980954,34.0,1919.75859208058,76.6,5.1566859021408,55.8149012843362,10.0,0.0,10.823793099588366
Argentina,Mortalidad_Baja,12233.1444119186,29.5,1911.61727736839,76.268,6.71270351428559,52.9405434663365,10.4,1.0,7.886620249750562
Argentina,Mortalidad_Baja,12963.675773326,30.0,1928.54922885127,75.829,6.05291843670451,53.9190936666216,10.9,1.0,8.907949814697595
Argentina,Mortalidad_Baja,12949.717486654,29.0,1897.60983922809,75.802,5.7817442068501,53.6581179163924,11.4,1.0,9.280610832423074
Argentina,Mortalidad_Baja,12704.2831819684,29.0,1865.25736115683,76.1,6.99873377022519,51.8119007511102,11.9,1.0,7.403039242831937
Argentina,Mortalidad_Baja,10260.1313108254,29.0,1826.05112368849,75.68,7.13216745078964,51.4951802052167,12.4,1.0,7.220130564869925
Argentina,Mortalidad_Baja,8150.23527028221,29.0,1722.74402909882,75.577,5.2736234689014,53.3060010032753,12.8,1.0,10.10804076506812
Argentina,Mortalidad_Baja,8944.1102657357,29.0,1889.40923801554,75.428,7.3189545972436,50.2551922042782,13.2,1.0,6.866444044236163
Argentina,Mortalidad_Media,7185.25155147027,28.0,1845.91422802344,74.783,7.45235394606923,49.5083307772744,13.6,1.0,6.643314466214765
Argentina,Mortalidad_Baja,5869.38028970204,25.0,1784.01669776279,75.279,6.93557229126392,48.7491333682456,14.0,1.0,7.02885520055068
Argentina,Mortalidad_Baja,5067.65342293276,25.0,1712.4320350003,75.231,7.93875427420938,48.4861459282405,14.4,1.0,6.107525721731603
Argentina,Mortalidad_Media,4242.02099089422,28.0,1740.90890259945,74.871,8.36248661002826,47.8369882937827,14.9,1.0,5.720426294783753
Argentina,Mortalidad_Media,3320.47775133903,35.0,1588.98177724668,74.307,10.328166939117,51.0316942508769,15.4,1.0,4.941021436979196
Argentina,Mortalidad_Media,2569.69963519124,35.0,1484.25701881625,74.312,10.2066467144411,54.7764456459146,15.8,1.0,5.366742592198566
Argentina,Mortalidad_Media,7141.47507662826,30.0,1518.4581858385,74.154,4.56858960891786,65.0812573281962,16.2,1.0,14.245371744741083
Argentina,Mortalidad_Media,7637.01489203628,30.0,1643.32131961789,73.91,4.67991094417297,63.469313441501,16.7,1.0,13.562077184508743
Argentina,Mortalidad_Media,7357.6162773788,50.0,1507.19847475089,72.864,5.351464616273,62.263779670525,20.9,1.0,11.634904485996264
Armenia,Mortalidad_Media,6571.97445545099,50.8,1347.59055747413,74.7658536585366,10.1467039255683,55.6162023383919,9.3,1.0,5.481208749793784
Armenia,Mortalidad_Media,4685.17997128509,45.0,1271.52805556324,72.2780487804878,11.3435484176857,53.0783701392799,9.7,1.0,4.679168121372457
Armenia,Mortalidad_Media,4268.68093304583,43.4,1233.30455891532,73.3756097560976,11.3498051554549,53.2412027973394,10.2,1.0,4.690935400926316
Armenia,Mortalidad_Baja,4597.22887399548,38.6,1163.09284675689,76.2219512195122,11.5256107379588,53.9731853016919,10.7,1.0,4.6828915646035965
Armenia,Mortalidad_Baja,4196.00562301769,40.5,1072.33682481147,75.619512195122,13.9423116554146,52.6163051198371,11.2,1.0,3.773858053115831
Armenia,Mortalidad_Baja,3869.05373867752,43.4,1105.96696981707,75.2170731707317,14.9942601242776,50.7652583569469,11.7,1.0,3.385646102987872
Armenia,Mortalidad_Media,3524.42476874707,37.0,1043.09797203416,74.8682926829268,16.39047353385,49.9105094267778,12.2,1.0,3.045092585257004
Armenia,Mortalidad_Media,3512.39350276709,36.0,1084.52062940136,74.8707317073171,17.2231200318056,48.2126693907876,12.8,1.0,2.799299389527229
Armenia,Mortalidad_Media,3852.11800610384,26.7,1045.97511363021,74.8731707317073,18.0720363470662,47.4130437470384,13.4,1.0,2.6235584544259396
Armenia,Mortalidad_Media,3680.16692158886,26.0,959.801682347684,74.6219512195122,18.4347628834968,45.749756861728,14.1,1.0,2.481711164437281
Armenia,Mortalidad_Media,3511.56399687426,26.0,982.442415313472,74.119512195122,17.9126819526397,45.6989324054448,14.8,1.0,2.551205482588853
Armenia,Mortalidad_Media,3349.55309771906,27.0,896.948023835655,73.8170731707317,10.286326076251111,53.89514732288804,15.6,1.0,5.8856275986988145
Armenia,Mortalidad_Media,3041.34450723339,29.0,815.62798698571,73.1731707317073,10.146078460407022,52.22845637659734,16.4,1.0,8.326512123100427
Armenia,Mortalidad_Media,2820.5926553347,30.0,851.338387705143,73.0731707317073,7.610723350522164,58.1434297636923,17.2,1.0,15.07528757296377
Armenia,Mortalidad_Media,3777.66859313767,29.0,973.21714524559,73.0731707317073,7.361308483937165,59.55012326699212,18.1,1.0,9.418660345395667
Armenia,Mortalidad_Media,2962.70234594569,29.0,918.181612522836,72.8731707317073,9.431531827884601,52.17016848266951,19.1,1.0,8.383070505750371
Armenia,Mortalidad_Media,2041.65267068997,31.0,818.274997390362,72.8243902439025,11.349561477477748,57.540149791134695,20.1,1.0,16.69027034041863
Armenia,Mortalidad_Media,1557.48458908655,30.0,798.544180515189,73.0756097560976,25.076478277498516,49.89221770591738,21.3,1.0,2.239807620942293
Armenia,Mortalidad_Media,1130.08791444158,25.0,661.929679898088,73.0268292682927,16.7594911987985,47.85658904691782,22.5,1.0,3.206605339503438
Armenia,Mortalidad_Media,882.030167695474,25.0,622.582881402385,72.8268292682927,25.754601291505434,43.8477885193112,23.7,1.0,1.8981335117016411
Armenia,Mortalidad_Media,742.651118319819,25.0,586.440648432386,72.8268292682927,23.73765840829342,41.26597437896034,25.0,1.0,1.8829001960523055
Armenia,Mortalidad_Media,659.588988535629,30.0,624.555471332605,72.9756097560976,36.40036185252303,41.96751623966278,26.4,1.0,1.1559587534613556
Armenia,Mortalidad_Media,593.450581742282,30.0,625.503227341883,72.8804878048781,27.88827608384882,48.33532149509476,27.8,0.0,1.8094901511570476
Armenia,Mortalidad_Media,443.924860857976,25.4,497.307222678528,68.628487804878,28.407057690559235,42.03068334743506,35.9,0.0,1.570966386232767
Australia,Mortalidad_Baja,64997.0136536475,87.0,4889.62127856192,83.2,2.67322768587611,63.2803780067106,3.2,0.0,23.67189983144717
Australia,Mortalidad_Baja,60607.7788605166,89.8,5070.76722733807,83.3,2.30383992497922,65.7263659123358,3.2,0.0,28.52905065135054
Australia,Mortalidad_Baja,51791.540179984,89.3,5229.062652917,83.2,2.01224930777837,66.2505178731197,3.2,0.0,32.923613200922794
Australia,Mortalidad_Baja,54972.7017885437,79.9,5295.87164421938,82.9,2.11578072211076,66.0129131385253,3.2,0.0,31.200262129559928
Australia,Mortalidad_Baja,57196.4220783778,77.4,5282.20664251934,82.7487804878049,2.46003762123075,66.5626518353243,3.2,1.0,27.05757475449631
Australia,Mortalidad_Baja,53901.7145392154,74.8,5323.92858334601,82.5,2.70644694209046,66.8927633693757,3.2,0.0,24.716081564010903
Australia,Mortalidad_Baja,49888.0410842736,80.0,5216.98867184459,82.4487804878049,2.40555300214607,68.1276592151342,3.2,1.0,28.320996940975885
Australia,Mortalidad_Baja,56739.0265346593,81.0,5318.66679266228,82.4,2.3759901241561,67.1549380758728,3.3,0.0,28.263980305778748
Australia,Mortalidad_Baja,62544.0873773726,87.7,5407.4382264583,82.3,2.22073827026642,65.6128523578267,3.4,1.0,29.545513416110573
Australia,Mortalidad_Baja,68190.7010035651,88.0,5533.38146350965,82.1487804878049,2.28547861762825,66.1769460296851,3.5,0.0,28.95539932828602
Australia,Mortalidad_Baja,68072.8732340801,87.0,5533.72233837943,82.0463414634146,2.26781756709032,65.0950399070324,3.6,0.0,28.703825586178585
Australia,Mortalidad_Baja,62605.600458306,87.0,5698.65597309349,81.8951219512195,2.29239672089776,64.5593873783184,3.8,0.0,28.16239736769268
Australia,Mortalidad_Baja,52144.6654705468,87.0,5762.9435664152,81.6951219512195,2.2044403145849,65.6485131738942,4.0,1.0,29.78012729106523
Australia,Mortalidad_Baja,42816.5674002829,86.0,5843.93312947132,81.5439024390244,2.30109850559796,64.0214643411781,4.2,0.0,27.82213111930277
Australia,Mortalidad_Baja,49701.2817843335,87.0,5951.19291532561,81.3951219512195,2.3420923019017,64.4201693922411,4.4,1.0,27.50539307948457
Australia,Mortalidad_Baja,41051.6120652288,88.0,5853.76413229662,81.2926829268293,2.20601401439639,64.2867046885144,4.5,0.0,29.14156676656678
Australia,Mortalidad_Baja,36595.7071548423,88.0,5775.11675226564,81.0414634146342,2.73103337885222,63.6747250108795,4.7,0.0,23.315249642844087
Australia,Mortalidad_Baja,34479.7679298388,88.0,5624.49561264785,80.8414634146341,2.88586426810108,64.3318544003838,4.8,0.0,22.292058261878903
Australia,Mortalidad_Baja,30836.7306824685,86.0,5652.13037917952,80.490243902439,3.06160592253807,64.2465070149024,4.8,1.0,20.9845775845776
Australia,Mortalidad_Baja,23718.1338501868,85.0,5615.57675632995,80.2390243902439,2.88740742216489,64.270558878756,4.9,1.0,22.258915865280937
Australia,Mortalidad_Baja,20301.8431713256,83.0,5480.23464289818,79.9365853658537,3.94502714007345,63.9531440446509,4.9,0.0,16.211078345955357
Australia,Mortalidad_Baja,19695.7297379144,87.0,5486.39455905443,79.6341463414634,3.49688013321987,64.1653543529705,5.0,1.0,18.34931479160771
Australia,Mortalidad_Baja,21870.4159669594,87.0,5681.22885913159,79.2341463414634,3.11042835542061,64.3681508554734,5.1,0.0,20.694304288763846
Australia,Mortalidad_Baja,20448.1219685874,70.0,5138.24234027092,77.8292682926829,3.00960378827297,62.4603203413963,5.8,1.0,20.75366883334451
Austria,Mortalidad_Baja,52176.6649141178,82.9,3465.29053401054,81.2951219512195,1.37475103789849,63.0102397070656,2.7,1.0,45.83392772220493
Austria,Mortalidad_Baja,53648.7190742245,84.8,3726.61916635312,81.190243902439,1.21593848387113,62.2999318438832,2.8,1.0,51.236088560616686
Austria,Mortalidad_Baja,48716.4098900349,84.0,3546.32771195638,81.1926829268293,1.07138113272871,62.8123620241372,2.9,1.0,58.62746701928552
Austria,Mortalidad_Baja,49885.9947355204,77.4,3765.98011899602,81.8951219512195,1.04463413653499,62.5614077818279,2.9,1.0,59.88834329054343
Austria,Mortalidad_Baja,51194.0749841299,73.5,3717.62532112148,81.6926829268293,1.10911414021412,62.2430323743685,3.0,1.0,56.119591408646336
Austria,Mortalidad_Baja,47163.7425775142,75.2,3839.94805232106,81.6439024390244,1.19990203076681,61.8559536613009,3.0,1.0,51.55083671437009
Austria,Mortalidad_Baja,45061.4993920192,72.0,3797.16802222945,81.6414634146342,1.14928264077268,61.764351964317,3.0,1.0,53.74165568427267
Austria,Mortalidad_Baja,43915.228020857,69.0,3795.51037374619,81.190243902439,1.14362854172989,62.1631640037401,3.1,1.0,54.35607956208409
Austria,Mortalidad_Baja,51314.9722616322,75.5,3750.34480080041,81.490243902439,1.27555801772568,61.8415922139115,3.2,1.0,48.48199090479245
Austria,Mortalidad_Baja,50305.3545774973,78.0,3924.82135403554,81.1365853658537,1.27784992108872,61.5862394505333,3.3,1.0,48.195205426050514
Austria,Mortalidad_Baja,48250.4059142637,79.0,3899.1648418957,80.9365853658537,1.41768134316306,61.3539590600962,3.4,1.0,43.27767968167396
Austria,Mortalidad_Baja,51116.8953522042,79.0,3927.58256477323,80.9829268292683,1.46130648071081,61.6607142402264,3.5,1.0,42.195607187229704
Austria,Mortalidad_Baja,46611.1393420232,81.0,4065.04189639106,80.5804878048781,1.29288595990855,61.6368683831245,3.6,1.0,47.67386319786802
Austria,Mortalidad_Baja,47857.4446635266,81.0,3819.49986886808,80.3317073170732,1.17655306368833,61.5565047607551,3.7,1.0,52.31936124307393
Austria,Mortalidad_Baja,51581.3982361071,86.0,4027.90556617748,80.4317073170732,1.38504114785417,60.4339457519,3.8,1.0,43.63332154104569
Austria,Mortalidad_Baja,46622.9622913635,87.0,4010.09514877294,80.1804878048781,1.46196340335606,59.9241173078912,3.9,1.0,40.98879436402467
Austria,Mortalidad_Baja,40382.2078298575,84.0,4105.07525027388,79.8804878048781,1.32751796800624,60.2518374028565,4.0,1.0,45.38683381690642
Austria,Mortalidad_Baja,38157.37022862,80.0,4084.35261902051,79.3317073170732,1.28239498294254,60.1404134231844,4.1,1.0,46.89695002173842
Austria,Mortalidad_Baja,36614.2506533707,78.0,3974.50636807099,79.1804878048781,1.4931762753994,59.9626359213759,4.2,1.0,40.157774342709054
Austria,Mortalidad_Baja,32110.1159661425,78.0,3956.93894640762,78.6317073170732,1.4869307559019,60.1110513234663,4.3,1.0,40.42626133387486
Austria,Mortalidad_Baja,26334.862215032,77.0,3771.71949185232,78.6780487804878,1.59223426298384,59.9083022318199,4.4,0.0,37.62530654223708
Austria,Mortalidad_Baja,24430.495982841,76.0,3758.79316326234,78.5756097560976,1.70825527346988,59.1867003943807,4.5,0.0,34.647456567868915
Austria,Mortalidad_Baja,24487.2974685956,75.0,3570.94853169443,78.1268292682927,1.67089601150509,58.894981312158,4.5,1.0,35.24754437537216
Austria,Mortalidad_Baja,30207.0674314652,90.0,3374.07611625172,76.6682926829268,2.18502137013502,58.4507297015153,5.7,1.0,26.75064441035807
Azerbaijan,Mortalidad_Media,7770.594223351,28.6,1720.31588810935,74.125,4.61220830811053,32.0714593346256,14.1,0.0,6.953601657199266
Azerbaijan,Mortalidad_Media,5408.04535175023,46.8,1630.73477502983,70.999,5.72598365721349,37.7011733502712,14.8,0.0,6.584226502773187
Azerbaijan,Mortalidad_Media,4229.91064904503,38.7,1542.52180985426,70.312,6.7389474235341,42.3542363329985,15.6,0.0,6.284992843999175
Azerbaijan,Mortalidad_Media,4805.75371765917,44.7,1594.11077298348,73.29,5.69538024963307,36.972533524144,16.6,0.0,6.491670775893495
Azerbaijan,Mortalidad_Media,4739.7943123408,39.9,1471.37027563956,73.016,5.21238076212356,35.2831743494981,17.6,0.0,6.769109157544255
Azerbaijan,Mortalidad_Media,4147.1981423222,37.6,1478.78418442924,72.694,5.60736901068842,38.1231713246647,18.7,0.0,6.79876270885627
Azerbaijan,Mortalidad_Media,3880.6852276838,29.0,1480.9342834589,72.568,5.60511177455763,39.322666701972,19.8,0.0,7.015500900528507
Azerbaijan,Mortalidad_Media,5500.50364628486,28.0,1510.91856857889,72.349,6.17763883780802,40.6504229496138,21.1,0.0,6.58025242602845
Azerbaijan,Mortalidad_Media,7890.84028062087,22.7,1526.15877863995,71.93,5.31940671805552,34.1869146526,22.5,0.0,6.426828491335373
Azerbaijan,Mortalidad_Media,7875.34536661549,24.0,1497.90257470252,71.485,5.3662644804235,31.4925578357568,24.1,0.0,5.86861828198066
Azerbaijan,Mortalidad_Media,7495.86527658099,24.0,1497.29486664714,71.08,5.13976950772418,29.522301196302,25.7,0.0,5.743895937733222
Azerbaijan,Mortalidad_Media,7189.81869211976,23.0,1396.04478051641,70.565,5.07622595138436,27.7128374486387,27.5,0.0,5.45933883047129
Azerbaijan,Mortalidad_Media,5843.5337683582,19.0,1305.91209278641,70.309,5.54456611326975,28.216178028965,29.5,0.0,5.088978551709489
Azerbaijan,Mortalidad_Media,4950.39949009423,21.0,1391.33099195543,69.874,6.12193306461806,31.3211521986433,31.6,0.0,5.116219316356964
Azerbaijan,Mortalidad_Media,5574.46810432575,24.0,1587.24837009442,69.355,5.57089184098542,23.6588501440061,33.7,0.0,4.246869409660115
Azerbaijan,Mortalidad_Media,3851.33015175141,22.0,1459.38898151201,68.659,6.54008215652051,21.755963399799,36.1,0.0,3.3265581194737965
Azerbaijan,Mortalidad_Media,2472.95725732287,19.0,1559.84917576741,68.489,7.09103711685568,23.5098313258154,38.6,0.0,3.315429173249085
Azerbaijan,Mortalidad_Media,1578.36733030667,18.0,1600.22780340266,67.71,9.14753443801158,25.0852465561988,41.4,1.0,2.7422959406372716
Azerbaijan,Mortalidad_Media,1045.0136328106,20.0,1539.50003907972,67.488,10.9880190382406,31.7987854915477,44.5,1.0,2.8939507094846935
Azerbaijan,Mortalidad_Media,883.692580745256,20.0,1476.84102371293,67.036,12.4256629119149,31.9247183936193,47.9,1.0,2.5692567567567655
Azerbaijan,Mortalidad_Alta,763.108895463487,15.0,1414.77602454642,66.769,13.9546391752577,32.4552577319588,51.7,1.0,2.3257683215130105
Azerbaijan,Mortalidad_Alta,703.670998584686,17.0,1411.21434888717,66.043,14.8374595530138,34.4796448190232,55.7,1.0,2.323824014200575
Azerbaijan,Mortalidad_Alta,655.097249579917,30.0,1403.59874667104,65.377,16.0848646701003,35.7855916576588,59.9,0.0,2.2247990512583935
Azerbaijan,Mortalidad_Alta,314.55801908334,18.0,1809.44915921154,61.931,25.3444559002718,37.9417002530696,75.5,1.0,1.4970414201183424
Bahrain,Mortalidad_Baja,30470.5219276023,41.6,10701.7927575092,80.992,0.246160469147506,49.2411387955769,7.0,0.0,200.03674418604672
Bahrain,Mortalidad_Baja,27147.8083882286,64.4,10666.0574068433,78.083,0.268626041292218,52.8740707167008,6.8,0.0,196.83151515151536
Bahrain,Mortalidad_Baja,24342.8444554718,51.0,10832.91852134,78.683,0.303155113748103,57.8230716997095,6.6,0.0,190.73757649938813
Bahrain,Mortalidad_Baja,27259.7438599327,53.6,10388.189018559,80.471,0.268674381904261,56.3995265649658,6.5,0.0,209.91776798825245
Bahrain,Mortalidad_Baja,26324.4066549559,51.8,9533.85538285247,80.412,0.275112316804637,57.2061547726912,6.4,0.0,207.93745419008079
Bahrain,Mortalidad_Baja,24784.7693514607,55.5,9444.4239393348,80.407,0.27707464645461,58.8266074582833,6.3,0.0,212.31320949432376
Bahrain,Mortalidad_Baja,23800.001440631,49.0,9878.66504979139,80.407,0.315996684624948,60.7104509663565,6.3,0.0,192.12369597615518
Bahrain,Mortalidad_Baja,23734.0551143019,48.0,10405.6390717453,80.338,0.301911232209971,59.7147216888712,6.3,0.0,197.78900325027075
Bahrain,Mortalidad_Baja,26451.7965647453,49.4,10257.0253426946,80.214,0.287965783699072,53.7209538895267,6.4,0.0,186.55325365205817
Bahrain,Mortalidad_Baja,26989.7601148469,51.0,11219.433931134,79.998,0.264280047210277,52.1331512230717,6.5,0.0,197.26480214221942
Bahrain,Mortalidad_Baja,26438.6733230428,49.0,9996.52196196405,79.622,0.265180259339138,52.4449503421466,6.6,0.0,197.7709444618762
Bahrain,Mortalidad_Baja,25032.7867743333,51.0,10624.3872166304,79.141,0.279873967809159,50.6068677586612,6.8,0.0,180.82020330368528
Bahrain,Mortalidad_Baja,21819.3291098099,54.0,10317.976004905,78.593,0.285542784290186,54.7856196764576,7.1,0.0,191.86483669214738
Bahrain,Mortalidad_Baja,19465.3140745038,50.0,10432.8967547383,78.016,0.337284356568349,55.5964970660087,7.4,0.0,164.8356823650739
Bahrain,Mortalidad_Baja,23299.4992780392,57.0,11593.7971674415,77.457,0.264810236570707,48.3070764329234,7.8,0.0,182.42148437500046
Bahrain,Mortalidad_Baja,20908.4042548073,58.0,11533.9934710843,76.952,0.29227169028013,52.8099940272787,8.1,0.0,180.68802345058654
Bahrain,Mortalidad_Baja,19267.282615072,58.0,11582.0205666291,76.51,0.268763501054214,53.4635279305642,8.5,0.0,198.92406417112318
Bahrain,Mortalidad_Baja,17966.1657837625,61.0,11975.4282360997,76.125,3.561521271149888,59.00375300993382,8.8,0.0,33.672520488636636
Bahrain,Mortalidad_Baja,15963.9493171617,70.0,11271.2138903395,75.787,1.7586865150840219,67.38852902411502,9.1,0.0,41.37193893050271
Bahrain,Mortalidad_Baja,14486.0269029822,70.0,11894.9484733033,75.486,2.3004995482256176,67.50075307260786,9.4,0.0,29.79757476728729
Bahrain,Mortalidad_Baja,13501.4708801425,70.0,12214.6865774264,75.209,1.8702639752701995,58.75419734093274,9.7,0.0,39.74829836577645
Bahrain,Mortalidad_Media,13573.2339887597,70.0,12648.0885082095,74.942,1.544946936766814,54.42259456330025,10.1,0.0,47.7258655633158
Bahrain,Mortalidad_Media,14214.4836839343,70.0,12833.272118279,74.673,2.0032600533712723,61.659439154096695,10.5,0.0,36.66759523197302
Bahrain,Mortalidad_Media,11900.9317778335,70.0,11537.6005741003,73.361,2.0350320461433276,69.57921350106362,15.6,0.0,34.38902998234448
Bangladesh,Mortalidad_Media,2716.48592780431,22.2,297.118356342706,74.265,11.2176010351595,51.0380826788136,24.4,1.0,4.549821527690649
Bangladesh,Mortalidad_Media,2482.84917843357,27.7,292.487219529267,71.103,11.6328584271282,51.3015069352743,24.5,0.0,4.410051687351196
Bangladesh,Mortalidad_Media,2248.85078828233,26.6,272.076572071717,71.421,11.9996868602485,51.5113093348259,24.9,0.0,4.292721129704476
Bangladesh,Mortalidad_Media,2129.79896954606,24.4,273.340023331257,72.625,11.9753231358984,50.8492887427224,25.4,0.0,4.246172580537022
Bangladesh,Mortalidad_Media,1965.24372731467,21.2,257.873889464682,72.122,12.4800771856196,50.890160724185,26.3,0.0,4.0777120179051565
Bangladesh,Mortalidad_Media,1811.08221668646,19.1,260.880286120411,71.606,12.9572760433733,51.383900544644,27.4,0.0,3.96564064643225
Bangladesh,Mortalidad_Media,1649.28380858601,25.0,255.923548835134,71.075,13.4647923176039,51.2078039865767,28.6,1.0,3.803089032396549
Bangladesh,Mortalidad_Media,1224.38647668165,27.0,237.713163558492,70.543,14.7829964369364,53.7138319423318,30.0,0.0,3.633487444272384
Bangladesh,Mortalidad_Media,1094.46199702838,23.3,224.107149946033,70.016,15.3516208986344,53.6357543166708,31.4,0.0,3.4938170158593453
Bangladesh,Mortalidad_Media,958.262989798283,27.0,218.935059190067,69.487,15.4932779975908,53.3901814188466,32.7,0.0,3.4460222960659945
Bangladesh,Mortalidad_Media,859.680536375497,24.0,208.040539602777,68.989,16.1775631732753,53.1515772385279,34.1,0.0,3.285511956852205
Bangladesh,Mortalidad_Media,837.336944695647,24.0,200.299626883527,68.499,16.8099867573503,53.045792114203,35.4,0.0,3.155611772924706
Bangladesh,Mortalidad_Media,757.385280361508,21.0,195.590116597033,68.009,17.0011812592919,53.4982962820487,36.9,1.0,3.1467399509554377
Bangladesh,Mortalidad_Media,679.211477428056,20.0,187.659357547152,67.527,17.1046290519632,53.3233235281853,38.4,0.0,3.1174790968100567
Bangladesh,Mortalidad_Media,613.06204104124,20.0,180.396452212736,67.047,17.5956955421992,52.932121684056,40.1,0.0,3.008242644180253
Bangladesh,Mortalidad_Alta,537.955492792911,17.0,174.011519357534,66.458,17.8065367823955,52.8840217973928,41.9,0.0,2.96992180139581
Bangladesh,Mortalidad_Alta,490.388026533289,15.0,168.32467252269,66.048,18.0340165108542,52.7445971888149,43.9,0.0,2.924728229957498
Bangladesh,Mortalidad_Alta,480.08585075452,13.0,159.825599702335,65.509,18.5710395455964,52.8799568974096,46.0,1.0,2.8474419413935608
Bangladesh,Mortalidad_Alta,455.614016909798,12.0,154.242895346549,64.912,19.2669595662859,52.8058618188649,48.4,0.0,2.74074700978076
Bangladesh,Mortalidad_Alta,426.74880754362,4.0,153.143093984627,64.288,19.8127182977042,52.4004924204798,50.9,0.0,2.6447906659305658
Bangladesh,Mortalidad_Alta,393.886422327628,23.0,147.979643675058,63.591,20.5841344226366,51.5724174972413,53.6,0.0,2.5054450402600628
Bangladesh,Mortalidad_Alta,394.65641001891,23.0,148.255373268618,62.836,21.8483405815259,50.5801185568603,56.6,0.0,2.315055386843835
Bangladesh,Mortalidad_Alta,396.670730249751,23.0,135.945727032601,62.049,22.7181480755923,50.566324299804,59.8,1.0,2.2258118985557167
Bangladesh,Mortalidad_Alta,309.458680823367,10.0,128.845088533536,58.244,27.3043698025967,45.1285007128911,77.8,1.0,1.6527940779867145
Barbados,Mortalidad_Baja,22164.0260273876,68.7,4447.6484444121525,75.676,1.63501978128438,74.0943187428898,9.6,0.0,45.31707786720809
Barbados,Mortalidad_Baja,18696.7858952957,50.2,3811.379810643234,76.58,2.29079441008778,72.8216423737371,9.9,0.0,31.788816164845922
Barbados,Mortalidad_Baja,18347.1109131055,44.0,1828.9449857745617,76.647,3.31794642673245,74.152404838265,10.2,0.0,22.34888551569867
Barbados,Mortalidad_Baja,20583.7265786414,53.8,2806.300361521292,76.495,2.46990992846244,73.9074567471418,10.5,0.0,29.923138449486054
Barbados,Mortalidad_Baja,20055.915870771,53.8,5393.004544561784,76.378,2.37119071150651,72.8331524721451,10.9,0.0,30.715856012219007
Barbados,Mortalidad_Baja,19692.7606711615,34.3,3453.7703338217457,76.237,1.90604243027997,73.3474150575573,11.2,0.0,38.48152270502374
Barbados,Mortalidad_Baja,19065.8069800213,74.0,5260.138501950348,76.168,1.85337592011948,75.0326280776208,11.5,1.0,40.48430070936917
Barbados,Mortalidad_Baja,18954.2913724506,75.0,3468.089888746228,76.055,1.80229026432247,75.3517130178845,11.8,0.0,41.80886647923567
Barbados,Mortalidad_Baja,19277.9423599235,77.9,4064.518312505089,75.926,1.88337567697601,75.1638168686047,12.0,0.0,39.909093967534616
Barbados,Mortalidad_Baja,19308.0091116993,78.0,4052.00953602477,75.816,1.97161309365167,75.6135742567649,12.2,0.0,38.35112198241657
Barbados,Mortalidad_Baja,19034.0708028512,78.0,5260.138501950348,75.737,1.84899902916904,74.7294644589076,12.4,0.0,40.41617290220635
Barbados,Mortalidad_Baja,19345.9953139542,74.0,4810.516053058524,75.599,1.6984861134879,74.5614724075948,12.5,0.0,43.89878246015226
Barbados,Mortalidad_Baja,18860.3833703309,70.0,4207.211087658096,75.488,1.79955226052762,75.9202521734666,12.7,0.0,42.188411994885406
Barbados,Mortalidad_Baja,16294.9099491834,69.0,1978.367142860526,75.458,1.43755847574072,73.8293915639476,12.9,0.0,51.35748758039639
Barbados,Mortalidad_Baja,17565.6929970592,67.0,7054.998363511091,75.3,1.29586496388702,72.4635784858851,13.1,0.0,55.919081467043064
Barbados,Mortalidad_Baja,17235.4396434785,69.0,1478.1339388399,75.263,1.34702257839806,72.0320701543797,13.2,0.0,53.47502804299203
Barbados,Mortalidad_Media,15619.6005955511,73.0,1474.06315508774,75.049,1.45016267901105,72.5253202066505,13.4,0.0,50.01185126079077
Barbados,Mortalidad_Media,14214.4202213572,70.0,1451.40041532381,74.96,1.58659510407121,71.9348082209713,13.5,0.0,45.33910891089117
Barbados,Mortalidad_Media,12886.3665272467,70.0,1402.92856661853,75.15,1.64319930323704,72.8538249383074,13.5,0.0,44.33657243816264
Barbados,Mortalidad_Media,12075.9587020649,70.0,2531.7401196244723,74.865,1.9785013241938,71.7417043153139,13.4,0.0,36.26062992125983
Barbados,Mortalidad_Media,11760.4524736133,70.0,2547.53422083297,74.82,1.8895863511991,73.6922581683567,13.3,0.0,38.9991482112436
Barbados,Mortalidad_Media,11639.5160522054,70.0,2258.938542592564,74.707,2.11818628253397,71.5010640039286,13.1,0.0,33.755795981452785
Barbados,Mortalidad_Media,11674.6736471764,70.0,2935.8388370824623,74.58,1.99542408890342,71.2632783134499,13.0,0.0,35.71334971334963
Barbados,Mortalidad_Media,8460.47380869104,40.8,3474.5558979579387,73.88,3.20251177394035,72.1529490917246,13.4,0.0,22.530112044817894
Belarus,Mortalidad_Media,7994.64806074889,43.7,2862.48703453706,74.1033658536585,8.04181871674039,48.2025487635555,2.0,0.0,5.993985995134885
Belarus,Mortalidad_Media,7489.71894713888,39.8,2929.27533668037,72.0714634146342,6.70661864890688,48.6965100435891,2.1,0.0,7.260963026655199
Belarus,Mortalidad_Media,6542.85579976768,37.4,2673.86548599188,72.1385609756098,7.07723976895662,49.0118941389573,2.2,1.0,6.92528383084342
Belarus,Mortalidad_Media,6837.77339645635,37.7,2748.96883661007,74.2268292682927,6.79466882799274,48.426692673832,2.4,1.0,7.127160116225718
Belarus,Mortalidad_Media,6360.037502312,42.0,2849.29477344053,74.1756097560976,6.59010772590188,47.8104508104582,2.6,1.0,7.254881528346362
Belarus,Mortalidad_Media,5785.54491935194,37.6,2692.58344898873,74.1292682926829,7.56580253848292,47.6337185881178,2.8,1.0,6.295924106640671
Belarus,Mortalidad_Media,5039.77560949445,31.0,2639.09486268036,73.8268292682927,6.89528062433517,48.5229965560459,2.9,1.0,7.037131510615551
Belarus,Mortalidad_Media,5967.05595058777,29.0,2660.14026759548,73.6243902439025,6.2832075832437,47.7416980416264,3.1,1.0,7.598300296324093
Belarus,Mortalidad_Media,8341.31809294883,24.6,2923.57682069269,72.9707317073171,7.30305697730942,45.6522130319622,3.3,1.0,6.251110072645402
Belarus,Mortalidad_Media,7998.0802045456,24.0,2870.32580279278,72.4707317073171,6.80909244753712,45.4217867161879,3.5,1.0,6.670754886375081
Belarus,Mortalidad_Media,6953.21591683101,25.0,3219.42653369693,71.9658536585366,8.13094268308472,43.2927264636013,3.7,1.0,5.324441230371198
Belarus,Mortalidad_Media,6527.6593428786,24.0,3081.68018120351,70.5536585365854,8.00188774430829,44.138000618399,3.9,1.0,5.515948489754081
Belarus,Mortalidad_Media,6034.67885177216,20.0,2895.6108099575,70.4048780487805,8.89193022882009,43.4739988900999,4.2,1.0,4.889152048133947
Belarus,Mortalidad_Media,5352.48809190697,21.0,2789.00314061154,70.4073170731707,8.13089893610657,42.1690842437222,4.6,1.0,5.186275782676817
Belarus,Mortalidad_Media,6376.17569162063,21.0,2939.40597422615,70.4560975609756,8.66625369440669,37.9914446940769,5.1,1.0,4.383837126600281
Belarus,Mortalidad_Media,4735.48107556066,26.0,2925.85288440163,70.2073170731707,8.30316995882275,40.4715469411405,5.6,1.0,4.874228414189741
Belarus,Mortalidad_Media,3848.22350300163,33.0,2974.24553406449,69.4048780487805,8.57872759155765,40.8328812746793,6.1,1.0,4.75978294436847
Belarus,Mortalidad_Media,3126.07176665248,42.0,2776.99847069087,68.8512195121951,8.51859080856531,39.6283221474447,6.7,1.0,4.651980948257197
Belarus,Mortalidad_Media,2378.33700470129,48.0,2760.11626065827,68.9560975609756,8.85025144123636,41.8164578990954,7.2,1.0,4.72488925051984
Belarus,Mortalidad_Media,1819.52653114699,41.0,2652.43981373496,68.5536585365854,8.63562770752199,43.252800507592,7.8,1.0,5.0086458069419795
Belarus,Mortalidad_Media,1479.38066337175,41.0,2560.5012580496,68.0560975609756,10.1284322239778,44.0705784232333,8.5,1.0,4.351174737478294
Belarus,Mortalidad_Media,1244.37318523431,34.0,2496.01811483439,68.5073170731707,10.3504297393613,44.3475881023921,9.2,1.0,4.284613220815766
Belarus,Mortalidad_Media,1276.28038121269,39.0,2471.64424935802,68.9121951219512,12.0968271694147,39.8946769143182,9.9,1.0,3.297945515431257
Belarus,Mortalidad_Media,1370.69991385664,10.0,2431.09978098082,68.4609756097561,15.766496709307,41.1505481742626,12.4,1.0,2.6099994775612605
Belgium,Mortalidad_Baja,50822.2518538518,83.6,4333.0426748,81.7487804878049,0.697006708230555,69.9754395208179,3.1,1.0,100.39421241505686
Belgium,Mortalidad_Baja,51658.238294958,81.3,4793.0468713018,81.790243902439,0.654899384879513,70.7487167204956,3.2,1.0,108.02990253764216
Belgium,Mortalidad_Baja,45906.2875805246,80.2,4358.9412773027,80.6951219512195,0.712818023641571,70.3395076969123,3.2,1.0,98.67807121033375
Belgium,Mortalidad_Baja,46716.6227467964,72.5,4773.932613509,81.9951219512195,0.718789583537128,69.5353313801023,3.3,1.0,96.73948116766297
Belgium,Mortalidad_Baja,47487.2100392561,70.9,4660.13377266864,81.5951219512195,0.664625571120094,69.6766949921631,3.3,1.0,104.83601296702581
Belgium,Mortalidad_Baja,44035.3239358548,71.5,4863.48372195372,81.4926829268293,0.729532583142538,69.4180202757195,3.4,1.0,95.15410535427233
Belgium,Mortalidad_Baja,41854.5498296444,76.0,4904.12819808335,81.4390243902439,0.673190543684684,69.5878866778803,3.4,1.0,103.37026764665103
Belgium,Mortalidad_Baja,40893.804537772,75.0,4661.53453241131,80.9926829268293,0.750617272066574,69.4272004004447,3.4,1.0,92.49347568208775
Belgium,Mortalidad_Baja,47995.7786961339,74.2,4701.13625880154,81.2878048780488,0.716518219283319,69.2884674792442,3.4,1.0,96.70161290322584
Belgium,Mortalidad_Baja,46964.5946777056,75.0,5000.3761351143,80.5878048780488,0.764565477908541,68.8013394276922,3.5,1.0,89.98750455735639
Belgium,Mortalidad_Baja,44874.1709182123,71.0,4824.26721189629,80.3853658536585,0.84457469539348,68.6739965906651,3.5,1.0,81.31192772555242
Belgium,Mortalidad_Baja,47760.8298776546,71.0,5064.3293559452,80.5853658536585,0.726239843441003,68.1083915474617,3.6,1.0,93.78222933178213
Belgium,Mortalidad_Baja,44197.393671162,73.0,5511.7845410221,80.1829268292683,0.847918635049212,67.916796056848,3.7,1.0,80.09824675324678
Belgium,Mortalidad_Baja,44923.3400135081,71.0,5161.34227289199,80.0341463414634,0.718679660856589,68.2494049346212,3.8,1.0,94.96498739546244
Belgium,Mortalidad_Baja,48303.397956286,73.0,5425.00683224834,79.6804878048781,0.712338067185966,66.9573617790939,3.8,1.0,93.99660759897831
Belgium,Mortalidad_Baja,44319.165448813,74.0,5302.04532963844,79.7829268292683,0.887523940039387,66.0540499955037,3.9,1.0,74.42509099255658
Belgium,Mortalidad_Baja,38705.1067959147,75.0,5445.56547084695,79.380487804878,0.907269380581052,66.148949028376,4.0,1.0,72.90993220338984
Belgium,Mortalidad_Baja,36809.7013403619,76.0,5549.63760862596,78.9804878048781,0.840639973990251,65.8743326615868,4.1,1.0,78.36212254920768
Belgium,Mortalidad_Baja,35429.4077933344,71.0,5615.40613034968,78.8780487804878,1.02291054131515,65.24479338804,4.2,1.0,63.78347934918644
Belgium,Mortalidad_Baja,30655.2092679024,66.0,5609.48271408916,78.1292682926829,1.0294445025288,65.312044586028,4.4,1.0,63.443968495233
Belgium,Mortalidad_Baja,25006.191397109,61.0,5397.64817804299,78.0756097560976,1.03313414275776,64.6783106970426,4.5,0.0,62.603981438843796
Belgium,Mortalidad_Baja,23015.0712632462,53.0,5606.17298271092,77.9731707317073,1.10935029767163,64.1634154249023,4.7,0.0,57.83873277861129
Belgium,Mortalidad_Baja,23098.8865077401,54.0,5662.98174716427,77.7219512195122,1.17600527973714,63.0558428934957,4.8,1.0,53.61867330016571
Belgium,Mortalidad_Baja,28413.8264387368,93.4,5261.8093544142,76.8407317073171,1.30662347836539,62.7913274369077,6.4,1.0,48.05617568992469
Belize,Mortalidad_Media,7068.45478269722,38.1,1774.131371035026,72.19,7.74932377841009,61.6643833210384,10.9,0.0,7.957388939256573
Belize,Mortalidad_Media,6122.61158580079,36.3,1590.6552676412339,70.917,7.92175332052633,60.9365640040487,11.0,0.0,7.692307692307693
Belize,Mortalidad_Media,5227.19363786168,33.5,1310.6833062513222,71.58,8.37555376067748,61.2820324546589,11.1,0.0,7.31677381648159
Belize,Mortalidad_Media,6190.04792278445,27.2,1133.5143730912891,72.577,6.53602981200017,64.131390528828,11.4,0.0,9.811979500320298
Belize,Mortalidad_Media,6031.28139580144,34.7,1436.4992444157435,72.322,7.1427014063011,63.8765943529925,11.7,1.0,8.942918192918198
Belize,Mortalidad_Media,6072.58267640581,35.0,1457.3382066180793,72.062,8.56020826898469,62.5512950624366,12.1,0.0,7.307216494845363
Belize,Mortalidad_Media,6142.49873185177,6.7,1143.5816918661426,71.843,7.7024372823855,61.8404606731542,12.6,0.0,8.02868733700377
Belize,Mortalidad_Media,6154.49593498217,6.7,1143.5816918661426,71.647,9.61446387451266,62.1736850505005,13.1,0.0,6.46668247569363
Belize,Mortalidad_Media,6128.14288539305,6.7,1291.948365439274,71.437,10.1788846018941,61.9057640593944,13.6,0.0,6.081782678612438
Belize,Mortalidad_Media,5950.20299917747,0.0,1749.5050166846152,71.276,10.0922395769278,62.2383470667815,14.2,0.0,6.166951011455041
Belize,Mortalidad_Media,5709.68918765363,20.0,1831.2045648957378,71.134,10.4168848853043,62.061380538389,14.7,0.0,5.957767722473593
Belize,Mortalidad_Media,5582.22170621269,29.0,1607.632696538456,70.975,8.88590897895515,61.0656522809994,15.1,0.0,6.872189713581762
Belize,Mortalidad_Media,5451.13897172477,29.0,983.1213127377775,70.875,8.76439250730366,61.7259552042161,15.5,0.0,7.042810457516343
Belize,Mortalidad_Media,5401.22963143045,30.0,1354.7636980354928,70.806,8.5430855789162,61.6020136215576,15.9,0.0,7.210745233968804
Belize,Mortalidad_Media,5713.28126796797,35.0,1831.2045648957378,70.665,8.33285410316867,60.3369946517914,16.2,0.0,7.240855762594898
Belize,Mortalidad_Media,5765.28199932455,37.0,601.148260722729,70.652,8.68724737859528,60.0638509753383,16.5,0.0,6.91402562373567
Belize,Mortalidad_Media,5527.16775856439,38.0,597.475319406137,70.535,9.51513056594287,60.4311347138862,16.8,0.0,6.351056803170413
Belize,Mortalidad_Media,5272.74417207961,45.0,575.5529419335,70.335,9.73592325163565,62.4597443981152,17.1,0.0,6.415389972144847
Belize,Mortalidad_Media,5156.09817143194,50.0,570.507346662348,70.152,10.3401506228361,61.4591141092908,17.5,0.0,5.9437348981705425
Belize,Mortalidad_Media,4962.08962013799,50.0,1349.6020509527764,69.819,10.4553441821377,61.4409045763618,17.9,0.0,5.876507124588947
Belize,Mortalidad_Media,4861.74314184267,50.0,1176.7519124280914,69.528,9.17527015626883,59.9485799220665,18.4,0.0,6.533712784588448
Belize,Mortalidad_Media,4721.81625660785,50.0,1162.7795259681145,68.944,9.50289904502046,59.1277285129604,19.0,0.0,6.22207267833109
Belize,Mortalidad_Media,4729.67080428075,50.0,1124.6729110134847,68.911,10.6374571955396,57.1340767407147,19.6,0.0,5.371027651671457
Belize,Mortalidad_Media,4012.07959009728,50.0,967.8159813509246,69.484,11.9772907636896,56.3701849703925,23.7,1.0,4.706422018348637
Benin,Mortalidad_Alta,1266.42710981159,40.3,375.820983649337,60.475,26.8966787968124,46.8939149661431,47.7,0.0,1.743483473197465
Benin,Mortalidad_Alta,1318.65158107487,32.2,376.055295296953,59.61,28.5289506098592,45.8849731676344,49.1,1.0,1.6083652635921772
Benin,Mortalidad_Alta,1200.19426631122,29.6,426.185478700943,60.154,27.1091750361118,47.8973320949726,50.4,0.0,1.7668310463586276
Benin,Mortalidad_Alta,1130.82135339795,28.1,414.543641080217,59.888,26.8758016258337,48.0268213377537,51.8,0.0,1.7869912126300675
Benin,Mortalidad_Alta,1151.7409703472,30.2,423.283323822533,59.71,28.0647739127077,48.8000788401919,53.1,1.0,1.7388374120518133
Benin,Mortalidad_Alta,1054.97408066814,31.3,412.304352119196,59.528,28.4890165273264,48.4009792238265,54.4,0.0,1.6989347167319986
Benin,Mortalidad_Alta,1010.5338961993,39.0,409.038821084068,59.283,27.7536354980493,48.2031996094347,55.7,0.0,1.7368246986173297
Benin,Mortalidad_Alta,1002.41886879614,36.0,379.492026672934,59.123,26.3920850925037,49.2408968968993,57.0,1.0,1.8657448520763327
Benin,Mortalidad_Alta,1204.39918670094,29.5,367.294184971858,59.008,25.6184529738008,49.528551651517,58.3,0.0,1.9333154777990817
Benin,Mortalidad_Alta,1168.92699279226,30.0,366.743087755895,58.863,25.2754046390823,49.4207609001386,59.7,0.0,1.9552905920137615
Benin,Mortalidad_Alta,1071.5258366283,28.0,346.220822053438,58.559,25.7689758312295,48.8721211959796,61.0,0.0,1.8965488390404452
Benin,Mortalidad_Alta,1059.41358852588,29.0,352.901249030589,58.462,25.7970008253273,46.9792375495936,62.4,1.0,1.8211123792138557
Benin,Mortalidad_Alta,973.244254931526,31.0,363.74357481978,58.387,25.8411354962681,44.5474397323122,63.7,0.0,1.7238963720748883
Benin,Mortalidad_Alta,1024.10277858112,27.0,361.653717680842,58.258,26.9789553760994,44.0902785058205,65.1,0.0,1.6342470600207146
Benin,Mortalidad_Alta,1060.60254502099,25.0,355.191568797727,58.099,26.8261561852139,43.8028111047733,66.4,0.0,1.6328396361502073
Benin,Mortalidad_Alta,912.338247188342,29.0,358.123373575729,58.249,26.9710869666408,41.0098695799623,67.9,0.0,1.5205123038120552
Benin,Mortalidad_Alta,809.147072506221,32.0,339.270972775752,57.966,26.631803428758,39.2378743115272,69.3,0.0,1.473346497787555
Benin,Mortalidad_Alta,779.437777753268,30.0,296.647429948477,57.738,26.6894285026991,38.0187915766517,70.9,0.0,1.4244887848687677
Benin,Mortalidad_Alta,758.695803786371,30.0,305.279536303894,57.346,26.5208492800284,36.8973075406702,72.5,0.0,1.391256635527725
Benin,Mortalidad_Alta,676.002878084282,30.0,301.499151686105,57.092,24.4539837351198,37.2055321288927,74.2,1.0,1.5214507595938103
Benin,Mortalidad_Alta,546.463829658159,30.0,294.724145806201,56.851,25.38272927764,35.7896106948174,76.0,0.0,1.409998519203566
Benin,Mortalidad_Alta,492.401499509072,30.0,283.230273372813,56.654,25.0481627427766,37.595219547784,77.8,0.0,1.5009172502532435
Benin,Mortalidad_Alta,487.424141384242,30.0,274.581436432907,56.594,23.5412339925262,35.3186631524293,79.7,0.0,1.5002893715614978
Benin,Mortalidad_Alta,348.435238914394,19.4,296.679128573565,55.366,33.0901595921974,53.517528996626,88.3,0.0,1.6173245960785674
Bhutan,Mortalidad_Media,3711.32767981591,73.5,1273.8414038007547,72.754,14.6710119560904,51.196794354919,19.1,1.0,3.489656644555156
Bhutan,Mortalidad_Media,3570.61257980872,55.0,695.9508933250156,72.448,15.7947840049801,50.1791654417428,19.8,0.0,3.176945340051583
Bhutan,Mortalidad_Media,3191.66906999331,51.2,834.655946848458,72.253,15.703075564462,49.9816378154438,20.3,0.0,3.1829202891030097
Bhutan,Mortalidad_Media,3576.87987100503,54.5,1000.3922300847607,72.005,12.9339527848851,49.6273581830858,21.1,0.0,3.8369830946871413
Bhutan,Mortalidad_Media,3400.20417245342,50.9,1013.2623898844453,71.711,13.5509200361014,45.6144367238745,21.8,0.0,3.3661505346022076
Bhutan,Mortalidad_Media,3435.28804735662,44.7,711.5836226035318,71.413,12.9297924115136,43.2393187922464,22.6,1.0,3.3441618717515573
Bhutan,Mortalidad_Media,3152.30905106786,65.0,761.4645028641934,71.119,12.0023717482714,43.4015603426375,23.4,0.0,3.616081992201938
Bhutan,Mortalidad_Media,2954.04081911097,63.0,975.548689517118,70.797,11.9950705393551,43.7448391110349,24.4,0.0,3.6469013639820402
Bhutan,Mortalidad_Media,2849.49998647303,58.8,1032.1506439444872,70.504,12.0637822394106,43.0401099714327,25.4,0.0,3.567712771772935
Bhutan,Mortalidad_Media,2679.95217201538,57.0,1518.527973619287,70.161,11.8526302443834,42.4570483572225,26.5,0.0,3.582078195457215
Bhutan,Mortalidad_Media,2751.2128864294,57.0,975.782834716026,69.759,11.5729895457402,42.3928113368956,27.9,1.0,3.663082142202366
Bhutan,Mortalidad_Media,2787.97967608562,50.0,690.8581266221476,69.28,11.7996340560809,44.7529435650107,29.5,0.0,3.7927399572148115
Bhutan,Mortalidad_Media,2435.5798056672,52.0,575.0640591888499,68.765,12.4128589573486,43.0053074381572,31.4,0.0,3.464577144228116
Bhutan,Mortalidad_Media,1918.39599211093,50.0,642.1598512743772,68.156,14.005454995288,42.7819265616631,33.6,0.0,3.054661671188595
Bhutan,Mortalidad_Media,1919.59774896395,34.68,505.9237180331396,67.733,14.4876928759977,40.7035555813489,35.9,0.0,2.8095263980080634
Bhutan,Mortalidad_Media,1850.41570433398,19.82,359.542084843091,67.152,14.9062410213406,39.530074582945,38.4,1.0,2.651914357640639
Bhutan,Mortalidad_Alta,1405.6071618158,27.32,314.550260212075,66.499,17.3412992346729,42.6160321828383,41.2,0.0,2.45748785060061
Bhutan,Mortalidad_Alta,1299.94938578359,31.4,308.219954220272,65.875,18.0339346830792,42.9950210131867,44.1,0.0,2.384117596562434
Bhutan,Mortalidad_Alta,1130.35934606796,31.52,276.691507415332,65.29,19.3785149554207,40.8895511836735,47.2,0.0,2.1100456499240448
Bhutan,Mortalidad_Alta,1022.38240311018,24.16,451.92742615553,64.662,19.7868423892498,39.7682589472703,50.3,1.0,2.009833512843687
Bhutan,Mortalidad_Alta,895.799489930972,24.86,408.948965411466,63.984,20.8199814492499,39.1970368965385,53.5,0.0,1.8826643526116438
Bhutan,Mortalidad_Alta,812.238210772056,29.26,346.0273571634334,63.323,20.8835885609201,40.7807194999074,56.7,0.0,1.9527639792818567
Bhutan,Mortalidad_Alta,771.924911410619,28.939999999999998,297.72903764029815,61.842,21.6206028723141,42.1566663693147,60.1,0.0,1.9498376903864094
Bhutan,Mortalidad_Alta,530.103676927417,20.4,149.0542042900542,59.277,27.8478298867802,34.314044812224,77.6,0.0,1.232198162360702
Bolivia,Mortalidad_Media,3643.92826984604,28.7,798.293220052314,67.434,12.4687256486913,49.6031928895406,20.7,1.0,3.9782087028875224
Bolivia,Mortalidad_Alta,3384.84486462654,25.9,757.863166521587,61.427,12.9229233056108,50.5755838935397,21.4,1.0,3.9136333705223714
Bolivia,Mortalidad_Alta,3099.94219053514,23.1,657.745469205531,62.906,14.0009305366582,52.8072617475162,22.2,1.0,3.771696574684989
Bolivia,Mortalidad_Media,3503.89601123129,19.7,795.54274549867,67.82,12.2217575824891,50.7199151225106,23.0,1.0,4.1499690024273015
Bolivia,Mortalidad_Media,3500.72642189887,23.1,803.127890554365,67.699,11.4819241519851,49.0940956880216,23.9,1.0,4.275772513227564
Bolivia,Mortalidad_Media,3306.30301224425,32.6,800.888183667631,67.536,11.5893359382153,48.7378533993764,24.8,1.0,4.205405181039371
Bolivia,Mortalidad_Media,3035.87347732132,35.0,778.965230116872,67.392,11.1718754150532,49.8023324477813,25.9,1.0,4.457830990549418
Bolivia,Mortalidad_Media,2996.01289811344,34.0,748.85994552389,67.205,10.2394941144455,45.97640028474,27.1,1.0,4.490104664436322
Bolivia,Mortalidad_Media,3041.43503162408,28.1,757.547132518494,66.97,9.74021753770169,41.4653506578459,28.4,1.0,4.257127779471555
Bolivia,Mortalidad_Alta,2870.02377000756,28.0,699.363675306555,66.777,9.9669794768463,40.2117817540524,29.9,1.0,4.034500306483626
Bolivia,Mortalidad_Alta,2575.59857098084,28.0,703.763401801031,66.586,9.8121619148328,40.4434919386356,31.5,1.0,4.1217717654555
Bolivia,Mortalidad_Alta,2315.52121930607,27.0,660.399933602591,66.282,9.7695858816954,41.013191725216,33.2,1.0,4.198048128330556
Bolivia,Mortalidad_Alta,1929.78373077158,30.0,625.49842839535,66.003,10.3899057010594,43.5524305510023,34.9,0.0,4.19180229389007
Bolivia,Mortalidad_Alta,1731.18172112209,29.0,586.284286067628,65.656,11.1524074497311,43.5085261772037,36.8,1.0,3.901267629730722
Bolivia,Mortalidad_Alta,1692.67248455876,27.0,572.261293056089,65.299,10.4424041155226,40.496023654551,38.8,1.0,3.8780364374477516
Bolivia,Mortalidad_Alta,1354.54905949929,25.0,570.3375548833,64.939,10.011155665672,42.5095719427825,41.0,1.0,4.246220252927117
Bolivia,Mortalidad_Alta,1202.71150446327,22.0,568.36995826632,64.529,10.9375480546288,43.1317849879713,43.3,1.0,3.9434601587617992
Bolivia,Mortalidad_Alta,1020.12326200737,23.0,567.496536227946,64.182,11.7927215329112,46.8201969433938,45.7,1.0,3.97026223444077
Bolivia,Mortalidad_Alta,953.191893246277,22.0,523.192178579792,63.819,13.3223836388477,49.2849694922866,48.2,1.0,3.699410768248183
Bolivia,Mortalidad_Alta,893.013760211149,20.0,524.19320800163,63.455,13.4272369562791,51.2880547650981,50.9,0.0,3.8197028124325914
Bolivia,Mortalidad_Alta,888.221328974352,27.0,520.021917040091,63.068,12.955118631021,52.2995520552759,53.7,1.0,4.0369797872822835
Bolivia,Mortalidad_Alta,930.168227214313,25.0,444.570211427174,62.538,13.2556536661742,52.653776599304,56.6,1.0,3.9721750375589546
Bolivia,Mortalidad_Alta,975.777060358751,28.0,424.497392990293,62.057,12.9658118842238,52.1618196573823,59.6,1.0,4.023027645561508
Bolivia,Mortalidad_Alta,852.754034861444,10.0,474.617697341087,59.787,14.8592991083324,46.7308234317658,75.1,0.0,3.1448874601064687
Bosnia and Herzegovina,Mortalidad_Baja,7655.59421024383,33.4,2270.72637629896,76.777,4.82624839377878,54.5016852800317,5.5,0.0,11.2927642411208
Bosnia and Herzegovina,Mortalidad_Media,7295.3438240957,42.4,2267.26088940872,74.567,5.01931788098706,53.8615338086611,5.7,0.0,10.730847315466121
Bosnia and Herzegovina,Mortalidad_Baja,6130.31133245161,41.8,2152.73018925591,76.04,5.91443990580606,54.6561661309433,5.8,0.0,9.241139820744257
Bosnia and Herzegovina,Mortalidad_Baja,6122.3753450882,30.2,2157.71633026544,77.394,5.45004218122409,54.570767166769,5.9,0.0,10.012907304602239
Bosnia and Herzegovina,Mortalidad_Baja,6047.84584261133,28.4,2205.40019359849,77.942,5.71878249130791,53.7328253653242,5.9,0.0,9.395850506116254
Bosnia and Herzegovina,Mortalidad_Baja,5345.01985489192,32.7,1966.74296405564,77.385,5.43104998511606,54.4500617824377,6.0,0.0,10.025697044155288
Bosnia and Herzegovina,Mortalidad_Baja,4928.5665251728,39.0,1945.25475764264,77.124,6.16558905049231,54.1748786267221,5.9,0.0,8.786650907652747
Bosnia and Herzegovina,Mortalidad_Baja,4662.25883724069,42.0,1755.04377103361,77.073,6.03756695112693,54.9288363091656,5.9,0.0,9.097843014215016
Bosnia and Herzegovina,Mortalidad_Baja,5206.06558252,33.9,1682.31287779308,77.089,5.95105769918674,56.7834626353011,5.9,0.0,9.54174291455131
Bosnia and Herzegovina,Mortalidad_Baja,5034.56616016469,32.0,1787.39246392599,77.129,6.84139112671187,56.1571217988708,5.9,0.0,8.208436085404928
Bosnia and Herzegovina,Mortalidad_Baja,4693.78899115381,32.0,1821.21222097011,77.037,6.13767155368512,56.7861598346331,5.9,0.0,9.252068856721099
Bosnia and Herzegovina,Mortalidad_Baja,4982.69375768263,30.0,1909.67028647304,76.963,6.75774539555131,55.8147274805154,5.9,1.0,8.2593711679725
Bosnia and Herzegovina,Mortalidad_Baja,4506.47828548389,32.0,1700.48373318065,76.827,6.79676215913764,55.5086556716057,6.0,0.0,8.166926305782125
Bosnia and Herzegovina,Mortalidad_Baja,4539.91863774968,33.0,1602.5317512912,76.701,7.07660163466849,55.6401360945712,6.0,0.0,7.86255027017325
Bosnia and Herzegovina,Mortalidad_Baja,4841.69311934649,29.0,1510.20925021027,76.3,7.20727201234942,53.651324367079,6.1,0.0,7.444054321128611
Bosnia and Herzegovina,Mortalidad_Baja,3931.48948737505,29.0,1321.60129723785,76.162,7.70495340963332,52.5400327816496,6.2,1.0,6.818994222075379
Bosnia and Herzegovina,Mortalidad_Baja,3166.12865344833,31.0,1304.39455421949,76.028,8.05428927250657,52.5945337136241,6.3,0.0,6.530003074654432
Bosnia and Herzegovina,Mortalidad_Baja,2739.61076866057,33.0,1230.32229950965,76.424,8.29736825390212,54.6379203476702,6.4,0.0,6.584969917657308
Bosnia and Herzegovina,Mortalidad_Baja,2452.68616839392,10.0,1161.36225812454,76.489,8.58349505778716,55.6072720294647,6.6,1.0,6.4783950657741
Bosnia and Herzegovina,Mortalidad_Baja,2033.94700935864,10.0,1052.76815633322,76.449,8.10501842544062,55.7906610032614,6.9,0.0,6.883471211878016
Bosnia and Herzegovina,Mortalidad_Baja,1606.54672243362,10.0,1052.10768786264,75.994,8.87350362815024,54.8986257482163,7.3,0.0,6.186803775462072
Bosnia and Herzegovina,Mortalidad_Baja,1387.89365131544,10.0,1004.95066006105,75.573,9.12057740305993,54.5606381209558,7.8,1.0,5.982147369600838
Bosnia and Herzegovina,Mortalidad_Baja,1338.48059636261,10.0,1044.83032752066,75.292,9.00146376331907,54.3531655773759,8.3,0.0,6.0382585551102075
Bosnia and Herzegovina,Mortalidad_Media,502.365980975339,31.82,402.138722444913,70.188,20.6999985084032,53.6000024224429,14.0,0.0,2.589372284287068
Botswana,Mortalidad_Media,8328.70905682185,61.4,1165.14968696121,68.749,1.57978982187803,56.4282614523583,39.2,0.0,35.71884099447941
Botswana,Mortalidad_Alta,7807.88794500125,48.8,1142.89798614093,63.303,1.78859292919968,60.2496232787326,40.3,0.0,33.68548667230378
Botswana,Mortalidad_Media,6323.29749806946,46.4,1119.82959014247,67.643,2.20806905758534,65.9173322787831,41.5,0.0,29.852930574040915
Botswana,Mortalidad_Media,7172.08956480028,52.4,1241.6779321074,67.167,2.08342949351655,61.2229282385628,42.3,0.0,29.385649204392656
Botswana,Mortalidad_Alta,7407.95940141786,56.6,1343.69847257232,66.371,2.11731083204729,58.4362759257556,43.2,0.0,27.599290118991103
Botswana,Mortalidad_Alta,7104.96401088027,57.6,1280.40747267283,65.42,1.8419939490754,56.9680635291786,44.3,0.0,30.92738907083493
Botswana,Mortalidad_Alta,6749.05994339013,63.0,1245.11570542658,64.32,1.97588757367029,54.1248911898208,46.7,0.0,27.39269779873237
Botswana,Mortalidad_Alta,6141.20394726616,64.0,1308.13445233238,63.215,1.94776486758829,56.8759086148366,47.2,1.0,29.20060298924068
Botswana,Mortalidad_Alta,7122.36423421503,61.2,1333.16636170484,62.167,1.81959835253259,53.0342439684547,48.4,0.0,29.14612661340318
Botswana,Mortalidad_Alta,6666.91219583487,61.0,1240.35333768798,61.217,1.99354322327234,55.1237948788188,47.6,0.0,27.65116614242995
Botswana,Mortalidad_Alta,6595.53845015424,58.0,1197.22154587787,60.384,2.3148110827158,55.5813284118705,48.8,0.0,24.01117258634383
Botswana,Mortalidad_Alta,7287.38295334919,56.0,1069.64525830171,59.715,2.11892300680962,51.7079246698274,52.0,0.0,24.40292757389142
Botswana,Mortalidad_Alta,6215.73216077919,58.0,1130.54992383335,59.137,2.0910409188325,54.7364972019634,50.5,0.0,26.17667435820657
Botswana,Mortalidad_Alta,5082.93388332404,54.0,1054.28611010741,58.297,2.37598419625963,58.2732243529614,49.3,1.0,24.525930957241826
Botswana,Mortalidad_Alta,5503.07395314313,56.0,1158.3591770162,57.661,2.14007027610337,51.7687267100204,49.0,0.0,24.1901994004985
Botswana,Mortalidad_Alta,5529.12574632532,59.0,1117.65874301485,56.735,1.92668435755015,48.3122262132745,47.1,0.0,25.07531969310493
Botswana,Mortalidad_Alta,5291.58379144849,60.0,1096.75774429819,55.112,1.73893509424301,47.8447641984648,43.8,0.0,27.51382978977286
Botswana,Mortalidad_Alta,5391.07076619634,57.0,1090.97560068282,54.386,1.82838052405033,45.2838110727775,43.0,0.0,24.767169895499812
Botswana,Mortalidad_Alta,4956.69287735214,64.0,1076.41144429025,53.573,2.25958534959102,47.9542918751357,44.5,0.0,21.222607007881034
Botswana,Mortalidad_Alta,4230.12326909926,60.0,1035.71768168865,52.851,2.72238695522266,49.6970639811907,43.3,0.0,18.254959636010323
Botswana,Mortalidad_Alta,3117.25087183011,60.0,1057.52604830958,52.373,2.4256159925616,47.5973823221757,42.4,1.0,19.622801988500218
Botswana,Mortalidad_Alta,3206.07123689853,61.0,1060.85132722236,52.21,2.59029062025391,45.2880633320755,42.3,0.0,17.48377690825912
Botswana,Mortalidad_Alta,3450.81180622992,61.0,1070.36119676312,52.263,2.79469978903454,42.7469105242306,42.5,0.0,15.29570750030292
Botswana,Mortalidad_Alta,3156.18194514079,50.0,965.686795328275,54.713,4.63772094370987,46.2640168672126,41.3,0.0,9.975593061492924
Brazil,Mortalidad_Media,9281.33334441234,40.0,1428.99253421834,74.872,5.76747490819457,58.0872310744068,12.6,1.0,10.071518645339061
Brazil,Mortalidad_Media,7972.5366498646,47.5,1426.92356611297,73.038,6.5587626121061,56.9133841887799,12.7,1.0,8.677457556358227
Brazil,Mortalidad_Media,7074.19378337644,45.6,1375.83163242979,74.506,5.71148511499007,61.4484446407781,12.8,1.0,10.75875072833573
Brazil,Mortalidad_Baja,9029.83326681073,28.1,1412.60729823853,75.809,4.20501409463474,63.067849250681,13.0,1.0,14.998249192826846
Brazil,Mortalidad_Baja,9300.66164923219,31.4,1400.2173612336,75.633,4.4203993038464,62.6533503532075,13.1,1.0,14.17368568913895
Brazil,Mortalidad_Baja,10080.5092819305,33.4,1428.63671291905,75.383,4.60059169568986,63.33867286247,13.3,1.0,13.767505801875414
Brazil,Mortalidad_Media,8836.28652735657,43.0,1411.50090973164,75.081,4.89135358790863,63.2036958324333,14.6,1.0,12.921514402203945
Brazil,Mortalidad_Media,8936.19661712113,42.0,1477.71135638764,75.106,4.31914942964047,62.3078671738493,13.7,1.0,14.425957746739932
Brazil,Mortalidad_Media,12274.9939689363,37.9,1517.77055485822,74.823,4.32561053879483,61.2509740086137,14.0,1.0,14.160076007600766
Brazil,Mortalidad_Media,12458.8912138813,38.0,1483.68231791026,74.609,4.50688618256533,59.6787579933734,14.4,1.0,13.241682965999404
Brazil,Mortalidad_Media,12521.7213519966,37.0,1429.55235018298,74.335,4.16832822439069,58.733602508431,14.8,1.0,14.0904457006901
Brazil,Mortalidad_Media,13396.6243562986,37.0,1386.56123964361,74.047,4.34203412783304,57.5681693201729,15.3,1.0,13.25834105060413
Brazil,Mortalidad_Media,11403.2821278747,35.0,1381.00123628752,73.779,4.11575648779356,57.6129219708142,16.0,0.0,13.998136707475675
Brazil,Mortalidad_Media,8678.6592244676,35.0,1258.83931042818,73.457,4.47677399209847,59.1450592182315,16.7,1.0,13.211535655501674
Brazil,Mortalidad_Media,8908.33176538648,33.0,1314.44467157094,73.111,4.56785118025741,56.8048617742178,17.6,1.0,12.435795198348975
Brazil,Mortalidad_Media,7409.69130673473,37.0,1257.18369855417,72.73,4.41691543634403,57.7262362176441,18.6,1.0,13.069355084919913
Brazil,Mortalidad_Media,5934.14470924968,39.0,1202.05933940304,72.296,4.3700437788908,57.1381272138218,19.7,1.0,13.074955333359279
Brazil,Mortalidad_Media,4827.78173074714,39.0,1173.71585743449,71.832,4.65116882283132,56.0758916060326,21.0,1.0,12.056301059374869
Brazil,Mortalidad_Media,3663.823188064,40.0,1157.16905577095,71.361,5.66531157603221,54.9204711078884,22.4,1.0,9.694166043794684
Brazil,Mortalidad_Media,3090.6070097455,40.0,1107.9739157885,70.884,6.1671843856504,56.3578281380465,23.9,1.0,9.13834006150003
Brazil,Mortalidad_Media,2855.94018885769,39.0,1103.40127916211,70.396,5.47527489339298,57.3481454732969,25.5,1.0,10.474021229965818
Brazil,Mortalidad_Media,3176.28935747524,41.0,1086.99299318566,69.98,4.80104301642181,57.7136922463033,27.3,1.0,12.021073764366518
Brazil,Mortalidad_Media,3766.54811466032,40.0,1081.36193393467,69.584,4.75045997570861,58.251861249965,29.1,0.0,12.262362286564844
Brazil,Mortalidad_Media,4756.74840785403,50.0,998.777374735819,67.701,5.01166646465693,58.1214163702779,39.8,1.0,11.597223554312599
Brunei Darussalam,Mortalidad_Media,36632.9280421411,61.1,9537.0515607056,72.917,1.09616029704876,32.5201825371859,8.3,0.0,29.667360352989796
Brunei Darussalam,Mortalidad_Media,31006.9636220576,47.5,8962.62325631033,74.869,1.25628997432451,37.6286450536558,8.4,0.0,29.95219720183488
Brunei Darussalam,Mortalidad_Media,26834.3592463839,49.6,9175.89257228992,75.114,1.21750292670974,41.4503546833996,8.5,0.0,34.045384018433346
Brunei Darussalam,Mortalidad_Media,30426.5730284202,43.7,9219.80339333238,75.049,0.986055107003176,38.1775985833701,8.5,0.0,38.717510119084174
Brunei Darussalam,Mortalidad_Media,30988.1190497851,45.4,8304.04242825767,74.992,1.01764171800144,37.3375696213878,8.6,0.0,36.69028987403891
Brunei Darussalam,Mortalidad_Media,28024.3824618568,40.9,8385.25858976533,74.943,1.08645099266659,40.8510761072973,8.6,0.0,37.60047750247091
Brunei Darussalam,Mortalidad_Media,26663.2973199878,60.0,7008.28171997556,74.905,1.20365490995634,42.9760418199701,8.6,0.0,35.70462053906211
Brunei Darussalam,Mortalidad_Media,30625.128732694,60.0,6437.00247398227,74.88,1.10321244189323,39.4304337887703,8.5,0.0,35.74146944998506
Brunei Darussalam,Mortalidad_Media,41026.508391054,53.3,8529.79303823974,74.862,0.862827519932119,32.836035494683,8.5,0.0,38.05631454275624
Bulgaria,Mortalidad_Media,13999.6719197289,45.6,2968.11355893649,74.1609756097561,3.71123769024208,59.8952371314871,5.1,1.0,16.138884687706486
Bulgaria,Mortalidad_Media,12972.2173356002,46.8,2918.1382827493,71.2121951219512,4.32692115525078,62.44606755753,5.2,1.0,14.431986467271496
Bulgaria,Mortalidad_Media,10769.9475699414,44.2,2664.55152991688,73.3560975609756,3.43289246015636,61.5511601427958,5.4,1.0,17.929824734443415
Bulgaria,Mortalidad_Media,10372.8044341114,35.1,2771.10254436126,75.1121951219512,3.19616480472546,61.5674944831384,5.5,1.0,19.262928617483116
Bulgaria,Mortalidad_Media,9872.38507789106,38.2,2764.47088334037,74.9634146341464,3.39668320173059,61.0385392808893,5.8,1.0,17.970041848409803
Bulgaria,Mortalidad_Media,8696.68930427924,41.8,2732.29265351916,74.8146341463415,4.04317689807308,57.9586661145076,6.1,1.0,14.334932053586344
Bulgaria,Mortalidad_Media,7822.49923292968,43.0,2606.77682883142,74.8121951219512,4.0548985296075,57.5930646010408,6.4,1.0,14.203330658095558
Bulgaria,Mortalidad_Media,7268.65445473873,41.0,2637.66768452202,74.6146341463415,4.06197577427238,58.2751717161103,6.8,1.0,14.34650892927817
Bulgaria,Mortalidad_Media,8069.60005667684,35.2,2500.00073866402,74.4658536585366,4.55871704995626,58.7280722436486,7.3,1.0,12.882587710551608
Bulgaria,Mortalidad_Media,7795.98092108928,33.0,2353.45772576798,74.8609756097561,4.51541694501881,58.1902311834487,7.8,1.0,12.887011740442121
Bulgaria,Mortalidad_Media,7431.95789508871,36.0,2493.2350032221,74.3146341463415,4.43014002376589,57.1818718497871,8.3,1.0,12.907463769323257
Bulgaria,Mortalidad_Media,7849.58061302818,38.0,2592.51617710519,74.1634146341463,4.66136906796064,57.5905061435305,8.7,1.0,12.354847965026394
Bulgaria,Mortalidad_Media,6853.94805511171,36.0,2393.89142256038,73.5121951219512,4.03250076157469,59.500569647052,9.1,1.0,14.755253170446283
Bulgaria,Mortalidad_Media,6988.27316296465,41.0,2337.23945196707,73.4121951219512,4.23578565966123,56.0934493454046,9.3,1.0,13.242749716918123
Bulgaria,Mortalidad_Media,7271.30338858025,40.0,2647.46208110447,72.9634146341463,5.86962692201849,53.2162517660805,9.6,1.0,9.066377211548584
Bulgaria,Mortalidad_Media,5888.57081403932,40.0,2665.00511750437,72.6634146341463,4.65178489194212,53.9231720397525,9.9,1.0,11.591931547212962
Bulgaria,Mortalidad_Media,4523.1465578805,41.0,2696.78264240444,72.6121951219512,6.09628492053004,52.9401118883602,10.4,1.0,8.683995675805345
Bulgaria,Mortalidad_Media,3899.82596332878,39.0,2599.1917342682,72.5609756097561,7.28368572889434,53.5290714639992,11.0,0.0,7.3491736816224345
Bulgaria,Mortalidad_Media,3389.68743360274,40.0,2439.63673677668,72.5634146341463,8.45218537659142,54.0545337686821,11.8,0.0,6.39533225553568
Bulgaria,Mortalidad_Media,2719.49436859287,39.0,2489.50818804189,72.0658536585366,9.09562775017386,53.852620036115,12.5,1.0,5.920715041915125
Bulgaria,Mortalidad_Media,2092.98288625558,35.0,2410.06924541046,71.8658536585366,9.71056962763958,55.2606420812152,13.2,0.0,5.690772446955598
Bulgaria,Mortalidad_Media,1770.90704918691,33.0,2419.77111113907,71.7682926829268,10.6032532421664,53.4910733280046,13.8,1.0,5.044779381037928
Bulgaria,Mortalidad_Media,1621.26210738992,29.0,2276.85216577279,71.6634146341463,10.970482362947,54.0162589138158,14.3,0.0,4.923781573748906
Bulgaria,Mortalidad_Media,2259.25922555221,30.0,2745.16022347993,71.0534146341463,9.2183209386075,65.2782796899215,15.5,1.0,7.081363311677268
Burkina Faso,Mortalidad_Alta,836.118304593682,41.4,312.929085804227,60.7,18.4967125792015,42.6709143664748,46.1,0.0,2.3069458523378805
Burkina Faso,Mortalidad_Alta,895.535288442991,34.5,303.171853475007,60.046,17.2902157538449,45.3590661191773,47.3,1.0,2.623395032481917
Burkina Faso,Mortalidad_Alta,825.237038782475,34.1,263.88298802906,60.454,17.9151635677562,44.9534162457844,48.7,0.0,2.509238393262107
Burkina Faso,Mortalidad_Alta,764.853077774946,36.6,302.330693379864,60.184,18.2205245524421,45.3162521473929,50.2,0.0,2.487099206006073
Burkina Faso,Mortalidad_Alta,777.465618514048,31.8,299.913437292717,59.972,20.9974732840091,43.5508126426667,51.6,1.0,2.074097776127825
Burkina Faso,Mortalidad_Alta,709.091535894695,31.7,285.313799439353,59.578,20.5863197033828,43.9574724350802,53.1,0.0,2.135275904991264
Burkina Faso,Mortalidad_Alta,663.742364842886,38.0,271.615575346763,59.173,21.7147178290213,43.8058266776224,54.7,0.0,2.0173334520182786
Burkina Faso,Mortalidad_Alta,630.124750752312,38.0,279.219982120516,58.778,22.6464984902029,44.0578267356519,56.3,0.0,1.9454586657055064
Burkina Faso,Mortalidad_Alta,764.861675106225,31.3,264.949904576004,58.331,23.6937727725999,42.4959291277041,58.0,1.0,1.7935484372015043
Burkina Faso,Mortalidad_Alta,759.762065168498,30.0,258.229706435665,57.903,23.6410927919708,41.5589270375237,59.8,0.0,1.7579105755905802
Burkina Faso,Mortalidad_Alta,731.470138867833,31.0,249.069045065321,57.457,23.7560050181575,40.3188210511278,61.6,0.0,1.6972054442786484
Burkina Faso,Mortalidad_Alta,725.024767725475,36.0,235.67491386243,57.001,23.043650452489,40.5626068793802,63.5,0.0,1.760250918708018
Burkina Faso,Mortalidad_Alta,624.957252224766,35.0,227.93902505697,56.343,24.1433866229434,42.120724852489,65.7,0.0,1.7446071468889033
Burkina Faso,Mortalidad_Alta,601.569520671859,29.0,171.44988829824,55.791,23.2048471286094,45.889730891061,68.2,1.0,1.977592467501467
Burkina Faso,Mortalidad_Alta,619.437533256264,32.0,168.80031087063,55.199,27.314280245881,45.0673520982897,71.0,0.0,1.6499556895732543
Burkina Faso,Mortalidad_Alta,514.684451177238,34.0,167.380496993818,54.377,21.8394874058463,48.1789341308636,73.9,0.0,2.2060469293783145
Burkina Faso,Mortalidad_Alta,455.513655620024,30.0,160.051947053493,53.784,25.2289761645165,47.138528226651,77.1,0.0,1.868428108983248
Burkina Faso,Mortalidad_Alta,441.164148016012,30.0,152.454065294215,53.271,26.7709190270281,44.5494891325644,80.3,0.0,1.6641001038323315
Burkina Faso,Mortalidad_Alta,403.81283743461,30.0,149.202025520624,52.6,23.3814384513092,46.4776363991653,83.2,0.0,1.987800557949114
Burkina Faso,Mortalidad_Alta,362.373899996953,30.0,145.412202886927,51.959,25.9609768246545,44.9144762732164,85.9,1.0,1.7300765135525342
Burkina Faso,Mortalidad_Alta,285.654087637533,30.0,140.366660183959,51.447,26.3724484751209,46.5996342910245,88.3,0.0,1.766981717112289
Burkina Faso,Mortalidad_Alta,259.485223380436,10.0,138.808404306933,51.188,26.9204304323679,46.3932165940742,90.5,0.0,1.723346018208279
Burkina Faso,Mortalidad_Alta,248.908526921752,10.0,122.87633161526,50.808,24.9140364618327,47.7431323544295,92.4,0.0,1.9163146215816955
Burkina Faso,Mortalidad_Alta,229.092294496817,30.4,173.276562601483,49.554,33.2172170930601,39.532823713261,100.6,0.0,1.1901305158257942
Burundi,Mortalidad_Alta,250.634225368744,12.2,316.9873147035438,62.882,27.566714644381,45.3736001011007,32.4,0.0,1.6459560265499147
Burundi,Mortalidad_Alta,214.091455416133,27.0,330.3446665042302,62.101,28.6602199997861,44.8054600004096,33.4,0.0,1.5633327308982274
Burundi,Mortalidad_Alta,210.008139902508,22.3,330.3446665042302,62.569,28.6249499997947,45.4797099998811,34.5,1.0,1.588813604921835
Burundi,Mortalidad_Alta,210.236494521532,26.2,330.3446665042302,62.18,28.8443899996176,47.8275400006599,35.6,0.0,1.6581227753921635
Burundi,Mortalidad_Alta,224.89939239264,26.2,333.00868654393446,61.806,29.0119004854571,49.1149832347859,37.0,0.0,1.6929254000235505
Burundi,Mortalidad_Alta,236.694472592753,24.6,340.47330537036396,61.345,28.5466470060171,49.3337056167763,38.4,0.0,1.7281786406080433
Burundi,Mortalidad_Alta,235.286205393908,20.0,333.0086865439344,60.789,31.5443361286606,47.6730845453259,40.0,0.0,1.511304100707037
Burundi,Mortalidad_Alta,280.966831311923,21.0,313.93302229156427,60.107,30.6846972994222,49.3716359599916,41.8,0.0,1.6089986314097118
Burundi,Mortalidad_Alta,250.540481111877,15.9,331.3635829712728,59.764,34.9581923436541,39.1278229696112,44.0,0.0,1.1192747778537242
Burundi,Mortalidad_Alta,234.843045388828,19.0,333.00868654393446,59.179,38.3674000405511,36.0237756562607,46.3,1.0,0.9389162575047206
Burundi,Mortalidad_Alta,231.688496393569,18.0,333.00868654393446,58.501,35.4200325741609,38.8495890200953,49.0,0.0,1.0968253329172906
Burundi,Mortalidad_Alta,230.070577369084,18.0,338.7438788210312,57.804,36.7045760044036,37.9941508064808,51.9,0.0,1.035133897253642
Burundi,Mortalidad_Alta,216.727705301976,19.0,338.7438788210312,57.088,38.4305452876335,36.9511248689049,55.0,0.0,0.9615040482081147
Burundi,Mortalidad_Alta,199.097633037708,25.0,339.5749169757538,56.422,36.7213641376786,37.8394521765596,58.3,0.0,1.030447889536156
Burundi,Mortalidad_Alta,189.502074570768,24.0,337.97076330992763,55.581,38.0048233017065,38.3214407743236,61.8,0.0,1.0083309813100192
Burundi,Mortalidad_Alta,166.162744906755,23.0,345.99305014814865,54.832,34.9341719197591,39.9188675811784,65.6,0.0,1.1426882444177788
Burundi,Mortalidad_Alta,161.892755640319,30.0,354.4125064240517,53.962,40.6376822658218,35.7022673486526,69.5,1.0,0.8785507774561218
Burundi,Mortalidad_Alta,147.234619294225,24.6,361.2549966325384,53.053,40.8481233922949,34.0146526694939,73.4,0.0,0.8327102898418588
Burundi,Mortalidad_Alta,125.194965184533,27.4,366.54835091616076,52.217,41.9026049689034,33.9799370317603,77.1,0.0,0.8109266012692377
Burundi,Mortalidad_Alta,111.406682804391,31.8,366.5483509161608,50.997,42.8412837005394,33.826561596154,80.4,0.0,0.7895786184326709
Burundi,Mortalidad_Alta,120.952308575468,26.8,366.54835091616076,49.924,43.3336112421252,35.5059476836453,83.3,0.0,0.8193627686660345
Burundi,Mortalidad_Alta,132.159554541932,27.4,366.54835091616076,48.509,43.8431420582797,34.998612766489,86.1,0.0,0.7982688083797949
Burundi,Mortalidad_Alta,134.537861752389,10.0,366.1741345397328,47.617,44.1070401093686,32.1289977027999,88.6,0.0,0.7284324140348631
Burundi,Mortalidad_Alta,164.915311679326,21.0,268.44810148841503,44.589,42.0226931283613,28.4609699957859,96.3,0.0,0.6772762019047625
Cabo Verde,Mortalidad_Baja,4323.31362032709,60.9,1115.1078376195433,75.907,4.95404868851136,69.0054495299915,11.5,0.0,13.929102007014572
Cabo Verde,Mortalidad_Media,3971.44409203423,48.7,747.3693748524167,74.424,5.97147405923183,68.5396766166644,12.0,0.0,11.477848842146914
Cabo Verde,Mortalidad_Media,3539.22661248299,46.1,1323.5654831349398,73.818,6.19132745485182,65.9834164849906,12.5,0.0,10.657394067128989
Cabo Verde,Mortalidad_Baja,4380.78117331128,43.7,850.7786551206276,75.449,4.437360866953,69.8257387373996,13.2,0.0,15.735871124979475
Cabo Verde,Mortalidad_Media,4294.96510035729,42.8,1155.3881464704034,74.84,4.52276867410321,67.4290612920901,14.0,0.0,14.908801698875338
Cabo Verde,Mortalidad_Media,3893.09571382506,41.8,1184.9440202314327,74.71,5.37533502619645,69.6071007918803,15.0,0.0,12.949351147910459
Cabo Verde,Mortalidad_Media,3608.96605234906,57.0,1588.3432197957682,74.35,6.31352277353712,69.284837494372,16.2,0.0,10.974037788344827
Cabo Verde,Mortalidad_Media,3415.06266730931,58.0,1237.1131692881286,74.096,6.4082863760272,67.1524928863825,17.6,1.0,10.479009355386129
Cabo Verde,Mortalidad_Media,3985.60706548134,54.9,827.6223492208995,73.788,5.73506923863287,67.549886141101,19.0,0.0,11.77839069249033
Cabo Verde,Mortalidad_Media,3960.97596791345,55.0,839.0980142079463,73.481,5.82359125603063,68.0412785531692,20.5,0.0,11.683731835181417
Cabo Verde,Mortalidad_Media,3736.81517011087,51.0,924.7568830601433,73.315,5.79088758494564,68.6678487003577,21.8,0.0,11.85791429950583
Cabo Verde,Mortalidad_Media,4002.01386888785,51.0,1049.2246574805763,72.913,5.39925327001121,67.2515707697687,22.9,0.0,12.455717005034861
Cabo Verde,Mortalidad_Media,3579.46006137809,51.0,1627.2510713174727,72.507,5.82909277007133,67.4390099531524,23.8,0.0,11.569383541021795
Cabo Verde,Mortalidad_Media,3659.72046361628,49.0,913.8318905533376,72.142,6.02632246585572,66.710352533179,24.3,0.0,11.069827894399994
Cabo Verde,Mortalidad_Media,3908.64885822576,40.0,1184.9440202314327,71.888,5.31578241870627,66.4825423782969,24.4,0.0,12.506633481525586
Cabo Verde,Mortalidad_Media,3324.57675212498,30.0,207.581773111107,71.487,6.09468707137093,67.317461028727,24.3,1.0,11.045269468377267
Cabo Verde,Mortalidad_Media,2256.99666191075,30.0,207.854452975987,71.341,8.3187121345924,72.5890097387261,24.1,0.0,8.725991303013494
Cabo Verde,Mortalidad_Media,2004.14680417563,30.0,204.075322346248,70.936,9.00118732269349,71.7877348277842,23.9,0.0,7.975362833167064
Cabo Verde,Mortalidad_Media,1929.49081468781,30.0,185.660345870622,70.499,9.86346771915503,71.9184489648669,23.9,0.0,7.291395988978601
Cabo Verde,Mortalidad_Media,1717.97565369655,30.0,597.8648810638708,70.006,10.1436982527383,71.3303054474098,24.3,0.0,7.031982189351317
Cabo Verde,Mortalidad_Media,1328.57874270666,30.0,535.1789093809105,69.447,10.3514712488974,70.5950151487304,25.3,0.0,6.819804977601605
Cabo Verde,Mortalidad_Media,1223.33055331575,30.0,450.6698273807098,68.707,11.4157660193474,69.4201626044445,27.0,1.0,6.081077913369235
Cabo Verde,Mortalidad_Media,1189.51479345891,30.0,593.3888404221028,68.117,12.8717827032774,65.3810265158254,29.4,0.0,5.079407260284012
Cabo Verde,Mortalidad_Alta,1165.13832331934,22.619999999999997,828.9180472536998,63.691,13.6805684818152,58.0253019765964,41.8,0.0,4.241439385631242
Cambodia,Mortalidad_Media,2325.03050040841,12.3,501.644136152087,70.528,16.5440859884826,36.3854761335718,21.1,0.0,2.1993040992957886
Cambodia,Mortalidad_Media,2167.40324198499,17.0,501.330977178892,69.301,16.9044143710096,36.4869248742341,21.9,0.0,2.158425845074392
Cambodia,Mortalidad_Media,2081.73914242939,14.8,516.116717657277,70.059,17.0396522911435,39.1436352494164,22.6,0.0,2.2972085686139043
Cambodia,Mortalidad_Media,2225.87705485686,16.7,489.36782496618,70.127,15.4385065177157,39.1377249484506,23.5,0.0,2.535071958128853
Cambodia,Mortalidad_Media,2036.67377566578,17.7,440.94962587052,69.993,16.4979479082228,40.2202510794724,24.4,0.0,2.4378941734581474
Cambodia,Mortalidad_Media,1826.35391688754,12.8,418.953616262105,69.842,17.8681771583586,41.4183127540152,25.4,0.0,2.3179931778681757
Cambodia,Mortalidad_Media,1675.19555711109,21.0,412.747652430932,69.635,18.9079815555917,41.7636314521345,26.5,0.0,2.208783170712563
Cambodia,Mortalidad_Media,1547.32010444393,20.0,379.745573981888,69.398,20.1408488554582,42.2063048789912,27.7,0.0,2.095557400876539
Cambodia,Mortalidad_Media,1431.56396469993,18.7,359.949524640373,69.117,22.1938152404445,41.6886643787156,29.1,0.0,1.8783910709838212
Cambodia,Mortalidad_Media,1305.6600972686,21.0,337.778887518004,68.755,24.447155140413,40.4061547515332,30.8,0.0,1.6527957760098952
Cambodia,Mortalidad_Media,1192.80263041673,21.0,334.025964498856,68.371,26.7953499375283,39.4003358287519,32.8,0.0,1.4704169163907672
Cambodia,Mortalidad_Media,1088.98152823081,20.0,325.063800981871,67.869,28.0358544598065,39.0826288683331,35.1,0.0,1.3940231043916913
Cambodia,Mortalidad_Media,952.274616324008,18.0,323.255970747488,67.311,27.8742916555508,39.7207719064236,37.7,0.0,1.424996638381436
Cambodia,Mortalidad_Alta,875.748936193569,20.0,311.4624062289,66.747,28.0893239418879,39.7876010219043,40.6,0.0,1.416467021570835
Cambodia,Mortalidad_Alta,866.283999789749,21.0,296.389616055637,66.147,28.0340869915092,39.4864614805622,43.8,0.0,1.4085160502113598
Cambodia,Mortalidad_Alta,731.692295125426,23.0,298.213771742013,65.549,25.4656283422573,39.1671077567889,47.1,0.0,1.538038144214787
Cambodia,Mortalidad_Alta,612.252648550727,10.0,289.726360027538,64.886,26.2857429362019,39.1127580064829,50.5,0.0,1.4879837370932767
Cambodia,Mortalidad_Alta,525.797325120926,30.0,286.390391082312,64.113,27.4457888917427,39.3541365970232,54.5,0.0,1.4338861510686336
Cambodia,Mortalidad_Alta,444.199067529081,30.0,279.272336910563,63.256,26.6286627547039,39.4440355684958,59.3,0.0,1.4812623499664133
Cambodia,Mortalidad_Alta,386.691123931778,30.0,275.5985706572,62.345,29.4743795697528,38.7302502795091,65.0,0.0,1.3140310617175759
Cambodia,Mortalidad_Alta,350.147276634294,30.0,272.095279032918,61.395,29.6110046760937,38.9991210756479,71.8,0.0,1.317048222518895
Cambodia,Mortalidad_Alta,327.500984314444,30.0,276.164207089023,60.457,32.9653772534886,38.0576690261835,79.4,0.0,1.1544739419645502
Cambodia,Mortalidad_Alta,296.426687526334,30.0,273.111060087066,59.491,35.5277357364566,36.7145633549895,86.7,0.0,1.03340566444585
Cambodia,Mortalidad_Alta,343.485224671585,18.0,282.350097776989,56.562,47.7245602129901,34.1915817554512,94.8,0.0,0.7164357639516735
Cameroon,Mortalidad_Alta,1604.87726954895,19.9,384.104863153688,62.443,16.5461644132745,49.4045983659894,42.5,0.0,2.9858641031243196
Cameroon,Mortalidad_Alta,1672.32657340872,21.0,385.081685358061,61.146,16.9592035415957,50.9412872338294,43.8,1.0,3.003754693366709
Cameroon,Mortalidad_Alta,1555.60370660749,20.8,386.883842275205,61.674,17.4968650540914,51.7619207732303,45.3,0.0,2.958354003029045
Cameroon,Mortalidad_Alta,1555.22660476477,25.5,387.419411707774,61.695,16.8022835644401,51.0268734763051,46.8,0.0,3.0369011021988106
Cameroon,Mortalidad_Alta,1610.69641591017,23.4,392.392157002433,61.189,16.4988006978593,50.4464488185533,48.1,0.0,3.057582774795181
Cameroon,Mortalidad_Alta,1496.08951771242,17.4,392.776292653391,60.817,16.6929418227731,50.3626877993823,49.7,0.0,3.0170049314301055
Cameroon,Mortalidad_Alta,1441.7201725688,27.0,400.082970120892,60.293,17.1926623891151,50.4664605241712,51.6,0.0,2.935348777401816
Cameroon,Mortalidad_Alta,1415.00009710569,25.0,402.983607731397,59.687,17.2094159041593,49.5603216890022,53.2,0.0,2.879837524120972
Cameroon,Mortalidad_Alta,1649.4433905949,21.9,395.092656580176,59.13,16.8258381780095,50.4278201457651,55.4,1.0,2.9970465430763293
Cameroon,Mortalidad_Alta,1575.92882118897,25.0,375.371615915553,58.73,16.7236611922507,50.3174153036428,57.4,0.0,3.008755961102498
Cameroon,Mortalidad_Alta,1449.09874362279,22.0,368.67461829541,58.17,16.6572401682217,50.7616920668838,59.8,0.0,3.047425116900565
Cameroon,Mortalidad_Alta,1513.96056994878,22.0,363.1696926603,57.482,16.6973907363193,51.7703818821919,62.0,0.0,3.100507300795426
Cameroon,Mortalidad_Alta,1398.58702025047,23.0,356.141255871575,56.965,17.2697108767217,50.6327279323192,63.9,0.0,2.9318804636485485
Cameroon,Mortalidad_Alta,1461.38999232337,24.0,363.548840943917,56.486,16.3871903453991,50.6233092722091,66.3,0.0,3.089200052309284
Cameroon,Mortalidad_Alta,1492.14269801453,23.0,345.872865150161,56.116,16.0011918854665,49.5994999231808,67.9,0.0,3.0997378369189383
Cameroon,Mortalidad_Alta,1325.67248215933,22.0,352.800578879997,55.71,15.8575319059376,49.1015543996337,69.7,1.0,3.0964184521834954
Cameroon,Mortalidad_Alta,1191.45458990968,21.0,385.035153073309,55.301,15.6250817945247,47.9296207330584,71.3,0.0,3.0674796691210777
Cameroon,Mortalidad_Alta,1142.62466252106,18.0,428.539594062507,54.904,16.734176851979,48.1626860371302,73.3,0.0,2.878103085867318
Cameroon,Mortalidad_Alta,1133.39326749673,22.0,437.082365532497,54.578,17.5609527218813,48.1104019430089,74.9,0.0,2.739623681297335
Cameroon,Mortalidad_Alta,988.241276791846,20.0,435.147080636702,54.253,17.473784234889,45.9000169949749,76.9,0.0,2.6267931650047913
Cameroon,Mortalidad_Alta,789.623811072554,20.0,429.502648089236,53.922,18.2716803952334,45.9507243180747,78.8,0.0,2.514860337096419
Cameroon,Mortalidad_Alta,715.470296470585,15.0,419.668248263033,53.598,18.6209582669445,46.4356337030915,80.9,1.0,2.493729540521176
Cameroon,Mortalidad_Alta,708.565731625965,14.0,425.839473286279,53.338,18.1177424642566,45.0294526824351,82.8,0.0,2.485378781118618
Cameroon,Mortalidad_Alta,832.006674487689,10.0,424.113046017593,53.347,19.1448537215648,45.9120544140405,85.8,0.0,2.398140778810186
Canada,Mortalidad_Baja,56256.8007264015,86.7,7632.30056151996,81.2453658536585,0.6179129549130922,75.17817452336128,4.5,0.0,925.006091433596
Canada,Mortalidad_Baja,52886.6616372703,87.9,7601.81611143617,81.5168292682927,1.59798786504057,66.3883076597889,4.5,0.0,41.544938551897836
Canada,Mortalidad_Baja,43537.839298904,90.3,7485.62249555932,81.5351219512195,1.83978931118122,69.5597799800588,4.5,1.0,37.80855751107641
Canada,Mortalidad_Baja,46352.8693445211,84.6,8116.53873744093,82.1636585365854,1.69707935336103,67.6711634824727,4.5,1.0,39.87507322415501
Canada,Mortalidad_Baja,46539.1761570405,78.3,8158.32963620489,81.8087804878049,1.69989157622406,66.8658461527451,4.5,1.0,39.33535943584888
Canada,Mortalidad_Baja,45129.628116623,81.6,8166.27117203823,81.8129268292683,1.88999463244888,67.1166720622468,4.6,1.0,35.51156755153492
Canada,Mortalidad_Baja,42314.0615817218,81.0,7936.49539040876,81.94,1.86222589313529,67.9588532993538,4.6,1.0,36.493345705196155
Canada,Mortalidad_Baja,43594.1941045394,81.0,7681.96398709014,81.8258536585366,1.86983594598587,67.0009977683349,4.7,1.0,35.83255414046961
Canada,Mortalidad_Baja,50960.8431174661,87.7,7772.23483485271,81.7843902439025,1.58654807741954,64.9019974464847,4.7,1.0,40.907677725118376
Canada,Mortalidad_Baja,52638.1187235237,87.0,7661.95220796422,81.7448780487805,1.89423151227836,65.1674412760895,4.8,1.0,34.40310271140345
Canada,Mortalidad_Baja,52670.3447335415,89.0,7631.18783849186,81.6636585365854,1.81134574390941,65.1632411251064,4.8,1.0,35.975043055261885
Canada,Mortalidad_Baja,52223.8588398531,87.0,7710.27068501778,81.4826829268293,1.76566446625627,64.7982061516417,4.9,1.0,36.699048652790204
Canada,Mortalidad_Baja,47560.6666009406,87.0,7654.64112729243,81.3221951219512,1.49323608111661,65.7334191252823,5.0,1.0,44.02078141329685
Canada,Mortalidad_Baja,40874.8831932903,87.0,7690.4463879463,81.0660975609756,1.5498932753953,66.8690424823749,5.0,1.0,43.144288412581155
Canada,Mortalidad_Baja,46710.2526864484,85.0,8091.82989514456,80.7246341463415,1.76827354801333,62.7344542075025,5.1,1.0,35.47779939251208
Canada,Mortalidad_Baja,44660.0838892281,84.0,8350.59173184808,80.5436585365854,1.58716073171659,63.0964212821521,5.1,1.0,39.754273162939405
Canada,Mortalidad_Baja,40504.0370977806,85.0,8422.73319617476,80.5436585365854,1.70101845949482,62.7231931063883,5.2,1.0,36.873905016301975
Canada,Mortalidad_Baja,36383.6600068095,87.0,8365.3924224549,80.1126829268293,1.88031145780062,62.0334657453398,5.2,1.0,32.991058735503145
Canada,Mortalidad_Baja,32145.5412620217,90.0,8365.39046002705,79.9921951219512,2.16781311109181,62.4043589843411,5.3,1.0,28.786779941980978
Canada,Mortalidad_Baja,28301.8645937428,89.0,8298.27338994069,79.7151219512195,2.05309139249344,62.9236129817923,5.3,1.0,30.648227941461865
Canada,Mortalidad_Baja,24256.0192337185,92.0,7938.10751436397,79.5307317073171,1.98762322116267,63.0157654393488,5.3,1.0,31.704079912332386
Canada,Mortalidad_Baja,23822.096210932,92.0,8013.15675299588,79.3980487804878,2.11789067175753,62.541468806109,5.3,1.0,29.53007425742567
Canada,Mortalidad_Baja,24271.0020563821,92.0,8220.75720503648,79.1668292682927,2.09165300710719,61.3006673218433,5.3,1.0,29.307283336935367
Canada,Mortalidad_Baja,20679.634792669,90.0,7990.99772325978,77.9773170731707,2.212950313796282,66.65167330650984,5.8,1.0,31.55208945948442
Central African Republic,Mortalidad_Alta,467.359825026238,18.3,361.8094678919936,18.818,36.2171100024119,42.4276300000596,189.1,0.0,1.1714802754066822
Central African Republic,Mortalidad_Alta,492.263142830507,22.0,234.4259695300394,40.279,35.7553299980455,42.4647199982968,93.6,1.0,1.1876472682707182
Central African Republic,Mortalidad_Alta,462.879071294011,24.3,267.7758451981132,50.596,29.4959372264099,39.0027421513241,74.5,0.0,1.3223089624832145
Central African Republic,Mortalidad_Alta,449.228467602439,23.2,282.40539669762825,31.53,28.3418324649438,40.1295759610892,124.3,0.0,1.4159132445202949
Central African Republic,Mortalidad_Alta,455.243962859534,24.6,323.75784850626144,52.297,31.2413315121572,43.0085884398546,74.0,0.0,1.376656703095971
Central African Republic,Mortalidad_Alta,432.324025684263,28.7,359.67568260744025,45.231,32.7901712257048,42.9438787890876,87.4,0.0,1.3096570461157921
Central African Republic,Mortalidad_Alta,387.176203444318,24.0,326.1605475148268,50.999,31.9189914897237,42.7610872146136,77.0,0.0,1.3396753850565895
Central African Republic,Mortalidad_Alta,366.322853938121,25.0,322.1795279773552,51.934,31.5273810283745,43.231643579841,72.4,0.0,1.3712411932006885
Central African Republic,Mortalidad_Alta,409.8504859647,20.6,286.03173850957,40.265,33.9856217226143,42.740209795442,100.2,0.0,1.2575968197457552
Central African Republic,Mortalidad_Alta,364.36696260838,22.0,320.842644220619,49.487,32.2589062460725,40.8557991891824,81.0,0.0,1.2664967273698737
Central African Republic,Mortalidad_Alta,544.395849142785,21.0,217.6951810983554,51.336,36.8141664735428,30.8711017267223,76.5,0.0,0.8385658208208627
Central African Republic,Mortalidad_Alta,534.057281471636,20.0,157.44068347508463,50.107,37.5690227836114,28.5700359301451,78.1,0.0,0.7604679018323602
Central African Republic,Mortalidad_Alta,476.873786950728,20.0,145.82819501682164,46.871,37.3635795959409,29.3293728575983,88.1,0.0,0.7849722423486583
Central African Republic,Mortalidad_Alta,456.471673898404,20.0,361.9601036535978,14.665,38.3338681608926,29.3114300877529,234.9,0.0,0.7646353340792204
Central African Republic,Mortalidad_Alta,437.24827472489,24.0,349.2280126379844,49.873,21.178839037595573,46.309761232977344,83.6,1.0,2.89969116519418
Central African Republic,Mortalidad_Alta,380.887048839475,30.0,373.71854195780355,49.327,34.22702792891246,40.73922529251788,85.6,0.0,2.397185423450156
Central African Republic,Mortalidad_Alta,333.942519903031,30.0,280.2458265323502,48.687,35.24960123589114,42.12438154335428,87.8,0.0,1.3033673389861868
Central African Republic,Mortalidad_Alta,311.950023138687,30.0,298.381435875158,48.207,34.60397009534608,39.8751869093331,90.5,0.0,1.4737079426404929
Central African Republic,Mortalidad_Alta,303.461321152782,30.0,293.5233751803106,47.696,36.38049052875934,39.650435583604065,92.6,0.0,1.5616168694407633
Central African Republic,Mortalidad_Alta,278.403992150941,30.0,283.29964365649704,47.306,46.56136888614304,31.652882050752417,94.7,0.0,0.8276859523300055
Central African Republic,Mortalidad_Alta,248.639290978403,30.0,328.9976713315176,46.84,36.2184081536749,37.0890280976718,96.5,0.0,1.282410540222772
Central African Republic,Mortalidad_Alta,237.951702544735,16.4,299.259659516488,46.734,38.47206568682246,39.780152192251336,98.3,0.0,1.2544409881830711
Central African Republic,Mortalidad_Alta,239.154133726071,14.0,247.496333174418,46.609,38.47206568682246,39.78015219225134,99.8,0.0,1.2544409881830711
Central African Republic,Mortalidad_Alta,333.145863233895,16.4,361.1285578420064,48.109,32.64207384481514,42.913305174198804,105.6,0.0,1.5125317624779737
Chad,Mortalidad_Alta,966.036468278568,13.1,198.544774520873,54.528,35.2279823985979,28.3478520444522,60.3,1.0,0.8046970082958956
Chad,Mortalidad_Alta,946.358500208374,21.0,195.892702847717,53.136,35.7885027148868,30.7213002298951,61.9,0.0,0.8584125598838221
Chad,Mortalidad_Alta,866.947814890409,15.1,193.032680479683,53.082,38.8172936395535,32.1091259774243,63.6,0.0,0.8271861061613578
Chad,Mortalidad_Alta,893.336441643325,23.2,190.365580148423,52.993,37.5903652533914,31.0792692848196,65.5,0.0,0.8267881696631195
Chad,Mortalidad_Alta,948.656629871231,23.1,200.502145341686,52.447,37.6181441617191,30.7913779429149,67.4,1.0,0.8185246409430468
Chad,Mortalidad_Alta,854.46120040098,24.6,204.267378434246,51.875,38.4300853118306,32.4399116473542,69.2,0.0,0.8441280154371049
Chad,Mortalidad_Alta,861.831767630746,22.0,212.843968377387,51.603,39.3716151096934,33.3539046432824,71.0,0.0,0.8471561187001082
Chad,Mortalidad_Alta,993.990730610869,19.0,217.019809756483,51.32,33.6210255108379,30.5025562206002,72.8,0.0,0.9072464553696481
Chad,Mortalidad_Alta,1278.78981422494,15.9,221.117166458392,51.141,31.1688076695246,29.1571665027258,74.8,0.0,0.9354597972393507
Chad,Mortalidad_Alta,1304.88742971475,20.0,227.279984715064,51.051,31.7128603274934,27.2750923582337,76.6,0.0,0.8600640899801654
Chad,Mortalidad_Alta,1354.34344701937,17.0,229.379599396786,50.765,27.0843972280265,27.528208864441,78.6,0.0,1.0163862475017629
Chad,Mortalidad_Alta,1308.1421872538,16.0,208.551559825517,50.426,27.1563338879622,29.3196564962166,80.7,1.0,1.0796618062356844
Chad,Mortalidad_Alta,1141.80069268412,16.0,219.108373918314,50.107,33.2509512944262,26.4840061921648,82.8,0.0,0.7964886765992847
Chad,Mortalidad_Alta,1035.63719694254,18.0,224.07076139036,49.828,33.1566904523959,30.0492470258094,84.9,0.0,0.9062800483344997
Chad,Mortalidad_Alta,1166.36883453841,20.0,217.080678711419,49.503,29.0575437948301,27.0698321111535,87.0,0.0,0.9315939537866152
Chad,Mortalidad_Alta,980.483531485103,17.0,218.838867716358,49.21,29.351416386452,27.8661086086361,89.0,0.0,0.9493957034897474
Chad,Mortalidad_Alta,906.897260572747,17.0,224.010107053053,48.747,32.1335493075332,27.0031286995248,91.0,0.0,0.8403406807350207
Chad,Mortalidad_Alta,838.092107712557,10.0,228.51576486102,48.86,29.2819873014385,29.1810706375521,93.0,0.0,0.9965536265401821
Chad,Mortalidad_Alta,445.850767157087,10.0,224.324118812548,48.687,29.7742610425581,28.6879271461279,94.8,0.0,0.9635143288736054
Chad,Mortalidad_Alta,289.087621122168,10.0,237.538539726345,48.609,25.6339405315666,40.3986743087963,96.6,1.0,1.575983772726938
Chad,Mortalidad_Alta,219.061391951349,10.0,240.376196903121,48.36,37.9029324681757,43.932055082335,98.5,0.0,1.1590674446949853
Chad,Mortalidad_Alta,194.32295331156,10.0,242.464236204338,48.306,40.2954389961717,42.9981522742084,100.3,0.0,1.0670724366172926
Chad,Mortalidad_Alta,163.121663683369,10.0,241.652052714378,47.937,40.7051378475034,44.5794947284954,102.0,0.0,1.0951810283877867
Chad,Mortalidad_Alta,203.964852705041,26.4,280.123377887456,47.453,35.0587445407866,49.4230075513028,109.4,0.0,1.4097198344853772
Chile,Mortalidad_Baja,15405.6165774073,71.4,2117.77608061512,79.176,3.23467925849162,55.3720887582081,5.9,1.0,17.118262533401516
Chile,Mortalidad_Baja,16206.8325493421,74.5,2032.98120427379,78.876,3.50586436813615,54.9981243742139,5.8,0.0,15.687464944188068
Chile,Mortalidad_Baja,13114.815470545,73.4,1946.16760616995,79.349,4.04542684409947,56.3446145785556,5.9,1.0,13.927977627561859
Chile,Mortalidad_Baja,14495.716721687,62.3,2154.35451877758,80.324,3.987812171379,58.8831754600692,6.0,0.0,14.765784577990086
Chile,Mortalidad_Baja,15659.4808675628,61.2,2067.9764736837,80.559,3.92743592461123,58.0012686596891,6.3,0.0,14.768227864960153
Chile,Mortalidad_Baja,14879.9086227187,70.5,2065.97571745805,80.61,4.28097161377037,58.2768071532191,6.5,1.0,13.612986118796782
Chile,Mortalidad_Baja,13649.8520452803,73.0,2070.46958170364,80.295,4.19908937129196,58.9826363326027,6.7,0.0,14.046530358665635
Chile,Mortalidad_Baja,13433.9202987032,71.0,1968.30286182049,80.008,3.7094042753649,58.3447093583013,6.8,1.0,15.728862379812144
Chile,Mortalidad_Baja,14529.6767206336,72.3,1946.21181666587,79.714,3.94662062999462,57.1528758804213,7.0,0.0,14.481471932228564
Chile,Mortalidad_Baja,15683.5486369155,72.0,2177.50491871487,79.551,3.47337532789926,57.2209852364053,7.1,1.0,16.474172766987795
Chile,Mortalidad_Baja,15241.9069981119,72.0,2123.49178972428,79.221,3.27493353961752,56.2982132532287,7.2,0.0,17.190642977079705
Chile,Mortalidad_Baja,14487.3927832032,67.0,1937.32339633854,79.236,3.62618323583881,54.3697640865635,7.4,1.0,14.993661530726994
Chile,Mortalidad_Baja,12632.8704724192,69.0,1795.6817303266,79.095,3.47828463189786,53.8127811770917,7.5,0.0,15.471068895166804
Chile,Mortalidad_Baja,10098.8017167286,70.0,1735.83895157902,78.89,3.69712695588486,55.5112499818484,7.6,1.0,15.01469942585796
Chile,Mortalidad_Baja,10683.2188772511,73.0,1801.2828820239,78.752,3.42443226132978,54.4485312368393,7.6,0.0,15.900017019374703
Chile,Mortalidad_Baja,10346.4138184533,73.0,1836.95620548021,78.652,3.55057108879902,49.5481523450583,7.6,0.0,13.954981073711709
Chile,Mortalidad_Baja,9318.65655296121,74.0,1788.47442583539,78.533,3.71204514365714,48.4126070132585,7.6,1.0,13.04203077809608
Chile,Mortalidad_Baja,7480.32330998636,74.0,1735.08874376693,78.459,3.92221193789503,52.1481091980374,7.7,0.0,13.295586782091183
Chile,Mortalidad_Baja,6120.59152055344,75.0,1699.73240740445,78.276,3.75826582540335,53.64534841734,7.9,0.0,14.273963287730613
Chile,Mortalidad_Baja,4773.40177520754,75.0,1612.22953620512,77.884,4.09477533093825,55.6800266355176,8.0,1.0,13.597822135643138
Chile,Mortalidad_Baja,4430.84741157984,74.0,1612.43130205148,77.84,4.06503324753284,56.35055914484,8.2,0.0,13.86226279429336
Chile,Mortalidad_Baja,4563.5952986689,69.0,1574.84475911504,77.58,4.06242026416145,56.1914535588133,8.7,0.0,13.83201389933302
Chile,Mortalidad_Baja,5052.99245766325,68.0,1623.48012689232,77.128,5.08296243051118,55.6064735933259,9.2,1.0,10.93977662701979
Chile,Mortalidad_Baja,5081.4682771561,50.0,1262.61937956632,75.298,6.9674031262015,48.0904060517893,11.0,0.0,6.902199453759367
China,Mortalidad_Baja,12970.6056414327,39.3,2690.56034893867,78.202,7.14788692830171,54.9575804271762,4.8,0.0,7.688647145434595
China,Mortalidad_Baja,12887.4357242941,46.4,2634.35668162948,78.117,7.08935251618004,54.8181795722183,5.1,1.0,7.732466321445673
China,Mortalidad_Baja,10627.4637989619,46.0,2472.54314843967,78.019,7.54018198521241,55.5482556415912,5.5,1.0,7.366964849194734
China,Mortalidad_Baja,10342.9009524335,49.1,2403.41507353211,77.94,7.00621575788341,55.2295599322538,6.0,1.0,7.8829373574613895
China,Mortalidad_Baja,10085.6638148819,47.3,2310.14470066159,77.709,6.91714289236836,54.1051640361573,6.4,1.0,7.821894802238535
China,Mortalidad_Baja,8979.67652709856,41.6,2214.86726749259,77.235,7.32839239286042,53.541663396795,7.0,1.0,7.306058481387704
China,Mortalidad_Baja,8254.86859320357,36.0,2147.5478242754,77.214,7.90065017505416,53.2881936644189,7.6,1.0,6.744785869987415
China,Mortalidad_Baja,8175.33285077393,40.0,2172.63043957296,76.975,8.22401359479525,51.72839163487,8.2,1.0,6.289920491815269
China,Mortalidad_Baja,7781.06597484974,35.0,2175.39434497632,76.714,8.48242940933654,49.2348611102851,8.9,1.0,5.804334906234846
China,Mortalidad_Baja,7147.03518622344,36.0,2134.95604987416,76.452,8.78442131602471,47.8217057140074,9.7,1.0,5.44392214280184
China,Mortalidad_Baja,6405.0574241349,35.0,2082.18610350339,76.2,8.96505673533992,46.3528742639869,10.5,1.0,5.170393856099716
China,Mortalidad_Baja,5703.76027973346,36.0,2023.72470452,75.889,9.0338458593332,45.1659405665759,11.5,1.0,4.9996359545932805
China,Mortalidad_Baja,4629.24551710077,36.0,1895.95046239566,75.668,9.16649906130733,45.126871988843,12.5,1.0,4.9230215033052085
China,Mortalidad_Baja,3898.24459158811,35.0,1725.32642300052,75.317,9.47299581661597,45.3481536809041,13.6,0.0,4.787097403902768
China,Mortalidad_Media,3523.44302065213,33.0,1626.04808980232,74.833,10.0099770734138,43.7535960098397,14.8,1.0,4.370998623568074
China,Mortalidad_Media,2734.72709877693,32.0,1591.57830388843,74.789,10.0934194559262,43.7213258311976,16.1,0.0,4.331666391366236
China,Mortalidad_Media,2129.25696999613,34.0,1486.39617489664,74.404,10.4758623658001,42.6376503739806,17.7,0.0,4.070085009247267
China,Mortalidad_Media,1777.64496828464,34.0,1366.34738144686,74.085,11.4828123533826,42.1355659992365,19.4,1.0,3.669446534744097
China,Mortalidad_Media,1530.92726215723,35.0,1246.88524780915,73.727,12.7288429360401,42.0383247680055,21.3,0.0,3.3026037778327306
China,Mortalidad_Media,1306.97245408557,35.0,1101.68272310248,73.385,12.1757600914927,42.8414813603076,23.5,0.0,3.518587836683911
China,Mortalidad_Media,1163.55957673426,31.0,972.216999100476,73.034,13.1294938258189,42.9947150275034,25.6,1.0,3.2746666092302137
China,Mortalidad_Media,1065.40597574519,34.0,920.526583305115,72.675,13.8221069560341,41.9013296504106,27.8,0.0,3.031471958920011
China,Mortalidad_Media,969.199513696287,35.0,897.492022576956,72.288,14.5272519499825,40.398939477991,30.0,0.0,2.780907195461676
China,Mortalidad_Media,612.680277898627,30.0,866.866179762295,70.363,19.49813596726,33.9860566363987,38.7,0.0,1.7430413191017782
Colombia,Mortalidad_Baja,6680.44506854481,42.0,775.539070145279,76.508,8.83154473689041,54.908743854001,11.3,1.0,6.217343113786274
Colombia,Mortalidad_Media,6222.62164397614,49.7,872.65899160931,72.698,7.77187301385002,58.19295777246,11.6,1.0,7.487636206710543
Colombia,Mortalidad_Media,5339.68711357943,46.1,810.052298592826,74.757,7.50848046663348,60.1218262723705,12.0,1.0,8.007189542483669
Colombia,Mortalidad_Baja,6472.54544924705,33.5,887.289705460699,76.793,6.41072082168314,58.1364591705438,12.4,1.0,9.06863062479767
Colombia,Mortalidad_Baja,6816.96818309544,33.4,816.327425217962,76.579,6.22570968960033,57.6526815895265,12.7,1.0,9.260419207441009
Colombia,Mortalidad_Baja,6479.53231292429,39.6,859.140165402896,76.418,6.38966355268118,57.6083331251066,13.2,1.0,9.015863300178529
Colombia,Mortalidad_Baja,5959.84250367574,37.0,910.977529760876,76.228,6.60641226605787,56.8986156229234,13.6,1.0,8.612634714798919
Colombia,Mortalidad_Baja,6248.51490534512,36.0,887.262025874734,76.067,5.98042480849816,56.2155458237437,14.0,1.0,9.399925193250759
Colombia,Mortalidad_Baja,8187.20824890084,33.2,885.243525415168,75.95,5.44695721474421,54.6340753673796,14.4,1.0,10.030200938515215
Colombia,Mortalidad_Baja,8279.10255642981,34.0,881.628352144932,75.834,5.39271495449472,53.3511741467848,14.8,1.0,9.89319379885222
Colombia,Mortalidad_Baja,8108.59838244229,35.0,681.235570018512,75.611,5.58268705354932,51.9873009585796,15.3,1.0,9.312236286919845
Colombia,Mortalidad_Media,7400.9940695669,37.0,710.261245359868,75.18,6.09169610822215,51.4400918867312,15.8,1.0,8.444297117399032
Colombia,Mortalidad_Media,6398.2958447102,38.0,700.696762170174,74.876,6.32485387641069,53.3990736315847,16.3,1.0,8.442736334311695
Colombia,Mortalidad_Media,5250.97292433518,38.0,714.941179061526,74.531,6.68974069628809,53.4800448189101,16.8,1.0,7.9943374858437135
Colombia,Mortalidad_Media,5541.83629665898,39.0,691.923098284556,74.206,6.6873848504052,52.0115244022713,17.3,1.0,7.77755812858891
Colombia,Mortalidad_Media,4769.926147194,40.0,666.0281887489,73.751,6.93455867595786,52.954917784115,17.8,0.0,7.636378933198718
Colombia,Mortalidad_Media,3789.85361217027,38.0,678.542899481449,73.497,7.18676953071771,52.510717917003,18.3,0.0,7.3065815861440315
Colombia,Mortalidad_Media,3456.06610874512,37.0,652.562904286665,73.156,7.52726670177951,53.1705123121808,18.8,1.0,7.0637210582176975
Colombia,Mortalidad_Media,2818.57195413044,36.0,631.890053306001,72.76,7.91098316231374,54.1525594452856,19.3,1.0,6.8452376062759175
Colombia,Mortalidad_Media,2311.94218760291,38.0,637.730006109548,72.309,8.32877416512145,54.9027887422203,19.9,1.0,6.591941101265256
Colombia,Mortalidad_Media,2428.92969771584,32.0,633.502528932254,71.537,8.51000517684848,56.4586280128647,20.4,1.0,6.634382334626626
Colombia,Mortalidad_Media,2472.99084035833,29.0,656.363849955728,71.185,8.32097267667621,57.1646793682561,21.0,1.0,6.869951577715117
Colombia,Mortalidad_Media,2555.00751039968,22.0,667.583045920418,70.905,8.3057195333068,57.1943739779697,21.6,1.0,6.886143187066973
Colombia,Mortalidad_Media,2583.34991436018,10.0,786.060906677407,69.81,14.0180659651442,53.9334397761113,25.3,0.0,3.847423739495615
Comoros,Mortalidad_Alta,1533.87755332151,20.1,465.77867140218075,66.481,35.1643241181568,51.1982629118977,36.8,0.0,1.4559717610344147
Comoros,Mortalidad_Alta,1587.72988601478,23.6,452.895437462679,65.201,35.2409488047407,51.1018001528659,37.8,0.0,1.4500687945720565
Comoros,Mortalidad_Alta,1527.16990927956,23.8,481.4951449010614,65.756,35.7974035819198,51.4464133421776,38.7,0.0,1.437154882600526
Comoros,Mortalidad_Alta,1519.26386326167,24.4,436.7095809668144,65.662,35.6200979878781,51.8874948349763,39.5,0.0,1.4566915243364624
Comoros,Mortalidad_Alta,1540.71132331975,27.5,511.7834826481214,65.401,33.7201530586489,52.6503579108908,40.3,0.0,1.5613914272369083
Comoros,Mortalidad_Alta,1423.92480215551,30.0,473.16640295716496,65.127,31.8988868689753,54.1994429016851,41.0,0.0,1.699101386337064
Comoros,Mortalidad_Alta,1365.48403353158,26.0,375.3807884683138,64.792,31.3684720287721,54.1737474981062,41.7,0.0,1.7270126338451048
Comoros,Mortalidad_Alta,1329.3704808998,28.0,417.26691443700963,64.473,30.5986282117727,54.8995438267195,42.5,0.0,1.794183172093876
Comoros,Mortalidad_Alta,1615.71718460209,22.1,611.7411641847955,64.143,30.0114514394749,53.7801597228885,43.2,1.0,1.7919879627064605
Comoros,Mortalidad_Alta,1603.32653496691,24.0,467.5965444917606,63.839,30.7898620674783,53.0564434597137,44.0,0.0,1.7231789913003348
Comoros,Mortalidad_Alta,1490.31425650871,21.0,427.9861198187132,63.463,30.1730899304755,54.0415867678384,44.9,0.0,1.79105245410266
Comoros,Mortalidad_Alta,1531.43969320468,23.0,481.033028793215,63.105,30.5642731101881,53.6020289311811,45.9,0.0,1.7537478721623432
Comoros,Mortalidad_Alta,1386.57533553376,25.0,403.9821598175086,62.747,30.4159781880526,53.1898731987212,47.0,0.0,1.7487477427115659
Comoros,Mortalidad_Alta,1410.30516959473,26.0,357.5005687254058,62.302,30.0330064008618,53.5201608357446,48.3,0.0,1.7820447317658092
Comoros,Mortalidad_Alta,1455.02768595586,23.02,409.90202331363963,61.955,29.138915008097,55.7844251162305,49.7,0.0,1.9144304137861468
Comoros,Mortalidad_Alta,1289.73631056361,30.04,66.4584302518775,61.475,28.956646255431,54.2987882798195,51.2,0.0,1.875175315568025
Comoros,Mortalidad_Alta,1154.90422349749,32.8,69.4498415055403,61.229,29.3763406283002,54.534292678114,52.9,0.0,1.8564018360264198
Comoros,Mortalidad_Alta,1103.20658498402,31.9,62.4286078251729,60.883,29.3762738871979,54.5345549758469,54.6,0.0,1.85641498255546
Comoros,Mortalidad_Alta,1091.27216412426,30.46,58.5496225271395,60.557,29.3760199175687,54.5343191040286,56.5,1.0,1.8564230027435968
Comoros,Mortalidad_Alta,959.787894504834,24.92,367.1185784706918,60.24,29.3761272718864,54.5345234241317,58.5,0.0,1.856423173803527
Comoros,Mortalidad_Alta,762.116930318449,26.660000000000004,325.77985878361795,59.723,29.3760124174837,54.5345022854126,60.5,0.0,1.8564297124600662
Comoros,Mortalidad_Alta,691.699908770798,30.04,380.2920720450467,59.587,29.3762865772716,54.5345235575906,62.7,0.0,1.8564131111038351
Comoros,Mortalidad_Alta,655.007796688241,25.28,615.1389254458957,58.941,29.3763199401182,54.534178095009,64.8,0.0,1.8563992428654619
Comoros,Mortalidad_Alta,812.215996806703,25.4,307.9537148571312,57.83,29.3764706671047,54.5341798118887,77.6,0.0,1.8563897763578248
Costa Rica,Mortalidad_Baja,13625.9008491478,63.1,1009.37503146896,79.316,4.14007362099534,67.2830902365962,8.8,1.0,16.251665162519565
Costa Rica,Mortalidad_Baja,12838.1185359009,59.0,996.593947554107,78.05,4.36671325934146,67.0794161389582,8.5,1.0,15.361534443659435
Costa Rica,Mortalidad_Baja,12394.0493969354,57.2,948.979659241415,79.725,4.34422556037506,68.2324072884446,8.2,1.0,15.7064605279275
Costa Rica,Mortalidad_Baja,12884.6859951947,54.5,996.673606298647,80.296,4.20205116302573,69.2049940233636,7.9,1.0,16.46933636417978
Costa Rica,Mortalidad_Baja,12590.2493781628,51.8,950.307226341185,80.09,4.48382833719027,68.6706106299859,7.8,1.0,15.315173879519527
Costa Rica,Mortalidad_Baja,12317.0902771322,55.4,972.752740541664,79.994,4.69977633148224,68.3430015553097,7.7,1.0,14.541756189013219
Costa Rica,Mortalidad_Baja,12091.0301606335,54.0,1001.15093508133,79.988,4.91435578688065,67.4552080040798,7.7,1.0,13.726154745278725
Costa Rica,Mortalidad_Baja,11714.7105980803,53.0,1024.45144520777,80.407,4.74911042906871,67.2979590736321,7.8,1.0,14.170645235307589
Costa Rica,Mortalidad_Baja,10911.4978783227,50.9,1064.11783400047,80.231,4.88788378992891,66.3984214218967,8.0,1.0,13.584288063211586
Costa Rica,Mortalidad_Baja,10803.2401961972,48.0,1060.1064484558,80.189,4.78335093285463,65.570437263417,8.2,1.0,13.708054914608905
Costa Rica,Mortalidad_Baja,10126.999102414,53.0,1017.65462461791,79.925,5.13084191424833,64.2860927117666,8.5,1.0,12.529345823975662
Costa Rica,Mortalidad_Baja,9276.39107510528,53.0,992.84219730848,79.624,5.5998721220925,63.1820860245437,8.8,1.0,11.282773007490482
Costa Rica,Mortalidad_Baja,8265.78820275899,51.0,998.694530541271,79.354,6.48518940835915,61.9077530607562,9.0,1.0,9.546020811814621
Costa Rica,Mortalidad_Baja,6832.69829924138,50.0,1002.15369604859,79.372,7.04962970066208,61.0597628286459,9.3,1.0,8.661414204906587
Costa Rica,Mortalidad_Baja,6937.24261596055,41.0,1006.22785721082,79.18,6.97696046934205,59.4254091305246,9.4,1.0,8.517377931500393
Costa Rica,Mortalidad_Baja,6137.71199925542,42.0,1014.83038205,79.098,7.91531104342903,57.9758953725882,9.5,1.0,7.324525221370477
Costa Rica,Mortalidad_Baja,5256.59640859159,49.0,974.343838741737,79.049,8.42982819706634,58.1777820195038,9.6,1.0,6.901419656423154
Costa Rica,Mortalidad_Baja,4703.00721784778,43.0,908.919718136397,78.877,8.62223694626727,57.7916436420175,9.7,1.0,6.7026276362118065
Costa Rica,Mortalidad_Baja,4431.0117207843,45.0,921.916666058511,78.512,8.85240876800238,57.2988154287785,9.9,1.0,6.472680705379181
Costa Rica,Mortalidad_Baja,4173.14856415514,45.0,788.059466397896,78.214,8.84007800871514,57.7731241498227,10.1,1.0,6.535363612500488
Costa Rica,Mortalidad_Baja,4067.71851429092,54.0,749.371708338678,77.939,8.42775029018437,57.4530046872649,10.4,1.0,6.817122329096443
Costa Rica,Mortalidad_Baja,3985.12984506207,51.0,721.224052506606,77.609,8.37953627007384,56.6907655576169,10.8,1.0,6.76538220379555
Costa Rica,Mortalidad_Baja,3812.75388284924,56.0,729.765643709357,77.317,9.24882318534345,55.8833804359595,11.2,1.0,6.042215243612564
Costa Rica,Mortalidad_Baja,3275.25256447416,50.0,666.897511306574,76.44,12.7581274501947,52.2555470192519,12.7,1.0,4.095863379892355
Croatia,Mortalidad_Baja,18466.0955472648,50.0,2154.95483266747,77.5756097560976,3.3931201373947,59.8167393031908,3.9,1.0,17.628830362935275
Croatia,Mortalidad_Baja,17789.9304736722,51.4,2212.49721053261,76.4243902439025,3.35951724273801,59.0513426018789,3.9,1.0,17.57732981711146
Croatia,Mortalidad_Baja,14808.4620188819,51.0,2104.84530641676,77.5243902439024,3.12844347844386,59.5421091320537,4.0,1.0,19.03250275810351
Croatia,Mortalidad_Baja,15563.8167397199,38.6,2173.19836034448,78.2243902439024,2.85681403192909,59.1678235985458,4.0,1.0,20.71112187816866
Croatia,Mortalidad_Baja,15460.4183295843,40.5,2127.63878608554,77.919512195122,2.95085788602142,59.512294038675,4.0,1.0,20.167794023762422
Croatia,Mortalidad_Baja,13902.6310485422,43.4,2159.96952184034,77.7268292682927,2.8900346997748,59.6751380257785,4.1,1.0,20.648588762767645
Croatia,Mortalidad_Baja,12821.1738140304,48.0,2057.18869470229,77.9219512195122,3.05956715019888,59.2424020316159,4.1,1.0,19.363001079340584
Croatia,Mortalidad_Baja,12285.3032582105,48.0,2018.54259233172,77.2756097560976,2.96346586722837,59.3033892217431,4.2,1.0,20.011497307106687
Croatia,Mortalidad_Baja,14187.9694531493,41.1,1909.83580091578,77.7243902439024,2.9385340138072,59.5306383768567,4.2,1.0,20.258618105879293
Croatia,Mortalidad_Baja,14136.3967669505,40.0,1990.54136695236,77.5707317073171,3.43732378132164,59.3825496772692,4.3,1.0,17.27580916291709
Croatia,Mortalidad_Baja,13508.6836989693,41.0,2020.48417283556,77.1682926829268,3.28369094158984,59.8231471725504,4.4,1.0,18.21826360540078
Croatia,Mortalidad_Baja,14694.9993201417,41.0,2137.20950653716,76.7756097560976,3.62384529205944,60.2032781134887,4.5,1.0,16.613092795491564
Croatia,Mortalidad_Baja,13731.2865213989,44.0,2181.04401120231,76.4756097560976,3.64408613607008,59.8406025932358,4.7,1.0,16.42129202186482
Croatia,Mortalidad_Baja,14475.9632928725,41.0,2199.79195573117,76.1682926829268,3.98546340461416,58.749680152423,4.8,1.0,14.740990993520528
Croatia,Mortalidad_Baja,15889.4347074759,34.0,2276.1355193129,75.9121951219512,3.88030832432228,57.7928978320771,5.0,1.0,14.893893217150724
Croatia,Mortalidad_Baja,13757.605654192,34.0,2335.40182770311,75.7056097560976,3.68997245721692,57.770681690578,5.3,0.0,15.656128158243831
Croatia,Mortalidad_Baja,11502.753124287,35.0,2247.14619166641,75.8368292682927,3.9776481510093,56.6257150362066,5.5,0.0,14.235978871544539
Croatia,Mortalidad_Baja,10443.5278353294,37.0,2260.50892445087,75.2446341463415,3.86650247197479,56.6357373716889,5.8,0.0,14.647795464297888
Croatia,Mortalidad_Baja,9718.97322801967,38.0,2228.32579300293,75.520243902439,4.41765926972512,55.6281916141831,6.1,1.0,12.592232270019425
Croatia,Mortalidad_Media,8190.11135193887,39.0,2229.34173996566,74.6139024390244,3.93609531591013,56.2760582462638,6.6,0.0,14.297432793049952
Croatia,Mortalidad_Media,6219.58164143945,37.0,2081.90027621886,74.7173170731707,4.84218764766313,55.1382526761352,6.6,0.0,11.387054093772113
Croatia,Mortalidad_Media,5364.83824691607,27.0,2033.21443990495,74.5129268292683,4.96274692093027,54.2878654801917,6.9,1.0,10.939075948288615
Croatia,Mortalidad_Media,4953.65158789022,50.0,1882.60707106679,72.8078048780488,4.96747269053199,53.571294777183,7.2,1.0,10.7844165664544
Croatia,Mortalidad_Media,4929.05772183424,41.32,1636.96263245329,72.0843902439024,5.65152617590492,50.4101362794587,8.6,0.0,8.919738617575641
Cyprus,Mortalidad_Baja,33894.44921875,62.9,1682.70492545045,80.434,1.17579455274704,77.1240313391807,2.8,1.0,65.59311842276679
Cyprus,Mortalidad_Baja,33734.03515625,65.0,1666.21660995085,80.573,1.50250271739903,75.7895819401386,2.7,1.0,50.44222620198473
Cyprus,Mortalidad_Baja,28649.015625,57.6,1638.57191138119,81.23,1.82533569194245,74.5571998617301,2.6,1.0,40.84574699922143
Cyprus,Mortalidad_Baja,29703.052734375,43.7,1758.05457120745,81.454,1.74820542874204,73.2857142735047,2.6,1.0,41.92053923905216
Cyprus,Mortalidad_Baja,29599.986328125,41.3,1773.61456364017,81.556,1.71813809861456,73.4972493548522,2.5,1.0,42.777265351439176
Cyprus,Mortalidad_Baja,26696.990234375,53.6,1794.01732213218,81.543,1.85263298228741,74.1380086156061,2.4,1.0,40.017644792261734
Cyprus,Mortalidad_Baja,24715.154296875,63.0,1761.87442919766,81.534,2.14376219902412,74.5691185819827,2.4,1.0,34.784230553149946
Cyprus,Mortalidad_Baja,23487.228515625,63.0,1677.40248205105,81.464,1.86798451841109,75.5176128959667,2.4,1.0,40.427322684773685
Cyprus,Mortalidad_Baja,27244.3515625,64.0,1659.57813297538,81.337,1.84487621232733,75.8273775269052,2.4,1.0,41.1016072624451
Cyprus,Mortalidad_Baja,27797.45703125,63.0,1646.32678982431,81.317,2.03633566673278,76.1139226487119,2.5,1.0,37.37788611778022
Cyprus,Mortalidad_Baja,28991.935546875,63.0,1936.16516091053,81.128,2.00128009868188,74.948228738595,2.5,1.0,37.45014442903759
Cyprus,Mortalidad_Baja,32485.796875,66.0,2093.44029665285,80.855,2.14531871795227,73.9856254949183,2.6,1.0,34.48700879538234
Cyprus,Mortalidad_Baja,31105.02734375,64.0,2192.46748939146,80.632,2.05766089497283,71.6413288911788,2.8,1.0,34.81687826512579
Cyprus,Mortalidad_Baja,32236.44921875,53.0,2311.55219411824,80.375,1.98881944002316,69.9768267979178,2.9,1.0,35.18510800412475
Cyprus,Mortalidad_Baja,35397.296875,56.0,2399.21662682596,79.906,2.09331209487447,66.3692756373905,3.1,1.0,31.705389654938422
Cyprus,Mortalidad_Baja,31244.87890625,57.0,2293.75458684904,79.798,2.02353280851406,66.0995381791403,3.3,1.0,32.66541461597509
Cyprus,Mortalidad_Baja,26729.28125,54.0,2209.33213219678,79.456,2.2759759957395,66.9928855593874,3.6,1.0,29.43479442876126
Cyprus,Mortalidad_Baja,24959.26171875,61.0,2161.54002386306,79.198,2.73852781486715,66.7369863544184,3.9,1.0,24.369658030169
Cyprus,Mortalidad_Baja,23792.619140625,70.0,2162.85328059404,79.007,3.08333142687938,66.8237969620049,4.3,1.0,21.672596198857818
Cyprus,Mortalidad_Baja,20252.24609375,70.0,2345.28181012039,78.908,3.3529015922721,67.3560787874655,4.6,0.0,20.088892242680327
Cyprus,Mortalidad_Baja,16093.2158203125,70.0,2193.91481710233,78.758,3.78826774823824,68.4036794358998,5.0,0.0,18.05671720741265
Cyprus,Mortalidad_Baja,14821.44921875,50.0,2202.31996036706,78.185,3.86079645311557,69.3356940456567,5.4,0.0,17.958909486073644
Cyprus,Mortalidad_Baja,14388.3525390625,50.0,2264.91863707719,77.9,3.64726364853406,69.7823234088886,5.8,0.0,19.13278834035925
Cyprus,Mortalidad_Baja,15261.4169921875,59.17999999999999,1974.09617155896,76.583,4.77612601202217,66.4299003101592,8.0,0.0,13.908741130980621
Denmark,Mortalidad_Baja,68091.3191138669,99.5,2628.91899463742,81.3048780487805,0.789585486727465,66.5445137985789,3.1,1.0,84.27778235182728
Denmark,Mortalidad_Baja,69727.9873677012,93.4,2762.32958000027,81.4048780487805,0.989499885689885,66.3992992151053,3.2,1.0,67.10389781279392
Denmark,Mortalidad_Baja,60985.4885601514,93.0,2637.52222084736,81.6024390243903,1.33752008668451,65.9864386706891,3.2,1.0,49.334914165108735
Denmark,Mortalidad_Baja,59404.2663247723,85.8,2758.1535848545,81.4512195121951,1.24122741169144,65.1563499910143,3.3,1.0,52.49348296475722
Denmark,Mortalidad_Baja,61324.7665045565,84.1,2871.31912571116,80.9536585365854,0.99704488734783,65.1569808657312,3.4,1.0,65.35009776646142
Denmark,Mortalidad_Baja,57521.5514992225,84.9,2896.91040613626,81.1024390243903,1.25985806734514,65.2651305462279,3.4,1.0,51.80355806567885
Denmark,Mortalidad_Baja,54500.9260410217,92.0,2891.35212667213,80.8536585365854,0.92879780499665,65.5816572655399,3.5,1.0,70.60918631884196
Denmark,Mortalidad_Baja,53094.0133607574,91.0,2848.24005833514,80.7024390243902,0.908318060929302,66.268123644985,3.5,1.0,72.9569591263945
Denmark,Mortalidad_Baja,62520.4509747011,93.7,2881.22602935555,80.7,1.35342720224903,65.9892898028769,3.5,1.0,48.7571771080266
Denmark,Mortalidad_Baja,61377.5940590412,94.0,3075.55142847176,80.3,1.25664041508446,65.5690146038965,3.5,1.0,52.17802468933768
Denmark,Mortalidad_Baja,58443.7747103968,93.0,3072.08722081193,80.0512195121951,1.61758219917433,64.867511994022,3.5,1.0,40.10152437825578
Denmark,Mortalidad_Baja,61809.737898222,93.0,3218.55317400981,79.8,1.26832807403315,65.1652486553664,3.5,1.0,51.37885850633879
Denmark,Mortalidad_Baja,58104.5445594981,93.0,3498.02225565498,79.1,1.1884393485634,65.7784928937093,3.5,1.0,55.34863261909255
Denmark,Mortalidad_Baja,58412.7472358513,94.0,3359.26672454922,78.5975609756098,0.806945931238911,65.6486144762927,3.6,1.0,81.35441537638319
Denmark,Mortalidad_Baja,64616.6657583663,95.0,3502.69455323849,78.4463414634146,0.841682850350501,62.4413976054736,3.7,1.0,74.18637266931505
Denmark,Mortalidad_Baja,58631.6566433635,95.0,3626.53224599977,78.1951219512195,1.17038366975969,61.664778544223,3.8,1.0,52.68766143745355
Denmark,Mortalidad_Baja,52119.1787984282,95.0,3729.69717999863,78.0951219512195,1.14680871658905,61.1392957485577,3.9,1.0,53.31254887075165
Denmark,Mortalidad_Baja,48925.8076698784,95.0,3484.59359006274,77.8439024390244,1.13056388790591,61.7717624204858,4.1,1.0,54.63801124490428
Denmark,Mortalidad_Baja,46625.050098011,95.0,3598.35312921664,77.4926829268293,1.5968233470381,62.0456817526564,4.2,1.0,38.85569550804921
Denmark,Mortalidad_Baja,40519.0974905924,95.0,3729.38314390985,77.1439024390244,1.58700357166721,62.2930509504577,4.4,1.0,39.251991654320214
Denmark,Mortalidad_Baja,33257.1622586509,98.0,3536.23974586372,76.8951219512195,1.7548454579579,61.5220373075856,4.5,0.0,35.05837908893602
Denmark,Mortalidad_Baja,30768.4775471112,100.0,3586.44822949877,76.7926829268293,2.30981410923114,60.9176042355906,4.6,0.0,26.373379568569714
Denmark,Mortalidad_Baja,30722.0251837567,100.0,3491.17168608231,76.5926829268293,2.14953012591578,60.3119561799311,4.7,1.0,28.058204652626564
Denmark,Mortalidad_Baja,35321.0980773087,72.6,3707.41092964335,75.2126829268293,2.83084838376944,61.6505938957052,5.4,1.0,21.77813345609624
Djibouti,Mortalidad_Alta,3133.25779772463,24.5,526.9382236535068,65.54,2.63101792247644,76.3885243704718,45.9,0.0,29.0338289670681
Djibouti,Mortalidad_Alta,3025.91126413549,27.9,789.9198116042891,63.83,3.00716226184265,75.1140795195897,47.3,0.0,24.97839257718114
Djibouti,Mortalidad_Alta,2844.88810647853,25.5,1132.9024226199151,64.2,1.99744473588682,77.268147602583,48.8,0.0,38.68349707721836
Djibouti,Mortalidad_Alta,2837.16902340932,28.1,1132.9024226199151,64.381,1.51935229833123,76.9845361801201,50.4,0.0,50.66931235413639
Djibouti,Mortalidad_Alta,2718.08338799203,29.0,1374.6928633738778,64.105,1.41671102035767,77.5190312641123,52.0,0.0,54.71760306102613
Djibouti,Mortalidad_Alta,2618.95521147369,32.6,1120.1500797363371,63.71,1.29424095183589,79.2106257072114,53.5,1.0,61.20237935204459
Djibouti,Mortalidad_Alta,2510.4300076241,34.0,724.2788719181606,63.335,0.99558771996226,80.6844688233518,55.1,0.0,81.0420490385421
Djibouti,Mortalidad_Alta,2376.12554719873,36.0,1319.213989174394,62.833,1.05900752644099,80.2864982413037,56.6,0.0,75.81296283240101
Djibouti,Mortalidad_Alta,2214.62084142432,30.9,502.2824483089582,62.427,1.22411023326762,80.3757215180893,58.3,0.0,65.66052577106203
Djibouti,Mortalidad_Alta,2075.94498424748,30.0,672.4815795191378,62.116,1.19392304728354,80.5749435790169,59.9,1.0,67.4875518672197
Djibouti,Mortalidad_Alta,1400.19357858954,32.0,374.6121483749488,61.719,15.788136726131246,51.304041762408225,61.6,1.0,3.7843112612475673
Djibouti,Mortalidad_Alta,1306.34552844977,28.0,371.79375938508736,61.337,25.7488589685315,37.86156579103206,63.3,0.0,1.6089570847647745
Djibouti,Mortalidad_Alta,1213.23352553429,30.0,402.3932401770288,60.743,20.94334536186384,50.749181097247146,64.9,0.0,3.77817376669339
Djibouti,Mortalidad_Alta,1150.9375857489,29.0,342.16452604263725,60.351,20.903011898869362,51.16048191008677,66.6,0.0,3.8532088957989963
Djibouti,Mortalidad_Alta,1119.15233346969,30.0,476.01511512426106,59.815,20.56300840744479,47.28170208120313,68.1,0.0,3.9713953000338384
Djibouti,Mortalidad_Alta,969.573220191902,30.0,163.51677705002,59.362,32.240429487844,41.71870834306513,69.9,0.0,1.3044948658576223
Djibouti,Mortalidad_Alta,898.464628136774,30.0,167.102144983897,58.962,25.158565924234175,42.30602607243816,71.6,0.0,3.0530215980919575
Djibouti,Mortalidad_Alta,844.4483573908,30.0,165.640450589692,58.548,30.637967696833506,42.16524322959574,73.3,0.0,1.4133976333764553
Djibouti,Mortalidad_Alta,806.261652944964,30.0,160.992780744779,58.103,24.67468099555088,44.13155660002366,74.9,0.0,1.7912937512718554
Djibouti,Mortalidad_Alta,764.634465224597,30.0,261.19967478304534,58.041,20.7230449045635,45.91209754575704,76.4,0.0,3.185822703418481
Djibouti,Mortalidad_Alta,743.013270420348,30.0,312.59122885025863,57.824,19.40857902608348,44.232930948217145,78.0,1.0,2.6288007780116045
Djibouti,Mortalidad_Alta,742.133791107063,30.0,312.59122885025863,57.506,19.40857902608348,44.232930948217145,79.5,0.0,2.6288007780116045
Djibouti,Mortalidad_Alta,737.612183644052,30.0,283.75994609151644,56.734,18.7131392605756,44.96599081595914,80.9,0.0,2.702599634647663
Djibouti,Mortalidad_Alta,786.201866748458,24.98,266.5969120019365,56.234,21.25581127138532,46.21901134275028,85.0,0.0,3.1719569083426844
Dominican Republic,Mortalidad_Media,10104.2449349081,30.8,950.470105292014,74.211,4.15371984188711,58.3198656685618,29.1,1.0,14.040394607371024
Dominican Republic,Mortalidad_Media,8527.0754858205,34.6,939.195582252068,71.757,4.21567590284055,57.806877007564,29.8,1.0,13.71236270051342
Dominican Republic,Mortalidad_Media,7135.22273255899,31.2,842.611820450654,72.636,4.52252840237889,60.0654313134599,30.4,1.0,13.281382883491666
Dominican Republic,Mortalidad_Media,8183.01623600375,23.2,938.583494670767,73.112,4.32511956961036,60.9652850214225,30.9,1.0,14.095629968194087
Dominican Republic,Mortalidad_Media,7882.98221584944,26.2,860.8644315883,73.555,4.57147323875274,61.067519765139,31.2,1.0,13.358389424106171
Dominican Republic,Mortalidad_Media,7412.71571571512,30.9,824.396571608205,73.37,4.83760934052653,62.1317869930781,31.3,1.0,12.843489959508723
Dominican Republic,Mortalidad_Media,7160.44200982307,32.0,842.638249219176,72.889,5.02704510564373,62.0130672048251,31.3,1.0,12.335888360182937
Dominican Republic,Mortalidad_Media,6800.95309395474,29.0,797.923170664734,72.982,5.05883234424627,61.0297558973097,31.2,1.0,12.064000493458277
Dominican Republic,Mortalidad_Media,6496.45166971142,27.3,745.786212900828,73.145,4.83780303264764,60.4426676510354,31.0,1.0,12.493825656634112
Dominican Republic,Mortalidad_Media,6136.59429329301,26.0,762.355920346053,73.038,4.99410588425629,60.4379125336437,30.9,1.0,12.10184844581924
Dominican Republic,Mortalidad_Media,6013.81965002603,30.0,791.42994660033,72.817,5.13892705786417,61.2165323555741,30.8,1.0,11.912317817761902
Dominican Republic,Mortalidad_Media,5826.51014109195,30.0,780.082749539865,72.496,5.4136207001604,60.705409096801,30.8,1.0,11.213458138100137
Dominican Republic,Mortalidad_Media,5478.62470398954,30.0,773.404254862996,72.039,5.87493178504912,60.1184532953709,30.7,1.0,10.233047036965425
Dominican Republic,Mortalidad_Media,4973.95186999952,30.0,743.587387722268,71.587,6.01021373970952,59.7079337570232,30.7,1.0,9.934411044740806
Dominican Republic,Mortalidad_Media,5023.58513403515,28.0,772.574772036856,71.331,6.27099180121697,57.520666714712,30.8,1.0,9.172499109877538
Dominican Republic,Mortalidad_Media,4649.64558875814,30.0,812.279711429867,71.097,6.51157391056705,54.9331736137856,30.9,1.0,8.436235903679059
Dominican Republic,Mortalidad_Media,4055.14270347371,29.0,792.6097043369,71.054,6.8587193196752,55.599825837468,31.0,1.0,8.106444256724735
Dominican Republic,Mortalidad_Media,3878.31206735244,33.0,772.037711488806,71.043,7.21193528375622,55.767972107314,31.2,1.0,7.73273329738868
Dominican Republic,Mortalidad_Media,2451.69161616569,35.0,749.386905892802,70.73,7.02047299255392,55.1415803993543,31.5,1.0,7.85439677039407
Dominican Republic,Mortalidad_Media,2383.26171780393,31.0,783.89236996528,70.856,6.69384984394826,55.1622486562576,31.8,1.0,8.24073589074132
Dominican Republic,Mortalidad_Media,3065.60329524196,30.0,882.200793773631,70.719,6.80511921829037,53.775040851009,32.3,1.0,7.902145300625423
Dominican Republic,Mortalidad_Media,2935.89367312668,30.0,819.653073657806,70.553,6.99751861270975,53.9598269500384,32.9,1.0,7.711280231828173
Dominican Republic,Mortalidad_Media,2831.45883638033,30.0,856.256386147598,70.365,6.71834204747894,52.1362731723537,33.6,1.0,7.760288595594482
Dominican Republic,Mortalidad_Media,2109.16940728689,30.0,664.774016514394,69.394,9.81477760955715,49.7966520990978,39.5,0.0,5.073640390038817
Ecuador,Mortalidad_Baja,6515.58528418336,37.2,904.739923624519,76.577,7.39303992355462,58.2031787469141,11.2,1.0,7.872699099253564
Ecuador,Mortalidad_Media,6061.32350181711,38.5,886.141180629787,72.746,8.07999983280318,58.4590001216096,11.3,1.0,7.235024917237965
Ecuador,Mortalidad_Media,5463.64515348598,33.4,785.425200484029,72.004,8.38574905899645,61.3211703446141,11.5,1.0,7.312545356795188
Ecuador,Mortalidad_Baja,6205.05765246766,25.3,903.972772011095,77.286,7.78676459859086,59.4371120144712,11.7,1.0,7.633094754813481
Ecuador,Mortalidad_Baja,6303.91886658338,30.2,869.583266013291,77.248,7.64505994805811,58.7476436434848,11.9,1.0,7.684392803016155
Ecuador,Mortalidad_Baja,6233.32244797718,33.9,897.948107586853,76.22,7.90222040951574,58.0552249529581,12.2,1.0,7.346697756373491
Ecuador,Mortalidad_Baja,5917.63771271481,33.0,885.602158222866,76.094,8.07212585894998,58.567451344755,12.5,1.0,7.25551761309795
Ecuador,Mortalidad_Baja,5976.1596805651,35.0,936.659126017204,76.222,8.02049629728797,57.6066295867738,12.9,1.0,7.182427053329949
Ecuador,Mortalidad_Baja,6405.79979300441,26.0,983.236124319332,76.141,7.40439967003185,52.8341973543552,13.4,1.0,7.135513979370042
Ecuador,Mortalidad_Baja,6109.29031510341,27.0,911.670139950059,75.832,6.96320880489033,52.0189015811005,14.0,1.0,7.470535932308552
Ecuador,Mortalidad_Baja,5634.08393191094,25.0,872.14170563726,75.486,6.99944108995073,51.742214810209,14.6,1.0,7.3923352086635274
Ecuador,Mortalidad_Media,5153.6916424375,22.0,891.346717905666,75.179,7.90853917487421,51.5008663236349,15.3,1.0,6.512058065951738
Ecuador,Mortalidad_Baja,4520.30959039763,20.0,867.465226710609,75.188,8.33021025899583,53.5584229032423,16.0,1.0,6.429420295292586
Ecuador,Mortalidad_Media,4053.36331139298,21.0,830.344069134027,74.901,8.61225542007853,54.7057842337508,16.7,1.0,6.352085669244117
Ecuador,Mortalidad_Media,4194.75750661981,23.0,762.824711258849,74.709,7.3493757008365,50.1895274209096,17.4,1.0,6.829087185622728
Ecuador,Mortalidad_Media,3478.92488770671,25.0,875.476008346416,74.226,7.64839421670263,51.9074780749157,18.1,1.0,6.786715826121998
Ecuador,Mortalidad_Media,3243.67010359339,24.0,811.02739152362,74.01,7.71967865189029,52.4424149459359,18.8,1.0,6.793341706405682
Ecuador,Mortalidad_Media,2909.02606014388,22.0,837.891418715488,73.909,7.72632554619423,54.4341944825683,19.5,1.0,7.045288754287741
Ecuador,Mortalidad_Media,2586.20914663347,22.0,785.591926855098,73.868,7.96891951563388,55.5666641577838,20.3,1.0,6.972923248725245
Ecuador,Mortalidad_Media,2315.62215223014,23.0,770.215737177298,73.632,9.05012813090098,56.0993066799358,21.1,1.0,6.198730655358232
Ecuador,Mortalidad_Media,2059.1585535974,26.0,709.305743944436,73.164,9.43400389965372,54.0499206093605,21.9,0.0,5.729266299258625
Ecuador,Mortalidad_Media,1791.30359685037,24.0,668.563680952542,72.571,10.4701484905882,52.6943573230574,23.0,0.0,5.0328185288322596
Ecuador,Mortalidad_Media,1382.23421759909,23.0,638.756054226183,72.09,12.401175424691,46.9393808627558,24.1,1.0,3.7850751445140034
Ecuador,Mortalidad_Media,2108.00698245316,10.0,679.11036362393,71.349,21.9121688235555,47.8071197724812,32.7,1.0,2.1817612011590897
El Salvador,Mortalidad_Media,5074.60210221806,36.1,768.683429492147,71.969,4.55875283808156,60.4550594726346,9.5,1.0,13.261315456197368
El Salvador,Mortalidad_Media,4642.60743101342,34.2,722.148396888114,69.941,4.81225514872015,60.1847458642557,9.8,1.0,12.506557529532119
El Salvador,Mortalidad_Media,3997.19279583709,31.6,669.910725026867,70.244,5.35480047301112,61.4622335450273,10.2,0.0,11.477968946705825
El Salvador,Mortalidad_Media,4320.11671534627,23.4,734.803208380046,71.725,5.1464335217926,59.9656859790917,10.6,1.0,11.65189168871349
El Salvador,Mortalidad_Media,4183.54620971358,25.2,694.567755248769,71.384,5.13276852985202,60.111372226503,11.1,1.0,11.71129613129779
El Salvador,Mortalidad_Media,4020.12671373919,31.7,674.665441622059,71.007,5.39300914080881,60.1160806255127,11.5,1.0,11.147038518925422
El Salvador,Mortalidad_Media,3901.34014965811,39.0,686.997805008996,70.908,5.73215390739613,60.3324813787362,12.0,1.0,10.525272411281545
El Salvador,Mortalidad_Media,3790.34089108162,38.0,674.353996656659,70.952,5.52976674016479,60.0130385216637,12.5,1.0,10.852725140423424
El Salvador,Mortalidad_Media,3666.01248913873,34.3,649.043175650273,71.144,5.86687215376832,59.4191153461598,13.1,1.0,10.127903555558923
El Salvador,Mortalidad_Media,3582.26694005169,34.0,660.094150213557,71.225,5.61330655869503,59.546422711878,13.6,1.0,10.608083148361173
El Salvador,Mortalidad_Media,3497.91256915509,36.0,701.457404594185,71.42,6.5143562539307,58.3439749557541,14.3,1.0,8.956214962998056
El Salvador,Mortalidad_Media,3330.60049486653,34.0,692.505312990967,71.192,7.33019190703113,57.8388249133051,14.9,1.0,7.890492588308094
El Salvador,Mortalidad_Media,3040.07300952878,39.0,697.036927315506,70.909,6.98170850697531,59.5027515297118,15.6,1.0,8.522663395394348
El Salvador,Mortalidad_Media,2910.18651752011,40.0,689.42246753204,70.359,6.66859073198944,60.9827390887884,16.4,1.0,9.14477159263235
El Salvador,Mortalidad_Media,2983.24829577976,40.0,702.300695812568,70.138,7.09010840673402,58.7199343521865,17.2,1.0,8.281951556116642
El Salvador,Mortalidad_Media,2830.65693770733,42.0,694.537311720365,69.82,6.99310770496862,59.4189898158626,18.1,1.0,8.496793174463088
El Salvador,Mortalidad_Media,2665.61807194853,42.0,686.957827636037,69.612,6.04616656739515,60.2821644398805,19.0,1.0,9.970311563191299
El Salvador,Mortalidad_Media,2447.39140845394,37.0,643.90315216252,69.336,6.17165600762008,60.5376922030208,20.1,1.0,9.808986782198414
El Salvador,Mortalidad_Media,2285.68907438892,34.0,627.60446428589,69.295,5.72792591262587,60.4952014311542,21.2,1.0,10.561449703426979
El Salvador,Mortalidad_Media,2207.83089518069,36.0,622.386657178414,68.792,5.48839713449193,59.225718403235,22.4,1.0,10.79107742240989
El Salvador,Mortalidad_Media,2115.41187355626,41.0,582.453658736363,68.526,5.82298419820808,59.1072948422135,23.7,1.0,10.15068783123312
El Salvador,Mortalidad_Media,2058.04459070452,39.0,568.00569056859,67.965,6.68649259791156,58.4264243331685,25.0,1.0,8.737977867711578
El Salvador,Mortalidad_Media,1982.87093542615,36.0,537.110967454389,67.711,7.17278477660919,58.5739401693572,26.5,1.0,8.166136583432664
El Salvador,Mortalidad_Alta,1548.3763038362,50.0,583.227528030499,64.903,11.528879161366,54.3069516742595,35.7,1.0,4.710514431987935
Estonia,Mortalidad_Baja,28451.1477825175,83.9,3558.49999898152,77.8439024390244,2.43515558146526,62.4826107650056,1.7,1.0,25.65857033553853
Estonia,Mortalidad_Baja,27953.7670230126,86.4,3426.59979577079,76.9439024390244,1.92200021363011,62.9186705086177,1.8,1.0,32.73603720874843
Estonia,Mortalidad_Baja,23933.9939421065,85.9,3366.74622873232,78.5951219512195,1.93181527353408,63.9507885502749,1.8,1.0,33.10398743938015
Estonia,Mortalidad_Baja,24021.2501413306,73.1,3661.49925395092,78.6463414634147,2.265648962634,62.3217011004787,1.9,1.0,27.507218518099414
Estonia,Mortalidad_Baja,23618.1361254581,75.7,4359.95295201493,78.2439024390244,2.04938469969066,61.6254146608775,2.0,1.0,30.07020334941479
Estonia,Mortalidad_Baja,20851.5223496861,69.9,4444.84667060588,78.0926829268293,2.33885596628311,61.1536734130969,2.2,1.0,26.146831739400263
Estonia,Mortalidad_Baja,18666.3736521706,69.0,4579.42111654538,77.6414634146342,2.0715978609001,60.8286220187256,2.3,1.0,29.36314193349082
Estonia,Mortalidad_Baja,17722.1557669523,68.0,3695.11919135189,77.590243902439,2.80642152865051,60.7172758310752,2.5,1.0,21.635123309601884
Estonia,Mortalidad_Baja,20581.7898991695,64.2,4226.20121103955,77.0341463414634,3.11496161660999,59.8999341045038,2.6,1.0,19.229750307386723
Estonia,Mortalidad_Baja,19310.3874900757,64.0,4435.56686367547,77.1414634146341,3.04742973666601,59.7117104104209,2.8,1.0,19.59412211936591
Estonia,Mortalidad_Baja,17568.2137969714,65.0,3984.06344804238,76.3268292682927,3.2843229052027,59.1902030673717,3.0,1.0,18.02204130830389
Estonia,Mortalidad_Baja,17555.5455239426,66.0,4311.6949178562,76.2292682926829,3.66566862923271,58.4513474222125,3.3,1.0,15.945616839470679
Estonia,Mortalidad_Baja,14663.7041018705,66.0,4419.42268300424,75.4292682926829,3.17092945309266,59.9238449450358,3.6,1.0,18.897880205625857
Estonia,Mortalidad_Media,14712.4494217916,65.0,3360.6644887123,74.8243902439024,2.47104873277575,60.8503056279613,3.9,1.0,24.625295657203665
Estonia,Mortalidad_Media,18205.9064113446,67.0,4142.50947696917,73.7707317073171,3.40126152586792,59.5534896908476,4.3,1.0,17.509235687382485
Estonia,Mortalidad_Media,16745.4308011148,64.0,4690.13970340714,72.8146341463415,3.92534204177827,57.0659796515862,4.7,1.0,14.537836204901522
Estonia,Mortalidad_Media,12641.4800976473,60.0,4006.73962643142,72.6914634146341,3.14382046697103,57.8749883116134,5.1,1.0,18.409126386079574
Estonia,Mortalidad_Media,10414.6381183565,55.0,4015.42832630309,72.5682926829268,3.28668552534137,59.0829427359463,5.6,1.0,17.976451437290972
Estonia,Mortalidad_Media,8916.0728274602,56.0,3952.3382123667,71.909756097561,3.61869925607531,59.5766460840652,6.2,1.0,16.463552748696653
Estonia,Mortalidad_Media,7205.40703313243,56.0,3680.05850823958,71.3170731707317,3.45928807770416,59.7247445983423,6.8,1.0,17.265039296172198
Estonia,Mortalidad_Media,5343.18310760735,57.0,3375.56515275032,70.9048780487805,3.5524871000821,59.9739726839702,7.4,1.0,16.882249250837297
Estonia,Mortalidad_Media,4502.66614992392,57.0,3589.37747318315,70.2585365853659,3.49644570652548,60.3811249851227,8.1,1.0,17.26928717137873
Estonia,Mortalidad_Media,4070.60902410208,57.0,3377.645508595,70.4170731707317,3.88500958820541,60.5578253447825,8.8,1.0,15.587561361143457
Estonia,Mortalidad_Media,3134.38975345407,50.0,3917.02322755288,67.5439024390244,4.13064126210233,57.0453006285211,12.5,1.0,13.81027714798146
Eswatini,Mortalidad_Alta,3889.65276959161,32.1,958.916943750887,63.028,7.5820560091282,50.9020588262269,44.6,0.0,6.713490214915956
Eswatini,Mortalidad_Alta,3966.29863253832,36.4,951.152984722388,58.228,7.20231648791828,52.9410187469299,45.8,0.0,7.350554343972143
Eswatini,Mortalidad_Alta,3454.784217446,37.2,991.485746872995,59.862,7.65527520599306,53.1556471274583,47.1,0.0,6.943662467659492
Eswatini,Mortalidad_Alta,3913.12643969301,35.0,1023.13885273742,59.85,7.42606009025489,51.3107226220615,48.2,0.0,6.909548535621979
Eswatini,Mortalidad_Alta,3973.46344933667,26.9,989.952755531414,58.707,7.38622896998129,51.8953318846531,48.5,0.0,7.025957643008806
Eswatini,Mortalidad_Alta,3853.99147918102,30.9,996.714704846792,57.574,8.11465235615279,50.8503423144242,51.5,0.0,6.266484389299541
Eswatini,Mortalidad_Alta,3239.80707501414,43.0,1035.35273669945,56.228,5.37575131200222,50.880708687703,52.0,1.0,9.464855372699947
Eswatini,Mortalidad_Alta,3420.75357067279,39.0,1046.30784939115,54.941,7.37822632875045,49.1957881121571,54.9,0.0,6.667698430510023
Eswatini,Mortalidad_Alta,3771.90796458406,31.6,1005.34809850195,53.491,8.20320667537832,49.1766375595425,57.9,0.0,5.994806604976162
Eswatini,Mortalidad_Alta,3951.12008139006,31.0,1022.77677200785,52.11,8.37418891965455,48.7299502461322,57.4,0.0,5.819065071694417
Eswatini,Mortalidad_Alta,4347.99569336631,32.0,995.751763389746,50.714,10.2033356424795,48.3882357807356,58.0,0.0,4.742393808871785
Eswatini,Mortalidad_Alta,4312.34243414155,36.0,1001.76421858039,49.057,9.71988392021377,50.1546694355647,57.8,0.0,5.160007037868169
Eswatini,Mortalidad_Alta,3992.95199562618,36.0,835.944523913655,48.331,10.1562127323485,49.552576625361,62.0,0.0,4.879040832566587
Eswatini,Mortalidad_Alta,3239.7578007877,33.0,995.276783530389,46.913,9.25038577172511,48.5631484606371,65.5,1.0,5.2498511585404435
Eswatini,Mortalidad_Alta,2999.82816920508,25.0,888.920326582466,45.853,9.99945390402236,48.489487538515,68.5,0.0,4.849213567453891
Eswatini,Mortalidad_Alta,3180.86121498525,27.0,902.867073860652,45.16,10.7541752623079,47.0545044874931,66.3,0.0,4.375463793342993
Eswatini,Mortalidad_Alta,3035.06156119205,30.0,900.421781084863,44.563,11.1842158367266,46.9321407014568,65.6,0.0,4.196283529091202
Eswatini,Mortalidad_Alta,2945.36394872311,30.0,858.521707685069,43.958,10.9717565974763,46.5702955427512,74.7,0.0,4.244561491043576
Eswatini,Mortalidad_Alta,2581.24172793045,30.0,855.867486067816,43.906,9.65947272355094,47.5121667341357,75.7,0.0,4.918712241745391
Eswatini,Mortalidad_Alta,2060.18418135789,30.0,877.574503283173,44.632,12.385263607915,45.9339756821239,75.9,0.0,3.708760437910184
Eswatini,Mortalidad_Alta,1351.86550182919,30.0,895.040020351145,45.38,12.5025437700338,44.4470896164172,75.2,0.0,3.5550437122202565
Eswatini,Mortalidad_Alta,1467.5389023828,30.0,896.447007609265,46.344,12.0992205230901,45.1238605854354,74.3,0.0,3.7294849283324676
Eswatini,Mortalidad_Alta,1668.9749133064,30.0,913.698267523096,47.627,12.315975754846,45.5575365768617,73.0,1.0,3.6990602680373135
Eswatini,Mortalidad_Alta,1750.75400773784,50.0,991.555793901495,55.08,10.0794803409696,36.0817442068479,62.6,0.0,3.5797226629023817
Ethiopia,Mortalidad_Media,1011.07332413462,33.2,377.921752731092,66.897,37.6422268385035,36.5535172712856,37.0,0.0,0.9710774399216925
Ethiopia,Mortalidad_Alta,910.947887074508,31.5,373.902183810576,65.33,37.5791137568863,36.5357433729545,38.3,1.0,0.9722353648177612
Ethiopia,Mortalidad_Alta,905.313159254148,29.4,380.656754967252,65.969,35.5582700374118,36.8280723450653,39.6,0.0,1.035710463594475
Ethiopia,Mortalidad_Alta,828.709080522921,35.1,386.237241195762,65.741,33.6333246930874,37.1502538865175,41.0,0.0,1.10456680169216
Ethiopia,Mortalidad_Alta,747.968003672674,37.7,384.725728343228,65.257,31.2188066487174,36.4097339191287,42.5,0.0,1.1662756468823756
Ethiopia,Mortalidad_Alta,745.632433925343,37.6,382.08010457893,64.766,33.7792813400479,36.6336554444575,44.2,0.0,1.084500735100765
Ethiopia,Mortalidad_Alta,696.196084806324,33.0,383.623509864643,64.162,34.6969564523634,36.7245794030803,46.0,0.0,1.0584380636814843
Ethiopia,Mortalidad_Alta,621.845673808133,33.0,380.062892430497,63.592,36.0569753905786,39.5457091545031,48.0,1.0,1.0967561401402537
Ethiopia,Mortalidad_Alta,549.986577082588,27.0,380.177588735816,62.927,38.5204496889284,39.8920084959331,50.1,0.0,1.0356059915728064
Ethiopia,Mortalidad_Alta,484.039833104062,27.0,376.060890534794,62.161,41.2395055340925,39.6700979759192,52.2,0.0,0.9619440743081684
Ethiopia,Mortalidad_Alta,452.101031885754,27.0,371.835988806056,61.443,44.3309427521463,38.5815204962798,54.5,0.0,0.8703067902703662
Ethiopia,Mortalidad_Alta,343.024942351887,27.0,371.365873516346,60.595,41.2499638574537,41.4300565862634,56.8,0.0,1.0043658881600972
Ethiopia,Mortalidad_Alta,330.619412798644,26.0,368.354746710272,59.709,41.4468200699758,41.7550740909194,59.3,1.0,1.0074373382667998
Ethiopia,Mortalidad_Alta,368.574712267445,24.0,368.511855785931,58.715,45.8826942649105,38.7708154845259,61.9,0.0,0.8449986668323547
Ethiopia,Mortalidad_Alta,316.410475118075,24.0,368.664919304241,57.733,45.1845583729593,37.9001296082826,64.7,0.0,0.8387849958707116
Ethiopia,Mortalidad_Alta,237.146255996319,22.0,367.675946638422,56.566,42.2650121920913,39.1141105816058,67.7,0.0,0.9254489364355347
Ethiopia,Mortalidad_Alta,189.345737521418,23.0,366.046138985671,55.402,42.5241701226393,38.572635142107,70.9,0.0,0.9070755532880217
Ethiopia,Mortalidad_Alta,158.243458082465,25.0,365.389330954915,54.364,41.1744985607337,39.1449503016171,74.4,0.0,0.9507086101820292
Ethiopia,Mortalidad_Alta,133.169812538096,35.0,367.777166433932,53.735,38.6797549469264,40.0736578229212,77.9,1.0,1.0360370141410515
Ethiopia,Mortalidad_Alta,116.800491132777,32.0,367.63116772625,52.877,37.2850554139561,42.7501557957854,81.6,0.0,1.1465761635902965
Ethiopia,Mortalidad_Alta,109.593813612988,32.0,366.758089028477,52.085,38.6923716914638,41.4431413187039,85.1,0.0,1.0710933320183877
Ethiopia,Mortalidad_Alta,118.457204255261,30.0,366.971780860921,51.428,42.3405711240311,38.499283331384,88.7,0.0,0.9092764294228682
Ethiopia,Mortalidad_Alta,122.269202606069,30.0,363.603550531224,50.88,44.6660179485759,37.4479927810305,92.2,0.0,0.8384000746192435
Ethiopia,Mortalidad_Alta,136.523619088963,30.0,364.887007146337,48.156,50.6606917388224,32.3249405663692,110.0,1.0,0.6380674928999812
Fiji,Mortalidad_Media,5405.03006162671,54.3,1137.1302087109948,67.148,12.7114472043752,54.1690559709783,23.5,0.0,4.261438929812308
Fiji,Mortalidad_Alta,4696.17103944634,46.8,1307.0046363658093,64.904,15.2764810552797,53.2676352446135,22.9,0.0,3.486904808238131
Fiji,Mortalidad_Media,4844.42127154524,45.6,1252.4078687901456,66.924,14.3246147006328,53.1464327075391,21.9,0.0,3.7101474502620526
Fiji,Mortalidad_Media,5950.82866866702,23.4,1602.631418894723,67.009,11.2911597996378,54.1340762848737,20.6,1.0,4.794376950241216
Fiji,Mortalidad_Media,6085.41979485376,34.8,1427.3191465017294,66.965,10.9065639753696,53.9248445799443,19.2,0.0,4.94425601882713
Fiji,Mortalidad_Media,5826.84814459328,32.7,1359.5649211135724,67.06,10.5318273601847,54.4863657605154,18.0,0.0,5.173495908839115
Fiji,Mortalidad_Alta,5363.79026679243,22.3,1694.284095320128,66.657,10.6643336396929,54.535348585053,17.0,0.0,5.113807428348936
Fiji,Mortalidad_Alta,5097.53106864695,22.3,1055.4550633148142,66.48,7.8716240846939,55.437236334029,16.3,0.0,7.042668163209774
Fiji,Mortalidad_Alta,5293.35676680464,20.0,1307.2806135424657,66.581,8.0985227018506,55.5436806354039,16.0,0.0,6.8584953923400835
Fiji,Mortalidad_Alta,4572.44377544245,20.0,1347.466709451834,66.545,10.1131069949223,56.8721322624871,15.9,1.0,5.623606305267223
Fiji,Mortalidad_Alta,4341.40338748749,20.0,1207.5256467564782,65.812,9.67577870713452,57.995596402467,16.1,0.0,5.993894461404274
Fiji,Mortalidad_Media,4139.60288609702,40.0,1354.5143348765973,66.88,9.21771557173261,58.1562651146195,16.4,0.0,6.309184164128872
Fiji,Mortalidad_Alta,3449.14452883369,40.0,924.0024376919744,66.778,9.38189737562413,57.4879987562657,16.8,0.0,6.127545042821503
Fiji,Mortalidad_Alta,3164.13275408169,40.0,1325.4461855461884,66.347,10.0884444017423,58.4838308163941,17.1,0.0,5.7971108812666685
Fiji,Mortalidad_Alta,3899.92231512129,40.0,1184.9440202314327,66.32,10.6974950619792,57.4671943482391,17.4,1.0,5.372023451778699
Fiji,Mortalidad_Alta,3762.74692789299,40.0,583.628117509735,66.161,11.8829102406206,58.0868403154354,17.5,0.0,4.8882671954275185
Fiji,Mortalidad_Alta,3455.10599907349,30.0,627.8324058111,66.126,12.3726571154966,56.805788910378,17.4,0.0,4.5912360118045665
Fiji,Mortalidad_Alta,3377.69126953493,30.0,655.047320935788,65.983,12.0743313492063,57.3342242063492,17.3,0.0,4.748438861595266
Fiji,Mortalidad_Alta,3097.19096651759,30.0,761.694759402813,65.841,12.349896656794,52.8960175576911,17.1,0.0,4.283114185299002
Fiji,Mortalidad_Alta,2655.58079586044,30.0,1256.621689863137,65.653,12.5143538475649,53.5973585251766,16.8,0.0,4.2828706282430895
Fiji,Mortalidad_Alta,2136.56794118683,30.0,719.717419726916,65.492,13.3109099072134,53.6892896338422,16.7,1.0,4.033480055690791
Fiji,Mortalidad_Alta,1944.997414609,30.0,1006.1513622800633,66.205,13.012812333865,53.9758639021797,16.6,0.0,4.147901507940064
Fiji,Mortalidad_Alta,1995.72071163264,30.0,840.1278246775062,66.194,14.9875430394984,53.271533745766,16.6,0.0,3.5543873739260254
Fiji,Mortalidad_Alta,2466.74347815903,30.0,590.1929340452427,66.007,17.174961203941,47.645422065033,18.0,0.0,2.774121088209515
Finland,Mortalidad_Baja,50440.560224974,96.4,5681.8747010757,81.1878048780488,2.24134367895993,59.4281097939016,1.8,1.0,26.51450125733441
Finland,Mortalidad_Baja,53099.1351400148,97.2,5994.29375783761,81.8853658536585,2.15907446415076,60.1590262256597,1.8,1.0,27.863340160119193
Finland,Mortalidad_Baja,48828.6846862799,96.1,5739.07303589647,81.9317073170732,2.24039393029227,60.046026219716,1.8,1.0,26.80154833836865
Finland,Mortalidad_Baja,48358.1807773701,92.5,6024.64068885194,81.9829268292683,2.18977184111891,60.0093074736498,1.9,1.0,27.404365307294654
Finland,Mortalidad_Baja,49654.2497035329,89.8,6165.44402350648,81.7341463414634,2.11422780880102,59.9098768892434,1.9,1.0,28.336528655924894
Finland,Mortalidad_Baja,46085.0174739036,90.0,6070.15750826277,81.6317073170732,2.06803556647353,59.8466440593487,1.9,1.0,28.938885302345554
Finland,Mortalidad_Baja,43451.2562442158,89.0,6120.63301519281,81.4292682926829,2.08977502932082,60.4690404557823,1.9,1.0,28.935669920141994
Finland,Mortalidad_Baja,42560.3456767103,89.0,5921.59681653244,81.4804878048781,2.06049706934612,60.9404734718733,2.0,1.0,29.57561764026784
Finland,Mortalidad_Baja,50073.7760815871,93.4,6246.04153603753,81.1804878048781,2.21758033567317,60.8821743460203,2.0,1.0,27.454326396495066
Finland,Mortalidad_Baja,49691.0145200739,94.0,6138.31405576065,80.9756097560976,2.21182621856833,60.5650206145545,2.1,1.0,27.3823594756721
Finland,Mortalidad_Baja,47551.6740841369,92.0,6265.77228948066,80.6268292682927,2.18836399205502,60.7916038686882,2.2,1.0,27.779475484606568
Finland,Mortalidad_Baja,51060.3242589767,89.0,6522.93869318769,80.4707317073171,2.25898661809719,59.3372290101439,2.3,1.0,26.267189249720023
Finland,Mortalidad_Baja,46506.2919016566,90.0,6812.6019950935,79.8707317073171,2.36676641136983,58.9677220471227,2.4,1.0,24.914888838984975
Finland,Mortalidad_Baja,47478.3495310999,94.0,6255.05051638905,79.719512195122,2.25383112774094,59.6038187470768,2.6,1.0,26.445556640625025
Finland,Mortalidad_Baja,53769.4726240385,96.0,6654.45363101075,79.5682926829268,2.20537134561628,56.2220403288495,2.7,1.0,25.493230625583617
Finland,Mortalidad_Baja,48473.0240091455,96.0,6968.91134494832,79.2634146341464,2.38053234540974,54.6891622429287,2.8,1.0,22.973501010554653
Finland,Mortalidad_Baja,41214.0187765069,97.0,7106.70978937984,79.2146341463415,2.00160822857672,54.9435673749429,2.9,1.0,27.449710982658946
Finland,Mortalidad_Baja,39049.8703780223,97.0,6555.77647291287,78.8170731707317,2.27855173502727,55.8548820035709,3.0,1.0,24.51332622601278
Finland,Mortalidad_Baja,37768.1334202029,97.0,7128.99567069435,78.7146341463415,2.37997744754033,55.8179676328107,3.1,1.0,23.45314981471682
Finland,Mortalidad_Baja,32920.0857192568,99.0,7072.1791412038,78.3682926829268,2.53635129256364,55.1893694715056,3.2,1.0,21.759355509355508
Finland,Mortalidad_Baja,26989.389260959,100.0,6722.82613567459,78.119512195122,2.67313392616545,54.9009700889248,3.3,0.0,20.538054435483897
Finland,Mortalidad_Baja,24965.202996776,98.0,6405.85272256556,77.9658536585366,2.76462005490516,54.3049380069565,3.4,0.0,19.64282141070536
Finland,Mortalidad_Baja,24335.9225082659,96.0,6257.21912070832,77.4658536585366,2.95484873814028,52.9328523455487,3.5,1.0,17.91389578163772
Finland,Mortalidad_Baja,26246.2743214462,77.8,5662.00742267697,76.409512195122,3.80075974566803,54.2842342616857,4.3,1.0,14.282469267771246
France,Mortalidad_Baja,41082.8119320747,75.9,3102.40310926754,82.1292682926829,1.76309719499818,71.3378674303834,3.4,1.0,40.461675982904076
France,Mortalidad_Baja,43725.0999521245,80.1,3470.00297348378,82.3243902439024,1.46334541457898,70.6735726050728,3.4,1.0,48.29589234432825
France,Mortalidad_Baja,39169.8606000707,83.3,3224.46770851692,82.1756097560976,1.4604342657704,70.9770173200242,3.3,1.0,48.599939746403315
France,Mortalidad_Baja,40408.2848574751,67.9,3601.76570846162,82.8268292682927,1.40828485472535,70.1101608629661,3.3,1.0,49.78407644427824
France,Mortalidad_Baja,41418.1766484844,65.1,3665.53572999823,82.6756097560976,1.53110170543578,70.1367025071467,3.3,1.0,45.80799711615793
France,Mortalidad_Baja,38687.1626407164,69.7,3700.96956491664,82.5756097560976,1.43496006533197,70.3851824021717,3.3,1.0,49.05027261918155
France,Mortalidad_Baja,37024.2157133669,69.0,3715.23346860046,82.5731707317073,1.33798472564444,70.602995081322,3.2,1.0,52.768162242895635
France,Mortalidad_Baja,36702.4323733379,71.0,3795.9498874457,82.3219512195122,1.50360116027898,70.3090113135195,3.2,1.0,46.76041304761582
France,Mortalidad_Baja,43148.0459288416,69.9,3752.44922714937,82.719512195122,1.46154600121993,70.4282438710721,3.1,1.0,48.187497220263154
France,Mortalidad_Baja,42669.1795111893,70.0,3922.03005304637,82.219512195122,1.36140137870511,70.4096711493974,3.1,1.0,51.71852493374672
France,Mortalidad_Baja,40863.5814412333,68.0,3925.35400616786,81.9682926829268,1.52594468949115,70.3954825743036,3.1,1.0,46.13239461371177
France,Mortalidad_Baja,43929.7840873812,69.0,3945.32586336777,82.1146341463415,1.55137276231397,70.2766502820806,3.1,1.0,45.29965459575206
France,Mortalidad_Baja,40694.8211697025,69.0,4040.43955470086,81.6634146341463,1.50088040274637,70.7106511172851,3.1,1.0,47.11278192978998
France,Mortalidad_Baja,41728.0884164132,73.0,3938.38637955439,81.4146341463415,1.23241577481447,70.8157987420656,3.1,1.0,57.46096422104491
France,Mortalidad_Baja,45464.8181385158,74.0,4137.71989985562,81.2146341463415,1.42030674677991,69.7683271007528,3.2,1.0,49.12201343754094
France,Mortalidad_Baja,41486.1907828787,75.0,4142.17819118209,81.1121951219512,1.516727357675,69.1752306377863,3.2,1.0,45.608217118088646
France,Mortalidad_Baja,36431.5658906555,71.0,4214.29234630039,80.8121951219512,1.42706409375236,68.9051445140813,3.3,1.0,48.28454784599078
France,Mortalidad_Baja,34696.3718316971,69.0,4313.6963002429,80.1634146341463,1.58270403235962,68.7116075234513,3.4,1.0,43.414059810671375
France,Mortalidad_Baja,33644.9282220364,63.0,4327.18683304848,80.1634146341463,1.72018557547967,68.3406837903041,3.5,1.0,39.728669257819725
France,Mortalidad_Baja,29479.5222101175,67.0,4296.52922711295,79.1146341463415,1.74560664256609,68.1890446774506,3.6,1.0,39.06323624961166
France,Mortalidad_Baja,24144.5727019529,67.0,4220.32024855816,79.2609756097561,1.90378389721189,67.5410421037319,3.8,1.0,35.477263045793386
France,Mortalidad_Baja,22331.7948343036,66.0,4240.43326978854,79.1585365853659,2.00226015670254,67.0215216824266,3.9,1.0,33.47293380336862
France,Mortalidad_Baja,22340.5939516217,67.0,4130.17270058081,79.0560975609756,1.98449655121117,66.4177882404231,4.1,1.0,33.4683314011744
France,Mortalidad_Baja,26791.8151982369,90.0,3975.88904728611,77.7512195121951,2.313383133861,64.9867639081946,5.3,0.0,28.091656309317305
Gabon,Mortalidad_Media,8409.20741452279,24.4,2096.2456480631,67.713,6.29508498807412,34.1198039221387,27.2,0.0,5.420070417917758
Gabon,Mortalidad_Media,8181.40914134398,36.4,2101.49682483071,67.072,6.76982280995704,38.5759625634196,28.1,0.0,5.698223372505727
Gabon,Mortalidad_Media,6605.80346077904,36.7,2140.11585242125,67.073,6.61619761297697,44.8162559682671,28.5,0.0,6.773717864829909
Gabon,Mortalidad_Media,7441.1786472281,35.5,2205.67182377894,67.337,5.5544308701413,40.4703782489961,29.7,0.0,7.286143116219316
Gabon,Mortalidad_Media,7624.2775233771,33.4,2294.91220106774,67.043,5.43595280305822,41.1181969705571,30.7,0.0,7.564119568408386
Gabon,Mortalidad_Alta,6921.73373135624,37.6,2263.59335681829,66.816,5.2657648440765,42.6496912552085,31.7,1.0,8.099429526023265
Gabon,Mortalidad_Alta,6677.07003901644,37.0,2489.24179859903,66.583,4.97313690987068,41.7428124794395,32.3,0.0,8.39365841639879
Gabon,Mortalidad_Alta,7047.12654634355,34.0,2550.96047927478,66.336,4.31162904410146,39.0291929804191,33.5,0.0,9.05207581199805
Gabon,Mortalidad_Alta,9201.36276648105,29.1,2602.65376634085,66.07,3.62120476996243,32.6789965337499,34.6,0.0,9.024343722514468
Gabon,Mortalidad_Alta,9197.70106323947,30.0,2771.53824040148,65.751,3.32908065074657,29.6057833629131,35.2,0.0,8.893080843888175
Gabon,Mortalidad_Alta,9296.96587941088,28.0,1955.40804605842,65.438,3.35369777676334,27.4556887815273,36.4,0.0,8.186691410227441
Gabon,Mortalidad_Alta,10219.1139339454,29.0,2295.78142116486,65.102,3.43228977977158,25.6325683424911,37.5,0.0,7.468066505793971
Gabon,Mortalidad_Alta,8356.74662013345,31.0,2957.4674143756,64.715,3.91445441728357,30.8276344945018,38.7,0.0,7.8753336246266965
Gabon,Mortalidad_Alta,7290.57526093114,33.0,2728.50138573496,64.361,5.04416979273101,36.8182126957151,40.0,0.0,7.299162044222348
Gabon,Mortalidad_Alta,9688.64519690633,30.0,2578.18479820338,64.011,4.22984203194841,28.9831186458055,40.7,0.0,6.852056986264068
Gabon,Mortalidad_Alta,8003.54289696049,29.0,2419.6346592973,63.619,4.95783080287957,31.3484397338356,41.8,0.0,6.323015241994146
Gabon,Mortalidad_Alta,6847.00985685394,33.0,2263.43017323991,63.259,4.91120031463828,30.9213104046742,43.3,0.0,6.296080066722267
Gabon,Mortalidad_Alta,6547.87613955186,30.0,2074.20458463989,62.978,4.98463861102881,29.5650974359157,44.4,1.0,5.931241909995473
Gabon,Mortalidad_Alta,5465.79193590708,30.0,1829.65618455084,62.694,5.46729104251047,36.2849149195174,45.6,0.0,6.6367264221690485
Gabon,Mortalidad_Alta,4710.74862768151,50.0,1621.16641537009,62.463,6.00402093513223,38.816350461147,46.9,0.0,6.465059146282296
Gabon,Mortalidad_Alta,3966.48001864663,50.0,1417.03968600606,62.175,5.74386163895503,38.8653039103033,48.3,0.0,6.766406705676495
Gabon,Mortalidad_Alta,3835.75718279727,50.0,1205.62017172291,61.982,6.14393258219291,37.9417335230936,49.5,0.0,6.1754801205112395
Gabon,Mortalidad_Alta,3982.906200928,50.0,1153.06155311667,61.81,6.21362452192229,37.5311789812095,50.8,0.0,6.040142729705623
Gabon,Mortalidad_Alta,4414.8755828572,50.0,1194.21566119698,61.27,8.0316742081448,39.6048804137039,55.6,0.0,4.931086519114681
Georgia,Mortalidad_Media,6729.84659930283,64.4,1543.58379982411,74.141,6.63235520175679,59.0492463628877,8.1,1.0,8.90320927733886
Georgia,Mortalidad_Media,5083.60695484577,64.6,1425.96785615054,71.635,7.22731737039721,58.6985908372307,8.2,1.0,8.121767431669415
Georgia,Mortalidad_Media,4300.85701291207,64.8,1327.38644455455,73.509,8.31654843439314,57.8886181686718,8.2,1.0,6.960654245609037
Georgia,Mortalidad_Media,4741.2832715876,58.5,1371.17934672286,74.165,7.33548626473072,60.0997269034308,8.3,1.0,8.193011987820416
Georgia,Mortalidad_Media,4804.0546040444,61.8,1301.87728809329,73.985,7.56159033807908,58.3496101291489,8.4,1.0,7.716579121631155
Georgia,Mortalidad_Media,4418.75206546679,65.0,1312.78610346067,73.435,6.91860933720368,58.3264823415578,8.5,1.0,8.4303766116576
Georgia,Mortalidad_Media,4143.40125686315,52.0,1300.49894445527,73.136,8.00327332913851,60.7126944436845,8.7,1.0,7.585982878110667
Georgia,Mortalidad_Media,4086.6223465965,49.0,1259.15997860484,73.241,8.54206032187102,60.3920073520898,8.9,1.0,7.069957958206243
Georgia,Mortalidad_Media,4830.33486170249,42.8,1193.781897604,73.105,9.2042368072631,61.1488430742072,9.2,1.0,6.6435538714034825
Georgia,Mortalidad_Media,4712.00229382665,41.0,1118.86616651538,73.025,9.21478687624408,61.7606211819617,9.6,1.0,6.702338536030814
Georgia,Mortalidad_Media,4530.69533409431,38.0,993.847722414941,72.672,8.56565938989856,61.4683363802559,10.1,1.0,7.176135961318425
Georgia,Mortalidad_Media,4119.66818307193,41.0,943.642090063012,72.485,9.73887160427603,61.2165289857849,10.8,1.0,6.2857927974845325
Georgia,Mortalidad_Media,3281.72930937343,39.0,824.605083052625,71.732,8.86598672626304,62.4461510677683,11.7,1.0,7.043339111121021
Georgia,Mortalidad_Media,2822.68939668797,34.0,811.604883767971,71.058,8.10130101189814,60.6555098409874,12.8,1.0,7.487131974469835
Georgia,Mortalidad_Media,3324.7537205015,28.0,780.788490925027,70.949,8.13162847511651,60.7122448872602,14.1,1.0,7.466185287860228
Georgia,Mortalidad_Media,2635.36650276116,23.0,865.688124609239,70.985,9.19570666949123,56.8436723981687,15.6,1.0,6.1815447622704225
Georgia,Mortalidad_Media,1996.02013272284,20.0,781.34402083108,70.983,11.1987759157064,55.2244758845242,17.3,1.0,4.931295732694436
Georgia,Mortalidad_Media,1642.78359414797,18.0,727.945648077707,70.689,14.7699403660646,51.088986223098,19.2,1.0,3.4589839198322023
Georgia,Mortalidad_Media,1305.04748557208,24.0,708.052613597414,71.011,16.3950612257362,51.6932504096984,21.2,1.0,3.152976966536286
Georgia,Mortalidad_Media,1010.03151630868,23.0,684.636577306364,71.377,19.3015027848811,51.4263028222463,23.3,1.0,2.6643678160919473
Georgia,Mortalidad_Media,853.526171868939,23.0,639.469430603328,70.438,19.2408798283262,52.3538090128755,25.4,1.0,2.7209675170779266
Georgia,Mortalidad_Media,801.98383707929,23.0,640.36762423724,70.371,20.9619418639497,52.9127959244831,27.4,1.0,2.524231593995707
Georgia,Mortalidad_Media,749.908534993961,10.0,703.790688330461,70.091,20.6020089027155,53.2458506395724,29.4,1.0,2.584497991967871
Georgia,Mortalidad_Media,578.336923460866,28.080000000000002,799.90460076894,69.398,27.48756708654698,50.89713298864967,36.1,0.0,2.06348761611194
Germany,Mortalidad_Baja,49686.1154582583,89.4,3236.72845177468,80.6080487804878,1.00395816735587,63.4193507593864,3.1,0.0,63.16931603476496
Germany,Mortalidad_Baja,52265.6541620571,81.5,3466.91774472334,80.790243902439,0.742181337482252,63.3916321679006,3.1,0.0,85.41259253829797
Germany,Mortalidad_Baja,47379.765194548,82.8,3349.19012313459,81.0414634146342,0.728891877945977,63.7295412248306,3.1,1.0,87.43346325167039
Germany,Mortalidad_Baja,47623.8656074829,81.3,3570.88159282488,81.2926829268293,0.83369166704386,62.9095188521251,3.1,1.0,75.45897522904649
Germany,Mortalidad_Baja,48874.8595028454,75.3,3659.22924485198,80.8926829268293,0.743078810770796,62.688822632777,3.2,1.0,84.36362566677127
Germany,Mortalidad_Baja,45526.5999576533,77.7,3763.19404182465,80.9926829268293,0.860523969487648,62.3410214613147,3.2,1.0,72.44542124542127
Germany,Mortalidad_Baja,42961.0356905775,79.0,3765.21799936242,80.990243902439,0.730325301694873,62.3201016235361,3.3,1.0,85.33197669437062
Germany,Mortalidad_Baja,41911.0109851054,78.0,3780.85027551891,80.6414634146341,0.708829582097775,62.5608866851393,3.3,1.0,88.25941843452823
Germany,Mortalidad_Baja,48971.0824722599,80.1,3794.44720253102,81.090243902439,0.915391753233484,62.2706244535487,3.3,1.0,68.02620215179682
Germany,Mortalidad_Baja,47220.0102098851,80.0,3986.18505186393,80.490243902439,0.926871460059708,62.3347911609609,3.3,1.0,67.25289735099338
Germany,Mortalidad_Baja,44735.5882319701,79.0,3913.43920397127,80.5390243902439,0.911054928259736,61.7936137238518,3.4,1.0,67.8264414220202
Germany,Mortalidad_Baja,47646.582043143,80.0,3891.87175356307,80.4365853658537,0.924336107663921,62.0148045170518,3.4,1.0,67.09118469231079
Germany,Mortalidad_Baja,42409.9356994694,79.0,4029.83085754355,79.9878048780488,0.775746733637608,62.683615819209,3.5,1.0,80.80422785059615
Germany,Mortalidad_Baja,42487.2137101496,78.0,3821.62500577239,79.8365853658537,0.670175199509393,64.6255315908244,3.5,1.0,96.43080143540678
Germany,Mortalidad_Baja,46386.3295924799,80.0,4081.87998694017,79.7365853658537,0.836898767415279,62.584682277347,3.6,1.0,74.78166382134452
Germany,Mortalidad_Baja,42350.9217211489,82.0,4023.73935857078,79.5341463414634,0.822076767549622,62.2339530017072,3.7,1.0,75.70333508780328
Germany,Mortalidad_Baja,36980.3349948954,82.0,4235.93876578004,79.1317073170732,0.716599757643703,63.0772242784954,3.8,1.0,88.0229494995974
Germany,Mortalidad_Baja,35084.4363546269,77.0,4109.8805864045,78.9317073170732,0.72605784900095,63.6742328149253,3.9,1.0,87.69856686012078
Germany,Mortalidad_Baja,34566.7359143735,73.0,4131.61083697,78.6804878048781,0.948871367267906,63.442809545407,4.0,1.0,66.86133835830505
Germany,Mortalidad_Baja,30711.1022511331,74.0,4096.47794323132,78.3804878048781,0.829342960804352,63.5131046362699,4.1,1.0,76.58243650451999
Germany,Mortalidad_Baja,25486.5942008748,76.0,4108.61729515583,78.2292682926829,0.901338514680484,63.4128526194588,4.2,1.0,70.3540918163672
Germany,Mortalidad_Baja,23878.3641471651,80.0,4210.00080103251,78.3292682926829,1.08333750848315,62.4078923995573,4.3,1.0,57.60706327517319
Germany,Mortalidad_Baja,23925.8559901991,79.0,4094.27901518469,77.9268292682927,0.996168402468,61.6837429448832,4.4,1.0,61.920999292953056
Germany,Mortalidad_Baja,31747.2449398447,90.0,4119.89234314538,76.4219512195122,1.03224855652577,60.1563741822067,5.3,1.0,58.27702427085438
Ghana,Mortalidad_Alta,2229.89122647803,45.4,359.179379052306,65.246,19.5136382027158,42.7760316675187,29.2,0.0,2.192109499168913
Ghana,Mortalidad_Alta,2445.18662529344,32.3,361.944978890071,64.286,19.6574735227332,45.322010852638,30.2,0.0,2.305586768321201
Ghana,Mortalidad_Alta,2195.45481659987,32.2,367.161102921615,64.309,18.8537826616486,45.1881802776604,31.4,0.0,2.396769979192551
Ghana,Mortalidad_Alta,2186.65822682613,35.5,354.248843433875,64.455,17.323230201462,45.1411499576786,32.6,0.0,2.605815972697107
Ghana,Mortalidad_Alta,2195.32166016377,32.9,350.473174277428,64.138,18.1365503192521,43.6785254609153,33.9,0.0,2.4083149602353093
Ghana,Mortalidad_Alta,2012.28662641265,35.5,321.689981223707,63.829,19.5617099184239,43.4828610342125,35.1,0.0,2.22285583497273
Ghana,Mortalidad_Alta,1912.47991339951,48.0,327.900376302991,63.522,20.8442929192419,43.9159268124684,36.4,1.0,2.106856153989684
Ghana,Mortalidad_Alta,1722.77282833606,46.0,329.310413380585,63.175,19.9826505985758,40.515265169488,37.7,0.0,2.0275220731916117
Ghana,Mortalidad_Alta,1949.90832923846,40.4,321.354700935333,62.832,19.5837731324669,37.4136837490477,39.1,0.0,1.910443074272625
Ghana,Mortalidad_Alta,2294.79584693743,39.0,323.671149524462,62.397,20.3698425406713,40.5885509559734,40.5,0.0,1.9925804961394553
Ghana,Mortalidad_Alta,1543.77524235764,41.0,329.325111415578,61.995,22.1311546901572,47.5829502482676,42.1,1.0,2.150043724082325
Ghana,Mortalidad_Alta,1507.43573198753,39.0,303.487492260089,61.617,23.663704967184,45.844878600683,43.9,0.0,1.9373499908090928
Ghana,Mortalidad_Alta,1263.89251760539,39.0,296.099589771501,61.297,28.0387379636491,48.1811608328439,45.7,0.0,1.7183783697864183
Ghana,Mortalidad_Alta,1047.70430093586,37.0,274.01988137685,60.928,30.9933842095403,47.9362071143916,47.5,0.0,1.546659338338277
Ghana,Mortalidad_Alta,1182.65761256016,33.0,275.17472403187,60.578,29.4080967578414,46.173896812569,49.2,0.0,1.5701083001999152
Ghana,Mortalidad_Alta,1050.12461524926,40.0,264.071017059123,60.282,27.294114484663,47.1685501017468,50.7,0.0,1.7281582858550537
Ghana,Mortalidad_Alta,906.441027564887,36.0,275.072843065691,59.975,28.3330959873622,45.4706783561681,52.1,0.0,1.6048609151802546
Ghana,Mortalidad_Alta,478.611909191028,33.0,261.893368449293,59.638,37.4530129301836,28.9146295321445,53.4,1.0,0.7720241248960249
Ghana,Mortalidad_Alta,406.132105329565,39.0,270.192103863779,59.316,37.9524260930096,28.6782943752065,54.8,0.0,0.7556379743662478
Ghana,Mortalidad_Alta,358.39927142073,34.0,281.217826361178,59.014,36.5454059013539,29.0667601805988,56.3,0.0,0.7953601680894714
Ghana,Mortalidad_Alta,297.46164468774,35.0,303.745365125789,58.709,35.1483770619295,29.2141132168147,58.0,0.0,0.8311653526801833
Ghana,Mortalidad_Alta,263.542156494853,33.0,313.165728366048,58.403,35.2418001245052,29.1589069809591,59.8,0.0,0.8273955041440578
Ghana,Mortalidad_Alta,253.746936203344,33.0,322.127334642966,58.139,35.2715219593039,28.8150262406777,61.8,0.0,0.8169487631955414
Ghana,Mortalidad_Alta,371.537243033836,70.0,371.979573023255,56.662,38.7785905027284,27.7461718074745,67.8,0.0,0.7155023286759823
Greece,Mortalidad_Baja,20971.8349258283,52.3,1960.67533913558,80.7878048780488,3.75329560961209,67.7880871150129,3.3,1.0,18.060950739240845
Greece,Mortalidad_Baja,20654.7001960815,53.6,1923.02095463019,80.0829268292683,3.53173488105093,68.9330353905441,3.3,1.0,19.518179510131255
Greece,Mortalidad_Baja,17886.733165236,51.2,1840.48388256342,81.2878048780488,3.9238294812332,69.6620817543477,3.4,1.0,17.75359558500844
Greece,Mortalidad_Baja,19335.3602002969,37.7,2058.5433840771,81.6390243902439,3.66151933931312,69.7220023100075,3.5,1.0,19.04182276505112
Greece,Mortalidad_Baja,19873.4015238771,37.9,2089.36044213673,81.7878048780488,3.52573090341626,69.5166420124732,3.6,1.0,19.716944916333517
Greece,Mortalidad_Baja,18631.9930129293,41.3,2148.0515638287,81.2878048780488,3.7522702094539,69.9648813609874,3.6,1.0,18.64601360123529
Greece,Mortalidad_Baja,17919.2426377048,43.0,2109.41656684289,81.3878048780488,3.45812941533327,69.37737300047,3.6,1.0,20.06211007975938
Greece,Mortalidad_Baja,17980.7298238137,40.0,2148.04707916151,81.0365853658537,3.82153798821664,70.0008977954844,3.6,1.0,18.317467472867133
Greece,Mortalidad_Baja,21474.7257123892,33.2,2128.79231677777,81.3853658536585,3.53346105430384,70.5563330759252,3.6,1.0,19.96805171801339
Greece,Mortalidad_Baja,21573.3449762805,34.0,2133.12835852595,81.2853658536585,3.35146223879432,70.1765702201216,3.5,1.0,20.939090229871557
Greece,Mortalidad_Baja,21624.346052551,35.0,2408.75576544664,80.6341463414634,3.41908207828197,69.875196964307,3.4,1.0,20.43682934906847
Greece,Mortalidad_Baja,25504.7866510124,38.0,2413.16129816794,80.7317073170732,3.0618456010827,70.2096408517314,3.4,1.0,22.930496830703856
Greece,Mortalidad_Baja,26653.0488008626,47.0,2487.52918925294,80.3878048780488,2.9142102078812,70.215254321143,3.3,1.0,24.094093875332884
Greece,Mortalidad_Baja,29425.4573200263,46.0,2654.84323438585,80.1878048780488,2.92582395634654,70.2504663997253,3.3,1.0,24.010489847600628
Greece,Mortalidad_Baja,31695.8331092209,44.0,2749.77926334315,79.9390243902439,2.89505867715816,68.6334875100196,3.4,1.0,23.70711448839836
Greece,Mortalidad_Baja,28440.7625328955,43.0,2737.50471822283,79.4390243902439,3.15474298162147,66.1367485154259,3.5,1.0,20.964227165483074
Greece,Mortalidad_Baja,24416.0232970275,43.0,2748.70086926019,79.4390243902439,3.28557674416163,64.6336836812606,3.7,1.0,19.671944597280433
Greece,Mortalidad_Baja,22054.1315756886,43.0,2758.67496021751,79.2390243902439,4.47718109899217,66.6372280101253,3.9,1.0,14.883746387905905
Greece,Mortalidad_Baja,21449.2552764245,42.0,2717.47100440097,79.0390243902439,4.54970535485524,64.9452947827799,4.1,1.0,14.274615544822748
Greece,Mortalidad_Baja,18020.612039764,42.0,2672.75982215817,78.8414634146341,5.3240542693888,63.605586156774,4.4,1.0,11.946832796667923
Greece,Mortalidad_Baja,13782.195640943,49.0,2603.6056227148,78.6414634146341,5.22103153499556,64.6386296159492,4.8,0.0,12.380432713859134
Greece,Mortalidad_Baja,12156.9572824221,49.0,2583.56128087388,78.3878048780488,5.36221949397772,64.1429689801168,5.1,0.0,11.962018535823727
Greece,Mortalidad_Baja,11638.2010697215,49.0,2512.02003858494,77.8878048780488,5.50251363510967,64.7193310345429,5.5,1.0,11.761775676772674
Greece,Mortalidad_Baja,12779.081491606,50.0,2147.14873218934,77.5853658536585,6.86998388566801,64.4795532795085,7.4,1.0,9.385692070402689
Guatemala,Mortalidad_Media,5358.70127494396,26.5,887.8389253262,71.206,9.08210190482307,61.7429064304217,18.4,0.0,6.7983058412538835
Guatemala,Mortalidad_Media,4912.62225721201,30.1,924.210448799794,67.858,9.17348969814635,61.9595468588891,19.0,0.0,6.754195938259898
Guatemala,Mortalidad_Media,4477.61761796418,29.6,823.751784803862,69.971,9.92631976149255,62.0283265736154,19.7,0.0,6.248874513819676
Guatemala,Mortalidad_Media,4511.99755157656,26.4,851.576981433866,71.639,9.40872555064273,62.5226050147148,20.4,0.0,6.64517257711314
Guatemala,Mortalidad_Media,4352.94651790253,27.3,833.831068721414,71.496,9.435507565446,63.0590416252896,21.0,0.0,6.683163697119976
Guatemala,Mortalidad_Media,4324.99608157801,27.5,817.676720672477,71.583,9.69628672140809,62.4741239470139,21.7,0.0,6.4430978313666705
Guatemala,Mortalidad_Media,4060.13754974186,32.0,833.55203066865,71.215,9.66139548814703,61.8868434709987,22.5,0.0,6.405580182171804
Guatemala,Mortalidad_Media,3893.50522093509,29.0,787.263517462421,70.915,9.96700317233299,61.4490101548415,23.3,0.0,6.165244366071376
Guatemala,Mortalidad_Media,3689.14471813777,28.7,756.287525577607,70.942,10.0744835169507,60.8986001593393,24.1,1.0,6.044835951825729
Guatemala,Mortalidad_Media,3444.15971264862,27.0,738.982674301733,70.878,10.3562212158625,60.8392366814115,25.1,0.0,5.874655959282211
Guatemala,Mortalidad_Media,3286.61959336267,32.0,734.084473337375,70.722,10.7227497533367,59.5278728385924,26.1,0.0,5.551549202206136
Guatemala,Mortalidad_Media,3168.98370607705,34.0,714.303324282615,70.321,11.2587427520036,58.9769300915749,27.1,0.0,5.238322909640989
Guatemala,Mortalidad_Media,2805.25960237322,31.0,714.074532356674,69.885,11.2341516901897,59.4695981042423,28.2,0.0,5.293643858857143
Guatemala,Mortalidad_Media,2611.64632773352,28.0,721.327289373788,69.676,11.8486078978063,58.9373078751709,29.3,0.0,4.974196832531086
Guatemala,Mortalidad_Media,2763.05988172926,26.0,686.736367338845,69.493,11.3336648903463,58.0395052646456,30.4,0.0,5.120983002954501
Guatemala,Mortalidad_Media,2458.81573919384,25.0,720.41253856336,69.299,11.6376079270391,57.0135938814004,31.6,0.0,4.899081859334137
Guatemala,Mortalidad_Media,2225.1234753878,22.0,686.763346928881,68.79,11.4490682853821,56.724919453147,32.8,1.0,4.954544600417139
Guatemala,Mortalidad_Media,2046.46611650758,24.0,696.528906315535,68.167,12.5899676936002,56.2418516877688,34.0,0.0,4.467195870276774
Guatemala,Mortalidad_Media,1840.91184884,25.0,695.803562778047,68.245,13.0735432996184,54.9661282032813,35.3,0.0,4.204378793382333
Guatemala,Mortalidad_Media,1722.54701910774,29.0,690.150548663056,68.204,13.4691278963937,54.8449745298778,36.6,0.0,4.071902423954435
Guatemala,Mortalidad_Media,1669.33517469705,32.0,691.770542221836,67.835,14.1702868527657,54.3401900735124,37.9,0.0,3.834798168740423
Guatemala,Mortalidad_Media,1537.68663578252,32.0,617.59711543474,67.436,14.1721468397886,54.7943166972065,39.3,0.0,3.8663384818572655
Guatemala,Mortalidad_Media,1648.96578971559,31.0,615.959274265347,67.102,22.8211479342179,57.3877357878637,40.8,1.0,2.514673492905975
Guatemala,Mortalidad_Alta,1421.06177809796,50.0,516.44742102637,63.662,24.1507235373736,56.1876839205111,49.3,0.0,2.3265424670842605
Guinea,Mortalidad_Alta,1416.59612011764,25.6,384.1290878633798,60.432,28.3819737139685,37.5197238443532,63.1,0.0,1.3219561198412166
Guinea,Mortalidad_Alta,1244.96550477914,22.0,396.318821489177,59.373,27.0715374807562,36.1679565508537,64.6,0.0,1.3360141283650289
Guinea,Mortalidad_Alta,1053.66097696415,16.1,414.2120374527708,59.35,26.3032774879888,36.7567524729286,66.0,0.0,1.3974210054132343
Guinea,Mortalidad_Alta,1031.34146480732,25.5,370.4362831053322,59.379,26.4272768142306,35.2028277402344,67.4,0.0,1.33206413917299
Guinea,Mortalidad_Alta,933.273615633705,26.9,289.22112430037475,59.043,22.9400092652548,35.073938251438,68.5,1.0,1.5289417648388393
Guinea,Mortalidad_Alta,833.598621691121,27.5,293.8172403840802,58.715,20.5284733113745,37.9415078481777,69.4,0.0,1.848238165239249
Guinea,Mortalidad_Alta,711.996509782316,25.0,413.22824065119283,58.49,17.5899474364211,41.9293096001372,70.2,0.0,2.383708635383407
Guinea,Mortalidad_Alta,747.356966759448,24.0,317.1021873649056,57.899,18.478241904135,45.5062249188801,71.6,0.0,2.462692346759291
Guinea,Mortalidad_Alta,765.146999389279,19.2,324.6634475916404,57.581,17.5238169176245,43.3533895682141,72.2,0.0,2.473969556518912
Guinea,Mortalidad_Alta,748.455020824734,21.0,317.1021873649056,57.459,17.5452728357444,43.5254453103127,72.3,0.0,2.4807505541686283
Guinea,Mortalidad_Alta,699.353377212197,20.0,409.511128655462,57.117,16.8316746641336,42.2230260009564,72.9,1.0,2.5085457533782365
Guinea,Mortalidad_Alta,636.694958747648,18.0,441.11060191636045,56.778,16.0697496615218,43.876515571947,73.6,0.0,2.7303795327320555
Guinea,Mortalidad_Alta,659.235326211315,16.0,652.9161298802044,56.431,17.4849504866218,43.4042055577507,74.4,0.0,2.482375091136827
Guinea,Mortalidad_Alta,662.185914665575,19.0,652.9161298802044,56.052,16.3606168762438,44.2802622043022,75.3,0.0,2.7065154412727996
Guinea,Mortalidad_Alta,703.532825784369,19.0,417.92043078851293,55.703,15.980005361399,43.7134631537269,76.4,0.0,2.73550991787026
Guinea,Mortalidad_Alta,650.148575304743,30.0,643.1239150359216,55.233,16.81970768631,45.5641193441512,77.7,1.0,2.708972129238431
Guinea,Mortalidad_Alta,446.980554135013,25.0,355.355286864482,54.875,15.5845641334162,44.9064387061431,79.3,0.0,2.8814690177863462
Guinea,Mortalidad_Alta,463.17768685098,25.0,225.5697754605212,54.422,15.2811594891059,25.9855472680562,81.4,0.0,1.7004957828351686
Guinea,Mortalidad_Alta,584.897740538081,25.0,217.384966711071,53.975,15.9897180256217,26.9160103925124,83.8,0.0,1.68333239831888
Guinea,Mortalidad_Alta,566.48540588068,25.0,231.6137373139364,53.589,14.2516528815736,27.8168506391328,86.6,0.0,1.9518332975326715
Guinea,Mortalidad_Alta,495.916073559269,25.0,231.58884742513243,53.2,14.8357430403433,27.0328819344223,89.7,1.0,1.8221454672617974
Guinea,Mortalidad_Alta,483.085120214741,30.0,193.68192950918362,52.669,14.9105463439258,27.4606418222,93.2,0.0,1.841692530159152
Guinea,Mortalidad_Alta,518.157066924026,30.0,253.20622806031255,52.42,14.3900980537913,28.3990447435042,97.0,0.0,1.9735129418400328
Guinea,Mortalidad_Alta,713.031460558683,10.0,351.5911070506616,49.836,12.7008257861854,34.0404592865913,115.8,0.0,2.6801768530371364
Guinea-Bissau,Mortalidad_Alta,873.437861875428,15.9,385.90990731379645,63.605,38.6645531257742,44.1614191119343,44.3,0.0,1.1421680982133435
Guinea-Bissau,Mortalidad_Alta,912.484104692847,20.2,388.1200392931496,61.653,38.8421518938305,43.9333201326573,45.7,1.0,1.1310732796870469
Guinea-Bissau,Mortalidad_Alta,836.26731423732,14.8,434.31628266016617,61.343,35.7469689596103,47.8928123774253,47.0,0.0,1.3397726792315823
Guinea-Bissau,Mortalidad_Alta,807.425524872835,25.3,427.0866098246632,62.161,31.082569280978,47.7718762296943,48.3,0.0,1.5369346014433198
Guinea-Bissau,Mortalidad_Alta,808.531613218504,27.3,427.0866098246632,61.652,32.5475708900674,44.9473957355909,50.0,1.0,1.3809754309286282
Guinea-Bissau,Mortalidad_Alta,783.123186602022,28.7,393.691474072245,61.148,36.3584920912937,45.08331644315,51.7,0.0,1.239966617150922
Guinea-Bissau,Mortalidad_Alta,679.665386626818,19.0,391.7128819408584,60.619,36.3487649050334,45.4263673055603,53.4,0.0,1.2497361994071463
Guinea-Bissau,Mortalidad_Alta,645.066837207039,19.0,669.1090136459695,60.071,35.1577785508063,45.109885029128,55.3,0.0,1.2830698322972816
Guinea-Bissau,Mortalidad_Alta,652.022501029449,20.2,667.4719749018686,59.476,34.8258068713683,43.7615995372166,57.2,0.0,1.2565853735666
Guinea-Bissau,Mortalidad_Alta,654.304534409417,22.0,667.4719749018686,58.879,38.6615813465664,41.926787833799,59.4,0.0,1.084456102764213
Guinea-Bissau,Mortalidad_Alta,635.461653303881,21.0,285.3785497525066,58.27,38.08528951059,41.7821081516497,61.8,0.0,1.09706683836634
Guinea-Bissau,Mortalidad_Alta,719.539573498937,19.0,314.7429996959978,57.663,37.5633896672074,42.2690538725093,64.6,0.0,1.1252726190844782
Guinea-Bissau,Mortalidad_Alta,600.194298540768,19.0,238.94319447649542,56.999,37.9530889182683,40.7970506467317,67.8,1.0,1.074933603812534
Guinea-Bissau,Mortalidad_Alta,583.190020139094,22.0,255.12831286908082,56.297,39.1543740432148,40.0697490889581,71.1,0.0,1.0233786152406112
Guinea-Bissau,Mortalidad_Alta,640.210331101753,10.0,286.5883364310106,55.3,38.2595218073501,41.5344447847426,74.5,0.0,1.085597593035346
Guinea-Bissau,Mortalidad_Alta,519.069789794741,10.0,65.4727199297581,54.87,38.169319139059,40.3321026483106,78.0,0.0,1.0566628789309058
Guinea-Bissau,Mortalidad_Alta,448.513075469701,10.0,63.5906233506182,54.089,39.4804221992245,39.4736739112045,81.5,0.0,0.9998290725467437
Guinea-Bissau,Mortalidad_Alta,463.073962650452,10.0,62.9711526978072,52.949,40.3978248032999,39.0351052317049,85.0,0.0,0.9662675013263663
Guinea-Bissau,Mortalidad_Alta,431.376557669634,10.0,63.7243315058282,52.8,36.9704988860037,43.019059195807,88.3,0.0,1.1636050497574748
Guinea-Bissau,Mortalidad_Alta,419.78486611807,10.0,329.96620328050506,52.186,36.8098623857343,39.4007174330464,91.5,0.0,1.0703848066630153
Guinea-Bissau,Mortalidad_Alta,362.034574570354,10.0,284.85030390730856,51.608,35.2759589835735,41.8114448834773,94.5,1.0,1.1852674197446225
Guinea-Bissau,Mortalidad_Alta,327.138431972397,10.0,295.51001670792255,51.054,36.7663875434622,44.4464362435261,97.5,0.0,1.208887769868203
Guinea-Bissau,Mortalidad_Alta,316.945495037639,10.0,237.05293944711838,50.565,36.9574160737758,43.1329398458196,100.3,0.0,1.1670983642286024
Guinea-Bissau,Mortalidad_Alta,589.487023081945,23.2,277.81154989089816,48.531,51.797586601693,30.8083837358076,112.9,0.0,0.5947841541868406
Guyana,Mortalidad_Media,17913.4928066879,41.5,4266.786016437992,69.888,10.0298359219808,19.2698150146768,24.6,0.0,1.9212492771139162
Guyana,Mortalidad_Alta,9860.87014834386,38.5,4073.7071795909783,64.323,13.4551932931892,30.8440652167689,25.3,0.0,2.2923539294215614
Guyana,Mortalidad_Media,6775.70939096303,34.1,2413.016317905952,67.751,16.8510033249851,38.9200329255047,26.2,0.0,2.3096567115263515
Guyana,Mortalidad_Media,6405.82443444562,33.2,1310.3480424991303,69.067,17.5953367342493,44.7132690416221,27.0,0.0,2.541199962066527
Guyana,Mortalidad_Media,6048.38697180418,34.8,1354.0383754988175,68.829,19.5356933126322,45.9542350111416,27.8,0.0,2.3523216850167583
Guyana,Mortalidad_Media,6178.6650437298,33.9,1650.6923652524492,68.543,22.7580270434004,44.3229868903353,28.6,0.0,1.9475759830063355
Guyana,Mortalidad_Media,5870.87823759835,30.0,1473.6374307816307,68.069,20.3872409058451,44.3019541373503,29.5,0.0,2.1730235269181892
Guyana,Mortalidad_Media,5640.41560569466,27.0,1233.6727459363156,67.719,25.4431214761023,44.1049709941423,30.3,0.0,1.733473270391305
Guyana,Mortalidad_Media,5472.68820452237,24.4,1143.3161513678192,67.334,24.5940865009998,44.7833250406031,31.2,0.0,1.8208980861632151
Guyana,Mortalidad_Alta,5556.91231156932,25.0,1388.679578402303,66.71,25.6475733667273,42.9589903299137,32.0,0.0,1.6749728996055655
Guyana,Mortalidad_Alta,5444.39751913913,27.0,1001.0445183326965,66.443,25.4400079005114,43.0016644065102,32.7,0.0,1.6903164721755364
Guyana,Mortalidad_Alta,4947.22170589917,26.0,1545.0171926377357,66.469,25.6836014005978,42.7997615212712,33.3,0.0,1.6664236784283302
Guyana,Mortalidad_Alta,4581.76179693492,26.0,1320.9604558188357,66.204,28.5284323037662,41.5645777782864,33.9,0.0,1.4569527457980656
Guyana,Mortalidad_Alta,4209.13230624565,26.0,705.3436382065632,66.03,29.4241191257626,40.9796836302752,34.6,0.0,1.3927242292325752
Guyana,Mortalidad_Alta,4008.9628671603,25.0,1498.6501254996463,65.721,31.7275647737363,39.5224900126455,35.2,0.0,1.245683061227622
Guyana,Mortalidad_Alta,3608.28685240188,25.0,660.623284856797,65.462,30.3847427538396,40.585736957635,35.9,0.0,1.3357275158272104
Guyana,Mortalidad_Alta,3135.60553528326,30.0,658.791039387799,64.848,34.0002671058965,40.2662192140463,36.5,0.0,1.1842912612608014
Guyana,Mortalidad_Alta,1084.06541388904,30.0,650.533437418683,64.392,28.8858697300346,37.9228861002105,37.2,0.0,1.3128524934383228
Guyana,Mortalidad_Alta,1033.31030902188,30.0,628.2642854707,64.214,31.4937319776355,34.8625579676053,37.9,0.0,1.1069681418627075
Guyana,Mortalidad_Alta,973.742598054188,30.0,466.2689126754876,64.117,32.1128109729009,35.3974622390049,38.7,0.0,1.102284763201696
Guyana,Mortalidad_Alta,950.866932470993,30.0,377.23067239190016,64.183,30.8816641067377,34.5281129320535,39.5,0.0,1.1180781195181846
Guyana,Mortalidad_Alta,931.574723847673,30.0,424.90568489893593,64.38,29.7373837926656,34.2996226494298,40.4,0.0,1.1534176270707925
Guyana,Mortalidad_Alta,931.796651718955,30.0,424.90568489893593,64.075,29.9832313022935,33.1518617830032,41.3,0.0,1.1056800866045189
Guyana,Mortalidad_Alta,819.668541584905,10.0,428.2909634280384,62.668,40.8582643553404,21.8792119862111,46.5,0.0,0.5354904896578497
Haiti,Mortalidad_Alta,1760.62635668777,14.3,377.526060418635,63.948,20.2753493141772,48.167465368414,41.5,0.0,2.375666363229249
Haiti,Mortalidad_Alta,1835.44394078496,22.0,406.126296523889,62.613,20.6814288747556,51.9073771229787,42.5,0.0,2.5098544900994955
Haiti,Mortalidad_Alta,1290.32538667383,22.3,398.394138508433,63.773,20.362493732044,53.9204199080319,43.8,0.0,2.6480263477345383
Haiti,Mortalidad_Alta,1352.17204191532,20.3,409.8045053234,64.328,19.1874037315046,54.3640695246585,45.0,0.0,2.833320770511326
Haiti,Mortalidad_Alta,1496.38048970156,24.6,419.506914918994,64.077,18.7060141160075,53.4912479714213,46.3,0.0,2.8595748746734166
Haiti,Mortalidad_Alta,1395.23945184461,19.1,410.595545177212,63.832,18.8264709950195,53.5223517763075,47.5,0.0,2.8429306687624423
Haiti,Mortalidad_Alta,1318.40268167953,19.0,408.56544100745,63.325,17.9835139851461,53.1971109122167,48.7,0.0,2.958104348024312
Haiti,Mortalidad_Alta,1411.12684746796,19.0,400.138818358845,63.224,17.2198989989619,52.4407421977879,50.0,0.0,3.045357130198574
Haiti,Mortalidad_Alta,1460.18898613914,16.9,400.493565620537,62.969,17.8297636475726,51.8125576630482,51.2,0.0,2.9059587489317122
Haiti,Mortalidad_Alta,1457.83221179626,18.0,415.229471165857,62.624,19.3274999569264,51.0790194647682,52.4,0.0,2.642815655341032
Haiti,Mortalidad_Alta,1361.39396587374,22.0,408.922012927348,62.273,19.4699035948555,51.0111681886198,53.4,1.0,2.6200010667797247
Haiti,Mortalidad_Alta,1312.03953552013,18.0,402.476697495403,61.581,20.0431188990154,51.2340187151589,54.6,0.0,2.556189930983033
Haiti,Mortalidad_Alta,1209.72733503094,14.0,388.995522336097,45.577,20.2326950876929,52.5004487393192,78.6,0.0,2.59483220163062
Haiti,Mortalidad_Alta,1196.8528706018,16.0,377.427344980307,61.694,18.7934646435559,51.6516283735763,56.8,0.0,2.748382448538415
Haiti,Mortalidad_Alta,1094.66058421644,18.0,368.507033755957,61.28,18.4326161641106,51.1602844261798,57.9,0.0,2.7755302866769354
Haiti,Mortalidad_Alta,984.566983448521,18.0,369.82614447503,61.09,19.0751062719029,52.1017042943899,59.1,0.0,2.73139785182399
Haiti,Mortalidad_Alta,828.805700289589,15.0,367.726653817866,60.74,17.716303487923,52.6501128741064,60.4,0.0,2.971845278559231
Haiti,Mortalidad_Alta,775.845704056916,15.0,363.221446517241,60.318,18.053012942039,54.296439294312,61.7,0.0,3.007610943870485
Haiti,Mortalidad_Alta,683.185298155273,22.0,357.794531363988,58.517,15.8505214181337,55.4310971170289,63.1,0.0,3.497115057275861
Haiti,Mortalidad_Alta,578.995291079709,10.0,356.879162298398,59.44,16.720141598204,55.0962673972599,64.7,0.0,3.295203397271354
Haiti,Mortalidad_Alta,720.969568042522,10.0,361.247287034171,59.041,15.8465044649721,58.228541956372,66.5,0.0,3.6745354210503183
Haiti,Mortalidad_Alta,748.821159844528,10.0,354.939290686259,58.591,16.4505786071297,57.3887809301393,68.5,1.0,3.488556986394809
Haiti,Mortalidad_Alta,820.600046761464,10.0,367.668711281342,58.175,17.185516717203,57.1720477816392,70.7,0.0,3.326757566992966
Haiti,Mortalidad_Alta,372.006104665125,10.0,337.982653296812,55.582,23.5553973604835,42.8408634370401,83.8,0.0,1.8187281148952243
Honduras,Mortalidad_Media,3003.28996826399,25.4,573.344445082903,72.715,12.4732730244455,57.1227381730412,13.7,0.0,4.579610985912865
Honduras,Mortalidad_Media,2735.14751503977,29.1,569.966470568883,69.492,10.8930519266193,58.0294458309237,14.1,0.0,5.327198127929365
Honduras,Mortalidad_Media,2307.61494319511,28.6,544.573855679284,70.864,12.1880671407553,58.9644517176275,14.6,0.0,4.837883729771893
Honduras,Mortalidad_Media,2502.32744328073,25.3,583.591911432311,72.124,10.6380334094751,58.0719777904225,15.1,1.0,5.458901617915475
Honduras,Mortalidad_Media,2464.64241531918,28.2,565.077916293092,72.001,11.6101604613644,57.338998468411,15.6,1.0,4.938691300539756
Honduras,Mortalidad_Media,2413.0076562942,32.2,537.592382183152,71.805,12.6697681094878,56.8495021190534,16.1,1.0,4.487019938153521
Honduras,Mortalidad_Media,2307.34468351082,29.0,616.39140542774,71.615,12.0499014058464,58.3803820722578,16.6,1.0,4.8448846265192405
Honduras,Mortalidad_Media,2271.20265980349,26.0,659.394073401803,71.323,12.2159784468116,58.8330670461585,17.2,1.0,4.816074889319575
Honduras,Mortalidad_Media,2179.88171977271,23.7,604.093043217727,71.032,12.5383501333105,60.1539431811467,17.8,1.0,4.7975963776395405
Honduras,Mortalidad_Media,2081.12843527945,26.0,613.620494738777,70.765,12.1911279403961,60.9736192281605,18.3,1.0,5.001474804158229
Honduras,Mortalidad_Media,2126.03474686503,24.0,611.212692944522,70.46,13.5662940347061,58.6183421267834,19.0,1.0,4.320880999396185
Honduras,Mortalidad_Media,2073.66121088074,25.0,607.415805872968,70.116,14.2196558016976,58.2063339221402,19.6,1.0,4.093371508696525
Honduras,Mortalidad_Media,1893.32722662035,26.0,561.818507536758,69.77,11.5912204379757,60.6354456940853,20.2,1.0,5.231152838352432
Honduras,Mortalidad_Media,1781.15703614674,25.0,565.847197127184,69.823,10.8250414864446,61.0644184532867,20.9,1.0,5.6410332034064865
Honduras,Mortalidad_Media,1732.49062702803,25.0,585.573728824361,69.657,12.1501702062634,59.6398707552753,21.6,1.0,4.908562575076603
Honduras,Mortalidad_Media,1577.73789197407,26.0,589.594179013274,69.539,11.9110474415928,58.3423528646146,22.4,1.0,4.898171479099809
Honduras,Mortalidad_Media,1425.84780051892,23.0,563.815954585841,69.364,11.8565791514775,56.95227061196,23.3,1.0,4.803431907664778
Honduras,Mortalidad_Media,1304.70039153826,23.0,529.297368453255,69.198,12.4709247586633,56.396934051856,24.1,1.0,4.5222736198996145
Honduras,Mortalidad_Media,1215.13995412761,27.0,546.865600910087,69.05,12.1707041468662,56.0255715678838,25.1,1.0,4.603313899657126
Honduras,Mortalidad_Media,1156.08162681357,27.0,517.349761686349,68.874,11.6140985227332,55.6632996727299,26.2,1.0,4.792735274612635
Honduras,Mortalidad_Media,1132.49965345317,18.0,488.702609745866,68.714,12.1834127398259,54.8404928208995,27.3,1.0,4.501242303121971
Honduras,Mortalidad_Media,1132.1648753329,18.0,478.946954835196,68.491,13.1659906583333,53.0189831247039,28.4,1.0,4.026964966069301
Honduras,Mortalidad_Media,1092.56400746252,17.0,456.244812117242,68.302,14.3725235386886,50.7396802001234,29.6,0.0,3.530325072249147
Honduras,Mortalidad_Media,931.669547257738,30.0,492.057826073647,66.919,20.5407729670811,46.1103465283107,36.1,1.0,2.2448204165543193
Hungary,Mortalidad_Baja,18483.6366867035,44.4,2672.63888222385,75.8682926829268,3.13366248908494,57.6092276163693,3.2,1.0,18.38399247431135
Hungary,Mortalidad_Media,19030.628130329,48.7,2850.7057950255,74.0658536585366,3.45783096923629,57.3675893935087,3.3,1.0,16.59062860616901
Hungary,Mortalidad_Baja,16386.9308821258,47.5,2713.17923384455,75.419512195122,3.36254685371176,56.7924026680508,3.4,1.0,16.889698534716413
Hungary,Mortalidad_Baja,17012.8598553199,35.3,2749.24131881139,76.3195121951219,3.32505112170721,56.5905221339387,3.5,1.0,17.01944423184776
Hungary,Mortalidad_Baja,16605.0570511887,36.4,2738.8272901507,76.0658536585366,3.47162730279737,56.0731413227318,3.6,1.0,16.15183210408247
Hungary,Mortalidad_Baja,14736.1668157258,41.5,2737.45332524366,75.8170731707317,3.74894666908719,55.9261229091602,3.7,1.0,14.917823016878854
Hungary,Mortalidad_Baja,13215.8605277789,54.0,2613.09354239281,76.0634146341464,3.8677257212942,55.5583018252813,4.0,1.0,14.364591966643033
Hungary,Mortalidad_Baja,12782.9412577973,54.0,2571.15090547951,75.5682926829269,3.76135548183773,54.1102603119559,4.2,1.0,14.385840576152777
Hungary,Mortalidad_Baja,14352.501883174,48.6,2423.51498608604,75.7634146341463,3.94529830379291,54.8738788494878,4.5,1.0,13.908676765134196
Hungary,Mortalidad_Baja,13739.4620151401,46.0,2420.16949827793,75.5658536585366,3.92253734459854,55.4667804576846,4.7,1.0,14.140535980891077
Hungary,Mortalidad_Media,12950.1594488143,47.0,2490.18578889625,75.0634146341463,3.88850753892061,55.199441422864,4.8,1.0,14.195534114403829
Hungary,Mortalidad_Media,14211.460557822,51.0,2600.71787062735,74.8585365853659,3.97302154410133,55.9639510898261,5.0,1.0,14.085992353329852
Hungary,Mortalidad_Media,13189.8433874768,51.0,2651.34338122621,74.2073170731707,3.00710894106453,56.6270118030494,5.1,1.0,18.831047665005173
Hungary,Mortalidad_Media,13051.1831777184,53.0,2548.81278026798,73.9048780487805,2.99527728031797,56.8583070750119,5.3,1.0,18.982652273507043
Hungary,Mortalidad_Media,15762.6322515113,52.0,2676.90840527171,73.7024390243903,3.47814940071837,56.412478905794,5.5,1.0,16.21910746391247
Hungary,Mortalidad_Media,13934.605460375,50.0,2709.84388699596,73.1512195121951,3.48786630899698,55.8105907838157,5.8,1.0,16.00135608404824
Hungary,Mortalidad_Media,11478.4891640501,48.0,2760.46242793694,73.0975609756098,3.53874601085628,56.0697458908412,6.1,1.0,15.844523941200812
Hungary,Mortalidad_Media,11212.2046968994,48.0,2781.00595449852,72.6487804878049,3.72514185336456,55.2362663318157,6.4,1.0,14.82796320411963
Hungary,Mortalidad_Media,10291.2694721409,49.0,2579.6047628527,72.6487804878049,4.35683545455054,54.3555693723428,6.8,1.0,12.475928902839465
Hungary,Mortalidad_Media,8410.09248198479,53.0,2580.49625909654,72.3,3.90627498031927,55.6102732391313,7.2,1.0,14.23613890965406
Hungary,Mortalidad_Media,6658.04494326809,52.0,2520.39755573852,72.3487804878049,4.3698045801714,55.6510899082809,7.6,1.0,12.735372689388791
Hungary,Mortalidad_Media,5280.94887987063,52.0,2512.91908128888,72.2487804878049,5.02945329369332,54.2933139696518,8.1,1.0,10.79507270456868
Hungary,Mortalidad_Media,4629.91760812548,50.0,2448.35399628198,71.2463414634146,5.06575156419002,53.1799868533602,8.7,1.0,10.497946095361533
Hungary,Mortalidad_Media,4509.41740910077,50.0,2503.25869655795,69.7917073170732,7.2801790564357,51.7369232513785,10.9,0.0,7.106545436632208
Iceland,Mortalidad_Baja,75121.0152280628,85.3,15856.4293794614,82.119512195122,4.16238514602144,63.7792603415143,2.0,0.0,15.322767620982132
Iceland,Mortalidad_Baja,69178.4046960961,90.6,15777.0243039923,83.1658536585366,4.20359962198814,64.3449547863149,2.0,0.0,15.307108329190074
Iceland,Mortalidad_Baja,59023.5663465778,90.3,16083.6099695089,83.0634146341463,4.64718637570743,64.6282268310538,2.0,0.0,13.906958233672217
Iceland,Mortalidad_Baja,68452.23622306,83.8,16700.5920009676,83.1634146341463,4.36147902562661,65.673543278014,2.0,0.0,15.05763134297745
Iceland,Mortalidad_Baja,74452.1890731447,77.3,17346.7502731224,82.8609756097561,3.9051051347764,65.3312870754906,2.0,1.0,16.729712727499038
Iceland,Mortalidad_Baja,72010.1490316258,71.5,16234.9829641811,82.6609756097561,3.77800002570441,65.4007044820585,2.0,1.0,17.310932778478342
Iceland,Mortalidad_Baja,61987.9263620283,79.0,15701.4730096728,82.2048780487805,4.57465693546236,65.3519300846117,2.0,1.0,14.285646116544601
Iceland,Mortalidad_Baja,52951.6815110898,78.0,16910.7212326475,82.4682926829268,5.29091434268492,64.3828169198234,2.0,1.0,12.16856156608118
Iceland,Mortalidad_Baja,54576.7448146565,84.2,17947.0382271585,82.8609756097561,5.26716983872897,63.6339672657236,2.0,1.0,12.081244617902662
Iceland,Mortalidad_Baja,49804.9829978371,83.0,18212.7336453087,82.0609756097561,5.84331755459358,62.7943414693347,2.0,1.0,10.746351003972132
Iceland,Mortalidad_Baja,45995.5478789467,85.0,17633.6482755645,82.9170731707317,6.58876484813849,61.8773142542265,2.0,1.0,9.391337478330033
Iceland,Mortalidad_Baja,47714.5922308485,87.0,18161.5241113303,82.3585365853659,6.45289952031794,61.0904417257055,2.0,1.0,9.467130478841785
Iceland,Mortalidad_Baja,43237.0729488958,89.0,17024.5130942471,81.8975609756097,6.29605303617456,61.7976698350758,2.1,1.0,9.815303251102163
Iceland,Mortalidad_Baja,41301.273219718,92.0,17936.5957485126,81.7512195121951,5.65061356255507,65.0462793126833,2.1,1.0,11.511365729152951
Iceland,Mortalidad_Baja,56943.3704468563,96.0,17341.072624835,81.609756097561,4.88550377633529,61.2455320794862,2.2,1.0,12.536175363562537
Iceland,Mortalidad_Baja,69495.7267376825,97.0,15188.3777309195,81.4536585365854,4.18267744935571,62.2964819774206,2.3,1.0,14.893924461475413
Iceland,Mortalidad_Baja,57492.9342498703,95.0,13184.4771597611,81.1585365853659,4.75370325082859,58.6180478327682,2.3,1.0,12.331027988032453
Iceland,Mortalidad_Baja,56794.8501588953,96.0,10877.230192953,81.5024390243902,4.70376922241068,60.06396500103,2.4,1.0,12.769326504127946
Iceland,Mortalidad_Baja,47334.9306537723,94.0,10892.7840096937,80.9975609756098,5.28393153223334,59.8247177313122,2.6,1.0,11.322008501882745
Iceland,Mortalidad_Baja,39476.6978486684,92.0,11092.6178434139,80.9634146341464,6.42351477093518,60.0174525483769,2.7,1.0,9.343397608415422
Iceland,Mortalidad_Baja,32409.2161491753,91.0,11168.371424924,80.5024390243903,7.49401211697476,58.8095693903233,2.8,0.0,7.847541273267115
Iceland,Mortalidad_Baja,28897.4439396908,92.0,10925.4513900466,80.690243902439,7.46834144455027,56.6456333487036,3.0,0.0,7.5847674840895944
Iceland,Mortalidad_Baja,32096.3722613695,93.0,11404.9435876155,79.6536585365854,6.97899884804176,56.7053031914515,3.2,0.0,8.125134338912014
Iceland,Mortalidad_Baja,26633.5913761549,45.8,8405.2559633539,77.9843902439024,8.78749780108043,51.2639390148714,4.2,0.0,5.833735629335629
India,Mortalidad_Media,2347.44829434623,42.4,712.242532438078,71.698,16.5461295925754,49.7252249980944,25.6,1.0,3.0052481288679838
India,Mortalidad_Media,2239.61384367482,48.1,675.282775662932,67.282,17.3725615260314,47.8472234596709,26.8,0.0,2.7541835663080336
India,Mortalidad_Media,1907.04251637669,47.2,624.86144636956,70.156,18.6685376603727,47.9326881092162,28.2,0.0,2.5675652255806773
India,Mortalidad_Media,2041.42863698585,47.8,665.57468725444,70.746,16.7555683032837,50.0849578546822,29.7,0.0,2.9891530354638416
India,Mortalidad_Media,1966.25455171679,47.2,671.520649189685,70.415,16.031630686449,48.4315663156522,31.3,0.0,3.021000624508509
India,Mortalidad_Media,1950.10468280866,44.3,647.961983314095,70.068,16.5583314049368,47.6708899682407,33.0,0.0,2.878967016811115
India,Mortalidad_Media,1707.50892912243,38.0,625.339936484507,69.709,16.3638005616331,47.7494012900074,34.7,0.0,2.9179896876744893
India,Mortalidad_Media,1583.99815907985,36.0,621.233101872706,69.326,16.1745081068401,47.7837481204463,36.6,0.0,2.95426283166156
India,Mortalidad_Media,1553.88396075118,31.5,609.769630211591,68.932,16.7919345145039,47.8224137556558,38.5,0.0,2.847939510146944
India,Mortalidad_Media,1432.84397512195,31.0,576.89142121313,68.499,17.1484235433697,46.6987147692338,40.5,0.0,2.723207451176437
India,Mortalidad_Media,1429.32199520032,33.0,570.950039689589,68.076,16.8453770661356,46.3011472980511,42.5,0.0,2.7485966693574744
India,Mortalidad_Media,1445.46127486037,34.0,547.48026530693,67.623,17.191973558015,45.4421452512796,44.6,1.0,2.643218656539534
India,Mortalidad_Media,1347.51939071367,34.0,531.870869241592,67.162,17.0265090136912,45.0337495625601,46.7,0.0,2.6449197264305897
India,Mortalidad_Alta,1094.94974598436,35.0,509.44773467983,66.7,16.7442701563161,45.9848828116978,48.7,1.0,2.7463055948336965
India,Mortalidad_Alta,992.519584923828,33.0,481.55314607601,66.247,16.7909423598037,45.8825499068249,50.8,0.0,2.732577417254698
India,Mortalidad_Alta,1021.88707706826,29.0,461.202500518337,65.803,16.7501197597569,44.0081579238245,52.8,0.0,2.6273339268628133
India,Mortalidad_Alta,801.668353659022,28.0,441.786253247166,65.373,16.8094420944381,44.043235711462,54.8,0.0,2.6201485726902862
India,Mortalidad_Alta,710.488080408949,28.0,425.369146084358,64.939,17.6202069548839,44.4429329227804,56.7,0.0,2.5222707676802787
India,Mortalidad_Alta,624.258826510066,27.0,415.479367789798,64.484,17.8146906487994,44.1148589722471,58.6,1.0,2.4763191144843244
India,Mortalidad_Alta,544.143133545002,27.0,399.700175164457,64.086,19.5919979784251,44.7046456542143,60.5,0.0,2.2817808425380353
India,Mortalidad_Alta,469.149928973927,28.0,397.345623867375,63.649,19.5345432709546,44.7288275521667,62.4,0.0,2.289729886783318
India,Mortalidad_Alta,450.357900514128,29.0,393.447140041734,63.158,21.6188848861438,43.8089612621243,64.3,0.0,2.0264209506107687
India,Mortalidad_Alta,442.750218937263,29.0,394.98401446213,62.749,21.6110620465121,42.7329266435537,66.3,0.0,1.9773635627708794
India,Mortalidad_Alta,375.17600537305,10.0,361.82743700225,60.63,24.4575477898552,37.8496681189619,75.6,0.0,1.5475659475011492
Indonesia,Mortalidad_Media,4730.83484836107,39.9,935.774141748266,70.925,12.3996501634108,41.7909255847112,17.5,1.0,3.3703310201467547
Indonesia,Mortalidad_Media,4287.17313995098,39.1,824.619533270622,67.452,13.2801691376596,42.8228206251521,18.0,1.0,3.224568917854828
Indonesia,Mortalidad_Media,3853.70288774146,37.2,810.003516802792,68.817,13.6984142796138,44.4134399516292,18.6,1.0,3.242232206228862
Indonesia,Mortalidad_Media,4106.94856160358,39.5,850.270709008969,70.349,12.7126026577522,44.220745839176,19.3,1.0,3.4784966564033994
Indonesia,Mortalidad_Media,3860.95353090726,42.8,813.437822352458,70.08,12.8084975586902,43.4048373057688,19.9,1.0,3.388753216907931
Indonesia,Mortalidad_Media,3798.88326174526,44.7,739.032212284228,69.953,13.1566308462661,43.6140553296427,20.7,1.0,3.314986628360142
Indonesia,Mortalidad_Media,3521.46943457574,34.0,709.064867794897,69.733,13.4787485470271,43.6417488094502,21.5,1.0,3.237819049534529
Indonesia,Mortalidad_Media,3288.22269725538,32.0,692.359585231709,69.52,13.4926435578886,43.3090809246806,22.3,1.0,3.209829173865602
Indonesia,Mortalidad_Media,3441.06808464008,28.0,702.470018829106,69.292,13.3367549992146,42.2421853142869,23.2,1.0,3.1673510772878815
Indonesia,Mortalidad_Media,3566.60284506078,30.0,678.844277058212,69.064,13.3566991621949,41.5165374799893,24.1,1.0,3.1082932224376694
Indonesia,Mortalidad_Media,3632.27254030331,28.0,704.57653986754,68.862,13.3739742350727,40.8733748934867,25.1,1.0,3.0561876503618457
Indonesia,Mortalidad_Media,3579.46442466152,28.0,712.641500776538,68.629,13.5122870743946,40.5846042111279,26.1,1.0,3.003533301777948
Indonesia,Mortalidad_Media,3065.68348377765,26.0,700.281813154248,68.364,13.929212707137,40.6659902908934,27.1,1.0,2.919475145214568
Indonesia,Mortalidad_Media,2218.48541852977,23.0,674.894542379565,68.267,15.290148146172,37.0577298834625,28.2,1.0,2.4236344559382292
Indonesia,Mortalidad_Media,2124.55483920618,24.0,632.507070175417,68.085,14.4817402607761,37.457515026462,29.3,1.0,2.5865341010096663
Indonesia,Mortalidad_Media,1823.21976255073,22.0,628.600516176574,67.914,13.7166831034562,39.4841753758365,30.5,1.0,2.8785512560166717
Indonesia,Mortalidad_Media,1558.31562847163,20.0,643.624554536871,67.664,12.9738027192484,40.0826385396719,31.8,1.0,3.0895057838519353
Indonesia,Mortalidad_Media,1238.21447629488,19.0,637.329758271386,67.531,13.1266186400506,40.3323224888783,33.2,1.0,3.072559932976222
Indonesia,Mortalidad_Alta,1126.84004447173,19.0,634.752388297531,65.521,14.3357802955642,41.0366037289756,36.7,1.0,2.8625301785402786
Indonesia,Mortalidad_Media,1043.2105838671,19.0,597.275508938977,67.134,15.1853482186248,41.0650856896144,36.1,1.0,2.70425709693296
Indonesia,Mortalidad_Media,881.002913569131,17.0,606.322198205598,66.954,16.3196689664379,40.104784004948,37.7,1.0,2.457450827429479
Indonesia,Mortalidad_Alta,732.307093405708,17.0,591.125053767201,66.583,15.9949177621389,38.4172452290621,39.5,1.0,2.401840747190237
Indonesia,Mortalidad_Alta,763.711124950924,20.0,585.786606311255,66.292,15.6787044387708,33.3686365074031,41.3,1.0,2.12827766718327
Indonesia,Mortalidad_Alta,1011.22614205568,10.0,574.757187942779,65.263,17.1383462031211,41.0608163751136,51.8,0.0,2.3958447267004055
Iraq,Mortalidad_Media,6520.73154560584,42.019999999999996,1411.58869867393,72.037,2.05870621388374,33.1587203052795,21.5,0.0,16.106581930758214
Iraq,Mortalidad_Media,4868.49431080783,22.0,1275.01138784403,70.704,3.27919752953038,42.6181068349405,22.2,0.0,12.996504922667443
Iraq,Mortalidad_Media,4295.18945121228,20.8,1143.12626352051,69.651,6.08867414692412,54.8196487805,22.9,0.0,9.003544525074284
Iraq,Mortalidad_Media,5671.8568632942,20.3,1319.43951211192,71.245,3.77000825306199,44.4241091757329,23.6,0.0,11.783557539867921
Iraq,Mortalidad_Media,5646.68932074742,23.4,1287.12364484767,71.116,2.81581764320492,44.1911800508283,24.4,0.0,15.693906939417634
Iraq,Mortalidad_Media,4759.2846435467,19.1,1185.88106304283,69.788,2.97672780101335,47.0337230035122,25.1,0.0,15.800478292808897
Iraq,Mortalidad_Media,4334.42096404188,16.0,1076.62803028259,68.683,3.97718981146129,50.7798718007565,25.9,0.0,12.767776799191559
Iraq,Mortalidad_Media,4440.14189252367,16.0,998.349545341439,69.977,4.19186817517212,51.2496561823717,26.7,0.0,12.22597038855292
Iraq,Mortalidad_Media,6249.39226978969,13.7,1082.71904877674,69.679,4.92940777204755,40.1122330492623,27.5,0.0,8.13733310454061
Iraq,Mortalidad_Media,6650.35282247395,18.0,1175.83271780348,69.047,4.76843971585529,37.9634247963375,28.4,0.0,7.961393465897723
Iraq,Mortalidad_Media,6477.59618450955,37.12,1190.03229059907,68.827,4.12427143758484,35.8893880581268,29.2,1.0,8.701994667728153
Iraq,Mortalidad_Media,5775.54229080293,27.439999999999998,1125.37331940921,68.435,4.56377343749618,33.4821077639761,30.1,0.0,7.336496480935164
Iraq,Mortalidad_Media,4461.75196161555,25.54,1064.17152061051,68.092,5.16228354680036,39.6860480275684,30.9,0.0,7.687692407397157
Iraq,Mortalidad_Media,3714.71205987194,49.760000000000005,995.7798442565,67.834,5.22993319137947,43.5373054440268,31.8,0.0,8.32463892957363
Iraq,Mortalidad_Alta,4542.96609046032,28.639999999999997,962.301839872785,66.465,3.84778019548826,34.2660921070952,32.7,0.0,8.905418284358896
Iraq,Mortalidad_Alta,3128.99010329066,41.14,909.133658720632,64.428,4.92949827595085,35.4162594088609,33.5,0.0,7.184556607240006
Iraq,Mortalidad_Alta,2276.55435744086,28.839999999999996,916.179043545813,64.029,5.82603290514173,33.2310996364157,34.3,1.0,5.7038983777602414
Iraq,Mortalidad_Alta,1762.39360423421,31.060000000000002,949.253481740859,64.899,6.88686273542446,30.0180595268732,35.0,0.0,4.358742243034278
Iraq,Mortalidad_Alta,1328.37157628292,29.2,980.249444124443,64.634,6.93856130624701,31.7220633285599,35.7,0.0,4.571850262387897
Iraq,Mortalidad_Alta,817.887862499622,24.02,939.517629598492,64.834,8.40560829262466,21.7995223558111,36.4,0.0,2.5934497060657318
Iraq,Mortalidad_Alta,1266.15961275094,10.0,1092.98165469695,65.724,8.5626717122094,17.8151159929167,37.0,0.0,2.080555764798779
Iraq,Mortalidad_Alta,1435.695683789,10.0,1183.92315753963,65.292,6.9309570545315,16.0846586114048,37.7,0.0,2.3206980630313616
Iraq,Mortalidad_Alta,1980.18916038782,10.0,1090.52205809652,64.86,4.63474550697269,10.8591155618071,38.4,0.0,2.3429798994292623
Iraq,Mortalidad_Alta,619.135530927038,28.0,1580.67937441499,64.761,20.5851365851446,15.05131765776,41.5,0.0,0.731174048591054
Ireland,Mortalidad_Baja,105234.511567597,80.7,2598.42545575048,82.509756097561,1.09874883896339,53.7265413784367,3.3,1.0,48.897927782226176
Ireland,Mortalidad_Baja,103961.976350649,82.0,2687.22284968087,82.2536585365854,0.967298742375353,55.2892368305597,3.2,1.0,57.1583880020234
Ireland,Mortalidad_Baja,86622.5067251295,82.8,2630.3182162802,82.4560975609756,0.939558040553553,55.89291528401,3.1,1.0,59.48851786855015
Ireland,Mortalidad_Baja,81810.1926481407,78.0,2744.83468937481,82.7024390243903,0.883336918632163,57.5028157219269,3.0,1.0,65.09726301372
Ireland,Mortalidad_Baja,80738.9628834696,79.0,2817.81789081586,82.2048780487805,0.83052746012552,56.280749095065,3.0,1.0,67.76506713764662
Ireland,Mortalidad_Baja,72198.1076995377,78.3,2852.65649292599,82.1560975609756,1.11924663459632,55.5757116747241,3.0,1.0,49.65457117033786
Ireland,Mortalidad_Baja,64192.9418053178,74.0,2930.47371297275,81.6536585365854,0.925027049298507,55.6622784869209,3.1,1.0,60.173676574249704
Ireland,Mortalidad_Baja,64311.8234684057,72.0,2823.99503839584,81.4536585365854,0.867861440205505,54.1681920913903,3.2,1.0,62.41571474654244
Ireland,Mortalidad_Baja,57278.2590911107,74.8,2725.03613183261,81.3487804878049,1.21597049654997,67.087069968238,3.3,1.0,55.17162641575742
Ireland,Mortalidad_Baja,52619.2123745817,75.0,2801.15295664183,80.9487804878049,1.06834594737171,67.433392003787,3.3,1.0,63.11943445817638
Ireland,Mortalidad_Baja,49411.7387476787,80.0,2857.67626984898,80.8463414634146,0.984770378070667,66.2633361294206,3.4,1.0,67.288108583487
Ireland,Mortalidad_Baja,52692.7813135606,80.0,2874.04045618024,80.7463414634146,1.20300703223081,65.821499589829,3.5,1.0,54.714143663626096
Ireland,Mortalidad_Baja,48679.4026820361,77.0,3149.01849169313,80.7439024390244,0.954341928654505,66.6827662093544,3.6,1.0,69.87303418950503
Ireland,Mortalidad_Baja,52133.0909237885,75.0,3172.80669339697,80.190243902439,0.557956344829605,63.693502927925,3.7,1.0,114.1549935190296
Ireland,Mortalidad_Baja,61353.1065629523,74.0,3310.96912486883,80.0951219512195,0.850028643552735,62.5731441921768,3.8,1.0,73.61298312330909
Ireland,Mortalidad_Baja,61396.417461176,74.0,3407.25032316077,79.6414634146341,1.04322286551282,59.2648667781983,3.9,1.0,56.80940165078274
Ireland,Mortalidad_Baja,54329.1618599624,75.0,3433.14872836764,79.2414634146342,0.921152718855531,56.9183200417932,4.1,1.0,61.790318669970716
Ireland,Mortalidad_Baja,50933.0216095589,75.0,3512.7723317278,78.9439024390244,1.03354966551094,56.7283489883681,4.4,1.0,54.88691146769825
Ireland,Mortalidad_Baja,47754.2023194244,69.0,3558.46915667041,78.5390243902439,1.57408727204836,55.6088911099172,4.7,1.0,35.32770520249068
Ireland,Mortalidad_Baja,41203.5295847568,75.0,3515.63295822291,78.1390243902439,1.48000381983801,54.8649876717352,5.1,1.0,37.070841937246016
Ireland,Mortalidad_Baja,32705.4345565698,72.0,3663.02940737813,77.6341463414634,1.7353084894094,51.8406807093645,5.5,1.0,29.874043160480422
Ireland,Mortalidad_Baja,28282.409882073,77.0,3713.89439062772,77.1341463414634,1.99385983232223,53.0495283717785,5.8,0.0,26.60644821255675
Ireland,Mortalidad_Baja,26334.5672050501,82.0,3627.29127327405,76.5365853658537,2.50492903890048,55.1420974601026,6.0,1.0,22.013436949218654
Ireland,Mortalidad_Baja,19158.4564773907,50.0,2952.14357114328,75.4693170731707,5.58019048648672,55.7885681810794,6.1,1.0,9.99760999488815
Israel,Mortalidad_Baja,54949.621556429,65.2,2496.2776151277,82.7,1.1618336562619,70.3167224788312,2.7,0.0,60.52219446376619
Israel,Mortalidad_Baja,52270.9040241956,76.8,2432.5509270456,82.5,1.32603835479545,70.7410571741361,2.8,1.0,53.347670463912316
Israel,Mortalidad_Baja,44575.5719045492,77.2,2453.62703150387,82.6487804878049,1.36656606491536,70.3061114030538,2.8,1.0,51.44728323647369
Israel,Mortalidad_Baja,44250.6313628073,67.9,2407.97500275888,82.8048780487805,1.34643940764737,70.5181067774691,2.9,1.0,52.37376919967397
Israel,Mortalidad_Baja,42362.6652754196,61.2,2490.06554012289,82.8024390243903,1.38933071555976,70.2311874351943,2.9,1.0,50.55037411081653
Israel,Mortalidad_Baja,41138.470964272,47.6,2481.51602271413,82.5512195121951,1.43332361550204,70.3290660609826,3.0,1.0,49.06712294442239
Israel,Mortalidad_Baja,37671.5389138798,60.0,2569.21718310487,82.4073170731707,1.45144669238151,69.1522281136475,3.1,1.0,47.64365682640653
Israel,Mortalidad_Baja,36213.1041481958,61.0,2607.84399987972,82.0512195121951,1.4205563555958,68.2995655495163,3.1,1.0,48.079448084177244
Israel,Mortalidad_Baja,38343.3046626235,59.3,2528.01855666417,82.1536585365854,1.3878333514616,68.1297878667769,3.2,1.0,49.09075559758371
Israel,Mortalidad_Baja,37034.3161080785,58.0,2662.60942480489,82.0560975609756,1.52142807731562,67.6558406489673,3.3,1.0,44.468642098638036
Israel,Mortalidad_Baja,33321.4300881602,61.0,2968.58833913788,81.7048780487805,1.4926299498497,67.9642024448898,3.4,1.0,45.533189556951776
Israel,Mortalidad_Baja,34522.5215979073,61.0,2981.37242150116,81.6560975609756,1.85000171535157,67.5742463422278,3.5,1.0,36.52658577637381
Israel,Mortalidad_Baja,31439.0887027614,60.0,3043.56517574048,81.6024390243903,1.82975876400948,66.8073454381095,3.7,1.0,36.511559202327376
Israel,Mortalidad_Baja,28508.4938886475,61.0,2874.86147474045,81.4048780487805,2.14139661336725,67.1933730455872,3.8,1.0,31.378294252519915
Israel,Mortalidad_Baja,30269.217773489,59.0,3130.72173959461,80.9512195121951,1.80943795765309,66.6168416014614,3.9,1.0,36.81631708879701
Israel,Mortalidad_Baja,25721.2594077311,63.0,2899.35253797653,80.5048780487805,1.74717094647667,66.169199829256,4.1,1.0,37.8721955986575
Israel,Mortalidad_Baja,22527.2619795719,64.0,2883.01357713219,80.5536585365854,1.81906318672985,66.4997468232451,4.3,1.0,36.55713958061701
Israel,Mortalidad_Baja,21286.8388636595,70.0,2661.980099421,80.1512195121951,1.87834313014638,66.4381457928712,4.5,1.0,35.37061185817186
Israel,Mortalidad_Baja,20568.0694088834,73.0,2822.35591418715,80.1463414634146,1.61692444844401,67.3435928085763,4.7,1.0,41.649189529777985
Israel,Mortalidad_Baja,19643.4690380742,76.0,2949.36140375621,79.6487804878049,1.7081758360836,66.5224001525716,4.9,1.0,38.943531893701326
Israel,Mortalidad_Baja,19076.4584298321,66.0,2862.54444096904,79.4512195121951,1.81568687756539,66.1444996919347,5.1,1.0,36.42946397267916
Israel,Mortalidad_Baja,20966.3052667971,68.0,2973.01751340231,79.4073170731707,1.75948568412323,66.5589068410633,5.4,1.0,37.828615169568884
Israel,Mortalidad_Baja,21706.5194056329,71.0,2899.21092060716,78.9536585365854,1.53366608252474,65.243729993354,5.6,0.0,42.54102684852296
Israel,Mortalidad_Baja,19025.6840502517,30.0,2796.31041024382,77.4512195121951,2.04324402168032,63.0268281214649,7.2,0.0,30.846451746685155
Italy,Mortalidad_Baja,35653.9042103495,57.3,2411.65172417311,82.7,1.89037175125669,64.5973224396351,2.4,1.0,34.17175610918423
Italy,Mortalidad_Baja,36852.5425414951,63.7,2531.08698798735,82.6463414634146,1.83339290794707,64.8364560164046,2.5,1.0,35.36419047731825
Italy,Mortalidad_Baja,32091.4866621366,62.2,2313.10006204514,82.1951219512195,1.9280162015612,66.7072551997983,2.5,1.0,34.59890801009996
Italy,Mortalidad_Baja,33812.788724868,43.7,2494.02659804115,83.4975609756098,1.81866879873849,66.0942211230759,2.6,1.0,36.3420877781165
Italy,Mortalidad_Baja,34904.1081923834,40.1,2503.3498604998,83.3463414634146,1.85755612561626,66.170569852449,2.7,1.0,35.62237982472608
Italy,Mortalidad_Baja,32844.115660604,44.7,2557.32535513975,82.9463414634147,1.89343264776643,66.2798589618875,2.8,1.0,35.005131574167116
Italy,Mortalidad_Baja,31391.5692898108,43.0,2511.46353090755,83.2439024390244,1.84915248302101,66.3771213146536,2.9,1.0,35.895969599116846
Italy,Mortalidad_Baja,30639.8829751432,43.0,2533.02354460955,82.5439024390244,1.99152552817849,66.682063975246,3.0,1.0,33.4829069634048
Italy,Mortalidad_Baja,36028.3494022349,38.5,2433.15149093657,83.090243902439,1.90848213125891,66.7725633816902,3.1,1.0,34.987261493323174
Italy,Mortalidad_Baja,35701.6746002376,39.0,2576.45615324387,82.690243902439,2.05779366637333,66.5056088758581,3.1,1.0,32.318890840532156
Italy,Mortalidad_Baja,34854.3949441965,39.0,2680.46208450702,82.2390243902439,1.90886941227517,66.4231181546189,3.2,1.0,34.79709912447578
Italy,Mortalidad_Baja,38432.3742820019,43.0,2798.23628262725,82.1878048780488,1.84910093882918,66.2096070490808,3.3,1.0,35.806377931430625
Italy,Mortalidad_Baja,35856.8625485539,48.0,2904.35856014464,82.0365853658537,1.76928173132246,66.4497865718155,3.4,1.0,37.55749318801094
Italy,Mortalidad_Baja,37099.6133958219,52.0,2848.10100531328,81.6365853658537,1.80208177882956,66.8187271211764,3.4,1.0,37.07863200557674
Italy,Mortalidad_Baja,40828.5795580937,49.0,3067.89962633863,81.4853658536585,1.87300893559166,64.9396356603088,3.5,1.0,34.671289830123094
Italy,Mortalidad_Baja,37826.1754554823,50.0,3132.89653716264,81.4341463414634,1.89414967924379,64.324004009337,3.6,1.0,33.959303593693484
Italy,Mortalidad_Baja,33537.1286994269,48.0,3162.24131154867,81.2829268292683,1.94158568418969,64.4423662008526,3.7,1.0,33.1905857802754
Italy,Mortalidad_Baja,32062.723833669,53.0,3204.1351997897,80.7829268292683,2.03006110909468,65.02391377712,3.8,1.0,32.03052040444136
Italy,Mortalidad_Baja,31348.1901841445,52.0,3162.43494730256,80.7804878048781,2.34229627595505,64.6815651520198,3.9,1.0,27.614595905740607
Italy,Mortalidad_Baja,27577.5700319855,55.0,3164.10814422149,79.9829268292683,2.35238168739719,64.8501700031299,4.1,1.0,27.56787741996234
Italy,Mortalidad_Baja,22451.3964379368,46.0,3035.91851152815,80.2292682926829,2.36532442144257,63.9492983627049,4.3,1.0,27.03616374269004
Italy,Mortalidad_Baja,20570.4385917862,47.0,3020.75373063924,80.1268292682927,2.4818910807856,63.702841559193,4.5,0.0,25.667057693373454
Italy,Mortalidad_Baja,20190.0035636084,46.0,3012.48356350836,79.7780487804878,2.55763392992713,62.9607753946554,4.7,1.0,24.61680487498429
Italy,Mortalidad_Baja,20712.1798690324,70.0,2799.59479171327,78.1707317073171,2.97421286113196,61.1903494413899,6.4,1.0,20.573628149163934
Jamaica,Mortalidad_Media,6022.15339791763,49.0,968.879419803617,71.481,8.09936510175336,58.3284888430595,18.3,0.0,7.201612485703661
Jamaica,Mortalidad_Media,5165.33782130331,47.7,880.70616769668,69.085,8.34080242727078,58.223551602805,18.1,1.0,6.98056956875509
Jamaica,Mortalidad_Media,4879.44025773374,46.8,795.43607562422,71.452,8.6832359903362,59.7396040932866,18.0,0.0,6.879877980947698
Jamaica,Mortalidad_Media,5607.24299266608,45.0,1075.71855431766,71.532,7.01964952215967,59.810901364791,17.8,0.0,8.520496810557223
Jamaica,Mortalidad_Media,5578.10347525832,39.4,1031.75337490372,71.606,6.59217827491514,59.2492000250586,17.7,1.0,8.98780305297816
Jamaica,Mortalidad_Media,5259.31332766957,38.2,919.667703413837,71.879,6.63178586034485,59.7766256381842,17.6,0.0,9.01365437560673
Jamaica,Mortalidad_Media,5009.79448724295,38.0,998.797053907958,72.052,6.59878760345831,61.2455599880748,17.6,0.0,9.281335249520241
Jamaica,Mortalidad_Media,5062.8955502426,38.0,903.435894725802,72.214,6.30833589909362,61.8439009518117,17.6,0.0,9.80352060211274
Jamaica,Mortalidad_Media,4975.11325459872,33.0,902.848499036495,72.357,5.97248983885497,63.637141895437,17.7,0.0,10.655043978716478
Jamaica,Mortalidad_Media,5124.21301411137,33.0,930.085040039502,72.435,5.97047963265033,64.2717387661162,17.8,0.0,10.764920529104225
Jamaica,Mortalidad_Media,5340.83333232158,33.0,888.692854734165,72.405,5.77144048591992,65.4468445187143,17.8,0.0,11.339776383102148
Jamaica,Mortalidad_Media,5232.63644918132,30.0,923.899986298869,72.245,5.64728677796925,65.8655341895153,17.9,0.0,11.663217537750116
Jamaica,Mortalidad_Media,4809.977380312,31.0,875.100676933436,71.979,5.26899732039303,66.5416067752678,17.9,0.0,12.628893645044455
Jamaica,Mortalidad_Media,4428.38153333557,33.0,943.351386149021,71.717,5.47226787895058,68.1390609555653,17.9,0.0,12.451704204332987
Jamaica,Mortalidad_Media,5029.80095281745,37.0,1177.37176764598,71.502,4.89912215623133,66.4662878316978,17.9,0.0,13.56697908566282
Jamaica,Mortalidad_Media,4716.48612542727,36.0,1479.15825671767,71.405,4.61760640988582,64.7508220118514,17.9,0.0,14.022594449199168
Jamaica,Mortalidad_Media,4417.00127135363,33.0,1470.67499756086,71.395,5.15582607453948,64.6583862018319,17.9,0.0,12.540839288805376
Jamaica,Mortalidad_Media,4184.43974867497,38.0,1303.21146887141,71.493,5.18624085360629,64.466581747768,17.8,0.0,12.430310039099071
Jamaica,Mortalidad_Media,3807.56293124552,40.0,1338.63104342676,71.542,4.98216525525125,64.2416981310858,17.9,1.0,12.894333053961716
Jamaica,Mortalidad_Media,3549.70758394618,38.0,1339.31816349938,71.585,5.2138620043709,65.617527685442,18.0,0.0,12.585206058471307
Jamaica,Mortalidad_Media,3680.64551727724,38.0,1290.94473517758,71.478,5.5443040664747,65.7453432648681,18.2,1.0,11.8581777760742
Jamaica,Mortalidad_Media,3503.55026688858,38.0,1357.36284604569,71.287,6.12073592592505,63.8782946304647,18.5,0.0,10.436374874449518
Jamaica,Mortalidad_Media,3453.09252800226,38.0,1339.1099922275,71.281,6.23190015732816,63.8778162128089,18.9,0.0,10.250134726194911
Jamaica,Mortalidad_Media,2630.84935382822,50.0,1203.56731599874,71.488,8.59708931074463,57.2533614826864,22.1,0.0,6.659621578099838
Japan,Mortalidad_Baja,34065.6438962526,81.4,3135.85954395544,83.9963414634146,0.921881300110971,70.3587115927394,1.8,0.0,76.32079269236723
Japan,Mortalidad_Baja,40094.5599795288,82.0,3196.2173974528,84.4456097560976,1.01041770067097,69.0185642532758,1.8,0.0,68.30696276148356
Japan,Mortalidad_Baja,40028.7341726762,80.5,3046.98230618116,84.56,1.06638425931073,69.4747111995642,1.8,1.0,65.14979060593973
Japan,Mortalidad_Baja,40415.9567649547,78.0,3261.68513219149,84.3563414634146,1.03894744464527,69.6276716636423,1.8,1.0,67.01751086881534
Japan,Mortalidad_Baja,39751.1330982711,79.2,3343.06542921568,84.2109756097561,1.044248235947,69.4031278581593,1.9,1.0,66.46228882083723
Japan,Mortalidad_Baja,38834.0529341227,86.1,3391.04909776843,84.099756097561,1.12844054943922,69.5357755666973,1.9,1.0,61.621124481261496
Japan,Mortalidad_Baja,39375.4731620781,76.0,3370.88704456467,83.9848780487805,1.12498130848332,69.8870573141604,2.0,1.0,62.12286087524503
Japan,Mortalidad_Baja,34960.6393843385,74.0,3400.59271053608,83.7939024390244,1.03412007048647,69.7955308631099,2.0,1.0,67.49267600064734
Japan,Mortalidad_Baja,38475.3952461838,77.8,3445.76753766555,83.5878048780488,0.996605700341743,70.8840213488149,2.1,1.0,71.12544241369308
Japan,Mortalidad_Baja,40898.6478964744,80.0,3567.3614189571,83.3319512195122,1.06671782970179,71.6207726116305,2.2,1.0,67.14125386996923
Japan,Mortalidad_Baja,49145.2804308193,78.0,3536.70272164962,83.0960975609756,1.12285396244805,71.7471232811569,2.2,1.0,63.89711011459904
Japan,Mortalidad_Baja,48760.0789494211,77.0,3620.18037752431,82.5912195121951,1.08027176258707,71.6911224449386,2.3,1.0,66.36396963042927
Japan,Mortalidad_Baja,44968.1562349739,73.0,3900.49149923832,82.8426829268293,1.10828108130349,70.5441965333058,2.4,1.0,63.65189997679666
Japan,Mortalidad_Baja,41308.9968370512,75.0,3709.30865257905,82.9314634146342,1.08231650645818,71.9107064636731,2.4,1.0,66.44147625448016
Japan,Mortalidad_Baja,39876.3039685725,76.0,3866.57157726667,82.5875609756098,1.05410176653648,70.2614584639798,2.5,1.0,66.65528955030759
Japan,Mortalidad_Baja,35779.0245416427,73.0,4020.80565275638,82.5070731707317,1.05336413232639,69.5604171252242,2.6,0.0,66.03643981269582
Japan,Mortalidad_Baja,35991.546002862,69.0,4064.36063398842,82.3219512195122,1.08249674589504,69.4497937291725,2.7,0.0,64.1570461920875
Japan,Mortalidad_Baja,37812.8950199948,70.0,4066.44237819506,81.9551219512195,1.11162940578642,69.4739647063861,2.7,0.0,62.497415365903244
Japan,Mortalidad_Baja,38298.9801712303,71.0,4085.49214215982,82.030243902439,1.23095748420526,68.9896824882617,2.8,0.0,56.04554452406887
Japan,Mortalidad_Baja,35387.0374203599,71.0,3956.9006759218,81.76,1.29902822421038,68.7153581340561,2.9,0.0,52.8975097333432
Japan,Mortalidad_Baja,32820.7936433254,64.0,3992.92035611852,81.6907317073171,1.37649059914159,68.3328608006388,3.0,0.0,49.64280965177145
Japan,Mortalidad_Baja,34406.1824638092,60.0,3990.10658740607,81.4163414634146,1.36750619152798,67.0662812781022,3.1,0.0,49.042762433979064
Japan,Mortalidad_Baja,39169.3595701504,58.0,4067.03590917034,81.0760975609756,1.5178803390325,66.0206414543262,3.3,0.0,43.49528731389188
Japan,Mortalidad_Baja,44197.6191013908,90.0,3915.67795216885,79.5360975609756,1.6450302762486,63.2128577960501,4.1,0.0,38.42656193550644
Jordan,Mortalidad_Baja,4332.25159897931,49.5,754.305503117865,77.088,4.81784457116001,60.4423893118368,12.6,0.0,12.545524958121234
Jordan,Mortalidad_Media,4183.49998326866,51.0,725.458661893959,74.204,4.78675277704391,60.843839640665,12.9,0.0,12.710879895961435
Jordan,Mortalidad_Baja,4022.0401356135,49.6,754.943831707803,75.583,4.64657447164546,61.7764845713797,13.3,0.0,13.295059607535615
Jordan,Mortalidad_Baja,4170.1144003465,50.3,811.583012032737,76.865,4.37193790468563,61.2229700766062,13.6,0.0,14.003622972547346
Jordan,Mortalidad_Baja,4145.43989673265,51.9,869.212005052558,76.491,4.38084392944674,60.4766455270866,14.0,0.0,13.80479343730564
Jordan,Mortalidad_Baja,4065.61628749384,49.8,917.041568368822,76.071,4.44200042789941,60.3679183488979,14.3,0.0,13.590254960296223
Jordan,Mortalidad_Baja,3986.71677010853,49.0,887.616759444148,75.55,4.50634129998352,60.6938974836959,14.7,0.0,13.468553188352127
Jordan,Mortalidad_Media,4042.75678097555,45.0,903.433667037898,75.06,4.39226865861151,60.1407620756871,15.0,0.0,13.692414273834261
Jordan,Mortalidad_Media,4191.18050084986,45.6,930.16049745624,74.606,3.96844457372356,60.0883163094394,15.4,0.0,15.141528423328591
Jordan,Mortalidad_Media,4311.21916713038,45.0,966.849898090231,74.282,3.58301864444177,60.4143618522153,15.8,0.0,16.86130267447374
Jordan,Mortalidad_Media,4169.50470054618,47.0,1034.50305837685,74.087,3.30511928769937,60.2740705401065,16.2,0.0,18.236579467624033
Jordan,Mortalidad_Media,3946.85503855525,50.0,944.486189633114,73.929,3.50500327354367,58.905338980586,16.6,0.0,16.806072457966874
Jordan,Mortalidad_Media,3718.46571622945,51.0,973.413219547318,73.797,3.57519109394284,59.1152821637538,17.0,1.0,16.534859427208826
Jordan,Mortalidad_Media,3435.8337590698,47.0,1044.29967184826,73.707,3.23670988202659,59.7286781481598,17.5,0.0,18.453516170798135
Jordan,Mortalidad_Media,3241.6524135556,53.0,1011.34553533121,73.563,2.87730028271515,58.7905592630613,18.0,1.0,20.432542135499283
Jordan,Mortalidad_Media,2506.20599484139,57.0,1055.84777945071,73.407,2.53146818560253,63.1399767543462,18.5,0.0,24.94203842396616
Jordan,Mortalidad_Media,2342.63459574933,53.0,1066.3573147471,73.225,2.58350975139105,63.7999512898814,19.1,1.0,24.695068890500345
Jordan,Mortalidad_Media,2087.87079273635,46.0,1107.30679497061,72.977,2.75835798153626,65.0443667652595,19.7,0.0,23.580828594638472
Jordan,Mortalidad_Media,1940.08641342805,45.0,1057.17652422962,72.788,2.49786797513256,64.3513082598969,20.3,0.0,25.762493814943053
Jordan,Mortalidad_Media,1775.67625581432,49.0,900.985989582586,72.585,2.46655691894808,64.5067577849406,20.9,0.0,26.15255187885589
Jordan,Mortalidad_Media,1706.26744384401,46.0,900.964957727455,72.359,2.19163968207242,64.0638798940241,21.6,1.0,29.231027535258498
Jordan,Mortalidad_Media,1632.29454010563,44.0,876.037093986667,72.141,1.9532661816239,64.4734981221616,22.2,0.0,33.008045052292786
Jordan,Mortalidad_Media,1570.61002940477,47.0,903.243088042685,71.926,2.01543667794689,64.3189357694167,22.9,0.0,31.91315136476424
Jordan,Mortalidad_Media,1415.71151592128,30.0,905.193588067655,70.915,3.68634271533714,59.2784270473201,26.4,0.0,16.080552359033362
Kazakhstan,Mortalidad_Media,11255.3396437881,37.9,3562.30198502782,73.503,5.24714480730074,52.6439186616041,7.7,0.0,10.03286941659333
Kazakhstan,Mortalidad_Media,9983.60103576902,44.6,3533.19993700729,70.131,5.03000193996331,53.9193570155211,7.9,1.0,10.719549944331511
Kazakhstan,Mortalidad_Media,8781.50797787648,40.9,3388.38789091494,71.195,5.3912826934481,56.1027808941057,8.0,1.0,10.406202769201121
Kazakhstan,Mortalidad_Media,9457.12614657136,40.3,3753.15793323889,73.658,4.46633595812751,55.5282559332057,8.1,1.0,12.432619591045198
Kazakhstan,Mortalidad_Media,9472.48527327758,44.6,3814.13873379292,73.369,4.39585810287636,55.454732268099,8.2,1.0,12.615223460423591
Kazakhstan,Mortalidad_Media,8943.08416791984,38.0,3404.18383934282,72.996,4.51698454026741,57.304415099355,8.4,1.0,12.686431531590435
Kazakhstan,Mortalidad_Media,7475.56688689424,29.0,3389.13243584968,72.549,4.55600427070659,57.857435042574,8.8,1.0,12.699161722603234
Kazakhstan,Mortalidad_Media,10196.1226255982,26.0,3052.91836942759,72.024,4.71054741881579,59.297627869996,9.5,1.0,12.588266839887401
Kazakhstan,Mortalidad_Media,12427.7094576939,25.7,3670.99573551745,71.415,4.32955246164473,54.8385964696408,10.5,1.0,12.666112018609994
Kazakhstan,Mortalidad_Media,13478.459627612,27.0,4645.78037421422,70.719,4.50354556962711,53.1795606876032,11.7,1.0,11.808376281625241
Kazakhstan,Mortalidad_Media,12018.7966527993,29.0,4270.24340373999,69.939,4.28833015629833,51.3898529954355,13.3,1.0,11.98365124008899
Kazakhstan,Mortalidad_Media,11287.1464926039,27.0,4532.00308919896,69.108,4.9889741557576,48.8890328062873,14.9,1.0,9.799415927995172
Kazakhstan,Mortalidad_Media,8793.07589980782,22.0,4105.7018942109,68.257,4.51052752955614,51.6800394874896,16.7,1.0,11.457648611796676
Kazakhstan,Mortalidad_Media,6938.01175663001,21.0,3819.51468551316,67.46,6.14688498650048,53.9952116833093,18.5,1.0,8.784158448041767
Kazakhstan,Mortalidad_Alta,8123.54705891736,26.0,4253.35380920843,66.759,5.31580324655219,52.104868253495,20.4,1.0,9.801880513032536
Kazakhstan,Mortalidad_Alta,6449.43931096532,26.0,4065.37338873297,66.18,5.66029151907027,54.2303277391062,22.3,1.0,9.5808365269522
Kazakhstan,Mortalidad_Alta,5030.13494711519,22.0,3763.63490829315,65.722,5.49583486199441,51.624997728548,24.2,1.0,9.393476882930495
Kazakhstan,Mortalidad_Alta,3577.35804001782,24.0,3186.46182049893,65.356,6.36952301555866,52.0218847182371,26.0,1.0,8.167312464554199
Kazakhstan,Mortalidad_Alta,2722.47407755402,23.0,3204.58811216281,65.04,7.12295798751998,53.3800989868324,27.9,1.0,7.494091510908644
Kazakhstan,Mortalidad_Alta,1958.02050246511,27.0,2737.29872977182,64.753,7.86220602699238,51.8220273209182,29.7,1.0,6.591283304330079
Kazakhstan,Mortalidad_Alta,1573.55219932325,30.0,2538.1420196136,64.441,7.99590909279888,50.4711505164094,31.7,1.0,6.312121602515935
Kazakhstan,Mortalidad_Alta,1422.27331810957,23.0,2217.57862083109,64.108,8.72483186377084,49.371713157718,33.7,1.0,5.65875812034041
Kazakhstan,Mortalidad_Alta,1180.0444563226,10.0,2301.832950293,63.793,8.11078388505165,48.3815387474664,36.0,0.0,5.965087892014313
Kazakhstan,Mortalidad_Alta,1217.79138769863,28.28,3122.78221073192,63.717,12.3293860124829,53.9618316094617,45.0,0.0,4.376684415171038
Kenya,Mortalidad_Alta,2109.56288513137,30.9,539.846925409404,63.549,21.0361920649933,55.4146210848294,35.8,0.0,2.634251527729957
Kenya,Mortalidad_Alta,2061.35622089594,29.5,538.101489714657,61.225,21.4770750957252,55.1214442175046,36.4,1.0,2.5665247233072246
Kenya,Mortalidad_Alta,1927.66459027849,28.2,532.999343083954,61.596,22.7027261604451,53.9774355183867,36.9,1.0,2.377575060233579
Kenya,Mortalidad_Alta,1960.40808854893,32.1,542.042029531549,62.939,20.8611638110686,55.9598629656759,37.2,0.0,2.6824899834200284
Kenya,Mortalidad_Alta,1836.45275528993,27.5,544.61857620749,62.825,20.314910419968,56.0189509830887,37.8,0.0,2.757528821196591
Kenya,Mortalidad_Alta,1667.48447230835,24.7,536.715469227383,62.725,20.8936374065292,55.8541060679002,38.5,0.0,2.6732590874983764
Kenya,Mortalidad_Alta,1554.12610314423,25.0,531.502059654673,62.526,20.0345164328349,56.4465087468317,38.7,0.0,2.817462998723572
Kenya,Mortalidad_Alta,1489.11959777284,27.0,528.550711644325,62.279,19.4696147780528,56.1313780292221,39.1,1.0,2.8830245831312706
Kenya,Mortalidad_Alta,1482.81566253497,21.0,495.609187616767,61.99,18.3478393393556,56.9548463607011,40.1,0.0,3.1041718486456635
Kenya,Mortalidad_Alta,1370.87885214659,22.0,469.620774523591,61.729,18.6165515854622,56.0807083434218,40.9,0.0,3.0124111915128053
Kenya,Mortalidad_Alta,1285.00536171512,21.0,461.026866891178,61.537,18.8297259329446,55.6497106996552,41.3,0.0,2.9554179863175882
Kenya,Mortalidad_Alta,1096.14499807675,22.0,471.117585863612,61.283,18.8947112249953,55.2138923736953,41.1,0.0,2.922187680786269
Kenya,Mortalidad_Alta,1091.51873101194,21.0,468.146619756257,60.915,17.5677598863696,56.99824606755,41.4,0.0,3.244480026834472
Kenya,Mortalidad_Alta,1047.9678324485,21.0,469.271478896226,60.483,16.2549814662286,58.4144115871026,41.9,0.0,3.593631386689955
Kenya,Mortalidad_Alta,915.54435473604,22.0,454.930773830584,59.955,22.1963401579826,50.1247655109144,42.4,0.0,2.258244609433404
Kenya,Mortalidad_Alta,840.201439476765,21.0,455.080900004322,59.407,20.5866644602991,50.2276478618764,44.9,0.0,2.4398147625487967
Kenya,Mortalidad_Alta,699.80237063381,21.0,458.805496880821,59.059,20.5196878049409,50.3566785049309,46.9,0.0,2.4540665035267057
Kenya,Mortalidad_Alta,523.456312433863,19.0,452.689457808482,58.51,24.2362747002419,54.2411180474567,49.4,1.0,2.3159343132352
Kenya,Mortalidad_Alta,463.662781300121,19.0,448.898899776778,57.947,24.9290410875057,47.57481697916178,52.5,0.0,2.120253347026845
Kenya,Mortalidad_Alta,442.898457253405,20.0,434.521769433443,57.369,25.8044393708329,47.38476450184014,55.5,0.0,1.8745772139870003
Kenya,Mortalidad_Alta,402.936385605382,21.0,444.971132929664,56.759,25.8539676039456,45.96698254055078,58.3,0.0,1.6605659950711753
Kenya,Mortalidad_Alta,410.700452474814,20.0,452.241875873753,56.501,27.8492601112896,45.964820118399096,61.2,0.0,2.5223234673255788
Kenya,Mortalidad_Alta,414.626365130846,25.0,460.259557885245,56.084,28.7217806412905,47.1871097421789,63.8,0.0,2.63510637986411
Kenya,Mortalidad_Alta,340.064842175429,50.0,458.336654675901,55.856,26.3496195621312,43.15119971057448,71.0,0.0,1.630867907314315
Kuwait,Mortalidad_Baja,39981.7690981957,43.8,9129.59798629005,80.5878048780488,0.402460287681043,44.8209804495044,7.6,0.0,111.36746114196943
Kuwait,Mortalidad_Baja,34018.6342879647,47.5,8570.59391176127,78.7365853658537,0.473024782981162,53.4880692005525,7.6,0.0,113.07667404539063
Kuwait,Mortalidad_Baja,25236.0755520534,46.0,8871.9407246336,78.7609756097561,0.49632675317715,66.9624899364062,7.7,0.0,134.91614044126652
Kuwait,Mortalidad_Baja,31707.8737464917,35.3,8352.78024104055,81.969756097561,0.370434060761879,54.6024843008685,7.6,0.0,147.40135987648245
Kuwait,Mortalidad_Baja,32067.9623689512,36.6,9772.0088330557,80.1063658536585,0.44590687055795,51.751277338386,7.6,0.0,116.05848834226565
Kuwait,Mortalidad_Baja,29047.6535822842,41.3,9526.71485045218,79.9160731707317,0.52509203800542,56.7891464106888,7.6,0.0,108.15084271017383
Kuwait,Mortalidad_Baja,27323.6890643847,44.0,9684.89135568875,79.6775853658537,0.518592081261022,60.7104350438342,7.7,0.0,117.06780191515676
Kuwait,Mortalidad_Baja,29882.2126867068,43.0,9731.54449633626,79.3765609756098,0.537729005863466,58.4383547303547,7.8,0.0,108.6762181194159
Kuwait,Mortalidad_Baja,44368.781373043,43.7,8681.35167846512,79.0803414634146,0.450636159462993,42.1708385667925,8.0,0.0,93.5806807359755
Kuwait,Mortalidad_Baja,49651.0439709448,46.0,9775.19621173225,78.7418048780488,0.355177602564807,38.1405372349419,8.2,0.0,107.3844098262999
Kuwait,Mortalidad_Baja,52155.2225460479,45.0,10424.3416746399,78.3950243902439,0.359874372162406,36.7804755960167,8.5,0.0,102.20365338885041
Kuwait,Mortalidad_Baja,49169.6063983139,41.0,10504.8801729128,78.052243902439,0.438835785183309,38.8294818268996,8.8,0.0,88.48294313710055
Kuwait,Mortalidad_Baja,39212.2522190461,43.0,11311.9365859367,77.7262195121951,0.451728931072872,47.0401906495319,9.1,0.0,104.13366825500816
Kuwait,Mortalidad_Baja,37907.1001320042,43.0,10529.4946836104,77.4333658536585,0.262327765426512,45.891369550823974,9.3,0.0,43.83615188181058
Kuwait,Mortalidad_Baja,55585.1889344442,48.0,10648.7276277184,77.1890487804878,0.160020999601209,61.16339132765478,9.5,0.0,60.16490082036802
Kuwait,Mortalidad_Baja,45709.4132876371,47.0,9522.59021417333,77.0101707317073,0.213317127370276,54.46863169563792,9.6,0.0,46.340900106712105
Kuwait,Mortalidad_Baja,42946.6374104066,46.0,10451.2180900059,76.8876829268293,0.236515719642342,50.9298130956756,9.8,0.0,62.41144101692595
Kuwait,Mortalidad_Baja,36122.6142741227,53.0,12017.9810258331,76.8007804878049,0.301358018412085,45.89136955082398,9.9,0.0,43.836151881810586
Kuwait,Mortalidad_Baja,27552.2827399787,70.0,10969.8036910729,76.7276829268293,0.404756603698185,52.86508722155812,10.0,0.0,131.25851400325644
Kuwait,Mortalidad_Baja,22690.655175144,70.0,10159.9001917272,76.6445609756098,0.454889536839744,59.5224375014997,10.2,0.0,161.90321963215638
Kuwait,Mortalidad_Baja,18512.7523035862,70.0,9710.55321576442,76.5316341463415,0.516824849007765,73.63873896867344,10.3,0.0,34.358079192150726
Kuwait,Mortalidad_Baja,17374.2318664227,70.0,9860.50598409608,76.3843414634146,0.446728971962617,59.60585320006918,10.5,0.0,30.847818161503135
Kuwait,Mortalidad_Baja,19296.3471698729,70.0,9493.79658571526,76.2258780487805,0.355219830082193,74.26289191596653,10.6,0.0,39.19136506160605
Kuwait,Mortalidad_Baja,16168.165602374,58.339999999999996,8750.10113429804,75.979756097561,0.419034003376921,68.58679202793262,12.2,0.0,35.16650731831762
Kyrgyz Republic,Mortalidad_Media,1739.72018344174,28.8,645.014246171812,72.0487804878049,10.9968056651977,51.0155429673593,15.1,1.0,4.639123807453603
Kyrgyz Republic,Mortalidad_Media,1349.99730650542,33.7,595.833222359916,71.9,12.4122330298243,51.036010149015,15.3,1.0,4.111750885306851
Kyrgyz Republic,Mortalidad_Media,1229.51766602907,32.0,562.289152674562,71.8,12.1696556730884,50.6891009156643,15.6,1.0,4.1652041994710345
Kyrgyz Republic,Mortalidad_Media,1421.99927504102,27.2,609.881986975567,71.6,10.3739026248931,50.3261850794905,16.1,1.0,4.8512297540492
Kyrgyz Republic,Mortalidad_Media,1283.5203037417,29.4,707.081191051891,71.4,11.6752864842384,49.7676969702079,16.7,1.0,4.262653172356338
Kyrgyz Republic,Mortalidad_Media,1221.39046807082,30.3,609.705598460026,71.2,12.5145788958853,49.9324474240762,17.5,1.0,3.9899422776817217
Kyrgyz Republic,Mortalidad_Media,1103.27489428412,27.0,624.353480068472,70.9512195121951,12.8344731564928,50.1483211681284,18.4,1.0,3.9073143522653275
Kyrgyz Republic,Mortalidad_Media,1105.65193844261,24.0,659.12770366868,70.6512195121951,14.0607643300857,52.1498322606782,19.4,1.0,3.70889028764202
Kyrgyz Republic,Mortalidad_Media,1264.52668823891,19.2,691.53854362528,70.4024390243902,14.7186631194877,50.6119382870719,20.4,1.0,3.438623323069406
Kyrgyz Republic,Mortalidad_Media,1269.66303464348,21.0,674.45237437711,70.2024390243902,14.6378725497812,49.6332622937347,21.5,1.0,3.3907428914235624
Kyrgyz Republic,Mortalidad_Media,1168.62244675446,20.0,731.356416357898,70.0024390243902,16.654196378216,51.0390815511772,22.7,1.0,3.0646379081933532
Kyrgyz Republic,Mortalidad_Media,1117.40174350185,19.0,596.801790099001,69.6024390243903,16.56531665018,47.8653557076126,24.0,1.0,2.8894923482849624
Kyrgyz Republic,Mortalidad_Media,876.954476440354,18.0,503.615577108919,69.3,17.4482561772443,49.3384967869844,25.7,1.0,2.827703598903527
Kyrgyz Republic,Mortalidad_Media,870.198894546917,21.0,535.174330847579,69.1024390243903,18.7607374707352,49.8977502063632,27.4,1.0,2.659690232550746
Kyrgyz Republic,Mortalidad_Media,966.388569370494,22.0,593.947817714401,68.4512195121951,23.4855331532901,45.8087821868921,29.3,1.0,1.9505106351172925
Kyrgyz Republic,Mortalidad_Media,721.771577544361,23.0,560.621207010433,67.8951219512195,26.8802101795871,45.5406958675158,31.0,1.0,1.6942090691723655
Kyrgyz Republic,Mortalidad_Media,543.113512472219,22.0,485.424849059713,67.6951219512195,28.6802911420992,43.3774662763917,32.6,1.0,1.5124486031705175
Kyrgyz Republic,Mortalidad_Media,476.548193640077,21.0,498.539409578874,67.9560975609756,28.4832783609781,42.4302670387872,34.1,1.0,1.4896553163949127
Kyrgyz Republic,Mortalidad_Media,433.233873286,22.0,497.875476414423,68.1536585365854,29.9044500994693,39.6009070414952,35.7,1.0,1.324247960078623
Kyrgyz Republic,Mortalidad_Media,380.505828812441,22.0,511.249605075318,68.2560975609756,33.6222526391595,37.7580426700878,37.5,1.0,1.1230075234790005
Kyrgyz Republic,Mortalidad_Media,321.726775366804,22.0,485.300857386353,68.1560975609756,34.4047962763445,36.4332132981631,39.5,1.0,1.0589573908685885
Kyrgyz Republic,Mortalidad_Media,308.41129550148,22.0,435.881289136656,68.7073170731707,34.5410003586728,32.0756569464089,41.7,1.0,0.9286255931599016
Kyrgyz Republic,Mortalidad_Media,279.621738464365,30.0,473.380207144503,68.5585365853659,34.1877085637959,29.9724791417079,44.0,1.0,0.8767033650640206
Kyrgyz Republic,Mortalidad_Alta,364.250365258345,25.0,522.800473223725,65.790243902439,40.6816928975355,35.645489962899,55.2,0.0,0.8762046862867501
Latvia,Mortalidad_Media,20227.2307431581,61.1,2253.98397709054,74.2780487804878,5.0780013947494,61.5469419046016,2.7,1.0,12.120308192164046
Latvia,Mortalidad_Media,20261.8887788916,47.7,2375.37908973973,72.9804878048781,4.20672251535361,61.6249417393174,2.9,1.0,14.64915775033888
Latvia,Mortalidad_Baja,17564.2321549354,46.4,2251.26939039077,75.1853658536585,4.0791819421756,62.3876227829268,3.2,1.0,15.294150559426345
Latvia,Mortalidad_Baja,17294.9751600969,35.5,2343.22877775395,75.3878048780488,3.85343444199836,63.0987194135787,3.4,1.0,16.374670534386
Latvia,Mortalidad_Media,17252.1710428626,45.4,2403.49981780927,74.7829268292683,3.66104778019513,63.2634274962391,3.6,1.0,17.280142542380922
Latvia,Mortalidad_Media,15132.4958333982,67.3,2265.21693915892,74.6292682926829,3.62476211824764,63.4246447186638,3.7,1.0,17.49760195279405
Latvia,Mortalidad_Media,13838.5266823272,55.0,2172.43884661611,74.580487804878,3.32532538955761,64.3727854982171,4.0,1.0,19.358341803290724
Latvia,Mortalidad_Media,13321.9753140616,53.0,2155.8522069549,74.4804878048781,3.55445018445087,64.1295120425511,4.3,1.0,18.042034271035515
Latvia,Mortalidad_Media,15185.814581236,43.6,2177.02968269444,74.1243902439024,3.61639638963682,64.3035202598626,4.6,1.0,17.781103986313937
Latvia,Mortalidad_Media,14484.4715282132,42.0,2156.58828450936,73.9829268292683,3.2120869041368,63.5400681711989,5.0,1.0,19.781553260394844
Latvia,Mortalidad_Media,13329.3499931271,43.0,2171.07870823934,73.7780487804878,3.53285388028976,63.0435674657414,5.5,1.0,17.844940550037876
Latvia,Mortalidad_Media,12902.574053337,45.0,2066.71476050433,73.5756097560976,3.77780079362838,62.8873750736246,6.0,1.0,16.646556689725443
Latvia,Mortalidad_Media,11188.4191700977,50.0,2149.36312781374,73.4829268292683,4.11588497283241,63.7264639687939,6.5,1.0,15.483052706630806
Latvia,Mortalidad_Media,11996.0322729773,48.0,2056.15424051112,73.0804878048781,3.28684121352283,64.869110958931,6.9,1.0,19.73600388483763
Latvia,Mortalidad_Media,15677.6080864506,47.0,2106.6010583897,72.419512195122,3.09128712531246,63.5707018330978,7.3,1.0,20.564476626114836
Latvia,Mortalidad_Media,13370.9789452508,42.0,2179.77647892811,71.019512195122,3.45397603560539,62.0827699537043,7.7,1.0,17.974290879184643
Latvia,Mortalidad_Media,9211.7374468148,40.0,2114.39349147162,70.8658536585366,3.42315192809587,62.6075963955879,8.1,1.0,18.289458870267964
Latvia,Mortalidad_Media,7283.78738127622,38.0,2022.79776925294,71.3560975609756,3.86773701723693,63.5485658100672,8.6,1.0,16.430425731340343
Latvia,Mortalidad_Media,6109.73265186817,37.0,1961.33307330101,72.0268292682927,4.36504580120425,62.6488857845553,9.2,1.0,14.35240055608842
Latvia,Mortalidad_Media,4914.57992829302,34.0,1890.17674853578,71.2658536585366,4.10241052739919,62.8198606308744,9.7,1.0,15.312914251587683
Latvia,Mortalidad_Media,4003.60935783538,34.0,1763.47087642626,70.9609756097561,4.62764983903159,61.8474436622843,10.3,1.0,13.364763068423274
Latvia,Mortalidad_Media,3504.61829462397,34.0,1759.37012358937,70.7609756097561,4.48098729935745,62.0136681543755,10.8,0.0,13.839286748986755
Latvia,Mortalidad_Media,3278.17896440803,27.0,1618.63984186997,70.3146341463415,4.5495785956353,60.4634903069755,11.6,0.0,13.289910051225839
Latvia,Mortalidad_Alta,2256.77360387054,29.020000000000003,1849.74049017187,66.3912195121951,8.05469632872521,52.8855865871782,15.8,1.0,6.565807626859128
Lebanon,Mortalidad_Baja,3654.35845534878,22.8,617.482998993413,78.003,1.1895732629522,88.6220737442903,15.1,0.0,74.4990464264086
Lebanon,Mortalidad_Media,4045.37391066234,27.9,972.806350423412,73.65,1.40016561487545,94.1483347283905,14.3,0.0,67.2408561731216
Lebanon,Mortalidad_Baja,5561.19166950397,25.0,1249.32146308929,76.299,3.07825000560689,87.4214492992388,13.5,0.0,28.39972358970346
Lebanon,Mortalidad_Baja,8905.88005497437,18.2,1486.47574871806,78.208,3.16909985150245,79.3126428766445,12.8,0.0,25.026867752066217
Lebanon,Mortalidad_Baja,9174.53666204759,20.2,1431.81356091147,78.263,3.23189728304163,76.9908055119369,12.3,0.0,23.82216969453889
Lebanon,Mortalidad_Baja,8608.21084982387,23.3,1475.80821027467,78.192,2.79291148520091,75.4187807415965,11.8,0.0,27.003641590944014
Lebanon,Mortalidad_Baja,8089.012088155,27.0,1356.17702319106,78.306,2.72714945763945,74.20253290968,11.4,0.0,27.20882520824795
Lebanon,Mortalidad_Baja,7714.1099998804,28.0,1284.15018153506,78.275,3.28466326670943,73.8065438599639,11.2,0.0,22.47004878947703
Lebanon,Mortalidad_Baja,7577.6413302369,24.5,1192.55300583176,78.148,4.02280590517852,73.7326618919194,11.0,0.0,18.328665023834247
Lebanon,Mortalidad_Baja,8162.37929361396,25.0,1238.32383382097,78.037,3.9553991560217,72.0828493278447,10.9,0.0,18.22391280488235
Lebanon,Mortalidad_Baja,8406.98405608118,25.0,1383.47674048903,77.941,3.76453077704882,72.9665422887919,10.9,0.0,19.382639327495035
Lebanon,Mortalidad_Baja,7834.96257108993,25.0,1257.01533623898,77.768,3.80460970714467,73.5399992816103,11.0,1.0,19.329183527947603
Lebanon,Mortalidad_Baja,7625.81051551165,30.0,1272.70442631431,77.529,3.86195936751946,71.8617767348569,11.1,0.0,18.60759523759925
Lebanon,Mortalidad_Baja,7090.85493856621,30.0,1336.59416990092,77.262,3.95087208611483,69.1877288219295,11.4,0.0,17.512014389199486
Lebanon,Mortalidad_Baja,5912.04532820842,36.0,1061.37912293521,76.956,4.52188617992645,72.4380677565016,11.7,0.0,16.019436331252333
Lebanon,Mortalidad_Baja,5125.25809960149,31.0,823.875004803328,76.732,4.89276661829071,70.7510991777324,12.2,0.0,14.460346200295431
Lebanon,Mortalidad_Baja,4635.2514117486,27.0,985.785471251008,75.677,4.46973485890735,72.7943057979431,12.7,0.0,16.28604561473654
Lebanon,Mortalidad_Baja,4602.19804637945,30.0,1079.47193036728,76.074,3.57963505822563,71.1421422568266,13.4,0.0,19.87413272572279
Lebanon,Mortalidad_Baja,4600.68371412993,10.0,1149.06001925911,75.693,3.82091029633439,69.0739947560555,14.1,0.0,18.07788966475397
Lebanon,Mortalidad_Baja,4437.71588507526,10.0,1157.2988164132,75.275,5.48637489677952,59.5805119735756,14.9,0.0,10.859723058398565
Lebanon,Mortalidad_Media,4290.85283803266,10.0,1175.25346522376,74.836,5.66292601828761,60.1620947630923,15.7,0.0,10.623853211009187
Lebanon,Mortalidad_Media,4009.55929751102,10.0,1199.71023584992,74.354,5.86311872815425,61.4424775435036,16.6,0.0,10.479487179487172
Lebanon,Mortalidad_Media,3986.83513941026,10.0,1136.87014459546,73.895,6.23750960799385,61.52190622598,17.6,0.0,9.863216266173751
Lebanon,Mortalidad_Media,2958.74263957462,41.980000000000004,1115.10083292304,72.383,6.79485642800601,60.4060195644658,22.3,0.0,8.889962606935066
Lesotho,Mortalidad_Alta,1030.12579628833,42.8,463.9075612006076,56.812,5.95085395275307,50.0652656712258,57.6,0.0,8.413122901136548
Lesotho,Mortalidad_Alta,1066.58643600093,32.2,414.2120374527707,54.209,5.95625262808585,49.8035050592636,59.8,0.0,8.361550150579973
Lesotho,Mortalidad_Alta,918.582577421982,29.6,295.90153418140875,55.133,5.30771232422278,51.863700219612,61.2,0.0,9.771384930362917
Lesotho,Mortalidad_Alta,1082.05706777516,30.9,426.0230603346674,55.249,4.46380208822172,52.6027998539373,63.3,0.0,11.784303787288449
Lesotho,Mortalidad_Alta,1170.65569702819,32.9,340.795961672283,54.638,4.24977543430507,52.4296644724323,64.9,0.0,12.337043517454866
Lesotho,Mortalidad_Alta,1069.36673247542,39.6,419.30978531450256,53.874,4.9636238571378,54.5137388790934,68.2,1.0,10.982649058046864
Lesotho,Mortalidad_Alta,992.491840678465,49.0,392.253677002848,52.908,4.92411763358152,53.3450312980122,68.3,0.0,10.83341935907654
Lesotho,Mortalidad_Alta,1121.19851342518,49.0,470.7940481831826,51.83,3.78190344669127,51.5336434103419,69.3,0.0,13.626377335314551
Lesotho,Mortalidad_Alta,1173.5377928819,37.1,341.8472157202778,50.786,3.9607145663379,53.0682808394329,71.2,0.0,13.398663284261897
Lesotho,Mortalidad_Alta,1151.03735837227,35.0,455.03235618005357,49.547,5.06436346227762,54.8845910948592,72.8,0.0,10.83741155303567
Lesotho,Mortalidad_Alta,1217.93071228944,35.0,410.411383950247,48.235,4.89530867188129,52.8520996716815,73.1,0.0,10.79647948969277
Lesotho,Mortalidad_Alta,1280.73390931581,33.0,464.24230276538754,46.93,4.54395157549887,51.8923641324372,73.3,0.0,11.42009620266256
Lesotho,Mortalidad_Alta,1119.47557793042,32.0,501.1636655126175,46.045,4.86217527655246,53.84333484589,76.1,0.0,11.073918932035658
Lesotho,Mortalidad_Alta,878.847950537772,33.0,226.75527003880194,45.055,5.50352430775727,53.8868003720555,78.3,0.0,9.791325950191869
Lesotho,Mortalidad_Alta,898.482517882593,32.0,294.03772015836375,44.304,4.8970487478767,48.1946196438854,83.1,0.0,9.84156420023019
Lesotho,Mortalidad_Alta,861.188420899563,34.0,9.72728780689593,43.66,4.88998680002259,48.7741435228289,80.2,0.0,9.974289403522231
Lesotho,Mortalidad_Alta,925.467485502842,30.0,9.76832112893001,43.182,4.8427648086475,47.453282212477,81.7,0.0,9.798799670746323
Lesotho,Mortalidad_Alta,861.381496414995,30.0,16.8964238974827,43.611,5.67113040473066,48.8777892583314,81.4,0.0,8.618703110328628
Lesotho,Mortalidad_Alta,766.685820928242,30.0,14.2050571017929,44.039,5.98400675567569,48.7010986075853,80.2,0.0,8.13854338673556
Lesotho,Mortalidad_Alta,583.270036200288,30.0,302.3705162836046,44.921,6.34688612370652,49.2361832841348,79.2,0.0,7.757533745600173
Lesotho,Mortalidad_Alta,388.92334985135,30.0,434.5773006843874,45.95,6.39531283270571,49.1061150518713,78.5,1.0,7.678453945324145
Lesotho,Mortalidad_Alta,412.677473676821,30.0,435.49668291229716,47.153,8.29887058675374,48.2710293560451,78.3,0.0,5.816578153790349
Lesotho,Mortalidad_Alta,442.779545779081,30.0,368.4935357475174,48.783,7.82713481504646,51.3188103835103,78.0,0.0,6.5565256758907235
Lesotho,Mortalidad_Alta,513.413448796175,20.9,270.30767267258716,56.368,8.78063229571904,53.2021711773127,75.9,0.0,6.059036454954525
Liberia,Mortalidad_Alta,744.617175237387,25.1,346.9509974650046,61.934,36.2030463526172,37.3426880514025,53.9,0.0,1.0314791658051425
Liberia,Mortalidad_Alta,667.96610514319,27.0,346.6848794336458,61.166,36.9194911714167,37.6880542104516,55.4,0.0,1.0208172706245182
Liberia,Mortalidad_Alta,616.787867006715,23.8,289.9627758809114,61.267,39.2922850706535,39.8206677108527,56.8,0.0,1.013447490754205
Liberia,Mortalidad_Alta,658.164180770507,24.2,548.4112434807895,61.232,36.4371513224574,41.3512545877187,58.2,0.0,1.1348651880541654
Liberia,Mortalidad_Alta,692.203127129794,32.0,385.4578677451778,60.999,35.4966999096751,42.9373526844517,59.4,0.0,1.2096153387134603
Liberia,Mortalidad_Alta,699.269095727404,31.4,385.4578677451778,60.777,35.9426159185731,44.2886245963006,60.6,0.0,1.232203707616472
Liberia,Mortalidad_Alta,714.613063145659,37.0,319.56108541022803,60.483,35.9187135102446,46.0395120131722,61.8,1.0,1.2817695154933926
Liberia,Mortalidad_Alta,692.590082351257,38.0,385.45786774517785,59.248,34.4037544579447,44.5122901827187,63.3,0.0,1.293820714745849
Liberia,Mortalidad_Alta,706.714490064507,33.8,362.2075294544896,59.21,36.4990829760929,40.7273599259933,66.5,1.0,1.1158461146180012
Liberia,Mortalidad_Alta,710.744570927863,32.0,362.2677043435976,59.992,39.5299619498073,36.7766177374964,65.7,0.0,0.9303479164536782
Liberia,Mortalidad_Alta,638.368751462083,33.0,426.07823311651475,59.785,46.7127296252276,34.5571020921947,67.3,0.0,0.7397791216536369
Liberia,Mortalidad_Alta,568.087865520004,31.0,149.7101979364488,59.486,44.3005004170142,47.4000417014178,69.0,0.0,1.0699662815369277
Liberia,Mortalidad_Alta,492.252808033724,24.0,210.26842395965733,59.358,44.80003003003,50.1995995995996,70.8,0.0,1.1205260256734249
Liberia,Mortalidad_Alta,448.386367025545,21.0,224.45967020939867,59.106,58.0357466063348,36.9545135746606,72.9,0.0,0.6367543408259849
Liberia,Mortalidad_Alta,451.713856283285,14.2,224.45967020939867,58.675,65.1745654692932,27.7257821552723,75.5,0.0,0.425408009330499
Liberia,Mortalidad_Alta,374.211308104278,32.8,375.2125050896456,58.147,65.5981500364166,28.4765404224326,78.7,1.0,0.43410584607376795
Liberia,Mortalidad_Alta,320.55808618515,23.2,235.62314897007758,57.495,63.8180250223414,30.2998033958892,82.8,0.0,0.4747844106000123
Liberia,Mortalidad_Alta,287.487333441381,26.0,234.52130220289035,56.765,66.0327291886196,26.7272602739726,87.9,0.0,0.4047577709173182
Liberia,Mortalidad_Alta,284.140223992458,22.0,234.52130220289035,55.949,65.0474024526198,27.1750501672241,93.9,0.0,0.4177730261714642
Liberia,Mortalidad_Alta,239.779556677091,14.0,343.26477878405024,53.045,72.2403877005348,23.7980748663102,100.8,0.0,0.3294289472111183
Liberia,Mortalidad_Alta,299.536445539621,26.0,210.96832399237041,54.061,79.0423624595469,17.8637108953614,108.2,0.0,0.2260017329884829
Liberia,Mortalidad_Alta,300.463828598983,26.0,210.96832399237036,53.109,76.533587196468,19.3857947019868,116.0,0.0,0.25329787106701107
Liberia,Mortalidad_Alta,298.485340578945,26.0,210.96832399237036,51.852,76.0745423340961,19.6801945080092,123.9,0.0,0.2586961932886801
Liberia,Mortalidad_Alta,62.1438140627579,26.4,365.9703190586418,44.573,46.27476291883842,32.441117170762,159.4,0.0,0.7367747841316692
Libya,Mortalidad_Media,5986.63694851258,25.580000000000002,2539.19813836223,74.462,1.68643769937353,26.5756015796149,8.4,0.0,15.758424749095138
Libya,Mortalidad_Media,4935.82787349801,21.0,2368.63038927902,72.062,1.9292341608539,32.2272169143777,8.7,0.0,16.704668395522077
Libya,Mortalidad_Media,6650.33810585348,18.9,1687.13966145733,72.388,4.326770152924,88.3298040421117,9.0,0.0,20.414720662344187
Libya,Mortalidad_Media,9963.19489084483,15.8,3413.9338523206,72.941,2.04201619232517,56.1374562146309,9.2,0.0,27.491190532974773
Libya,Mortalidad_Media,11196.5854810844,23.1,3055.56390358683,73.151,3.66012922036917,52.9941083689439,9.5,0.0,14.478753393192708
Libya,Mortalidad_Media,9965.83236729757,26.7,3485.70959421231,72.721,3.87477645520451,64.0663893322394,9.8,0.0,16.53421560518334
Libya,Mortalidad_Media,7525.80299308216,18.0,3118.86767779323,71.799,4.61177989572916,77.8397088024993,10.2,0.0,16.878452693413333
Libya,Mortalidad_Media,7458.48917756374,15.0,3230.9775723301,71.644,4.3862973349324,72.4462059977024,10.6,0.0,16.51648314416399
Libya,Mortalidad_Media,8926.42074591474,18.3,3550.5742819662,71.3,3.51667860719144,67.8416782304827,11.0,0.0,19.291406980367697
Libya,Mortalidad_Media,11951.7134126011,20.0,2747.59073791604,72.339,2.41548515289585,49.5688944454069,11.4,0.0,20.521299576600704
Libya,Mortalidad_Media,14975.8902795144,22.0,3101.47681342856,72.188,1.81559365235981,38.0498684426903,11.9,0.0,20.957260118879102
Libya,Mortalidad_Media,7593.8391525702,25.0,2631.72794552167,69.95,3.05766833710666,60.4271917105475,13.9,0.0,19.762506932889636
Libya,Mortalidad_Media,11600.9068649472,26.0,3131.50608317262,72.196,1.79953001101668,32.1610487205157,13.0,0.0,17.87191573556791
Libya,Mortalidad_Media,9551.05403869755,25.0,2784.55454632999,72.071,2.15806763082219,33.6406666526731,13.8,0.0,15.588328267477202
Libya,Mortalidad_Media,13906.1407818125,27.0,2578.95942858435,71.936,1.38365254109486,22.6422296787815,14.7,0.0,16.36410081743868
Libya,Mortalidad_Media,11144.9448413435,25.0,2363.56247489929,71.788,1.54141662252696,24.5170340448071,15.7,0.0,15.905520731062628
Libya,Mortalidad_Media,10048.8480434289,25.0,2733.38300724871,71.632,1.51764483817067,21.4916497863516,16.8,0.0,14.161185308848072
Libya,Mortalidad_Media,8079.24957329001,21.0,3114.98564274947,71.439,2.51001097978428,40.7510248960766,17.9,0.0,10.117216754621026
Libya,Mortalidad_Media,5773.76333234281,10.0,3051.03345536709,71.21,3.34262291274763,53.058333216437674,18.8,0.0,4.45572323824342
Libya,Mortalidad_Media,4674.09943200321,10.0,3033.31081378459,70.996,4.09220701963117,53.59323010781243,19.6,0.0,4.432112837861194
Libya,Mortalidad_Media,3718.29434696755,10.0,3089.63282765671,70.788,5.18529909272643,64.65976860719601,20.3,0.0,9.792164033565522
Libya,Mortalidad_Media,6312.80030498965,10.0,3074.78058753118,70.653,13.034022231713845,50.666555241072565,20.9,0.0,5.030255009537415
Libya,Mortalidad_Media,7214.10040377084,10.0,2976.83650740397,70.542,5.166491778417446,50.471287360071294,21.5,0.0,8.984388309424054
Libya,Mortalidad_Media,5205.25706378741,23.82,2850.593104619,70.641,8.62818662460429,53.79347645057341,25.2,0.0,6.3036041166114405
Lithuania,Mortalidad_Baja,25085.784063499,66.6,2428.00261742472,75.6439024390244,3.9279382912554,61.0306838894474,2.9,1.0,15.53758724400467
Lithuania,Mortalidad_Media,23870.4594851722,74.5,2754.49520584909,74.0365853658537,3.39582123831296,60.8775666305138,3.0,1.0,17.927200037407655
Lithuania,Mortalidad_Media,20428.6478157394,67.4,2654.52980502631,75.0292682926829,3.53241993914326,61.0170094436429,3.1,1.0,17.273430253154366
Lithuania,Mortalidad_Baja,19608.7943945553,47.8,2707.60764686504,76.2829268292683,3.12404744403716,61.179068325455,3.3,1.0,19.583271195905464
Lithuania,Mortalidad_Baja,19247.2315367967,50.9,2711.1618678975,75.6804878048781,2.88685726647675,61.178353815629,3.5,1.0,21.192025849720586
Lithuania,Mortalidad_Baja,16800.1510246099,69.7,2653.39984329273,75.4804878048781,3.54933633712632,60.2020468532002,3.8,1.0,16.961493962542335
Lithuania,Mortalidad_Media,14934.2702840428,58.0,2504.98383829705,74.6707317073171,3.12061896056681,60.4983280052475,4.0,1.0,19.386643729889713
Lithuania,Mortalidad_Media,14269.8039878287,57.0,2420.60555053468,74.3219512195122,3.43671864804715,59.2019719495734,4.1,1.0,17.22630742065947
Lithuania,Mortalidad_Media,16446.1647181663,49.9,2376.27537817697,74.5170731707317,3.4401608409572,58.7478006463531,4.2,1.0,17.07705056895158
Lithuania,Mortalidad_Media,15636.5252586048,48.0,2352.91337348691,73.9146341463415,3.53435810553224,58.9225729509242,4.2,1.0,16.671364698074655
Lithuania,Mortalidad_Media,14288.1853493139,50.0,2468.16458396119,73.8634146341464,4.00007448760216,57.6622186397042,4.3,1.0,14.415286219899807
Lithuania,Mortalidad_Media,14261.8433787325,49.0,2412.97760145453,73.5634146341464,3.51897129368263,57.6254914588371,4.5,1.0,16.375663979495435
Lithuania,Mortalidad_Media,11829.122609457,46.0,2276.51776090125,73.2682926829268,3.06871518554059,60.0343254564853,4.9,1.0,19.563342254556463
Lithuania,Mortalidad_Media,11854.3711053096,48.0,2771.81869908328,72.9146341463415,2.52928276861212,62.3997102039979,5.4,1.0,24.6709110497116
Lithuania,Mortalidad_Media,14955.5345462921,48.0,2978.8832571652,71.8121951219512,3.28158323801393,57.206064566221,6.0,1.0,17.4324587910935
Lithuania,Mortalidad_Media,12295.1212779366,48.0,2927.72851407517,70.9,3.47267609522387,56.6453735171211,6.5,1.0,16.31173537751709
Lithuania,Mortalidad_Media,9210.10118229413,46.0,2669.90395839998,71.0560975609756,3.8728905163979,56.480638797473,7.0,1.0,14.583587777225508
Lithuania,Mortalidad_Media,7857.03148786492,47.0,2668.04972447817,71.2536585365854,4.32727074499656,56.5173523499693,7.3,1.0,13.060738668898386
Lithuania,Mortalidad_Media,6734.57487061946,48.0,2784.89403569789,71.9609756097561,4.15167623775201,56.4136355802795,7.5,1.0,13.58815869775663
Lithuania,Mortalidad_Media,5507.47434187652,48.0,2714.29508589632,72.0609756097561,4.41639298290057,57.2367901029329,7.7,1.0,12.960076316700714
Lithuania,Mortalidad_Media,4148.13091485015,41.0,2578.77097536015,71.7609756097561,4.76760475898336,57.7970778931469,7.9,1.0,12.122875283284074
Lithuania,Mortalidad_Media,3532.52787363242,38.0,2388.28142241839,71.6585365853659,4.86500650657571,56.9375008272264,8.2,1.0,11.703478864882856
Lithuania,Mortalidad_Media,3300.63634928559,30.0,2040.58088590544,72.0195121951219,5.57351611529396,56.8110809259453,8.6,1.0,10.193041475210475
Lithuania,Mortalidad_Media,2182.69156931505,25.380000000000003,2401.16634284387,69.0063414634147,9.81208235083643,51.21621023271,12.0,0.0,5.21970855945212
Luxembourg,Mortalidad_Baja,123719.658915996,89.5,4875.19867273903,82.9463414634147,0.242167478298755,81.1291613534756,2.0,1.0,335.0126198753612
Luxembourg,Mortalidad_Baja,134965.815442152,92.5,5630.67678137135,82.5975609756098,0.194861687098922,79.9504470861718,2.1,1.0,410.29331253600805
Luxembourg,Mortalidad_Baja,116860.02817236,90.3,5436.11880127401,82.1439024390244,0.20041631187567,79.3002230832453,2.1,1.0,395.67748922772256
Luxembourg,Mortalidad_Baja,112696.649059674,85.8,6377.09810724871,82.6390243902439,0.214828063048275,78.7000438836607,2.1,1.0,366.33968005369786
Luxembourg,Mortalidad_Baja,116926.759593905,79.0,6414.60050528088,82.2951219512195,0.233738394048527,79.3906348113495,2.1,1.0,339.65594370802006
Luxembourg,Mortalidad_Baja,110193.213797228,78.3,6313.35371226953,82.0951219512195,0.23457255011554,80.0810053034631,2.1,1.0,341.3912039751401
Luxembourg,Mortalidad_Baja,106899.293549552,82.0,6342.68337961913,82.6853658536585,0.214197008159042,79.1113386071195,2.1,1.0,369.3391391740592
Luxembourg,Mortalidad_Baja,105462.012584423,80.0,6548.75962101678,82.2926829268293,0.223732628740735,79.7312744577697,2.2,1.0,356.36855878613756
Luxembourg,Mortalidad_Baja,123678.702143275,84.1,6878.68145180459,82.2292682926829,0.289550438585059,78.2098746195357,2.2,1.0,270.1079473466609
Luxembourg,Mortalidad_Baja,120000.140729859,85.0,7320.72167920662,81.8,0.261907196956465,78.9577970757573,2.2,1.0,301.4724222675022
Luxembourg,Mortalidad_Baja,112584.676270958,85.0,7723.78432331196,81.3926829268293,0.287951499538819,78.8749543859531,2.3,1.0,273.91749830189684
Luxembourg,Mortalidad_Baja,119025.057203467,82.0,8062.97911929005,80.9878048780488,0.25111528958498,78.8372958017318,2.3,1.0,313.9486087526839
Luxembourg,Mortalidad_Baja,110885.991378721,83.0,8335.83500727028,80.6317073170732,0.268412058048641,78.9069308415746,2.4,1.0,293.97684819090836
Luxembourg,Mortalidad_Baja,109419.746953106,84.0,7958.76292955031,80.6365853658537,0.233334868942186,78.686285175163,2.4,1.0,337.22471712815155
Luxembourg,Mortalidad_Baja,120422.137934157,86.0,8625.43333557115,80.5390243902439,0.307778948525776,76.8613570571973,2.5,1.0,249.72909104197646
Luxembourg,Mortalidad_Baja,107475.320297978,85.0,8779.506079749,79.3829268292683,0.363222868939437,74.5781635960329,2.6,1.0,205.3234252947545
Luxembourg,Mortalidad_Baja,90788.8004876145,84.0,9172.05598332149,79.2878048780488,0.311756721900439,75.9521165224508,2.7,1.0,243.62623541668643
Luxembourg,Mortalidad_Baja,80988.1376230858,87.0,9429.92465262134,79.4317073170732,0.35650094088746,73.9922867769233,2.9,1.0,207.5514487920556
Luxembourg,Mortalidad_Baja,76544.9170868473,90.0,9381.20382071321,79.1219512195122,0.535432004959881,72.9001733879492,3.1,1.0,136.15206545864118
Luxembourg,Mortalidad_Baja,65689.3214536911,87.0,8553.03437986234,77.7268292682927,0.46423787561405,72.8090213829589,3.3,1.0,156.83559056152842
Luxembourg,Mortalidad_Baja,53005.7339209179,86.0,8205.47469644344,77.9658536585366,0.690661512047414,72.8571768991792,3.5,1.0,105.48897778189432
Luxembourg,Mortalidad_Baja,48440.1420151355,88.0,7986.41389470608,77.8243902439025,0.560287361469729,72.8424114534201,3.7,1.0,130.00902119644832
Luxembourg,Mortalidad_Baja,48659.5988753233,87.0,7682.15555208276,77.8731707317073,0.596866957478124,71.9422412581348,3.9,1.0,120.5331277879821
Luxembourg,Mortalidad_Baja,51032.349635318,79.94,7705.6113924511,76.5121951219512,0.934627457791923,69.4566158955568,5.3,1.0,74.3147607279263
Madagascar,Mortalidad_Alta,503.514533472879,23.0,308.672539601401,63.068,21.5442357878427,48.436608567296,44.7,0.0,2.2482398096770053
Madagascar,Mortalidad_Alta,483.469463351371,20.2,308.953475191696,62.516,22.5220913616257,49.6063940347162,44.9,0.0,2.202566060061284
Madagascar,Mortalidad_Alta,450.771615201509,25.0,301.748644745329,62.706,24.6929443981327,50.3929947597023,44.7,0.0,2.0407851711484457
Madagascar,Mortalidad_Alta,499.818837622534,14.3,313.77500218938,63.504,22.9562520100657,49.803398923588,44.5,0.0,2.169491731566222
Madagascar,Mortalidad_Alta,500.45718552916,17.8,292.820905838727,63.491,23.9733833005861,48.7393975825603,44.2,0.0,2.0330629586758713
Madagascar,Mortalidad_Alta,491.866848718929,25.0,299.453710205685,63.433,24.5501377693098,51.0493152393528,43.9,0.0,2.0793901736539215
Madagascar,Mortalidad_Alta,453.970714522463,28.0,293.322517988217,63.431,25.1334543599723,51.0107328908938,43.8,0.0,2.029594983653891
Madagascar,Mortalidad_Alta,445.320069480568,28.0,275.43076854299,63.362,25.7433543337656,50.7680550591088,43.8,0.0,1.972083917305221
Madagascar,Mortalidad_Alta,505.684922503435,27.3,271.281685784756,63.261,25.8453829296172,50.8124409881822,43.9,0.0,1.9660161788492716
Madagascar,Mortalidad_Alta,515.301589361832,30.0,268.494073877684,63.161,26.4930339794941,51.5008530957731,44.1,0.0,1.9439394195332753
Madagascar,Mortalidad_Alta,493.511162904211,26.0,265.242059456403,63.007,28.0006123574142,50.9548624555702,44.6,1.0,1.8197767179215996
Madagascar,Mortalidad_Alta,506.163691559309,30.0,259.293314846996,62.86,29.0502057606452,49.1347880329208,45.2,0.0,1.6913748714125985
Madagascar,Mortalidad_Alta,450.009391645726,34.0,255.486793083651,62.597,29.0780963483597,48.7541183093285,46.2,1.0,1.6766612822671496
Madagascar,Mortalidad_Alta,446.315238370592,32.0,253.627612930936,62.304,30.4651481314923,47.015745609716,47.4,0.0,1.5432633186875953
Madagascar,Mortalidad_Alta,512.579800058444,31.0,259.197265939314,61.992,27.0525720488789,47.7475305832466,48.8,0.0,1.7649904229799596
Madagascar,Mortalidad_Alta,419.548001431865,28.0,254.441517219544,61.533,28.0670132910209,48.0405252639591,50.4,0.0,1.7116365309638433
Madagascar,Mortalidad_Alta,324.146874882604,31.0,250.834742473721,61.14,30.1822717236059,52.4774184184697,52.3,0.0,1.73868351922054
Madagascar,Mortalidad_Alta,305.812074924388,26.0,250.780807193194,60.664,30.7627339341287,51.4124515283538,54.2,1.0,1.6712575559260014
Madagascar,Mortalidad_Alta,272.20074858856,17.0,250.245993304321,60.168,31.4205052808436,50.2445789659486,56.2,0.0,1.5991015585793786
Madagascar,Mortalidad_Alta,352.620095849925,30.0,247.053924908213,59.693,32.0297909636333,49.9000478604401,58.3,0.0,1.5579261168796488
Madagascar,Mortalidad_Alta,304.941777398445,30.0,235.904702374408,59.17,34.1425139825593,50.2028794922736,60.6,0.0,1.4703920021214099
Madagascar,Mortalidad_Alta,319.283278235657,30.0,254.167832334244,58.674,29.8513134115876,50.9264110852576,63.0,1.0,1.7060023585256763
Madagascar,Mortalidad_Alta,280.282905559649,30.0,255.709986506438,57.974,30.8787172940737,48.3695987195514,65.5,0.0,1.5664380828679882
Madagascar,Mortalidad_Alta,273.149653945976,10.0,243.796187348118,54.845,34.9596662452556,43.5835155830029,79.1,0.0,1.2466799676303446
Malawi,Mortalidad_Alta,604.269751184515,29.4,479.05300560963695,66.037,27.5975518762201,49.2359417778991,30.5,0.0,1.7840691811625542
Malawi,Mortalidad_Alta,617.447520802454,26.8,432.3058157765225,64.782,25.5328304255348,49.7686602288935,31.4,0.0,1.9492026304737842
Malawi,Mortalidad_Alta,602.507478176106,24.8,479.05300560963695,65.216,25.0150110062267,50.3386872937921,32.3,0.0,2.0123392022998456
Malawi,Mortalidad_Alta,580.889816066776,25.2,588.9031608555861,64.995,22.9473991790142,52.5126504640364,33.6,1.0,2.288392251094849
Malawi,Mortalidad_Alta,533.203173686705,28.9,326.673407541554,64.464,21.632593506951,53.509369127,34.5,0.0,2.4735531183446096
Malawi,Mortalidad_Alta,495.769683367165,31.3,280.78866197904824,63.914,22.9262319821323,53.1222211157681,36.1,0.0,2.3170934132206824
Malawi,Mortalidad_Alta,450.506105510719,33.0,324.659189407743,63.163,22.1929077690151,53.9094692362352,37.6,1.0,2.4291305040929143
Malawi,Mortalidad_Alta,539.605363240686,37.0,479.40354529298895,62.324,22.9948363698368,53.2072107130481,39.3,0.0,2.313876465885272
Malawi,Mortalidad_Alta,529.5133440206,31.9,424.134889150862,61.651,23.8734416539637,52.6198508476428,41.4,0.0,2.2041166753561208
Malawi,Mortalidad_Alta,496.947368267313,30.0,280.78866197904824,60.816,23.8492870296807,52.4849872843715,43.6,0.0,2.200694185073682
Malawi,Mortalidad_Alta,558.46208832772,34.0,506.8051010013784,59.87,23.5292854390256,52.5104116951348,46.6,0.0,2.2317044787106535
Malawi,Mortalidad_Alta,763.061000394572,33.0,366.1968037137868,58.859,23.9314133083531,51.6606062394182,49.9,0.0,2.158694330910511
Malawi,Mortalidad_Alta,683.124694716799,28.0,391.7128819408584,57.787,24.6321400620979,51.1943503329606,53.6,1.0,2.0783557662427654
Malawi,Mortalidad_Alta,625.869729869625,27.0,335.7310960620082,56.714,25.3093021258133,50.3807859032207,55.5,0.0,1.9906035201119454
Malawi,Mortalidad_Alta,554.048820396119,27.0,427.8993943618906,55.715,24.9323563197161,49.887973712386,57.3,0.0,2.0009329672918
Malawi,Mortalidad_Alta,475.180261659331,28.0,420.9585709809056,54.687,22.8824872507399,49.5765681184685,59.9,0.0,2.1665725222622143
Malawi,Mortalidad_Alta,440.822149023873,28.0,380.84794291230463,53.652,25.6738776075689,48.8725353335126,61.9,0.0,1.9035899477492453
Malawi,Mortalidad_Alta,414.361121984475,28.0,440.4290544146819,52.469,27.3766782308788,47.8108177015335,65.1,0.0,1.7464068247551874
Malawi,Mortalidad_Alta,404.674248445428,29.0,376.98070452188455,51.073,28.8733040048574,46.4939592314372,70.2,1.0,1.6102749870127595
Malawi,Mortalidad_Alta,383.348596852642,32.0,399.75581551185826,49.601,30.1281788478073,45.9888017430968,77.2,0.0,1.526438155303364
Malawi,Mortalidad_Alta,428.210439838398,41.0,401.25649572390176,48.176,32.287184795846,47.1018174090037,85.1,0.0,1.4588394035228403
Malawi,Mortalidad_Alta,215.474524898357,41.0,276.32621490786823,47.205,29.3463400754759,47.8472542285068,93.1,0.0,1.6304334409486283
Malawi,Mortalidad_Alta,224.22415918428,41.0,454.7899752304094,46.17,29.6608890123553,45.5596539072455,100.2,0.0,1.5360178141750078
Malawi,Mortalidad_Alta,200.362370007247,30.0,233.269577064048,43.804,22.3443422581962,49.55822763556,115.1,0.0,2.217931817499859
Malaysia,Mortalidad_Baja,11748.0919307944,53.9,2867.09651939173,75.444,8.95072082275607,50.905773608125,6.7,0.0,5.6873378821852585
Malaysia,Mortalidad_Media,10903.1116425938,53.2,2793.49953523,73.917,9.56621458844467,51.651935586827,6.7,1.0,5.399412182245943
Malaysia,Mortalidad_Baja,9957.52626697613,49.4,2722.6031659631,76.057,8.16600227056372,54.7885780566697,6.7,0.0,6.709351313085969
Malaysia,Mortalidad_Baja,10920.191763972,55.4,2878.2988852867,75.9,7.24130800003819,54.1547930455103,6.7,0.0,7.4785926859104315
Malaysia,Mortalidad_Baja,10901.8019954421,54.8,2839.45244829846,75.734,7.51208953273518,52.9910477853598,6.7,1.0,7.0541022646818154
Malaysia,Mortalidad_Baja,9862.54806612235,51.8,2617.76462271235,75.542,8.59827695237266,51.8820155184897,6.7,0.0,6.034001440739016
Malaysia,Mortalidad_Baja,9476.53409809923,52.0,2759.17228283076,75.371,8.46252661805744,52.5314244518403,6.7,0.0,6.207534324293659
Malaysia,Mortalidad_Baja,9648.6797937523,50.0,2706.92696275778,75.288,8.28749992585653,52.0139839408985,6.6,1.0,6.276197213422328
Malaysia,Mortalidad_Baja,11013.3107334403,44.3,2879.92352228516,75.345,8.87320901302643,50.1226904594272,6.6,0.0,5.648767022826119
Malaysia,Mortalidad_Baja,10713.6407638899,43.0,2869.7691156446,75.464,9.11336384538206,49.9447288177857,6.5,1.0,5.48038349671442
Malaysia,Mortalidad_Baja,10600.5744240026,44.0,2587.43170352026,75.552,9.79375074645921,49.0223958354783,6.5,0.0,5.005477176678367
Malaysia,Mortalidad_Baja,10217.1068585031,45.0,2591.22470848139,75.488,11.4533531198278,47.766725565489,6.5,1.0,4.170545085420991
Malaysia,Mortalidad_Baja,8899.34505544675,51.0,2529.59168934211,75.376,10.0899159275121,48.4774187579282,6.5,0.0,4.804541396201842
Malaysia,Mortalidad_Baja,7191.43287234626,51.0,2483.79273364834,75.269,9.21910004390782,48.836021810826,6.5,0.0,5.297265630943867
Malaysia,Mortalidad_Media,8371.82156086005,50.0,2678.81949826316,75.151,9.96858233467411,43.9481056537511,6.5,1.0,4.408661550688575
Malaysia,Mortalidad_Media,7168.93031942508,51.0,2584.76582554848,74.961,9.98677367962245,44.5202452881234,6.5,0.0,4.457920717575177
Malaysia,Mortalidad_Media,6158.40785533236,50.0,2472.12683283587,74.697,8.60998284136304,43.9262781844017,6.5,1.0,5.101784636942176
Malaysia,Mortalidad_Media,5555.58179951206,52.0,2515.14872740447,74.37,8.26229170422644,44.1971529384927,6.5,0.0,5.34926077662985
Malaysia,Mortalidad_Media,4939.24851854427,49.0,2371.20028657265,74.027,9.27100209261509,44.5475985554205,6.6,0.0,4.805046758743085
Malaysia,Mortalidad_Media,4465.32194567208,50.0,2254.16675979207,73.727,9.30608521643197,46.7102388190148,6.7,1.0,5.01932205999333
Malaysia,Mortalidad_Media,4184.03163773539,48.0,2154.46190610282,73.469,8.98508140381459,48.6964168752104,6.9,0.0,5.4196967936802976
Malaysia,Mortalidad_Media,3943.79943910239,51.0,2135.7884053911,73.08,8.01097059098812,49.1730931223924,7.2,0.0,6.138219153832533
Malaysia,Mortalidad_Media,4083.52874483605,53.0,2102.39212549567,72.732,8.59902188826631,46.3014974705458,7.7,0.0,5.384507455868433
Malaysia,Mortalidad_Media,4363.14458333034,70.0,1669.4307615698,71.979,12.9494365608411,47.8822149204623,10.2,1.0,3.697629213093131
Mali,Mortalidad_Alta,969.72220560562,28.3,271.6627427571388,60.035,32.9652832845916,35.7394195272272,59.0,0.0,1.0841532656851842
Mali,Mortalidad_Alta,1027.27345365357,23.6,451.2749879214002,59.116,32.0375587266747,35.3194466866978,60.5,1.0,1.1024387653261039
Mali,Mortalidad_Alta,953.242943290974,20.7,278.1379279166782,58.858,32.2899608370191,35.2593907469673,62.1,0.0,1.0919613970712492
Mali,Mortalidad_Alta,971.949318638092,29.6,318.20881409220226,59.217,32.2682205547332,37.2907298223604,63.7,0.0,1.1556487832698443
Mali,Mortalidad_Alta,996.379292136901,31.4,383.27879081199865,58.873,32.4975413984656,37.7025904458647,65.1,1.0,1.1601674718581898
Mali,Mortalidad_Alta,924.057531692284,34.3,304.13526384517576,58.562,31.4007766435761,38.465341607849,66.6,0.0,1.224980580718157
Mali,Mortalidad_Alta,872.468587171653,32.0,245.0642253434318,58.286,30.9987192702461,39.318867039934,68.0,0.0,1.2684029523011273
Mali,Mortalidad_Alta,838.11986940103,28.0,331.26872575675964,57.852,30.525122276133,40.0970307151047,69.4,0.0,1.3135747779282703
Mali,Mortalidad_Alta,940.243260037952,27.7,326.4641870418618,57.482,29.5637215846784,40.5267167514301,70.8,0.0,1.370825950831351
Mali,Mortalidad_Alta,903.190452512378,28.0,286.90585851022263,57.052,28.4567574237855,41.4495177021681,72.3,0.0,1.4565790854133873
Mali,Mortalidad_Alta,878.217175344858,27.0,193.52235048472718,56.696,30.5771206889359,38.5195932232585,73.9,0.0,1.2597521400108977
Mali,Mortalidad_Alta,941.574944706639,28.0,312.09535463845737,56.367,27.4654786017959,41.1283525302867,75.5,0.0,1.4974562477712445
Mali,Mortalidad_Alta,827.617660082715,31.0,320.172115773364,55.993,25.029137826406,41.1767225212007,77.3,0.0,1.6451514553473285
Mali,Mortalidad_Alta,815.78868795173,27.0,319.24258180438136,55.588,24.3106014567072,41.0659804751015,79.1,1.0,1.6892210811086927
Mali,Mortalidad_Alta,820.715705601841,28.0,319.24258180438136,55.187,23.7736064666164,43.10018069202,81.1,0.0,1.812942464263575
Mali,Mortalidad_Alta,711.675463215078,29.0,379.9815843441273,54.756,21.9714685879203,43.4595655847457,83.2,0.0,1.9780000326714322
Mali,Mortalidad_Alta,633.221946737432,32.0,294.0046741414464,54.305,20.5794387561712,41.9825275103293,85.4,1.0,2.0400229572703923
Mali,Mortalidad_Alta,591.630393473705,30.0,312.5851291911448,53.792,22.5089459037018,42.9811233857412,87.8,0.0,1.9095129363064738
Mali,Mortalidad_Alta,542.887347640863,10.0,375.62384450620266,53.253,21.6317330518122,45.6887024716863,90.5,0.0,2.1121147511506813
Mali,Mortalidad_Alta,371.627016389759,10.0,253.55527925813658,52.632,29.8766298501644,37.2640518438314,93.4,0.0,1.2472642339753843
Mali,Mortalidad_Alta,318.042432039222,10.0,237.05293944711838,51.995,32.7141837452601,35.2872984191419,96.5,0.0,1.078654405499407
Mali,Mortalidad_Alta,291.159497911347,10.0,235.69060899893321,51.3,32.8136059590433,35.872252289535,99.7,1.0,1.0932127463927428
Mali,Mortalidad_Alta,256.199554978241,10.0,240.38953570677398,50.605,32.9018677247122,37.2626429329049,102.8,0.0,1.1325388347153733
Mali,Mortalidad_Alta,265.717051612187,10.0,286.6189457972584,48.292,37.7089536647179,38.4886940402217,115.4,0.0,1.0206778576365898
Malta,Mortalidad_Baja,36224.2819955817,55.8,1456.24524810948,82.4487804878049,0.770662549642097,80.1516418905823,5.0,1.0,104.00355113636374
Malta,Mortalidad_Baja,38065.354346575,55.0,1363.19399806331,82.2585365853659,0.82992754838942,79.157338220807,5.1,1.0,95.37861271676292
Malta,Mortalidad_Baja,31833.596382464,55.1,1336.72896034906,82.0975609756098,0.726666972318758,78.5628619086116,5.2,1.0,108.11398467432946
Malta,Mortalidad_Baja,32421.9179753188,50.3,1440.48279152041,82.6585365853659,0.4721066879515,77.2151386916786,5.4,1.0,163.55442670537002
Malta,Mortalidad_Baja,33382.2677502638,49.9,1407.69637134225,82.2487804878049,0.622140405009506,77.1220159873828,5.5,1.0,123.9623971797884
Malta,Mortalidad_Baja,30317.2443357939,53.6,1451.209231349,82.3463414634146,0.675668841155664,77.4370736924484,5.6,1.0,114.6080283353011
Malta,Mortalidad_Baja,26459.0772054811,55.0,1311.66732595294,82.4536585365854,1.01064539115143,75.8002452204941,5.7,1.0,75.00182149362475
Malta,Mortalidad_Baja,25529.6813131565,56.0,1448.8722651887,81.8975609756097,0.941161443311968,76.1293947103127,5.8,1.0,80.88877338877342
Malta,Mortalidad_Baja,27424.5765369278,55.8,1793.37877402513,82.0463414634146,1.00129014447097,74.356968340189,5.9,1.0,74.26116071428564
Malta,Mortalidad_Baja,25415.5566806942,56.0,1822.11290174526,81.7463414634146,1.01975752527852,73.0412090904556,5.9,1.0,71.62605548854009
Malta,Mortalidad_Baja,22878.3131257656,56.0,2102.78419805068,80.7463414634146,1.09098726860641,71.9744088613837,6.0,1.0,65.97181372549045
Malta,Mortalidad_Baja,23516.9691282762,52.0,2002.2597001723,80.7463414634146,1.08775796660071,69.9293291469582,6.0,1.0,64.28758169934653
Malta,Mortalidad_Baja,21946.6070188242,58.0,2022.68894914335,81.3975609756098,1.27222712305743,69.4944957814887,6.0,1.0,54.62428407789229
Malta,Mortalidad_Baja,21176.3216665018,58.0,1953.4340878955,80.2414634146342,1.3295914981212,68.5821107439979,6.0,1.0,51.581339712918535
Malta,Mortalidad_Baja,22315.3104812611,64.0,2153.74903793408,79.6365853658537,1.07431665643794,67.6883631863751,6.0,1.0,63.00597014925389
Malta,Mortalidad_Baja,19444.1743635565,66.0,2131.22296210827,79.7926829268293,1.75487582903605,66.9621849872415,6.0,1.0,38.157790927021715
Malta,Mortalidad_Baja,16653.6038312389,68.0,2095.17873042085,79.4390243902439,1.81393309891346,65.2885817948061,6.0,1.0,35.99282786885236
Malta,Mortalidad_Baja,15831.3439802756,50.0,2101.87985022264,79.3,1.78761496392062,64.2880027829994,6.1,0.0,35.96300326441782
Malta,Mortalidad_Baja,15212.1312964883,50.0,2066.57163915642,79.2536585365854,1.84667349520954,63.5520950367967,6.1,0.0,34.41436464088391
Malta,Mortalidad_Baja,13593.9787182902,30.0,2071.44952722888,78.5463414634146,1.91969794287983,62.280966192796,6.2,0.0,32.443107221006535
Malta,Mortalidad_Baja,11251.2024877398,30.0,1851.86412884869,78.7390243902439,2.10668361376596,61.6071622620609,6.3,0.0,29.24367088607596
Malta,Mortalidad_Baja,10357.7026407269,30.0,2001.30094235953,78.8439024390244,2.17220597545979,62.6471701768258,6.5,0.0,28.840345199568514
Malta,Mortalidad_Baja,10348.4860163,30.0,1731.67515154798,78.3487804878049,1.85678318211715,60.2083184517622,6.7,0.0,32.426143790849714
Malta,Mortalidad_Baja,9828.22830085662,10.0,1879.02897380994,77.290243902439,2.25201599685308,60.5487445092769,8.2,0.0,26.886462882096062
Mauritania,Mortalidad_Media,1960.35240077424,23.5,970.3517438455123,68.281,21.2302013888594,44.6134039235348,32.0,0.0,2.1014121866477344
Mauritania,Mortalidad_Alta,1947.78918383313,21.0,905.7687409112463,66.762,19.1485811289032,41.2809978730915,32.9,0.0,2.155825415742227
Mauritania,Mortalidad_Alta,1795.76459566714,21.9,540.8679730101278,66.794,19.1523401706647,38.980438494127,33.8,0.0,2.03528332030321
Mauritania,Mortalidad_Media,1767.072710621,30.6,862.3852032092994,67.64,19.957882454072,42.835788176362,34.8,1.0,2.1463092727867146
Mauritania,Mortalidad_Media,1722.93528854073,28.9,597.5596318280366,67.419,23.655966000294,43.4303714104838,35.8,0.0,1.835916208619172
Mauritania,Mortalidad_Media,1615.00401327323,29.2,611.7411641847955,67.088,22.7188300742502,43.9182291052554,36.7,0.0,1.9331201898038253
Mauritania,Mortalidad_Alta,1565.76575722696,30.0,942.0915351449017,66.823,21.7392133521855,43.8844616566403,37.6,0.0,2.0186775365645175
Mauritania,Mortalidad_Alta,1554.94897871782,30.0,511.83989967722283,66.498,20.6295456111909,46.4932179805674,38.5,0.0,2.253719924657296
Mauritania,Mortalidad_Alta,1713.00865264234,23.9,803.0504545143882,66.207,18.8142560652114,44.3634547026997,39.3,1.0,2.357970176919734
Mauritania,Mortalidad_Alta,1934.24103064714,24.0,459.58956735637355,65.89,16.2826011052317,37.9017288839036,40.1,0.0,2.327744114036273
Mauritania,Mortalidad_Alta,1859.11733247641,23.0,664.5232066639874,65.808,16.0859607599369,38.8685569000327,40.8,0.0,2.416303103065954
Mauritania,Mortalidad_Alta,1931.19975525465,25.0,459.58956735637355,65.754,14.5158947387598,36.1958838869826,41.5,0.0,2.493534469517315
Mauritania,Mortalidad_Alta,1659.96369705455,28.0,524.9239255305605,65.661,16.7330487035243,39.9492728035458,42.4,0.0,2.3874473511292487
Mauritania,Mortalidad_Alta,1435.43010811893,26.0,491.07084419418277,65.485,19.178182151624,42.7452015890838,43.4,0.0,2.2288453228328606
Mauritania,Mortalidad_Alta,1635.5630623124,31.0,751.12168708491,65.233,18.5594231007108,39.238285130247,44.8,1.0,2.1141974573953344
Mauritania,Mortalidad_Alta,1405.15016203368,30.0,332.3506560610744,64.885,18.4325192807889,38.304859791134,46.7,0.0,2.0781131004190425
Mauritania,Mortalidad_Alta,1300.60367988659,30.0,358.74411712063454,64.493,16.6071438940053,34.0804263088307,49.0,0.0,2.052154574341513
Mauritania,Mortalidad_Alta,998.96583416747,30.0,384.5545291263834,63.92,20.0701967217813,40.6837476533578,51.8,0.0,2.0270726897861207
Mauritania,Mortalidad_Alta,823.554457141893,30.0,357.3853523195666,63.369,22.9178992193284,42.8464291437464,55.0,1.0,1.8695618099066758
Mauritania,Mortalidad_Alta,732.017820812675,30.0,335.88674166506144,62.805,24.1788498451535,43.3594627143196,58.4,0.0,1.793280614752266
Mauritania,Mortalidad_Alta,648.879643934862,30.0,621.0056795152921,62.249,24.2300169627578,42.0579788251562,61.8,0.0,1.7357799992381542
Mauritania,Mortalidad_Alta,651.817840199777,30.0,615.1389254458957,61.662,24.8689597080936,41.2732318333519,64.9,0.0,1.6596284009386824
Mauritania,Mortalidad_Alta,680.911061879778,30.0,342.339006719,61.044,24.8287452979645,40.367653425841,67.6,1.0,1.6258434705981863
Mauritania,Mortalidad_Alta,904.719170071042,26.24,286.90585851022263,58.861,28.1339796728338,39.9445062226191,72.8,1.0,1.4197958016294991
Mauritius,Mortalidad_Media,10223.7882316574,56.5,1095.73879704883,73.5146341463415,3.56303075042828,65.8894162906956,13.8,0.0,18.492519685039383
Mauritius,Mortalidad_Media,9068.97300226707,55.0,1072.42945671071,73.680243902439,3.280236086774,66.9263398404785,14.0,0.0,20.402903349038596
Mauritius,Mortalidad_Media,9011.04288445023,53.3,1025.83744169656,74.1770731707317,3.14186163600476,68.0473807794615,14.1,0.0,21.658299652556188
Mauritius,Mortalidad_Media,11403.2527870674,40.3,1163.15179238921,74.2358536585366,2.70724144125848,67.4178103056387,13.9,0.0,24.902769763416096
Mauritius,Mortalidad_Media,11643.4605962124,52.1,1142.14424076921,74.4163414634146,2.5638570574366,66.9037110511612,13.6,0.0,26.09494583838187
Mauritius,Mortalidad_Media,10841.6847754844,44.3,1156.15517897714,74.5146341463415,2.99474898543124,66.5939885082508,13.2,1.0,22.23691829673042
Mauritius,Mortalidad_Media,9965.72531085228,54.0,1135.89802652029,74.3948780487805,3.0972700058085,66.1914123586971,13.0,0.0,21.370888632429295
Mauritius,Mortalidad_Media,9507.87133656424,52.0,1136.14919149846,74.3531707317073,3.07196343387118,65.5311021152859,13.0,0.0,21.331992885314367
Mauritius,Mortalidad_Media,10366.3550754936,53.4,1104.47535515255,74.1943902439024,3.19194906469573,64.9447609722469,13.0,0.0,20.346427732999462
Mauritius,Mortalidad_Media,9764.64413060045,51.0,1085.5501957804,74.0170731707317,3.33058654888172,63.8794311771517,13.1,0.0,19.179634049323806
Mauritius,Mortalidad_Media,9291.23627601053,54.0,1066.25424955695,73.8634146341464,3.65727062205542,63.6178003901393,13.2,1.0,17.394884591391136
Mauritius,Mortalidad_Media,9197.04299089459,54.0,1053.55801429009,73.2668292682927,3.70364769678842,63.1945851618191,13.1,0.0,17.062796015025302
Mauritius,Mortalidad_Media,8000.37643182154,55.0,1050.75767175161,72.9673170731707,3.64174219127995,62.8600746208075,13.0,0.0,17.26098974587608
Mauritius,Mortalidad_Media,7318.12640972422,47.0,999.514481044517,72.8824390243903,3.88063998683832,62.2338529456121,13.0,0.0,16.037007595831117
Mauritius,Mortalidad_Media,8030.05228087539,51.0,1026.70709293057,72.5707317073171,4.07487669478706,61.6110943029825,13.2,0.0,15.119744453077764
Mauritius,Mortalidad_Media,6574.6635764099,42.0,1007.59469875165,72.5707317073171,4.37598692846311,61.892708386394,13.4,0.0,14.143714183381103
Mauritius,Mortalidad_Media,5695.97525509869,41.0,1006.02062916824,72.4321951219512,4.9064477049401,61.8472652218782,13.5,1.0,12.605304069501594
Mauritius,Mortalidad_Media,5354.02974260642,44.0,945.754720316685,72.4321951219512,4.91181106695197,58.7567132591815,13.6,0.0,11.96233170581682
Mauritius,Mortalidad_Media,5460.60800184198,45.0,919.838083699622,72.2658536585366,5.20608568669627,56.7403832844542,13.8,0.0,10.898856972225724
Mauritius,Mortalidad_Media,4858.26575549747,45.0,909.089564102277,72.1170731707317,5.10866283570549,56.6063415748585,14.1,0.0,11.080461442713577
Mauritius,Mortalidad_Media,4073.06053055903,47.0,873.221713167187,71.9658536585366,5.12244932169367,56.3205984623161,14.6,0.0,10.994857132855818
Mauritius,Mortalidad_Media,3908.55694927435,49.0,886.792161463512,71.7658536585366,6.06632136452678,55.4900618091756,15.4,0.0,9.147234126707737
Mauritius,Mortalidad_Media,3981.98343249582,50.0,851.243682124642,71.6634146341463,5.62921764733664,55.2422252046632,16.6,0.0,9.813481848725468
Mauritius,Mortalidad_Media,3648.01649622256,43.06,697.031158951035,70.3258536585366,9.07592069658642,50.3618659063811,19.4,0.0,5.548953939771961
Mexico,Mortalidad_Media,11402.1410374782,32.0,1419.79998134873,73.973,3.8993145717896,58.1544410030534,11.1,1.0,14.914016279626107
Mexico,Mortalidad_Media,10314.0506725979,39.8,1398.80870495866,69.75,3.78266528650454,58.3256995168562,11.5,0.0,15.419207119632153
Mexico,Mortalidad_Media,8841.2707511328,36.7,1349.95182163974,70.449,3.71114888101566,59.1896498569628,11.8,1.0,15.949144524960124
Mexico,Mortalidad_Media,10369.5553585271,26.3,1458.64835451066,74.53,3.3150244028436,59.1556030013244,12.2,0.0,17.844696090496715
Mexico,Mortalidad_Media,10084.7937553679,26.9,1482.97907989785,74.301,3.29695945196469,59.2695792163154,12.6,1.0,17.97704220505232
Mexico,Mortalidad_Media,9649.27816772402,30.0,1464.26286767209,74.261,3.29751178019006,59.3653310295953,13.0,0.0,18.00306867324478
Mexico,Mortalidad_Media,9097.92397674769,35.0,1512.67220353692,74.376,3.2462890783797,60.0750683831772,13.5,1.0,18.505766717843283
Mexico,Mortalidad_Media,10021.2386124039,34.0,1527.09144608898,74.431,3.08518634351385,60.5061359731054,13.9,0.0,19.6118254251678
Mexico,Mortalidad_Media,11391.3773510244,29.7,1570.99078636977,74.404,3.02713652233698,60.0782705572122,14.3,1.0,19.846567907955194
Mexico,Mortalidad_Media,11216.800851866,30.0,1621.71346326768,74.289,3.02454278132287,61.0665777173355,14.8,0.0,20.19035012314367
Mexico,Mortalidad_Media,10744.1335229686,31.0,1641.23547473104,74.128,3.04872937185777,59.9372072967354,15.2,1.0,19.659733609025498
Mexico,Mortalidad_Media,10664.4944046282,33.0,1622.07805751538,73.921,2.975694839292,59.8866488313428,15.7,0.0,20.12526554826149
Mexico,Mortalidad_Media,9728.80078237782,36.0,1571.31690338956,73.718,3.09200838894055,60.4783490733312,16.2,1.0,19.55956823715268
Mexico,Mortalidad_Media,8423.56933214711,35.0,1606.29554352255,73.628,3.10059842114934,60.9462035533598,16.8,0.0,19.65627123385042
Mexico,Mortalidad_Media,10523.7685427665,33.0,1665.60982672192,73.695,3.02875898012501,59.6814143758064,17.3,1.0,19.704907114577697
Mexico,Mortalidad_Media,10134.3327129706,35.0,1680.39018360358,73.796,3.04186567330375,59.30336206351,17.9,0.0,19.495720203548967
Mexico,Mortalidad_Media,9512.63575346699,36.0,1711.48201994753,73.746,2.94295516133822,59.0671808446469,18.5,1.0,20.070703631715503
Mexico,Mortalidad_Media,8671.75891885163,36.0,1706.74580881494,73.627,2.94567227265169,60.0439876620724,19.2,1.0,20.3837976884037
Mexico,Mortalidad_Media,7849.66759649565,36.0,1640.12709379747,73.432,3.18594698575225,59.5869309292277,20.0,1.0,18.70305161878214
Mexico,Mortalidad_Media,7434.07465031562,37.0,1632.93974423253,73.308,3.20735540642601,60.5312030209033,20.8,0.0,18.872621007209755
Mexico,Mortalidad_Media,7983.03398381759,33.0,1545.30473315997,73.106,3.1103617264471,59.1238892484245,21.7,1.0,19.0086859498366
Mexico,Mortalidad_Media,7952.76479510706,34.0,1551.28203198295,72.912,3.22549035188036,58.7431527458543,22.7,0.0,18.212161977669187
Mexico,Mortalidad_Media,7524.0271380091,33.0,1529.24839823885,72.562,3.1592651345406,58.0223867282914,23.7,1.0,18.365785794274164
Mexico,Mortalidad_Media,4183.87847727479,50.0,1450.41600131761,70.703,4.13057188689796,58.7641712037711,30.0,0.0,14.226642899054522
Moldova,Mortalidad_Media,5744.29618434435,34.7,1422.60741631573,71.546,8.11428000058421,58.8893896635498,13.6,1.0,7.257500315408131
Moldova,Mortalidad_Media,5274.60582195352,38.7,1611.56472824529,68.991,10.5865870134286,54.641640960384,13.6,1.0,5.1614029045502186
Moldova,Mortalidad_Media,4375.7788930524,37.2,1461.57413573439,69.914,9.36669201380178,54.0947225317709,13.7,0.0,5.775221652645626
Moldova,Mortalidad_Media,4405.33418162155,25.4,1500.14706391665,70.181,10.1608126286441,54.6779595310298,13.7,1.0,5.381258520296742
Moldova,Mortalidad_Media,4156.44981956646,26.6,1495.69666017879,70.236,10.1468784571365,53.9337913876541,13.8,1.0,5.315308704591942
Moldova,Mortalidad_Media,3453.26727720294,28.6,1397.5124083837,70.375,12.1995910772854,53.1080578877536,13.9,1.0,4.353265412857673
Moldova,Mortalidad_Media,2847.08794770479,35.0,1356.23600802405,70.179,12.4797438509487,53.7937240113846,14.0,1.0,4.310483023839887
Moldova,Mortalidad_Media,2749.55137054338,35.0,1307.96935412889,70.118,12.8212557522034,53.3342064591852,14.2,1.0,4.159827047363861
Moldova,Mortalidad_Media,3289.95758568777,29.5,1277.26472840244,70.241,14.0709569584487,51.5066274945247,14.4,1.0,3.6604921503649615
Moldova,Mortalidad_Media,3321.04397795719,29.0,1184.74182616467,70.291,11.550361937388,52.7992027050012,14.6,1.0,4.571216295317341
Moldova,Mortalidad_Media,3044.8084324815,29.0,1316.74354889157,70.344,10.4481727207152,54.4511648315395,14.8,1.0,5.211549070545246
Moldova,Mortalidad_Media,2941.36224066021,33.0,1322.50723266934,70.173,11.3842525996445,53.572447894711,15.1,1.0,4.7058379481481225
Moldova,Mortalidad_Media,2436.79935102421,29.0,1302.47537532347,69.876,11.1612572325879,54.5367158254819,15.3,1.0,4.886252031379512
Moldova,Mortalidad_Media,1898.43975710988,28.0,1111.42197315364,69.406,8.49746275029227,60.0497721298214,15.6,1.0,7.066788510223947
Moldova,Mortalidad_Media,2110.55305353857,32.0,1168.16512504218,69.0,8.8109341724675,56.4299847430152,16.0,1.0,6.404540499161623
Moldova,Mortalidad_Media,1531.21618590748,29.0,1173.38914723484,68.674,9.98297024143739,55.9735991016283,16.5,1.0,5.606908339693597
Moldova,Mortalidad_Media,1183.02481442894,23.0,1197.85781024639,68.423,14.4988760781159,52.6490324887161,17.2,1.0,3.631249222702353
Moldova,Mortalidad_Media,1034.39197746993,24.0,1219.63334396967,68.197,16.3997954955912,50.4115505152449,18.0,1.0,3.0739133624438897
Moldova,Mortalidad_Media,897.178494749468,21.0,1166.2119108417,68.017,17.5867382617383,49.8806943056943,19.3,1.0,2.8362675081265474
Moldova,Mortalidad_Media,682.319095965299,31.0,1157.57082496873,67.9,18.3282016003476,48.5114051920779,21.0,1.0,2.6468175247023615
Moldova,Mortalidad_Media,570.799866188293,26.0,1063.47434041597,67.793,21.0218294511342,47.9359774298987,23.0,1.0,2.2802952303141435
Moldova,Mortalidad_Media,507.404076252819,26.0,1046.10154095215,67.672,22.4200406780956,45.9236688117086,25.4,1.0,2.048331199353089
Moldova,Mortalidad_Media,440.538683980372,30.0,985.928952009192,67.462,25.409321530594,45.3431424262767,27.9,1.0,1.7845081920696488
Moldova,Mortalidad_Alta,593.593177049161,10.0,1597.87840142214,66.218,29.2735097145476,33.1450380147892,33.8,0.0,1.1322536429008248
Mongolia,Mortalidad_Media,4993.51487463495,37.0,1890.63113929262,71.9007317073171,13.0278534035361,40.9763284189556,11.6,1.0,3.145286268560065
Mongolia,Mortalidad_Media,4517.61578018785,37.4,1923.6542624985,71.6451219512195,13.1631741927742,39.6449079170954,11.8,0.0,3.011804549305296
Mongolia,Mortalidad_Media,4001.25193077703,36.9,1771.64405621298,71.3490243902439,12.9656563031474,40.4904557964325,12.2,0.0,3.122900595984754
Mongolia,Mortalidad_Media,4347.54610314873,29.8,2018.31091722035,71.0531707317073,11.5583828612266,39.7406192297241,12.8,0.0,3.4382508095519815
Mongolia,Mortalidad_Media,4107.64288528468,34.8,1772.47014509365,70.8270731707317,11.4280045193059,39.7977094219083,13.5,1.0,3.4824723209267234
Mongolia,Mortalidad_Media,3645.96708669551,36.8,1603.82155065689,70.5434146341463,11.1372332713568,42.3762941537368,14.2,0.0,3.8049211254937
Mongolia,Mortalidad_Media,3619.90026383792,39.0,1588.34126525003,70.2239024390244,12.6278436864479,45.8755640343065,15.0,1.0,3.6328897611822506
Mongolia,Mortalidad_Media,3838.92126989984,38.0,1516.3411002122,70.810243902439,14.079203180176,46.1686156086131,15.7,0.0,3.2792065728279347
Mongolia,Mortalidad_Media,4126.23975800524,28.2,1763.80524679078,70.5831707317073,13.3412210879498,45.8242152655518,16.5,1.0,3.434784189802659
Mongolia,Mortalidad_Media,4340.14310544449,27.0,1750.80216193822,70.0980487804878,13.4140624660902,44.7170657988719,17.3,0.0,3.333596060992967
Mongolia,Mortalidad_Media,4328.89001905655,27.0,1558.69025216769,69.500243902439,11.2580245572127,46.8583778990963,18.2,1.0,4.162220259954528
Mongolia,Mortalidad_Media,3736.04201455077,27.0,1521.09353741373,69.109268292683,10.3073568180221,45.7860011361674,19.4,1.0,4.442070061658481
Mongolia,Mortalidad_Media,2625.21881402433,30.0,1411.62669168414,68.5056097560976,11.7325631980129,44.8404932199456,20.8,1.0,3.821883800083861
Mongolia,Mortalidad_Media,1703.32756790019,30.0,1354.68916905218,67.9690243902439,17.8644380709085,43.1000868867331,22.5,0.0,2.4126192335665917
Mongolia,Mortalidad_Media,2127.42678594737,28.0,1326.19423088287,67.2460975609756,19.2151247825371,39.6705514673849,24.4,0.0,2.0645482096185965
Mongolia,Mortalidad_Alta,1627.68787743359,30.0,1341.95620033788,66.5934146341464,18.4279653888713,33.9138972323028,26.6,1.0,1.840349518606297
Mongolia,Mortalidad_Alta,1329.89179579053,30.0,1301.09928192751,65.9021951219512,17.6436708395409,33.6016996064578,28.9,0.0,1.904461940604427
Mongolia,Mortalidad_Alta,994.90010913241,43.0,1151.95461061015,65.2807317073171,19.7979604915498,37.4557419626278,31.5,0.0,1.8918990154877176
Mongolia,Mortalidad_Alta,794.154552001815,43.0,1007.3108964645,64.630243902439,20.0297765271852,40.2348364808485,34.4,0.0,2.0087511423924376
Mongolia,Mortalidad_Alta,643.168068921658,43.0,988.432178015211,63.5753658536585,18.4395172051068,45.1543259811307,37.4,0.0,2.4487802733048385
Mongolia,Mortalidad_Alta,570.249213248399,43.0,1025.68016205691,63.540243902439,18.919125275033,46.5943186592965,40.6,1.0,2.462815694803058
Mongolia,Mortalidad_Alta,524.453483552485,43.0,971.406679479206,63.3917073170732,22.9688875084999,42.2560506979719,44.0,0.0,1.8397082001613951
Mongolia,Mortalidad_Alta,476.02755082717,50.0,979.255585329484,63.2104878048781,27.4225306231533,39.1979237053442,47.4,0.0,1.42940577746128
Mongolia,Mortalidad_Alta,652.67456284915,50.0,1191.54307131019,60.892512195122,32.5428245706631,29.3133570088122,62.5,1.0,0.9007625304669399
Montenegro,Mortalidad_Baja,9990.20444616996,46.4,1674.12860283285,76.1878048780488,6.04398906282864,61.5085403184123,2.2,0.0,10.17681198278439
Montenegro,Mortalidad_Media,9377.48879714989,51.0,1730.51151191493,73.8243902439024,6.46148344458535,59.8617872921643,2.3,1.0,9.26440310581122
Montenegro,Mortalidad_Baja,7612.62845881291,47.5,1625.86284952725,75.9317073170732,7.55489179088164,57.9960401887158,2.5,1.0,7.676620895975505
Montenegro,Mortalidad_Baja,8842.48528706869,39.5,1737.5931990158,76.6829268292683,6.39384153850846,58.7244635474013,2.6,1.0,9.184535336654653
Montenegro,Mortalidad_Baja,8790.88152116679,38.1,1679.55976366983,77.8853658536585,6.73223778878135,59.1700209944822,2.8,1.0,8.78905690067626
Montenegro,Mortalidad_Baja,7758.36921956034,43.4,1625.4960826549,76.6853658536585,6.85389074108922,60.1290365800584,3.0,1.0,8.772978568155974
Montenegro,Mortalidad_Baja,6999.1358134109,42.0,1552.23307233486,76.5414634146342,7.46824081972358,59.5984635114312,3.2,1.0,7.980254647658389
Montenegro,Mortalidad_Baja,6491.19280618646,44.0,1599.59389155142,76.6024390243903,8.06118573423757,60.2777607516407,3.5,1.0,7.477530321082694
Montenegro,Mortalidad_Baja,7364.96590101549,37.8,1532.34279533634,76.3390243902439,8.09983568166084,58.5542415358125,3.8,1.0,7.229065358497023
Montenegro,Mortalidad_Baja,7172.92908521143,40.0,1574.55136957284,76.490243902439,8.03466250069517,58.5665762869738,4.2,1.0,7.289239128825454
Montenegro,Mortalidad_Baja,6577.74033229273,37.0,1701.46827930736,76.3,7.45245054419692,61.524820075707,4.6,1.0,8.25564956262812
Montenegro,Mortalidad_Baja,7325.64689244715,39.0,1811.21612476135,76.0829268292683,8.07294578104933,60.6176340771402,5.1,1.0,7.508737915648561
Montenegro,Mortalidad_Baja,6688.40259641346,34.0,1820.45249352265,75.990243902439,7.67808287121331,58.6420871078913,5.7,1.0,7.637594968888963
Montenegro,Mortalidad_Media,6727.10776676969,33.0,1555.00501749061,75.1439024390244,8.26818389210544,57.4010166051747,6.3,1.0,6.942397188333205
Montenegro,Mortalidad_Media,7367.75190910882,35.38,1965.21593409043,75.1365853658537,7.44048654800711,55.2396907581915,7.0,1.0,7.424204103021613
Montenegro,Mortalidad_Media,5976.39414454596,25.580000000000002,1828.43393355741,74.3390243902439,7.22907202632229,55.3447809103918,7.8,1.0,7.655862427275862
Montenegro,Mortalidad_Media,4425.67887307803,37.8,1841.6794367328,73.8390243902439,8.21140388518037,55.8457229323539,8.5,1.0,6.800995750938782
Montenegro,Mortalidad_Media,3674.6179242797,53.46,1662.81204949987,73.9829268292683,8.75765980493599,57.6489509056228,9.3,1.0,6.582689004787638
Montenegro,Mortalidad_Media,3380.16512135859,36.160000000000004,976.15802530612,74.2056097560976,9.2619220581357,56.8952971733453,10.1,0.0,6.142925498208906
Montenegro,Mortalidad_Media,2789.15906483509,10.0,772.4353440831654,74.0557317073171,9.91498733882161,56.1878860599896,10.8,0.0,5.666964983403346
Montenegro,Mortalidad_Media,2106.6350684523,10.0,1248.2984499908446,73.9652195121951,10.923782282981,57.0810664584854,11.5,0.0,5.225394005464241
Montenegro,Mortalidad_Media,1909.59870186179,28.639999999999997,824.3325200234876,73.5801951219512,10.8112052258109,57.3561319115751,12.2,0.0,5.30524864837843
Montenegro,Mortalidad_Media,1627.06511911987,20.4,1013.8700363435233,73.3968048780488,11.3018779223777,58.1769336369838,12.7,0.0,5.147545747401285
Montenegro,Mortalidad_Media,10795.966586356717,56.7,1466.8373703124857,73.5649268292683,5.08098644271821,59.917086278353715,13.5,0.0,20.25540443556275
Morocco,Mortalidad_Media,3455.39624023438,41.0,602.994477750907,75.161,9.8181364510228,54.6300123707497,16.0,0.0,5.564193637282219
Morocco,Mortalidad_Media,3785.93627929688,39.9,616.368739013058,73.385,11.9779439009277,51.7882000339975,16.6,0.0,4.323630204177736
Morocco,Mortalidad_Media,3268.0302734375,39.2,575.699296767116,73.133,10.6636401420592,53.1903022793513,17.3,0.0,4.988006118994934
Morocco,Mortalidad_Media,3508.09765625,39.2,614.502733565635,74.245,10.8424017370039,53.4781212999139,18.0,0.0,4.932313208557757
Morocco,Mortalidad_Media,3501.69799804688,41.3,577.178572918036,73.946,11.3055402401365,53.070813570865,18.7,0.0,4.6942306553785915
Morocco,Mortalidad_Media,3296.52661132813,37.1,577.582098917111,73.608,11.1602887992375,53.0987601129781,19.6,0.0,4.757830291686174
Morocco,Mortalidad_Media,3140.85546875,39.0,558.062023900473,73.228,10.3219651103177,53.3932404781727,20.5,0.0,5.172778623791464
Morocco,Mortalidad_Media,3146.24780273438,37.0,563.603106638362,72.894,11.7961931846113,52.2029571874719,21.6,0.0,4.425407109776158
Morocco,Mortalidad_Media,3435.40698242188,33.3,555.591040302721,72.522,10.3531465249527,54.7549862499925,22.7,0.0,5.28872899828322
Morocco,Mortalidad_Media,3379.7431640625,34.0,554.322076671451,72.117,12.3583661932506,47.6140626235819,24.0,1.0,3.8527797185347894
Morocco,Mortalidad_Media,3164.17724609375,34.0,559.656539214197,71.674,11.3297511522793,49.1349653712344,25.3,0.0,4.336808876984867
Morocco,Mortalidad_Media,3301.98876953125,33.0,559.353279063147,71.263,12.0819026098454,48.2264357061115,26.7,0.0,3.9916259270963126
Morocco,Mortalidad_Media,3067.9853515625,35.0,526.098528303577,70.821,11.9620812709231,47.166110243688,28.2,0.0,3.9429685499911544
Morocco,Mortalidad_Media,3119.58862304688,35.0,504.85859762712,70.454,11.9650475529562,47.3016732715882,29.7,0.0,3.953320959422463
Morocco,Mortalidad_Media,3183.20043945313,32.0,507.932323340328,70.051,10.864961794312,46.5404621172017,31.4,0.0,4.283536656481061
Morocco,Mortalidad_Media,2755.5859375,32.0,495.471813588118,69.62,9.8752466486995,48.6528084619907,33.1,0.0,4.926743624008412
Morocco,Mortalidad_Media,2438.12646484375,32.0,486.582730066603,69.157,12.304168098197,46.499023933398,34.9,1.0,3.7791278176873875
Morocco,Mortalidad_Media,2242.98828125,33.0,484.797908832576,68.748,10.6988804483578,47.3638124036934,36.7,0.0,4.426987723838283
Morocco,Mortalidad_Media,2183.55541992188,37.0,463.894860712269,68.272,11.869333718001,45.6602444605801,38.5,0.0,3.8469088110086496
Morocco,Mortalidad_Media,1941.87255859375,47.0,399.736368353388,67.958,12.4918601820552,45.0015319782644,40.2,0.0,3.602468433237027
Morocco,Mortalidad_Media,1596.02062988281,47.0,406.634838346005,67.582,11.8432781663725,45.676137521941,41.9,0.0,3.85671406854503
Morocco,Mortalidad_Media,1506.24523925781,41.0,405.385733553728,67.2,11.8761776238587,45.6511101629935,43.5,0.0,3.8439228183386627
Morocco,Mortalidad_Alta,1499.107421875,37.0,387.674326412744,66.794,10.7286317929553,45.6643826902591,45.2,1.0,4.2563099910133495
Morocco,Mortalidad_Alta,1466.78820800781,50.0,353.725757494428,64.725,13.4926498510091,48.0046353267544,54.4,0.0,3.557835996400973
Mozambique,Mortalidad_Alta,578.251663751351,26.3,358.637694361749,63.011,25.6392221082741,39.3250878300015,46.5,0.0,1.5337863084898662
Mozambique,Mortalidad_Alta,509.907829475551,23.8,353.107426981973,60.268,26.8945913502365,39.034021346609,47.7,0.0,1.4513706803827586
Mozambique,Mortalidad_Alta,462.433876479921,23.2,342.945651556548,61.39,26.8819744087655,40.4876511190227,49.1,0.0,1.5061263917363432
Mozambique,Mortalidad_Alta,519.09255091362,28.1,359.75326082609,61.306,24.7697818145637,40.4529777243247,49.7,1.0,1.6331584196894244
Mozambique,Mortalidad_Alta,517.507260258101,28.2,366.241452353018,60.79,25.5425597958909,39.3943049006571,50.6,0.0,1.5423005844149797
Mozambique,Mortalidad_Alta,470.93856305196,30.9,371.739125451598,60.148,26.0749604736416,40.5397924322416,51.5,0.0,1.5547403215902116
Mozambique,Mortalidad_Alta,441.489734819071,31.0,380.805586001126,59.455,23.6272810887625,44.7281700621036,52.9,0.0,1.893073091824222
Mozambique,Mortalidad_Alta,610.563774706589,30.0,385.146567058837,58.711,23.5663164946958,46.6230720271826,53.8,0.0,1.978377572824175
Mozambique,Mortalidad_Alta,697.142680444123,26.2,383.322635419103,57.965,24.6554671607897,47.4439817727919,54.8,1.0,1.9242783543052646
Mozambique,Mortalidad_Alta,686.505672517351,27.0,380.582419725311,57.189,24.2529090836336,48.1774792195794,56.1,0.0,1.9864618736434645
Mozambique,Mortalidad_Alta,685.685748199513,27.0,364.828669567004,56.46,25.5177066547282,47.6027313250162,57.5,0.0,1.8654784291203474
Mozambique,Mortalidad_Alta,618.17649286789,25.0,370.87053828392,55.733,26.4848729989708,47.0499217311335,59.7,0.0,1.776482814660348
Mozambique,Mortalidad_Alta,496.185839392659,26.0,317.88123068391,55.04,27.3093770922399,46.4980980243579,63.5,0.0,1.7026422048114227
Mozambique,Mortalidad_Alta,547.697144193651,28.0,358.879859852038,54.4,27.9106017225191,46.0759228321161,63.7,0.0,1.6508394655977867
Mozambique,Mortalidad_Alta,592.159111184122,28.0,338.661664169014,53.799,26.8457517275753,46.6288684700152,67.0,1.0,1.7369179653896285
Mozambique,Mortalidad_Alta,507.874923914304,28.0,338.466191317799,53.255,24.0162173628877,47.066127757555,69.7,0.0,1.9597643977975634
Mozambique,Mortalidad_Alta,457.487647833183,28.0,428.692521920125,52.748,24.1133917238134,46.0372364063382,75.7,0.0,1.9091978819750068
Mozambique,Mortalidad_Alta,436.773856167384,27.0,424.491278226506,52.322,22.9214059867823,47.8301891535813,80.2,0.0,2.0867039823457048
Mozambique,Mortalidad_Alta,400.056973161545,22.0,426.378945530351,51.855,22.4901289092367,46.7802468120728,84.6,0.0,2.080034623227977
Mozambique,Mortalidad_Alta,339.488737800648,22.0,421.130474837557,51.383,22.7228305424377,47.4111747462593,89.5,0.0,2.086499507960202
Mozambique,Mortalidad_Alta,313.886661721198,22.0,409.455047101302,50.879,22.734177349083,50.0444497396591,94.5,1.0,2.2012870301496825
Mozambique,Mortalidad_Alta,304.792138621913,35.0,407.145568802881,50.259,18.2257286235893,47.0298196369858,100.1,0.0,2.5804082025075132
Mozambique,Mortalidad_Alta,327.12623979157,10.0,396.028040920619,49.476,19.0391748514099,45.3843932799378,106.1,0.0,2.383737406381189
Mozambique,Mortalidad_Alta,191.826096861406,10.0,388.824017354917,46.546,31.3465539242874,51.3714781039121,135.3,0.0,1.6388237835645891
Namibia,Mortalidad_Alta,4349.79908493314,53.9,692.461356441068,64.19,8.75889366334142,55.410449825497,39.7,0.0,6.326192776766573
Namibia,Mortalidad_Alta,4412.8355693052,47.4,680.918008419653,60.85,9.56300379482636,57.8264516685608,41.6,0.0,6.046892054967629
Namibia,Mortalidad_Alta,3878.58982993966,46.0,678.332492787498,64.071,9.15817808891199,58.7746205569356,43.1,0.0,6.417719767657209
Namibia,Mortalidad_Alta,4731.9210318831,49.8,718.386643363248,63.546,7.08397673847435,58.4304525510312,44.6,0.0,8.248255846703296
Namibia,Mortalidad_Alta,5308.60813408705,45.4,733.192598513029,62.579,7.76829756756805,57.8454369766385,45.7,0.0,7.446346702543688
Namibia,Mortalidad_Alta,5143.96072323076,41.3,714.96952269735,61.661,7.67615608936274,58.6183280617479,46.3,0.0,7.636416896599908
Namibia,Mortalidad_Alta,4395.68776162376,49.0,759.461668268778,60.81,6.72011763526388,57.7470985015528,47.6,0.0,8.593167803867653
Namibia,Mortalidad_Alta,4774.10650865775,48.0,716.980313790667,60.008,6.65042679589334,57.9429326539944,47.5,1.0,8.712663778176514
Namibia,Mortalidad_Alta,5378.32326241205,44.2,691.051616995773,59.311,8.13893575439091,57.7023463281603,46.9,0.0,7.089667257421243
Namibia,Mortalidad_Alta,5346.62131149967,44.0,671.777544627526,58.468,7.82146490072164,57.738663851131,47.6,0.0,7.382077984624567
Namibia,Mortalidad_Alta,5942.64680978673,44.0,667.49179496424,57.733,8.05447519990682,53.9227923543527,48.0,0.0,6.694761733821779
Namibia,Mortalidad_Alta,5834.7917675794,45.0,657.483471069973,56.647,8.11362720295374,54.1611624054591,44.4,0.0,6.6753328752573085
Namibia,Mortalidad_Alta,5418.21633365814,45.0,653.126574566651,56.093,8.45536944089181,53.9557685578527,42.7,0.0,6.381243177490521
Namibia,Mortalidad_Alta,4302.91374148376,45.0,775.797259491324,55.347,8.14814459341021,52.6102586571458,43.1,1.0,6.456716379296239
Namibia,Mortalidad_Alta,4204.78555422749,41.0,758.358730645424,54.74,7.53168657065416,48.3622002913174,40.7,0.0,6.421164746784854
Namibia,Mortalidad_Alta,4379.04313682732,43.0,697.014469361577,54.026,8.44071366530831,49.6642964935729,38.4,0.0,5.883897791450414
Namibia,Mortalidad_Alta,4017.1834716928,41.0,693.015801871712,53.183,9.64647103887118,52.5972185880007,36.8,0.0,5.452482921065772
Namibia,Mortalidad_Alta,3685.77299991587,47.0,702.419346432109,52.557,10.3684887476335,56.489272532684,38.4,0.0,5.448168378981661
Namibia,Mortalidad_Alta,3403.15496192955,57.0,659.442648516721,52.175,8.93977891691032,57.7762103915834,41.5,0.0,6.462823178131954
Namibia,Mortalidad_Alta,2569.24739317883,54.0,618.781304935462,51.918,10.2153432329886,59.0144586199366,42.6,1.0,5.777041189312181
Namibia,Mortalidad_Alta,1772.07565537493,54.0,601.673737595586,51.988,10.0391431809007,54.2589464654707,43.5,0.0,5.404738779769316
Namibia,Mortalidad_Alta,1915.58926594875,53.0,664.185360192128,51.98,9.67546592032238,56.1672441058378,44.5,0.0,5.805120349591015
Namibia,Mortalidad_Alta,2156.67590512714,53.0,576.480242315529,52.946,10.7310247713041,56.9022867868021,45.9,0.0,5.302595791127504
Namibia,Mortalidad_Alta,2483.20353415161,28.240000000000002,572.602837992365,57.518,9.44736619111258,58.7126954099126,50.8,0.0,6.214715744282823
Nepal,Mortalidad_Media,1385.91066274851,33.8,519.950604103483,70.087,20.9143699815129,52.4250544391455,24.2,1.0,2.5066523393000235
Nepal,Mortalidad_Media,1252.75076731986,33.8,524.354689003349,68.385,22.0214522788058,51.537232774772,25.1,0.0,2.3403194358972046
Nepal,Mortalidad_Media,1154.21517578318,31.5,524.601266425712,69.106,22.1800901918015,53.9388467411715,26.1,0.0,2.4318587649886605
Nepal,Mortalidad_Media,1203.14294706401,26.2,482.761158642892,69.299,21.5833727595669,52.0227162612175,27.3,0.0,2.4103144972167643
Nepal,Mortalidad_Media,1179.19843190389,24.6,504.622833977068,69.036,22.334672050342,51.5904434655837,28.5,0.0,2.3098813964807565
Nepal,Mortalidad_Media,1034.28374906846,26.7,484.157515782647,68.74,23.6995484576769,51.8497822876255,29.9,0.0,2.187796209713439
Nepal,Mortalidad_Media,877.256454696737,29.0,458.265548485248,68.444,25.5178753710017,51.5980440878133,31.2,0.0,2.0220352728287434
Nepal,Mortalidad_Media,875.543635474862,31.0,426.325523071049,67.374,26.5185084313373,50.5398969857639,32.6,0.0,1.9058348291580451
Nepal,Mortalidad_Media,821.455224911731,21.3,431.030290984188,67.812,27.4618953620622,49.5640197511958,34.1,0.0,1.8048288036108038
Nepal,Mortalidad_Media,803.269595420477,22.0,413.994708557044,67.598,28.622657526472,48.7552170077453,35.6,0.0,1.7033784149027207
Nepal,Mortalidad_Media,788.202937148377,22.0,368.950606819553,67.364,30.0760569579428,47.987452587668,37.1,0.0,1.5955366973394087
Nepal,Mortalidad_Media,785.518656222132,23.0,384.882490354394,67.123,30.8054854756814,47.9028529373703,38.7,0.0,1.5550104858820022
Nepal,Mortalidad_Alta,585.278491984574,27.0,373.442181313024,66.772,33.1793784908122,46.3988379106184,40.2,1.0,1.3984239615418608
Nepal,Mortalidad_Alta,473.078751198621,25.0,365.025112738645,66.6,31.3226520633995,48.6137710063626,41.8,0.0,1.5520324047901346
Nepal,Mortalidad_Alta,464.817391891529,25.0,356.984304444032,66.442,30.3057163664183,49.2043233806326,43.4,0.0,1.6235987556181253
Nepal,Mortalidad_Alta,385.449767660642,25.0,347.516715150324,66.169,31.1644113230204,48.7769758472824,45.1,0.0,1.565149918659045
Nepal,Mortalidad_Alta,340.431796437968,28.0,343.770753341625,65.891,32.3664850386189,47.9339045137933,46.9,0.0,1.4809734346068082
Nepal,Mortalidad_Alta,309.024168339372,10.0,347.14074815228,65.275,33.824896676688,45.8341533596194,48.8,0.0,1.355041932506719
Nepal,Mortalidad_Alta,279.587750044428,10.0,339.548117309365,64.744,34.6763571054627,45.1719518806742,50.9,0.0,1.3026729348556076
Nepal,Mortalidad_Alta,246.429706587633,10.0,338.999985252938,64.229,35.1058750871034,44.1266397280951,53.3,1.0,1.256958831495005
Nepal,Mortalidad_Alta,238.89140296106,10.0,334.357159841879,63.507,36.1502950311573,43.5529543381878,55.9,0.0,1.2047745198386426
Nepal,Mortalidad_Alta,240.795114544664,10.0,335.751960804757,63.288,35.247670013162,44.452945851523,58.8,0.0,1.2611598393574273
Nepal,Mortalidad_Alta,223.830289183078,10.0,330.352852506274,62.642,38.2438970402226,34.7107154903449,61.8,0.0,0.907614500003446
Nepal,Mortalidad_Alta,197.843001330326,26.4,301.762333325266,59.323,39.0414052697616,33.1780540663853,79.7,1.0,0.8498171066624595
Netherlands,Mortalidad_Baja,59123.318556487,92.3,3575.78888461307,81.6146341463415,1.64194723390554,69.0713610110483,3.5,0.0,42.06673611962241
Netherlands,Mortalidad_Baja,60141.9880911492,90.6,4053.34487073656,81.309756097561,1.65464640233302,69.4429925410801,3.5,1.0,41.96847885032524
Netherlands,Mortalidad_Baja,53467.9277413737,90.1,3978.35112789019,81.3585365853659,1.73737205482673,69.8215350848722,3.5,1.0,40.18801550934096
Netherlands,Mortalidad_Baja,53554.9007491475,89.1,4130.00810728302,82.1121951219512,1.7588069903961,70.2508053465611,3.5,1.0,39.94230505687264
Netherlands,Mortalidad_Baja,53955.0770024266,86.0,3876.41820572848,81.8121951219512,1.75987236955923,70.2823544056509,3.5,1.0,39.936051966798885
Netherlands,Mortalidad_Baja,49513.6817346384,85.7,4125.20767936989,81.7609756097561,1.96787421373596,70.3995812806898,3.5,1.0,35.77443151055776
Netherlands,Mortalidad_Baja,46808.5291492503,83.0,4211.57352732735,81.5609756097561,1.86399139098136,70.6379699378623,3.5,1.0,37.89608164481522
Netherlands,Mortalidad_Baja,45793.8135434697,83.0,3997.17333668697,81.509756097561,1.80598562591626,70.5458576179068,3.5,1.0,39.06224756474217
Netherlands,Mortalidad_Baja,53457.2234864322,88.0,4215.35262065709,81.7073170731707,1.80098935055634,70.3026846854015,3.5,1.0,39.03559155621017
Netherlands,Mortalidad_Baja,52602.2860520766,89.0,4488.60406405713,81.3048780487805,1.84474290341919,69.3644666878015,3.6,1.0,37.6011565401531
Netherlands,Mortalidad_Baja,50473.9442002689,88.0,4599.20591866701,81.1048780487805,1.69697006526574,69.0876469086887,3.6,1.0,40.71235452103853
Netherlands,Mortalidad_Baja,54701.7728030611,89.0,4611.91453819796,81.2048780487805,1.59844393327571,68.891165266542,3.7,1.0,43.098893763112805
Netherlands,Mortalidad_Baja,51305.7338533973,89.0,4978.86938849852,80.7024390243902,1.78780819318779,68.7900258467051,3.8,1.0,38.4772964509395
Netherlands,Mortalidad_Baja,53172.0261581418,90.0,4665.86427744867,80.5487804878049,1.56591919996572,68.3786833139471,3.9,1.0,43.66680178354286
Netherlands,Mortalidad_Baja,58246.7026905874,87.0,4755.09420293282,80.2512195121951,1.65239006969149,66.6428168936234,4.0,1.0,40.33116521092745
Netherlands,Mortalidad_Baja,52100.7996285947,86.0,4812.3646510682,80.0975609756098,1.83180121231584,66.7984424551403,4.1,1.0,36.46598877980374
Netherlands,Mortalidad_Baja,45123.5432406426,87.0,4840.784340365,79.6975609756098,1.95984638535758,66.4371412423993,4.3,1.0,33.899157474159715
Netherlands,Mortalidad_Baja,42165.396168388,89.0,4893.73296113648,79.3463414634146,1.87119658954082,66.8422156413956,4.4,1.0,35.721642512077395
Netherlands,Mortalidad_Baja,40611.3414353091,90.0,4985.68017725458,79.0951219512195,1.87462493392253,67.2590594330412,4.6,1.0,35.878675363773176
Netherlands,Mortalidad_Baja,35896.7504630706,88.0,4959.46581521204,78.4926829268293,2.06777613560665,67.1544627025389,4.8,0.0,32.476660092044696
Netherlands,Mortalidad_Baja,29446.5330872868,89.0,4804.57738217673,78.2926829268293,2.0874883923476,66.7119373395559,4.9,0.0,31.957991998475887
Netherlands,Mortalidad_Baja,26955.7128032278,90.0,4783.23806405221,78.190243902439,2.23546975717531,65.6140191037829,5.0,0.0,29.351333827343435
Netherlands,Mortalidad_Baja,26225.1697734149,90.0,4695.37009641521,77.9878048780488,2.31074921880356,66.3686362621105,5.1,0.0,28.721695856062773
Netherlands,Mortalidad_Baja,29301.1940492376,87.8,4732.28641364731,77.4046341463415,3.10878945071993,64.37284869346,5.7,0.0,20.70672514619882
New Zealand,Mortalidad_Baja,48760.0381935936,97.5,3729.8439590366,81.9585365853658,4.56898326146121,67.4102911392727,4.1,0.0,14.75389321468299
New Zealand,Mortalidad_Baja,49689.498134519,95.3,3896.32877057817,82.2073170731707,5.76844884341389,67.2009112327821,4.2,0.0,11.649736880220157
New Zealand,Mortalidad_Baja,41850.92032802,93.9,3857.8712802171,82.2560975609756,5.70464895404622,66.2725568029613,4.2,0.0,11.617289220917826
New Zealand,Mortalidad_Baja,42779.2298164101,96.7,4169.95041399552,82.0560975609756,5.68946266357785,65.49207124896,4.3,0.0,11.511117151399839
New Zealand,Mortalidad_Baja,43257.0769238879,95.7,4139.38956459193,81.7073170731707,5.6613811876987,65.5271008636503,4.4,0.0,11.574401844912067
New Zealand,Mortalidad_Baja,42950.3841711138,89.9,4202.46417672783,81.8585365853659,5.90942208292093,65.0335422852744,4.5,0.0,11.005059610351845
New Zealand,Mortalidad_Baja,40113.7195382428,91.0,4267.90424682451,81.6585365853659,5.54432774887998,65.6042584677909,4.6,0.0,11.832680432906178
New Zealand,Mortalidad_Baja,38665.3723018158,91.0,4417.09457359418,81.6124390243903,4.46728672100294,65.8988374959404,4.7,0.0,14.751423316107548
New Zealand,Mortalidad_Baja,44618.266973847,94.0,4455.21501149297,81.4568292682927,4.77200031286406,65.4705105035876,4.8,0.0,13.719720496894414
New Zealand,Mortalidad_Baja,43000.4646849189,95.0,4317.0612136768,81.4048780487805,7.02982114184147,64.3979529627944,4.9,0.0,9.160681568340056
New Zealand,Mortalidad_Baja,40053.6991536369,93.0,4301.13339538295,81.4073170731707,5.50645632003524,64.9738902196158,5.0,0.0,11.799583333333329
New Zealand,Mortalidad_Baja,38431.7766788499,94.0,4100.26053380148,81.1560975609756,6.27701974023538,64.2828339663338,5.1,0.0,10.240980055277518
New Zealand,Mortalidad_Baja,33761.9009639947,93.0,4137.75935207436,80.9048780487805,6.57130523506789,64.2365198963975,5.2,0.0,9.775306061510905
New Zealand,Mortalidad_Baja,28276.7255416225,94.0,4041.46175580591,80.7024390243902,5.73699370029419,65.3870442725046,5.2,0.0,11.397440486844458
New Zealand,Mortalidad_Baja,31324.7397977102,96.0,4055.53581676285,80.3512195121951,5.00102717537308,64.183711632366,5.3,0.0,12.834105751000612
New Zealand,Mortalidad_Baja,32479.9817381467,96.0,4040.82041605557,80.1512195121951,6.06836553759783,63.4044559202456,5.3,0.0,10.448358050847466
New Zealand,Mortalidad_Baja,26654.5932018985,96.0,4023.01740657031,80.0487804878049,4.98360503244111,64.3316434501523,5.4,0.0,12.908656089594013
New Zealand,Mortalidad_Baja,27751.0654708859,95.0,4066.98419679908,79.8512195121951,4.51769702400314,64.3076772003903,5.5,0.0,14.234614862111126
New Zealand,Mortalidad_Baja,25420.234882944,95.0,4217.69422992147,79.5487804878049,5.36558854547454,63.890811922955,5.5,0.0,11.907512359821547
New Zealand,Mortalidad_Baja,21913.7081719961,94.0,4172.97088881312,79.1463414634146,5.72933246598663,63.904997854701,5.7,0.0,11.154004106776185
New Zealand,Mortalidad_Baja,16874.1874918196,94.0,4318.26243248702,78.8463414634146,5.85289352793662,63.2063677587827,5.8,0.0,10.799165824064714
New Zealand,Mortalidad_Baja,13882.8568268586,94.0,4401.63966523198,78.6926829268293,7.98138479706632,62.1193051152962,5.9,0.0,7.783023459554174
New Zealand,Mortalidad_Baja,13641.1027183822,94.0,4424.29255482435,78.6365853658537,7.75290180992832,61.8112634451222,6.0,0.0,7.9726617156387904
New Zealand,Mortalidad_Baja,17400.4201848172,62.06,4084.6198436537,76.7341463414634,6.45080842927803,60.4316472006318,7.1,0.0,9.368073453608243
Nicaragua,Mortalidad_Media,2322.89053964583,19.0,608.245546712747,74.463,16.8030312183945,46.3607342274576,10.7,0.0,2.759069695514574
Nicaragua,Mortalidad_Media,2138.38588469449,24.8,600.815200012964,70.478,15.7299123972627,46.1739508361433,11.1,0.0,2.9354232668313163
Nicaragua,Mortalidad_Media,1938.44704754382,24.3,584.481071467124,70.766,15.9067799804023,48.6126906364813,11.6,0.0,3.056098763946808
Nicaragua,Mortalidad_Media,1958.62051528095,20.3,616.151129278106,73.764,15.5297840677071,50.4678293597465,12.1,0.0,3.2497444355771936
Nicaragua,Mortalidad_Media,2035.16549390507,24.2,616.516996174416,73.879,15.3222113237126,51.0117529210468,12.7,0.0,3.3292683310078877
Nicaragua,Mortalidad_Media,2182.61380995674,27.4,632.373947264069,73.389,14.9964086019473,50.2780347158336,13.3,0.0,3.3526716996297994
Nicaragua,Mortalidad_Media,2131.68704828322,28.0,626.823007449197,73.18,14.9153392298097,49.4649749753047,13.9,0.0,3.316382833348123
Nicaragua,Mortalidad_Media,2074.45620634731,28.0,611.876331871945,72.899,16.1099292353151,48.5741100477068,14.6,0.0,3.015165947546555
Nicaragua,Mortalidad_Media,1958.37047579547,24.1,586.817955989046,72.792,16.7090173834472,48.5497818405039,15.3,1.0,2.9056036466034065
Nicaragua,Mortalidad_Media,1835.43996363715,25.0,576.474133611862,72.551,16.4909112111851,48.3652118048254,16.0,0.0,2.9328404710602825
Nicaragua,Mortalidad_Media,1784.69836017555,25.0,566.819598589113,72.435,17.6115834733674,48.0435097123832,16.8,0.0,2.727949464909591
Nicaragua,Mortalidad_Media,1679.71192084633,25.0,531.362815684315,72.033,18.8847883857771,48.451431344224,17.6,0.0,2.565632738607478
Nicaragua,Mortalidad_Media,1526.56706951408,25.0,529.008203293034,71.761,16.9826368007048,51.7336180965215,18.5,0.0,3.0462653534682254
Nicaragua,Mortalidad_Media,1467.08288052845,26.0,523.407935260916,71.499,16.0676510041113,54.2005121911789,19.4,1.0,3.373269196431412
Nicaragua,Mortalidad_Media,1523.68437086409,26.0,533.812640193905,71.404,16.2627898839898,52.8963553347955,20.4,0.0,3.252600304875751
Nicaragua,Mortalidad_Media,1350.38145753377,26.0,540.292720975214,71.197,16.4613383107055,53.3277569988709,21.4,0.0,3.2395760291366846
Nicaragua,Mortalidad_Media,1248.17371577788,27.0,538.914055514578,70.958,15.8996625466787,53.7592580608306,22.5,0.0,3.3811571725502083
Nicaragua,Mortalidad_Media,1183.30214010175,26.0,527.958879566356,70.374,16.137898065388,49.8576240795747,23.6,1.0,3.0894744704397152
Nicaragua,Mortalidad_Media,1098.62118662335,25.0,526.479860068169,69.51,15.9688222709169,50.4838508360202,24.9,0.0,3.1614010087621516
Nicaragua,Mortalidad_Media,1021.35216668794,24.0,505.003838995301,68.749,15.6259025646946,52.0637365182963,26.2,0.0,3.331886673601171
Nicaragua,Mortalidad_Media,1014.3339042591,31.0,492.648077421619,67.95,16.4301119851034,50.4457904382355,27.6,0.0,3.0703254173783416
Nicaragua,Mortalidad_Media,1051.874235891,31.0,498.485902704745,67.028,16.8133294680756,50.3044371148482,29.2,1.0,2.9919378675332577
Nicaragua,Mortalidad_Alta,1017.3124434882,30.0,500.37663075991,66.36,17.7655051440462,49.7358775588938,30.8,0.0,2.7995757596322504
Nicaragua,Mortalidad_Alta,891.779352309996,10.0,486.269281723357,64.869,20.0803864575286,48.7158060155812,41.0,0.0,2.4260392656594774
Niger,Mortalidad_Alta,609.745147661683,32.5,162.045865914287,60.398,41.3505163572647,34.4696656054614,68.3,0.0,0.8335969811754375
Niger,Mortalidad_Alta,608.722439593808,31.8,151.688015717016,59.542,36.4810258004149,37.0537198540635,69.0,1.0,1.015698408722983
Niger,Mortalidad_Alta,579.512495758236,33.4,147.817388244639,59.89,38.3755798583507,36.0929205690664,69.4,0.0,0.9405179205705845
Niger,Mortalidad_Alta,561.691304349698,34.1,148.122869205689,60.031,36.9919203931409,36.5404927725689,69.5,0.0,0.987796588666543
Niger,Mortalidad_Alta,578.568035680892,30.4,146.101584927786,59.765,37.5776218588144,36.7622863840327,69.4,1.0,0.9783026324059287
Niger,Mortalidad_Alta,521.804130023434,35.0,143.831599652126,59.524,35.816868204144,37.8150324557852,69.4,0.0,1.0557883576043652
Niger,Mortalidad_Alta,502.706475406446,35.0,147.452096053348,59.228,35.2629582125475,38.2723746369935,69.3,0.0,1.0853421430586379
Niger,Mortalidad_Alta,485.662574175279,34.0,148.786532469365,58.85,32.4169952714448,38.5305288045027,69.3,0.0,1.1885903823554906
Niger,Mortalidad_Alta,565.30989731175,26.0,151.6969478462,58.693,33.4290442343639,37.0689591319954,69.1,1.0,1.1088848030506895
Niger,Mortalidad_Alta,552.103334363117,25.0,154.81219945793,58.364,32.2350107295479,35.9846069967701,69.2,0.0,1.116320614833398
Niger,Mortalidad_Alta,528.510104469655,26.0,128.362752529408,57.987,33.6809938208632,34.9550459944691,69.4,0.0,1.0378270362324258
Niger,Mortalidad_Alta,510.75956176268,29.0,112.879803532778,57.6,33.6467642815211,36.6722707602193,69.9,1.0,1.0899196859877494
Niger,Mortalidad_Alta,474.425692340831,28.0,134.74599121352,57.08,35.8213879566765,35.1075507996062,70.9,0.0,0.9800723199800734
Niger,Mortalidad_Alta,461.131533961487,26.0,129.776980682561,56.487,34.7848102748131,36.908757364448,72.3,0.0,1.0610596140342559
Niger,Mortalidad_Alta,475.044955398162,23.0,127.065414057313,55.852,38.7750062340041,34.2841235924332,74.5,0.0,0.8841809949824693
Niger,Mortalidad_Alta,387.168065883301,24.0,125.874974531129,55.063,37.094506437909,37.3635820305751,77.2,1.0,1.007253785492914
Niger,Mortalidad_Alta,333.345078419447,22.0,124.905224384617,54.223,39.7450785783419,37.4439531922514,80.7,0.0,0.9421028849759416
Niger,Mortalidad_Alta,318.643121918273,10.0,126.031296295518,53.32,39.2805201285945,37.9194605692429,84.8,1.0,0.9653502663687793
Niger,Mortalidad_Alta,283.468281798296,10.0,129.29994058651,52.402,37.3717285561201,38.3835492189962,89.3,0.0,1.0270744945970771
Niger,Mortalidad_Alta,265.225363452469,10.0,128.262478581972,51.545,41.1955263001462,35.9778240858115,94.1,0.0,0.8733429893256107
Niger,Mortalidad_Alta,225.294391147438,10.0,127.275972111665,50.645,41.3669351734986,36.1658912024804,99.0,0.0,0.8742705025353147
Niger,Mortalidad_Alta,205.417936120931,10.0,127.088373451422,49.872,40.1819277330126,37.3699413638536,103.6,0.0,0.9300186295728979
Niger,Mortalidad_Alta,194.771959898935,10.0,127.847880422107,49.172,36.5755600708745,40.3631282931906,107.7,0.0,1.1035546199422979
Niger,Mortalidad_Alta,237.01998956862,26.4,171.001300797386,45.504,30.7305809669819,45.2201239963526,128.4,0.0,1.4715024113907516
Nigeria,Mortalidad_Alta,2139.37478476974,22.7,333.060729584941,54.079,23.6918718404603,44.0357676988698,61.6,0.0,1.858686725785287
Nigeria,Mortalidad_Alta,2017.27486481527,23.5,334.28545037693,53.455,23.357058761851,43.7883918564236,63.2,0.0,1.8747391228874684
Nigeria,Mortalidad_Alta,2019.65706326224,22.3,323.130893205101,53.072,24.1433058670212,46.3861274671573,64.7,0.0,1.92128317980343
Nigeria,Mortalidad_Alta,2265.15520863056,20.5,330.325537947057,53.009,21.9062959303516,49.7302169020823,66.1,0.0,2.2701335296571115
Nigeria,Mortalidad_Alta,2057.87944554011,14.4,299.750041448841,52.669,21.203773720121,52.017050934471,67.4,1.0,2.4531977949335597
Nigeria,Mortalidad_Alta,1876.34027111773,12.2,316.089005663683,52.397,20.8465714300542,55.8046968877557,68.6,0.0,2.6769244561387624
Nigeria,Mortalidad_Alta,2070.4127339595,27.0,330.71892495147,52.189,20.9831097083173,59.7850976800938,69.5,0.0,2.8492010245934205
Nigeria,Mortalidad_Alta,2585.73360671797,25.0,319.580854421005,51.939,20.6318934800012,58.1222219182291,70.2,1.0,2.817105563993331
Nigeria,Mortalidad_Alta,3088.72131316169,22.7,348.505844052068,51.94,19.9902547680805,54.1531280154165,70.8,0.0,2.708976380925653
Nigeria,Mortalidad_Alta,2872.79083379398,24.0,350.973548654032,51.827,20.7586228322439,52.3666011224583,71.4,0.0,2.5226433152934615
Nigeria,Mortalidad_Alta,2633.19734671361,24.0,356.728094431268,51.688,21.8599586165277,50.1858844831558,72.0,1.0,2.2957904616165044
Nigeria,Mortalidad_Alta,2418.41316975875,25.0,376.069864552589,51.49,22.2347109931956,49.2430315160577,73.0,0.0,2.2146917731976528
Nigeria,Mortalidad_Alta,2202.25672957344,27.0,334.66956339927,51.315,23.8937040912791,50.7888436709083,74.0,1.0,2.125616165533982
Nigeria,Mortalidad_Alta,1820.48633854782,22.0,260.354679698436,51.08,26.7488545066519,50.981397065431,75.4,0.0,1.905928235272765
Nigeria,Mortalidad_Alta,2154.10543545364,22.0,287.096394760191,50.748,25.2797507802655,48.9753597288614,77.1,0.0,1.9373355439521875
Nigeria,Mortalidad_Alta,1815.52697545827,19.0,281.716032327541,50.381,24.6625772142283,49.962371047205,79.0,0.0,2.025837389710463
Nigeria,Mortalidad_Alta,1599.53891556365,16.0,287.950796331134,49.876,24.7349912601339,48.488798713658,81.2,0.0,1.960332154707845
Nigeria,Mortalidad_Alta,1211.37703504386,14.0,305.401935366383,49.538,26.0892828250796,44.6842057357904,83.7,0.0,1.712741819519681
Nigeria,Mortalidad_Alta,962.48104194733,16.0,286.279211558707,49.148,27.2304536006497,43.355018249934,86.4,0.0,1.5921518930885374
Nigeria,Mortalidad_Alta,763.388745367223,10.0,296.749514531422,48.618,33.8270605515687,39.1455112028244,89.1,1.0,1.157224735597343
Nigeria,Mortalidad_Alta,712.164852077686,12.0,283.671578478059,48.02,36.9650826661797,38.9699324729488,91.9,0.0,1.054236313357508
Nigeria,Mortalidad_Alta,566.428231812933,16.0,282.894307915676,47.549,24.4753546604632,46.2224797158223,94.6,0.0,1.8885315598915018
Nigeria,Mortalidad_Alta,547.318298903379,19.0,273.941085543675,47.143,21.3572412972176,43.7984549227611,97.1,0.0,2.0507543232405734
Nigeria,Mortalidad_Alta,1271.61617353199,50.0,256.918214458953,45.87,25.4865064493222,36.979423264697,105.4,0.0,1.4509412397586743
North Macedonia,Mortalidad_Media,7606.2375253797,38.7,1480.63404956962,74.4248780487805,7.27988785468163,56.3668315026394,3.6,0.0,7.742815909779489
North Macedonia,Mortalidad_Media,7620.80296977508,41.9,1455.08840227388,73.2463414634146,7.14748884425831,56.6626681929412,4.4,0.0,7.9276329669908066
North Macedonia,Mortalidad_Media,6659.59651070776,42.2,1388.54646388838,74.3951219512195,8.56905928759264,56.5553416357877,5.2,0.0,6.599947524890582
North Macedonia,Mortalidad_Baja,6718.85826635458,44.7,1503.51336885666,76.6024390243903,8.13229139447626,54.994997711796,6.1,1.0,6.7625463776606125
North Macedonia,Mortalidad_Baja,6713.98925398989,47.4,1370.12165061411,76.6487804878049,8.47039846991427,54.3216751049362,7.2,1.0,6.413119205416318
North Macedonia,Mortalidad_Baja,5955.2973863451,52.0,1438.49195928251,75.9536585365854,7.87324504211252,54.5391890711302,8.5,1.0,6.927155039556148
North Macedonia,Mortalidad_Baja,5598.48622617967,45.0,1408.22019004476,75.4,9.17290831294816,53.5495422792727,9.5,1.0,5.837793255131965
North Macedonia,Mortalidad_Baja,5262.68671928674,44.0,1387.97962391811,75.4024390243902,9.72691849418736,53.7301817323071,9.9,1.0,5.5238647023119745
North Macedonia,Mortalidad_Baja,5925.38592218015,39.6,1404.88281081687,75.4512195121951,10.1775672771312,53.8266326277266,9.8,1.0,5.2887523277467325
North Macedonia,Mortalidad_Baja,5626.26115664893,39.0,1441.72181001724,75.4,10.0274760854448,54.8447770531849,9.4,1.0,5.469449798319024
North Macedonia,Mortalidad_Media,5049.8265386157,41.0,1549.52343072076,74.9024390243903,9.10471970396591,56.3116157384889,9.0,1.0,6.184881860114838
North Macedonia,Mortalidad_Media,5416.86672931659,38.0,1619.7624762799,75.1,9.35099292094117,55.0949403902746,8.9,1.0,5.8918813067317926
North Macedonia,Mortalidad_Media,4833.36586759968,36.0,1475.24277459969,74.9975609756098,10.1206048077275,55.0944897735173,9.2,1.0,5.443794202047133
North Macedonia,Mortalidad_Media,4799.78722768888,33.0,1437.83185635895,74.4463414634146,10.3701684908181,57.0893488526899,9.7,1.0,5.5051515221992435
North Macedonia,Mortalidad_Media,5026.4202989873,27.0,1540.69779663479,74.4,11.4435151485936,55.1066547759647,10.3,1.0,4.815535616496062
North Macedonia,Mortalidad_Media,4204.11328760452,27.0,1550.39471481413,73.8,8.93241688545385,56.6726291201939,10.9,0.0,6.3446018974420495
North Macedonia,Mortalidad_Media,3440.4411057968,27.0,1486.59574899626,73.8951219512195,8.98936805638514,56.2859873372357,11.5,1.0,6.261395348837209
North Macedonia,Mortalidad_Media,3120.98401394233,23.0,1453.50436062578,73.6975609756098,9.73619454882038,55.766792998473,12.2,1.0,5.727781292664248
North Macedonia,Mortalidad_Media,2818.5814561242,33.0,1362.18449664398,73.5975609756098,11.5539948572935,54.1939412933693,12.6,1.0,4.690493804327702
North Macedonia,Mortalidad_Media,2445.36286400013,33.0,1379.16538502756,73.2414634146342,11.5387764520235,52.3815194980163,12.7,1.0,4.539607792542892
North Macedonia,Mortalidad_Media,1989.13537265159,33.0,1251.05324515581,73.0390243902439,10.1701207745349,52.9017986627014,12.7,1.0,5.201688341318711
North Macedonia,Mortalidad_Media,1823.02267682636,29.1,1266.25009844181,73.4365853658537,9.74511971409667,54.3711592635295,13.2,0.0,5.5793218409497465
North Macedonia,Mortalidad_Media,1861.89899780644,27.98,1316.52551296742,72.9463414634147,10.0962814603895,52.7951384699533,14.2,1.0,5.2291666666666545
North Macedonia,Mortalidad_Media,2355.24705371138,33.18,1251.21569847779,71.8487804878049,10.6109414450034,45.6211691931513,21.9,0.0,4.299445947337116
Norway,Mortalidad_Baja,109269.520580298,96.0,4629.72978398676,82.509756097561,1.63442443229044,41.8232815649309,1.9,1.0,25.588996798292374
Norway,Mortalidad_Baja,93072.8925119571,95.8,5303.76102031244,83.1634146341463,1.59886917714459,50.5672500324358,1.9,1.0,31.626884022333535
Norway,Mortalidad_Baja,68340.0181033702,95.6,5146.23281330464,83.209756097561,1.8439294251894,59.6041108454966,1.9,1.0,32.324507668927914
Norway,Mortalidad_Baja,76430.5889473338,92.3,5222.29201488645,82.9585365853659,1.78246102169707,57.3102892822421,2.0,1.0,32.15233802289676
Norway,Mortalidad_Baja,82792.8427113304,93.6,5540.36818035325,82.7585365853659,1.81119901939869,54.57404711371,2.0,1.0,30.13144691952646
Norway,Mortalidad_Baja,76131.8384032764,88.3,5673.5093152418,82.609756097561,1.91877892439687,56.2861277546919,2.1,1.0,29.33434750560663
Norway,Mortalidad_Baja,70867.3609970749,86.0,5368.57647170474,82.4073170731707,2.03389884901806,57.9316984565321,2.1,1.0,28.48307745712171
Norway,Mortalidad_Baja,74809.9658049898,86.0,4930.48137593923,82.3048780487805,1.48183029554502,55.9833722181738,2.2,1.0,37.77988099344602
Norway,Mortalidad_Baja,97666.6951838749,88.1,5525.57603893844,82.1,1.38343133732434,53.4347468005324,2.3,1.0,38.624791385656486
Norway,Mortalidad_Baja,103553.840134417,90.0,6047.18057523381,81.7512195121951,1.25303567412594,52.0575277437559,2.4,1.0,41.545128218371616
Norway,Mortalidad_Baja,102175.919298374,86.0,5805.05829409894,81.4512195121951,1.07727511345649,51.0970868383772,2.4,1.0,47.43178989295473
Norway,Mortalidad_Baja,101221.813476644,86.0,5501.9559356258,81.2951219512195,1.30483723965979,50.5772565783691,2.6,1.0,38.76135278876322
Norway,Mortalidad_Baja,88163.2085931423,79.0,6455.3166845378,80.9975609756098,1.5247849522003,52.2863522035994,2.7,1.0,34.2909681317021
Norway,Mortalidad_Baja,80347.5700665184,87.0,6200.50244551882,80.7951219512195,1.2360885219239,53.1931637832662,2.8,1.0,43.03345823523556
Norway,Mortalidad_Baja,97503.5407803783,88.0,6412.35151011432,80.5926829268293,1.08255295779966,48.1731871166054,2.9,1.0,44.49961248502768
Norway,Mortalidad_Baja,85502.2677087731,89.0,5864.30044405949,80.3951219512195,1.20029285976373,49.9670786984349,3.0,1.0,41.6290726817042
Norway,Mortalidad_Baja,74434.4996835671,89.0,6319.15452788829,80.3439024390244,1.36556231799507,47.8463695198508,3.2,1.0,35.0378513593574
Norway,Mortalidad_Baja,67047.1704558264,88.0,6319.92545895993,80.0414634146342,1.35951412016903,49.5249211707144,3.3,1.0,36.42839779005525
Norway,Mortalidad_Baja,57768.6980958462,85.0,6231.94030988748,79.8414634146342,1.33559044875548,52.0771222113915,3.4,1.0,38.99183485470237
Norway,Mortalidad_Baja,50250.3298214345,86.0,5934.59079848361,79.390243902439,1.25651516690834,53.574329087892,3.6,1.0,42.63723232224234
Norway,Mortalidad_Baja,43170.557174499,91.0,5502.08929908871,78.9878048780488,1.47384034088911,53.1748015689083,3.7,0.0,36.079078644861916
Norway,Mortalidad_Baja,38601.897639231,89.0,5954.81911743802,78.7853658536585,1.54476775506348,51.2436905919929,3.8,0.0,33.172423766630935
Norway,Mortalidad_Baja,38178.2368777076,90.0,5826.12232323722,78.6341463414634,1.78413816684028,49.6311787173024,3.9,1.0,27.81801299907144
Norway,Mortalidad_Baja,34875.7043347536,77.8,5391.36648885496,77.7365853658537,2.58955622143452,55.3356839829806,4.6,1.0,21.368790345214688
Oman,Mortalidad_Baja,23223.5829405935,53.3,5867.32005628854,77.911,2.10827114663434,42.3261771279215,8.5,0.0,20.076249298147122
Oman,Mortalidad_Baja,19403.4600160211,66.0,5933.45046971652,75.969,2.39218489397188,49.1562425542054,8.6,0.0,20.548680278884508
Oman,Mortalidad_Baja,16784.8630630058,64.6,5696.16549726549,77.763,2.46923308847714,55.0241201622629,8.6,0.0,22.283890661856532
Oman,Mortalidad_Baja,19180.1864152801,53.8,5104.14096385215,79.946,1.99471933938581,50.673372829997,8.7,0.0,25.403760734379674
Oman,Mortalidad_Baja,19901.7615642016,51.5,5543.48208572922,79.864,1.84942019099591,47.5068212824011,8.8,0.0,25.687413554633437
Oman,Mortalidad_Baja,17820.0661809335,47.6,5765.1904185145,79.748,1.98459925247834,52.0222326580764,8.9,0.0,26.21296596434356
Oman,Mortalidad_Baja,17110.1897460545,45.0,5557.31259783447,79.581,1.98532211721536,53.3326409803718,9.0,0.0,26.863469921534392
Oman,Mortalidad_Baja,18808.3077921839,47.0,6027.44597600521,79.346,1.72976080728779,50.1154825983089,9.1,0.0,28.972492836676295
Oman,Mortalidad_Baja,23160.6502252547,48.2,6076.17706116413,79.03,1.11270719472095,42.3134546107489,9.1,0.0,38.027483610691014
Oman,Mortalidad_Baja,23458.0233840053,48.0,6348.55461173282,78.633,1.14226556083793,39.731466379799,9.2,0.0,34.78303797468362
Oman,Mortalidad_Baja,24642.2978768596,53.0,6702.98586928623,78.187,1.01551086474633,37.4757131338017,9.3,0.0,36.90331087020222
Oman,Mortalidad_Baja,25188.0074151885,55.0,7155.54208650969,77.74,1.10041680929465,37.0144775788817,9.4,0.0,33.63677950594685
Oman,Mortalidad_Baja,23570.1798147325,55.0,6736.89412726066,77.184,1.24729891956783,39.9391756702681,9.5,0.0,32.02053256336213
Oman,Mortalidad_Baja,20655.9180249218,47.0,5912.23573208102,76.631,1.28833463870819,43.052982586143,9.6,0.0,33.41754641427023
Oman,Mortalidad_Baja,26576.779241509,54.0,5927.85053888478,76.124,0.973923151725602,36.2531156971524,9.8,0.0,37.223794950267845
Oman,Mortalidad_Baja,18792.653772482,63.0,6889.71721193841,75.596,1.20022615297633,42.4015292248876,9.9,0.0,35.32794975325272
Oman,Mortalidad_Baja,16930.8565071853,61.0,6138.77344250291,75.354,1.22533000226008,39.9759331993574,10.1,0.0,32.6246261216351
Oman,Mortalidad_Media,14434.8577924647,63.0,4030.08185259047,75.07,1.41513580029885,40.2771673844892,10.4,0.0,28.461697722567276
Oman,Mortalidad_Media,11800.8507411171,70.0,3658.50755395167,74.82,1.68992915860957,46.0212432526554,10.8,0.0,27.232646420824228
Oman,Mortalidad_Media,10463.5425832141,70.0,3565.24432327227,74.521,1.9295275549153,46.7282152658752,11.2,0.0,24.217438692098085
Oman,Mortalidad_Media,9869.13050219438,70.0,3469.43506166397,74.276,2.02622706822871,46.3472662284213,11.8,0.0,22.87367835281029
Oman,Mortalidad_Media,9611.96360191054,70.0,3303.97268173668,73.979,2.04495145289936,45.6975205256439,12.5,0.0,22.346506300114527
Oman,Mortalidad_Media,9753.84755185404,70.0,3286.26599451763,73.643,1.96522877038837,43.0854792727953,13.3,0.0,21.92390011890611
Oman,Mortalidad_Media,7414.30279204109,70.0,2877.3989517825,71.56,2.43664394891815,53.70635245636348,19.5,0.0,10.768601060255406
Pakistan,Mortalidad_Media,1538.3228133171,27.4,470.723496524025,67.417,22.3268646996031,52.2312939861803,51.8,0.0,2.3393922384054577
Pakistan,Mortalidad_Alta,1455.31922370186,31.2,465.029491365502,65.773,22.6625080760743,52.0255067386808,53.4,0.0,2.2956641234959414
Pakistan,Mortalidad_Alta,1278.39735206896,29.7,454.250317980901,65.701,21.8541325548966,53.680280706041,55.1,0.0,2.456298851999664
Pakistan,Mortalidad_Alta,1390.41690981745,30.6,431.515757251107,66.729,20.6778713222887,53.6204826290348,56.8,0.0,2.593133586784498
Pakistan,Mortalidad_Alta,1569.33814626355,27.3,453.513978590289,66.481,21.6512353593957,52.9323158239348,58.5,1.0,2.4447711617972168
Pakistan,Mortalidad_Alta,1519.23459514248,30.5,456.017360937059,66.223,21.9632035366872,53.249254299638,60.3,0.0,2.4244757469323988
Pakistan,Mortalidad_Alta,1424.69161195897,29.0,446.831497143007,65.943,22.3283302035697,52.747401539414,62.2,0.0,2.36235316562011
Pakistan,Mortalidad_Alta,1380.47020838317,28.0,437.113254936443,65.641,23.2628407756242,52.6865814332807,64.1,1.0,2.264838673034635
Pakistan,Mortalidad_Alta,1266.61340849959,22.7,433.41831568369,65.374,23.4927320097855,51.5633070162566,66.0,0.0,2.194862095850699
Pakistan,Mortalidad_Alta,1225.4340119198,25.0,421.547198130113,65.129,23.7075945934908,51.878053333919,67.9,1.0,2.1882461811694185
Pakistan,Mortalidad_Alta,1204.36475491585,23.0,419.511994101923,64.883,23.3861955340345,51.5898687341456,69.8,0.0,2.2059966384470533
Pakistan,Mortalidad_Alta,1131.73513834324,24.0,422.806783066711,64.659,23.819642978628,51.8065797217263,71.6,1.0,2.1749519826224675
Pakistan,Mortalidad_Alta,987.304571124485,25.0,429.290150470498,64.378,22.6888101741789,52.5995937357421,73.2,1.0,2.3183055141253415
Pakistan,Mortalidad_Alta,963.788066395225,24.0,433.232502017003,64.206,21.7869229749534,53.4051714905599,74.8,0.0,2.451248923583902
Pakistan,Mortalidad_Alta,1067.04324565284,22.0,437.793091427855,64.002,20.351365282755,56.2192386662406,76.3,0.0,2.7624308190212044
Pakistan,Mortalidad_Alta,998.090114197524,21.0,457.166653731876,63.807,19.9379514329097,55.6028992421704,77.7,1.0,2.7887970050118556
Pakistan,Mortalidad_Alta,900.873564984808,21.0,443.865350777373,63.624,20.4183460540925,54.2181198042166,79.0,0.0,2.655362959398444
Pakistan,Mortalidad_Alta,827.619861189926,25.0,436.021708116643,62.416,21.5745096992331,53.756287210192,80.4,1.0,2.491657421633218
Pakistan,Mortalidad_Alta,771.902247348954,26.0,431.636644125398,63.097,22.0018900085347,53.6616637238921,81.8,1.0,2.4389570033790884
Pakistan,Mortalidad_Alta,672.44178669894,23.0,412.793730478842,62.834,22.1519373367714,54.9424968082035,83.4,0.0,2.480256962310966
Pakistan,Mortalidad_Alta,599.937345723927,22.0,404.292241530291,62.556,22.7026275435674,54.8446407777793,85.0,0.0,2.415783841431124
Pakistan,Mortalidad_Alta,609.939506905073,22.0,407.952226836099,62.241,24.1449605032819,52.9646825407125,87.0,1.0,2.1936123081880083
Pakistan,Mortalidad_Alta,642.338346499898,27.0,411.540523296893,61.903,25.3871360412975,52.0643007395217,89.1,0.0,2.050814264942221
Pakistan,Mortalidad_Alta,450.550279346206,10.0,397.682408796608,60.273,23.4218793711634,44.8607712433853,101.7,0.0,1.9153361065729457
Panama,Mortalidad_Baja,17332.4360742988,38.0,1062.69925631817,79.324,2.61152086154905,68.1396056178618,11.1,0.0,26.09192467926299
Panama,Mortalidad_Baja,15509.8069109784,39.4,1033.31759264066,77.004,2.80289215776646,68.1569842184061,11.6,1.0,24.316663068734808
Panama,Mortalidad_Baja,13290.5608347594,37.2,936.065449427601,76.33,3.06418840436243,71.0034451284407,12.2,0.0,23.172023308799933
Panama,Mortalidad_Baja,16477.9066285687,34.1,1162.83608429865,78.514,2.45508077795197,66.0060429477805,12.7,1.0,26.885487247732346
Panama,Mortalidad_Baja,16151.3273478476,38.8,1026.38990550231,78.266,2.44618170062367,65.8116975091826,13.1,1.0,26.90384671441352
Panama,Mortalidad_Baja,15694.6297454295,40.9,1035.95086028489,77.901,2.57262188471475,65.5009498802326,13.4,1.0,25.460776132476724
Panama,Mortalidad_Baja,14832.3611608191,37.0,1045.76582937315,77.772,2.78054588931133,65.8250969877714,13.5,1.0,23.67344385173035
Panama,Mortalidad_Baja,14082.6548502728,35.0,1024.97759926054,77.583,2.94961630201192,66.652155427,13.6,1.0,22.59689010449829
Panama,Mortalidad_Baja,13213.1989637473,34.0,1035.01293838968,77.365,2.98667755648831,67.3055610797177,13.7,1.0,22.53526194466555
Panama,Mortalidad_Baja,12273.3225037637,33.0,1002.33596439162,77.129,3.05395074897129,68.7099758354171,13.9,1.0,22.498717721155707
Panama,Mortalidad_Baja,11064.8063606203,36.0,1052.69925949498,76.877,3.12877687887502,71.8565162805576,14.1,1.0,22.96632807718595
Panama,Mortalidad_Baja,9662.29592216607,34.0,1037.63156478608,76.659,3.27922461816528,73.0752391221161,14.3,1.0,22.284304258182093
Panama,Mortalidad_Baja,8331.46421351868,34.0,948.304837724795,76.417,3.63600328993314,73.3921339940699,14.7,1.0,20.184837070216034
Panama,Mortalidad_Baja,7796.92617035048,32.0,871.526813807763,76.228,3.78306123386363,73.4568446637392,15.1,1.0,19.417302581887615
Panama,Mortalidad_Baja,7347.59050324397,31.0,806.672089232316,75.937,4.44423048452242,72.2966271414913,15.6,1.0,16.267524241434646
Panama,Mortalidad_Baja,6317.81730274124,35.0,858.048128734239,75.675,4.7526485380607,73.9635656216436,16.1,1.0,15.562599470446882
Panama,Mortalidad_Baja,5528.76705469354,37.0,874.56606978567,75.429,5.29180834772909,73.9597421108348,16.6,1.0,13.976269972546087
Panama,Mortalidad_Media,5017.7410922824,34.0,838.635936361115,75.16,5.72339051926946,73.0155451365713,17.2,1.0,12.757393522378601
Panama,Mortalidad_Media,4644.56582353041,30.0,755.9909322211,74.845,6.20690447123381,72.5389162638697,17.8,1.0,11.68681048662094
Panama,Mortalidad_Media,4264.66428846636,37.0,774.416697085516,74.567,6.71919032928103,72.1604634881018,18.4,1.0,10.739458171565612
Panama,Mortalidad_Media,4090.58617397129,50.0,790.860132882429,74.195,6.61481084465062,73.5254474833248,19.0,1.0,11.115275887712592
Panama,Mortalidad_Media,3991.7767076924,50.0,887.107864697881,73.82,6.69523033894416,73.0366753885974,19.7,1.0,10.908762162186537
Panama,Mortalidad_Media,3975.09308659503,50.0,790.919387331221,73.443,6.31213545618237,71.575474426643,20.3,1.0,11.339343859697907
Panama,Mortalidad_Media,3513.89737854631,50.0,728.190793925761,71.994,6.48593360449452,66.8516173445071,22.0,1.0,10.307169548911405
Papua New Guinea,Mortalidad_Alta,3102.28968594061,26.2,788.2812801489192,65.274,16.9085919325011,38.9579007220385,33.0,0.0,2.30402986112374
Papua New Guinea,Mortalidad_Alta,2607.57861874444,32.7,1451.598461893098,64.358,18.9927879202426,42.6087360883136,34.1,0.0,2.2434166204162693
Papua New Guinea,Mortalidad_Alta,2429.61134585269,29.7,536.1720532321006,65.075,18.7553254780877,44.0310760674396,35.1,0.0,2.3476572624069987
Papua New Guinea,Mortalidad_Alta,2575.77274140393,37.2,875.6909118170495,65.331,16.9764457469667,41.8361672652699,36.1,0.0,2.464365503170477
Papua New Guinea,Mortalidad_Alta,2566.36833735041,33.1,775.9129049161816,65.114,16.9738355202322,41.6473438003943,37.1,0.0,2.4536200878553447
Papua New Guinea,Mortalidad_Alta,2477.76530986323,32.7,760.3431243616261,64.923,17.649568905745,41.5021183585627,38.2,0.0,2.3514522411396466
Papua New Guinea,Mortalidad_Alta,2316.39479758492,25.0,578.7321925131972,64.7,17.8663404294926,43.430656678982,39.3,0.0,2.430864722989912
Papua New Guinea,Mortalidad_Alta,2484.5963398603,25.0,760.3431243616261,64.473,17.4569301700841,43.2810108554466,40.4,0.0,2.479302513887417
Papua New Guinea,Mortalidad_Alta,2723.17529825196,20.2,1237.6761538312412,64.198,17.6919442750767,44.4755050929294,41.5,0.0,2.513884534193548
Papua New Guinea,Mortalidad_Alta,2560.77458976327,22.0,809.3688252645707,63.927,19.2600193533343,50.4989633986372,42.6,0.0,2.6219580817760084
Papua New Guinea,Mortalidad_Alta,2635.0873631547,21.0,966.5263333588449,63.639,19.2739507668723,49.6021773873939,43.7,0.0,2.5735345071363978
Papua New Guinea,Mortalidad_Alta,2288.37591141234,21.0,535.1501519574082,63.382,19.1997113715188,47.0232947143647,44.8,0.0,2.4491667507106336
Papua New Guinea,Mortalidad_Alta,1866.86889851208,20.0,464.43590520323994,63.056,19.6083870979546,44.1440002030136,45.9,0.0,2.2512815553105012
Papua New Guinea,Mortalidad_Alta,1568.83193368607,20.0,426.93818162869877,62.772,21.6434677774704,45.2637670895921,47.1,1.0,2.091336173804323
Papua New Guinea,Mortalidad_Alta,1624.79319935188,29.22,704.2107049470297,62.511,20.1748721590487,42.2889560914196,48.2,0.0,2.0961201517429413
Papua New Guinea,Mortalidad_Alta,1370.753415829,25.8,416.7769356765642,62.211,19.608590823475,42.4652017879367,49.3,0.0,2.165642710902929
Papua New Guinea,Mortalidad_Alta,1238.18282926706,25.6,1064.01628349599,62.018,20.4032370575395,41.1601229958445,50.4,0.0,2.017332979064458
Papua New Guinea,Mortalidad_Alta,744.486489977433,31.880000000000003,377.283017379155,61.868,29.14109881128208,40.56819102698214,51.4,0.0,1.5144743000152974
Papua New Guinea,Mortalidad_Alta,620.596147680561,23.759999999999998,341.00526798426165,61.795,35.9686628123206,46.25799700018822,52.4,0.0,1.5318122852953144
Papua New Guinea,Mortalidad_Alta,577.467922387259,29.619999999999997,303.4725656009926,61.741,38.3485879322483,35.88406313290722,53.4,0.0,1.0787070574358135
Papua New Guinea,Mortalidad_Alta,506.331789534482,29.419999999999998,307.3195379165676,61.643,37.9906481918408,38.839293632490026,54.3,0.0,1.3048625528201805
Papua New Guinea,Mortalidad_Alta,537.847459634131,50.0,376.2995317032473,61.647,34.411280936487,51.42852685085561,55.2,0.0,2.0146236111704465
Papua New Guinea,Mortalidad_Alta,635.957919047725,50.0,613.4394297866768,61.609,33.9663920787198,45.976227043971576,56.0,0.0,1.5739294235110104
Papua New Guinea,Mortalidad_Alta,998.229967376131,31.080000000000002,360.93339049180264,60.929,33.8127754370672,41.26659816523134,60.2,0.0,1.5394112335415244
Paraguay,Mortalidad_Media,6205.6259537937,29.5,1044.98506765929,72.319,10.8974804512494,47.7418134980574,15.6,1.0,4.380995562381007
Paraguay,Mortalidad_Media,5976.9317978996,32.2,1094.06594460795,68.108,11.2789007802766,46.9922462915585,16.2,1.0,4.166385289401054
Paraguay,Mortalidad_Media,5365.47220721191,29.6,1056.5406299527,72.72,10.7279902822144,48.1546300468675,16.7,1.0,4.488690684843513
Paraguay,Mortalidad_Media,5821.18199548637,25.5,1105.56253694542,73.668,9.66747366416727,49.5586095739955,17.2,1.0,5.126324756144483
Paraguay,Mortalidad_Media,6258.44991640954,28.3,1130.48367815286,73.627,9.95020338548856,48.8792744653965,17.7,1.0,4.912389483081556
Paraguay,Mortalidad_Media,6152.26711537703,32.6,1116.33946333541,73.45,10.1848244821521,47.9606996049679,18.3,1.0,4.709035456527925
Paraguay,Mortalidad_Media,5775.1596339946,24.0,1072.60628446376,73.487,10.696513407573,47.6296883780502,18.9,1.0,4.452823697143123
Paraguay,Mortalidad_Media,5879.33792308671,24.0,925.193411629783,73.454,9.44042072515891,48.6423009672103,19.5,1.0,5.15255647850287
Paraguay,Mortalidad_Media,6652.25478942291,20.5,859.864131506698,73.415,11.7708565049652,47.1154467111251,20.2,1.0,4.002720336557564
Paraguay,Mortalidad_Media,6435.68342733182,22.0,834.864412287503,73.292,12.8648395783659,46.9815144205012,20.8,1.0,3.6519316182929673
Paraguay,Mortalidad_Media,5642.1699167298,22.0,838.725851852828,73.105,10.0422288967986,48.1424560989514,21.4,1.0,4.794001072241932
Paraguay,Mortalidad_Media,5805.40154543044,21.0,846.378069858717,72.787,13.7962263457725,44.86447511271,22.0,1.0,3.2519381741266926
Paraguay,Mortalidad_Media,4750.96273669322,24.0,845.813455856112,72.551,13.0144797820733,45.3490217665405,22.7,1.0,3.484505145492345
Paraguay,Mortalidad_Media,3941.84815479271,24.0,803.842403165747,72.282,9.94793815611476,46.4438315437149,23.3,1.0,4.668689211258012
Paraguay,Mortalidad_Media,4384.9546943793,26.0,795.13978096029,72.047,13.4176454912948,43.3334831236297,23.9,1.0,3.229589211590358
Paraguay,Mortalidad_Media,3211.93621659546,21.0,748.808732851018,71.817,12.7097347758464,43.7732722238521,24.6,1.0,3.4440744040575026
Paraguay,Mortalidad_Media,2439.43124694576,19.0,742.137810783961,71.584,11.7935958026272,43.635121064116,25.2,1.0,3.6998996569303846
Paraguay,Mortalidad_Media,1970.87169852378,16.0,727.726114470464,71.317,12.7139528266327,41.7986259493051,25.8,1.0,3.287618455036811
Paraguay,Mortalidad_Media,1786.21533938543,17.0,745.141305382425,71.054,13.9333504941588,41.0107690235008,26.4,1.0,2.943353003334949
Paraguay,Mortalidad_Media,1443.99885236205,20.0,747.213467666312,70.795,13.0089432672836,40.7916144048049,27.0,1.0,3.1356593357888176
Paraguay,Mortalidad_Media,1367.76506935997,20.0,740.239930868724,70.539,11.0096432644682,41.3656707962624,27.6,1.0,3.75722171941422
Paraguay,Mortalidad_Media,1637.68615122932,20.0,756.521131169345,70.281,11.373317185727,43.6198607650467,28.1,1.0,3.835280424587794
Paraguay,Mortalidad_Media,1736.11729210765,15.0,756.712974544407,70.026,12.8566577643255,44.9075131170105,28.7,0.0,3.4929383623805665
Paraguay,Mortalidad_Media,1978.71514099575,10.0,856.423975305465,68.778,18.4437831019194,41.548729287881,32.1,1.0,2.2527227227887496
Peru,Mortalidad_Baja,7350.63034300417,39.7,826.705646687846,76.834,7.17416229206978,49.6995886430732,13.8,1.0,6.92758075713041
Peru,Mortalidad_Media,6826.20255614477,36.3,775.134628731113,71.596,7.12266347558469,48.7058242179895,14.0,1.0,6.838147609380254
Peru,Mortalidad_Media,6133.32552410183,33.5,666.666363333809,73.832,7.7158463734968,54.1910600001421,14.1,1.0,7.023346160219474
Peru,Mortalidad_Baja,7037.00803692604,31.8,798.439603977568,76.275,6.85303103477238,54.3915620275491,14.2,1.0,7.936862061701678
Peru,Mortalidad_Baja,6978.49121548627,36.6,783.890205846973,76.018,6.88584285144097,53.5381936281076,14.3,1.0,7.775111164046373
Peru,Mortalidad_Baja,6736.16693725487,38.8,762.042756190787,75.958,6.77975956010925,53.9283331564894,14.4,1.0,7.95431352371151
Peru,Mortalidad_Baja,6217.03599995447,38.0,764.054757957891,75.951,6.93503461650105,54.3063730182748,14.5,1.0,7.830728470923498
Peru,Mortalidad_Baja,6231.71150338894,38.0,743.011209215106,75.732,7.04564405972046,54.0425799449386,14.7,1.0,7.670353410825408
Peru,Mortalidad_Baja,6667.13410360861,34.0,728.635674022974,75.26,6.80424741378252,52.3928980547013,15.0,1.0,7.700028360017524
Peru,Mortalidad_Media,6746.80025696601,34.0,698.053820478867,74.591,6.66831016491401,50.5158622110693,15.3,1.0,7.57551178061027
Peru,Mortalidad_Media,6519.37852981527,35.0,731.975608324875,73.979,6.72523424077649,49.129259974298,15.7,1.0,7.305211716852495
Peru,Mortalidad_Media,5861.35793645245,37.0,688.059834224801,73.327,7.10011013658205,47.7582660570047,16.2,1.0,6.726412004644654
Peru,Mortalidad_Media,5072.11494019615,36.0,603.455432475802,72.886,6.82799723597835,48.9435774885792,16.8,1.0,7.168072246819872
Peru,Mortalidad_Media,4181.18755462253,35.0,583.138420968196,72.631,7.40390665571257,50.7365164325183,17.5,1.0,6.85266829956209
Peru,Mortalidad_Media,4197.58444634142,33.0,581.604189028885,72.743,7.16094114578461,48.3634281113294,18.3,1.0,6.753780980283467
Peru,Mortalidad_Media,3581.0893081917,35.0,531.658944578596,72.746,6.70580838491928,47.305070802301,19.3,1.0,7.0543427558541
Peru,Mortalidad_Media,3129.55996496982,35.0,503.243223308839,72.337,6.60348433016044,47.4170688770149,20.3,1.0,7.180613522537554
Peru,Mortalidad_Media,2706.66947297608,37.0,525.129526193377,71.988,6.85426462318893,49.8362904737407,21.4,1.0,7.270844242741607
Peru,Mortalidad_Media,2397.25147277714,40.0,499.905030452941,71.447,6.93443306205717,51.3878956720118,22.7,1.0,7.410540301151462
Peru,Mortalidad_Media,2129.44114197634,41.0,464.580789404956,71.278,7.31291934402482,53.9598800021533,24.1,1.0,7.378705748511009
Peru,Mortalidad_Media,2007.37019626753,44.0,478.085367689992,70.815,7.52396323647705,54.4908688003072,25.8,1.0,7.242309284039178
Peru,Mortalidad_Media,1929.57273038846,46.0,483.098550714887,70.315,7.89362669632438,54.5157702696039,27.7,1.0,6.9063020544142075
Peru,Mortalidad_Media,1945.41338451698,45.0,506.00792489422,69.821,8.06937491693616,54.0274885925663,29.9,1.0,6.695374691188578
Peru,Mortalidad_Media,2189.53431515311,10.0,450.596166882078,67.22,8.03821624273467,52.9156931059428,44.6,0.0,6.583014378814525
Poland,Mortalidad_Baja,18891.213529396,60.6,2803.44282148757,77.1560975609756,2.80606930357805,57.2217295257752,3.7,1.0,20.392129821174102
Poland,Mortalidad_Baja,18635.5088812509,65.0,2920.57014228821,75.3512195121951,2.24552304361646,56.4521825514612,3.8,1.0,25.139881201372052
Poland,Mortalidad_Baja,16150.9291009726,64.6,2711.76779748409,76.4,2.56844423547416,57.0960625229325,3.8,1.0,22.229823694183494
Poland,Mortalidad_Baja,15874.5220531254,49.8,2761.07120390241,77.9048780487805,2.37029744646443,56.8247340346225,3.8,1.0,23.973672215435702
Poland,Mortalidad_Baja,15658.210586693,50.9,2865.52431560861,77.6024390243903,2.41564136866167,56.4266313774483,3.9,1.0,23.3588611742935
Poland,Mortalidad_Baja,13913.3415190124,55.5,2734.42476025436,77.7536585365854,2.98537285986431,56.0708540911722,4.0,1.0,18.781859661483193
Poland,Mortalidad_Baja,12464.0121044827,61.0,2614.96971779438,77.8512195121951,2.6237968659564,55.0625951252974,4.1,1.0,20.98584529912781
Poland,Mortalidad_Baja,12637.5220324406,60.0,2498.7721796386,77.4512195121951,2.48363694237949,55.299619134775,4.2,1.0,22.265580846850455
Poland,Mortalidad_Baja,14262.2841914116,54.8,2473.79582209025,77.6024390243903,2.97119902232799,55.7052599572561,4.3,1.0,18.748410839745763
Poland,Mortalidad_Baja,13621.9023794031,55.0,2567.18208491979,77.0,3.22652536867249,56.7410646685001,4.5,1.0,17.58581079802433
Poland,Mortalidad_Baja,13087.420943321,53.0,2563.69089214526,76.7463414634146,2.98562113420809,55.3349007114845,4.7,1.0,18.533798571251605
Poland,Mortalidad_Baja,13867.6669408192,50.0,2652.99080592091,76.6951219512195,3.17180701243977,54.294328089083,4.9,1.0,17.117790545307965
Poland,Mortalidad_Baja,12567.7317676382,46.0,2642.06881241023,76.2463414634146,2.91554815662609,55.3297957201817,5.1,1.0,18.977493338408806
Poland,Mortalidad_Baja,11556.3026866026,42.0,2463.27043395388,75.6951219512195,2.62640625045433,56.2042941342382,5.4,1.0,21.399695543869374
Poland,Mortalidad_Baja,14048.5604672654,37.0,2563.58518489618,75.5439024390244,2.64309499472652,55.8299281086221,5.7,1.0,21.122936640572316
Poland,Mortalidad_Baja,11272.5293683383,34.0,2529.61907810596,75.2439024390244,3.09408708372918,54.9294199742734,6.0,1.0,17.753029726645302
Poland,Mortalidad_Media,9068.85528307627,35.0,2538.76112384258,75.1439024390244,2.7459182485152,55.7400722021661,6.3,1.0,20.299246793784345
Poland,Mortalidad_Media,8043.92332253757,36.0,2414.28237185953,74.9951219512195,2.96760371813755,55.8857255613399,6.5,1.0,18.83193676425687
Poland,Mortalidad_Media,6711.72715262967,40.0,2383.78041134423,74.8463414634146,3.33358582113835,55.9833742114646,6.7,1.0,16.793740199059116
Poland,Mortalidad_Media,5720.81366178104,41.0,2375.41153801546,74.5975609756098,2.69176153910407,57.9482847667238,7.0,1.0,21.528015734265747
Poland,Mortalidad_Media,5223.45178967082,41.0,2312.5947846893,74.4975609756098,2.80941626982179,58.7964553979086,7.3,1.0,20.928352992573167
Poland,Mortalidad_Media,5015.23790036613,42.0,2338.14293839845,74.2,3.32495017859303,58.280540681646,7.6,1.0,17.528244801041716
Poland,Mortalidad_Media,4520.64100449111,46.0,2321.77643337011,73.7487804878049,3.19050007383569,56.8411095841388,8.1,1.0,17.81573680260197
Poland,Mortalidad_Media,3700.95956775144,50.0,2578.20837982237,71.8926829268293,5.7358804322408,48.7708621431314,12.5,1.0,8.502768270585863
Portugal,Mortalidad_Baja,24620.519556875,67.8,1948.548763792,81.6317073170732,1.90543677756043,66.1933723556066,2.6,1.0,34.7392120983176
Portugal,Mortalidad_Baja,24711.4510062111,68.2,1940.99455698663,81.3780487804878,2.16204629838151,65.0687062575411,2.7,1.0,30.095889392494044
Portugal,Mortalidad_Baja,22299.4044062173,68.9,1957.30550192994,81.3292682926829,2.14089692520428,65.5669578738445,2.7,1.0,30.62592930184541
Portugal,Mortalidad_Baja,23343.3628970034,59.5,2115.18570481977,81.6756097560976,1.99991845769704,65.5860785423015,2.8,1.0,32.794376335636024
Portugal,Mortalidad_Baja,23541.1401075289,56.8,2140.97558921814,81.3243902439024,1.91817470918666,65.1189858053297,2.9,1.0,33.94841225538903
Portugal,Mortalidad_Baja,21442.3842768879,59.0,2210.06714740228,81.4243902439025,1.96367345206825,65.2644211981992,2.9,1.0,33.235883048405576
Portugal,Mortalidad_Baja,19980.2808866516,63.0,2111.0971132123,81.1243902439025,1.92235840837832,65.4115109280948,2.9,1.0,34.02669899796428
Portugal,Mortalidad_Baja,19215.7813014347,62.0,2121.0872664787,81.1243902439025,1.97541250129625,65.4357541364739,2.9,1.0,33.12510885373839
Portugal,Mortalidad_Baja,22120.6850127107,61.1,2035.41142547114,81.1219512195122,1.97659101484386,66.307724667619,2.9,1.0,33.546507178095695
Portugal,Mortalidad_Baja,21676.4859642714,61.0,2055.58816601984,80.7219512195122,2.04188706497902,66.8740172770633,2.9,1.0,32.75108522113608
Portugal,Mortalidad_Baja,20593.4274224109,60.0,2039.16999711033,80.3731707317073,1.92004687349348,66.391814938701,3.0,1.0,34.57822611273165
Portugal,Mortalidad_Baja,23246.5425416481,58.0,2164.03219875257,80.4707317073171,1.8384390598893,66.2727108617798,3.0,1.0,36.048358799431924
Portugal,Mortalidad_Baja,22551.935098809,61.0,2222.62833547109,79.0268292682927,1.94034870976094,65.9900107723019,3.0,1.0,34.0093563802932
Portugal,Mortalidad_Baja,23151.2154130712,65.0,2304.1784841547,78.7268292682927,1.95062621184125,66.787257798424,3.1,1.0,34.238880515904505
Portugal,Mortalidad_Baja,24949.0413566739,66.0,2337.4925314705,78.5243902439025,1.96377185231981,64.7713259125775,3.2,1.0,32.98312165746898
Portugal,Mortalidad_Baja,22811.0564844365,65.0,2402.51066519403,78.3219512195122,1.99815593954667,63.501585543125,3.3,1.0,31.78009497974011
Portugal,Mortalidad_Baja,19839.4540499032,63.0,2390.46374599498,78.419512195122,2.25313751520814,62.894552522885,3.4,1.0,27.914209451647668
Portugal,Mortalidad_Baja,18780.12751241,66.0,2519.13901861547,78.0707317073171,2.30349335448735,62.9727336595912,3.7,1.0,27.337927212560153
Portugal,Mortalidad_Baja,18064.1580932987,63.0,2463.10248808928,77.6707317073171,2.60214117997755,62.5652601326721,3.9,1.0,24.043760812859464
Portugal,Mortalidad_Baja,15797.7821340276,63.0,2400.86139844201,77.219512195122,2.65118079570935,62.1322775884069,4.3,1.0,23.43569992999394
Portugal,Mortalidad_Baja,12936.6928204482,64.0,2477.60275830907,77.0658536585366,2.72289086156617,61.2380592224029,4.7,0.0,22.49008951727856
Portugal,Mortalidad_Baja,11734.7649743954,67.0,2391.32113737669,76.8146341463415,2.96074957358316,60.5837971257288,5.1,0.0,20.462317267991377
Portugal,Mortalidad_Baja,11526.3720667968,65.0,2390.18870122638,76.3146341463415,3.10974828415915,60.0222194629272,5.5,0.0,19.301311224666115
Portugal,Mortalidad_Baja,11781.3618502221,70.0,2013.96965845437,75.3121951219512,4.80044172792782,58.5057679863327,7.5,0.0,12.187580081632936
Qatar,Mortalidad_Baja,88701.463352273,60.0,16683.663609726,81.857,0.256559617750539,38.5414362733182,5.0,0.0,150.2240945447356
Qatar,Mortalidad_Baja,71751.8831257169,54.0,17100.7506118977,81.083,0.298239680088491,44.7688209283227,5.1,0.0,150.11020973144585
Qatar,Mortalidad_Baja,51683.5054376677,64.6,14869.2501075493,80.409,0.338750396492592,52.7438680452718,5.2,0.0,155.70127324242185
Qatar,Mortalidad_Baja,66841.3013484919,77.4,15760.736902246,82.945,0.260005315111579,46.4545282398717,5.4,0.0,178.6676100061114
Qatar,Mortalidad_Baja,71039.8490579352,71.6,16139.7708310186,82.714,0.218257646242842,43.0924167580024,5.6,0.0,197.43829139463958
Qatar,Mortalidad_Baja,63279.8556949332,59.0,16718.237047918,82.458,0.214741536757396,47.3003409753676,5.9,1.0,220.2663801777907
Qatar,Mortalidad_Baja,61253.6375482797,69.0,15178.8562114172,82.147,0.183872269651982,50.7781031848514,6.2,0.0,276.15965844637657
Qatar,Mortalidad_Baja,68985.2946961507,68.0,16427.7565434994,81.785,0.161318389310859,46.0682464857373,6.4,0.0,285.57343451380626
Qatar,Mortalidad_Baja,95840.6310094498,72.4,17814.5431104326,81.395,0.117168462919326,32.8508108629948,6.7,0.0,280.37246580262445
Qatar,Mortalidad_Baja,103697.008372373,72.0,20642.1423232651,80.974,0.0960229515645713,30.3224172454025,6.9,0.0,315.7830159491815
Qatar,Mortalidad_Baja,108470.378825036,77.0,21456.0669284592,80.499,0.0941964622110214,28.4827742187094,7.1,0.0,302.3762628675113
Qatar,Mortalidad_Baja,103261.506539346,70.0,16473.4269691009,79.994,0.0966060404987279,28.5571253802479,7.3,0.0,295.6039315225215
Qatar,Mortalidad_Baja,77387.3267885308,65.0,16779.9216747321,79.444,0.117906612206567,56.4744979170777,7.5,0.0,79.38238285060899
Qatar,Mortalidad_Baja,60785.7351551657,60.0,15063.2666244935,78.837,0.123319456383116,57.335329781730536,7.7,0.0,107.38993419248331
Qatar,Mortalidad_Baja,80781.4039187792,60.0,15946.7278040391,78.262,0.124647566750798,62.908888771039116,7.9,0.0,105.19601782878271
Qatar,Mortalidad_Baja,65954.3419525051,59.0,18323.3464644697,77.741,0.109942375031018,53.9683227530611,8.1,0.0,142.9744328739752
Qatar,Mortalidad_Baja,62582.4453138755,52.0,20140.3428752631,77.323,0.121835107463077,54.90262586315124,8.4,0.0,140.65725059609912
Qatar,Mortalidad_Baja,53949.6764091147,56.0,20198.1689051663,76.909,0.133258478262211,60.96010515592794,8.7,0.0,40.64672115878807
Qatar,Mortalidad_Baja,41035.5008380177,70.0,21557.4750763638,76.484,0.181799293579888,62.52120931940516,9.0,0.0,10.186297588279812
Qatar,Mortalidad_Baja,31602.470865136,70.0,18983.9448332386,76.097,0.234640393168579,53.89742065554178,9.3,0.0,49.01563444186111
Qatar,Mortalidad_Baja,27226.6593510117,70.0,19201.3018874398,75.766,0.256795868565916,59.871445705629995,9.6,0.0,49.29760116704402
Qatar,Mortalidad_Baja,25870.7991864314,70.0,17811.9127028494,75.486,0.37593984962406,57.289494039752036,10.0,0.0,64.24803377427905
Qatar,Mortalidad_Baja,27535.182940934,90.0,16938.7214410402,75.25,0.372799554496798,55.44632322413348,10.4,0.0,63.268869934142515
Qatar,Mortalidad_Media,15822.5090711554,58.17999999999999,15853.7577398647,74.404,2.03619255944428,69.23744782455421,12.8,0.0,35.41180010617245
Romania,Mortalidad_Media,15557.8826247584,45.4,1655.78613654671,75.1536585365854,3.8129043866278,60.6610385404297,5.4,1.0,15.90940458753003
Romania,Mortalidad_Media,14986.7854904274,54.6,1787.01320453152,72.809756097561,4.60565294466557,59.7105322486708,5.3,1.0,12.964618256316871
Romania,Mortalidad_Media,13082.3006559554,55.1,1669.6382293589,74.2536585365854,4.0647816898077,60.1126801488441,5.4,1.0,14.788661418047266
Romania,Mortalidad_Baja,12992.0326104674,39.8,1705.25777604649,75.6073170731707,4.29922089922956,58.6186370264974,5.6,1.0,13.634711590884322
Romania,Mortalidad_Baja,12502.2624061935,40.0,1717.11748022415,75.3585365853659,4.49503850477091,57.0503333314924,6.0,1.0,12.691845302535397
Romania,Mortalidad_Baja,10727.9822007426,45.9,1693.37364201715,75.209756097561,4.43884283682194,56.9119041977143,6.5,1.0,12.82133796799647
Romania,Mortalidad_Baja,9404.54005870715,43.0,1604.62335040687,75.209756097561,4.2921753725524,55.1153784636175,7.1,1.0,12.840896207566281
Romania,Mortalidad_Media,8977.01748158196,43.0,1598.69179785792,74.9121951219512,4.42592968395419,52.6060117162535,7.7,1.0,11.885867031953051
Romania,Mortalidad_Media,10031.7710755404,37.7,1579.40659793132,74.909756097561,4.94834094527624,50.9162586615439,8.3,1.0,10.289561536811508
Romania,Mortalidad_Media,9497.67411615237,36.0,1590.19381302075,75.0634146341463,5.50972556892124,50.5530892890503,8.9,1.0,9.175246327005029
Romania,Mortalidad_Media,8929.95366231474,37.0,1736.57620479665,74.4121951219512,4.54079724771484,49.4343903967501,9.5,1.0,10.886720480996592
Romania,Mortalidad_Media,9560.6755277458,38.0,1771.70358553223,74.409756097561,5.95088848587022,42.3345168458964,10.0,1.0,7.113982550070534
Romania,Mortalidad_Media,8399.5374234284,38.0,1724.69848692837,73.4585365853659,5.1772466335768,45.9961975955111,10.5,1.0,8.884297166220522
Romania,Mortalidad_Media,8548.4543409242,37.0,1707.81228256351,73.309756097561,6.11614263251912,48.3819583982207,11.1,1.0,7.9105346793217475
Romania,Mortalidad_Media,10435.1561230787,31.0,1925.09359481658,72.5658536585366,6.30193056572848,46.6274099654077,11.9,1.0,7.398908870716468
Romania,Mortalidad_Media,8360.33775916596,30.0,1900.48321448247,72.5658536585366,5.50150097100926,49.3464862197025,12.9,1.0,8.969640554412154
Romania,Mortalidad_Media,5757.53127301178,29.0,1881.71766548482,72.1634146341463,7.82080658741648,48.253514239885,14.2,1.0,6.169889729471629
Romania,Mortalidad_Media,4618.00350802913,28.0,1808.18761844581,71.9121951219512,8.48610428920676,47.9286025784533,15.5,1.0,5.64789224183968
Romania,Mortalidad_Media,3494.99056448955,26.0,1804.15055460729,71.5609756097561,12.7055114609076,45.1610886176413,16.5,1.0,3.554448693906832
Romania,Mortalidad_Media,2679.40626016154,28.0,1841.57433869048,71.309756097561,11.9143840898386,45.25754803103,16.9,1.0,3.7985637939630235
Romania,Mortalidad_Media,2119.85509684554,29.0,1755.33108643191,71.009756097561,11.3424376853187,45.6522724213001,17.0,1.0,4.0249083740077305
Romania,Mortalidad_Media,1825.19299373184,33.0,1666.72400767413,71.1609756097561,13.1496003966219,45.2363631407411,17.4,1.0,3.440132154309587
Romania,Mortalidad_Media,1659.92904910528,30.0,1615.33488235312,71.1634146341463,10.8539180518615,49.1808772014428,18.1,1.0,4.531163490128621
Romania,Mortalidad_Media,1650.04922365201,10.0,2054.45247554785,69.4560975609756,18.1628255328095,40.2701495282895,22.2,1.0,2.2171742747594596
Rwanda,Mortalidad_Media,975.469323979541,54.7,372.991402429343,67.528,24.886975847496,46.4685596596172,30.8,0.0,1.867183861324502
Rwanda,Mortalidad_Alta,829.544845639777,59.1,365.508479917565,66.85,24.0706966220179,47.647336269549,31.1,0.0,1.9794747537952486
Rwanda,Mortalidad_Media,778.701498787411,57.6,358.132557033915,66.953,26.6559195496967,46.5785096073841,31.5,0.0,1.7473983413156753
Rwanda,Mortalidad_Alta,810.051412137354,67.9,357.419084978587,66.691,23.560629300383,49.0985649554223,31.8,0.0,2.0839241740722163
Rwanda,Mortalidad_Alta,771.773511057901,61.2,355.698420076335,66.354,24.6227246165566,49.6894821626552,32.2,0.0,2.0180334604093093
Rwanda,Mortalidad_Alta,758.300966737624,45.9,352.157966903596,66.14,26.3454376635445,47.8764811281534,32.6,0.0,1.8172589022653618
Rwanda,Mortalidad_Alta,729.519134044611,49.0,347.74298432412,65.733,25.1527094826327,49.2882419165261,33.1,1.0,1.95955994126829
Rwanda,Mortalidad_Alta,733.998630392314,53.0,350.169173195487,65.419,23.9810045274251,49.7430202653232,33.7,0.0,2.0742675815951
Rwanda,Mortalidad_Alta,724.957526109262,46.9,352.158641161359,65.088,24.6883207854521,49.2213441044684,34.6,0.0,1.993709678848336
Rwanda,Mortalidad_Alta,704.92421796616,50.0,354.886177609396,64.651,24.9203167464094,49.800841592671,35.7,1.0,1.998403234575518
Rwanda,Mortalidad_Alta,706.8172686891,40.0,354.165609155772,64.189,24.765432008534,48.8490732798953,37.2,0.0,1.972470064849353
Rwanda,Mortalidad_Alta,651.133677964662,33.0,350.444162856993,63.476,23.8371959544057,47.8976422904983,39.0,0.0,2.009365631012721
Rwanda,Mortalidad_Alta,593.624927744346,30.0,349.056987418247,62.804,24.3144893985439,49.8792967990238,42.2,1.0,2.051422753792678
Rwanda,Mortalidad_Alta,564.039095842449,28.0,350.122128007432,61.813,25.3575273279149,49.5103472767103,45.4,0.0,1.9524911335580697
Rwanda,Mortalidad_Alta,528.326391755502,25.0,347.008912213796,60.641,24.7805133299176,49.309864191162,48.8,0.0,1.9898645171175704
Rwanda,Mortalidad_Alta,426.234183487629,21.0,347.627010114549,59.504,26.068484121694,48.1958467944348,53.0,0.0,1.8488166235307322
Rwanda,Mortalidad_Alta,356.995022901154,10.0,350.903344670586,58.342,30.026108002825,45.2049075365036,57.9,0.0,1.5055200471619732
Rwanda,Mortalidad_Alta,324.016863847189,10.0,352.136028277729,56.968,33.7756165293022,42.5382621808924,63.9,1.0,1.2594370303792422
Rwanda,Mortalidad_Alta,269.540446333402,10.0,387.066145752688,55.52,33.895261824051,42.4570134790914,71.1,0.0,1.252594350782246
Rwanda,Mortalidad_Alta,249.012274982252,10.0,396.494966802982,53.529,33.0353672438095,43.6823937428764,79.5,0.0,1.3222917553932154
Rwanda,Mortalidad_Alta,234.043016755733,10.0,407.829159505775,51.262,30.1946865741942,44.3972019839823,88.3,0.0,1.4703647237698514
Rwanda,Mortalidad_Alta,237.308846200901,10.0,406.223640037907,49.49,31.7940006044905,43.4295280432737,98.0,0.0,1.3659661325268966
Rwanda,Mortalidad_Alta,251.86926386091,10.0,405.776823991798,47.798,31.1849871789041,44.3325422142963,107.9,1.0,1.4215988597322948
Rwanda,Mortalidad_Alta,227.971147849318,26.4,1047.13268372201,41.518,44.000449460129,40.0283638076243,125.7,0.0,0.9097262482260777
Saudi Arabia,Mortalidad_Baja,38510.2276211037,50.7,7529.60103058863,77.31,2.21479159080364,40.2066530479076,5.1,0.0,18.153695912001616
Saudi Arabia,Mortalidad_Baja,31920.7653655643,53.2,7465.87573152761,77.089,2.44812792691627,45.8018349629672,5.3,0.0,18.708922217418788
Saudi Arabia,Mortalidad_Baja,24338.8307301067,49.6,7170.88694947248,77.596,2.95556974627207,54.5874963582755,5.5,0.0,18.469364976796097
Saudi Arabia,Mortalidad_Baja,29566.7933827436,49.8,7668.22165933444,78.313,2.45384656461481,49.0640913102722,5.8,0.0,19.99476740632069
Saudi Arabia,Mortalidad_Baja,29360.0658968566,49.9,7650.66372475004,78.75,2.41396154385256,46.0223400101906,6.1,0.0,19.06506759703441
Saudi Arabia,Mortalidad_Baja,23929.2907135982,45.9,7707.05632967392,78.721,2.83525700890872,51.4336551370844,6.5,0.0,18.140738203088343
Saudi Arabia,Mortalidad_Baja,22267.7217050387,49.0,7521.58911581712,78.354,2.91802299444676,53.5509157775579,6.9,0.0,18.351779913821698
Saudi Arabia,Mortalidad_Baja,23256.1549553531,46.0,7786.91651664863,77.776,2.75387031670143,51.6451922544441,7.4,0.0,18.753676213883743
Saudi Arabia,Mortalidad_Baja,27805.4850319422,43.7,7959.81351652344,77.116,2.27940419211986,40.7584259766165,7.9,0.0,17.88117531656854
Saudi Arabia,Mortalidad_Baja,27865.465604962,44.0,7401.17130265584,76.517,2.14783287096443,38.1484481310781,8.5,0.0,17.76136711882452
Saudi Arabia,Mortalidad_Baja,28733.4375513452,47.0,7862.42354103658,76.09,2.06209514825132,35.2326927816917,9.1,0.0,17.085871528076396
Saudi Arabia,Mortalidad_Baja,27126.7498747702,43.0,7979.3799657336,75.808,2.15288829129967,34.0894612999603,9.7,0.0,15.834291745523378
Saudi Arabia,Mortalidad_Baja,22028.3901426586,35.0,7965.26121862505,75.616,2.61912238524459,38.6088698481102,10.4,0.0,14.741147670541048
Saudi Arabia,Mortalidad_Baja,17718.3911648365,34.0,7125.05300494705,75.447,2.83043433137553,41.723193527879,11.2,0.0,14.7409155779998
Saudi Arabia,Mortalidad_Baja,22320.4888964331,33.0,6980.05897029755,75.301,2.29269078480924,30.5115127039387,12.0,0.0,13.308167375251767
Saudi Arabia,Mortalidad_Media,18596.1502627898,34.0,6696.94747279399,75.066,2.74276747836675,33.8067662415393,12.8,0.0,12.325786457724222
Saudi Arabia,Mortalidad_Media,17563.6145370639,34.0,6605.44101687621,74.762,2.91996194095464,33.7619580996266,13.7,0.0,11.562465121921626
Saudi Arabia,Mortalidad_Media,15975.7473782258,45.0,6447.07190249029,74.4,3.1854016709851,34.2555195076907,14.6,0.0,10.753908940186191
Saudi Arabia,Mortalidad_Media,13154.4978989446,50.0,6375.54473048108,74.027,3.86835593326895,38.5165977348877,15.5,0.0,9.95683913251987
Saudi Arabia,Mortalidad_Media,11487.220410693,50.0,6631.81585672969,73.657,4.47188176141973,40.5648731772355,16.5,0.0,9.071096988118262
Saudi Arabia,Mortalidad_Media,10586.0543471363,70.0,6826.99573187577,73.296,5.03753751642003,42.9210347921724,17.6,0.0,8.52024121949857
Saudi Arabia,Mortalidad_Media,10805.311325122,70.0,6348.58935367071,72.951,5.13485567314878,43.0507041111285,18.7,0.0,8.384014440025942
Saudi Arabia,Mortalidad_Media,11714.5623675159,70.0,6516.00755562211,72.607,4.90093304872369,40.2910729286417,19.9,0.0,8.221102497846685
Saudi Arabia,Mortalidad_Media,10786.4008952769,61.6,6316.7131696411,70.944,5.84870161320368,44.2746171901196,27.8,0.0,7.56999076344874
Senegal,Mortalidad_Media,1574.0281059306,47.8,315.965932815121,67.788,16.3333231968406,49.7964440298548,31.4,0.0,3.0487637714465277
Senegal,Mortalidad_Media,1598.10676952274,43.6,294.173427358174,66.868,15.5512646222076,50.5239032603048,32.7,1.0,3.2488613940859437
Senegal,Mortalidad_Media,1461.08720350553,40.6,280.607903309744,67.496,16.1487794824433,50.524794927837,33.9,0.0,3.1287067225586163
Senegal,Mortalidad_Media,1431.18128932159,40.3,298.559525125339,67.668,14.8962721234445,50.9547929398667,34.9,0.0,3.420640581590309
Senegal,Mortalidad_Media,1452.55612562445,42.6,274.380533481061,67.379,14.9875195578847,52.1727885084918,35.7,1.0,3.481082263612094
Senegal,Mortalidad_Media,1356.80518449031,42.1,278.019674604295,67.059,14.9820338201197,52.1708286457549,36.4,0.0,3.4822260630391555
Senegal,Mortalidad_Alta,1266.43957151587,43.0,287.042022425235,66.724,14.4140203888971,51.9681042834976,36.9,0.0,3.6053857897639605
Senegal,Mortalidad_Alta,1218.00613555438,41.0,296.775621300382,66.451,14.2825767344045,51.4368734328387,37.3,0.0,3.601372104582172
Senegal,Mortalidad_Alta,1398.89137601382,29.5,284.845981855555,66.001,13.3687650760268,53.6085329173623,37.9,0.0,4.009983914931263
Senegal,Mortalidad_Alta,1379.83196553924,29.0,271.06546719919,65.638,13.7248803755401,52.6932478038648,38.5,0.0,3.839250059896513
Senegal,Mortalidad_Alta,1326.83798848379,29.0,302.418621518753,65.229,14.0976923523704,53.7359773167972,39.3,0.0,3.811686052842682
Senegal,Mortalidad_Alta,1374.67591873844,30.0,317.49118236804,64.799,12.9470610352017,53.7636944684195,40.3,1.0,4.152579054214826
Senegal,Mortalidad_Alta,1275.88357492357,34.0,313.396782040786,64.221,15.945261535619,52.4270621171615,41.5,0.0,3.287939931248438
Senegal,Mortalidad_Alta,1308.69404336205,36.0,304.736226945897,63.751,16.1077336169075,52.3709526949588,43.0,0.0,3.2512924499811433
Senegal,Mortalidad_Alta,1398.79218010021,33.0,259.2346121475,63.201,14.6866270243556,53.5524725330782,44.9,0.0,3.6463425158322154
Senegal,Mortalidad_Alta,1188.93877808175,32.0,253.743519677808,62.653,12.2459105728806,53.2209644120259,47.2,0.0,4.346019358485872
Senegal,Mortalidad_Alta,1017.20196747987,30.0,241.589611245821,61.801,13.3951515867003,51.9152517286897,50.1,0.0,3.8756748210475656
Senegal,Mortalidad_Alta,979.846101520171,32.0,246.435668804505,60.98,15.1803964143562,49.6862123536231,53.5,1.0,3.273051045401853
Senegal,Mortalidad_Alta,918.102079522155,31.0,247.017188309568,60.308,14.2017995388,50.6690012194278,57.5,0.0,3.5677873836338594
Senegal,Mortalidad_Alta,817.888034221442,29.0,235.81440136714,59.474,15.4910998381045,50.7893753360918,61.8,0.0,3.278616487330471
Senegal,Mortalidad_Alta,669.430447319209,35.0,249.886211773534,58.912,13.3807801250726,50.4637711431131,66.2,0.0,3.7713624072302956
Senegal,Mortalidad_Alta,637.213530563724,34.0,253.79128464664,58.158,16.2524323093589,49.2404719048245,70.4,1.0,3.029729394810005
Senegal,Mortalidad_Alta,603.233162455158,33.0,240.56962512208,57.615,16.4392452034714,50.5601905708335,73.8,0.0,3.0755785892260388
Senegal,Mortalidad_Alta,714.994396357297,26.0,210.782876892548,57.336,19.4701646746387,48.8479768764757,75.6,0.0,2.5088630575427917
Serbia,Mortalidad_Baja,10022.9688543402,37.9,2441.19971197446,75.2365853658537,5.33833772063431,54.2744500263509,4.5,1.0,10.166919529381502
Serbia,Mortalidad_Media,9680.52798074468,45.0,2355.54985028928,72.780487804878,5.15586469879064,54.2584622562205,4.6,1.0,10.52363966590267
Serbia,Mortalidad_Media,8098.70955668849,44.0,2291.82629172746,74.4780487804878,5.05373769401741,54.449906869144,4.7,1.0,10.774185398185889
Serbia,Mortalidad_Baja,7755.632986437,37.2,2201.91614384043,75.9365853658537,4.76474851493196,53.1665541059224,4.8,1.0,11.158312750254693
Serbia,Mortalidad_Baja,7559.86165747394,36.5,2200.60591762227,75.890243902439,5.20468651078978,52.450101208515,5.0,1.0,10.07747557893857
Serbia,Mortalidad_Baja,6548.03653824187,38.2,2225.14916142745,75.5390243902439,5.05778606525606,51.877371401474,5.1,1.0,10.256932723556707
Serbia,Mortalidad_Baja,5982.37030126471,41.0,2166.13667526014,75.6878048780488,5.70664096571472,51.2068284193302,5.2,1.0,8.97319959797346
Serbia,Mortalidad_Baja,5820.3215576888,42.0,2080.79593994038,75.2878048780488,5.60595319138529,52.0345054658593,5.4,1.0,9.282008552233563
Serbia,Mortalidad_Baja,6886.67809068704,34.0,1861.95850075295,75.3365853658537,6.11737533592784,52.074015215271,5.7,1.0,8.512476733189166
Serbia,Mortalidad_Baja,7040.41812068781,33.0,2082.3515430645,75.1853658536585,6.29965191728962,50.6977759450694,5.9,1.0,8.047710668890696
Serbia,Mortalidad_Media,6263.04086072815,35.0,2024.48141513919,74.8365853658537,6.04364014215639,51.8649552084884,6.1,1.0,8.581741134240136
Serbia,Mortalidad_Media,7082.2861666075,35.0,2242.01989996454,74.5365853658537,6.34800451775273,51.9323599324641,6.4,0.0,8.180895238374655
Serbia,Mortalidad_Media,5970.92660940072,34.0,2145.91401310627,74.3365853658537,6.11650941889437,52.6411736360141,6.6,1.0,8.606407679746466
Serbia,Mortalidad_Media,6414.0448463847,34.0,2073.57047235444,73.9853658536585,5.99159503176742,53.7372070633044,6.7,1.0,8.968764874526713
Serbia,Mortalidad_Media,7376.73517910716,38.28,2292.39642333029,73.8853658536585,6.35977347846117,49.8508306132869,6.9,1.0,7.838460093290769
Serbia,Mortalidad_Media,6081.08765700202,36.58,2241.56812781607,73.6317073170732,5.50486565149148,49.6279606735475,7.1,1.0,9.015290075263032
Serbia,Mortalidad_Media,4492.7136699046,37.14,2293.67913246219,73.3853658536585,6.22223200235689,47.8325380339523,7.4,1.0,7.687360100978883
Serbia,Mortalidad_Media,3807.97417321786,49.260000000000005,2152.46605224195,72.8341463414634,6.16013694013165,48.0672632642501,7.8,1.0,7.802953689406593
Serbia,Mortalidad_Media,3597.08798057009,52.720000000000006,2418.7222777969,72.6829268292683,7.62709744796992,45.3929137101751,8.4,1.0,5.951531892680509
Serbia,Mortalidad_Media,3153.9011312754,10.0,2211.04337201789,72.4365853658537,7.02904112121838,47.5279786788736,9.1,1.0,6.761658931742788
Serbia,Mortalidad_Media,2390.73459447107,10.0,2097.94999221022,72.2853658536585,8.51013913494866,43.969610784316,9.9,1.0,5.16673230449848
Serbia,Mortalidad_Media,1812.42088281393,24.880000000000003,1965.15252074554,72.2341463414634,12.7777822955607,41.885562408666,10.4,0.0,3.2779993773425002
Serbia,Mortalidad_Media,974.725469278615,29.660000000000004,1801.4812028674,71.5829268292683,14.6669778316554,41.9946540126238,10.9,0.0,2.8632111191978287
Serbia,Mortalidad_Media,2349.40645150289,33.18,1782.19587927974,72.6157317073171,14.1606311127223,43.9089898886411,16.9,0.0,3.1007791629563783
Seychelles,Mortalidad_Media,16836.6721895387,65.2,6475.375452075736,73.7024390243903,2.43560145251469,68.5396110646681,13.3,0.0,28.140733367482138
Seychelles,Mortalidad_Media,14982.9111487767,64.4,2487.6665661760762,73.3975609756097,2.44466263831241,71.792890047776,13.5,0.0,29.367197306756314
Seychelles,Mortalidad_Baja,14041.4754074575,53.3,2251.4123194083063,77.2365853658537,1.96124535557297,69.3076224483376,13.6,0.0,35.33857824131833
Seychelles,Mortalidad_Media,19141.5118743615,39.2,5454.131091180054,74.0463414634146,2.12955445087691,70.9429679692474,13.6,0.0,33.313526188557624
Seychelles,Mortalidad_Media,18440.2340460932,38.8,3462.899126568096,72.8414634146341,2.0783484846252,69.9476824400139,13.5,1.0,33.65541580608795
Seychelles,Mortalidad_Media,17480.3651911372,44.3,5376.5280587140105,74.3,2.13180786598013,69.2741357827459,13.4,0.0,32.495487463123744
Seychelles,Mortalidad_Media,16566.9946042294,55.0,4604.911347986055,74.309756097561,1.9149122831203,68.48212565237,13.3,0.0,35.762539232752815
Seychelles,Mortalidad_Media,15333.1051727105,54.0,4000.465029065718,74.2951219512195,2.05307446564115,67.2463184086625,13.2,0.0,32.753959748684665
Seychelles,Mortalidad_Media,15188.1902175113,48.5,1992.0177677233576,73.2292682926829,2.33075493440682,64.8365134500149,13.1,0.0,27.81781666227208
Seychelles,Mortalidad_Media,14821.2921476077,48.0,2082.079975665752,73.119512195122,2.71276034719474,64.3204210082484,12.9,1.0,23.710321877405065
Seychelles,Mortalidad_Media,12337.1554669388,48.0,3858.3143642150535,74.2756097560976,1.99985279931942,60.6962628362195,12.8,0.0,30.350365215317524
Seychelles,Mortalidad_Media,12110.0937461973,48.0,2364.545427514942,72.7243902439024,2.19346218388635,59.697762704269,12.7,0.0,27.216226084416565
Seychelles,Mortalidad_Media,10934.79494629,48.0,2491.058445020158,73.1975609756098,2.23545934618328,61.5630454862737,12.6,0.0,27.53932680161847
Seychelles,Mortalidad_Media,9747.09180546291,45.0,2105.4017473959602,73.0829268292683,2.24128896994315,62.3094945737398,12.5,0.0,27.80074118480147
Seychelles,Mortalidad_Media,11265.4376270005,31.78,2819.5003488898224,73.1634146341463,2.53632156141561,61.0312008131524,12.4,0.0,24.062879778969645
Seychelles,Mortalidad_Media,12669.3026687222,54.8,2410.82873707855,73.1439024390244,2.62790252151546,61.663102285032,12.3,0.0,23.464760119592295
Seychelles,Mortalidad_Media,12782.9938926475,46.5,2872.34042553192,72.2170731707317,2.78226337941348,59.8814589396797,12.2,1.0,21.522570214866978
Seychelles,Mortalidad_Media,11802.1118276833,52.379999999999995,2751.69567211374,72.1317073170732,3.03800915305174,57.1255555460939,12.1,0.0,18.80361535076685
Seychelles,Mortalidad_Media,10827.671636033,49.1,3103.97090027281,72.6609756097561,3.22710437515749,57.092652626233,12.0,0.0,17.691603985832266
Seychelles,Mortalidad_Media,9070.28460757013,37.58,1724.7298041770723,71.0292682926829,2.46144781055938,35.4266788198821,12.0,0.0,14.392618306959415
Seychelles,Mortalidad_Media,8864.16919495467,41.44,1688.0551727170562,71.0878048780488,2.69362339108723,36.6931400773371,11.9,0.0,13.622223581347283
Seychelles,Mortalidad_Media,8153.2986369879,31.28,2297.7097873063785,73.2536585365854,2.63784400306895,40.4504628927915,11.8,0.0,15.334668329791365
Seychelles,Mortalidad_Media,8063.65500575169,37.44,2269.56042758621,72.7780487804878,2.64100273246754,38.8526916133463,11.8,0.0,14.7113409371771
Seychelles,Mortalidad_Media,7180.66832748656,45.2,2433.8165330065362,72.4829268292683,3.8957027231211,51.9610789739334,12.0,0.0,13.338050325437566
Sierra Leone,Mortalidad_Alta,860.774590932595,32.4,312.3773637864526,61.275,33.8158101028224,42.105830236429,58.0,0.0,1.2451521968097012
Sierra Leone,Mortalidad_Alta,886.192939104469,30.5,291.1468677426218,60.26,33.727923087739,43.4218935702597,60.0,0.0,1.2874167631758124
Sierra Leone,Mortalidad_Alta,845.982914284565,21.8,293.42076770010465,59.694,35.1791845948019,43.3576677772711,61.9,0.0,1.2324807489619203
Sierra Leone,Mortalidad_Alta,844.049555179116,26.2,286.6331778089084,59.593,34.5733169787506,44.0655252117914,64.1,0.0,1.2745530097350768
Sierra Leone,Mortalidad_Alta,845.914540460932,22.0,297.32812716745764,59.059,34.9852345791337,43.9222664585127,66.3,1.0,1.2554515351087379
Sierra Leone,Mortalidad_Alta,779.186007841728,18.9,357.19161465127115,57.761,33.3320506947837,44.7627784875476,68.8,0.0,1.3429350296335878
Sierra Leone,Mortalidad_Alta,844.416411175476,31.0,289.60892932256877,56.937,32.5776913387757,44.7998859143922,71.3,0.0,1.3751706788709424
Sierra Leone,Mortalidad_Alta,964.575980888989,30.0,289.4548421574392,55.454,34.3025554909897,45.7694781946391,76.9,0.0,1.3342877094583065
Sierra Leone,Mortalidad_Alta,1117.7586465721,24.6,418.18815960329084,54.281,31.9043952976079,41.7591459134724,77.7,0.0,1.3088837924661554
Sierra Leone,Mortalidad_Alta,1117.47183075115,25.0,420.98735019974885,54.051,30.1232322468759,41.5447697694912,80.0,0.0,1.3791604243863913
Sierra Leone,Mortalidad_Alta,937.504428180231,24.0,210.11315089055378,53.159,30.6570937162864,43.9808676297969,83.4,0.0,1.4346065558860304
Sierra Leone,Mortalidad_Alta,761.146365577281,22.0,268.9036364021968,52.594,31.5846615609542,46.9470282884235,87.0,1.0,1.486386934931121
Sierra Leone,Mortalidad_Alta,685.039673490948,19.0,356.3196930586546,51.927,30.542621858137,46.2373485831068,90.8,0.0,1.5138631122720232
Sierra Leone,Mortalidad_Alta,652.845806767943,21.0,325.9021803764028,51.312,30.4719745904755,47.3878489732235,94.7,0.0,1.555128921249341
Sierra Leone,Mortalidad_Alta,705.359014080005,22.0,350.55118147975224,50.693,28.9974768705335,46.0455984618893,98.5,0.0,1.5879174132105152
Sierra Leone,Mortalidad_Alta,631.889926264998,24.0,294.0046741414464,50.024,28.3984316094981,44.79108340707,102.4,0.0,1.577237927185008
Sierra Leone,Mortalidad_Alta,580.26796974773,23.0,359.46050621754046,49.547,27.5403133675948,44.5914529648678,106.0,0.0,1.6191338264631425
Sierra Leone,Mortalidad_Alta,462.633324427945,22.0,246.83601775568968,48.306,50.1028759698678,36.9336541451844,109.3,0.0,0.7371563693748148
Sierra Leone,Mortalidad_Alta,417.749983329227,10.0,234.3467190284507,47.485,49.1071000634775,37.1364559409181,112.4,0.0,0.7562339436235138
Sierra Leone,Mortalidad_Alta,413.817607346927,10.0,354.29358869339706,46.784,46.9023167880801,38.4981700589273,115.4,1.0,0.8208159574051435
Sierra Leone,Mortalidad_Alta,388.995111216836,12.120000000000001,360.7703995060364,46.174,46.8536774718631,40.2855978826955,118.2,0.0,0.8598172023292747
Sierra Leone,Mortalidad_Alta,358.315716051546,16.4,348.22796008415116,45.448,45.7908914665424,42.0811946905686,120.8,0.0,0.9189861420652986
Sierra Leone,Mortalidad_Alta,143.743743239644,10.0,340.500744441555,44.834,55.0141620912989,12.4902278563224,123.4,0.0,0.22703659169786516
Sierra Leone,Mortalidad_Alta,208.351997250955,10.0,363.6337854124242,42.579,39.9545618365047,17.130552602886,132.7,0.0,0.42875085635990073
Singapore,Mortalidad_Baja,90299.0694637269,92.8,6630.39044839924,82.8951219512195,0.0259773163736464,71.6014067935171,1.8,0.0,2756.3049917718085
Singapore,Mortalidad_Baja,80056.1288247844,93.2,6495.85092286805,83.0926829268293,0.0305513686655138,70.1698277615445,1.9,0.0,2296.7818080357156
Singapore,Mortalidad_Baja,61410.0792630788,92.4,6033.41181529317,83.5439024390244,0.0328172521186951,72.1026995251566,1.9,0.0,2197.097406704617
Singapore,Mortalidad_Baja,65952.0378959293,95.1,6067.59648081936,83.5951219512195,0.0322521301996085,70.8020783233725,2.0,0.0,2195.268277945621
Singapore,Mortalidad_Baja,66881.6067035265,91.2,5798.25693365327,83.2975609756098,0.0301171482363284,69.3585145719227,2.1,0.0,2302.9575718015667
Singapore,Mortalidad_Baja,61236.251270627,87.9,6313.4270530557,83.0951219512195,0.0307635837552264,70.3886178111457,2.1,0.0,2288.0499999999984
Singapore,Mortalidad_Baja,57005.5887176547,84.0,5948.35980472719,82.8463414634146,0.0315212894381262,70.7460695193887,2.2,0.0,2244.3900862068995
Singapore,Mortalidad_Baja,55645.6068614606,86.0,5832.18748421598,82.7439024390244,0.0326135138026483,69.950933310914,2.2,0.0,2144.845039826215
Singapore,Mortalidad_Baja,57564.8023114977,91.9,5609.37150725607,82.4951219512195,0.0345408510735362,70.3453257931675,2.2,0.0,2036.5834542815662
Singapore,Mortalidad_Baja,56967.4257940383,92.0,5189.85191531132,82.2463414634147,0.0343752167938134,70.7623061587241,2.2,0.0,2058.5268329554037
Singapore,Mortalidad_Baja,55547.5553077786,93.0,4690.85416009299,81.9951219512195,0.033272726533169,69.2086270458185,2.2,0.0,2080.0407497962524
Singapore,Mortalidad_Baja,53891.4570264372,92.0,4143.38713624558,81.7439024390244,0.0346076007512354,69.0231236262618,2.2,0.0,1994.4498355263145
Singapore,Mortalidad_Baja,47236.683084953,92.0,4762.93363038208,81.5414634146342,0.0361489888834213,67.8435170825381,2.2,0.0,1876.7749576988192
Singapore,Mortalidad_Baja,38926.8054365453,93.0,5190.4488272323,81.2414634146342,0.0406877612701381,68.0060695233087,2.2,0.0,1671.4134029590925
Singapore,Mortalidad_Baja,40008.5720489092,94.0,4958.46248257993,80.790243902439,0.0414321884664469,68.3479617553522,2.3,0.0,1649.634361233478
Singapore,Mortalidad_Baja,39432.8860198877,94.0,4537.4171693226,80.4414634146342,0.0428679973714474,66.0401485014903,2.3,0.0,1540.546621043625
Singapore,Mortalidad_Baja,33768.4528234651,93.0,5128.30865666219,80.1414634146341,0.0488654244516825,64.8768540490551,2.3,0.0,1327.6637781629113
Singapore,Mortalidad_Baja,29961.3172812732,94.0,4925.75757554205,79.990243902439,0.0550481142142599,64.0731843759255,2.3,0.0,1163.9487617421
Singapore,Mortalidad_Baja,27608.080013423,93.0,7371.02793327917,79.490243902439,0.0556489896262466,63.0725751287076,2.4,0.0,1133.4001848428834
Singapore,Mortalidad_Baja,23730.3840054566,92.0,6217.05880619521,79.0390243902439,0.0611340723110266,64.3487252076354,2.5,0.0,1052.5836538461544
Singapore,Mortalidad_Baja,22159.8373710639,91.0,5066.19603486754,78.5512195121951,0.0710328000140014,63.9769556802401,2.7,0.0,900.6677994902283
Singapore,Mortalidad_Baja,21699.7414868907,91.0,5146.02323865296,78.2512195121951,0.0823566559095407,63.593634234512,2.8,0.0,772.1735849056607
Singapore,Mortalidad_Baja,23852.8389514753,91.0,4634.81368272521,77.9512195121951,0.092131732680321,60.6645197437216,3.0,0.0,658.4541284403665
Singapore,Mortalidad_Baja,24914.8507020358,90.0,5346.98780182868,76.2951219512195,0.144861979394729,61.6183244378062,4.0,0.0,425.3588463671667
Slovenia,Mortalidad_Baja,28373.8382265999,66.7,3039.0350404997,81.2829268292683,1.7102320081773,58.0693502952181,1.9,1.0,33.95407758571084
Slovenia,Mortalidad_Baja,29187.369382785,68.2,3139.44820580304,80.6756097560976,1.51124954313166,57.8342881675031,1.9,1.0,38.26918488104686
Slovenia,Mortalidad_Baja,25392.0651093612,67.4,3066.63817459004,80.5317073170732,1.89729714128329,57.1774558808323,1.9,1.0,30.136268398190243
Slovenia,Mortalidad_Baja,25814.1687167572,53.6,3258.59326068265,81.5292682926829,1.77040651705792,56.5174939998697,2.0,1.0,31.923455689595553
Slovenia,Mortalidad_Baja,25888.0481065655,52.1,3332.53122800988,81.3780487804878,1.99134296260198,56.5036144676369,2.0,1.0,28.374627338832024
Slovenia,Mortalidad_Baja,23303.077705959,53.6,3383.3924450401,81.0292682926829,1.69303673263207,56.5851812852398,2.0,1.0,33.42229982055378
Slovenia,Mortalidad_Baja,21447.8377796036,58.0,3292.05071205777,81.1756097560976,1.85129615497703,56.6168276408096,2.1,1.0,30.58226393902497
Slovenia,Mortalidad_Baja,20697.2748530619,57.0,3191.92171414285,80.7756097560976,1.97361186480213,56.278935273132,2.1,1.0,28.515705786342345
Slovenia,Mortalidad_Baja,24013.0682060959,61.0,3236.4048734477,81.0780487804878,1.82135489758977,56.3977533700188,2.2,1.0,30.96472491146613
Slovenia,Mortalidad_Baja,23236.9655321695,59.0,3335.3735333552,80.3219512195122,1.8307708216806,56.9767649955258,2.3,1.0,31.121735348186622
Slovenia,Mortalidad_Baja,22442.1417859955,64.0,3430.61621157661,80.1243902439024,1.82601354087255,57.688460637012,2.4,1.0,31.59257001426501
Slovenia,Mortalidad_Baja,24940.6284841605,66.0,3582.3807067373,79.9707317073171,2.04087230966772,58.1676012805429,2.5,1.0,28.501342786121352
Slovenia,Mortalidad_Baja,23329.8417691156,67.0,3589.80689968695,79.4219512195122,1.81942536718625,58.6420215397293,2.6,1.0,32.23106734541108
Slovenia,Mortalidad_Baja,24501.7897290425,66.0,3514.26263276978,78.9707317073171,1.76138111297772,58.1407454334313,2.8,1.0,33.008611824581735
Slovenia,Mortalidad_Baja,27461.9764165315,64.0,3952.12209658593,78.7658536585366,1.75871456280572,56.0214422882231,2.9,1.0,31.853629618470173
Slovenia,Mortalidad_Baja,23725.1596001515,61.0,3757.02712910831,78.5609756097561,2.03283295611526,54.9677820668108,3.1,1.0,27.039989636853456
Slovenia,Mortalidad_Baja,19563.005059144,60.0,3735.02431343807,78.0865853658537,2.09205852541218,55.6205607130212,3.3,1.0,26.586522335489043
Slovenia,Mortalidad_Baja,17969.7095907161,59.0,3763.9044579396,77.6121951219512,2.42413132120213,55.5385754578261,3.5,1.0,22.91071237439581
Slovenia,Mortalidad_Baja,17103.8297783905,60.0,3638.84380821082,77.2073170731707,2.40213653237473,54.981322445475,3.7,1.0,22.888508502520867
Slovenia,Mortalidad_Baja,14711.674874253,52.0,3539.5091236842,76.8585365853659,2.21614657272353,54.9031706496739,3.9,1.0,24.774160394184005
Slovenia,Mortalidad_Baja,11639.1297780477,55.0,3484.57090522828,76.0073170731707,2.89427967530958,54.2485529138735,4.1,1.0,18.743369335263335
Slovenia,Mortalidad_Baja,10375.6255869861,60.0,3484.35932286801,75.7585365853659,2.72189257546866,54.3008489430767,4.3,0.0,19.949666431536922
Slovenia,Mortalidad_Baja,10135.7219109212,50.0,3281.07859342385,75.4121951219512,3.00267671439981,53.7987136396056,4.5,0.0,17.9169183887181
Slovenia,Mortalidad_Media,10738.0887611468,50.879999999999995,3049.39407580553,73.9585365853659,3.8282975157752,52.7221006692923,6.2,0.0,13.771683222644334
Somalia,Mortalidad_Alta,573.128092472349,23.8,175.326619627998,53.931,17.720785011791964,38.95659539929402,89.9,0.0,2.980072965561274
Somalia,Mortalidad_Alta,549.114742721701,11.5,355.69152616870105,55.703,23.5830095513527,43.46015997162302,71.8,0.0,2.2455221904707883
Somalia,Mortalidad_Alta,518.184778494334,13.1,232.54581061419003,57.095,29.228303480765085,36.56222363899932,73.7,0.0,1.9833918357491012
Somalia,Mortalidad_Alta,539.893931565407,7.9,268.22806576755676,57.249,25.75666493646794,46.2617896507066,75.7,0.0,2.0287363907832936
Somalia,Mortalidad_Alta,509.525801898508,17.8,240.34935950707205,54.767,20.038401978360067,39.206465652220956,85.8,0.0,2.574224428156965
Somalia,Mortalidad_Alta,510.939952317726,11.6,222.55973852652642,52.19,22.386224505391628,38.28618410036932,96.7,0.0,2.4198010022515954
Somalia,Mortalidad_Alta,460.928490585175,8.0,194.95729621069708,55.283,37.965981837466686,34.2445701435124,82.0,0.0,1.0828618657043985
Somalia,Mortalidad_Alta,445.583080073396,8.0,163.52282959043933,55.056,37.42802234780856,37.51524067945574,84.1,0.0,1.3288783448218109
Somalia,Mortalidad_Alta,429.431656725102,5.0,226.25551324253811,54.442,31.956496796593342,40.54950553339804,86.3,0.0,1.462441286896463
Somalia,Mortalidad_Alta,393.398703952979,10.0,348.4364711454254,54.016,28.706012300304202,45.024054403993304,89.0,0.0,1.640559138766808
Somalia,Mortalidad_Alta,350.261946720512,17.4,398.35112769088954,49.138,32.79607179411089,42.48562962654262,112.4,0.0,1.6472038642276026
Somalia,Mortalidad_Alta,235.325945610434,14.0,458.5716407507134,32.453,36.74821997052418,38.447842510199344,215.7,0.0,1.093896231435582
South Africa,Mortalidad_Alta,6523.41097815853,48.4,1976.6089166131,65.454,2.70990871821223,62.2573808399405,24.5,0.0,22.97397710171311
South Africa,Mortalidad_Alta,6843.39941886204,50.6,2031.53332797937,62.01,2.48808434399147,62.7333137458698,24.7,0.0,25.2134996538063
South Africa,Mortalidad_Alta,5580.60383075189,46.6,2007.32263602167,65.15,2.57866122238783,64.6102537818073,25.0,0.0,25.055735596775474
South Africa,Mortalidad_Alta,6533.71121032856,39.7,2220.83101457917,66.071,1.9503211452698,64.3473048295753,25.6,0.0,32.99318421770674
South Africa,Mortalidad_Alta,6914.1780318076,45.4,2173.18099748866,65.726,2.2607038266992,64.2531759654529,26.3,0.0,28.42175751047736
South Africa,Mortalidad_Alta,6618.33508255701,47.6,2269.79878522092,65.422,2.49379863849766,64.3304256202533,27.3,0.0,25.79615877046428
South Africa,Mortalidad_Alta,5651.20585165749,44.0,2298.05758827714,64.749,2.41418607394576,63.913401523834,28.4,0.0,26.47409916476469
South Africa,Mortalidad_Alta,6112.27382485974,42.0,2242.74396883532,64.053,2.23397839045912,64.1025757790295,29.7,0.0,28.694358035332353
South Africa,Mortalidad_Alta,6856.73137092522,41.6,2423.15463988218,63.184,2.12574854869936,64.0117818477066,30.9,1.0,30.11258405274332
South Africa,Mortalidad_Alta,7331.65467384919,41.0,2324.03986885231,62.388,1.92684924597199,64.0537426456394,32.0,0.0,33.24273696011324
South Africa,Mortalidad_Alta,8076.97678479741,45.0,2376.94370623585,61.737,1.97670959546361,64.3045111542673,33.0,0.0,32.53108666130877
South Africa,Mortalidad_Alta,8646.05571071635,47.0,2518.31658249977,60.602,2.04389308620297,64.3421981264186,33.9,0.0,31.480217121312315
South Africa,Mortalidad_Alta,7973.47195771517,49.0,2499.90836667217,58.886,2.10778749314158,64.2752626096743,35.4,1.0,30.494185404750823
South Africa,Mortalidad_Alta,6374.70560042992,51.0,2717.57819960242,57.413,2.39949613487755,63.6360883195073,37.7,0.0,26.52060463633743
South Africa,Mortalidad_Alta,6184.75474328399,46.0,2716.03769042058,55.982,2.57248876696489,61.5371405407045,40.6,1.0,23.9212475214452
South Africa,Mortalidad_Alta,6591.85535960564,45.0,2555.36535569059,54.948,2.35591400504256,62.7545126209971,43.8,0.0,26.637013272419264
South Africa,Mortalidad_Alta,6077.38293388876,46.0,2377.14602269064,54.22,2.05097651238464,63.4994322880989,46.0,0.0,30.96058482613682
South Africa,Mortalidad_Alta,5836.87663325127,44.0,2354.36309780244,53.914,2.08511798972012,62.6447743317012,47.9,1.0,30.04375514505529
South Africa,Mortalidad_Alta,5221.46333731721,48.0,2457.72709375825,53.963,2.411716114862,62.5295022900426,49.0,0.0,25.927389175164414
South Africa,Mortalidad_Alta,4062.21755993786,48.0,2279.49342392488,54.245,2.65397752870021,62.5769415025101,48.6,0.0,23.578549865551146
South Africa,Mortalidad_Alta,2688.23676032806,50.0,2049.46998753465,55.58,2.95697182549084,60.791789515513,48.0,0.0,20.5587990360449
South Africa,Mortalidad_Alta,2847.15191945908,50.0,2158.97874836436,57.161,2.8124516945524,60.7831497223987,47.6,0.0,21.61215776261441
South Africa,Mortalidad_Alta,3217.84693448467,52.0,2246.95058979694,58.368,2.61474799327768,61.1859808725457,46.9,1.0,23.40033572254391
South Africa,Mortalidad_Alta,3855.6340871567,50.0,2324.70081215364,61.603,3.12158524596013,58.2314446131759,46.7,0.0,18.65444638698797
Spain,Mortalidad_Baja,30270.2687017458,67.2,2406.63642674117,83.1341463414634,2.30957558409148,67.9399604987955,2.6,1.0,29.41664302600476
Spain,Mortalidad_Baja,30799.4775937775,70.3,2420.39996807319,83.1780487804878,2.76824927112995,67.4549201359154,2.6,1.0,24.36735767959997
Spain,Mortalidad_Baja,27233.9426461608,55.1,2303.51311623486,82.2317073170732,2.78468031745976,68.3951846151394,2.6,1.0,24.561233900461087
Spain,Mortalidad_Baja,29786.5245689007,51.9,2573.90442450746,83.8317073170732,2.51980122994951,68.2703336497276,2.6,1.0,27.09353929916748
Spain,Mortalidad_Baja,30602.4212881113,51.5,2666.26079715432,83.4317073170732,2.70128254621885,68.1207909749925,2.7,1.0,25.21794362842396
Spain,Mortalidad_Baja,28381.3425596906,57.2,2690.49733287835,83.2829268292683,2.80344676690393,67.9841610086631,2.7,1.0,24.250205786408934
Spain,Mortalidad_Baja,26755.6061149398,60.0,2563.00704379932,83.3292682926829,2.81522075003094,68.1684323760182,2.7,1.0,24.214240526349137
Spain,Mortalidad_Baja,25982.4416197775,59.0,2552.40125248088,82.8317073170732,2.72327046339292,68.2307802691903,2.7,1.0,25.054720486404293
Spain,Mortalidad_Baja,29707.765509467,62.6,2458.57177736167,83.2292682926829,2.52697678134345,68.7044311125955,2.8,1.0,27.188390340519575
Spain,Mortalidad_Baja,29228.846559842,62.0,2506.25540520067,83.0780487804878,2.60946207875576,68.7816140367298,2.9,1.0,26.358541324166765
Spain,Mortalidad_Baja,28456.4438151477,61.0,2677.18038552382,82.4268292682927,2.39776671776239,68.7981435648343,2.9,1.0,28.692592592592636
Spain,Mortalidad_Baja,31824.6219134777,61.0,2684.34318918947,82.4756097560976,2.3625185975353,67.9189474964676,3.0,1.0,28.748534537389084
Spain,Mortalidad_Baja,30658.7422282912,65.0,2735.18257337486,81.6268292682927,2.41740898393438,66.4836210538043,3.2,1.0,27.502016206459576
Spain,Mortalidad_Baja,32279.8208476151,67.0,2749.85548907362,81.4756097560976,2.24960158062983,66.6845916550946,3.3,1.0,29.64284530615623
Spain,Mortalidad_Baja,35603.248328071,68.0,3015.00798974738,81.1756097560976,2.35367195478016,63.6271700202799,3.4,1.0,27.033151281365743
Spain,Mortalidad_Baja,32652.015594702,70.0,3168.95970956596,80.8731707317073,2.4946614560374,61.3507049847755,3.6,1.0,24.592797886983398
Spain,Mortalidad_Baja,28421.686527407,71.0,3190.72627710892,80.8219512195122,2.40075384884813,60.0821313145787,3.7,1.0,25.026360508973386
Spain,Mortalidad_Baja,26450.9530130382,69.0,3239.54436471806,80.1707317073171,2.75836581828682,59.8643281809934,3.8,1.0,21.702824108433248
Spain,Mortalidad_Baja,24925.0267844576,71.0,3226.28942874321,79.8707317073171,3.11780935959045,60.126223898593,3.9,1.0,19.284765989185136
Spain,Mortalidad_Baja,21522.0170990262,70.0,3145.4023925367,79.619512195122,3.42077756723389,59.8832914114289,4.1,1.0,17.505754242843608
Spain,Mortalidad_Baja,17111.0685058941,70.0,3095.99686843763,79.5682926829268,3.48212189760772,59.8999125034679,4.1,0.0,17.202129697016126
Spain,Mortalidad_Baja,15368.2337984435,66.0,3048.84384472463,79.3682926829268,3.67425723081839,59.4941494354869,4.2,0.0,16.192156862745126
Spain,Mortalidad_Baja,14743.2671031455,61.0,2991.49306471374,78.9658536585366,3.7443114170073,59.1280620289112,4.4,1.0,15.791438116055593
Spain,Mortalidad_Baja,15460.9110266653,50.0,2537.01654979213,77.9807317073171,3.87455758605481,60.3214711716664,5.5,1.0,15.568608759042222
Sri Lanka,Mortalidad_Baja,3342.63650253855,40.1,473.920825625094,77.3,8.44795287007937,57.0665321893625,5.5,0.0,6.755072272180699
Sri Lanka,Mortalidad_Baja,3996.96240014909,39.5,527.11680981294,76.278,8.78994016463402,55.8743853501457,5.8,0.0,6.356628634965469
Sri Lanka,Mortalidad_Baja,3847.60137695639,34.7,511.066363818929,76.928,8.25132326058186,57.8323873797115,6.0,0.0,7.008862161053345
Sri Lanka,Mortalidad_Baja,4081.94772722003,28.9,523.423393496303,76.698,7.2562467000326,55.7458586321945,6.2,1.0,7.682464631741924
Sri Lanka,Mortalidad_Baja,4358.56095906047,30.7,508.499276672792,76.485,7.59206395115246,53.6373194378959,6.5,0.0,7.064919339852749
Sri Lanka,Mortalidad_Baja,4398.88828068715,30.0,514.191694784091,76.239,7.4306787795994,52.2395328655965,6.7,0.0,7.030250454240847
Sri Lanka,Mortalidad_Baja,4149.19190775593,38.0,542.532333545075,76.136,7.26171847779131,53.4181636951136,7.0,1.0,7.356132554364875
Sri Lanka,Mortalidad_Baja,4057.7158346231,37.0,501.472734960701,75.99,8.21693887941642,54.2106196152554,7.4,0.0,6.5974227642186785
Sri Lanka,Mortalidad_Baja,3971.91913148166,33.4,485.842992855467,75.757,8.08070792347262,54.6273859128379,7.7,0.0,6.76022279609411
Sri Lanka,Mortalidad_Baja,3740.61589348326,33.0,456.565215233171,75.546,7.9246041166418,54.515555670243,8.1,0.0,6.879278115074472
Sri Lanka,Mortalidad_Baja,3327.77612404326,32.0,481.924833084376,75.187,7.91028886801456,54.204493062591,8.5,1.0,6.852403744921142
Sri Lanka,Mortalidad_Media,3224.95736331928,31.0,472.004070198765,74.74,9.53315934995748,53.3645298044492,8.9,0.0,5.597780111027643
Sri Lanka,Mortalidad_Media,2808.36779237408,32.0,467.291270770327,74.463,9.04833700695796,53.0103501848071,9.1,0.0,5.858573806882235
Sri Lanka,Mortalidad_Media,2026.65939950702,32.0,441.000672616531,70.298,12.691971303497,57.6365899646619,13.0,1.0,4.5411850205477045
Sri Lanka,Mortalidad_Media,1973.58476901287,31.0,437.179899601695,72.556,13.379200767591,57.2496044829348,9.7,0.0,4.279000328750049
Sri Lanka,Mortalidad_Media,1578.63451125392,32.0,451.932624363217,72.983,11.6831643328505,58.3970158896221,10.2,0.0,4.998390352639522
Sri Lanka,Mortalidad_Media,1389.50625583936,35.0,446.303743469172,72.825,11.3362802346632,58.0214245851879,10.7,1.0,5.118206623701352
Sri Lanka,Mortalidad_Media,1207.21994764165,34.0,445.253637299827,73.073,11.8194768226447,57.9924347129097,11.2,0.0,4.906514525397871
Sri Lanka,Mortalidad_Media,1028.62068132555,37.0,438.022357631525,68.022,12.5438041438828,58.8380943362025,16.7,0.0,4.690610094139257
Sri Lanka,Mortalidad_Media,946.382255128072,50.0,435.190736130853,72.442,13.230514884212,58.3448927498315,12.1,0.0,4.409873180329102
Sri Lanka,Mortalidad_Media,834.936014905338,50.0,413.944440993586,72.271,14.2793225360883,57.7100640122386,12.4,1.0,4.041512744486811
Sri Lanka,Mortalidad_Media,803.544026627385,50.0,410.71839857146,71.804,20.0666052033611,53.1127923586647,12.7,0.0,2.646825002057072
Sri Lanka,Mortalidad_Media,846.460813304966,50.0,431.62116957475,71.179,19.9273150418722,52.7545992799188,13.0,0.0,2.6473510941673974
Sri Lanka,Mortalidad_Media,741.838255293455,30.0,341.934236767293,69.746,23.1401230659566,50.1758980310645,16.3,1.0,2.168350526401587
Sudan,Mortalidad_Alta,1046.24084472656,14.6,411.780538179181,65.695,5.03129266150122,6.4480676740207,40.3,0.0,1.28159264583443
Sudan,Mortalidad_Alta,712.122009277344,20.2,426.11403674166,64.46,6.35709212800824,9.68548551361181,41.6,0.0,1.5235716768896976
Sudan,Mortalidad_Alta,577.795227050781,25.5,422.22104307002,65.124,20.3208627544265,36.2433523276631,42.8,0.0,1.7835538168657825
Sudan,Mortalidad_Alta,709.975280761719,26.2,435.397595484311,65.803,20.1640153484443,37.6356278206897,44.0,0.0,1.8664748647691034
Sudan,Mortalidad_Alta,731.027465820313,21.2,435.149435651597,65.501,21.9934731580502,51.2947649245208,45.3,0.0,2.332272149828484
Sudan,Mortalidad_Alta,966.505676269531,18.9,443.093596413321,65.146,21.2305403131037,51.3685771317033,46.5,0.0,2.41956051867404
Sudan,Mortalidad_Alta,1033.21594238281,11.0,448.456631655364,64.677,22.9775814159681,50.1460202462207,47.8,0.0,2.182388970293109
Sudan,Mortalidad_Alta,1292.37963867188,11.0,463.361659242171,64.375,31.5564513257888,48.7681406482026,49.0,0.0,1.5454253757724634
Sudan,Mortalidad_Alta,1275.43835449219,9.8,475.661985814283,63.99,32.6242708162674,46.0569229388561,50.1,1.0,1.4117380032258313
Sudan,Mortalidad_Alta,1138.62780761719,16.0,474.39791148882,63.443,29.6076364571032,45.8278881004255,51.3,0.0,1.5478401380273257
Sudan,Mortalidad_Alta,1019.22210693359,32.720000000000006,390.663141094355,63.427,33.774624171049,46.0544465200986,52.3,0.0,1.363581317348178
Sudan,Mortalidad_Alta,1332.6572265625,28.8,467.4243451203,63.181,27.8476934681736,38.0051092550931,53.4,0.0,1.364748908146671
Sudan,Mortalidad_Alta,1305.63598632813,25.34,444.591378410567,62.979,31.8522211122842,30.8333184053026,54.5,0.0,0.9680115649269856
Sudan,Mortalidad_Alta,1178.22180175781,25.74,481.629873791934,62.676,33.5066805707755,26.4598144889249,55.7,1.0,0.7896877290794101
Sudan,Mortalidad_Alta,1527.58239746094,23.74,472.804911242702,61.261,36.1831633212385,15.4985357509151,57.0,0.0,0.42833556627753144
Sudan,Mortalidad_Alta,1444.37219238281,28.560000000000002,477.508307525311,61.442,35.6675143701418,10.8761534344019,58.4,0.0,0.3049316339101726
Sudan,Mortalidad_Alta,1132.474609375,24.919999999999998,508.243151523165,60.4,31.8201079594306,19.855472715377,59.9,0.0,0.623991368624266
Sudan,Mortalidad_Alta,905.543640136719,27.979999999999997,485.749820750348,57.226,33.199920468691,17.9950722184399,66.8,0.0,0.542021545967559
Sudan,Mortalidad_Alta,705.113342285156,30.839999999999996,481.357152467204,56.773,34.0060768565709,19.6136870640777,68.2,0.0,0.5767700622098606
Sudan,Mortalidad_Alta,580.320251464844,24.4,491.363979157765,58.319,38.416611009222,20.8411829708171,65.0,0.0,0.5425044641708276
Sudan,Mortalidad_Alta,506.262634277344,19.98,517.547585761207,59.308,37.662742261404,20.0077535626802,66.9,0.0,0.5312346462669484
Sudan,Mortalidad_Alta,451.293304443359,17.18,494.123605509951,59.264,35.7807746157648,25.3402380871451,68.9,0.0,0.708208202848139
Sudan,Mortalidad_Alta,362.116882324219,30.0,486.895648884188,58.946,40.6821739143403,35.7090117949857,70.8,0.0,0.8777557430970625
Sudan,Mortalidad_Alta,462.585235595703,30.0,485.611785120867,57.447,37.2802811576655,48.9523754612259,78.9,0.0,1.3130902970982665
Suriname,Mortalidad_Media,6084.43876736445,37.6,1739.16840596848,73.254,7.29566179490095,48.0663465403299,15.7,1.0,6.58834632026449
Suriname,Mortalidad_Media,5029.84838543953,38.5,1698.79712200522,68.943,9.67766403232661,50.3802826726457,16.2,0.0,5.205830922044703
Suriname,Mortalidad_Media,4755.39221710693,36.9,1688.41378493841,72.321,8.1360284150591,51.8877061563009,16.6,0.0,6.377522730901622
Suriname,Mortalidad_Media,6629.66775248603,35.5,1731.11308148176,71.773,8.59607814021171,55.3767659072638,17.1,0.0,6.4420966170858875
Suriname,Mortalidad_Media,6665.74180472239,39.9,1524.27787303497,71.468,10.0324669859288,50.8308432543601,17.6,0.0,5.066634490365503
Suriname,Mortalidad_Media,6049.52128553675,31.7,1614.35693437148,71.247,10.9177598208742,48.185963793629,18.1,0.0,4.413539460860816
Suriname,Mortalidad_Media,5644.2061057532,36.0,1728.65071732658,70.979,10.7661271900991,57.0833584990983,18.6,0.0,5.302125591790715
Suriname,Mortalidad_Media,8813.61705392067,36.0,1577.31172890225,70.567,10.4081572411936,54.4967591981728,19.0,0.0,5.235966169158601
Suriname,Mortalidad_Media,9108.18905406764,32.9,1785.94876899071,70.33,9.38475771944027,52.2608997340118,19.4,0.0,5.568699938385706
Suriname,Mortalidad_Media,9043.19281529222,30.0,1713.83746780444,70.11,8.48595489076026,50.7802838466521,19.8,0.0,5.984038861901453
Suriname,Mortalidad_Media,8851.24050668908,37.0,1411.63824385599,69.957,8.38505537300718,47.6572958500669,20.3,0.0,5.6835994194484725
Suriname,Mortalidad_Media,7949.88867218383,37.0,1676.95221892351,69.82,8.73235538333795,46.9969554386936,20.7,0.0,5.381933438985733
Suriname,Mortalidad_Media,7943.60482816915,36.0,1351.36214118486,69.626,9.47219211206537,48.2448094721921,21.1,0.0,5.093309859154929
Suriname,Mortalidad_Media,7129.5768626291,35.0,1163.89303819747,69.323,9.84207557811619,47.7063357774018,21.6,0.0,4.847182425978989
Suriname,Mortalidad_Media,6576.08546307249,30.0,1176.34643873161,68.873,8.92967622190142,44.1534336976696,22.1,0.0,4.944572748267897
Suriname,Mortalidad_Media,5530.17615638309,32.0,1117.32432132435,68.307,10.1476243642228,44.7463093908944,22.6,0.0,4.409535452322737
Suriname,Mortalidad_Media,5002.65798695759,43.0,1174.71907397922,67.643,9.99167360532889,45.4066056064391,23.1,0.0,4.544444444444448
Suriname,Mortalidad_Media,3453.42865937765,10.0,1231.36166250567,66.997,4.91937130026536,41.3553786487038,23.7,0.0,8.406639004149374
Suriname,Mortalidad_Alta,2887.7721728844,10.0,1086.0286292677,66.362,5.22488058560067,41.429359737711,24.3,0.0,7.929245283018874
Suriname,Mortalidad_Alta,2516.10404020956,10.0,1004.17207760767,65.778,6.47972387648306,43.0196830638389,25.0,0.0,6.639122882993633
Suriname,Mortalidad_Alta,2202.340682196,10.0,963.414526111558,65.274,6.70477450484455,43.7822872485311,25.7,0.0,6.530016366232169
Suriname,Mortalidad_Alta,1714.64846637242,10.0,1352.00051071083,64.82,9.09486789950564,42.4750471345649,26.5,0.0,4.670221448392194
Suriname,Mortalidad_Alta,1988.22172925433,10.0,1279.91009868174,64.409,9.5392456953923,46.0100389551109,27.3,0.0,4.823236597977021
Suriname,Mortalidad_Alta,1609.82504373206,33.94,563.8522972396361,62.779,13.9863845879555,33.1637676939836,32.1,0.0,2.371146559386253
Sweden,Mortalidad_Baja,55296.9371472535,95.7,4326.56277192962,83.0585365853659,1.04020128176122,63.7124393308271,2.0,1.0,61.25010653991138
Sweden,Mortalidad_Baja,61174.9680215622,92.5,4560.4777973156,83.0560975609756,1.11492008235868,64.5633496533133,2.1,1.0,57.908500057444186
Sweden,Mortalidad_Baja,52653.7565934247,91.4,4287.0073851624,82.3560975609756,1.19966667848375,65.6685809019677,2.1,1.0,54.73902216319432
Sweden,Mortalidad_Baja,51773.0464558993,88.0,4783.84149571001,83.109756097561,1.29094538271318,65.1167799059212,2.2,1.0,50.441157912556505
Sweden,Mortalidad_Baja,54181.9069780904,92.9,4968.04508928872,82.5585365853659,1.27924121516752,64.992318918664,2.2,1.0,50.80536660957494
Sweden,Mortalidad_Baja,53300.8587281785,87.4,4928.6064917555,82.409756097561,1.31525688825892,64.9976750564653,2.3,1.0,49.41823581133751
Sweden,Mortalidad_Baja,51820.3972482676,87.0,4860.49282103176,82.3073170731707,1.27441325068162,65.2445345299237,2.3,1.0,51.19574399828914
Sweden,Mortalidad_Baja,51197.9529341175,89.0,4575.32694997706,82.2048780487805,1.30289041518333,65.1916644315761,2.3,1.0,50.03618391221564
Sweden,Mortalidad_Baja,59583.7140001673,92.3,4999.59437204415,82.2536585365854,1.25158848475017,65.9159423193025,2.4,1.0,52.66582676530458
Sweden,Mortalidad_Baja,60844.2767113975,93.0,5180.61923306359,81.9560975609756,1.23061954894016,65.4243344404748,2.4,1.0,53.163737319807616
Sweden,Mortalidad_Baja,57749.8251328664,92.0,5296.96681304639,81.7048780487805,1.25256677921832,64.3017662448127,2.4,1.0,51.335998456657954
Sweden,Mortalidad_Baja,60379.7748160321,92.0,5282.42214615173,81.8024390243903,1.41169579751865,63.3980460668289,2.5,1.0,44.90914131660957
Sweden,Mortalidad_Baja,52542.8274141037,93.0,5443.32366800687,81.4512195121951,1.36163812170019,62.9438121193367,2.5,1.0,46.22653487458386
Sweden,Mortalidad_Baja,46707.8673215418,93.0,4891.39219246248,81.3512195121951,1.13932850824165,64.6881865474823,2.6,1.0,56.777466796926696
Sweden,Mortalidad_Baja,55817.4392710726,92.0,5383.76479707233,81.1,1.25959310578854,63.0808968100076,2.6,1.0,50.08037636925396
Sweden,Mortalidad_Baja,53568.5645523213,92.0,5464.45613719356,80.9,1.43885348222349,62.1977983491695,2.7,1.0,43.22733281574575
Sweden,Mortalidad_Baja,46531.6001120572,92.0,5532.76265714386,80.7487804878049,1.24037935354901,62.5756933248736,2.8,1.0,50.44883498409594
Sweden,Mortalidad_Baja,43378.6152117149,93.0,5711.64214196537,80.5463414634146,1.16031308365398,62.7684146407706,3.0,1.0,54.09610175479926
Sweden,Mortalidad_Baja,42758.2015503417,93.0,5872.97554411383,80.4975609756098,1.68060922880723,62.4282598826114,3.1,1.0,37.146207942055796
Sweden,Mortalidad_Baja,37292.4214343004,90.0,5676.54834518443,80.0951219512195,1.71154239821013,62.0951994559904,3.2,1.0,36.28025780776879
Sweden,Mortalidad_Baja,29957.9387652616,94.0,5826.34189342548,79.8463414634146,1.75198900224741,61.5074818288565,3.3,1.0,35.10723055336315
Sweden,Mortalidad_Baja,27259.4806735435,94.0,5701.68206771918,79.7951219512195,1.79176053647418,61.3799350766269,3.3,1.0,34.2567736185384
Sweden,Mortalidad_Baja,29632.7736101599,95.0,5375.75151158851,79.6439024390244,1.78479651609314,61.1113878752403,3.4,1.0,34.239974879047324
Sweden,Mortalidad_Baja,30254.2972932631,90.0,5701.87027966891,78.7404878048781,2.65647506939749,58.629488789313,4.0,1.0,22.070408062444436
Switzerland,Mortalidad_Baja,94394.5106803525,92.3,2591.24109964391,83.6048780487805,0.616379798814859,72.1713503788615,3.5,0.0,117.08909104034328
Switzerland,Mortalidad_Baja,93664.7736696111,87.9,2617.78877900498,83.7512195121951,0.627567424184859,70.9325395130386,3.5,1.0,113.02775889805334
Switzerland,Mortalidad_Baja,85897.7843338323,90.1,2687.91002178859,83.0,0.705477633321729,71.7504068814658,3.5,1.0,101.70472243553674
Switzerland,Mortalidad_Baja,84121.9310304414,88.0,2850.88851765381,83.9048780487805,0.647745526895984,71.8618845905274,3.5,1.0,110.94153738875157
Switzerland,Mortalidad_Baja,85217.3691512274,82.8,2800.07519567529,83.7536585365854,0.643750702339479,72.0635152908589,3.6,1.0,111.94320259219933
Switzerland,Mortalidad_Baja,82254.3770471336,80.3,2803.65797229265,83.5512195121951,0.631333509411792,72.0901164865877,3.6,1.0,114.18705868116116
Switzerland,Mortalidad_Baja,82153.0745447889,86.0,2814.41129043497,83.6024390243903,0.658010471667002,72.2578917141274,3.7,1.0,109.81267749595146
Switzerland,Mortalidad_Baja,83806.4476003837,85.0,2923.00005538894,82.8975609756098,0.62644626050893,72.031712565285,3.7,1.0,114.98466365936298
Switzerland,Mortalidad_Baja,88724.9910735609,88.1,3026.6242803301,83.1975609756098,0.708877665824655,71.7487841287434,3.8,1.0,101.21462078407599
Switzerland,Mortalidad_Baja,87304.3305813557,88.0,3269.24385629596,82.7975609756098,0.662533713556518,71.3873520943911,3.8,1.0,107.74901055401364
Switzerland,Mortalidad_Baja,85836.2076767359,87.0,3171.28171104425,82.6975609756098,0.634586963665186,71.4871665189024,3.8,1.0,112.65148925533191
Switzerland,Mortalidad_Baja,90476.7589651577,90.0,3176.9917293894,82.6951219512195,0.676699830016967,70.7790766642343,3.9,1.0,104.59449452271865
Switzerland,Mortalidad_Baja,76531.3728182297,90.0,3318.95571135161,82.2463414634147,0.662940575575839,71.0396769125013,3.9,1.0,107.15843852338546
Switzerland,Mortalidad_Baja,71568.3123885672,90.0,3457.21867251858,82.0439024390244,0.722507576681507,71.0151374038492,4.0,1.0,98.28981687641708
Switzerland,Mortalidad_Baja,74175.1927898555,91.0,3477.48544667806,81.9926829268293,0.783533938641809,69.5719138580679,4.0,1.0,88.79247014962114
Switzerland,Mortalidad_Baja,64989.1553256031,91.0,3391.3409304186,81.7414634146342,0.773162582920631,69.5055766597955,4.1,1.0,89.89775009188538
Switzerland,Mortalidad_Baja,59011.0324592016,91.0,3600.20599088199,81.490243902439,0.753298112550259,69.478997451051,4.2,1.0,92.23306987433273
Switzerland,Mortalidad_Baja,56242.8933645639,88.0,3469.41664326823,81.2365853658537,0.818619332578622,69.6331213051923,4.3,0.0,85.06166240400215
Switzerland,Mortalidad_Baja,54659.4571488233,85.0,3513.04226751483,81.0878048780488,0.934999580301804,69.7032556554531,4.4,1.0,74.54896999307094
Switzerland,Mortalidad_Baja,49335.7456291067,84.0,3524.60535957512,80.5365853658537,0.836991886074435,69.4384719659583,4.5,0.0,82.96194159256525
Switzerland,Mortalidad_Baja,42458.7384679187,86.0,3537.53750331779,80.3853658536585,0.933658141892988,68.8639747048645,4.5,1.0,73.7571618721635
Switzerland,Mortalidad_Baja,39638.7911061864,89.0,3658.06649907658,80.1804878048781,0.920924113572322,68.7312208039503,4.6,0.0,74.63288211374726
Switzerland,Mortalidad_Baja,38865.021939688,89.0,3466.50613217002,79.6804878048781,1.0538895108627,69.0773683570005,4.7,1.0,65.54517114460573
Switzerland,Mortalidad_Baja,50113.8321221345,85.22,3405.68478072749,78.4170731707317,1.39877722256648,66.5447225695533,5.2,0.0,47.57349597633344
Tajikistan,Mortalidad_Media,1052.17949484894,17.8,375.197095148471,71.562,22.9348537040845,34.1105264182187,23.1,0.0,1.4872790059325256
Tajikistan,Mortalidad_Media,896.748053372182,35.2,367.769041949913,69.594,22.4490805460825,33.3755786470221,23.2,0.0,1.4867236356745286
Tajikistan,Mortalidad_Media,834.311715460625,32.0,375.367379182413,68.605,22.6904308448361,35.2521430281461,23.2,0.0,1.553612766069129
Tajikistan,Mortalidad_Media,871.022372934846,36.4,370.778875737531,70.962,20.8670733588001,37.0798560987387,23.3,0.0,1.7769552759587783
Tajikistan,Mortalidad_Media,834.288404578801,38.2,347.711461590981,70.737,19.7719647842925,36.7459808159957,23.4,0.0,1.8584890888126564
Tajikistan,Mortalidad_Media,829.45714764957,32.7,328.781768931872,70.524,20.2832963188861,38.8761886138283,23.7,0.0,1.9166602904494403
Tajikistan,Mortalidad_Media,788.710481734485,23.0,326.569218788739,69.982,20.8569765086156,37.1585846399819,24.1,0.0,1.7815901851657376
Tajikistan,Mortalidad_Media,956.916310930656,22.0,318.698277378179,69.665,21.5905747207608,39.1778381962344,24.7,1.0,1.8145806076464586
Tajikistan,Mortalidad_Media,1081.54402932039,19.4,301.614964923042,69.697,23.7737836738595,41.1105011545958,25.4,0.0,1.7292367810934073
Tajikistan,Mortalidad_Media,1028.19704279396,23.0,288.394960596269,69.579,21.32088784652,44.0608990762779,26.3,0.0,2.0665602386473565
Tajikistan,Mortalidad_Media,952.452819695469,21.0,294.855655829726,69.13,23.3268165616333,43.5186695830833,27.2,0.0,1.8656068850243577
Tajikistan,Mortalidad_Media,833.601978202852,20.0,278.854522985683,68.698,23.8355098416752,42.4317700383425,28.4,0.0,1.780191416931752
Tajikistan,Mortalidad_Media,737.338883219356,20.0,284.331249350809,68.37,19.5866775137511,45.0918966612836,29.9,0.0,2.3021718017068595
Tajikistan,Mortalidad_Media,664.795655734657,21.0,284.651561490729,68.248,18.5520032964103,47.0368664711443,31.5,1.0,2.535406323490986
Tajikistan,Mortalidad_Media,703.327375898643,22.0,334.362637299147,67.924,19.8672841249223,43.931778392726,33.4,0.0,2.2112624008641553
Tajikistan,Mortalidad_Media,516.997210618914,21.0,358.427683199043,67.405,19.4347255630877,42.870419543282,35.7,1.0,2.205866988145468
Tajikistan,Mortalidad_Media,401.018403316427,20.0,341.863711848015,66.997,21.4510669294712,40.8678978490016,38.3,0.0,1.9051685393258457
Tajikistan,Mortalidad_Alta,333.927150941684,18.0,337.915937288384,66.531,21.1916853994949,40.6321982627036,41.4,0.0,1.9173651126244096
Tajikistan,Mortalidad_Alta,305.745158587502,10.0,345.261040280781,66.604,19.222350137013,39.3300147552414,44.8,1.0,2.046056516237872
Tajikistan,Mortalidad_Alta,233.58124845289,10.0,325.581474313824,65.874,24.1945646238501,32.263619943714,48.7,1.0,1.3335069444444445
Tajikistan,Mortalidad_Alta,186.951638285222,10.0,325.679885054417,64.898,22.2320978875952,33.1318697597251,53.0,0.0,1.4902718550106613
Tajikistan,Mortalidad_Alta,168.676285365186,10.0,330.976128229369,64.197,23.8084093923083,31.1685778921913,57.5,0.0,1.3091415465268683
Tajikistan,Mortalidad_Alta,136.925716400723,10.0,341.873767516371,63.542,25.1245312587452,31.4826215928807,62.2,0.0,1.2530630429939829
Tajikistan,Mortalidad_Alta,207.034457343036,26.4,374.033375007141,61.389,36.6916905444126,21.2216332378223,83.0,0.0,0.5783770909147691
Tanzania,Mortalidad_Media,1207.85302734375,36.9,405.146314827946,66.879,24.2569694569552,30.6423919827317,31.2,0.0,1.26324073735211
Tanzania,Mortalidad_Alta,1159.85656738281,34.5,404.468789265296,66.131,24.7884506158783,32.5519716058525,32.4,0.0,1.3131910545873835
Tanzania,Mortalidad_Alta,1117.41528320313,32.5,405.685641474926,66.771,25.254901665343,34.2374729758264,33.5,0.0,1.3556763526349451
Tanzania,Mortalidad_Alta,1063.32250976563,33.2,414.545616952925,66.007,26.5943119516018,36.83250438588,34.7,0.0,1.3849767744662989
Tanzania,Mortalidad_Alta,1023.10626220703,31.8,402.924862138835,65.488,27.868599477377,37.2427988727653,36.0,1.0,1.3363713846832537
Tanzania,Mortalidad_Alta,986.674011230469,29.2,406.2529829944,64.963,28.7534809528128,37.961527710078,37.7,0.0,1.320241113497753
Tanzania,Mortalidad_Alta,953.0107421875,31.0,416.315699078634,64.404,27.4441425717754,39.4485885215938,39.5,0.0,1.4374137730272625
Tanzania,Mortalidad_Alta,939.127319335938,33.0,419.719594250318,63.928,26.745885729563,40.4311664337765,41.1,0.0,1.5116779770387923
Tanzania,Mortalidad_Alta,1022.74841308594,28.8,414.591294842767,63.364,25.8025774475571,41.2956954905769,42.3,0.0,1.6004484658367584
Tanzania,Mortalidad_Alta,963.05712890625,30.0,432.006442053335,62.788,26.7908679172376,40.2655507384318,43.7,0.0,1.5029580550663837
Tanzania,Mortalidad_Alta,861.969909667969,27.0,424.81151927742,62.286,26.5509265207861,40.6114766481977,45.0,0.0,1.5295690949392642
Tanzania,Mortalidad_Alta,775.392761230469,26.0,432.748223094232,61.618,24.9768644460885,41.4050375845078,46.6,1.0,1.6577356086421022
Tanzania,Mortalidad_Alta,736.530151367188,30.0,420.666337595531,61.127,25.582406886144,43.3162282485783,48.5,0.0,1.693203788109528
Tanzania,Mortalidad_Alta,693.823547363281,32.0,414.932104149828,60.494,26.0351903601219,44.5514742946567,50.5,0.0,1.7112021720761526
Tanzania,Mortalidad_Alta,675.977233886719,29.0,414.898580843046,59.896,24.7654938768997,43.7191784966665,53.2,0.0,1.76532633324329
Tanzania,Mortalidad_Alta,543.198303222656,29.0,419.165766354696,59.26,23.245488236772,45.5364294139161,55.6,1.0,1.9589362438893452
Tanzania,Mortalidad_Alta,475.746734619141,28.0,429.313725233187,58.512,23.6693107278646,45.5521443499129,59.0,0.0,1.9245234841708685
Tanzania,Mortalidad_Alta,483.334869384766,25.0,426.1625033481,57.675,24.6488410843814,45.078966625744,62.3,0.0,1.8288473065091908
Tanzania,Mortalidad_Alta,450.385284423828,27.0,414.656007754261,56.836,25.7058139887433,45.0959930932601,66.4,0.0,1.7543110330218623
Tanzania,Mortalidad_Alta,422.18359375,22.0,410.864949106248,55.929,24.9192926509551,46.0085454870166,70.7,0.0,1.84630222580789
Tanzania,Mortalidad_Alta,402.649047851563,25.0,405.812432807315,54.94,25.1717362899073,47.6254339102486,75.4,0.0,1.892020215122951
Tanzania,Mortalidad_Alta,396.638732910156,19.0,397.137814048139,54.124,25.8091623025794,49.1163480266487,80.4,0.0,1.9030585902332815
Tanzania,Mortalidad_Alta,401.698150634766,19.0,393.715575942908,53.244,26.2172723620722,49.0990079360563,85.3,1.0,1.872773309823278
Tanzania,Mortalidad_Alta,258.418334960938,30.0,362.110177694803,51.005,30.0588767042841,24.4557369708085,101.0,0.0,0.8135945069205789
Thailand,Mortalidad_Baja,6909.35281815827,38.5,1857.31058006839,75.291,8.71945138441444,56.1587909124394,8.3,1.0,6.440633525730791
Thailand,Mortalidad_Baja,7057.20754802279,45.1,1833.85960981538,77.606,8.69291293050797,56.2753751026927,8.5,1.0,6.473707438756579
Thailand,Mortalidad_Baja,6985.64393892574,43.4,1872.52037563351,77.331,8.70285214673554,58.006424885407,8.8,1.0,6.665220080426777
Thailand,Mortalidad_Baja,7605.69657797759,36.4,1976.43445803045,77.197,8.1285680400948,58.2775214465787,9.1,1.0,7.1694695989650645
Thailand,Mortalidad_Baja,7099.77650081458,34.7,1937.17674845065,77.19,8.20181926195524,57.0556910705407,9.4,1.0,6.956467735786114
Thailand,Mortalidad_Baja,6413.09182530343,40.7,1975.61488529478,76.989,8.40641258665047,56.5748278870276,9.6,1.0,6.729960884488279
Thailand,Mortalidad_Baja,5833.57715617098,38.0,1985.00530928348,76.769,8.47807696285562,55.9351576320684,10.0,1.0,6.597623243706447
Thailand,Mortalidad_Baja,5688.85335397884,35.0,1932.67390968815,76.563,8.87272364786793,54.9480990258654,10.3,1.0,6.192923526821343
Thailand,Mortalidad_Baja,5801.1978916205,33.6,1926.22582617648,76.279,10.0889216151042,53.1480380193834,10.6,1.0,5.267960248577516
Thailand,Mortalidad_Baja,6018.08244729255,34.0,1943.92303978228,75.96,11.3222153379773,51.7791961972126,11.0,1.0,4.573238951173569
Thailand,Mortalidad_Baja,5725.52802835463,35.0,1818.19204308684,75.59,11.5041001535767,51.1522057089623,11.3,1.0,4.446432578480182
Thailand,Mortalidad_Baja,5373.6232832898,34.0,1704.82334080525,75.302,11.5917917775207,50.4268099513695,11.7,1.0,4.350217025909604
Thailand,Mortalidad_Media,4973.86288823778,35.0,1718.62118368043,75.012,10.5221756369849,49.5560986644794,12.2,1.0,4.709681759187928
Thailand,Mortalidad_Media,4135.43986952819,33.0,1578.76107269732,74.669,9.78703375942043,51.6043673521408,12.6,1.0,5.272728042086238
Thailand,Mortalidad_Media,4309.13509292986,36.0,1596.82870772129,74.221,10.0724338253633,50.4479532095063,13.1,1.0,5.008516718419513
Thailand,Mortalidad_Media,3918.52817434581,38.0,1569.87237319879,73.779,9.3476847010693,51.220943421775,13.6,1.0,5.479532639340706
Thailand,Mortalidad_Media,3331.32043511773,36.0,1525.12619877511,73.341,9.40199346621521,51.4511506498788,14.2,1.0,5.472366135411765
Thailand,Mortalidad_Media,2867.70383436062,33.0,1508.4424177872,72.894,9.19435528237181,52.3004340059921,14.8,0.0,5.688319887558282
Thailand,Mortalidad_Media,2641.56268717857,32.0,1477.26146669579,72.1,9.29111013904814,52.8065873658848,15.4,1.0,5.683560583783453
Thailand,Mortalidad_Media,2347.54001286066,32.0,1379.29175743715,72.101,9.44135495796228,52.6404701499991,16.1,0.0,5.575520715446171
Thailand,Mortalidad_Media,2089.75183111554,32.0,1286.14403684353,71.775,8.6921781801026,54.4133903727448,16.9,1.0,6.260040837324681
Thailand,Mortalidad_Media,1889.93432467144,32.0,1174.20279195013,71.52,8.57928745008654,55.0997090552462,17.7,0.0,6.422410879203075
Thailand,Mortalidad_Media,2005.97694514234,30.0,1153.04552225626,71.205,8.49984812084058,54.8307434977968,18.5,1.0,6.4507909692360945
Thailand,Mortalidad_Media,2864.36515719866,70.0,1052.28021147702,69.757,9.08122459760424,53.6407551757937,23.8,0.0,5.906775523418385
Timor-Leste,Mortalidad_Media,2343.24523350389,38.2,1157.0691602470697,67.368,10.3344923620471,36.3217785277299,36.9,0.0,3.5146166115637945
Timor-Leste,Mortalidad_Alta,2684.82702378987,37.4,1080.05000727945,66.199,8.67050388691106,30.4447362411597,37.9,0.0,3.5112995320974236
Timor-Leste,Mortalidad_Media,1630.86938521256,32.5,723.2878655359016,66.919,13.2621542701486,48.314274665383,38.9,0.0,3.64301859873039
Timor-Leste,Mortalidad_Alta,1562.36458068032,32.1,890.7433926925685,66.496,14.1291552473105,55.2347880695907,39.9,0.0,3.9092774552183296
Timor-Leste,Mortalidad_Alta,1219.46599728983,32.0,937.3795510287546,66.204,17.771357543014,68.5325580217414,40.7,0.0,3.8563490637034565
Timor-Leste,Mortalidad_Alta,1266.17767952941,29.2,362.3631158219202,65.898,17.1293898636009,69.0436250503509,41.6,0.0,4.0307112862826
Timor-Leste,Mortalidad_Alta,1335.54390089814,28.0,438.5904316132819,65.61,17.0630746923768,66.2385277926753,42.6,0.0,3.881980767643736
Timor-Leste,Mortalidad_Alta,1319.59297370991,30.0,358.8504564528912,65.326,17.8277581390576,63.7293225404494,43.8,0.0,3.5747244293621665
Timor-Leste,Mortalidad_Alta,1224.74957758801,25.4,925.1367589261987,65.027,21.0507074370281,63.4872989617109,45.1,1.0,3.0159223461553135
Timor-Leste,Mortalidad_Alta,1204.56841532931,24.0,972.4118355302696,64.719,21.3199869831315,61.4654265582233,46.6,0.0,2.882995501209973
Timor-Leste,Mortalidad_Alta,1022.61903188429,25.0,421.88168414836457,64.384,25.7964939188578,69.1261422336727,48.2,0.0,2.6796719915158693
Timor-Leste,Mortalidad_Alta,939.045241112693,22.0,467.4568222385404,64.022,22.160242931026,66.9707365108074,50.0,0.0,3.0221120192253554
Timor-Leste,Mortalidad_Alta,813.060177250597,22.0,376.7315142223842,63.66,25.5964077031504,68.9279044908586,52.1,0.0,2.6928741443032633
Timor-Leste,Mortalidad_Alta,686.579295832381,26.0,389.06675059124535,63.265,24.9628647732997,67.4846045975323,54.3,0.0,2.7033998385359155
Timor-Leste,Mortalidad_Alta,628.153219252849,33.4,335.7310960620082,62.858,30.1555101464311,62.4300642258817,56.7,0.0,2.0702705383768905
Timor-Leste,Mortalidad_Alta,540.154584237662,26.68,60.7032219478967,62.396,29.9974170746473,62.9410639810138,59.3,1.0,2.098216117220614
Timor-Leste,Mortalidad_Alta,464.667001844159,22.580000000000002,60.4138656989526,61.881,32.2042854838468,63.0790863839941,62.2,0.0,1.958717153207254
Timor-Leste,Mortalidad_Alta,487.464555404292,27.52,61.1613700568695,61.272,28.912513952945,63.1631218254346,65.3,0.0,2.1846291861106346
Timor-Leste,Mortalidad_Alta,474.420767344689,21.78,62.4277506420371,60.743,30.7884121495921,60.1709500603487,68.7,0.0,1.9543375529726976
Timor-Leste,Mortalidad_Alta,534.901153697657,16.880000000000003,369.1685880459706,60.13,24.8736693301982,59.3841722652211,72.2,0.0,2.387431121516317
Timor-Leste,Mortalidad_Alta,533.982476434866,10.5,322.70465241184274,59.477,24.6752674108622,58.3452531709608,76.0,0.0,2.3645236422149924
Timor-Leste,Mortalidad_Alta,587.804355560918,24.6,302.3705162836046,58.772,21.5537126382493,59.4713301155006,79.9,1.0,2.7592151344711975
Timor-Leste,Mortalidad_Alta,492.457669429651,28.8,272.5891328553588,58.097,28.4273895187645,51.1163201783038,83.9,0.0,1.7981362708159563
Timor-Leste,Mortalidad_Alta,302.736982028369,15.0,369.6608081923866,47.543,56.537965314548714,27.966354406375636,137.9,0.0,0.882323349248886
Togo,Mortalidad_Alta,898.758154410712,28.8,425.402321106605,62.29,18.7001426667896,51.0784392606446,36.9,0.0,2.7314465012802835
Togo,Mortalidad_Alta,939.613373786407,32.2,422.533121281505,61.328,18.3649911479173,51.4192514964235,38.0,1.0,2.799851689678312
Togo,Mortalidad_Alta,853.578220263722,31.2,424.622212633086,61.123,19.0768869585632,51.3395938490433,39.1,0.0,2.6911934824878787
Togo,Mortalidad_Alta,826.260654099894,28.1,414.030094273623,61.055,19.5145346708648,51.2372165678163,40.2,0.0,2.6255925356146697
Togo,Mortalidad_Alta,851.130806891807,31.4,411.046357385599,60.601,19.6493699416043,50.531195574224,41.4,1.0,2.5716445730523163
Togo,Mortalidad_Alta,792.765487219069,36.8,403.914387052726,60.135,20.3154574132492,50.5465232279112,42.7,0.0,2.4880819663428357
Togo,Mortalidad_Alta,772.581787093976,29.0,422.806732967677,59.669,20.3851787615244,50.3511858602872,44.0,0.0,2.469989910283325
Togo,Mortalidad_Alta,751.052405084336,29.0,400.729144636073,59.22,18.9219528288839,49.1386494713437,45.4,1.0,2.5969121641786757
Togo,Mortalidad_Alta,855.585284856656,23.8,423.574336787573,58.766,19.3389328802636,48.4581937462063,46.8,0.0,2.5057325575425335
Togo,Mortalidad_Alta,826.543259457126,24.0,416.704251255243,58.345,19.1396404381895,51.318216007906,48.3,0.0,2.6812528779542952
Togo,Mortalidad_Alta,762.392047587088,24.0,440.167543009316,57.94,20.9760506543232,52.0811544128713,49.8,0.0,2.4828865676932033
Togo,Mortalidad_Alta,783.989380490906,28.0,453.365161767995,57.612,19.8650690429678,50.7990184114121,51.4,1.0,2.5572032144230006
Togo,Mortalidad_Alta,704.987164181378,27.0,462.98057269746,57.227,21.077904458745,50.5790893188583,53.0,0.0,2.3996260832216447
Togo,Mortalidad_Alta,720.694168794129,23.0,475.809640060012,56.927,21.3484525661074,50.4756388436406,54.6,0.0,2.3643699086544214
Togo,Mortalidad_Alta,718.948786366771,24.0,402.378522599678,56.651,20.681769685743,48.7825952258523,56.1,0.0,2.358724420931959
Togo,Mortalidad_Alta,607.588224471809,30.0,397.655539665075,56.382,16.9298662977208,49.1036752452196,57.7,0.0,2.900417190644337
Togo,Mortalidad_Alta,552.50227125256,10.0,394.055905016925,56.142,16.9609148487036,50.5916665209396,59.3,1.0,2.982838306319694
Togo,Mortalidad_Alta,551.259850017077,10.0,405.977841108573,55.916,17.3325641240129,51.4590483352783,61.0,0.0,2.9689230033763927
Togo,Mortalidad_Alta,560.266308533382,10.0,408.681044425446,55.594,15.4058695261762,49.640805026636,62.8,0.0,3.2222007944628523
Togo,Mortalidad_Alta,538.16537776929,10.0,414.930640834631,55.299,14.5723915809563,48.3943762784048,64.7,0.0,3.3209632070035937
Togo,Mortalidad_Alta,445.238691488925,10.0,403.003921585395,55.032,15.7403641419633,48.669760988867,66.7,0.0,3.092035263600732
Togo,Mortalidad_Alta,396.692654520135,10.0,399.0750456746,54.746,15.1644610248179,50.3120943875614,68.7,0.0,3.3177634407989496
Togo,Mortalidad_Alta,409.889802792768,10.0,410.709755967091,54.577,14.8052104263334,47.8963795644462,70.8,0.0,3.2351029256061734
Togo,Mortalidad_Alta,419.220334892756,26.6,355.14721431719,53.692,16.7474394694461,52.1661499808044,80.1,0.0,3.1148731766414754
Trinidad and Tobago,Mortalidad_Media,20874.37682915,44.2,11038.4068472239,73.331,0.759115349532338,50.7429193038018,17.6,0.0,66.84480736038677
Trinidad and Tobago,Mortalidad_Media,17679.1812561341,36.4,11220.6527801603,71.111,0.910293249532888,54.9223180547277,18.1,0.0,60.334752655708236
Trinidad and Tobago,Mortalidad_Media,15358.8612973066,37.4,10738.1172587056,72.645,1.05713241651112,62.5482960455801,18.6,0.0,59.16789142840759
Trinidad and Tobago,Mortalidad_Media,17293.4730123427,32.9,12540.3004394116,72.836,0.761568317530986,60.0256218689827,19.0,0.0,78.81843360236743
Trinidad and Tobago,Mortalidad_Media,17575.8042838042,33.1,12397.1007399961,72.658,0.964285996452349,57.1803238023233,19.3,0.0,59.298096221133825
Trinidad and Tobago,Mortalidad_Media,17578.6417765865,36.8,12330.86332127,72.984,1.08561055852397,59.1852842708283,19.7,0.0,54.51797037723957
Trinidad and Tobago,Mortalidad_Media,17449.1623528186,38.0,12250.992693627,72.935,0.992433942592827,60.4763722683277,20.1,0.0,60.93742834946524
Trinidad and Tobago,Mortalidad_Media,19887.2337359338,38.0,14043.9759832685,72.882,0.922053381312427,58.4973715752716,20.4,0.0,63.44249992555523
Trinidad and Tobago,Mortalidad_Media,21908.3017802988,34.0,14611.6182206133,72.898,0.668563329698263,52.5878087925341,20.8,0.0,78.65793180171593
Trinidad and Tobago,Mortalidad_Media,21304.9776454565,32.0,14331.4985446827,72.785,0.712770741788669,50.6821856939307,21.2,0.0,71.10587278981995
Trinidad and Tobago,Mortalidad_Media,20332.1389531925,36.0,14480.1691062996,72.513,0.623861527345923,48.8095089697225,21.5,0.0,78.2377287751201
Trinidad and Tobago,Mortalidad_Media,19151.0870229722,36.0,14838.9882923701,72.232,0.456542570355529,42.9861638522819,21.9,0.0,94.15587207739851
Trinidad and Tobago,Mortalidad_Media,16815.424737361,36.0,15018.9097839263,71.809,0.52014610527508,45.5105190135062,22.3,0.0,87.4956450734893
Trinidad and Tobago,Mortalidad_Media,14634.0565003912,34.0,14193.29907855,71.404,0.595145826393538,46.5265844994937,22.6,0.0,78.17678027154335
Trinidad and Tobago,Mortalidad_Media,21298.9945258063,32.0,14167.2834575522,71.117,0.365514424327618,35.1757002222638,23.0,0.0,96.23614796316521
Trinidad and Tobago,Mortalidad_Media,16606.675360681,38.0,14651.4392568831,70.797,0.371661707526332,39.4961026633322,23.5,0.0,106.26895874263272
Trinidad and Tobago,Mortalidad_Media,14152.6607422113,42.0,13820.6467519783,70.437,0.566876991369423,38.0397488161066,23.9,0.0,67.10406207211331
Trinidad and Tobago,Mortalidad_Media,12346.4373094075,46.0,12423.5683148853,70.185,0.483999190377517,39.7489177075892,24.3,0.0,82.12600041042474
Trinidad and Tobago,Mortalidad_Media,9871.03419820086,49.0,10262.1290415816,69.879,0.761483945963904,44.6881097437752,24.7,0.0,58.68555729984295
Trinidad and Tobago,Mortalidad_Media,8445.04653518298,53.0,10077.8124597532,69.454,0.947884612682488,47.7363739830544,25.0,0.0,50.36095463978653
Trinidad and Tobago,Mortalidad_Media,6762.93080808096,53.0,8990.73441697741,69.232,1.39847219754841,55.3124888967845,25.4,0.0,39.55208333333333
Trinidad and Tobago,Mortalidad_Media,6657.41466937221,50.0,8336.82302254039,68.874,1.28637705609447,53.3926467807851,25.8,0.0,41.506218202374406
Trinidad and Tobago,Mortalidad_Media,6178.58975559687,50.0,7575.58896313876,68.629,1.3571938867876,51.4740893155048,26.1,0.0,37.926850258175726
Trinidad and Tobago,Mortalidad_Media,4114.68908475464,38.4,4619.7280481663,67.995,2.31282988033606,51.0778588577504,27.8,0.0,22.084572363933944
Tunisia,Mortalidad_Baja,3708.8481241036,47.3,956.041118887201,76.05,10.7117409661441,61.0889371554734,11.5,0.0,5.702988650356017
Tunisia,Mortalidad_Media,3906.93926319391,42.0,964.474882954034,72.893,10.0901139233385,59.5290114531497,12.5,1.0,5.899736306788242
Tunisia,Mortalidad_Media,3548.65363663803,39.7,896.515593998175,75.004,10.3917002295357,60.1898209320171,13.5,0.0,5.792105199584492
Tunisia,Mortalidad_Baja,3528.87213306798,36.6,950.614263724593,75.599,9.76625873287072,59.9417090281883,14.4,0.0,6.137632707439943
Tunisia,Mortalidad_Baja,3628.10366464236,36.8,973.074341333009,75.37,9.88852551876126,59.4588686158843,15.1,0.0,6.0129155254819775
Tunisia,Mortalidad_Media,3619.03247319953,37.3,973.953481456321,75.177,8.986045690927,60.2680089989854,15.5,0.0,6.706844264083434
Tunisia,Mortalidad_Media,3847.80354448809,40.0,955.176493865808,75.007,8.52551609927493,59.7019107558332,15.8,0.0,7.002732744931497
Tunisia,Mortalidad_Media,4014.94773686432,41.0,952.983955126789,74.875,9.20601054317155,58.9459946415567,16.0,1.0,6.402990129669057
Tunisia,Mortalidad_Media,4458.97895464547,39.2,939.769133002953,74.784,8.57165956609159,57.5059874486204,16.1,0.0,6.708851069646638
Tunisia,Mortalidad_Media,4369.79345826358,38.0,935.797099690451,74.674,7.96930864809374,58.023672140101,16.2,0.0,7.280891568176402
Tunisia,Mortalidad_Media,4297.26782454273,43.0,930.16863461378,74.599,8.30025725587419,57.0947002042078,16.3,0.0,6.878666340588565
Tunisia,Mortalidad_Media,4420.64772206537,42.0,902.903041115908,74.471,7.57684450427472,56.8340831798214,16.5,0.0,7.501022773762432
Tunisia,Mortalidad_Media,4291.86120891575,44.0,955.707047372167,74.438,6.846146170059,55.8976948687167,16.7,1.0,8.164840989399291
Tunisia,Mortalidad_Media,4080.09032448781,42.0,859.962925384995,74.32,8.45660665471427,56.0072736940413,16.9,0.0,6.6229015940831495
Tunisia,Mortalidad_Media,4255.05008019523,46.0,894.304160812003,74.192,7.8486499786515,55.0762394795308,17.2,0.0,7.0172882762436055
Tunisia,Mortalidad_Media,3726.91672935667,49.0,865.764456490386,74.039,8.64201987385816,56.0306430426456,17.7,0.0,6.483512403406586
Tunisia,Mortalidad_Media,3322.56933570096,50.0,845.985604662777,73.888,9.28070949947767,56.5741910385915,18.2,0.0,6.0958907335452714
Tunisia,Mortalidad_Media,3146.8260743927,49.0,810.836929733225,73.712,9.16983114804996,56.3292015953763,18.9,1.0,6.142883187915097
Tunisia,Mortalidad_Media,3067.41936376975,48.0,832.55467184916,73.519,9.90254515493647,55.8026185357313,19.6,0.0,5.6351794071762855
Tunisia,Mortalidad_Media,2725.8643148859,53.0,797.158334635846,73.304,9.2914975178949,55.9420691370868,20.5,0.0,6.020780722305046
Tunisia,Mortalidad_Media,2320.7723805785,52.0,783.697921952401,73.07,8.29848151435206,55.5745687087401,21.5,0.0,6.696956378419953
Tunisia,Mortalidad_Media,2235.71981624751,50.0,781.40012180483,72.822,9.4218557064738,54.0810926593252,22.7,0.0,5.739961886931238
Tunisia,Mortalidad_Media,2199.04465936314,50.0,748.273831151715,72.604,10.006319351485,53.2221897572146,23.9,1.0,5.31885780252617
Tunisia,Mortalidad_Media,1968.16600944373,50.0,633.647279663274,70.785,11.3665419486506,46.4150412273191,31.1,1.0,4.083479517077694
Uganda,Mortalidad_Media,963.067314233497,24.0,482.821621536668,67.675,24.0117220529553,41.6521408721143,28.7,0.0,1.7346586296582533
Uganda,Mortalidad_Alta,882.791717442001,25.0,483.425019132137,66.45,23.8418038272172,41.8463858299692,29.5,0.0,1.755168616151368
Uganda,Mortalidad_Alta,845.76646385001,21.4,475.325187025973,66.41,23.9290337205103,42.8380040896187,30.6,0.0,1.7902103607677624
Uganda,Mortalidad_Alta,822.171150141651,25.4,455.421313903164,66.354,22.9455088065564,42.9981110493193,31.7,1.0,1.873922753764916
Uganda,Mortalidad_Alta,792.16570022814,28.3,468.502676315592,65.775,23.2502935412734,43.3388930035876,32.9,0.0,1.8640148747650591
Uganda,Mortalidad_Alta,765.218332297361,28.7,468.55301936099,65.174,23.4588353827426,43.4784994061797,34.6,0.0,1.853395477516522
Uganda,Mortalidad_Alta,752.696571725656,26.0,473.604213435105,64.494,22.6603227869887,44.4324164008995,36.4,1.0,1.9608024483398836
Uganda,Mortalidad_Alta,862.934610355811,26.0,470.560471935976,63.831,23.4723696930371,44.2988124381619,38.4,0.0,1.88727482642295
Uganda,Mortalidad_Alta,896.054795546394,23.8,456.037640791645,63.057,24.8199759353437,44.0459519330973,40.3,0.0,1.7746170281485152
Uganda,Mortalidad_Alta,818.285427416713,24.0,449.382170398049,62.353,26.0303237402959,44.5372887962385,42.2,0.0,1.7109771373028733
Uganda,Mortalidad_Alta,795.222867553127,25.0,436.121048102054,61.579,27.177257747558,44.4441204774638,44.1,1.0,1.6353423472777457
Uganda,Mortalidad_Alta,835.620060555838,25.0,429.271141094876,60.791,28.9692474777902,45.776796908869,46.7,0.0,1.5801859176343678
Uganda,Mortalidad_Alta,823.488144282,26.0,421.142950548341,59.959,32.8680090776536,44.7858823687755,49.5,0.0,1.3625979676154056
Uganda,Mortalidad_Alta,798.947089938247,28.0,414.792171517828,59.157,34.872859937466,44.6270560606876,52.4,1.0,1.2797073753260506
Uganda,Mortalidad_Alta,472.842681495852,27.0,402.698980928732,58.253,21.3845985625607,46.8958814777585,55.1,0.0,2.1929745999469885
Uganda,Mortalidad_Alta,401.389130865581,25.0,396.66304999539,57.248,22.2781136788689,46.9260980681393,58.7,0.0,2.1063766324457425
Uganda,Mortalidad_Alta,346.518255310647,26.0,393.870894212368,56.118,24.0349329838703,47.119794496076,62.7,0.0,1.9604712244339442
Uganda,Mortalidad_Alta,330.405402707025,22.0,392.296679300675,54.926,25.0749361336647,45.3122507865985,67.0,1.0,1.8070734276273555
Uganda,Mortalidad_Alta,292.38185796262,21.0,388.649807194251,53.699,21.6703526422179,52.0323458233141,71.7,0.0,2.4010844069950834
Uganda,Mortalidad_Alta,250.71543664681,19.0,388.389226414675,52.414,24.5070225774825,46.5378749382528,76.6,0.0,1.8989607893458527
Uganda,Mortalidad_Alta,241.984688408335,23.0,387.324648119083,51.443,23.4334280026675,47.7413871970957,81.4,1.0,2.0373198147390617
Uganda,Mortalidad_Alta,236.021188853993,22.0,386.092603822015,50.576,27.8502414795273,44.7796646510108,85.9,0.0,1.6078734787247109
Uganda,Mortalidad_Alta,258.050338731086,26.0,386.584595406427,49.64,27.5091068813608,44.6702768031338,89.8,0.0,1.6238359535183895
Uganda,Mortalidad_Alta,278.520835668767,30.0,398.136844410786,47.706,45.2953876100708,33.3067285507324,98.8,0.0,0.7353227405283781
Ukraine,Mortalidad_Media,4199.6708984375,33.8,1492.96963034755,72.658,8.57297627041519,61.7172292872421,8.0,0.0,7.199043522402417
Ukraine,Mortalidad_Media,4775.94580078125,37.9,1991.18242353159,71.631,10.8857721063269,51.9054004247779,8.0,0.0,4.768187310720023
Ukraine,Mortalidad_Media,3709.76928710938,37.9,1932.92182292303,73.283,9.31015109807472,55.7900164518172,8.1,1.0,5.992385715775787
Ukraine,Mortalidad_Media,3619.86157226563,29.6,1987.62473314258,73.92,8.96518101437243,54.4855197050788,8.3,1.0,6.077458962371306
Ukraine,Mortalidad_Media,3059.0517578125,29.0,2068.75608372619,73.569,10.1395331070229,51.3323027091522,8.5,1.0,5.062590374461931
Ukraine,Mortalidad_Media,2604.28759765625,29.2,1967.83535233788,73.993,10.1776550393512,50.9587159917712,8.7,1.0,5.0069211222764824
Ukraine,Mortalidad_Media,2158.46118164063,26.0,2007.97794185628,73.389,11.7257009089167,49.9142479962203,8.9,1.0,4.256824251611558
Ukraine,Mortalidad_Media,2094.47387695313,25.0,2027.67298191168,72.686,12.0593761063371,51.1686439927907,9.2,1.0,4.243058972669574
Ukraine,Mortalidad_Media,3054.908203125,21.9,2298.64103698123,71.803,10.1546081548161,54.1589184045774,9.5,1.0,5.333432622793136
Ukraine,Mortalidad_Media,4129.89697265625,23.0,2517.94290866737,71.474,8.69230562102956,56.6426976003131,9.9,1.0,6.516418090877488
Ukraine,Mortalidad_Media,3951.34228515625,24.0,2651.07562953077,71.09,7.76131248389414,54.4753052575019,10.3,1.0,7.018826438253341
Ukraine,Mortalidad_Media,3656.69799804688,22.0,2732.94616375302,70.711,8.15022183877887,53.5003535486051,10.8,1.0,6.564281881758072
Ukraine,Mortalidad_Media,3039.63232421875,25.0,2848.78160077932,70.188,7.40220509822994,55.4893203103736,11.4,1.0,7.49632299754063
Ukraine,Mortalidad_Media,2607.08764648438,27.0,2453.43957426865,69.159,6.90539595920772,55.9948766791758,11.9,1.0,8.108858204504799
Ukraine,Mortalidad_Media,4017.806640625,28.0,2875.89657843683,68.262,6.53540152136768,52.878376373485,12.5,1.0,8.091067733267444
Ukraine,Mortalidad_Media,3160.32763671875,26.0,2961.88351682898,67.715,6.28300133403275,51.6170820097297,13.0,1.0,8.215354297338534
Ukraine,Mortalidad_Media,2366.494140625,22.0,2866.6234732695,67.49,7.23906141043294,49.823191473546,13.5,1.0,6.882548530634204
Ukraine,Mortalidad_Media,1875.33508300781,23.0,2964.77701596962,67.517,8.87530749467009,49.3819493795441,14.0,1.0,5.5639705338884955
Ukraine,Mortalidad_Media,1401.01806640625,24.0,2957.98499344051,67.472,10.4370371199069,51.2225068802721,14.6,1.0,4.907763217836386
Ukraine,Mortalidad_Media,1076.48156738281,21.0,2914.06696251373,67.638,10.4995403003371,49.2931441654198,15.3,1.0,4.694790700868797
Ukraine,Mortalidad_Media,903.011901855469,15.0,2786.00498673634,67.699,12.6032510741528,46.6677771228933,16.0,1.0,3.7028364227862802
Ukraine,Mortalidad_Media,800.49072265625,26.0,2730.9849933122,67.675,13.9760861844442,44.893098141352,16.8,0.0,3.212136613132749
Ukraine,Mortalidad_Media,653.294311523438,28.0,2700.10061007166,67.786,13.951785065407,39.7449582122093,17.6,0.0,2.8487364180197727
Ukraine,Mortalidad_Media,933.191772460938,10.0,3168.70052622854,67.114,13.769759643058,37.4760485006169,19.4,1.0,2.72161965583113
United Arab Emirates,Mortalidad_Baja,49899.0652975197,71.8,8335.80957162683,80.487,0.703347020739992,48.2133240230093,4.2,0.0,68.54841579094771
United Arab Emirates,Mortalidad_Baja,43360.0211001327,66.0,8674.22641438132,79.083,0.943418357564354,51.9172576228083,4.4,0.0,55.03100210689597
United Arab Emirates,Mortalidad_Baja,37173.8754093066,64.6,8154.35294132635,81.936,0.963890714422504,56.8620662126454,4.7,0.0,58.99223362340739
United Arab Emirates,Mortalidad_Baja,44251.4541398817,78.8,8816.50943614681,82.596,0.746712202794498,54.7287717592443,5.0,0.0,73.29299233952142
United Arab Emirates,Mortalidad_Baja,45689.8570049401,77.3,8482.30317231137,82.449,0.711464002250805,52.3695784114051,5.3,1.0,73.60819134310017
United Arab Emirates,Mortalidad_Baja,42340.5917160161,74.2,8521.13677246594,82.388,0.761757604094752,56.7102076315896,5.6,0.0,74.44652646294507
United Arab Emirates,Mortalidad_Baja,41326.4018161569,70.0,10355.5476088804,82.195,0.750862915175131,58.2205653564757,5.8,0.0,77.53820861281497
United Arab Emirates,Mortalidad_Baja,43534.9972694631,69.0,10146.376786057,82.076,0.723671590492829,55.9220834715221,6.1,0.0,77.27549928198576
United Arab Emirates,Mortalidad_Baja,51381.4069901746,66.4,9633.42212114175,81.99,0.628716003480972,47.3815703317669,6.3,0.0,75.36243720444902
United Arab Emirates,Mortalidad_Baja,52023.5170959441,68.0,8858.22242582428,81.95,0.633172496321641,45.1630125266952,6.5,1.0,71.32813378513072
United Arab Emirates,Mortalidad_Baja,52034.4762476071,63.0,8614.16881429917,81.913,0.627943991804764,42.8039942638918,6.7,0.0,68.16530585931639
United Arab Emirates,Mortalidad_Baja,50789.050540755,65.0,8558.24529408267,81.898,0.65142159370015,42.2714577310298,6.8,0.0,64.89109071580361
United Arab Emirates,Mortalidad_Baja,43696.6712590463,59.0,8944.43348137498,81.886,0.735025772222781,47.5865147475896,7.0,0.0,64.74128737511325
United Arab Emirates,Mortalidad_Baja,37803.0663738777,57.0,9485.64696621464,81.679,1.03688688860825,46.9181571110237,7.2,0.0,45.24906007250133
United Arab Emirates,Mortalidad_Baja,50054.1700681803,62.0,9426.22252523971,81.591,0.82730546409323,41.1547160923483,7.3,0.0,49.74549048513298
United Arab Emirates,Mortalidad_Baja,45854.7325158162,62.0,8929.91291284475,81.438,0.976671167666283,44.1831002420827,7.5,0.0,45.2384607069506
United Arab Emirates,Mortalidad_Baja,44342.6048322482,61.0,9239.48012400956,81.155,1.09424400194674,41.0026442799823,7.6,0.0,37.47120770781982
United Arab Emirates,Mortalidad_Baja,38719.3138307623,52.0,9535.23423153349,80.779,1.39540987408529,42.9608649080015,7.7,0.0,30.787273120138213
United Arab Emirates,Mortalidad_Baja,33376.7152295209,70.0,9441.12715739602,80.272,1.66536190905993,46.6562900061707,7.9,0.0,28.01570622718723
United Arab Emirates,Mortalidad_Baja,29659.5428567811,90.0,10102.2168560285,79.6,1.92768393253654,48.951303152003,8.0,0.0,25.393843008065385
United Arab Emirates,Mortalidad_Baja,27753.6089526346,90.0,10866.2518811768,78.721,2.20332258864369,50.2509298289115,8.2,0.0,22.806887238352473
United Arab Emirates,Mortalidad_Baja,27745.1708087672,90.0,11703.2751045514,77.621,2.23820016235649,48.0854585516536,8.3,0.0,21.48398492699009
United Arab Emirates,Mortalidad_Baja,29865.502347066,90.0,8956.94929901911,76.347,2.26265009303746,49.220338275323,8.5,0.0,21.753402537485552
United Arab Emirates,Mortalidad_Media,27003.2006807782,73.08,11360.9014709113,71.392,1.78706830470903,52.6677577741408,9.5,0.0,29.47159749594247
United Kingdom,Mortalidad_Baja,46062.9914079698,87.1,2263.38107532261,81.0112195121951,0.660339419924098,71.7931007731073,3.9,0.0,108.72151291734103
United Kingdom,Mortalidad_Baja,46926.475736105,86.5,2373.0126426813,80.6473170731707,0.708497418395029,72.1667541786996,3.9,1.0,101.85888092885385
United Kingdom,Mortalidad_Baja,40404.8062238951,89.9,2318.09526000002,80.331756097561,0.671076489218374,72.1085854624181,3.9,1.0,107.45211107962591
United Kingdom,Mortalidad_Baja,42794.0022648288,83.8,2515.96090007327,81.3691219512195,0.604721474036011,70.9729663672081,3.8,1.0,117.36471981641863
United Kingdom,Mortalidad_Baja,43315.4874501318,79.0,2632.15067210726,81.2560975609756,0.571108913982411,70.748695351586,3.8,1.0,123.87951513179307
United Kingdom,Mortalidad_Baja,40629.2340347345,78.3,2658.99577329303,81.2560975609756,0.594098772522404,70.7619081461448,3.8,1.0,119.107985774329
United Kingdom,Mortalidad_Baja,40988.1044233026,78.0,2696.97999020896,81.1560975609756,0.578868221997394,70.9309138927871,3.8,1.0,122.53378436984995
United Kingdom,Mortalidad_Baja,44983.885522934,76.0,2774.79682774608,80.9560975609756,0.631166672145544,70.4515273283794,3.9,1.0,111.62111441798945
United Kingdom,Mortalidad_Baja,47426.6209829995,76.4,2767.96188412765,81.3048780487805,0.745014534118938,70.1935126393681,3.9,1.0,94.21764197174981
United Kingdom,Mortalidad_Baja,43419.0352598932,78.0,2962.29760006424,81.0048780487805,0.633279834912744,69.993112008178,4.0,1.0,110.52477617232508
United Kingdom,Mortalidad_Baja,42490.1465463521,76.0,3028.77223348044,80.9048780487805,0.628400871790233,70.4435685046814,4.1,1.0,112.09973070851535
United Kingdom,Mortalidad_Baja,42109.6418795749,77.0,2973.83120573757,80.9512195121951,0.682489368996566,70.2698199796703,4.3,1.0,102.96104697276812
United Kingdom,Mortalidad_Baja,39598.957119545,77.0,3235.05383786127,80.4024390243902,0.586676348245908,70.906460651281,4.4,1.0,120.86129066440606
United Kingdom,Mortalidad_Baja,38744.131693043,84.0,3144.00201324492,80.0512195121951,0.676006358462864,71.8187993042364,4.6,1.0,106.2398280802291
United Kingdom,Mortalidad_Baja,47396.1202078484,86.0,3370.1581117517,79.6,0.674385040160643,69.82046937751,4.8,1.0,103.5320554573368
United Kingdom,Mortalidad_Baja,50397.6854954706,86.0,3443.58715993443,79.4487804878049,0.562462248411763,69.6988353898036,4.9,1.0,123.91735727440151
United Kingdom,Mortalidad_Baja,44512.4590296865,86.0,3601.05090812166,79.2487804878049,0.570705375812309,69.3722580531209,5.0,1.0,121.55529103678137
United Kingdom,Mortalidad_Baja,42104.7884375024,87.0,3689.55051742336,79.0487804878049,0.544843999888472,69.2621764162119,5.1,1.0,127.122949744128
United Kingdom,Mortalidad_Baja,40366.8886650968,87.0,3697.50381825103,78.7463414634146,0.728468960115285,68.9567885973249,5.2,1.0,94.65988583290088
United Kingdom,Mortalidad_Baja,34442.6875402308,83.0,3764.06191688174,78.4463414634146,0.850489615634641,68.3399637933967,5.3,1.0,80.35367221080175
United Kingdom,Mortalidad_Baja,30077.741432188,87.0,3716.62337347063,78.1439024390244,0.892198425601311,67.8038909251754,5.4,1.0,75.99642521166511
United Kingdom,Mortalidad_Baja,27906.5695029641,86.0,3785.6601241847,77.9926829268293,0.759683632381875,67.4903043707766,5.5,1.0,88.84001378201448
United Kingdom,Mortalidad_Baja,28280.926786099,87.0,3786.40281086309,77.7414634146342,0.819803189092548,66.2699681672166,5.5,1.0,80.83643617021274
United Kingdom,Mortalidad_Baja,23168.9529580171,90.0,3729.55293237334,76.8365853658537,1.21770979462226,65.1069149904032,6.1,1.0,53.46669237443369
United States,Mortalidad_Baja,77860.9112908848,75.7,6505.61617919156,77.4341463414634,1.11508129786976,78.6890537058771,5.5,1.0,70.56799702066914
United States,Mortalidad_Baja,71307.4017277218,76.8,6440.75784032313,76.3292682926829,0.965412563424334,79.4921585592199,5.5,1.0,82.34009124271175
United States,Mortalidad_Baja,64401.5074354212,77.2,6137.43509213749,76.9804878048781,0.762827568750833,80.0110564221727,5.5,1.0,104.88747352589088
United States,Mortalidad_Baja,65227.9565911038,77.4,6697.77481562378,78.7878048780488,0.762368325098879,79.1576148949428,5.5,1.0,103.8311958785487
United States,Mortalidad_Baja,62875.6661382728,71.9,6735.93071855022,78.6390243902439,0.857438882723495,78.6046882252554,5.6,1.0,91.67380883822558
United States,Mortalidad_Baja,60047.7190728307,78.1,6588.8639760222,78.5390243902439,0.901688151530111,78.8857155648079,5.6,1.0,87.4866941868356
United States,Mortalidad_Baja,57976.628204291,74.0,6661.82291581181,78.5390243902439,0.890682131845013,79.2041101173933,5.7,1.0,88.92522627946414
United States,Mortalidad_Baja,56849.4697923159,73.0,6787.32222021056,78.690243902439,0.995609788653403,78.4924683598306,5.8,1.0,78.83858641646583
United States,Mortalidad_Baja,55153.3940182967,72.0,6915.02167815161,78.8414634146341,1.13913805082627,77.4972913092798,5.8,1.0,68.03151843893494
United States,Mortalidad_Baja,53297.3862901595,71.0,6887.79285595109,78.7414634146342,1.27866271761634,77.386057187378,5.9,1.0,60.52108669566881
United States,Mortalidad_Baja,51708.3940614082,71.0,6819.93815799921,78.7414634146342,1.1040810337413,77.5715286788397,6.0,1.0,70.25890881938261
United States,Mortalidad_Baja,50024.8812320773,75.0,7009.11942905138,78.6414634146341,1.15314160525322,77.2548336086799,6.1,1.0,66.99509692195643
United States,Mortalidad_Baja,48642.6312088213,73.0,7162.02856711865,78.5414634146342,0.968458242095091,77.5834972371201,6.2,1.0,80.11031747665412
United States,Mortalidad_Baja,47194.9500893872,72.0,7053.35846690965,78.390243902439,0.893144091680195,77.5512159185339,6.4,1.0,86.8294563452169
United States,Mortalidad_Baja,48570.0594269601,73.0,7484.83268900712,78.0390243902439,0.992202906161209,75.8974863813893,6.5,1.0,76.49391662743002
United States,Mortalidad_Baja,48050.227412195,76.0,7756.0141894981,77.9878048780488,1.01049948916101,75.2362820317602,6.6,1.0,74.45454731919442
United States,Mortalidad_Baja,46301.9876485519,75.0,7694.40657948116,77.6878048780488,0.92027241991887,75.0825499003553,6.7,1.0,81.58730857866466
United States,Mortalidad_Baja,44123.3996470026,75.0,7843.3910574627,77.4878048780488,0.998458724107014,75.3959848907874,6.8,1.0,75.51237028673258
United States,Mortalidad_Baja,41724.6411982614,77.0,7878.53717143427,77.4878048780488,1.18283278749068,75.4469437995429,6.8,1.0,63.78496149028788
United States,Mortalidad_Baja,39490.3023903176,76.0,7791.30391526846,77.0365853658537,1.00609700212544,75.811145686491,6.9,1.0,75.35172605259277
United States,Mortalidad_Baja,37997.7424300242,78.0,7840.46095949898,76.9365853658537,0.884491213738578,75.9051699370159,7.0,1.0,85.81789028313693
United States,Mortalidad_Baja,37133.6203973517,75.0,7824.24393877407,76.8365853658537,0.952236591268,75.1331066386856,7.0,1.0,78.90172182801568
United States,Mortalidad_Baja,36329.9702595751,75.0,8055.14548852416,76.6365853658537,0.96497378975143,73.8536381791662,7.1,1.0,76.53434628332272
United States,Mortalidad_Baja,28690.8757013347,90.0,7760.89035266192,75.6219512195122,2.226165504035312,46.27823704300498,7.9,1.0,20.91106031834358
Uruguay,Mortalidad_Baja,20818.6146091144,75.2,1626.06034935571,76.468,6.91840277577074,63.767241941677,5.6,1.0,9.217046767644003
Uruguay,Mortalidad_Baja,17881.818721099,75.7,1644.69693874435,75.434,7.73426774499001,63.3790070063297,5.8,1.0,8.194571108219575
Uruguay,Mortalidad_Baja,15757.5355995779,73.5,1531.60055590501,78.381,7.20670291373453,64.6189887676901,6.0,1.0,8.966512084817493
Uruguay,Mortalidad_Baja,18315.7316980028,69.2,1540.78251179675,77.503,6.50279559696965,64.883275928797,6.2,1.0,9.977751101239148
Uruguay,Mortalidad_Baja,19249.9404677501,71.6,1560.97897875852,77.527,5.823866393323,64.7307517847279,6.5,1.0,11.114738459477884
Uruguay,Mortalidad_Baja,19184.6502617082,70.3,1512.8381875657,77.618,5.40639904878287,65.35917582282,6.8,1.0,12.089225237181516
Uruguay,Mortalidad_Baja,17009.7584207276,73.0,1550.98299580242,77.351,6.67871966293107,63.5189622671981,7.2,1.0,9.510649566525109
Uruguay,Mortalidad_Baja,17125.9016800298,73.0,1491.04897158511,77.285,6.13144194290358,59.3254707453324,7.5,1.0,9.675614855000727
Uruguay,Mortalidad_Baja,18322.4276767157,70.6,1397.55777562001,77.194,6.73546217242537,59.0956557074816,7.9,1.0,8.773808566458309
Uruguay,Mortalidad_Baja,18335.2594772322,70.0,1378.79092656473,76.953,7.61620062705491,59.1028562755059,8.2,1.0,7.760149603406684
Uruguay,Mortalidad_Baja,16259.5940814256,69.0,1407.51757319789,76.691,8.12177248512393,59.3390519472429,8.5,1.0,7.306170180946339
Uruguay,Mortalidad_Baja,15132.2675725587,67.0,1327.77878788273,76.614,8.82916199856249,58.2909901542234,8.8,1.0,6.602097703464268
Uruguay,Mortalidad_Baja,12641.0576849008,69.0,1226.9840852731,76.691,7.20206450749149,58.2442690748379,9.2,1.0,8.08716292588785
Uruguay,Mortalidad_Baja,9881.39573127081,67.0,1254.7362886566,76.67,7.88699609562802,58.374156373453,9.7,1.0,7.401316758076171
Uruguay,Mortalidad_Baja,9423.96562595893,64.0,1274.16949472415,76.275,9.16892403649034,57.6398268194825,10.2,1.0,6.286433019849267
Uruguay,Mortalidad_Baja,7222.05403645877,59.0,985.905732498087,76.15,8.49936418864264,56.8756501677862,10.9,1.0,6.691753513020051
Uruguay,Mortalidad_Baja,6001.33294783172,62.0,990.488024294237,75.888,8.91384522998833,56.7931196789588,11.6,1.0,6.371337869754909
Uruguay,Mortalidad_Baja,5284.25677987129,55.0,916.698612830821,75.829,8.74583674336276,56.7126964200122,12.4,1.0,6.4845363667520575
Uruguay,Mortalidad_Baja,4168.66065438387,51.0,884.970363414793,75.319,10.9967908719866,56.273519277708,13.1,1.0,5.11726738580253
Uruguay,Mortalidad_Media,3671.12329256883,51.0,774.971327216851,75.086,9.63878300629108,59.0093214071737,13.6,1.0,6.122071776972182
Uruguay,Mortalidad_Media,4149.76140312687,44.0,772.008348325172,74.979,7.52965904535852,63.9198443320638,14.0,1.0,8.489075527459066
Uruguay,Mortalidad_Media,6382.76104740859,44.0,831.884484463778,74.987,5.5867032330245,65.9101028907415,14.3,1.0,11.797673894888351
Uruguay,Mortalidad_Media,6987.70098766257,43.0,948.595701266831,74.693,5.99419379958816,65.3222562241522,14.7,1.0,10.897588300972227
Uruguay,Mortalidad_Media,6050.48632253644,50.0,805.45638430458,73.493,8.61611136382544,65.5281827389675,18.5,1.0,7.60530823848055
Zambia,Mortalidad_Alta,1447.12310138035,30.8,800.674873527651,65.279,3.09401583407622,55.5345677860761,32.2,1.0,17.94902507428733
Zambia,Mortalidad_Alta,1127.16077872857,30.5,769.932818962888,62.363,3.00091831533747,50.9368691958614,33.4,0.0,16.973760643709245
Zambia,Mortalidad_Alta,951.644316655957,28.4,759.022718469978,63.361,2.97263384548847,53.6857479089843,34.5,0.0,18.059993493804324
Zambia,Mortalidad_Alta,1258.98619844462,32.3,741.616894830948,62.914,2.86077493680796,54.6037591025552,35.7,0.0,19.087051693581262
Zambia,Mortalidad_Alta,1463.89997855593,36.3,726.480224274828,62.138,3.34112399209449,54.2445428614432,37.5,0.0,16.23541747920534
Zambia,Mortalidad_Alta,1483.46577328065,35.0,702.724841881756,61.564,4.0242711937365,52.0938849633709,38.8,0.0,12.944924050956462
Zambia,Mortalidad_Alta,1239.08527877713,38.0,683.714230135287,61.129,6.22847198956029,54.1825064091292,40.9,0.0,8.699165140333932
Zambia,Mortalidad_Alta,1295.87788680068,38.0,686.58901801905,60.728,4.98083656431146,56.2204142195756,42.5,1.0,11.28734370093659
Zambia,Mortalidad_Alta,1707.48573136694,31.3,682.741627698753,60.109,6.77959785217865,53.5124177356887,43.3,0.0,7.8931551549908345
Zambia,Mortalidad_Alta,1820.71854827391,32.0,671.712530708792,59.445,8.22652318427817,53.1376428491188,44.7,0.0,6.459307493434277
Zambia,Mortalidad_Alta,1710.05061343728,30.0,662.330990673445,58.704,9.32163953570601,53.193632268128,46.4,0.0,5.706467415348214
Zambia,Mortalidad_Alta,1624.86817763443,30.0,646.079173071802,57.843,9.64805782176724,50.3856175027169,47.6,0.0,5.222358575530151
Zambia,Mortalidad_Alta,1451.10616017155,28.0,629.082900793812,56.896,9.42094610981773,52.8064557009767,49.0,1.0,5.605217892706782
Zambia,Mortalidad_Alta,1136.24168316848,26.0,619.989950482658,55.886,11.5527836333973,51.5546034007674,50.7,0.0,4.462526524926084
Zambia,Mortalidad_Alta,1375.50211006997,26.0,616.785241364652,54.835,11.4539997547605,49.0298347278234,52.9,0.0,4.280586325964052
Zambia,Mortalidad_Alta,1118.73162626953,26.0,597.399634418715,53.73,12.1055962375597,47.4546801554357,55.4,0.0,3.9200613686585197
Zambia,Mortalidad_Alta,1051.71714895686,26.0,604.442195262904,52.693,13.2062710587766,47.5154757432367,57.5,1.0,3.597947939411629
Zambia,Mortalidad_Alta,710.982068171696,25.0,607.942409416347,51.615,14.5885513717285,48.9576146258726,61.2,0.0,3.355892807886925
Zambia,Mortalidad_Alta,548.685974566277,26.0,611.62904243083,50.54,15.5809428822284,48.8099285446496,66.7,1.0,3.1326684728638683
Zambia,Mortalidad_Alta,446.290104839041,26.0,611.086621828071,49.616,15.6170996158156,49.7205872731509,72.9,0.0,3.183727356313866
Zambia,Mortalidad_Alta,393.864625518616,34.0,603.817790407024,48.461,15.361429938368,49.7243429106408,78.8,1.0,3.236960563576513
Zambia,Mortalidad_Alta,396.548952993504,35.0,596.349927915799,47.408,15.5274822358648,49.0993517149354,84.6,0.0,3.162093568622964
Zambia,Mortalidad_Alta,359.429500988221,35.0,595.567896345718,46.577,16.1497734560385,48.9595335232782,89.4,0.0,3.03159258899523
Zambia,Mortalidad_Alta,433.312782642118,30.0,663.32497167535,46.051,14.089372097349,39.6525085504343,98.6,0.0,2.814355975302487
Zimbabwe,Mortalidad_Alta,2040.54658705395,20.6,416.586875381392,62.36,7.17054974526245,41.5471272498579,42.2,0.0,5.794134163466044
Zimbabwe,Mortalidad_Alta,1724.38727102272,21.3,405.518563648677,60.135,8.84989914381255,56.6398693749276,43.6,0.0,6.400058176315787
Zimbabwe,Mortalidad_Alta,1730.45391034701,18.9,373.557246170741,61.53,8.77285916372727,52.8925760309362,44.9,0.0,6.029114914967364
Zimbabwe,Mortalidad_Alta,1683.91313584141,15.8,412.165419523265,61.06,9.81926039158463,52.6772924585667,46.0,1.0,5.36469045099492
Zimbabwe,Mortalidad_Alta,2271.85250365817,18.9,445.175095167118,60.906,7.31937822218901,55.9847913270951,47.4,0.0,7.648845247178893
Zimbabwe,Mortalidad_Alta,3448.08699068824,14.7,416.196232814442,60.263,7.24773229606579,54.9437594130352,49.2,1.0,7.580820754494443
Zimbabwe,Mortalidad_Alta,1407.42096413212,21.0,423.185508873165,59.76,7.87395512650133,60.4096659264749,50.8,0.0,7.672086639553533
Zimbabwe,Mortalidad_Alta,1386.41855927575,21.0,453.579542968744,58.989,8.28427323427244,58.6512464523118,52.8,0.0,7.079830033812592
Zimbabwe,Mortalidad_Alta,1372.21474610373,19.3,460.332017093667,58.106,8.74529232048121,57.5909768080691,54.3,0.0,6.58536898454415
Zimbabwe,Mortalidad_Alta,1362.29952932396,22.0,462.865283072286,56.842,7.14448592257985,58.3261285236013,57.0,0.0,8.163796409656852
Zimbabwe,Mortalidad_Alta,1238.59479481433,24.0,454.708020211244,55.386,8.04455932958225,55.0855222679308,59.9,0.0,6.847550003810011
Zimbabwe,Mortalidad_Alta,1037.24613741902,22.0,444.80696274803,53.911,8.66593888443343,57.8963018697886,64.7,1.0,6.680903551464845
Zimbabwe,Mortalidad_Alta,901.55051752819,18.0,420.028576465643,51.925,9.60990570472854,57.8323992271688,67.6,0.0,6.017998615606858
Zimbabwe,Mortalidad_Alta,735.446248561806,21.0,417.993358333389,49.75,10.7425260923521,54.9168559200949,70.7,0.0,5.1120989093237315
Zimbabwe,Mortalidad_Alta,340.740210298158,24.0,416.061487434695,48.456,19.0210740632273,48.548369242604,71.7,0.0,2.5523463649437477
Zimbabwe,Mortalidad_Alta,413.302605010004,26.0,472.966456400849,47.576,21.1976885420745,44.4872070883661,71.5,0.0,2.098681986013008
Zimbabwe,Mortalidad_Alta,430.809214010242,23.0,494.383766335302,47.056,19.2301157819587,44.9336573536988,69.5,0.0,2.336629579518946
Zimbabwe,Mortalidad_Alta,461.028318446444,23.0,479.190598403953,46.57,17.14823973915,48.681378586851,66.6,0.0,2.8388557267315195
Zimbabwe,Mortalidad_Alta,469.484691401035,27.0,449.272021527134,46.043,18.0637968344486,49.8331610398682,64.2,0.0,2.7587312621250133
Zimbabwe,Mortalidad_Alta,468.234223473035,29.0,477.200797479578,45.373,14.7933552108235,74.358680728609,61.0,0.0,5.026491939719312
Zimbabwe,Mortalidad_Alta,524.677281078209,30.0,519.581800171555,45.938,12.568367556294,77.0200685689087,58.3,0.0,6.128088490723563
Zimbabwe,Mortalidad_Alta,566.107692145462,41.0,540.270613966905,44.525,15.6270707194768,74.6661215793166,61.1,0.0,4.777998571815284
Zimbabwe,Mortalidad_Alta,562.556945680495,42.0,555.920693046092,46.034,15.6670634205514,70.1253413026115,59.3,0.0,4.475972262333731
Zimbabwe,Mortalidad_Alta,647.975499841761,30.0,896.802808791501,51.144,13.4659688879514,49.2210555280928,57.9,0.0,3.655218271901182
