country,categoria_expectativa_vida,tsne_dim1,tsne_dim2,umap_dim1,umap_dim2,gdp_per_capita_current_us$
Albania,Mortalidad_Baja,-28.134388,39.55715,-5.21156,12.443942,6846.42669381643
Albania,Mortalidad_Baja,-28.009365,39.515953,-5.1809444,12.391805,6413.28280828537
Albania,Mortalidad_Baja,-17.043407,-28.486383,11.533048,13.107293,5370.77749956875
Albania,Mortalidad_Baja,-17.214182,-28.321072,11.547783,13.099106,5460.4305086932
Albania,Mortalidad_Baja,-17.268827,-28.394573,11.576287,13.094645,5365.48880180298
Albania,Mortalidad_Baja,-17.24405,-28.413727,11.537968,13.094621,4614.0479692596
Albania,Mortalidad_Baja,-17.434814,-28.955914,11.544415,13.13431,4168.37544462548
Albania,Mortalidad_Baja,-17.49514,-29.198475,11.525822,13.145358,3981.72662261867
Albania,Mortalidad_Baja,-17.490473,-29.284735,11.557739,13.139538,4602.23051443229
Albania,Mortalidad_Baja,-28.690886,39.648014,-5.19671,12.445463,4420.23461988353
Albania,Mortalidad_Baja,-17.398224,-29.046537,11.550563,13.13474,4222.3470988913
Albania,Mortalidad_Baja,-28.64139,39.724274,-5.244279,12.448286,4465.70914328865
Albania,Mortalidad_Baja,-28.589973,39.752926,-5.2358255,12.4499035,4149.14469936847
Albania,Mortalidad_Baja,-28.881683,39.81619,-5.232906,12.474651,4213.65007574693
Albania,Mortalidad_Baja,-17.717773,-29.856728,11.559706,13.165898,4498.50486763601
Albania,Mortalidad_Baja,-29.341978,39.820503,-5.226191,12.492303,3743.05529896187
Albania,Mortalidad_Baja,-29.39237,39.792805,-5.233026,12.492052,3057.77257038113
Albania,Mortalidad_Baja,-17.645166,-30.130466,11.554896,13.228728,2741.72136549578
Albania,Mortalidad_Baja,-29.715345,39.689667,-5.231578,12.531106,2446.90949947798
Albania,Mortalidad_Baja,-50.032448,31.707224,-5.421535,13.782343,1908.69900687608
Albania,Mortalidad_Baja,-17.57995,-32.046814,11.587204,13.461322,1479.83884572006
Albania,Mortalidad_Media,-30.07461,39.56356,-5.1764927,12.582542,1326.41652388077
Albania,Mortalidad_Media,-50.08617,31.720987,-5.4114537,13.917924,1160.42047054038
Albania,Mortalidad_Media,-51.977604,25.608494,-5.337841,14.257271,911.320465445326
Algeria,Mortalidad_Baja,-21.116116,41.056725,-5.316512,10.690452,4961.55257664733
Algeria,Mortalidad_Baja,-18.481474,38.663452,-5.074994,10.332129,4160.55926736925
Algeria,Mortalidad_Media,-17.488636,37.042034,-4.85853,10.126163,3743.5419522929
Algeria,Mortalidad_Baja,-17.913263,38.13217,-4.9770217,10.216221,4468.45341883656
Algeria,Mortalidad_Baja,-18.201603,38.428036,-5.0472946,10.295374,4577.21029180491
Algeria,Mortalidad_Baja,-17.482847,37.852592,-4.9177065,10.144316,4554.66753957828
Algeria,Mortalidad_Baja,-16.513605,37.243637,-4.8112183,10.0085535,4424.98529027556
Algeria,Mortalidad_Media,-16.523985,37.301384,-4.7985525,10.005071,4685.05902729002
Algeria,Mortalidad_Media,-19.149414,39.418736,-5.2117844,10.442503,6094.69392314956
Algeria,Mortalidad_Media,-19.60464,39.857216,-5.2134986,10.467449,5979.60138960585
Algeria,Mortalidad_Media,-20.061024,40.47347,-5.401153,10.553776,6033.64884689543
Algeria,Mortalidad_Media,-7.376678,-37.00621,11.954843,12.687248,5916.31364364343
Algeria,Mortalidad_Media,-20.276283,40.828217,-5.4544153,10.53207,4912.78585503672
Algeria,Mortalidad_Media,-19.9002,40.14674,-5.332489,10.530947,4235.42990456612
Algeria,Mortalidad_Media,-22.010538,46.11031,-6.00276,10.242873,5180.91881514686
Algeria,Mortalidad_Media,-21.747402,46.209305,-5.998874,10.209579,4167.45169937531
Algeria,Mortalidad_Media,-21.74949,46.420914,-6.0406847,10.193768,3660.66104745322
Algeria,Mortalidad_Media,-21.556282,46.398422,-5.9883084,10.197453,3233.13339634212
Algeria,Mortalidad_Media,-30.153439,34.73149,-4.3186274,11.013292,2816.99384960555
Algeria,Mortalidad_Media,-30.209375,34.531116,-4.3025274,11.024516,2283.77299346126
Algeria,Mortalidad_Media,-30.272804,34.458763,-4.297797,11.024445,1937.46411413019
Algeria,Mortalidad_Media,-30.32611,34.359344,-4.2946653,11.034765,1896.30020878013
Algeria,Mortalidad_Media,-30.141697,46.9866,-6.4335723,10.749355,1772.92869122761
Algeria,Mortalidad_Media,-16.685843,-50.513622,10.131702,13.934227,1466.94806760415
Angola,Mortalidad_Alta,-42.78415,26.476099,-4.4761076,14.030787,2929.69445467272
Angola,Mortalidad_Alta,-42.574593,26.790024,-0.48852256,13.798712,1925.87466082167
Angola,Mortalidad_Alta,-16.24337,3.7571807,-0.44632474,13.775466,1449.92286669308
Angola,Mortalidad_Alta,-16.669077,3.6701417,-0.4411906,13.815879,2189.85571407618
Angola,Mortalidad_Alta,-15.993033,-42.163223,11.061224,14.211969,2538.59139143371
Angola,Mortalidad_Alta,-15.857988,3.5083458,-0.4020479,13.787801,2437.25971190821
Angola,Mortalidad_Alta,-15.772835,3.1959338,-0.3667904,13.814364,1807.95294072643
Angola,Mortalidad_Alta,-15.340878,2.8835998,-0.20556101,13.769916,3213.90261080059
Angola,Mortalidad_Alta,-15.882563,2.8120964,-0.3159204,13.836722,5005.9997412707
Angola,Mortalidad_Alta,-16.734375,2.0815074,-0.3642707,13.901928,5057.74787833163
Angola,Mortalidad_Alta,-17.031391,1.6608479,-0.32846957,13.960509,5086.02740086376
Angola,Mortalidad_Alta,-17.098602,1.5054083,-0.31381276,14.064374,4615.91059831778
Angola,Mortalidad_Alta,-17.1079,1.340206,-0.26119876,14.0927305,3597.34293216332
Angola,Mortalidad_Alta,-15.942218,-1.8113004,0.21087834,14.290026,3136.64546955947
Angola,Mortalidad_Alta,-31.254435,-57.60352,8.892258,14.774391,4103.0669003635
Angola,Mortalidad_Alta,-23.918724,-12.082562,0.05764858,16.273287,3141.0459797605
Angola,Mortalidad_Alta,-23.683784,-12.172715,0.04883726,16.276781,2617.05196022633
Angola,Mortalidad_Alta,-23.480764,-12.41282,0.06831656,16.327204,1916.46842218625
Angola,Mortalidad_Alta,-23.110178,-12.47789,0.04516724,16.319075,1266.21086410236
Angola,Mortalidad_Alta,-22.97291,-12.57565,0.0837645,16.291286,992.698979254665
Angola,Mortalidad_Alta,-23.048737,-12.873272,0.04896284,16.359438,882.147847234303
Angola,Mortalidad_Alta,-23.826273,-13.749916,0.0332802,16.391014,533.586202412447
Angola,Mortalidad_Alta,-23.95158,-15.611689,0.14254309,16.374432,563.733795571487
Angola,Mortalidad_Alta,-23.277523,-13.504716,0.04025903,16.368645,404.29481849612
Argentina,Mortalidad_Baja,10.754005,-23.582012,12.571072,10.121721,13935.6811110049
Argentina,Mortalidad_Media,18.240997,-12.718859,12.589518,9.854862,10738.0179223384
Argentina,Mortalidad_Baja,16.403402,-32.941566,12.332114,9.928851,8535.59938004389
Argentina,Mortalidad_Baja,11.300572,-27.27345,12.537482,10.622262,9955.97478680428
Argentina,Mortalidad_Baja,11.383712,-27.142284,12.553913,10.595716,11752.7998922979
Argentina,Mortalidad_Baja,15.358391,-25.762125,12.612776,10.037274,14532.5009308511
Argentina,Mortalidad_Baja,11.5830345,-27.66585,12.542956,10.523886,12699.9623137756
Argentina,Mortalidad_Baja,-3.827725,42.61119,-4.753894,7.9517627,13679.6264980954
Argentina,Mortalidad_Baja,5.80542,-27.57238,12.553251,11.287675,12233.1444119186
Argentina,Mortalidad_Baja,6.3070583,-27.542612,12.575263,11.206246,12963.675773326
Argentina,Mortalidad_Baja,6.1600156,-27.579424,12.556023,11.2286215,12949.717486654
Argentina,Mortalidad_Baja,5.19582,-27.516592,12.564709,11.462792,12704.2831819684
Argentina,Mortalidad_Baja,4.9096394,-27.510502,12.507121,11.496697,10260.1313108254
Argentina,Mortalidad_Baja,6.0871744,-27.511282,12.515954,11.272273,8150.23527028221
Argentina,Mortalidad_Baja,4.0883694,-27.36067,12.512151,11.640104,8944.1102657357
Argentina,Mortalidad_Media,3.4654222,-27.263643,12.509839,11.743021,7185.25155147027
Argentina,Mortalidad_Baja,3.218425,-27.393255,12.500921,11.847705,5869.38028970204
Argentina,Mortalidad_Baja,3.0873654,-27.436504,12.473655,11.893676,5067.65342293276
Argentina,Mortalidad_Media,2.935679,-27.210407,12.481673,11.890075,4242.02099089422
Argentina,Mortalidad_Media,6.246636,-32.77285,12.092277,11.308761,3320.47775133903
Argentina,Mortalidad_Media,6.491502,-34.363194,12.008383,11.199145,2569.69963519124
Argentina,Mortalidad_Media,21.851492,-48.696167,9.920631,9.827255,7141.47507662826
Argentina,Mortalidad_Media,21.612719,-48.82245,9.915028,9.850462,7637.01489203628
Argentina,Mortalidad_Media,23.997385,-41.375652,10.364584,9.412764,7357.6162773788
Armenia,Mortalidad_Media,17.720684,-35.009937,11.677234,9.784656,6571.97445545099
Armenia,Mortalidad_Media,12.912814,-33.497444,12.049176,10.626269,4685.17997128509
Armenia,Mortalidad_Media,12.865007,-33.388023,12.044132,10.609047,4268.68093304583
Armenia,Mortalidad_Baja,11.829454,-32.5868,12.040438,10.652482,4597.22887399548
Armenia,Mortalidad_Baja,11.451059,-33.522274,12.012119,10.75338,4196.00562301769
Armenia,Mortalidad_Baja,11.36233,-33.77214,11.988547,10.820985,3869.05373867752
Armenia,Mortalidad_Media,-15.380364,-29.0442,11.994768,11.282931,3524.42476874707
Armenia,Mortalidad_Media,-15.577093,-29.128296,11.564335,12.988433,3512.39350276709
Armenia,Mortalidad_Media,-16.280758,-30.468779,11.462888,13.202526,3852.11800610384
Armenia,Mortalidad_Media,-16.427956,-30.527044,11.499572,13.205589,3680.16692158886
Armenia,Mortalidad_Media,-16.374048,-30.600443,11.5008135,13.224658,3511.56399687426
Armenia,Mortalidad_Media,-0.77035147,-38.883915,11.839692,11.876259,3349.55309771906
Armenia,Mortalidad_Media,-1.5029224,-39.111107,11.786048,11.996887,3041.34450723339
Armenia,Mortalidad_Media,5.4244947,-46.64807,10.412182,10.912229,2820.5926553347
Armenia,Mortalidad_Media,5.568885,-46.748234,10.343065,10.875788,3777.66859313767
Armenia,Mortalidad_Media,-1.5070155,-39.10298,11.7271385,12.037911,2962.70234594569
Armenia,Mortalidad_Media,2.7419984,-47.455738,10.568713,11.833587,2041.65267068997
Armenia,Mortalidad_Media,-12.631276,-47.31914,10.687832,13.740548,1557.48458908655
Armenia,Mortalidad_Media,-9.736274,-44.44247,11.319714,13.264647,1130.08791444158
Armenia,Mortalidad_Media,-21.604464,-44.566418,10.536153,14.419843,882.030167695474
Armenia,Mortalidad_Media,-21.416954,-44.3943,10.585951,14.367892,742.651118319819
Armenia,Mortalidad_Media,-24.37559,-45.205776,10.082786,14.958713,659.588988535629
Armenia,Mortalidad_Media,-33.449303,18.008041,-3.2965686,13.835369,593.450581742282
Armenia,Mortalidad_Media,-51.02445,23.322138,-5.0922523,14.751675,443.924860857976
Australia,Mortalidad_Baja,20.6852,55.077568,-1.1080905,1.7037537,64997.0136536475
Australia,Mortalidad_Baja,20.744366,55.05135,-1.0917798,1.7193906,60607.7788605166
Australia,Mortalidad_Baja,20.943007,54.8729,-1.098335,1.7163717,51791.540179984
Australia,Mortalidad_Baja,20.885359,52.891758,-1.1314144,1.7154732,54972.7017885437
Australia,Mortalidad_Baja,54.974384,8.791968,10.468543,-0.6526158,57196.4220783778
Australia,Mortalidad_Baja,20.727205,52.28339,-1.1598152,1.7780834,53901.7145392154
Australia,Mortalidad_Baja,55.064095,8.76585,10.55147,-0.63130295,49888.0410842736
Australia,Mortalidad_Baja,20.846676,52.939175,-1.1354359,1.696828,56739.0265346593
Australia,Mortalidad_Baja,56.884727,10.894126,10.283836,-0.8068633,62544.0873773726
Australia,Mortalidad_Baja,20.996384,54.423798,-1.1026556,1.6954033,68190.7010035651
Australia,Mortalidad_Baja,20.907608,54.25652,-1.1266924,1.7021422,68072.8732340801
Australia,Mortalidad_Baja,21.06394,54.08149,-1.1045364,1.7127742,62605.600458306
Australia,Mortalidad_Baja,56.415104,11.271867,10.296232,-0.7920846,52144.6654705468
Australia,Mortalidad_Baja,21.094471,53.853733,-1.1104016,1.7220119,42816.5674002829
Australia,Mortalidad_Baja,56.26031,11.872148,10.272866,-0.8012738,49701.2817843335
Australia,Mortalidad_Baja,21.146654,54.052387,-1.0731367,1.6862074,41051.6120652288
Australia,Mortalidad_Baja,20.769,54.056355,-1.128496,1.7190326,36595.7071548423
Australia,Mortalidad_Baja,20.506111,54.15965,-1.1050042,1.7018298,34479.7679298388
Australia,Mortalidad_Baja,56.001225,11.692032,10.281215,-0.7905984,30836.7306824685
Australia,Mortalidad_Baja,55.929935,11.616387,10.299645,-0.75980055,23718.1338501868
Australia,Mortalidad_Baja,20.302834,53.619972,-1.115406,1.7403042,20301.8431713256
Australia,Mortalidad_Baja,55.86978,11.742074,10.322226,-0.78262645,19695.7297379144
Australia,Mortalidad_Baja,20.11581,53.973255,-1.1296515,1.7595816,21870.4159669594
Australia,Mortalidad_Baja,35.840076,-10.367179,13.272088,5.5966053,20448.1219685874
Austria,Mortalidad_Baja,44.146393,-2.1902516,13.248901,4.0494733,52176.6649141178
Austria,Mortalidad_Baja,43.735622,-1.9931871,13.216986,4.077904,53648.7190742245
Austria,Mortalidad_Baja,44.10092,-2.3109121,13.286175,4.003598,48716.4098900349
Austria,Mortalidad_Baja,41.90056,-4.674036,13.121816,4.32343,49885.9947355204
Austria,Mortalidad_Baja,41.189392,-5.5447245,13.137963,4.3732944,51194.0749841299
Austria,Mortalidad_Baja,41.27543,-5.0367193,13.128348,4.345215,47163.7425775142
Austria,Mortalidad_Baja,40.868614,-5.7736278,13.115671,4.412362,45061.4993920192
Austria,Mortalidad_Baja,40.613632,-6.162372,13.155357,4.4703484,43915.228020857
Austria,Mortalidad_Baja,41.259274,-4.954076,13.113995,4.3722916,51314.9722616322
Austria,Mortalidad_Baja,41.6115,-4.0240483,13.082961,4.3541384,50305.3545774973
Austria,Mortalidad_Baja,41.62397,-3.5945458,13.11963,4.284611,48250.4059142637
Austria,Mortalidad_Baja,41.66601,-3.6106167,13.133072,4.286136,51116.8953522042
Austria,Mortalidad_Baja,42.249893,-2.7910185,13.14354,4.2435455,46611.1393420232
Austria,Mortalidad_Baja,42.444374,-2.8545978,13.146783,4.231335,47857.4446635266
Austria,Mortalidad_Baja,42.9104,-1.2355983,13.122912,4.1184983,51581.3982361071
Austria,Mortalidad_Baja,42.929585,-1.052206,13.1301985,4.1511126,46622.9622913635
Austria,Mortalidad_Baja,42.53556,-1.5273231,13.114805,4.1636295,40382.2078298575
Austria,Mortalidad_Baja,40.885048,-2.7911618,13.099057,4.4451714,38157.37022862
Austria,Mortalidad_Baja,40.32265,-3.121594,13.081914,4.6405387,36614.2506533707
Austria,Mortalidad_Baja,40.2201,-3.0897486,13.068883,4.7383175,32110.1159661425
Austria,Mortalidad_Baja,11.024307,49.823166,-2.0104449,2.342463,26334.862215032
Austria,Mortalidad_Baja,10.912742,49.772617,-2.0566783,2.2887003,24430.495982841
Austria,Mortalidad_Baja,36.332954,-5.7601714,12.968464,5.077478,24487.2974685956
Austria,Mortalidad_Baja,46.689487,1.9728997,13.140003,2.997472,30207.0674314652
Azerbaijan,Mortalidad_Media,-24.743708,49.599514,-6.5737886,10.261689,7770.594223351
Azerbaijan,Mortalidad_Media,-24.547775,46.045616,-6.1386037,10.411908,5408.04535175023
Azerbaijan,Mortalidad_Media,-23.615437,43.785854,-5.6174817,10.607335,4229.91064904503
Azerbaijan,Mortalidad_Media,-24.434832,46.187675,-6.1569285,10.388719,4805.75371765917
Azerbaijan,Mortalidad_Media,-24.380482,46.507034,-6.1760707,10.385285,4739.7943123408
Azerbaijan,Mortalidad_Media,-23.82906,46.24555,-6.1502337,10.3713875,4147.1981423222
Azerbaijan,Mortalidad_Media,-22.367468,46.380234,-6.087289,10.255536,3880.6852276838
Azerbaijan,Mortalidad_Media,-22.07769,46.192818,-6.006347,10.243608,5500.50364628486
Azerbaijan,Mortalidad_Media,-25.603043,49.80588,-6.556566,10.2716875,7890.84028062087
Azerbaijan,Mortalidad_Media,-26.059288,50.261787,-6.6521373,10.298491,7875.34536661549
Azerbaijan,Mortalidad_Media,-26.327183,50.664402,-6.7614007,10.292816,7495.86527658099
Azerbaijan,Mortalidad_Media,-26.621885,51.089348,-6.824633,10.300166,7189.81869211976
Azerbaijan,Mortalidad_Media,-26.756021,51.122986,-6.852704,10.310798,5843.5337683582
Azerbaijan,Mortalidad_Media,-26.782085,50.478626,-6.7873864,10.356005,4950.39949009423
Azerbaijan,Mortalidad_Media,-27.364265,51.99024,-6.9251165,10.320387,5574.46810432575
Azerbaijan,Mortalidad_Media,-27.62542,52.414783,-6.979401,10.331325,3851.33015175141
Azerbaijan,Mortalidad_Media,-27.664667,52.306934,-6.9688015,10.3340225,2472.95725732287
Azerbaijan,Mortalidad_Media,-19.375446,-38.5525,11.338051,14.42645,1578.36733030667
Azerbaijan,Mortalidad_Media,-19.318535,-39.007122,11.352448,14.437305,1045.0136328106
Azerbaijan,Mortalidad_Media,-19.386518,-39.193474,11.3178835,14.438914,883.692580745256
Azerbaijan,Mortalidad_Alta,-19.51384,-39.477283,11.304428,14.454162,763.108895463487
Azerbaijan,Mortalidad_Alta,-19.591398,-39.65873,11.2787895,14.484493,703.670998584686
Azerbaijan,Mortalidad_Alta,-44.314888,23.92802,-4.3481297,14.239001,655.097249579917
Azerbaijan,Mortalidad_Alta,-27.98246,-52.12858,9.115271,15.06953,314.55801908334
Bahrain,Mortalidad_Baja,40.445587,41.894238,-2.419894,-2.269043,30470.5219276023
Bahrain,Mortalidad_Baja,39.529903,40.26093,-2.2538059,-2.3330612,27147.8083882286
Bahrain,Mortalidad_Baja,41.0962,40.431103,-2.4086514,-2.3010006,24342.8444554718
Bahrain,Mortalidad_Baja,40.9577,40.35516,-2.3991625,-2.3164775,27259.7438599327
Bahrain,Mortalidad_Baja,41.45089,40.52326,-2.4227316,-2.2763333,26324.4066549559
Bahrain,Mortalidad_Baja,41.488033,40.107307,-2.4159684,-2.2757607,24784.7693514607
Bahrain,Mortalidad_Baja,41.914833,40.610416,-2.4525192,-2.2477903,23800.001440631
Bahrain,Mortalidad_Baja,41.716965,40.61427,-2.447066,-2.2624002,23734.0551143019
Bahrain,Mortalidad_Baja,40.892857,41.138077,-2.404765,-2.2947266,26451.7965647453
Bahrain,Mortalidad_Baja,40.32046,40.89299,-2.3603232,-2.3255322,26989.7601148469
Bahrain,Mortalidad_Baja,40.770382,41.281883,-2.405255,-2.2883842,26438.6733230428
Bahrain,Mortalidad_Baja,40.312866,41.23146,-2.385808,-2.3219771,25032.7867743333
Bahrain,Mortalidad_Baja,40.672245,40.57719,-2.3662636,-2.3478806,21819.3291098099
Bahrain,Mortalidad_Baja,41.141426,41.067944,-2.3980706,-2.2999175,19465.3140745038
Bahrain,Mortalidad_Baja,39.735325,40.74939,-2.2994766,-2.3683453,23299.4992780392
Bahrain,Mortalidad_Baja,39.888847,40.2777,-2.2800908,-2.395201,20908.4042548073
Bahrain,Mortalidad_Baja,39.961544,40.167652,-2.331998,-2.3900273,19267.282615072
Bahrain,Mortalidad_Baja,37.5007,38.544506,-1.8902786,-2.3275776,17966.1657837625
Bahrain,Mortalidad_Baja,36.572254,37.72798,-1.9060439,-2.31864,15963.9493171617
Bahrain,Mortalidad_Baja,36.733475,37.741695,-1.9035307,-2.3501763,14486.0269029822
Bahrain,Mortalidad_Baja,37.31809,38.634678,-1.8587306,-2.3446534,13501.4708801425
Bahrain,Mortalidad_Media,37.48775,38.847084,-1.855294,-2.3035138,13573.2339887597
Bahrain,Mortalidad_Media,37.288116,38.226917,-1.8651521,-2.3781323,14214.4836839343
Bahrain,Mortalidad_Media,36.53622,37.535023,-1.9099733,-2.3621678,11900.9317778335
Bangladesh,Mortalidad_Media,-7.603375,-39.43937,11.774139,12.771065,2716.48592780431
Bangladesh,Mortalidad_Media,-18.314283,27.989798,-3.8905704,11.849163,2482.84917843357
Bangladesh,Mortalidad_Media,-18.353823,27.867111,-3.8557312,11.8743515,2248.85078828233
Bangladesh,Mortalidad_Media,-18.316296,27.797543,-3.8371007,11.878338,2129.79896954606
Bangladesh,Mortalidad_Media,-18.44888,27.313665,-3.7909148,11.95231,1965.24372731467
Bangladesh,Mortalidad_Media,-18.528816,26.842453,-3.7262127,11.999198,1811.08221668646
Bangladesh,Mortalidad_Media,-8.26169,-45.074318,10.865148,13.217866,1649.28380858601
Bangladesh,Mortalidad_Media,-19.858368,24.802168,-3.511088,12.14013,1224.38647668165
Bangladesh,Mortalidad_Media,-19.755634,24.577072,-3.4532285,12.161249,1094.46199702838
Bangladesh,Mortalidad_Media,-19.993425,24.185364,-3.3988419,12.154991,958.262989798283
Bangladesh,Mortalidad_Media,-19.988699,23.995075,-3.4215577,12.212227,859.680536375497
Bangladesh,Mortalidad_Media,-20.13755,23.735643,-3.3175244,12.245377,837.336944695647
Bangladesh,Mortalidad_Media,-9.025801,-49.25533,10.527918,13.5014,757.385280361508
Bangladesh,Mortalidad_Media,-21.584106,16.85726,-1.9878991,13.624103,679.211477428056
Bangladesh,Mortalidad_Media,-21.671606,16.54179,-1.8967017,13.73485,613.06204104124
Bangladesh,Mortalidad_Alta,-22.46863,9.30163,-1.815601,13.816272,537.955492792911
Bangladesh,Mortalidad_Alta,-22.75921,8.951067,-1.700618,13.888208,490.388026533289
Bangladesh,Mortalidad_Alta,-18.790876,-55.32284,9.667043,14.0886135,480.08585075452
Bangladesh,Mortalidad_Alta,-23.993065,7.977137,-1.6848596,13.963816,455.614016909798
Bangladesh,Mortalidad_Alta,-24.5602,7.4857283,-1.67236,13.978503,426.74880754362
Bangladesh,Mortalidad_Alta,-25.565922,5.926606,-1.5539584,14.320638,393.886422327628
Bangladesh,Mortalidad_Alta,-25.74102,5.693865,-1.5548394,14.48157,394.65641001891
Bangladesh,Mortalidad_Alta,-22.422726,-55.75938,9.345661,14.276315,396.670730249751
Bangladesh,Mortalidad_Alta,-29.346014,-53.40195,8.966596,14.949656,309.458680823367
Barbados,Mortalidad_Baja,17.282421,43.032818,-2.5844266,3.886722,22164.0260273876
Barbados,Mortalidad_Baja,15.838085,38.795662,-2.964897,4.8632455,18696.7858952957
Barbados,Mortalidad_Baja,12.479293,28.6629,-3.0963852,5.4410076,18347.1109131055
Barbados,Mortalidad_Baja,14.975766,38.537415,-3.121066,5.078082,20583.7265786414
Barbados,Mortalidad_Baja,17.043133,39.892,-2.823274,4.5516953,20055.915870771
Barbados,Mortalidad_Baja,16.347647,37.692547,-2.8506126,5.216887,19692.7606711615
Barbados,Mortalidad_Baja,36.045696,20.22852,3.7675366,-8.464379,19065.8069800213
Barbados,Mortalidad_Baja,16.678612,43.44903,-2.5804598,3.8231785,18954.2913724506
Barbados,Mortalidad_Baja,17.197432,43.49815,-2.5571856,3.8103268,19277.9423599235
Barbados,Mortalidad_Baja,17.19082,43.496292,-2.5887403,3.8393462,19308.0091116993
Barbados,Mortalidad_Baja,17.771805,43.295883,-2.5929368,3.8702428,19034.0708028512
Barbados,Mortalidad_Baja,17.545635,43.241356,-2.6119213,3.8817992,19345.9953139542
Barbados,Mortalidad_Baja,17.10953,43.143013,-2.6122575,3.8815594,18860.3833703309
Barbados,Mortalidad_Baja,14.9501295,43.314342,-2.5076063,3.7072103,16294.9099491834
Barbados,Mortalidad_Baja,18.820923,42.02181,-2.6313345,3.9824834,17565.6929970592
Barbados,Mortalidad_Baja,14.5409975,43.260296,-2.479035,3.67175,17235.4396434785
Barbados,Mortalidad_Media,14.608638,43.49449,-2.5009813,3.6893983,15619.6005955511
Barbados,Mortalidad_Media,14.552455,43.275852,-2.504239,3.669332,14214.4202213572
Barbados,Mortalidad_Media,14.542149,43.272488,-2.5010622,3.694509,12886.3665272467
Barbados,Mortalidad_Media,15.35481,43.315723,-2.4974856,3.6966646,12075.9587020649
Barbados,Mortalidad_Media,15.480956,43.257435,-2.5362692,3.7468464,11760.4524736133
Barbados,Mortalidad_Media,15.136583,43.315193,-2.4976275,3.687408,11639.5160522054
Barbados,Mortalidad_Media,15.654964,43.25734,-2.512853,3.714404,11674.6736471764
Barbados,Mortalidad_Media,16.28502,37.959507,-2.9529228,4.9763703,8460.47380869104
Belarus,Mortalidad_Media,-2.0540519,48.78847,-5.074189,7.122135,7994.64806074889
Belarus,Mortalidad_Media,-2.6363235,48.233593,-5.021538,7.352195,7489.71894713888
Belarus,Mortalidad_Media,4.8894114,-21.2051,13.113832,11.170557,6542.85579976768
Belarus,Mortalidad_Media,4.9368954,-21.05742,13.142801,11.12664,6837.77339645635
Belarus,Mortalidad_Media,5.1734743,-20.52421,13.193768,11.044827,6360.037502312
Belarus,Mortalidad_Media,4.8231344,-21.018225,13.14303,11.092754,5785.54491935194
Belarus,Mortalidad_Media,3.85388,-21.367153,13.093156,11.282898,5039.77560949445
Belarus,Mortalidad_Media,3.5923944,-21.367634,13.078247,11.423574,5967.05595058777
Belarus,Mortalidad_Media,-7.0396776,-25.864359,12.905568,12.4171095,8341.31809294883
Belarus,Mortalidad_Media,-7.0619936,-25.9401,12.88918,12.423671,7998.0802045456
Belarus,Mortalidad_Media,-7.4258327,-26.268303,12.895081,12.509738,6953.21591683101
Belarus,Mortalidad_Media,-7.362575,-26.363125,12.883079,12.520598,6527.6593428786
Belarus,Mortalidad_Media,-7.2621975,-26.532974,12.898082,12.539109,6034.67885177216
Belarus,Mortalidad_Media,-7.474966,-26.593552,12.870202,12.57755,5352.48809190697
Belarus,Mortalidad_Media,-7.958839,-26.855871,12.855351,12.590993,6376.17569162063
Belarus,Mortalidad_Media,-7.929064,-26.882174,12.865784,12.579404,4735.48107556066
Belarus,Mortalidad_Media,-8.924025,-28.139397,12.742542,12.761188,3848.22350300163
Belarus,Mortalidad_Media,-9.847747,-28.92245,12.699814,12.84483,3126.07176665248
Belarus,Mortalidad_Media,-10.006622,-28.863493,12.725498,12.795316,2378.33700470129
Belarus,Mortalidad_Media,-9.643868,-28.963137,12.68212,12.845508,1819.52653114699
Belarus,Mortalidad_Media,-9.613077,-29.080112,12.663711,12.876259,1479.38066337175
Belarus,Mortalidad_Media,-9.232815,-29.076954,12.643293,12.880127,1244.37318523431
Belarus,Mortalidad_Media,-9.915797,-29.69001,12.657975,12.8926,1276.28038121269
Belarus,Mortalidad_Media,-16.731241,-34.481686,12.037143,13.60929,1370.69991385664
Belgium,Mortalidad_Baja,56.172386,-6.5330606,12.601905,1.1715333,50822.2518538518
Belgium,Mortalidad_Baja,56.1271,-6.990835,12.431911,1.1349375,51658.238294958
Belgium,Mortalidad_Baja,56.197006,-6.8939433,12.461566,1.1111739,45906.2875805246
Belgium,Mortalidad_Baja,56.507412,-8.952947,12.291868,1.1477976,46716.6227467964
Belgium,Mortalidad_Baja,56.646397,-9.100477,12.303008,1.1459162,47487.2100392561
Belgium,Mortalidad_Baja,56.37525,-9.218935,12.30096,1.1540902,44035.3239358548
Belgium,Mortalidad_Baja,56.043636,-8.426623,12.311673,1.1475588,41854.5498296444
Belgium,Mortalidad_Baja,56.259155,-8.588509,12.3047905,1.1446555,40893.804537772
Belgium,Mortalidad_Baja,56.26754,-8.747923,12.299151,1.147968,47995.7786961339
Belgium,Mortalidad_Baja,55.723858,-9.072026,12.28898,1.1413404,46964.5946777056
Belgium,Mortalidad_Baja,56.29014,-9.690985,12.280128,1.1596226,44874.1709182123
Belgium,Mortalidad_Baja,55.836243,-9.661948,12.274454,1.1666042,47760.8298776546
Belgium,Mortalidad_Baja,55.20403,-9.91173,12.220023,1.1875615,44197.393671162
Belgium,Mortalidad_Baja,55.69754,-9.770741,12.273468,1.1434841,44923.3400135081
Belgium,Mortalidad_Baja,55.096905,-10.030861,12.2099,1.2058764,48303.397956286
Belgium,Mortalidad_Baja,54.80925,-10.206693,12.213821,1.1852303,44319.165448813
Belgium,Mortalidad_Baja,54.68278,-10.235915,12.188785,1.1916628,38705.1067959147
Belgium,Mortalidad_Baja,54.567688,-10.241034,12.201119,1.2085437,36809.7013403619
Belgium,Mortalidad_Baja,54.579758,-10.760997,12.178505,1.2172607,35429.4077933344
Belgium,Mortalidad_Baja,54.44039,-11.375134,12.094004,1.2280382,30655.2092679024
Belgium,Mortalidad_Baja,18.051054,46.110115,-2.3987293,3.8698833,25006.191397109
Belgium,Mortalidad_Baja,18.160278,45.929317,-2.6524017,4.227689,23015.0712632462
Belgium,Mortalidad_Baja,54.006676,-12.183318,12.002872,1.2740698,23098.8865077401
Belgium,Mortalidad_Baja,56.334152,13.805478,9.768654,-1.0371109,28413.8264387368
Belize,Mortalidad_Media,-0.29806966,26.03355,-2.9698017,8.539893,7068.45478269722
Belize,Mortalidad_Media,-0.5183804,25.991592,-3.0213742,8.544492,6122.61158580079
Belize,Mortalidad_Media,-0.71232706,25.654509,-2.97507,8.593331,5227.19363786168
Belize,Mortalidad_Media,0.20306341,23.896906,-2.7398748,8.406106,6190.04792278445
Belize,Mortalidad_Media,20.52948,-46.327858,10.4345455,9.867223,6031.28139580144
Belize,Mortalidad_Media,-0.5060839,25.653187,-2.9746556,8.558268,6072.58267640581
Belize,Mortalidad_Media,-7.4408755,30.232067,-2.5748343,7.101444,6142.49873185177
Belize,Mortalidad_Media,-7.554891,30.083658,-2.5505917,7.0862994,6154.49593498217
Belize,Mortalidad_Media,-7.58207,30.032845,-2.5915198,7.0943413,6128.14288539305
Belize,Mortalidad_Media,-7.519181,29.806137,-2.5806072,7.1115327,5950.20299917747
Belize,Mortalidad_Media,-3.414143,26.043507,-2.8971608,8.7778015,5709.68918765363
Belize,Mortalidad_Media,-2.037481,25.224417,-2.9229045,8.7227745,5582.22170621269
Belize,Mortalidad_Media,-2.5256095,24.807158,-2.9004867,8.806697,5451.13897172477
Belize,Mortalidad_Media,-2.073244,25.05387,-2.9046116,8.744096,5401.22963143045
Belize,Mortalidad_Media,-1.138459,25.992085,-2.977403,8.612337,5713.28126796797
Belize,Mortalidad_Media,-1.0677989,27.837788,-3.2825427,8.733193,5765.28199932455
Belize,Mortalidad_Media,-1.1659797,27.9067,-3.327794,8.765213,5527.16775856439
Belize,Mortalidad_Media,-0.7326255,30.54845,-3.4731557,8.789264,5272.74417207961
Belize,Mortalidad_Media,-0.80251884,31.095095,-3.5660262,8.845903,5156.09817143194
Belize,Mortalidad_Media,-0.8541032,31.226753,-3.5755248,8.864127,4962.08962013799
Belize,Mortalidad_Media,-0.6925364,31.480104,-3.578079,8.852979,4861.74314184267
Belize,Mortalidad_Media,-0.8400621,31.582516,-3.571563,8.900099,4721.81625660785
Belize,Mortalidad_Media,-1.0719256,31.885925,-3.590159,9.01559,4729.67080428075
Belize,Mortalidad_Media,10.455589,-48.94227,10.308856,11.060595,4012.07959009728
Benin,Mortalidad_Alta,-42.390972,11.149468,-3.0529811,15.492872,1266.42710981159
Benin,Mortalidad_Alta,-23.866407,-51.71792,9.645817,14.745691,1318.65158107487
Benin,Mortalidad_Alta,-40.226707,9.865593,-2.8867266,15.433824,1200.19426631122
Benin,Mortalidad_Alta,-40.087963,9.594317,-2.8534963,15.470613,1130.82135339795
Benin,Mortalidad_Alta,-23.662317,-52.59043,9.582717,14.679158,1151.7409703472
Benin,Mortalidad_Alta,-40.5183,9.39233,-2.793241,15.497338,1054.97408066814
Benin,Mortalidad_Alta,-42.348682,10.24964,-2.936258,15.532448,1010.5338961993
Benin,Mortalidad_Alta,-23.977385,-52.88064,9.551151,14.646455,1002.41886879614
Benin,Mortalidad_Alta,-37.622746,3.0981517,-2.2933106,15.604742,1204.39918670094
Benin,Mortalidad_Alta,-37.59196,3.0038116,-2.2187717,15.6059265,1168.92699279226
Benin,Mortalidad_Alta,-37.684155,2.7006226,-2.1705348,15.67775,1071.5258366283
Benin,Mortalidad_Alta,-24.875797,-52.96046,9.4071665,14.677819,1059.41358852588
Benin,Mortalidad_Alta,-40.419914,-0.5262291,-2.0952551,16.172592,973.244254931526
Benin,Mortalidad_Alta,-40.113052,-0.7728701,-2.0576322,16.194191,1024.10277858112
Benin,Mortalidad_Alta,-40.04883,-0.8769593,-1.9909351,16.22912,1060.60254502099
Benin,Mortalidad_Alta,-44.52167,-2.4969735,-2.236458,16.581774,912.338247188342
Benin,Mortalidad_Alta,-44.939438,-2.2084591,-2.277437,16.662207,809.147072506221
Benin,Mortalidad_Alta,-45.28894,-1.9745327,-2.2934313,16.685741,779.437777753268
Benin,Mortalidad_Alta,-45.30511,-1.6590998,-2.2777684,16.69693,758.695803786371
Benin,Mortalidad_Alta,-28.017252,-52.775486,9.105526,15.068634,676.002878084282
Benin,Mortalidad_Alta,-45.0331,-1.2584813,-2.230585,16.674969,546.463829658159
Benin,Mortalidad_Alta,-44.735466,-1.4487256,-2.1984055,16.681578,492.401499509072
Benin,Mortalidad_Alta,-44.795547,-1.0680387,-2.2149293,16.671522,487.424141384242
Benin,Mortalidad_Alta,-38.573483,-7.5747523,-1.357508,16.30476,348.435238914394
Bhutan,Mortalidad_Media,33.062294,-23.801798,11.721142,7.85413,3711.32767981591
Bhutan,Mortalidad_Media,-28.069284,31.571535,-4.0687375,11.01355,3570.61257980872
Bhutan,Mortalidad_Media,-28.142984,31.504986,-4.039011,11.071333,3191.66906999331
Bhutan,Mortalidad_Media,-28.228788,31.904446,-4.058301,10.9954,3576.87987100503
Bhutan,Mortalidad_Media,-28.844086,32.54075,-4.1796956,11.015163,3400.20417245342
Bhutan,Mortalidad_Media,-12.511793,-33.55814,12.219972,13.351055,3435.28804735662
Bhutan,Mortalidad_Media,-28.902317,33.719215,-4.207902,10.982526,3152.30905106786
Bhutan,Mortalidad_Media,-28.998884,33.684635,-4.246226,10.99786,2954.04081911097
Bhutan,Mortalidad_Media,-29.277796,33.65469,-4.2464466,11.01989,2849.49998647303
Bhutan,Mortalidad_Media,-29.408798,33.758095,-4.2889485,11.032747,2679.95217201538
Bhutan,Mortalidad_Media,-13.081267,-32.981934,12.217411,13.365603,2751.2128864294
Bhutan,Mortalidad_Media,-30.261831,33.3805,-4.2752776,11.044971,2787.97967608562
Bhutan,Mortalidad_Media,-30.3724,33.33141,-4.294601,11.044212,2435.5798056672
Bhutan,Mortalidad_Media,-30.678947,32.974766,-4.2289405,11.141175,1918.39599211093
Bhutan,Mortalidad_Media,-38.745438,27.908535,-4.450378,13.632815,1919.59774896395
Bhutan,Mortalidad_Media,-17.430424,-40.466927,11.292823,14.367778,1850.41570433398
Bhutan,Mortalidad_Alta,-41.82433,24.936905,-4.4385333,13.972443,1405.6071618158
Bhutan,Mortalidad_Alta,-41.38349,24.153988,-4.3732533,13.960213,1299.94938578359
Bhutan,Mortalidad_Alta,-42.3697,23.350456,-4.349751,14.165263,1130.35934606796
Bhutan,Mortalidad_Alta,-21.125061,-48.832874,10.236889,14.514498,1022.38240311018
Bhutan,Mortalidad_Alta,-43.993385,21.161858,-4.2521,14.391919,895.799489930972
Bhutan,Mortalidad_Alta,-43.693825,20.30643,-4.0835166,14.518003,812.238210772056
Bhutan,Mortalidad_Alta,-43.889328,18.818897,-3.9355578,14.750052,771.924911410619
Bhutan,Mortalidad_Alta,-46.409904,-0.05525325,-2.5650895,16.817205,530.103676927417
Bolivia,Mortalidad_Media,-6.5694194,-44.495163,11.076376,13.118146,3643.92826984604
Bolivia,Mortalidad_Alta,-4.9572396,-45.995415,11.003626,13.047034,3384.84486462654
Bolivia,Mortalidad_Alta,-4.9144206,-45.998573,10.9307785,12.958478,3099.94219053514
Bolivia,Mortalidad_Media,-6.593711,-45.663494,10.903108,13.0972805,3503.89601123129
Bolivia,Mortalidad_Media,-6.5877423,-45.134354,11.027292,13.089338,3500.72642189887
Bolivia,Mortalidad_Media,-11.22187,-42.21432,11.1699705,13.355354,3306.30301224425
Bolivia,Mortalidad_Media,-11.212142,-42.2629,11.1911125,13.35961,3035.87347732132
Bolivia,Mortalidad_Media,-11.90575,-41.857773,11.336181,13.682025,2996.01289811344
Bolivia,Mortalidad_Media,-14.9351635,-39.823334,11.377667,14.121958,3041.43503162408
Bolivia,Mortalidad_Alta,-15.145807,-39.871284,11.37841,14.186287,2870.02377000756
Bolivia,Mortalidad_Alta,-15.184159,-40.091675,11.330985,14.214853,2575.59857098084
Bolivia,Mortalidad_Alta,-15.255637,-40.393772,11.306485,14.226007,2315.52121930607
Bolivia,Mortalidad_Alta,-33.9112,31.133596,-4.437763,11.64184,1929.78373077158
Bolivia,Mortalidad_Alta,-15.087443,-41.25785,11.147461,14.205981,1731.18172112209
Bolivia,Mortalidad_Alta,-15.586161,-40.983078,11.248758,14.241364,1692.67248455876
Bolivia,Mortalidad_Alta,-15.634773,-41.500076,11.170282,14.222814,1354.54905949929
Bolivia,Mortalidad_Alta,-15.934302,-41.80045,11.13641,14.259444,1202.71150446327
Bolivia,Mortalidad_Alta,-18.46248,-56.597546,10.594012,14.149798,1020.12326200737
Bolivia,Mortalidad_Alta,-18.876017,-56.588528,9.669125,14.018771,953.191893246277
Bolivia,Mortalidad_Alta,-21.47415,6.5160303,-1.4664894,14.047892,893.013760211149
Bolivia,Mortalidad_Alta,-19.472258,-56.91964,9.514116,14.02364,888.221328974352
Bolivia,Mortalidad_Alta,-19.69727,-57.02456,9.468788,14.032322,930.168227214313
Bolivia,Mortalidad_Alta,-19.925753,-57.095978,9.416131,14.0508375,975.777060358751
Bolivia,Mortalidad_Alta,-26.590557,-6.108094,-0.73225176,15.577162,852.754034861444
Bosnia and Herzegovina,Mortalidad_Baja,-4.0870857,43.122505,-4.787327,7.944805,7655.59421024383
Bosnia and Herzegovina,Mortalidad_Media,-2.7188675,44.731976,-4.82976,7.738817,7295.3438240957
Bosnia and Herzegovina,Mortalidad_Baja,-3.005539,44.180157,-4.810561,7.798542,6130.31133245161
Bosnia and Herzegovina,Mortalidad_Baja,-4.751734,42.82208,-4.818852,8.023551,6122.3753450882
Bosnia and Herzegovina,Mortalidad_Baja,-5.1326804,42.858513,-4.757994,8.086758,6047.84584261133
Bosnia and Herzegovina,Mortalidad_Baja,-4.4405465,42.8133,-4.774309,7.995708,5345.01985489192
Bosnia and Herzegovina,Mortalidad_Baja,-3.6117473,43.768154,-4.77087,7.887489,4928.5665251728
Bosnia and Herzegovina,Mortalidad_Baja,-3.2134175,43.973415,-4.7637215,7.8720984,4662.25883724069
Bosnia and Herzegovina,Mortalidad_Baja,-4.0275936,42.138565,-4.7512484,7.96193,5206.06558252
Bosnia and Herzegovina,Mortalidad_Baja,-4.4955077,42.12554,-4.7373543,8.015641,5034.56616016469
Bosnia and Herzegovina,Mortalidad_Baja,-4.1792183,42.186985,-4.7529488,7.9486156,4693.78899115381
Bosnia and Herzegovina,Mortalidad_Baja,10.773407,-27.549145,12.4765625,10.661485,4982.69375768263
Bosnia and Herzegovina,Mortalidad_Baja,-4.6730914,42.055233,-4.770916,7.975758,4506.47828548389
Bosnia and Herzegovina,Mortalidad_Baja,-4.6294074,41.83666,-4.719128,8.081318,4539.91863774968
Bosnia and Herzegovina,Mortalidad_Baja,-5.515443,41.622986,-4.75437,8.127957,4841.69311934649
Bosnia and Herzegovina,Mortalidad_Baja,5.4729466,-28.26204,12.512196,11.3629675,3931.48948737505
Bosnia and Herzegovina,Mortalidad_Baja,-5.895919,41.05159,-4.7492666,8.212539,3166.12865344833
Bosnia and Herzegovina,Mortalidad_Baja,-5.415585,40.872944,-4.7463994,8.182389,2739.61076866057
Bosnia and Herzegovina,Mortalidad_Baja,2.460011,-36.774822,11.958212,11.90737,2452.68616839392
Bosnia and Herzegovina,Mortalidad_Baja,-8.288672,31.682678,-2.592565,7.0986257,2033.94700935864
Bosnia and Herzegovina,Mortalidad_Baja,-8.402886,31.703583,-2.536946,7.1474934,1606.54672243362
Bosnia and Herzegovina,Mortalidad_Baja,2.4320138,-36.789833,11.905955,11.898502,1387.89365131544
Bosnia and Herzegovina,Mortalidad_Baja,-8.441267,31.692766,-2.5690656,7.125343,1338.48059636261
Bosnia and Herzegovina,Mortalidad_Media,-21.960943,27.202997,-3.6463146,12.74893,502.365980975339
Botswana,Mortalidad_Media,-2.900139,3.8073037,1.1232004,12.656135,8328.70905682185
Botswana,Mortalidad_Alta,-1.9854174,4.3094387,1.249265,12.650819,7807.88794500125
Botswana,Mortalidad_Media,-1.4854728,5.7390685,1.4732369,12.560244,6323.29749806946
Botswana,Mortalidad_Media,-2.2699056,4.5681868,1.2336222,12.646417,7172.08956480028
Botswana,Mortalidad_Alta,-2.66094,3.8356018,1.1463995,12.660972,7407.95940141786
Botswana,Mortalidad_Alta,-2.7425675,3.4191298,1.1035103,12.658816,7104.96401088027
Botswana,Mortalidad_Alta,-2.806622,2.6215525,1.0817813,12.6254835,6749.05994339013
Botswana,Mortalidad_Alta,-15.044008,-61.081482,9.180089,13.084085,6141.20394726616
Botswana,Mortalidad_Alta,-2.7166076,1.9678196,1.0350944,12.59076,7122.36423421503
Botswana,Mortalidad_Alta,-2.6529078,1.9988158,1.0354235,12.628074,6666.91219583487
Botswana,Mortalidad_Alta,-2.612226,1.8344923,1.0508603,12.609858,6595.53845015424
Botswana,Mortalidad_Alta,-2.7054203,1.1143435,0.97884506,12.601478,7287.38295334919
Botswana,Mortalidad_Alta,-2.6173599,1.441544,1.0039488,12.599776,6215.73216077919
Botswana,Mortalidad_Alta,-15.629953,-61.39666,9.158709,13.138355,5082.93388332404
Botswana,Mortalidad_Alta,-2.7261891,0.6783627,0.9291532,12.587622,5503.07395314313
Botswana,Mortalidad_Alta,-2.7395337,-0.17915002,0.8497642,12.60028,5529.12574632532
Botswana,Mortalidad_Alta,-2.770639,-0.5774133,0.7964737,12.635187,5291.58379144849
Botswana,Mortalidad_Alta,-2.8630714,-0.9797773,0.7499902,12.637659,5391.07076619634
Botswana,Mortalidad_Alta,-2.6915908,-0.7738864,0.79823345,12.627028,4956.69287735214
Botswana,Mortalidad_Alta,-2.9737175,-0.73450166,0.7945099,12.631366,4230.12326909926
Botswana,Mortalidad_Alta,-16.857801,-61.580593,9.166043,13.187264,3117.25087183011
Botswana,Mortalidad_Alta,-2.7726424,-1.1338375,0.7654023,12.638688,3206.07123689853
Botswana,Mortalidad_Alta,-2.7035322,-1.288689,0.76650643,12.629905,3450.81180622992
Botswana,Mortalidad_Alta,-3.5129292,-1.1093554,0.7514738,12.809302,3156.18194514079
Brazil,Mortalidad_Media,15.470233,-40.19494,10.119972,9.991688,9281.33334441234
Brazil,Mortalidad_Media,18.634531,-37.743744,11.010441,9.726814,7972.5366498646
Brazil,Mortalidad_Media,22.932386,-43.13329,10.350812,9.536213,7074.19378337644
Brazil,Mortalidad_Baja,21.803205,-49.259663,9.874366,9.851104,9029.83326681073
Brazil,Mortalidad_Baja,21.681368,-49.210785,9.852328,9.880539,9300.66164923219
Brazil,Mortalidad_Baja,21.739712,-49.01311,9.879834,9.849232,10080.5092819305
Brazil,Mortalidad_Media,23.27946,-43.70215,10.204977,9.515895,8836.28652735657
Brazil,Mortalidad_Media,23.017466,-43.748253,10.136473,9.609608,8936.19661712113
Brazil,Mortalidad_Media,19.552122,-49.106968,9.947127,9.859026,12274.9939689363
Brazil,Mortalidad_Media,18.952656,-49.440525,9.86718,9.949856,12458.8912138813
Brazil,Mortalidad_Media,18.611073,-49.80684,9.811525,10.050466,12521.7213519966
Brazil,Mortalidad_Media,18.022926,-49.996265,9.827448,10.098087,13396.6243562986
Brazil,Mortalidad_Media,3.7371008,28.4557,-3.3117273,7.9537506,11403.2821278747
Brazil,Mortalidad_Media,18.285044,-50.211845,9.798487,10.053147,8678.6592244676
Brazil,Mortalidad_Media,17.499603,-50.713314,9.805111,10.19008,8908.33176538648
Brazil,Mortalidad_Media,17.117836,-50.6168,9.8100195,10.28709,7409.69130673473
Brazil,Mortalidad_Media,15.916949,-50.911728,9.864028,10.447314,5934.14470924968
Brazil,Mortalidad_Media,14.92539,-51.192696,10.0012665,10.750386,4827.78173074714
Brazil,Mortalidad_Media,14.16589,-51.359684,10.125978,10.89618,3663.823188064
Brazil,Mortalidad_Media,13.730235,-51.257664,10.0612955,10.915255,3090.6070097455
Brazil,Mortalidad_Media,13.446381,-51.216003,9.983065,10.989906,2855.94018885769
Brazil,Mortalidad_Media,13.157813,-51.174076,9.938614,11.055535,3176.28935747524
Brazil,Mortalidad_Media,1.5959623,29.721506,-3.328463,8.482406,3766.54811466032
Brazil,Mortalidad_Media,11.539335,-51.1725,9.983664,11.203465,4756.74840785403
Brunei Darussalam,Mortalidad_Media,40.663586,49.813877,-2.2643015,-1.0755827,36632.9280421411
Brunei Darussalam,Mortalidad_Media,39.652195,49.43947,-2.2973688,-1.1295042,31006.9636220576
Brunei Darussalam,Mortalidad_Media,39.436993,48.82023,-2.3159885,-1.2347654,26834.3592463839
Brunei Darussalam,Mortalidad_Media,39.690475,49.159477,-2.3189569,-1.1907061,30426.5730284202
Brunei Darussalam,Mortalidad_Media,39.34562,49.91537,-2.3050904,-1.063095,30988.1190497851
Brunei Darussalam,Mortalidad_Media,39.102215,49.578663,-2.3004029,-1.0861259,28024.3824618568
Brunei Darussalam,Mortalidad_Media,35.965946,51.722603,-2.510105,-0.65976286,26663.2973199878
Brunei Darussalam,Mortalidad_Media,36.471928,51.93577,-2.4788892,-0.6720515,30625.128732694
Brunei Darussalam,Mortalidad_Media,40.20839,50.04628,-2.2820086,-1.0580713,41026.508391054
Bulgaria,Mortalidad_Media,23.571026,-20.386374,12.766326,8.670123,13999.6719197289
Bulgaria,Mortalidad_Media,25.062305,-21.78565,12.435631,8.618686,12972.2173356002
Bulgaria,Mortalidad_Media,24.328005,-22.02254,12.46328,8.634345,10769.9475699414
Bulgaria,Mortalidad_Media,17.235561,-22.69962,13.073082,9.380839,10372.8044341114
Bulgaria,Mortalidad_Media,17.31361,-22.528782,13.068468,9.328779,9872.38507789106
Bulgaria,Mortalidad_Media,17.279501,-20.176086,13.164652,9.256622,8696.68930427924
Bulgaria,Mortalidad_Media,17.419893,-20.03799,13.159556,9.243017,7822.49923292968
Bulgaria,Mortalidad_Media,17.094032,-20.48486,13.2024975,9.388325,7268.65445473873
Bulgaria,Mortalidad_Media,15.507847,-21.817959,13.253319,9.578891,8069.60005667684
Bulgaria,Mortalidad_Media,15.042732,-22.008793,13.265371,9.702739,7795.98092108928
Bulgaria,Mortalidad_Media,15.195902,-21.309649,13.290827,9.578312,7431.95789508871
Bulgaria,Mortalidad_Media,15.714643,-20.953215,13.267598,9.522166,7849.58061302818
Bulgaria,Mortalidad_Media,15.913084,-21.853798,13.220339,9.493701,6853.94805511171
Bulgaria,Mortalidad_Media,15.569379,-19.055338,13.26538,9.416811,6988.27316296465
Bulgaria,Mortalidad_Media,13.9829035,-17.42497,13.22226,9.870418,7271.30338858025
Bulgaria,Mortalidad_Media,14.219812,-17.488476,13.303966,9.5403385,5888.57081403932
Bulgaria,Mortalidad_Media,13.983288,-17.372604,13.231562,9.894589,4523.1465578805
Bulgaria,Mortalidad_Media,-3.5040805,46.15883,-4.930173,7.8342485,3899.82596332878
Bulgaria,Mortalidad_Media,-3.5648584,46.11667,-4.901069,8.562642,3389.68743360274
Bulgaria,Mortalidad_Media,9.005037,-30.344011,12.621025,10.569415,2719.49436859287
Bulgaria,Mortalidad_Media,-11.772428,39.107723,-4.7473235,9.302881,2092.98288625558
Bulgaria,Mortalidad_Media,4.2367244,-32.765476,12.035212,11.438543,1770.90704918691
Bulgaria,Mortalidad_Media,-12.5477295,39.576023,-4.777993,9.447882,1621.26210738992
Bulgaria,Mortalidad_Media,20.795244,-46.818516,10.4078865,9.8068695,2259.25922555221
Burkina Faso,Mortalidad_Alta,-38.481915,23.347198,-3.541471,14.813639,836.118304593682
Burkina Faso,Mortalidad_Alta,-20.70489,-53.812313,9.776636,14.287986,895.535288442991
Burkina Faso,Mortalidad_Alta,-42.262115,16.497131,-3.3737123,15.017172,825.237038782475
Burkina Faso,Mortalidad_Alta,-42.279465,16.402773,-3.3317106,15.063264,764.853077774946
Burkina Faso,Mortalidad_Alta,-23.319496,-51.03702,9.7459755,14.580344,777.465618514048
Burkina Faso,Mortalidad_Alta,-42.946884,15.921894,-3.263194,15.19966,709.091535894695
Burkina Faso,Mortalidad_Alta,-42.91987,15.347329,-3.2488027,15.253863,663.742364842886
Burkina Faso,Mortalidad_Alta,-42.973705,15.170488,-3.1113362,15.495845,630.124750752312
Burkina Faso,Mortalidad_Alta,-25.071823,-51.953793,9.489501,14.718117,764.861675106225
Burkina Faso,Mortalidad_Alta,-42.294506,0.011163782,-2.3084126,16.156805,759.762065168498
Burkina Faso,Mortalidad_Alta,-42.548355,-0.20077986,-2.2420347,16.320692,731.470138867833
Burkina Faso,Mortalidad_Alta,-42.482616,-0.51557827,-2.2427652,16.305725,725.024767725475
Burkina Faso,Mortalidad_Alta,-42.306057,-0.7815052,-2.1867373,16.333271,624.957252224766
Burkina Faso,Mortalidad_Alta,-27.5806,-54.640484,8.974732,14.764243,601.569520671859
Burkina Faso,Mortalidad_Alta,-39.54013,-2.5298362,-1.8407003,16.291367,619.437533256264
Burkina Faso,Mortalidad_Alta,-34.613285,-5.3296766,-1.097334,16.24761,514.684451177238
Burkina Faso,Mortalidad_Alta,-35.37101,-5.820664,-1.0859914,16.322985,455.513655620024
Burkina Faso,Mortalidad_Alta,-36.102226,-6.260054,-1.130394,16.584505,441.164148016012
Burkina Faso,Mortalidad_Alta,-34.630245,-6.669959,-0.9587647,16.473682,403.81283743461
Burkina Faso,Mortalidad_Alta,-29.447557,-55.01434,8.847076,14.867689,362.373899996953
Burkina Faso,Mortalidad_Alta,-37.97359,-9.58072,-0.94223547,16.892475,285.654087637533
Burkina Faso,Mortalidad_Alta,-36.509663,-11.361651,-0.8075923,17.047312,259.485223380436
Burkina Faso,Mortalidad_Alta,-35.952785,-11.179782,-0.78565824,16.919298,248.908526921752
Burkina Faso,Mortalidad_Alta,-42.83157,-12.580056,-1.1534222,17.56963,229.092294496817
Burundi,Mortalidad_Alta,-39.11551,15.134921,-3.4357326,15.188938,250.634225368744
Burundi,Mortalidad_Alta,-38.795387,14.008415,-3.4513958,15.188319,214.091455416133
Burundi,Mortalidad_Alta,-23.33898,-48.140255,9.957138,14.734097,210.008139902508
Burundi,Mortalidad_Alta,-38.423634,13.525331,-3.2594514,15.147117,210.236494521532
Burundi,Mortalidad_Alta,-38.291058,13.240976,-3.151231,15.145398,224.89939239264
Burundi,Mortalidad_Alta,-38.313786,13.096727,-3.1229403,15.144233,236.694472592753
Burundi,Mortalidad_Alta,-38.78826,12.699693,-3.2458842,15.379346,235.286205393908
Burundi,Mortalidad_Alta,-38.66984,12.564552,-3.098855,15.295764,280.966831311923
Burundi,Mortalidad_Alta,-55.604687,0.5773852,-3.2100105,17.09463,250.540481111877
Burundi,Mortalidad_Alta,-27.961657,-47.884945,9.507389,15.324162,234.843045388828
Burundi,Mortalidad_Alta,-55.470993,0.29894227,-3.1043642,17.146418,231.688496393569
Burundi,Mortalidad_Alta,-55.352554,-0.04621393,-3.1302912,17.218403,230.070577369084
Burundi,Mortalidad_Alta,-54.01944,-2.14079,-3.1159785,17.281944,216.727705301976
Burundi,Mortalidad_Alta,-53.432327,-2.8064582,-2.9414322,17.3477,199.097633037708
Burundi,Mortalidad_Alta,-53.307293,-3.0638785,-2.8170226,17.464872,189.502074570768
Burundi,Mortalidad_Alta,-52.777924,-3.1164172,-2.7571893,17.361845,166.162744906755
Burundi,Mortalidad_Alta,-30.586123,-49.464466,9.24134,15.492584,161.892755640319
Burundi,Mortalidad_Alta,-53.068592,-11.040438,-2.0475974,18.204264,147.234619294225
Burundi,Mortalidad_Alta,-52.579796,-11.841986,-1.9055779,18.237976,125.194965184533
Burundi,Mortalidad_Alta,-52.067104,-12.855715,-1.7269198,18.232653,111.406682804391
Burundi,Mortalidad_Alta,-51.751877,-13.361714,-1.6664705,18.238482,120.952308575468
Burundi,Mortalidad_Alta,-51.64004,-13.841536,-1.5965179,18.252634,132.159554541932
Burundi,Mortalidad_Alta,-49.705658,-15.353491,-1.2417073,18.339338,134.537861752389
Burundi,Mortalidad_Alta,-51.593334,-15.546923,-1.4832474,18.463976,164.915311679326
Cabo Verde,Mortalidad_Baja,12.090879,35.273518,-3.5894809,5.577882,4323.31362032709
Cabo Verde,Mortalidad_Media,11.51962,31.369751,-3.412638,5.6672187,3971.44409203423
Cabo Verde,Mortalidad_Media,11.132097,31.049551,-3.4332879,5.7094226,3539.22661248299
Cabo Verde,Mortalidad_Baja,11.546247,29.77487,-3.2031507,5.661861,4380.78117331128
Cabo Verde,Mortalidad_Media,11.244257,30.165922,-3.2349074,5.714433,4294.96510035729
Cabo Verde,Mortalidad_Media,11.456974,29.757404,-3.1662061,5.706361,3893.09571382506
Cabo Verde,Mortalidad_Media,12.068613,34.39273,-3.5967824,5.627139,3608.96605234906
Cabo Verde,Mortalidad_Media,25.717365,-41.93467,10.244574,9.304898,3415.06266730931
Cabo Verde,Mortalidad_Media,11.545289,33.5654,-3.5972733,5.652882,3985.60706548134
Cabo Verde,Mortalidad_Media,11.646213,33.416298,-3.5814958,5.6432776,3960.97596791345
Cabo Verde,Mortalidad_Media,11.596868,32.87578,-3.5819418,5.6861973,3736.81517011087
Cabo Verde,Mortalidad_Media,11.364506,32.811462,-3.5875585,5.6808844,4002.01386888785
Cabo Verde,Mortalidad_Media,11.562416,32.733604,-3.5639672,5.663053,3579.46006137809
Cabo Verde,Mortalidad_Media,11.268478,32.554436,-3.6065648,5.7180386,3659.72046361628
Cabo Verde,Mortalidad_Media,3.2679243,23.521206,-2.6718526,8.267791,3908.64885822576
Cabo Verde,Mortalidad_Media,15.742005,-56.827293,10.122418,11.595642,3324.57675212498
Cabo Verde,Mortalidad_Media,1.5720664,20.293892,-2.527849,8.553893,2256.99666191075
Cabo Verde,Mortalidad_Media,1.5155718,20.300968,-2.5085983,8.575414,2004.14680417563
Cabo Verde,Mortalidad_Media,1.4792799,20.277596,-2.5243323,8.567259,1929.49081468781
Cabo Verde,Mortalidad_Media,1.4292012,20.294275,-2.5269787,8.594733,1717.97565369655
Cabo Verde,Mortalidad_Media,1.3561586,20.290089,-2.5662098,8.656275,1328.57874270666
Cabo Verde,Mortalidad_Media,15.972918,-56.846825,10.266059,11.758044,1223.33055331575
Cabo Verde,Mortalidad_Media,-4.0254664,22.40165,-2.7798772,9.032488,1189.51479345891
Cabo Verde,Mortalidad_Alta,-21.682514,12.991808,-2.0894082,13.376294,1165.13832331934
Cambodia,Mortalidad_Media,-49.506,30.46835,-5.4385457,13.920672,2325.03050040841
Cambodia,Mortalidad_Media,-49.536545,30.226002,-5.4240956,13.930294,2167.40324198499
Cambodia,Mortalidad_Media,-49.2029,30.24863,-5.471196,13.864897,2081.73914242939
Cambodia,Mortalidad_Media,-49.05666,30.336622,-5.428598,13.905174,2225.87705485686
Cambodia,Mortalidad_Media,-48.941364,30.098822,-5.4348726,13.903508,2036.67377566578
Cambodia,Mortalidad_Media,-48.820843,29.99783,-5.43383,13.906748,1826.35391688754
Cambodia,Mortalidad_Media,-48.861412,28.794567,-5.3444757,14.010164,1675.19555711109
Cambodia,Mortalidad_Media,-48.89299,28.312279,-5.319474,14.088643,1547.32010444393
Cambodia,Mortalidad_Media,-49.36757,27.655296,-5.339935,14.106466,1431.56396469993
Cambodia,Mortalidad_Media,-50.01364,26.621048,-5.242575,14.299733,1305.6600972686
Cambodia,Mortalidad_Media,-51.42545,23.833733,-5.170814,14.653216,1192.80263041673
Cambodia,Mortalidad_Media,-51.597942,23.170626,-5.0989275,14.778525,1088.98152823081
Cambodia,Mortalidad_Media,-51.524845,22.886993,-5.0539746,14.828324,952.274616324008
Cambodia,Mortalidad_Alta,-51.321056,22.362297,-4.978941,14.926875,875.748936193569
Cambodia,Mortalidad_Alta,-51.059933,21.696003,-4.8648205,14.964465,866.283999789749
Cambodia,Mortalidad_Alta,-50.231136,20.379757,-4.450494,15.120396,731.692295125426
Cambodia,Mortalidad_Alta,-51.60197,15.968201,-4.556956,15.100488,612.252648550727
Cambodia,Mortalidad_Alta,-48.994907,17.089699,-4.099258,15.26645,525.797325120926
Cambodia,Mortalidad_Alta,-48.41156,16.747011,-3.9945824,15.275934,444.199067529081
Cambodia,Mortalidad_Alta,-47.986362,-1.8875731,-2.7251525,16.821745,386.691123931778
Cambodia,Mortalidad_Alta,-47.672142,-2.5130932,-2.5275357,17.027977,350.147276634294
Cambodia,Mortalidad_Alta,-48.952717,-4.923983,-2.5742025,17.313482,327.500984314444
Cambodia,Mortalidad_Alta,-49.293137,-5.3669834,-2.5663157,17.409376,296.426687526334
Cambodia,Mortalidad_Alta,-50.17935,-14.305521,-1.4061803,18.33373,343.485224671585
Cameroon,Mortalidad_Alta,-22.442738,7.097768,-1.6734822,14.069083,1604.87726954895
Cameroon,Mortalidad_Alta,-19.749561,-55.40552,9.609811,14.12799,1672.32657340872
Cameroon,Mortalidad_Alta,-22.758766,7.0277658,-1.663606,14.08998,1555.60370660749
Cameroon,Mortalidad_Alta,-22.322117,6.246149,-1.6706021,14.137428,1555.22660476477
Cameroon,Mortalidad_Alta,-22.441824,6.100641,-1.6046687,14.198572,1610.69641591017
Cameroon,Mortalidad_Alta,-23.190002,6.0654106,-1.5335845,14.160935,1496.08951771242
Cameroon,Mortalidad_Alta,-22.512585,4.9056983,-1.4753358,14.512262,1441.7201725688
Cameroon,Mortalidad_Alta,-22.704725,4.5361257,-1.3581783,14.62614,1415.00009710569
Cameroon,Mortalidad_Alta,-20.67621,-55.973495,9.413646,14.210523,1649.4433905949
Cameroon,Mortalidad_Alta,-24.608307,0.041437946,-1.1124694,14.837559,1575.92882118897
Cameroon,Mortalidad_Alta,-25.085701,-0.21569677,-1.0516351,14.891633,1449.09874362279
Cameroon,Mortalidad_Alta,-25.272259,-0.42078966,-1.0226531,14.917384,1513.96056994878
Cameroon,Mortalidad_Alta,-25.390968,-0.8929753,-0.9741319,15.00267,1398.58702025047
Cameroon,Mortalidad_Alta,-25.505276,-1.2428391,-0.89244694,15.122724,1461.38999232337
Cameroon,Mortalidad_Alta,-25.706121,-1.7514161,-0.8329069,15.197175,1492.14269801453
Cameroon,Mortalidad_Alta,-27.21399,-57.188538,8.931805,14.529547,1325.67248215933
Cameroon,Mortalidad_Alta,-27.806915,-5.296843,-0.74870706,15.537705,1191.45458990968
Cameroon,Mortalidad_Alta,-27.820005,-5.4302793,-0.7254279,15.602184,1142.62466252106
Cameroon,Mortalidad_Alta,-28.472145,-5.422708,-0.70512056,15.722804,1133.39326749673
Cameroon,Mortalidad_Alta,-28.416899,-6.057845,-0.73785263,15.869638,988.241276791846
Cameroon,Mortalidad_Alta,-28.656898,-6.0340033,-0.71785825,15.898785,789.623811072554
Cameroon,Mortalidad_Alta,-28.364134,-56.316696,8.856547,14.71665,715.470296470585
Cameroon,Mortalidad_Alta,-31.391058,-9.779004,-0.70357674,16.175888,708.565731625965
Cameroon,Mortalidad_Alta,-32.013004,-10.324895,-0.73994124,16.41191,832.006674487689
Canada,Mortalidad_Baja,26.872692,13.219349,2.3012524,-6.9202137,56256.8007264015
Canada,Mortalidad_Baja,22.15185,53.72137,-1.0876125,1.7084478,52886.6616372703
Canada,Mortalidad_Baja,45.703587,19.260006,5.261616,-5.0165877,43537.839298904
Canada,Mortalidad_Baja,45.281227,19.963074,5.272755,-5.0257425,46352.8693445211
Canada,Mortalidad_Baja,44.78363,20.406904,5.306769,-5.0625277,46539.1761570405
Canada,Mortalidad_Baja,45.066795,20.397135,5.2969975,-5.050322,45129.628116623
Canada,Mortalidad_Baja,44.914955,20.019083,5.294925,-5.0483336,42314.0615817218
Canada,Mortalidad_Baja,45.05295,20.077545,5.3026695,-5.0571675,43594.1941045394
Canada,Mortalidad_Baja,46.07618,20.365604,5.267061,-5.0164,50960.8431174661
Canada,Mortalidad_Baja,45.998363,20.238537,5.260799,-5.011903,52638.1187235237
Canada,Mortalidad_Baja,46.299274,20.09657,5.254667,-5.005099,52670.3447335415
Canada,Mortalidad_Baja,46.05529,20.406435,5.254576,-5.004945,52223.8588398531
Canada,Mortalidad_Baja,45.974506,20.052906,5.261943,-5.0137568,47560.6666009406
Canada,Mortalidad_Baja,45.807587,19.820854,5.2692637,-5.021089,40874.8831932903
Canada,Mortalidad_Baja,46.118687,21.11769,5.165685,-4.901602,46710.2526864484
Canada,Mortalidad_Baja,45.889137,21.232012,5.164765,-4.9040804,44660.0838892281
Canada,Mortalidad_Baja,46.078453,21.36106,5.1737843,-4.912751,40504.0370977806
Canada,Mortalidad_Baja,46.498882,21.477354,5.1743965,-4.9132466,36383.6600068095
Canada,Mortalidad_Baja,46.80232,21.37516,5.1618853,-4.9025607,32145.5412620217
Canada,Mortalidad_Baja,46.714016,21.167244,5.1767817,-4.9177284,28301.8645937428
Canada,Mortalidad_Baja,47.108074,20.919657,5.200876,-4.94374,24256.0192337185
Canada,Mortalidad_Baja,47.161346,21.08914,5.192726,-4.934188,23822.096210932
Canada,Mortalidad_Baja,47.20768,21.455275,5.1727924,-4.913101,24271.0020563821
Canada,Mortalidad_Baja,46.93551,20.144228,5.205663,-4.953361,20679.634792669
Central African Republic,Mortalidad_Alta,-45.863052,-19.817919,-0.94876605,18.373117,467.359825026238
Central African Republic,Mortalidad_Alta,-32.70348,-52.971718,8.856432,15.333751,492.263142830507
Central African Republic,Mortalidad_Alta,-42.390068,-9.157777,-1.4701681,17.247435,462.879071294011
Central African Republic,Mortalidad_Alta,-42.85639,-16.946848,-0.8780999,17.822596,449.228467602439
Central African Republic,Mortalidad_Alta,-42.061115,-8.803908,-1.5043246,17.227411,455.243962859534
Central African Republic,Mortalidad_Alta,-42.28469,-11.834681,-1.2186501,17.551556,432.324025684263
Central African Republic,Mortalidad_Alta,-42.01636,-9.209723,-1.42168,17.27572,387.176203444318
Central African Republic,Mortalidad_Alta,-42.061897,-8.852392,-1.5183378,17.225542,366.322853938121
Central African Republic,Mortalidad_Alta,-43.3779,-16.483147,-0.94973624,17.882229,409.8504859647
Central African Republic,Mortalidad_Alta,-42.266953,-9.868728,-1.3596224,17.290928,364.36696260838
Central African Republic,Mortalidad_Alta,-54.512383,-12.146256,-2.0005274,18.420671,544.395849142785
Central African Republic,Mortalidad_Alta,-54.650032,-12.668636,-1.9712355,18.538212,534.057281471636
Central African Republic,Mortalidad_Alta,-54.414867,-13.89142,-1.8493705,18.589409,476.873786950728
Central African Republic,Mortalidad_Alta,-45.88455,-19.84355,-0.9457542,18.36875,456.471673898404
Central African Republic,Mortalidad_Alta,-29.299772,-55.92642,8.823548,14.771844,437.24827472489
Central African Republic,Mortalidad_Alta,-42.878197,-11.362446,-1.2879558,17.547947,380.887048839475
Central African Republic,Mortalidad_Alta,-42.86634,-11.5830965,-1.3241501,17.555182,333.942519903031
Central African Republic,Mortalidad_Alta,-42.94762,-11.944402,-1.2854182,17.606136,311.950023138687
Central African Republic,Mortalidad_Alta,-43.133736,-12.142445,-1.2642002,17.665567,303.461321152782
Central African Republic,Mortalidad_Alta,-51.374657,-14.972041,-1.4845601,18.379444,278.403992150941
Central African Republic,Mortalidad_Alta,-43.27893,-12.488857,-1.278398,17.704174,248.639290978403
Central African Republic,Mortalidad_Alta,-46.54212,-15.725241,-0.8766217,18.16757,237.951702544735
Central African Republic,Mortalidad_Alta,-46.520485,-15.804001,-0.8923383,18.160889,239.154133726071
Central African Republic,Mortalidad_Alta,-44.003693,-15.387715,-0.827192,17.78461,333.145863233895
Chad,Mortalidad_Alta,-31.07076,-48.56716,9.256765,15.457598,966.036468278568
Chad,Mortalidad_Alta,-54.738632,-10.987942,-2.1162202,18.375586,946.358500208374
Chad,Mortalidad_Alta,-54.435802,-10.859147,-2.1173694,18.34228,866.947814890409
Chad,Mortalidad_Alta,-54.404488,-11.0676775,-2.0974226,18.340338,893.336441643325
Chad,Mortalidad_Alta,-31.0239,-49.08346,9.16328,15.517085,948.656629871231
Chad,Mortalidad_Alta,-53.931206,-11.272466,-2.0263505,18.31585,854.46120040098
Chad,Mortalidad_Alta,-53.681866,-11.293158,-2.057773,18.252909,861.831767630746
Chad,Mortalidad_Alta,-55.1988,-12.312008,-1.9733372,18.544369,993.990730610869
Chad,Mortalidad_Alta,-55.722378,-12.848433,-1.9574014,18.612118,1278.78981422494
Chad,Mortalidad_Alta,-55.734337,-12.946914,-1.9543872,18.608028,1304.88742971475
Chad,Mortalidad_Alta,-56.221767,-13.353988,-1.9420326,18.641953,1354.34344701937
Chad,Mortalidad_Alta,-31.069115,-51.916874,8.956351,15.307616,1308.1421872538
Chad,Mortalidad_Alta,-55.53991,-13.443026,-1.9601275,18.618753,1141.80069268412
Chad,Mortalidad_Alta,-55.317917,-13.510293,-1.9122643,18.617735,1035.63719694254
Chad,Mortalidad_Alta,-56.08136,-13.816232,-1.9143976,18.641901,1166.36883453841
Chad,Mortalidad_Alta,-55.951595,-13.972775,-1.9151521,18.648912,980.483531485103
Chad,Mortalidad_Alta,-55.658047,-14.0331545,-1.8885586,18.66834,906.897260572747
Chad,Mortalidad_Alta,-55.76517,-14.439256,-1.883237,18.681953,838.092107712557
Chad,Mortalidad_Alta,-55.750656,-14.476744,-1.8829081,18.644804,445.850767157087
Chad,Mortalidad_Alta,-31.757,-53.24807,8.823168,15.306686,289.087621122168
Chad,Mortalidad_Alta,-45.70988,-15.765496,-0.8728065,18.140356,219.061391951349
Chad,Mortalidad_Alta,-46.169098,-16.022734,-0.84995025,18.171997,194.32295331156
Chad,Mortalidad_Alta,-45.944725,-16.25207,-0.875857,18.191568,163.121663683369
Chad,Mortalidad_Alta,-42.164536,-14.975328,-0.82447296,17.674032,203.964852705041
Chile,Mortalidad_Baja,35.78959,-17.333145,11.961787,7.059126,15405.6165774073
Chile,Mortalidad_Baja,8.695673,49.58178,-2.226462,2.1934872,16206.8325493421
Chile,Mortalidad_Baja,35.589005,-17.457445,11.951047,7.0752773,13114.815470545
Chile,Mortalidad_Baja,9.303538,47.86085,-2.1818888,2.2830567,14495.716721687
Chile,Mortalidad_Baja,9.146839,47.809372,-2.196003,2.3154523,15659.4808675628
Chile,Mortalidad_Baja,35.31399,-17.050512,11.978347,7.039912,14879.9086227187
Chile,Mortalidad_Baja,9.428076,49.042984,-2.1845112,2.2846653,13649.8520452803
Chile,Mortalidad_Baja,35.34734,-17.150372,11.958804,7.0702124,13433.9202987032
Chile,Mortalidad_Baja,9.020274,49.06069,-2.217261,2.2259536,14529.6767206336
Chile,Mortalidad_Baja,35.48095,-17.171848,11.958664,7.0650787,15683.5486369155
Chile,Mortalidad_Baja,8.968686,49.209995,-2.183371,2.2555244,15241.9069981119
Chile,Mortalidad_Baja,36.031174,-17.516657,11.96807,7.0670037,14487.3927832032
Chile,Mortalidad_Baja,8.151203,49.13682,-2.2257755,2.1965783,12632.8704724192
Chile,Mortalidad_Baja,35.75041,-17.706137,11.944652,7.0877614,10098.8017167286
Chile,Mortalidad_Baja,8.399316,49.41203,-2.2325833,2.1847215,10683.2188772511
Chile,Mortalidad_Baja,7.746541,49.941345,-2.243066,2.1020982,10346.4138184533
Chile,Mortalidad_Baja,36.82648,-17.115042,11.932151,7.1016154,9318.65655296121
Chile,Mortalidad_Baja,8.020554,49.672913,-2.228463,2.1615644,7480.32330998636
Chile,Mortalidad_Baja,8.224445,49.583317,-2.2253976,2.198877,6120.59152055344
Chile,Mortalidad_Baja,35.732807,-18.034626,11.930307,7.1141076,4773.40177520754
Chile,Mortalidad_Baja,8.510633,49.050472,-2.21563,2.2367527,4430.84741157984
Chile,Mortalidad_Baja,8.473491,48.744682,-2.2396536,2.2504992,4563.5952986689
Chile,Mortalidad_Baja,35.398327,-18.651745,11.869737,7.239203,5052.99245766325
Chile,Mortalidad_Baja,-0.7997896,50.2034,-5.0955696,7.111663,5081.4682771561
China,Mortalidad_Baja,-3.9389007,44.02469,-4.7790318,7.864156,12970.6056414327
China,Mortalidad_Baja,14.88947,-12.775369,12.668005,9.969093,12887.4357242941
China,Mortalidad_Baja,14.838647,-12.811035,12.63903,9.992569,10627.4637989619
China,Mortalidad_Baja,14.964415,-12.748729,12.639819,9.962488,10342.9009524335
China,Mortalidad_Baja,14.930899,-12.794763,12.635035,9.975324,10085.6638148819
China,Mortalidad_Baja,9.983822,-24.305471,12.735599,10.329233,8979.67652709856
China,Mortalidad_Baja,9.624876,-25.22438,12.7073965,10.610557,8254.86859320357
China,Mortalidad_Baja,9.630341,-24.470165,12.862079,10.628104,8175.33285077393
China,Mortalidad_Baja,2.8131945,-23.616304,12.769157,11.208563,7781.06597484974
China,Mortalidad_Baja,2.5170004,-23.470366,12.824999,11.29787,7147.03518622344
China,Mortalidad_Baja,2.0892847,-23.390038,12.895337,11.374097,6405.0574241349
China,Mortalidad_Baja,1.8093653,-23.278278,12.857023,11.414291,5703.76027973346
China,Mortalidad_Baja,1.7080703,-23.301008,12.884777,11.42787,4629.24551710077
China,Mortalidad_Baja,-20.995619,41.2724,-5.263031,10.6314335,3898.24459158811
China,Mortalidad_Media,1.0799892,-23.458097,12.801935,11.692169,3523.44302065213
China,Mortalidad_Media,-21.267324,41.147484,-5.306227,10.692853,2734.72709877693
China,Mortalidad_Media,-21.664482,41.155453,-5.3313203,10.726182,2129.25696999613
China,Mortalidad_Media,-10.349127,-32.496086,12.323891,13.004699,1777.64496828464
China,Mortalidad_Media,-22.310423,40.696835,-5.317063,10.824183,1530.92726215723
China,Mortalidad_Media,-22.151262,40.454872,-5.280192,10.792242,1306.97245408557
China,Mortalidad_Media,-11.673938,-36.93876,11.907882,13.3952265,1163.55957673426
China,Mortalidad_Media,-22.356636,40.14041,-5.2579403,10.952168,1065.40597574519
China,Mortalidad_Media,-22.411346,40.06467,-5.1986766,11.033468,969.199513696287
China,Mortalidad_Media,-45.142673,28.19813,-4.805788,14.215166,612.680277898627
Colombia,Mortalidad_Baja,14.018806,-34.33947,11.444709,10.509955,6680.44506854481
Colombia,Mortalidad_Media,19.00783,-37.569588,11.010765,9.700437,6222.62164397614
Colombia,Mortalidad_Media,19.43483,-38.62829,10.70999,9.724629,5339.68711357943
Colombia,Mortalidad_Baja,12.86847,-38.37684,11.17141,10.387753,6472.54544924705
Colombia,Mortalidad_Baja,12.679809,-38.50598,11.166754,10.366385,6816.96818309544
Colombia,Mortalidad_Baja,13.467172,-39.290512,11.131234,10.318576,6479.53231292429
Colombia,Mortalidad_Baja,12.775812,-39.147655,11.140987,10.385082,5959.84250367574
Colombia,Mortalidad_Baja,12.079044,-39.19358,11.14279,10.455389,6248.51490534512
Colombia,Mortalidad_Baja,10.67987,-39.116066,11.142297,10.602662,8187.20824890084
Colombia,Mortalidad_Baja,9.728333,-39.18534,11.10104,10.696919,8279.10255642981
Colombia,Mortalidad_Baja,8.895423,-39.46707,11.0749855,10.730419,8108.59838244229
Colombia,Mortalidad_Media,8.467831,-39.722168,11.058204,10.785296,7400.9940695669
Colombia,Mortalidad_Media,9.408299,-40.159805,11.060879,10.733296,6398.2958447102
Colombia,Mortalidad_Media,9.278942,-40.4149,11.043785,10.728994,5250.97292433518
Colombia,Mortalidad_Media,8.514967,-40.48446,11.000182,10.817223,5541.83629665898
Colombia,Mortalidad_Media,-13.076381,35.65976,-4.421552,9.524828,4769.926147194
Colombia,Mortalidad_Media,-13.205495,35.76276,-4.5144815,9.631914,3789.85361217027
Colombia,Mortalidad_Media,8.555245,-41.5527,10.8644495,10.907094,3456.06610874512
Colombia,Mortalidad_Media,8.630477,-42.011547,10.837597,10.964253,2818.57195413044
Colombia,Mortalidad_Media,8.664292,-42.397797,10.604049,10.983573,2311.94218760291
Colombia,Mortalidad_Media,3.947345,-46.36422,10.78412,11.580389,2428.92969771584
Colombia,Mortalidad_Media,3.820731,-46.47014,10.80055,11.704778,2472.99084035833
Colombia,Mortalidad_Media,0.82683235,-46.455673,10.869818,12.002981,2555.00751039968
Colombia,Mortalidad_Media,-18.330568,25.77744,-3.6253355,12.092314,2583.34991436018
Comoros,Mortalidad_Alta,-35.442337,13.414057,-3.0923338,14.532796,1533.87755332151
Comoros,Mortalidad_Alta,-35.556473,13.236809,-3.0912392,14.538988,1587.72988601478
Comoros,Mortalidad_Alta,-35.527954,13.223108,-3.09463,14.538996,1527.16990927956
Comoros,Mortalidad_Alta,-35.529453,13.129925,-3.0683334,14.572823,1519.26386326167
Comoros,Mortalidad_Alta,-35.498913,12.641599,-3.0262702,14.6279125,1540.71132331975
Comoros,Mortalidad_Alta,-35.397793,11.991588,-2.9582124,14.741432,1423.92480215551
Comoros,Mortalidad_Alta,-35.521893,11.762738,-2.9313538,14.759484,1365.48403353158
Comoros,Mortalidad_Alta,-35.412384,11.513089,-2.8623161,14.831286,1329.3704808998
Comoros,Mortalidad_Alta,-21.884377,-52.47409,9.714421,14.549448,1615.71718460209
Comoros,Mortalidad_Alta,-35.767918,11.307199,-2.8386607,14.858267,1603.32653496691
Comoros,Mortalidad_Alta,-35.711018,10.937879,-2.8195934,14.92493,1490.31425650871
Comoros,Mortalidad_Alta,-35.79155,10.88338,-2.782406,14.946137,1531.43969320468
Comoros,Mortalidad_Alta,-35.888012,10.668115,-2.7510731,14.937579,1386.57533553376
Comoros,Mortalidad_Alta,-35.94795,10.257399,-2.7277641,15.004473,1410.30516959473
Comoros,Mortalidad_Alta,-35.7002,9.927148,-2.6676023,14.994623,1455.02768595586
Comoros,Mortalidad_Alta,-36.22691,8.992754,-2.5724869,15.158642,1289.73631056361
Comoros,Mortalidad_Alta,-36.340767,8.73063,-2.557056,15.181447,1154.90422349749
Comoros,Mortalidad_Alta,-36.350067,8.549035,-2.5591486,15.194338,1103.20658498402
Comoros,Mortalidad_Alta,-23.1674,-53.570774,9.546775,14.612243,1091.27216412426
Comoros,Mortalidad_Alta,-36.260326,7.6891904,-2.4819958,15.25805,959.787894504834
Comoros,Mortalidad_Alta,-36.305313,7.499347,-2.4515738,15.266367,762.116930318449
Comoros,Mortalidad_Alta,-36.36759,7.3960924,-2.4549768,15.254425,691.699908770798
Comoros,Mortalidad_Alta,-36.247128,7.0950003,-2.3267415,15.255279,655.007796688241
Comoros,Mortalidad_Alta,-32.391003,1.6767842,-1.7358543,15.5225525,812.215996806703
Costa Rica,Mortalidad_Baja,40.895508,-28.729322,14.817895,6.3417444,13625.9008491478
Costa Rica,Mortalidad_Baja,40.762035,-29.048939,14.837592,6.383264,12838.1185359009
Costa Rica,Mortalidad_Baja,40.814014,-29.443712,14.843897,6.3833327,12394.0493969354
Costa Rica,Mortalidad_Baja,40.990402,-29.850311,14.834657,6.3486466,12884.6859951947
Costa Rica,Mortalidad_Baja,40.780403,-30.156858,14.874452,6.3571,12590.2493781628
Costa Rica,Mortalidad_Baja,40.778145,-29.732952,14.827988,6.347779,12317.0902771322
Costa Rica,Mortalidad_Baja,40.516758,-29.947165,14.853929,6.3763413,12091.0301606335
Costa Rica,Mortalidad_Baja,40.47111,-30.119013,14.854663,6.379288,11714.7105980803
Costa Rica,Mortalidad_Baja,40.167168,-30.409077,14.856258,6.4107504,10911.4978783227
Costa Rica,Mortalidad_Baja,39.90897,-30.671774,14.8738785,6.4122744,10803.2401961972
Costa Rica,Mortalidad_Baja,39.540833,-30.534254,14.858759,6.4442987,10126.999102414
Costa Rica,Mortalidad_Baja,39.137844,-30.72739,14.84563,6.451344,9276.39107510528
Costa Rica,Mortalidad_Baja,38.667866,-30.923616,14.83118,6.4870734,8265.78820275899
Costa Rica,Mortalidad_Baja,38.420788,-31.000828,14.7672,6.5514045,6832.69829924138
Costa Rica,Mortalidad_Baja,18.571287,-31.552216,11.913514,9.827722,6937.24261596055
Costa Rica,Mortalidad_Baja,18.53225,-31.82514,11.901091,9.832523,6137.71199925542
Costa Rica,Mortalidad_Baja,18.843977,-32.86394,11.802444,9.716213,5256.59640859159
Costa Rica,Mortalidad_Baja,18.547253,-32.029068,11.88914,9.811558,4703.00721784778
Costa Rica,Mortalidad_Baja,18.535786,-32.323097,11.848339,9.80031,4431.0117207843
Costa Rica,Mortalidad_Baja,18.589931,-32.36094,11.8442335,9.788954,4173.14856415514
Costa Rica,Mortalidad_Baja,18.982502,-34.021282,11.623746,9.515151,4067.71851429092
Costa Rica,Mortalidad_Baja,18.751259,-33.82277,11.67395,9.615058,3985.12984506207
Costa Rica,Mortalidad_Baja,18.914268,-34.364815,11.611391,9.462781,3812.75388284924
Costa Rica,Mortalidad_Baja,15.56872,-34.623547,11.818079,10.29035,3275.25256447416
Croatia,Mortalidad_Baja,21.42215,-21.556501,12.732187,8.615896,18466.0955472648
Croatia,Mortalidad_Baja,21.63929,-21.033144,12.724403,8.560101,17789.9304736722
Croatia,Mortalidad_Baja,21.42107,-21.428196,12.700139,8.56662,14808.4620188819
Croatia,Mortalidad_Baja,19.194569,-24.289787,12.668305,9.139694,15563.8167397199
Croatia,Mortalidad_Baja,19.413637,-24.026316,12.680299,9.090913,15460.4183295843
Croatia,Mortalidad_Baja,19.912836,-23.482544,12.664557,9.017617,13902.6310485422
Croatia,Mortalidad_Baja,21.07453,-21.893677,12.699204,8.653089,12821.1738140304
Croatia,Mortalidad_Baja,21.114052,-21.912758,12.720086,8.695209,12285.3032582105
Croatia,Mortalidad_Baja,19.490616,-24.01698,12.684739,9.097042,14187.9694531493
Croatia,Mortalidad_Baja,19.182964,-24.082064,12.678489,9.094041,14136.3967669505
Croatia,Mortalidad_Baja,19.378119,-23.806221,12.678601,9.0851145,13508.6836989693
Croatia,Mortalidad_Baja,19.313154,-23.612068,12.681331,9.087631,14694.9993201417
Croatia,Mortalidad_Baja,20.068514,-23.20639,12.656893,8.9685755,13731.2865213989
Croatia,Mortalidad_Baja,18.685387,-23.367096,12.763896,9.173398,14475.9632928725
Croatia,Mortalidad_Baja,14.546812,-21.955135,13.26917,9.719713,15889.4347074759
Croatia,Mortalidad_Baja,-2.7649913,42.54801,-4.7197,7.882786,13757.605654192
Croatia,Mortalidad_Baja,-3.0713737,42.761013,-4.7610526,7.8790245,11502.753124287
Croatia,Mortalidad_Baja,-2.7757854,43.003677,-4.813607,7.8088923,10443.5278353294
Croatia,Mortalidad_Baja,13.572605,-21.733282,13.188932,9.788471,9718.97322801967
Croatia,Mortalidad_Media,-2.596685,43.357952,-4.7974315,7.8268514,8190.11135193887
Croatia,Mortalidad_Media,-3.010896,43.41834,-4.825907,7.794032,6219.58164143945
Croatia,Mortalidad_Media,6.4212747,-28.239372,12.5515995,11.228967,5364.83824691607
Croatia,Mortalidad_Media,19.182552,-13.755985,13.422395,8.87191,4953.65158789022
Croatia,Mortalidad_Media,-2.4491062,46.62056,-4.951985,7.636145,4929.05772183424
Cyprus,Mortalidad_Baja,54.417076,-28.93966,16.031404,4.677465,33894.44921875
Cyprus,Mortalidad_Baja,54.290844,-28.36029,16.016752,4.6765847,33734.03515625
Cyprus,Mortalidad_Baja,53.42821,-29.127588,16.029213,4.7404103,28649.015625
Cyprus,Mortalidad_Baja,49.625732,-35.54173,15.953476,5.611691,29703.052734375
Cyprus,Mortalidad_Baja,49.552856,-35.71834,16.037638,5.7461147,29599.986328125
Cyprus,Mortalidad_Baja,52.957684,-29.5868,16.01093,4.823715,26696.990234375
Cyprus,Mortalidad_Baja,53.784805,-28.242382,15.98096,4.6935067,24715.154296875
Cyprus,Mortalidad_Baja,53.98732,-28.504011,16.018925,4.666268,23487.228515625
Cyprus,Mortalidad_Baja,54.14964,-28.409891,16.014833,4.6713614,27244.3515625
Cyprus,Mortalidad_Baja,54.11072,-28.541906,16.007534,4.6965637,27797.45703125
Cyprus,Mortalidad_Baja,53.8226,-28.22197,15.981597,4.6552963,28991.935546875
Cyprus,Mortalidad_Baja,53.73832,-27.734402,15.93936,4.67258,32485.796875
Cyprus,Mortalidad_Baja,53.177055,-27.305573,15.617915,4.781394,31105.02734375
Cyprus,Mortalidad_Baja,48.35463,-29.950527,15.491768,5.3483834,32236.44921875
Cyprus,Mortalidad_Baja,46.073425,-27.772371,15.013721,5.4157305,35397.296875
Cyprus,Mortalidad_Baja,45.891712,-27.3771,14.945592,5.393276,31244.87890625
Cyprus,Mortalidad_Baja,46.318283,-28.513128,15.127189,5.4021626,26729.28125
Cyprus,Mortalidad_Baja,44.98604,-25.593977,14.766233,5.362044,24959.26171875
Cyprus,Mortalidad_Baja,45.118504,-22.161983,14.471545,5.1944623,23792.619140625
Cyprus,Mortalidad_Baja,14.567065,46.365864,-2.1617255,3.00715,20252.24609375
Cyprus,Mortalidad_Baja,14.596684,46.185566,-2.217206,3.1446457,16093.2158203125
Cyprus,Mortalidad_Baja,13.362246,37.77827,-3.4710658,5.4038844,14821.44921875
Cyprus,Mortalidad_Baja,13.479743,37.76905,-3.4357748,5.3509307,14388.3525390625
Cyprus,Mortalidad_Baja,12.385159,36.345234,-3.5596325,5.508748,15261.4169921875
Denmark,Mortalidad_Baja,51.501324,0.98873436,13.283892,2.8005285,68091.3191138669
Denmark,Mortalidad_Baja,51.047543,0.5503642,13.299663,2.8019419,69727.9873677012
Denmark,Mortalidad_Baja,50.894943,0.37545797,13.29423,2.8159974,60985.4885601514
Denmark,Mortalidad_Baja,49.91716,-1.8110758,13.513492,3.5990539,59404.2663247723
Denmark,Mortalidad_Baja,49.823494,-2.2645733,13.548824,3.7110982,61324.7665045565
Denmark,Mortalidad_Baja,49.842487,-2.0289712,13.530642,3.674589,57521.5514992225
Denmark,Mortalidad_Baja,50.715168,0.4494823,13.295855,2.82756,54500.9260410217
Denmark,Mortalidad_Baja,50.844196,0.26489928,13.293331,2.8285792,53094.0133607574
Denmark,Mortalidad_Baja,50.64573,0.7236672,13.285922,2.8129375,62520.4509747011
Denmark,Mortalidad_Baja,50.420635,0.9208014,13.273134,2.8088677,61377.5940590412
Denmark,Mortalidad_Baja,50.090187,0.82033455,13.289357,2.8285615,58443.7747103968
Denmark,Mortalidad_Baja,50.079655,1.0224774,13.264487,2.815654,61809.737898222
Denmark,Mortalidad_Baja,49.86617,1.3294513,13.220358,2.7569506,58104.5445594981
Denmark,Mortalidad_Baja,49.926056,1.5715436,13.238029,2.772757,58412.7472358513
Denmark,Mortalidad_Baja,48.539135,2.0792613,13.189717,2.87374,64616.6657583663
Denmark,Mortalidad_Baja,48.03026,2.1673694,13.156212,2.9199276,58631.6566433635
Denmark,Mortalidad_Baja,47.845615,2.2171142,13.158693,2.9173253,52119.1787984282
Denmark,Mortalidad_Baja,48.068073,2.1412926,13.173056,2.896321,48925.8076698784
Denmark,Mortalidad_Baja,47.86758,2.145797,13.156309,2.9237044,46625.050098011
Denmark,Mortalidad_Baja,47.834476,2.140717,13.132995,2.9541142,40519.0974905924
Denmark,Mortalidad_Baja,16.130299,55.71888,-0.8584459,2.2756763,33257.1622586509
Denmark,Mortalidad_Baja,16.083185,55.85906,-0.8320309,2.267874,30768.4775471112
Denmark,Mortalidad_Baja,47.672337,2.756791,13.158856,2.9195495,30722.0251837567
Denmark,Mortalidad_Baja,34.924152,-12.053586,13.39934,5.85221,35321.0980773087
Djibouti,Mortalidad_Alta,2.1024084,13.032487,8.304337,11.896597,3133.25779772463
Djibouti,Mortalidad_Alta,2.0783763,12.947497,8.318973,11.882815,3025.91126413549
Djibouti,Mortalidad_Alta,2.0912642,12.867286,8.306043,11.8955145,2844.88810647853
Djibouti,Mortalidad_Alta,2.0880663,12.795085,8.302854,11.896368,2837.16902340932
Djibouti,Mortalidad_Alta,2.0853746,12.720007,8.319508,11.89032,2718.08338799203
Djibouti,Mortalidad_Alta,18.146978,-58.55355,8.881949,12.0480585,2618.95521147369
Djibouti,Mortalidad_Alta,2.0879223,12.473468,8.302531,11.899092,2510.4300076241
Djibouti,Mortalidad_Alta,2.0774486,12.416732,8.29916,11.900475,2376.12554719873
Djibouti,Mortalidad_Alta,2.0768712,12.487686,8.275737,11.92435,2214.62084142432
Djibouti,Mortalidad_Alta,18.14725,-58.55878,8.679934,12.047427,2075.94498424748
Djibouti,Mortalidad_Alta,-20.463392,-56.891006,9.404332,14.145706,1400.19357858954
Djibouti,Mortalidad_Alta,-47.426685,-0.9640999,-2.762084,16.59323,1306.34552844977
Djibouti,Mortalidad_Alta,-28.741467,0.40354416,-1.4727534,15.1533375,1213.23352553429
Djibouti,Mortalidad_Alta,-28.730871,0.39814308,-1.3830159,15.175614,1150.9375857489
Djibouti,Mortalidad_Alta,-28.93525,-0.08488148,-1.3195627,15.403354,1119.15233346969
Djibouti,Mortalidad_Alta,-47.31968,-3.8193944,-2.521641,17.07174,969.573220191902
Djibouti,Mortalidad_Alta,-43.01599,-2.240637,-2.1173353,16.477234,898.464628136774
Djibouti,Mortalidad_Alta,-46.43436,-3.9158456,-2.3647974,16.95281,844.4483573908
Djibouti,Mortalidad_Alta,-42.48314,-2.5320377,-1.9287325,16.381569,806.261652944964
Djibouti,Mortalidad_Alta,-30.838232,-6.3385363,-1.0188571,15.929172,764.634465224597
Djibouti,Mortalidad_Alta,-27.366411,-55.682636,8.941146,14.722309,743.013270420348
Djibouti,Mortalidad_Alta,-30.86039,-6.658093,-0.94103783,16.03607,742.133791107063
Djibouti,Mortalidad_Alta,-30.84749,-6.659588,-0.92366,16.068615,737.612183644052
Djibouti,Mortalidad_Alta,-31.937922,-6.9066625,-0.93691033,16.207895,786.201866748458
Dominican Republic,Mortalidad_Media,13.147033,-55.877254,11.245469,16.56451,10104.2449349081
Dominican Republic,Mortalidad_Media,12.516417,-55.098324,11.214361,16.384953,8527.0754858205
Dominican Republic,Mortalidad_Media,12.979013,-56.256283,11.244896,16.555084,7135.22273255899
Dominican Republic,Mortalidad_Media,12.735368,-57.550327,11.238394,16.569246,8183.01623600375
Dominican Republic,Mortalidad_Media,12.971199,-57.293453,11.239578,16.568872,7882.98221584944
Dominican Republic,Mortalidad_Media,13.5260515,-56.881462,11.241652,16.548424,7412.71571571512
Dominican Republic,Mortalidad_Media,13.550435,-56.719784,11.24193,16.552616,7160.44200982307
Dominican Republic,Mortalidad_Media,13.068602,-56.84021,11.243117,16.555607,6800.95309395474
Dominican Republic,Mortalidad_Media,12.763246,-56.997032,11.247064,16.570131,6496.45166971142
Dominican Republic,Mortalidad_Media,12.6676,-57.143276,11.242161,16.560913,6136.59429329301
Dominican Republic,Mortalidad_Media,13.194471,-56.714172,11.229966,16.540642,6013.81965002603
Dominican Republic,Mortalidad_Media,12.90248,-56.566147,11.247763,16.580885,5826.51014109195
Dominican Republic,Mortalidad_Media,12.553637,-56.41251,11.250419,16.555796,5478.62470398954
Dominican Republic,Mortalidad_Media,12.339102,-56.282917,11.262739,16.473177,4973.95186999952
Dominican Republic,Mortalidad_Media,11.38154,-55.715694,11.209029,16.310415,5023.58513403515
Dominican Republic,Mortalidad_Media,10.454071,-54.99188,11.178622,16.190424,4649.64558875814
Dominican Republic,Mortalidad_Media,10.582142,-55.152714,11.183127,16.201517,4055.14270347371
Dominican Republic,Mortalidad_Media,10.727279,-54.728275,11.179779,16.189386,3878.31206735244
Dominican Republic,Mortalidad_Media,10.63299,-54.400608,11.147244,16.09786,2451.69161616569
Dominican Republic,Mortalidad_Media,10.508039,-54.88766,11.175966,16.175264,2383.26171780393
Dominican Republic,Mortalidad_Media,10.129439,-54.8499,11.177482,16.179052,3065.60329524196
Dominican Republic,Mortalidad_Media,10.144773,-54.841484,11.176737,16.180422,2935.89367312668
Dominican Republic,Mortalidad_Media,9.825415,-54.776318,11.177464,16.178791,2831.45883638033
Dominican Republic,Mortalidad_Media,-23.979403,34.09315,-4.4746633,11.579283,2109.16940728689
Ecuador,Mortalidad_Baja,13.376625,-38.77701,11.156752,10.34809,6515.58528418336
Ecuador,Mortalidad_Media,15.502372,-44.257263,10.39524,10.317524,6061.32350181711
Ecuador,Mortalidad_Media,15.494635,-45.228943,10.286182,10.50892,5463.64515348598
Ecuador,Mortalidad_Baja,12.774984,-37.21065,11.142151,10.461281,6205.05765246766
Ecuador,Mortalidad_Baja,12.844293,-37.64125,11.159492,10.410006,6303.91886658338
Ecuador,Mortalidad_Baja,13.05592,-38.313988,11.17522,10.377057,6233.32244797718
Ecuador,Mortalidad_Baja,13.08112,-38.13579,11.1616535,10.3944645,5917.63771271481
Ecuador,Mortalidad_Baja,13.076472,-38.53934,11.152759,10.394553,5976.1596805651
Ecuador,Mortalidad_Baja,0.47824785,-36.257656,11.96969,11.832886,6405.79979300441
Ecuador,Mortalidad_Baja,0.37837473,-36.246696,11.961199,11.858331,6109.29031510341
Ecuador,Mortalidad_Baja,0.21037026,-36.515827,11.926555,11.914404,5634.08393191094
Ecuador,Mortalidad_Media,0.11581213,-36.88669,11.898624,11.963445,5153.6916424375
Ecuador,Mortalidad_Baja,0.80720526,-37.393238,11.858523,11.889418,4520.30959039763
Ecuador,Mortalidad_Media,0.9416275,-37.719997,11.848569,11.892729,4053.36331139298
Ecuador,Mortalidad_Media,-0.41914412,-36.850468,11.929616,11.994907,4194.75750661981
Ecuador,Mortalidad_Media,-0.16843215,-37.25061,11.873999,11.970124,3478.92488770671
Ecuador,Mortalidad_Media,-0.009926204,-37.47101,11.862553,11.954155,3243.67010359339
Ecuador,Mortalidad_Media,0.76500475,-38.025032,11.827637,11.928388,2909.02606014388
Ecuador,Mortalidad_Media,0.99499345,-38.319035,11.743866,11.914506,2586.20914663347
Ecuador,Mortalidad_Media,1.0707915,-38.59771,11.666226,11.911868,2315.62215223014
Ecuador,Mortalidad_Media,-17.250843,28.90273,-4.583128,10.030552,2059.1585535974
Ecuador,Mortalidad_Media,-17.673512,28.457293,-3.8800566,11.716543,1791.30359685037
Ecuador,Mortalidad_Media,-9.567166,-38.697884,11.757457,13.143714,1382.23421759909
Ecuador,Mortalidad_Media,-10.248927,-48.991726,10.702841,13.633919,2108.00698245316
El Salvador,Mortalidad_Media,16.095549,-46.824783,10.184067,10.522951,5074.60210221806
El Salvador,Mortalidad_Media,15.795699,-46.75569,10.161993,10.579924,4642.60743101342
El Salvador,Mortalidad_Media,0.6897367,25.425758,-2.955784,8.49024,3997.19279583709
El Salvador,Mortalidad_Media,11.672074,-45.496895,10.198637,10.61757,4320.11671534627
El Salvador,Mortalidad_Media,11.7349825,-45.522842,10.229548,10.62959,4183.54620971358
El Salvador,Mortalidad_Media,15.389488,-46.364613,10.231736,10.672837,4020.12671373919
El Salvador,Mortalidad_Media,15.376297,-47.27323,10.127902,10.583844,3901.34014965811
El Salvador,Mortalidad_Media,15.337201,-47.17599,10.145791,10.597018,3790.34089108162
El Salvador,Mortalidad_Media,15.060521,-46.567516,10.19849,10.635205,3666.01248913873
El Salvador,Mortalidad_Media,15.108551,-46.595573,10.170658,10.6314335,3582.26694005169
El Salvador,Mortalidad_Media,14.55554,-46.617973,10.188294,10.6356735,3497.91256915509
El Salvador,Mortalidad_Media,14.248294,-46.27748,10.228279,10.714929,3330.60049486653
El Salvador,Mortalidad_Media,14.371843,-47.518257,10.082287,10.718496,3040.07300952878
El Salvador,Mortalidad_Media,14.267694,-47.9594,10.040886,10.752225,2910.18651752011
El Salvador,Mortalidad_Media,13.814957,-48.029015,10.02561,10.852959,2983.24829577976
El Salvador,Mortalidad_Media,13.480106,-48.237785,9.999244,10.919662,2830.65693770733
El Salvador,Mortalidad_Media,13.563369,-48.450104,9.97771,10.935448,2665.61807194853
El Salvador,Mortalidad_Media,13.677257,-49.013874,9.959566,10.973833,2447.39140845394
El Salvador,Mortalidad_Media,13.637203,-49.340176,9.941751,11.007934,2285.68907438892
El Salvador,Mortalidad_Media,13.332542,-49.59302,9.927875,11.048728,2207.83089518069
El Salvador,Mortalidad_Media,12.94713,-49.660828,9.961467,11.026849,2115.41187355626
El Salvador,Mortalidad_Media,12.781683,-49.93298,9.965261,11.066911,2058.04459070452
El Salvador,Mortalidad_Media,12.719993,-50.051014,9.930196,11.111587,1982.87093542615
El Salvador,Mortalidad_Alta,-14.18608,-50.98534,10.053154,13.210177,1548.3763038362
Estonia,Mortalidad_Baja,46.134808,0.11091189,13.208709,3.7147393,28451.1477825175
Estonia,Mortalidad_Baja,46.41367,0.33544832,13.19299,3.1702986,27953.7670230126
Estonia,Mortalidad_Baja,46.408443,0.10474975,13.262609,3.4030826,23933.9939421065
Estonia,Mortalidad_Baja,36.59782,-8.113669,13.17339,5.4545407,24021.2501413306
Estonia,Mortalidad_Baja,39.59053,-3.780161,13.179576,4.9713526,23618.1361254581
Estonia,Mortalidad_Baja,35.29945,-10.265575,13.290843,5.639146,20851.5223496861
Estonia,Mortalidad_Baja,35.18485,-10.400532,13.279323,5.6931496,18666.3736521706
Estonia,Mortalidad_Baja,34.464035,-10.0673895,13.316876,5.7898927,17722.1557669523
Estonia,Mortalidad_Baja,34.005306,-10.699226,13.354369,5.818493,20581.7898991695
Estonia,Mortalidad_Baja,34.036793,-10.703369,13.333297,5.7947187,19310.3874900757
Estonia,Mortalidad_Baja,33.78699,-10.924576,13.357231,5.86134,17568.2137969714
Estonia,Mortalidad_Baja,33.715595,-10.961842,13.345347,5.8596663,17555.5455239426
Estonia,Mortalidad_Baja,33.928337,-11.197298,13.368395,5.8500447,14663.7041018705
Estonia,Mortalidad_Media,34.256058,-12.577332,13.471671,5.9740305,14712.4494217916
Estonia,Mortalidad_Media,33.602516,-11.741531,13.404751,5.953039,18205.9064113446
Estonia,Mortalidad_Media,32.66457,-11.962241,13.4229555,6.0419164,16745.4308011148
Estonia,Mortalidad_Media,28.328085,-15.053948,13.512751,7.9302597,12641.4800976473
Estonia,Mortalidad_Media,27.908524,-15.349465,13.517412,8.011782,10414.6381183565
Estonia,Mortalidad_Media,27.815636,-15.456179,13.515575,8.014339,8916.0728274602
Estonia,Mortalidad_Media,27.632885,-15.612118,13.521083,8.038513,7205.40703313243
Estonia,Mortalidad_Media,27.508701,-15.768728,13.521128,8.058672,5343.18310760735
Estonia,Mortalidad_Media,27.472569,-15.763516,13.523117,8.0750065,4502.66614992392
Estonia,Mortalidad_Media,27.432577,-15.83583,13.505447,8.060181,4070.60902410208
Estonia,Mortalidad_Media,25.90814,-16.061056,13.516569,8.512088,3134.38975345407
Eswatini,Mortalidad_Alta,-9.730792,1.8882662,0.31130183,13.582747,3889.65276959161
Eswatini,Mortalidad_Alta,-9.022329,0.6816642,0.42898217,13.583837,3966.29863253832
Eswatini,Mortalidad_Alta,-8.960532,1.013216,0.41865247,13.570006,3454.784217446
Eswatini,Mortalidad_Alta,-9.50725,0.83925456,0.34721005,13.640523,3913.12643969301
Eswatini,Mortalidad_Alta,-10.653119,0.68204004,0.23536037,13.75168,3973.46344933667
Eswatini,Mortalidad_Alta,-10.492892,-0.048574682,0.28663358,13.883289,3853.99147918102
Eswatini,Mortalidad_Alta,-16.8815,-60.936646,9.165309,13.249357,3239.80707501414
Eswatini,Mortalidad_Alta,-10.581643,-2.349354,0.41275567,14.10283,3420.75357067279
Eswatini,Mortalidad_Alta,-12.691754,-3.2154863,0.30725986,14.290886,3771.90796458406
Eswatini,Mortalidad_Alta,-13.001142,-3.5427039,0.30175787,14.348997,3951.12008139006
Eswatini,Mortalidad_Alta,-13.483967,-3.9624052,0.29590866,14.445452,4347.99569336631
Eswatini,Mortalidad_Alta,-13.548106,-4.5538034,0.31040764,14.484028,4312.34243414155
Eswatini,Mortalidad_Alta,-13.803358,-4.9143167,0.34600228,14.611548,3992.95199562618
Eswatini,Mortalidad_Alta,-28.17108,-59.011032,8.875309,14.400966,3239.7578007877
Eswatini,Mortalidad_Alta,-16.062243,-7.3007274,0.340721,15.166825,2999.82816920508
Eswatini,Mortalidad_Alta,-16.321598,-7.394925,0.32352212,15.214824,3180.86121498525
Eswatini,Mortalidad_Alta,-16.364904,-7.4406476,0.31927964,15.19878,3035.06156119205
Eswatini,Mortalidad_Alta,-16.158312,-8.100394,0.3322924,15.247113,2945.36394872311
Eswatini,Mortalidad_Alta,-15.810748,-8.092921,0.40119252,15.156031,2581.24172793045
Eswatini,Mortalidad_Alta,-16.54635,-8.182118,0.2940522,15.27913,2060.18418135789
Eswatini,Mortalidad_Alta,-16.694407,-8.160755,0.29092956,15.277197,1351.86550182919
Eswatini,Mortalidad_Alta,-16.656862,-8.040051,0.28120843,15.286185,1467.5389023828
Eswatini,Mortalidad_Alta,-28.303343,-58.709064,8.829691,14.495012,1668.9749133064
Eswatini,Mortalidad_Alta,-33.891968,46.27249,-6.681506,11.10672,1750.75400773784
Ethiopia,Mortalidad_Media,-54.675133,18.71754,-5.060559,15.213517,1011.07332413462
Ethiopia,Mortalidad_Alta,-26.116096,-46.48476,9.896004,15.137395,910.947887074508
Ethiopia,Mortalidad_Alta,-54.45119,19.032896,-5.0379605,15.226502,905.313159254148
Ethiopia,Mortalidad_Alta,-54.666794,19.381147,-5.0546107,15.185769,828.709080522921
Ethiopia,Mortalidad_Alta,-54.848476,19.831818,-5.039505,15.172884,747.968003672674
Ethiopia,Mortalidad_Alta,-54.97073,19.390162,-5.0486994,15.188882,745.632433925343
Ethiopia,Mortalidad_Alta,-54.945503,19.194923,-5.0457025,15.24009,696.196084806324
Ethiopia,Mortalidad_Alta,-26.745838,-47.31595,9.715452,15.205282,621.845673808133
Ethiopia,Mortalidad_Alta,-55.7481,-1.5233283,-3.2081587,17.287539,549.986577082588
Ethiopia,Mortalidad_Alta,-55.513947,-2.0700912,-3.2321074,17.352442,484.039833104062
Ethiopia,Mortalidad_Alta,-55.42501,-2.7949688,-3.099036,17.454885,452.101031885754
Ethiopia,Mortalidad_Alta,-54.913116,-1.8696179,-3.1767962,17.324678,343.024942351887
Ethiopia,Mortalidad_Alta,-28.133766,-48.88843,9.427291,15.369268,330.619412798644
Ethiopia,Mortalidad_Alta,-53.65107,-6.770334,-2.7988234,17.601728,368.574712267445
Ethiopia,Mortalidad_Alta,-53.4648,-7.002692,-2.716977,17.681364,316.410475118075
Ethiopia,Mortalidad_Alta,-52.951946,-7.818421,-2.6514602,17.667622,237.146255996319
Ethiopia,Mortalidad_Alta,-52.801857,-8.398712,-2.528004,17.773516,189.345737521418
Ethiopia,Mortalidad_Alta,-52.526863,-8.985381,-2.27411,17.915913,158.243458082465
Ethiopia,Mortalidad_Alta,-30.508018,-49.975986,9.251441,15.481602,133.169812538096
Ethiopia,Mortalidad_Alta,-43.926792,-10.432451,-1.5354028,17.476,116.800491132777
Ethiopia,Mortalidad_Alta,-43.982746,-10.72041,-1.5583454,17.76251,109.593813612988
Ethiopia,Mortalidad_Alta,-51.303154,-13.379316,-1.6420099,18.099495,118.457204255261
Ethiopia,Mortalidad_Alta,-51.300888,-13.839603,-1.59213,18.205725,122.269202606069
Ethiopia,Mortalidad_Alta,-33.617386,-51.49633,8.907353,15.439809,136.523619088963
Fiji,Mortalidad_Media,-26.998789,28.642488,-3.877082,10.614045,5405.03006162671
Fiji,Mortalidad_Alta,-27.26227,28.547522,-3.907079,10.960929,4696.17103944634
Fiji,Mortalidad_Media,-27.22847,28.589413,-3.9361055,10.904359,4844.42127154524
Fiji,Mortalidad_Media,-2.271164,-45.24894,11.122445,12.424371,5950.82866866702
Fiji,Mortalidad_Media,-10.910541,26.574957,-4.1510897,9.576907,6085.41979485376
Fiji,Mortalidad_Media,-10.977252,26.545324,-4.153682,9.548074,5826.84814459328
Fiji,Mortalidad_Alta,-11.965933,27.750961,-4.266294,9.543284,5363.79026679243
Fiji,Mortalidad_Alta,-12.035986,28.087599,-4.304596,9.512736,5097.53106864695
Fiji,Mortalidad_Alta,-12.050014,28.129477,-4.314975,9.551095,5293.35676680464
Fiji,Mortalidad_Alta,-1.8995543,-45.52558,11.013597,12.161811,4572.44377544245
Fiji,Mortalidad_Alta,-11.922301,27.99668,-4.212848,9.527421,4341.40338748749
Fiji,Mortalidad_Media,-8.817749,26.01373,-3.9161205,9.380722,4139.60288609702
Fiji,Mortalidad_Alta,-8.896658,25.914675,-3.9559524,9.456512,3449.14452883369
Fiji,Mortalidad_Alta,-8.865672,25.953068,-3.9054124,9.415632,3164.13275408169
Fiji,Mortalidad_Alta,10.964151,-47.711464,10.944739,11.649479,3899.92231512129
Fiji,Mortalidad_Alta,-9.016805,25.593067,-3.9379857,9.457582,3762.74692789299
Fiji,Mortalidad_Alta,-10.721656,25.777838,-4.062734,9.517353,3455.10599907349
Fiji,Mortalidad_Alta,-10.5968895,25.767447,-4.0486455,9.50661,3377.69126953493
Fiji,Mortalidad_Alta,-11.55035,26.053993,-4.1111856,9.591772,3097.19096651759
Fiji,Mortalidad_Alta,-11.471959,26.218094,-4.13074,9.5796,2655.58079586044
Fiji,Mortalidad_Alta,-4.5545683,-45.500782,10.992633,12.888676,2136.56794118683
Fiji,Mortalidad_Alta,-11.445708,26.074532,-4.086198,9.567003,1944.997414609
Fiji,Mortalidad_Alta,-11.755031,25.8595,-4.091518,9.616945,1995.72071163264
Fiji,Mortalidad_Alta,-22.952116,25.463118,-3.872466,12.355073,2466.74347815903
Finland,Mortalidad_Baja,58.60835,15.9637575,9.468334,-1.0964841,50440.560224974
Finland,Mortalidad_Baja,58.47439,15.878151,9.455494,-1.1011972,53099.1351400148
Finland,Mortalidad_Baja,58.613842,15.823471,9.452615,-1.0872293,48828.6846862799
Finland,Mortalidad_Baja,57.841892,16.176678,9.393478,-1.1028618,48358.1807773701
Finland,Mortalidad_Baja,57.052155,16.345917,9.4061985,-1.0982738,49654.2497035329
Finland,Mortalidad_Baja,57.22275,16.322287,9.410473,-1.09141,46085.0174739036
Finland,Mortalidad_Baja,56.84068,16.071081,9.426238,-1.0896229,43451.2562442158
Finland,Mortalidad_Baja,56.882202,15.603427,9.486037,-1.0759821,42560.3456767103
Finland,Mortalidad_Baja,57.552635,15.852128,9.449101,-1.1052395,50073.7760815871
Finland,Mortalidad_Baja,57.75392,15.845377,9.442406,-1.1040565,49691.0145200739
Finland,Mortalidad_Baja,57.212402,15.962381,9.450689,-1.0929879,47551.6740841369
Finland,Mortalidad_Baja,56.781734,16.949213,9.379885,-1.1114371,51060.3242589767
Finland,Mortalidad_Baja,56.654926,17.376595,9.360213,-1.120569,46506.2919016566
Finland,Mortalidad_Baja,57.523483,16.788452,9.413767,-1.1274978,47478.3495310999
Finland,Mortalidad_Baja,56.905357,19.107111,9.08799,-1.2402126,53769.4726240385
Finland,Mortalidad_Baja,56.91167,19.63093,9.0318775,-1.2006918,48473.0240091455
Finland,Mortalidad_Baja,56.766068,19.600372,9.043471,-1.2051002,41214.0187765069
Finland,Mortalidad_Baja,56.936142,19.301521,9.063907,-1.2096665,39049.8703780223
Finland,Mortalidad_Baja,56.640118,19.475424,9.058523,-1.2003132,37768.1334202029
Finland,Mortalidad_Baja,56.668602,19.591017,9.04653,-1.2125452,32920.0857192568
Finland,Mortalidad_Baja,23.282993,56.63594,-1.1070548,1.743085,26989.389260959
Finland,Mortalidad_Baja,23.295818,56.650177,-1.0897385,1.7711957,24965.202996776
Finland,Mortalidad_Baja,57.431625,20.06374,9.012806,-1.211775,24335.9225082659
Finland,Mortalidad_Baja,61.050713,22.442225,8.737767,-0.8543141,26246.2743214462
France,Mortalidad_Baja,61.690228,-5.8616996,11.897831,0.26411334,41082.8119320747
France,Mortalidad_Baja,60.00743,-5.078218,11.842387,0.1894741,43725.0999521245
France,Mortalidad_Baja,59.801582,-4.283925,11.84153,0.23476644,39169.8606000707
France,Mortalidad_Baja,61.16972,-9.371813,11.706898,0.6146576,40408.2848574751
France,Mortalidad_Baja,61.2204,-9.833613,11.695152,0.59549737,41418.1766484844
France,Mortalidad_Baja,60.88807,-8.939063,11.69066,0.574108,38687.1626407164
France,Mortalidad_Baja,60.96088,-9.0836115,11.705758,0.5778079,37024.2157133669
France,Mortalidad_Baja,60.494484,-8.72828,11.723863,0.5910851,36702.4323733379
France,Mortalidad_Baja,60.850487,-8.861287,11.692702,0.6202769,43148.0459288416
France,Mortalidad_Baja,60.37001,-9.0432,11.721716,0.5933243,42669.1795111893
France,Mortalidad_Baja,60.581814,-9.65364,11.7122965,0.5996902,40863.5814412333
France,Mortalidad_Baja,60.458176,-9.449027,11.722945,0.60428715,43929.7840873812
France,Mortalidad_Baja,60.22154,-9.523933,11.715752,0.6157721,40694.8211697025
France,Mortalidad_Baja,59.907387,-8.409947,11.753796,0.5507875,41728.0884164132
France,Mortalidad_Baja,59.393673,-8.780126,11.7508335,0.6225787,45464.8181385158
France,Mortalidad_Baja,59.230312,-8.769177,11.736404,0.62708515,41486.1907828787
France,Mortalidad_Baja,59.335464,-9.760042,11.755331,0.7250298,36431.5658906555
France,Mortalidad_Baja,59.219406,-10.595671,11.7307,0.8101609,34696.3718316971
France,Mortalidad_Baja,59.348736,-11.443254,11.715573,0.87397575,33644.9282220364
France,Mortalidad_Baja,59.05807,-11.287656,11.728161,0.8816891,29479.5222101175
France,Mortalidad_Baja,59.039948,-11.408438,11.7426605,0.9050483,24144.5727019529
France,Mortalidad_Baja,59.003105,-11.5532,11.718579,0.93377036,22331.7948343036
France,Mortalidad_Baja,58.940773,-11.627225,11.744949,0.90710473,22340.5939516217
France,Mortalidad_Baja,17.569012,54.533016,-1.1815506,2.3141954,26791.8151982369
Gabon,Mortalidad_Media,-27.06123,49.769417,-6.741284,10.399437,8409.20741452279
Gabon,Mortalidad_Media,-28.26734,46.84068,-6.4969473,10.755918,8181.40914134398
Gabon,Mortalidad_Media,-27.954288,45.85873,-6.2961674,10.750091,6605.80346077904
Gabon,Mortalidad_Media,-28.122997,46.56957,-6.399479,10.731129,7441.1786472281
Gabon,Mortalidad_Media,-28.102327,46.528465,-6.4442225,10.731331,7624.2775233771
Gabon,Mortalidad_Alta,-16.969345,-36.852882,11.389065,14.112355,6921.73373135624
Gabon,Mortalidad_Alta,-28.173174,46.429222,-6.430481,10.756394,6677.07003901644
Gabon,Mortalidad_Alta,-28.307936,46.986504,-6.5243835,10.729745,7047.12654634355
Gabon,Mortalidad_Alta,-28.920652,50.252098,-6.842857,10.599895,9201.36276648105
Gabon,Mortalidad_Alta,-29.032038,50.740902,-6.896805,10.567046,9197.70106323947
Gabon,Mortalidad_Alta,-28.598024,51.020035,-6.9223247,10.50413,9296.96587941088
Gabon,Mortalidad_Alta,-28.700495,51.307888,-6.973787,10.495487,10219.1139339454
Gabon,Mortalidad_Alta,-29.453438,50.541904,-6.878181,10.609273,8356.74662013345
Gabon,Mortalidad_Alta,-29.900936,49.207916,-6.7352614,10.698515,7290.57526093114
Gabon,Mortalidad_Alta,-29.291311,50.726402,-6.8930726,10.589235,9688.64519690633
Gabon,Mortalidad_Alta,-29.496569,50.244255,-6.880935,10.630329,8003.54289696049
Gabon,Mortalidad_Alta,-29.600454,50.131027,-6.8724313,10.6353855,6847.00985685394
Gabon,Mortalidad_Alta,-18.811497,-37.993965,11.312922,14.381202,6547.87613955186
Gabon,Mortalidad_Alta,-30.026371,49.40021,-6.7936006,10.684096,5465.79193590708
Gabon,Mortalidad_Alta,-33.115646,46.56853,-6.677419,11.075086,4710.74862768151
Gabon,Mortalidad_Alta,-33.16828,46.55108,-6.67639,11.087224,3966.48001864663
Gabon,Mortalidad_Alta,-33.211517,46.539204,-6.660262,11.094289,3835.75718279727
Gabon,Mortalidad_Alta,-33.246246,46.529022,-6.679838,11.087429,3982.906200928
Gabon,Mortalidad_Alta,-33.40808,46.450253,-6.6806498,11.089685,4414.8755828572
Georgia,Mortalidad_Media,33.477474,-20.70287,11.713028,7.915643,6729.84659930283
Georgia,Mortalidad_Media,33.024124,-20.73743,11.712497,7.937707,5083.60695484577
Georgia,Mortalidad_Media,33.5255,-20.944668,11.706149,7.904243,4300.85701291207
Georgia,Mortalidad_Media,32.586254,-21.233894,11.791343,8.167808,4741.2832715876
Georgia,Mortalidad_Media,33.25656,-21.112501,11.7052355,7.98812,4804.0546040444
Georgia,Mortalidad_Media,33.428345,-20.793684,11.7017765,7.9342895,4418.75206546679
Georgia,Mortalidad_Media,19.848986,-37.4748,11.032604,9.580843,4143.40125686315
Georgia,Mortalidad_Media,19.676493,-37.6907,10.920044,9.6699,4086.6223465965
Georgia,Mortalidad_Media,16.912848,-43.20804,10.5591,9.995086,4830.33486170249
Georgia,Mortalidad_Media,16.831728,-43.495834,10.46967,10.024201,4712.00229382665
Georgia,Mortalidad_Media,16.490026,-44.076717,10.43714,10.11186,4530.69533409431
Georgia,Mortalidad_Media,16.65852,-43.512043,10.496499,10.068232,4119.66818307193
Georgia,Mortalidad_Media,16.63403,-44.213413,10.420501,10.108918,3281.72930937343
Georgia,Mortalidad_Media,15.1310215,-45.575947,10.236486,10.627638,2822.68939668797
Georgia,Mortalidad_Media,5.730623,-47.871326,10.342395,10.841174,3324.7537205015
Georgia,Mortalidad_Media,0.77200747,-46.413364,10.926882,11.94201,2635.36650276116
Georgia,Mortalidad_Media,0.17321119,-46.474255,10.896111,12.073633,1996.02013272284
Georgia,Mortalidad_Media,-8.116909,-46.45455,10.816803,13.289598,1642.78359414797
Georgia,Mortalidad_Media,-8.901174,-46.050625,10.824873,13.349385,1305.04748557208
Georgia,Mortalidad_Media,-9.973263,-46.818626,10.722804,13.506093,1010.03151630868
Georgia,Mortalidad_Media,-10.053066,-47.057262,10.713892,13.487101,853.526171868939
Georgia,Mortalidad_Media,-10.418525,-47.28575,10.678012,13.540224,801.98383707929
Georgia,Mortalidad_Media,-9.929195,-48.825584,10.677139,13.53467,749.908534993961
Georgia,Mortalidad_Media,-33.382183,17.265583,-3.317075,13.8805895,578.336923460866
Germany,Mortalidad_Baja,16.528736,53.483574,-1.2471993,2.4504066,49686.1154582583
Germany,Mortalidad_Baja,16.13704,52.806713,-1.4151857,2.4737732,52265.6541620571
Germany,Mortalidad_Baja,44.846428,-3.1571126,13.297647,4.050893,47379.765194548
Germany,Mortalidad_Baja,43.996693,-3.2260215,13.278261,4.0720215,47623.8656074829
Germany,Mortalidad_Baja,42.616673,-5.3507795,13.16954,4.250486,48874.8595028454
Germany,Mortalidad_Baja,42.55072,-4.57474,13.191978,4.1995854,45526.5999576533
Germany,Mortalidad_Baja,43.162437,-4.4099474,13.202997,4.1791754,42961.0356905775
Germany,Mortalidad_Baja,43.240334,-4.7381935,13.198006,4.197232,41911.0109851054
Germany,Mortalidad_Baja,42.895706,-3.624963,13.255035,4.1055484,48971.0824722599
Germany,Mortalidad_Baja,42.835506,-3.5938478,13.197645,4.2248793,47220.0102098851
Germany,Mortalidad_Baja,42.513298,-3.8885832,13.186011,4.217789,44735.5882319701
Germany,Mortalidad_Baja,42.740986,-3.5349889,13.187483,4.1963997,47646.582043143
Germany,Mortalidad_Baja,43.422043,-4.314791,13.20281,4.2290154,42409.9356994694
Germany,Mortalidad_Baja,44.159485,-5.097263,13.235827,4.229006,42487.2137101496
Germany,Mortalidad_Baja,43.362377,-3.874482,13.184371,4.2555323,46386.3295924799
Germany,Mortalidad_Baja,43.369785,-3.2810397,13.201654,4.2165675,42350.9217211489
Germany,Mortalidad_Baja,44.07757,-4.0259123,13.169828,4.1868286,36980.3349948954
Germany,Mortalidad_Baja,43.775864,-5.531209,13.236126,4.2742124,35084.4363546269
Germany,Mortalidad_Baja,43.377453,-6.432515,13.227984,4.3974166,34566.7359143735
Germany,Mortalidad_Baja,43.515263,-6.288349,13.235721,4.3071184,30711.1022511331
Germany,Mortalidad_Baja,43.52614,-6.085215,13.240663,4.326473,25486.5942008748
Germany,Mortalidad_Baja,41.553833,-2.5034041,13.170319,4.324279,23878.3641471651
Germany,Mortalidad_Baja,41.23316,-2.54333,13.195037,4.3755565,23925.8559901991
Germany,Mortalidad_Baja,47.00695,2.0041692,13.141079,2.9745517,31747.2449398447
Ghana,Mortalidad_Alta,-37.558834,25.668701,-4.2295017,13.729171,2229.89122647803
Ghana,Mortalidad_Alta,-39.804115,27.015154,-4.478163,13.685789,2445.18662529344
Ghana,Mortalidad_Alta,-39.801758,26.90813,-4.4371753,13.677488,2195.45481659987
Ghana,Mortalidad_Alta,-39.386257,26.725626,-4.4080496,13.656623,2186.65822682613
Ghana,Mortalidad_Alta,-39.805485,26.503462,-4.418657,13.701442,2195.32166016377
Ghana,Mortalidad_Alta,-39.373497,26.314287,-4.3615117,13.687016,2012.28662641265
Ghana,Mortalidad_Alta,-17.761093,-50.337257,10.124257,14.025027,1912.47991339951
Ghana,Mortalidad_Alta,-37.854134,24.686354,-4.2425857,13.825295,1722.77282833606
Ghana,Mortalidad_Alta,-38.23039,24.51213,-4.2619057,13.8228,1949.90832923846
Ghana,Mortalidad_Alta,-38.237377,24.298712,-4.2105937,13.841352,2294.79584693743
Ghana,Mortalidad_Alta,-18.204863,-50.748653,9.95804,14.097174,1543.77524235764
Ghana,Mortalidad_Alta,-42.65885,12.337656,-3.168027,15.161058,1507.43573198753
Ghana,Mortalidad_Alta,-42.074177,11.062381,-2.998975,15.484733,1263.89251760539
Ghana,Mortalidad_Alta,-41.557076,10.629907,-2.9905903,15.548734,1047.70430093586
Ghana,Mortalidad_Alta,-41.163223,10.578683,-3.005482,15.509431,1182.65761256016
Ghana,Mortalidad_Alta,-42.361248,10.824895,-3.0359478,15.488967,1050.12461524926
Ghana,Mortalidad_Alta,-41.993927,10.539964,-3.0104575,15.500828,906.441027564887
Ghana,Mortalidad_Alta,-29.36198,-47.411724,9.415135,15.436764,478.611909191028
Ghana,Mortalidad_Alta,-57.380802,-6.1726103,-3.000411,17.84756,406.132105329565
Ghana,Mortalidad_Alta,-57.634697,-6.222269,-3.0373163,17.903734,358.39927142073
Ghana,Mortalidad_Alta,-57.631077,-6.2363176,-3.0472202,17.906988,297.46164468774
Ghana,Mortalidad_Alta,-57.690693,-6.299297,-3.033897,17.889082,263.542156494853
Ghana,Mortalidad_Alta,-57.70861,-6.3725133,-3.0120084,17.891298,253.746936203344
Ghana,Mortalidad_Alta,-56.569263,-6.0971565,-2.955804,17.807579,371.537243033836
Greece,Mortalidad_Baja,47.093697,-29.764908,15.352105,5.444805,20971.8349258283
Greece,Mortalidad_Baja,47.219917,-29.722534,15.385347,5.449341,20654.7001960815
Greece,Mortalidad_Baja,47.324265,-30.06628,15.453881,5.4449863,17886.733165236
Greece,Mortalidad_Baja,48.196346,-36.549652,16.07589,5.850369,19335.3602002969
Greece,Mortalidad_Baja,48.038002,-36.48873,16.078033,5.8290358,19873.4015238771
Greece,Mortalidad_Baja,48.344425,-35.900166,16.026844,5.7998476,18631.9930129293
Greece,Mortalidad_Baja,48.230762,-35.588852,15.974902,5.825566,17919.2426377048
Greece,Mortalidad_Baja,48.359226,-36.144855,16.049568,5.795746,17980.7298238137
Greece,Mortalidad_Baja,48.29031,-37.137764,16.099611,5.802034,21474.7257123892
Greece,Mortalidad_Baja,48.23227,-37.055458,16.138208,5.807546,21573.3449762805
Greece,Mortalidad_Baja,48.04062,-36.979004,16.134802,5.8050284,21624.346052551
Greece,Mortalidad_Baja,48.26591,-36.45332,16.08342,5.7629194,25504.7866510124
Greece,Mortalidad_Baja,48.34833,-34.4031,15.820434,5.70872,26653.0488008626
Greece,Mortalidad_Baja,48.287746,-34.561737,15.799097,5.764791,29425.4573200263
Greece,Mortalidad_Baja,47.75521,-34.81769,15.86124,5.870779,31695.8331092209
Greece,Mortalidad_Baja,44.636566,-35.101135,15.645805,6.0021267,28440.7625328955
Greece,Mortalidad_Baja,44.283302,-34.872353,15.622681,6.010432,24416.0232970275
Greece,Mortalidad_Baja,44.400578,-35.255604,15.665839,6.0242295,22054.1315756886
Greece,Mortalidad_Baja,43.995163,-35.102104,15.58676,6.060714,21449.2552764245
Greece,Mortalidad_Baja,43.64155,-35.06241,15.582969,6.07837,18020.612039764
Greece,Mortalidad_Baja,12.142856,38.40245,-3.5831444,5.4531465,13782.195640943
Greece,Mortalidad_Baja,12.015936,38.42,-3.6323977,5.5168343,12156.9572824221
Greece,Mortalidad_Baja,42.11447,-34.52375,15.470177,6.1615777,11638.2010697215
Greece,Mortalidad_Baja,41.867535,-34.452145,15.219914,6.3385124,12779.081491606
Guatemala,Mortalidad_Media,-3.067911,24.542364,-2.8852336,8.924943,5358.70127494396
Guatemala,Mortalidad_Media,-3.89794,24.898256,-2.889251,8.996971,4912.62225721201
Guatemala,Mortalidad_Media,-3.6417625,24.500383,-2.8850386,8.988921,4477.61761796418
Guatemala,Mortalidad_Media,-3.1543322,24.186705,-2.8584144,8.961741,4511.99755157656
Guatemala,Mortalidad_Media,-3.1610286,24.04583,-2.8308053,8.936657,4352.94651790253
Guatemala,Mortalidad_Media,-3.3698494,24.03159,-2.827975,8.938583,4324.99608157801
Guatemala,Mortalidad_Media,-3.770679,24.01568,-2.840959,9.053556,4060.13754974186
Guatemala,Mortalidad_Media,-3.9723668,23.990793,-2.8286853,9.048287,3893.50522093509
Guatemala,Mortalidad_Media,1.4656184,-49.700893,10.470638,11.924126,3689.14471813777
Guatemala,Mortalidad_Media,-4.3530984,23.828157,-2.807411,9.163564,3444.15971264862
Guatemala,Mortalidad_Media,-5.091723,23.748634,-2.867691,9.168493,3286.61959336267
Guatemala,Mortalidad_Media,-5.370252,23.704855,-2.878531,9.25338,3168.98370607705
Guatemala,Mortalidad_Media,-5.35415,23.573557,-2.8683105,9.268874,2805.25960237322
Guatemala,Mortalidad_Media,-5.7559004,23.39647,-2.840119,9.316132,2611.64632773352
Guatemala,Mortalidad_Media,-6.1800466,23.285753,-2.8397326,9.399011,2763.05988172926
Guatemala,Mortalidad_Media,-18.395056,22.746702,-3.0855029,11.844615,2458.81573919384
Guatemala,Mortalidad_Media,-2.0157797,-48.58784,10.636045,12.36593,2225.1234753878
Guatemala,Mortalidad_Media,-19.006464,22.596853,-3.0920422,11.9816065,2046.46611650758
Guatemala,Mortalidad_Media,-19.415688,22.553373,-3.057211,12.081454,1840.91184884
Guatemala,Mortalidad_Media,-19.812353,22.027546,-3.0128233,12.104131,1722.54701910774
Guatemala,Mortalidad_Media,-20.109274,21.637445,-2.9932652,12.145434,1669.33517469705
Guatemala,Mortalidad_Media,-20.13342,21.465645,-2.9434526,12.169689,1537.68663578252
Guatemala,Mortalidad_Media,-18.18661,-53.11146,9.819651,14.189755,1648.96578971559
Guatemala,Mortalidad_Alta,-28.567316,14.592209,-2.5919943,14.134602,1421.06177809796
Guinea,Mortalidad_Alta,-47.509583,-1.1841826,-2.6534958,16.76611,1416.59612011764
Guinea,Mortalidad_Alta,-47.02484,-0.5560291,-2.6166065,16.774286,1244.96550477914
Guinea,Mortalidad_Alta,-46.911907,0.16543745,-2.5791142,16.752827,1053.66097696415
Guinea,Mortalidad_Alta,-46.700928,-0.82127196,-2.582748,16.745665,1031.34146480732
Guinea,Mortalidad_Alta,-27.76165,-52.481613,9.117315,15.067317,933.273615633705
Guinea,Mortalidad_Alta,-43.964973,-0.252724,-2.1530204,16.481213,833.598621691121
Guinea,Mortalidad_Alta,-29.049353,-7.5479198,-0.8446001,15.804263,711.996509782316
Guinea,Mortalidad_Alta,-29.322233,-6.8631716,-0.87239116,15.741136,747.356966759448
Guinea,Mortalidad_Alta,-28.48749,-7.2869434,-0.8044001,15.754162,765.146999389279
Guinea,Mortalidad_Alta,-28.682928,-7.2315087,-0.8205145,15.79659,748.455020824734
Guinea,Mortalidad_Alta,-27.4124,-56.094894,8.893292,14.680023,699.353377212197
Guinea,Mortalidad_Alta,-28.019447,-6.9533734,-0.7923476,15.753463,636.694958747648
Guinea,Mortalidad_Alta,-28.027674,-7.14912,-0.7622898,15.821482,659.235326211315
Guinea,Mortalidad_Alta,-28.146791,-6.737751,-0.78826827,15.822557,662.185914665575
Guinea,Mortalidad_Alta,-28.184875,-6.7992773,-0.7766627,15.812319,703.532825784369
Guinea,Mortalidad_Alta,-27.472271,-56.340622,8.897274,14.661989,650.148575304743
Guinea,Mortalidad_Alta,-28.861984,-6.310166,-0.7520749,15.872837,446.980554135013
Guinea,Mortalidad_Alta,-25.785025,-13.368124,-0.0372465,16.395016,463.17768685098
Guinea,Mortalidad_Alta,-25.757637,-13.368936,-0.036792465,16.4129,584.897740538081
Guinea,Mortalidad_Alta,-25.628464,-13.339552,-0.017818075,16.391144,566.48540588068
Guinea,Mortalidad_Alta,-31.40284,-57.34479,8.894648,14.918185,495.916073559269
Guinea,Mortalidad_Alta,-25.51986,-13.370063,0.007848577,16.39567,483.085120214741
Guinea,Mortalidad_Alta,-25.369093,-13.360761,-0.024157517,16.41832,518.157066924026
Guinea,Mortalidad_Alta,-23.739866,-13.787054,-0.004957564,16.410896,713.031460558683
Guinea-Bissau,Mortalidad_Alta,-54.570736,3.4999545,-3.2168183,16.50347,873.437861875428
Guinea-Bissau,Mortalidad_Alta,-26.706846,-48.392235,9.615354,15.20222,912.484104692847
Guinea-Bissau,Mortalidad_Alta,-53.96249,3.7616804,-3.194072,16.420347,836.26731423732
Guinea-Bissau,Mortalidad_Alta,-39.496693,11.484702,-3.080571,15.52884,807.425524872835
Guinea-Bissau,Mortalidad_Alta,-26.028673,-49.43706,9.666968,14.968977,808.531613218504
Guinea-Bissau,Mortalidad_Alta,-52.52216,2.1480262,-3.158778,16.556013,783.123186602022
Guinea-Bissau,Mortalidad_Alta,-53.809456,2.4310117,-3.1581802,16.624088,679.665386626818
Guinea-Bissau,Mortalidad_Alta,-53.751545,2.0960374,-3.1625147,16.664297,645.066837207039
Guinea-Bissau,Mortalidad_Alta,-53.670986,1.4005046,-3.122659,16.838501,652.022501029449
Guinea-Bissau,Mortalidad_Alta,-53.95841,-0.68355894,-3.0318356,17.178473,654.304534409417
Guinea-Bissau,Mortalidad_Alta,-53.680283,-0.80841374,-2.9848478,17.217773,635.461653303881
Guinea-Bissau,Mortalidad_Alta,-53.420044,-0.8062286,-2.9005373,17.27575,719.539573498937
Guinea-Bissau,Mortalidad_Alta,-29.223396,-49.99827,9.34105,15.443669,600.194298540768
Guinea-Bissau,Mortalidad_Alta,-52.49225,-8.11555,-2.6036646,17.64886,583.190020139094
Guinea-Bissau,Mortalidad_Alta,-48.010468,-11.8103075,-1.1284564,17.909351,640.210331101753
Guinea-Bissau,Mortalidad_Alta,-48.04478,-12.218648,-1.0980278,17.928785,519.069789794741
Guinea-Bissau,Mortalidad_Alta,-48.131607,-12.755382,-1.0880084,17.957588,448.513075469701
Guinea-Bissau,Mortalidad_Alta,-48.10875,-13.385216,-1.0857114,18.017214,463.073962650452
Guinea-Bissau,Mortalidad_Alta,-47.1514,-13.206039,-1.0410801,17.985767,431.376557669634
Guinea-Bissau,Mortalidad_Alta,-47.202675,-13.947558,-1.0081788,18.029934,419.78486611807
Guinea-Bissau,Mortalidad_Alta,-32.062775,-52.440342,8.872697,15.3368025,362.034574570354
Guinea-Bissau,Mortalidad_Alta,-45.4943,-15.312569,-0.8528794,18.100178,327.138431972397
Guinea-Bissau,Mortalidad_Alta,-45.640495,-15.432827,-0.8718949,18.10002,316.945495037639
Guinea-Bissau,Mortalidad_Alta,-49.803062,-17.349468,-1.1659677,18.481602,589.487023081945
Guyana,Mortalidad_Media,-25.769714,52.746796,-6.843261,10.397131,17913.4928066879
Guyana,Mortalidad_Alta,-30.996758,50.699318,-6.805301,10.612462,9860.87014834386
Guyana,Mortalidad_Media,-43.824837,31.282925,-4.974675,13.66952,6775.70939096303
Guyana,Mortalidad_Media,-42.564335,30.908674,-5.0403447,13.683361,6405.82443444562
Guyana,Mortalidad_Media,-42.396187,30.778946,-5.0289154,13.6851425,6048.38697180418
Guyana,Mortalidad_Media,-42.491253,30.414574,-5.0320697,13.89122,6178.6650437298
Guyana,Mortalidad_Media,-42.725636,30.556997,-5.0532103,13.781014,5870.87823759835
Guyana,Mortalidad_Media,-49.440353,24.711819,-5.114698,14.355337,5640.41560569466
Guyana,Mortalidad_Media,-49.29789,24.965342,-5.151236,14.332472,5472.68820452237
Guyana,Mortalidad_Alta,-49.64365,24.44985,-5.104727,14.417267,5556.91231156932
Guyana,Mortalidad_Alta,-49.279774,24.492916,-5.0997996,14.356409,5444.39751913913
Guyana,Mortalidad_Alta,-49.65197,24.270063,-5.1229606,14.386988,4947.22170589917
Guyana,Mortalidad_Alta,-50.511494,23.077795,-5.101173,14.739002,4581.76179693492
Guyana,Mortalidad_Alta,-51.825584,21.976635,-5.076937,14.868012,4209.13230624565
Guyana,Mortalidad_Alta,-52.413944,21.618948,-5.0771346,14.904555,4008.9628671603
Guyana,Mortalidad_Alta,-52.009686,21.70515,-5.0701704,14.909591,3608.28685240188
Guyana,Mortalidad_Alta,-53.717842,19.278803,-5.081309,15.147513,3135.60553528326
Guyana,Mortalidad_Alta,-52.93018,20.554401,-4.9582057,15.058459,1084.06541388904
Guyana,Mortalidad_Alta,-54.120586,20.237528,-5.03466,15.149105,1033.31030902188
Guyana,Mortalidad_Alta,-54.171604,20.02708,-5.040546,15.164876,973.742598054188
Guyana,Mortalidad_Alta,-54.18965,20.353594,-5.0318837,15.153622,950.866932470993
Guyana,Mortalidad_Alta,-54.134403,20.582401,-5.0424147,15.144021,931.574723847673
Guyana,Mortalidad_Alta,-54.350037,20.59131,-5.0005937,15.181761,931.796651718955
Guyana,Mortalidad_Alta,-59.989967,-6.8369894,-3.1616297,18.139193,819.668541584905
Haiti,Mortalidad_Alta,-25.51067,8.434785,-1.8061751,14.030071,1760.62635668777
Haiti,Mortalidad_Alta,-24.505215,10.1705,-1.8806115,14.015507,1835.44394078496
Haiti,Mortalidad_Alta,-23.62997,10.29063,-1.9136381,13.79914,1290.32538667383
Haiti,Mortalidad_Alta,-23.255909,9.791693,-1.8155707,13.827716,1352.17204191532
Haiti,Mortalidad_Alta,-23.397974,9.933282,-1.8146945,13.921826,1496.38048970156
Haiti,Mortalidad_Alta,-23.348013,8.743105,-1.7447548,13.938286,1395.23945184461
Haiti,Mortalidad_Alta,-23.216568,7.9463863,-1.6260608,14.047002,1318.40268167953
Haiti,Mortalidad_Alta,-23.250895,7.262036,-1.575853,14.122631,1411.12684746796
Haiti,Mortalidad_Alta,-23.708447,6.712458,-1.5262798,14.167843,1460.18898613914
Haiti,Mortalidad_Alta,-24.336697,6.078263,-1.4849349,14.23919,1457.83221179626
Haiti,Mortalidad_Alta,-20.901936,-55.673584,9.554381,14.15582,1361.39396587374
Haiti,Mortalidad_Alta,-24.623188,5.395487,-1.4345027,14.360078,1312.03953552013
Haiti,Mortalidad_Alta,-21.076694,-7.052217,-0.34811115,15.896864,1209.72733503094
Haiti,Mortalidad_Alta,-24.490623,4.8935084,-1.3299752,14.425353,1196.8528706018
Haiti,Mortalidad_Alta,-24.506544,4.6659517,-1.3108116,14.48212,1094.66058421644
Haiti,Mortalidad_Alta,-24.671974,4.414645,-1.27714,14.555885,984.566983448521
Haiti,Mortalidad_Alta,-24.699057,3.760588,-1.2087517,14.570938,828.805700289589
Haiti,Mortalidad_Alta,-24.870125,3.2430568,-1.1447601,14.700597,775.845704056916
Haiti,Mortalidad_Alta,-25.177555,0.8227307,-1.0197102,14.817459,683.185298155273
Haiti,Mortalidad_Alta,-25.149824,2.4553902,-1.0381565,14.851286,578.995291079709
Haiti,Mortalidad_Alta,-25.267263,2.25545,-1.0488075,14.868526,720.969568042522
Haiti,Mortalidad_Alta,-25.142794,-58.373257,9.134254,14.292919,748.821159844528
Haiti,Mortalidad_Alta,-25.361065,2.1935165,-1.0908511,14.887881,820.600046761464
Haiti,Mortalidad_Alta,-32.885864,-10.343556,-0.82605404,16.56001,372.006104665125
Honduras,Mortalidad_Media,-8.214356,34.576927,-4.1123605,9.055922,3003.28996826399
Honduras,Mortalidad_Media,-6.3180966,26.25772,-4.0164723,9.181168,2735.14751503977
Honduras,Mortalidad_Media,-6.1263537,26.324348,-4.002121,9.067922,2307.61494319511
Honduras,Mortalidad_Media,1.6647775,-47.523567,10.643187,11.946633,2502.32744328073
Honduras,Mortalidad_Media,2.1611311,-47.781322,10.565698,11.88988,2464.64241531918
Honduras,Mortalidad_Media,2.716233,-47.993843,10.573543,11.850061,2413.0076562942
Honduras,Mortalidad_Media,2.1017556,-48.042656,10.544208,11.930974,2307.34468351082
Honduras,Mortalidad_Media,1.3957187,-48.235462,10.551314,12.021766,2271.20265980349
Honduras,Mortalidad_Media,1.0381757,-48.663643,10.467888,12.071162,2179.88171977271
Honduras,Mortalidad_Media,1.2352422,-49.000607,10.477536,12.020864,2081.12843527945
Honduras,Mortalidad_Media,0.54316187,-48.43966,10.527463,12.104467,2126.03474686503
Honduras,Mortalidad_Media,0.30284545,-48.45184,10.543213,12.099136,2073.66121088074
Honduras,Mortalidad_Media,0.9489228,-49.217907,10.473429,12.0370035,1893.32722662035
Honduras,Mortalidad_Media,1.0257186,-49.39763,10.476745,12.0144415,1781.15703614674
Honduras,Mortalidad_Media,0.46745798,-48.985104,10.50385,12.088622,1732.49062702803
Honduras,Mortalidad_Media,-0.05525299,-48.70049,10.555947,12.150726,1577.73789197407
Honduras,Mortalidad_Media,-0.7838163,-48.337543,10.609645,12.22188,1425.84780051892
Honduras,Mortalidad_Media,-1.1036253,-48.367786,10.62657,12.278944,1304.70039153826
Honduras,Mortalidad_Media,-1.1719618,-48.447975,10.597956,12.253923,1215.13995412761
Honduras,Mortalidad_Media,-1.3121735,-48.444145,10.622351,12.289098,1156.08162681357
Honduras,Mortalidad_Media,-2.8572369,-48.271126,10.67624,12.559857,1132.49965345317
Honduras,Mortalidad_Media,-3.7094092,-48.127747,10.75293,13.009575,1132.1648753329
Honduras,Mortalidad_Media,-18.879196,25.534939,-3.6219444,12.171149,1092.56400746252
Honduras,Mortalidad_Media,-19.945904,-46.931976,10.463344,14.311571,931.669547257738
Hungary,Mortalidad_Baja,18.276415,-19.623058,13.131999,9.098542,18483.6366867035
Hungary,Mortalidad_Media,22.182161,-15.807247,13.153569,8.606203,19030.628130329
Hungary,Mortalidad_Baja,22.297768,-14.023699,13.113718,8.687163,16386.9308821258
Hungary,Mortalidad_Baja,13.918541,-20.79315,13.279524,9.725437,17012.8598553199
Hungary,Mortalidad_Baja,13.923085,-20.717384,13.276305,9.719888,16605.0570511887
Hungary,Mortalidad_Baja,16.359322,-19.708433,13.200201,9.3285475,14736.1668157258
Hungary,Mortalidad_Baja,24.402317,-12.439708,13.079845,7.745193,13215.8605277789
Hungary,Mortalidad_Baja,24.030296,-12.609995,13.091872,7.831375,12782.9412577973
Hungary,Mortalidad_Baja,22.425766,-13.088945,13.124016,8.621657,14352.501883174
Hungary,Mortalidad_Baja,21.869713,-13.265389,13.116067,8.926182,13739.4620151401
Hungary,Mortalidad_Media,21.929909,-13.448218,13.177527,8.768998,12950.1594488143
Hungary,Mortalidad_Media,22.623638,-14.333809,13.173266,8.501884,14211.460557822
Hungary,Mortalidad_Media,22.296608,-15.195046,13.191818,8.521346,13189.8433874768
Hungary,Mortalidad_Media,22.495739,-15.29463,13.182807,8.506974,13051.1831777184
Hungary,Mortalidad_Media,21.960726,-15.157136,13.234159,8.493928,15762.6322515113
Hungary,Mortalidad_Media,21.189438,-15.246551,13.361979,8.619577,13934.605460375
Hungary,Mortalidad_Media,20.930067,-15.652582,13.388266,8.669402,11478.4891640501
Hungary,Mortalidad_Media,20.322912,-15.36948,13.463804,8.686468,11212.2046968994
Hungary,Mortalidad_Media,19.836576,-14.741979,13.449465,8.748797,10291.2694721409
Hungary,Mortalidad_Media,20.649519,-14.66822,13.417176,8.675508,8410.09248198479
Hungary,Mortalidad_Media,20.448706,-14.703139,13.456644,8.721799,6658.04494326809
Hungary,Mortalidad_Media,19.867786,-14.269284,13.474337,8.78314,5280.94887987063
Hungary,Mortalidad_Media,19.437662,-14.229028,13.475921,8.767052,4629.91760812548
Hungary,Mortalidad_Media,-1.6192867,47.348892,-5.0029936,7.2300205,4509.41740910077
Iceland,Mortalidad_Baja,42.05017,31.865208,-1.7546928,-3.2133517,75121.0152280628
Iceland,Mortalidad_Baja,41.997185,31.75058,-1.737409,-3.1983728,69178.4046960961
Iceland,Mortalidad_Baja,42.029743,31.74743,-1.7185359,-3.1826277,59023.5663465778
Iceland,Mortalidad_Baja,42.131046,31.82341,-1.7531195,-3.225205,68452.23622306
Iceland,Mortalidad_Baja,44.371567,28.75828,4.7151003,-4.366913,74452.1890731447
Iceland,Mortalidad_Baja,44.62111,28.5778,4.7251,-4.381849,72010.1490316258
Iceland,Mortalidad_Baja,44.54361,28.187504,4.7242045,-4.378574,61987.9263620283
Iceland,Mortalidad_Baja,44.420563,28.549738,4.718403,-4.370851,52951.6815110898
Iceland,Mortalidad_Baja,43.979866,28.74776,4.7044554,-4.354019,54576.7448146565
Iceland,Mortalidad_Baja,43.952732,28.844633,4.7097993,-4.360848,49804.9829978371
Iceland,Mortalidad_Baja,43.94866,28.539923,4.7093496,-4.359863,45995.5478789467
Iceland,Mortalidad_Baja,43.762768,28.662834,4.6915784,-4.34231,47714.5922308485
Iceland,Mortalidad_Baja,44.04608,28.167738,4.7183204,-4.3696837,43237.0729488958
Iceland,Mortalidad_Baja,43.735916,28.37066,4.69569,-4.3459525,41301.273219718
Iceland,Mortalidad_Baja,43.841694,28.092928,4.7218165,-4.3736596,56943.3704468563
Iceland,Mortalidad_Baja,44.31018,27.596703,4.7833786,-4.444113,69495.7267376825
Iceland,Mortalidad_Baja,45.26799,25.513645,5.045572,-4.763792,57492.9342498703
Iceland,Mortalidad_Baja,45.71572,24.37981,5.0947466,-4.8251243,56794.8501588953
Iceland,Mortalidad_Baja,45.714054,24.38223,5.10771,-4.8382363,47334.9306537723
Iceland,Mortalidad_Baja,45.69376,24.426199,5.0781517,-4.807345,39476.6978486684
Iceland,Mortalidad_Baja,34.919586,40.14715,-1.7381492,-2.1394165,32409.2161491753
Iceland,Mortalidad_Baja,34.87934,40.289646,-1.7267618,-2.1325932,28897.4439396908
Iceland,Mortalidad_Baja,34.90016,40.250626,-1.7016674,-2.162294,32096.3722613695
Iceland,Mortalidad_Baja,35.375416,47.647873,-2.7679896,-1.0703256,26633.5913761549
India,Mortalidad_Media,-8.081753,-41.625813,11.583162,12.9981575,2347.44829434623
India,Mortalidad_Media,-29.398619,29.88439,-3.985781,11.229677,2239.61384367482
India,Mortalidad_Media,-29.43148,30.265104,-3.979681,11.205747,1907.04251637669
India,Mortalidad_Media,-29.283587,30.337027,-3.9784274,11.222159,2041.42863698585
India,Mortalidad_Media,-29.604721,30.360302,-4.010481,11.206414,1966.25455171679
India,Mortalidad_Media,-30.004854,30.13494,-4.039866,11.307941,1950.10468280866
India,Mortalidad_Media,-31.522854,29.295052,-4.225217,11.707389,1707.50892912243
India,Mortalidad_Media,-31.989412,29.17844,-4.2449727,11.8699,1583.99815907985
India,Mortalidad_Media,-32.74366,28.959349,-4.2480745,12.092448,1553.88396075118
India,Mortalidad_Media,-33.089584,28.865372,-4.2955036,12.1575775,1432.84397512195
India,Mortalidad_Media,-33.191338,28.862238,-4.2903404,12.196086,1429.32199520032
India,Mortalidad_Media,-18.967524,-48.15903,10.464109,14.212406,1445.46127486037
India,Mortalidad_Media,-40.75142,22.84916,-4.3372645,13.765493,1347.51939071367
India,Mortalidad_Alta,-18.931122,-48.370712,10.387683,14.229462,1094.94974598436
India,Mortalidad_Alta,-41.02379,22.192923,-4.2513146,14.012324,992.519584923828
India,Mortalidad_Alta,-41.584484,21.714872,-4.1949134,14.224039,1021.88707706826
India,Mortalidad_Alta,-41.73645,21.385525,-4.1399364,14.301116,801.668353659022
India,Mortalidad_Alta,-41.925938,20.967472,-4.080665,14.400532,710.488080408949
India,Mortalidad_Alta,-21.231552,-49.81885,10.059967,14.469102,624.258826510066
India,Mortalidad_Alta,-42.82139,19.612934,-4.0370493,14.549113,544.143133545002
India,Mortalidad_Alta,-42.949913,19.380339,-3.9883227,14.56817,469.149928973927
India,Mortalidad_Alta,-43.53871,18.854843,-3.9304826,14.7295065,450.357900514128
India,Mortalidad_Alta,-43.676456,18.737082,-3.9405482,14.759989,442.750218937263
India,Mortalidad_Alta,-46.71912,0.7689785,-2.5440724,16.724962,375.17600537305
Indonesia,Mortalidad_Media,-11.919803,-33.669823,12.248824,13.323156,4730.83484836107
Indonesia,Mortalidad_Media,-12.297155,-34.577686,12.170688,13.3932,4287.17313995098
Indonesia,Mortalidad_Media,-12.076541,-34.701763,12.178827,13.374833,3853.70288774146
Indonesia,Mortalidad_Media,-12.007921,-34.113377,12.219678,13.375891,4106.94856160358
Indonesia,Mortalidad_Media,-12.284697,-33.8387,12.217436,13.357785,3860.95353090726
Indonesia,Mortalidad_Media,-12.450582,-33.715416,12.220508,13.3609,3798.88326174526
Indonesia,Mortalidad_Media,-12.426282,-35.535046,12.069939,13.478043,3521.46943457574
Indonesia,Mortalidad_Media,-12.762053,-36.149124,11.9294195,13.631866,3288.22269725538
Indonesia,Mortalidad_Media,-13.9060335,-37.6371,11.727025,13.86699,3441.06808464008
Indonesia,Mortalidad_Media,-14.139528,-37.64233,11.7141695,13.922438,3566.60284506078
Indonesia,Mortalidad_Media,-14.483929,-38.131096,11.66775,13.990585,3632.27254030331
Indonesia,Mortalidad_Media,-14.684453,-38.302,11.654963,14.010568,3579.46442466152
Indonesia,Mortalidad_Media,-14.959047,-38.583973,11.613638,14.055987,3065.68348377765
Indonesia,Mortalidad_Media,-16.43362,-38.963596,11.565756,14.125323,2218.48541852977
Indonesia,Mortalidad_Media,-16.289633,-39.03751,11.554259,14.227512,2124.55483920618
Indonesia,Mortalidad_Media,-16.243952,-39.52339,11.50651,14.180722,1823.21976255073
Indonesia,Mortalidad_Media,-16.474157,-39.911522,11.464737,14.202813,1558.31562847163
Indonesia,Mortalidad_Media,-16.712633,-40.118366,11.450669,14.221927,1238.21447629488
Indonesia,Mortalidad_Alta,-17.118004,-40.7637,11.284553,14.333908,1126.84004447173
Indonesia,Mortalidad_Media,-17.28429,-40.614803,11.296511,14.331462,1043.2105838671
Indonesia,Mortalidad_Media,-17.771936,-40.836536,11.285314,14.38012,881.002913569131
Indonesia,Mortalidad_Alta,-17.986418,-40.6019,11.273359,14.388111,732.307093405708
Indonesia,Mortalidad_Alta,-18.86671,-39.78699,11.317869,14.454467,763.711124950924
Indonesia,Mortalidad_Alta,-44.67867,22.991179,-4.3960495,14.174214,1011.22614205568
Iraq,Mortalidad_Media,-24.84485,46.849148,-6.209172,10.388723,6520.73154560584
Iraq,Mortalidad_Media,-20.019358,46.78688,-5.894741,10.044307,4868.49431080783
Iraq,Mortalidad_Media,-12.508386,28.959805,-4.8034105,9.588626,4295.18945121228
Iraq,Mortalidad_Media,-19.636028,46.646667,-5.752188,9.934535,5671.8568632942
Iraq,Mortalidad_Media,-19.805182,46.58911,-5.856889,10.035545,5646.68932074742
Iraq,Mortalidad_Media,-18.852688,46.436146,-5.656476,9.863904,4759.2846435467
Iraq,Mortalidad_Media,-17.943727,46.068787,-5.346853,9.723506,4334.42096404188
Iraq,Mortalidad_Media,-17.913994,46.00373,-5.2103767,9.692255,4440.14189252367
Iraq,Mortalidad_Media,-19.69839,48.109932,-5.8208027,9.923245,6249.39226978969
Iraq,Mortalidad_Media,-20.433249,48.06861,-6.0086136,10.066279,6650.35282247395
Iraq,Mortalidad_Media,-17.37166,-37.087055,11.383297,14.192085,6477.59618450955
Iraq,Mortalidad_Media,-27.300152,49.71214,-6.7347918,10.414378,5775.54229080293
Iraq,Mortalidad_Media,-20.996298,47.69435,-6.0528126,10.196896,4461.75196161555
Iraq,Mortalidad_Media,-30.57678,34.99353,-4.4022937,10.983804,3714.71205987194
Iraq,Mortalidad_Alta,-27.901352,49.41722,-6.7021728,10.594844,4542.96609046032
Iraq,Mortalidad_Alta,-29.4671,48.107117,-6.6314864,10.755247,3128.99010329066
Iraq,Mortalidad_Alta,-18.288897,-37.800262,11.367613,14.357599,2276.55435744086
Iraq,Mortalidad_Alta,-28.63161,49.555557,-6.8305254,10.546517,1762.39360423421
Iraq,Mortalidad_Alta,-28.622044,49.46739,-6.804788,10.628704,1328.37157628292
Iraq,Mortalidad_Alta,-28.130058,52.66102,-7.006922,10.353222,817.887862499622
Iraq,Mortalidad_Alta,-27.986217,53.41115,-7.0772576,10.266974,1266.15961275094
Iraq,Mortalidad_Alta,-27.93967,53.554874,-7.039531,10.274025,1435.695683789
Iraq,Mortalidad_Alta,-27.870264,53.923004,-7.0407066,10.269573,1980.18916038782
Iraq,Mortalidad_Alta,-28.979036,53.807945,-7.0263724,10.309212,619.135530927038
Ireland,Mortalidad_Baja,35.0016,-2.6809025,12.717788,5.1967416,105234.511567597
Ireland,Mortalidad_Baja,35.143517,-2.6600087,12.716064,5.191284,103961.976350649
Ireland,Mortalidad_Baja,35.182495,-2.5959556,12.736786,5.1619263,86622.5067251295
Ireland,Mortalidad_Baja,35.19664,-2.9211032,12.710397,5.2049627,81810.1926481407
Ireland,Mortalidad_Baja,35.134678,-2.9202332,12.725291,5.1914554,80738.9628834696
Ireland,Mortalidad_Baja,35.045334,-3.0201695,12.737727,5.1870995,72198.1076995377
Ireland,Mortalidad_Baja,34.862034,-3.6018913,12.781682,5.2231693,64192.9418053178
Ireland,Mortalidad_Baja,34.655796,-3.7728205,12.780788,5.259422,64311.8234684057
Ireland,Mortalidad_Baja,50.66805,-4.567681,13.946438,4.010233,57278.2590911107
Ireland,Mortalidad_Baja,50.671917,-4.4971957,13.897886,3.9703455,52619.2123745817
Ireland,Mortalidad_Baja,50.19019,-3.5230465,13.763072,3.8865888,49411.7387476787
Ireland,Mortalidad_Baja,50.111687,-3.468488,13.763742,3.9008873,52692.7813135606
Ireland,Mortalidad_Baja,50.399136,-4.1051054,13.858868,3.9427073,48679.4026820361
Ireland,Mortalidad_Baja,44.74461,-5.484108,13.218987,4.252584,52133.0909237885
Ireland,Mortalidad_Baja,42.241535,-5.849062,13.124993,4.3948894,61353.1065629523
Ireland,Mortalidad_Baja,36.253952,-5.638114,12.914128,5.054648,61396.417461176
Ireland,Mortalidad_Baja,35.701565,-5.174005,12.86466,5.1839404,54329.1618599624
Ireland,Mortalidad_Baja,35.668232,-5.2338095,12.87608,5.182308,50933.0216095589
Ireland,Mortalidad_Baja,33.74912,-6.267772,12.953234,5.746575,47754.2023194244
Ireland,Mortalidad_Baja,35.155186,-5.275027,12.888181,5.2450767,41203.5295847568
Ireland,Mortalidad_Baja,34.44956,-5.475328,12.90675,5.4183817,32705.4345565698
Ireland,Mortalidad_Baja,8.821965,50.749744,-2.1551986,2.088724,28282.409882073
Ireland,Mortalidad_Baja,36.659958,-4.626036,12.947,5.0448074,26334.5672050501
Ireland,Mortalidad_Baja,22.950598,-13.703212,13.207484,8.532616,19158.4564773907
Israel,Mortalidad_Baja,16.044289,47.48849,-1.924258,3.0695343,54949.621556429
Israel,Mortalidad_Baja,62.20295,-4.8793564,11.987653,0.2737807,52270.9040241956
Israel,Mortalidad_Baja,62.17129,-4.893352,11.990826,0.25490764,44575.5719045492
Israel,Mortalidad_Baja,51.360615,-24.683578,15.179773,4.909709,44250.6313628073
Israel,Mortalidad_Baja,50.584793,-26.081972,15.233679,4.9482336,42362.6652754196
Israel,Mortalidad_Baja,48.345734,-33.53463,15.700261,5.560647,41138.470964272
Israel,Mortalidad_Baja,49.838608,-26.226355,15.227986,4.9795547,37671.5389138798
Israel,Mortalidad_Baja,49.11016,-25.78823,15.180619,4.98111,36213.1041481958
Israel,Mortalidad_Baja,48.91813,-26.220535,15.227885,5.001687,38343.3046626235
Israel,Mortalidad_Baja,48.643356,-26.257984,15.185779,5.042832,37034.3161080785
Israel,Mortalidad_Baja,48.90985,-25.106194,15.060823,4.9940376,33321.4300881602
Israel,Mortalidad_Baja,48.744297,-24.948322,15.075539,4.992243,34522.5215979073
Israel,Mortalidad_Baja,48.47852,-24.893154,15.023553,4.9971337,31439.0887027614
Israel,Mortalidad_Baja,48.472137,-24.842085,15.051313,5.0044103,28508.4938886475
Israel,Mortalidad_Baja,48.341007,-24.772022,15.070242,5.028634,30269.217773489
Israel,Mortalidad_Baja,47.680122,-23.705627,14.855717,5.049686,25721.2594077311
Israel,Mortalidad_Baja,47.569946,-23.398153,14.748784,5.032301,22527.2619795719
Israel,Mortalidad_Baja,46.326088,-21.871927,14.513404,5.0294824,21286.8388636595
Israel,Mortalidad_Baja,50.58682,-5.037229,14.045149,4.1743603,20568.0694088834
Israel,Mortalidad_Baja,50.38018,-4.685664,13.943497,4.045567,19643.4690380742
Israel,Mortalidad_Baja,46.74575,-22.188757,14.556246,5.0932627,19076.4584298321
Israel,Mortalidad_Baja,46.721794,-21.896328,14.535105,5.034056,20966.3052667971
Israel,Mortalidad_Baja,14.517693,46.902287,-2.087212,2.772137,21706.5194056329
Israel,Mortalidad_Baja,1.141867,40.55132,-3.5300086,7.7935224,19025.6840502517
Italy,Mortalidad_Baja,47.001934,-26.799702,14.921554,5.3227553,35653.9042103495
Italy,Mortalidad_Baja,47.008144,-24.45959,14.837913,5.1556683,36852.5425414951
Italy,Mortalidad_Baja,47.243282,-25.312435,14.901514,5.184852,32091.4866621366
Italy,Mortalidad_Baja,46.388474,-35.135834,15.861247,6.0025425,33812.788724868
Italy,Mortalidad_Baja,46.401897,-35.803204,15.884305,6.015011,34904.1081923834
Italy,Mortalidad_Baja,46.38127,-34.816414,15.844051,5.9717884,32844.115660604
Italy,Mortalidad_Baja,46.43995,-35.27822,15.878868,5.981591,31391.5692898108
Italy,Mortalidad_Baja,46.53086,-35.23422,15.900134,5.980058,30639.8829751432
Italy,Mortalidad_Baja,46.693558,-36.102413,15.907959,5.9844413,36028.3494022349
Italy,Mortalidad_Baja,46.557304,-35.98403,15.914004,5.988355,35701.6746002376
Italy,Mortalidad_Baja,46.39789,-35.973564,15.870404,6.0037527,34854.3949441965
Italy,Mortalidad_Baja,46.093742,-35.049625,15.841446,5.980453,38432.3742820019
Italy,Mortalidad_Baja,46.14607,-33.55325,15.640847,5.8191123,35856.8625485539
Italy,Mortalidad_Baja,46.239277,-32.368164,15.503476,5.6966457,37099.6133958219
Italy,Mortalidad_Baja,45.513924,-33.17789,15.582093,5.8545804,40828.5795580937
Italy,Mortalidad_Baja,45.342422,-32.962215,15.542717,5.82229,37826.1754554823
Italy,Mortalidad_Baja,45.283745,-33.3743,15.583969,5.8737326,33537.1286994269
Italy,Mortalidad_Baja,45.356728,-32.287243,15.489183,5.791381,32062.723833669
Italy,Mortalidad_Baja,45.288185,-32.493496,15.50052,5.766824,31348.1901841445
Italy,Mortalidad_Baja,45.23442,-31.863836,15.42368,5.720103,27577.5700319855
Italy,Mortalidad_Baja,44.7747,-33.92643,15.602242,5.9200926,22451.3964379368
Italy,Mortalidad_Baja,12.251653,38.675922,-3.5599706,5.4156184,20570.4385917862
Italy,Mortalidad_Baja,44.46917,-33.947323,15.602077,5.9745483,20190.0035636084
Italy,Mortalidad_Baja,36.16566,-12.561424,13.323227,5.8024945,20712.1798690324
Jamaica,Mortalidad_Media,0.0006821976,32.25364,-3.633136,8.824343,6022.15339791763
Jamaica,Mortalidad_Media,12.053755,-48.319256,10.095553,10.953048,5165.33782130331
Jamaica,Mortalidad_Media,-0.048604358,31.59119,-3.4983058,8.793714,4879.44025773374
Jamaica,Mortalidad_Media,0.55347526,31.32425,-3.4819386,8.662419,5607.24299266608
Jamaica,Mortalidad_Media,14.499196,-47.868435,10.060262,10.705074,5578.10347525832
Jamaica,Mortalidad_Media,0.28596243,28.135563,-3.245628,8.530935,5259.31332766957
Jamaica,Mortalidad_Media,0.4205789,27.729567,-3.1250062,8.461776,5009.79448724295
Jamaica,Mortalidad_Media,0.5499851,27.570562,-3.0970411,8.466313,5062.8955502426
Jamaica,Mortalidad_Media,1.2220248,23.888866,-2.7356236,8.352779,4975.11325459872
Jamaica,Mortalidad_Media,1.3457693,23.686214,-2.7240396,8.309772,5124.21301411137
Jamaica,Mortalidad_Media,1.6063753,23.31834,-2.6433153,8.376797,5340.83333232158
Jamaica,Mortalidad_Media,1.3810352,23.072613,-2.6730819,8.350096,5232.63644918132
Jamaica,Mortalidad_Media,1.6724241,22.928942,-2.6673384,8.344287,4809.977380312
Jamaica,Mortalidad_Media,2.0818412,22.687471,-2.6457098,8.34345,4428.38153333557
Jamaica,Mortalidad_Media,2.5783432,23.435831,-2.6784737,8.280204,5029.80095281745
Jamaica,Mortalidad_Media,2.3776543,24.022854,-2.7152393,8.291393,4716.48612542727
Jamaica,Mortalidad_Media,1.8907741,23.885418,-2.7009516,8.30284,4417.00127135363
Jamaica,Mortalidad_Media,2.460466,24.19748,-2.7074132,8.290772,4184.43974867497
Jamaica,Mortalidad_Media,21.681114,-45.45662,10.3246,9.707119,3807.56293124552
Jamaica,Mortalidad_Media,2.6378465,23.823044,-2.6784902,8.268176,3549.70758394618
Jamaica,Mortalidad_Media,21.691517,-45.544987,10.346421,9.77384,3680.64551727724
Jamaica,Mortalidad_Media,2.2257826,24.483349,-2.778555,8.304819,3503.55026688858
Jamaica,Mortalidad_Media,2.2234957,24.48074,-2.737731,8.304362,3453.09252800226
Jamaica,Mortalidad_Media,-0.18526639,32.67996,-3.632802,8.820468,2630.84935382822
Japan,Mortalidad_Baja,16.83903,50.606224,-1.4473479,2.6759639,34065.6438962526
Japan,Mortalidad_Baja,16.89036,50.626972,-1.4336668,2.6591341,40094.5599795288
Japan,Mortalidad_Baja,60.79729,-4.78637,11.943054,0.22878888,40028.7341726762
Japan,Mortalidad_Baja,60.89982,-5.353628,11.9256315,0.26215062,40415.9567649547
Japan,Mortalidad_Baja,60.74945,-5.180718,11.909664,0.2591597,39751.1330982711
Japan,Mortalidad_Baja,59.64693,-3.5653691,11.926783,0.22312644,38834.0529341227
Japan,Mortalidad_Baja,60.965538,-6.0216107,11.888285,0.28595284,39375.4731620781
Japan,Mortalidad_Baja,61.046654,-6.616034,11.874778,0.30751118,34960.6393843385
Japan,Mortalidad_Baja,60.59176,-5.787077,11.886915,0.26370424,38475.3952461838
Japan,Mortalidad_Baja,60.154423,-5.521274,11.860986,0.28994185,40898.6478964744
Japan,Mortalidad_Baja,60.329987,-5.9607105,11.845936,0.30495307,49145.2804308193
Japan,Mortalidad_Baja,60.29674,-6.336803,11.869262,0.28428978,48760.0789494211
Japan,Mortalidad_Baja,60.38917,-7.8897,11.805269,0.42738783,44968.1562349739
Japan,Mortalidad_Baja,60.441715,-6.896148,11.859117,0.30178753,41308.9968370512
Japan,Mortalidad_Baja,60.155293,-7.0735636,11.83331,0.361788,39876.3039685725
Japan,Mortalidad_Baja,16.946352,48.545444,-1.8188065,2.9857585,35779.0245416427
Japan,Mortalidad_Baja,16.926579,48.06371,-1.8756107,3.0433095,35991.546002862
Japan,Mortalidad_Baja,16.927464,48.137115,-1.8568571,3.0299544,37812.8950199948
Japan,Mortalidad_Baja,16.946962,48.235348,-1.8376027,3.0159042,38298.9801712303
Japan,Mortalidad_Baja,16.865425,48.185024,-1.8524323,3.0203836,35387.0374203599
Japan,Mortalidad_Baja,16.957472,47.496864,-1.9236317,3.0930245,32820.7936433254
Japan,Mortalidad_Baja,17.103876,47.112164,-1.9606678,3.1441243,34406.1824638092
Japan,Mortalidad_Baja,17.219103,46.89538,-1.9864626,3.204067,39169.3595701504
Japan,Mortalidad_Baja,17.130554,54.411327,-1.1681725,2.3568268,44197.6191013908
Jordan,Mortalidad_Baja,6.241412,35.443645,-3.9342484,6.2230296,4332.25159897931
Jordan,Mortalidad_Media,6.9876876,34.64632,-3.923134,6.2055745,4183.49998326866
Jordan,Mortalidad_Baja,6.7747054,34.929752,-3.943807,6.2305336,4022.0401356135
Jordan,Mortalidad_Baja,6.476425,35.37869,-3.9303975,6.21274,4170.1144003465
Jordan,Mortalidad_Baja,6.526587,35.36374,-3.9619236,6.274464,4145.43989673265
Jordan,Mortalidad_Baja,6.3094926,35.07217,-3.954823,6.2565274,4065.61628749384
Jordan,Mortalidad_Baja,6.3457394,34.799244,-3.9345593,6.255459,3986.71677010853
Jordan,Mortalidad_Media,5.7537107,34.226574,-3.9324825,6.286611,4042.75678097555
Jordan,Mortalidad_Media,5.8186073,34.07508,-3.9457543,6.291903,4191.18050084986
Jordan,Mortalidad_Media,5.8405366,33.816727,-3.940454,6.299943,4311.21916713038
Jordan,Mortalidad_Media,6.050213,33.993305,-3.9288719,6.276959,4169.50470054618
Jordan,Mortalidad_Media,5.550347,34.45738,-3.9108067,6.3331294,3946.85503855525
Jordan,Mortalidad_Media,23.459408,-40.367966,10.5042715,9.461692,3718.46571622945
Jordan,Mortalidad_Media,5.6793113,33.910458,-3.9257154,6.329476,3435.8337590698
Jordan,Mortalidad_Media,23.482304,-40.33667,10.530301,9.427212,3241.6524135556
Jordan,Mortalidad_Media,9.289571,34.957035,-3.826969,5.9084435,2506.20599484139
Jordan,Mortalidad_Media,24.363806,-41.320698,10.325035,9.3648205,2342.63459574933
Jordan,Mortalidad_Media,9.258424,32.160553,-3.6635711,5.8699775,2087.87079273635
Jordan,Mortalidad_Media,9.034436,32.06371,-3.6837008,5.906306,1940.08641342805
Jordan,Mortalidad_Media,9.242747,32.44948,-3.679881,5.869555,1775.67625581432
Jordan,Mortalidad_Media,24.101921,-41.9305,10.338424,9.469923,1706.26744384401
Jordan,Mortalidad_Media,8.965903,31.90236,-3.6701338,5.893393,1632.29454010563
Jordan,Mortalidad_Media,9.058355,32.092888,-3.7013602,5.9148297,1570.61002940477
Jordan,Mortalidad_Media,2.2937047,28.482203,-3.22127,8.121536,1415.71151592128
Kazakhstan,Mortalidad_Media,-3.7884126,46.76488,-4.9757495,7.685016,11255.3396437881
Kazakhstan,Mortalidad_Media,17.747606,-16.50175,13.498858,8.814974,9983.60103576902
Kazakhstan,Mortalidad_Media,16.907446,-16.916517,13.428325,9.167626,8781.50797787648
Kazakhstan,Mortalidad_Media,16.601358,-16.831696,13.410449,9.207929,9457.12614657136
Kazakhstan,Mortalidad_Media,16.863535,-16.603209,13.462829,9.003768,9472.48527327758
Kazakhstan,Mortalidad_Media,16.411974,-17.244387,13.413794,9.307852,8943.08416791984
Kazakhstan,Mortalidad_Media,-0.37438887,-28.738369,13.497982,12.101953,7475.56688689424
Kazakhstan,Mortalidad_Media,-0.27129173,-28.815464,13.470021,12.133224,10196.1226255982
Kazakhstan,Mortalidad_Media,-1.2528088,-29.165987,13.531006,12.351,12427.7094576939
Kazakhstan,Mortalidad_Media,-2.141907,-29.118254,13.611715,12.469333,13478.459627612
Kazakhstan,Mortalidad_Media,-2.3502967,-29.219286,13.648319,12.50216,12018.7966527993
Kazakhstan,Mortalidad_Media,-2.62898,-29.258163,13.673631,12.494945,11287.1464926039
Kazakhstan,Mortalidad_Media,-2.7728815,-29.882235,13.626062,12.535245,8793.07589980782
Kazakhstan,Mortalidad_Media,-2.9824057,-30.478638,13.626662,12.545391,6938.01175663001
Kazakhstan,Mortalidad_Alta,-2.9963205,-30.410856,13.652906,12.5538845,8123.54705891736
Kazakhstan,Mortalidad_Alta,-3.1227834,-30.83194,13.643692,12.570616,6449.43931096532
Kazakhstan,Mortalidad_Alta,-3.480411,-30.965681,13.636416,12.589579,5030.13494711519
Kazakhstan,Mortalidad_Alta,-3.7994637,-31.40098,13.600422,12.626034,3577.35804001782
Kazakhstan,Mortalidad_Alta,-3.8158357,-31.527948,13.606868,12.61804,2722.47407755402
Kazakhstan,Mortalidad_Alta,-4.160798,-31.966808,13.603004,12.624892,1958.02050246511
Kazakhstan,Mortalidad_Alta,-4.305578,-32.169422,13.586485,12.620027,1573.55219932325
Kazakhstan,Mortalidad_Alta,-4.3942003,-32.27028,13.571771,12.651503,1422.27331810957
Kazakhstan,Mortalidad_Alta,-17.407894,48.93207,-5.623529,9.778123,1180.0444563226
Kazakhstan,Mortalidad_Alta,-19.031368,19.391834,-2.6392272,12.384099,1217.79138769863
Kenya,Mortalidad_Alta,-25.176455,13.444283,-2.2872086,13.820023,2109.56288513137
Kenya,Mortalidad_Alta,-19.137003,-53.27176,9.77002,14.226535,2061.35622089594
Kenya,Mortalidad_Alta,-19.322845,-53.091995,9.765699,14.25683,1927.66459027849
Kenya,Mortalidad_Alta,-25.05746,13.402182,-2.292732,13.854973,1960.40808854893
Kenya,Mortalidad_Alta,-24.290386,12.998234,-2.1753092,13.692955,1836.45275528993
Kenya,Mortalidad_Alta,-23.91552,12.66898,-2.123206,13.621454,1667.48447230835
Kenya,Mortalidad_Alta,-23.653433,12.660184,-2.1251764,13.584595,1554.12610314423
Kenya,Mortalidad_Alta,-18.856255,-53.540165,9.767749,14.190171,1489.11959777284
Kenya,Mortalidad_Alta,-22.722826,12.327959,-2.0460217,13.523188,1482.81566253497
Kenya,Mortalidad_Alta,-22.944666,12.170501,-2.036611,13.535165,1370.87885214659
Kenya,Mortalidad_Alta,-22.949999,11.972276,-2.0107286,13.543662,1285.00536171512
Kenya,Mortalidad_Alta,-23.08322,11.971695,-2.0283415,13.582704,1096.14499807675
Kenya,Mortalidad_Alta,-22.492714,12.285297,-2.053468,13.465688,1091.51873101194
Kenya,Mortalidad_Alta,-22.161657,12.459418,-2.0548851,13.460464,1047.9678324485
Kenya,Mortalidad_Alta,-27.94517,9.490858,-2.0070724,14.386883,915.54435473604
Kenya,Mortalidad_Alta,-28.074635,9.039788,-1.9022932,14.462402,840.201439476765
Kenya,Mortalidad_Alta,-28.217371,8.843182,-1.8601748,14.58718,699.80237063381
Kenya,Mortalidad_Alta,-22.142746,-54.184982,9.457854,14.446631,523.456312433863
Kenya,Mortalidad_Alta,-38.803223,1.8137095,-2.1892934,15.774015,463.662781300121
Kenya,Mortalidad_Alta,-38.63029,1.4125606,-2.1588354,15.84099,442.898457253405
Kenya,Mortalidad_Alta,-38.473812,0.63344324,-2.0078464,15.917881,402.936385605382
Kenya,Mortalidad_Alta,-38.54818,0.023433773,-2.0041287,15.967705,410.700452474814
Kenya,Mortalidad_Alta,-38.275105,-0.7226036,-1.9228536,16.031925,414.626365130846
Kenya,Mortalidad_Alta,-42.01045,-1.371401,-2.1664343,16.3535,340.064842175429
Kuwait,Mortalidad_Baja,39.50794,46.806095,-2.3070042,-1.546289,39981.7690981957
Kuwait,Mortalidad_Baja,41.458443,42.77708,-2.5313525,-1.9721301,34018.6342879647
Kuwait,Mortalidad_Baja,42.771088,40.8023,-2.4465065,-2.2144632,25236.0755520534
Kuwait,Mortalidad_Baja,41.52091,42.519478,-2.5139463,-2.1178758,31707.8737464917
Kuwait,Mortalidad_Baja,41.516026,42.827896,-2.5716248,-2.0183694,32067.9623689512
Kuwait,Mortalidad_Baja,41.98125,42.19359,-2.572632,-2.0822144,29047.6535822842
Kuwait,Mortalidad_Baja,42.360332,41.529346,-2.5603712,-2.1309104,27323.6890643847
Kuwait,Mortalidad_Baja,42.19353,41.89728,-2.5515013,-2.107613,29882.2126867068
Kuwait,Mortalidad_Baja,39.3732,47.464134,-2.3332858,-1.3661894,44368.781373043
Kuwait,Mortalidad_Baja,40.053192,47.683865,-2.2986336,-1.4263799,49651.0439709448
Kuwait,Mortalidad_Baja,40.328445,47.701874,-2.3245606,-1.4282073,52155.2225460479
Kuwait,Mortalidad_Baja,40.38553,47.56218,-2.3531303,-1.4347837,49169.6063983139
Kuwait,Mortalidad_Baja,41.989517,44.588974,-2.590717,-1.786415,39212.2522190461
Kuwait,Mortalidad_Baja,41.791946,45.03733,-2.535248,-1.6893522,37907.1001320042
Kuwait,Mortalidad_Baja,42.96638,41.882736,-2.5446694,-2.1150076,55585.1889344442
Kuwait,Mortalidad_Baja,42.176414,43.32468,-2.64982,-1.8439776,45709.4132876371
Kuwait,Mortalidad_Baja,42.242626,44.064686,-2.6409967,-1.7662816,42946.6374104066
Kuwait,Mortalidad_Baja,42.15576,44.88521,-2.6043463,-1.7673949,36122.6142741227
Kuwait,Mortalidad_Baja,38.518726,40.113243,-2.0201628,-2.2649255,27552.2827399787
Kuwait,Mortalidad_Baja,38.381893,40.214657,-2.0594673,-2.264639,22690.655175144
Kuwait,Mortalidad_Baja,35.798813,37.116516,-1.9575821,-2.3207803,18512.7523035862
Kuwait,Mortalidad_Baja,36.961567,40.029026,-1.8693253,-2.2015052,17374.2318664227
Kuwait,Mortalidad_Baja,35.737965,37.074364,-1.9710058,-2.2996616,19296.3471698729
Kuwait,Mortalidad_Baja,35.480145,37.04668,-1.9874147,-2.3070743,16168.165602374
Kyrgyz Republic,Mortalidad_Media,-3.9894454,-39.669853,11.685886,12.40642,1739.72018344174
Kyrgyz Republic,Mortalidad_Media,-4.0525527,-40.296215,11.623178,12.419755,1349.99730650542
Kyrgyz Republic,Mortalidad_Media,-4.229168,-40.160416,11.689151,12.469775,1229.51766602907
Kyrgyz Republic,Mortalidad_Media,-4.361534,-39.454247,11.703128,12.440421,1421.99927504102
Kyrgyz Republic,Mortalidad_Media,-4.6902704,-39.82577,11.691427,12.481788,1283.5203037417
Kyrgyz Republic,Mortalidad_Media,-4.735658,-40.170307,11.594717,12.516562,1221.39046807082
Kyrgyz Republic,Mortalidad_Media,-4.9990425,-40.56112,11.479549,12.647798,1103.27489428412
Kyrgyz Republic,Mortalidad_Media,-8.059121,-45.763897,10.843414,13.213926,1105.65193844261
Kyrgyz Republic,Mortalidad_Media,-8.193411,-46.422226,10.829217,13.28705,1264.52668823891
Kyrgyz Republic,Mortalidad_Media,-8.3209095,-46.334396,10.836582,13.281204,1269.66303464348
Kyrgyz Republic,Mortalidad_Media,-8.84192,-46.81982,10.783915,13.357981,1168.62244675446
Kyrgyz Republic,Mortalidad_Media,-9.078875,-47.321304,10.75259,13.463388,1117.40174350185
Kyrgyz Republic,Mortalidad_Media,-9.306449,-47.564392,10.725655,13.478743,876.954476440354
Kyrgyz Republic,Mortalidad_Media,-9.828168,-47.593864,10.666107,13.567989,870.198894546917
Kyrgyz Republic,Mortalidad_Media,-21.229134,-45.789764,10.488423,14.377989,966.388569370494
Kyrgyz Republic,Mortalidad_Media,-22.220715,-46.0471,10.352274,14.594074,721.771577544361
Kyrgyz Republic,Mortalidad_Media,-23.015547,-46.15704,10.202501,14.796373,543.113512472219
Kyrgyz Republic,Mortalidad_Media,-23.161264,-46.113884,10.2053995,14.770463,476.548193640077
Kyrgyz Republic,Mortalidad_Media,-23.971355,-46.047108,10.073872,14.921042,433.233873286
Kyrgyz Republic,Mortalidad_Media,-25.024763,-46.016827,10.021222,15.02609,380.505828812441
Kyrgyz Republic,Mortalidad_Media,-25.326939,-46.021732,9.995986,15.068919,321.726775366804
Kyrgyz Republic,Mortalidad_Media,-25.755186,-45.87769,9.957412,15.12208,308.41129550148
Kyrgyz Republic,Mortalidad_Media,-26.087831,-45.87533,9.880253,15.181415,279.621738464365
Kyrgyz Republic,Mortalidad_Alta,-56.59957,-2.0496435,-3.2022223,17.32459,364.250365258345
Latvia,Mortalidad_Media,29.097042,-19.24758,12.633865,8.192077,20227.2307431581
Latvia,Mortalidad_Media,24.716026,-22.174875,12.4325905,8.605316,20261.8887788916
Latvia,Mortalidad_Baja,23.862648,-22.929865,12.423701,8.66547,17564.2321549354
Latvia,Mortalidad_Baja,17.446077,-22.971724,12.861169,9.233836,17294.9751600969
Latvia,Mortalidad_Media,24.24574,-23.077345,12.360338,8.630327,17252.1710428626
Latvia,Mortalidad_Media,35.403107,-14.48809,13.569259,5.968776,15132.4958333982
Latvia,Mortalidad_Media,26.707151,-22.511425,12.4169855,8.507159,13838.5266823272
Latvia,Mortalidad_Media,26.491432,-22.613995,12.396344,8.523691,13321.9753140616
Latvia,Mortalidad_Media,24.60899,-23.684206,12.247349,8.639818,15185.814581236
Latvia,Mortalidad_Media,24.405436,-23.795849,12.253865,8.679863,14484.4715282132
Latvia,Mortalidad_Media,24.446014,-23.597324,12.292908,8.688073,13329.3499931271
Latvia,Mortalidad_Media,24.692402,-23.368347,12.33279,8.633395,12902.574053337
Latvia,Mortalidad_Media,25.771906,-22.993572,12.2942505,8.578682,11188.4191700977
Latvia,Mortalidad_Media,25.618727,-23.493406,12.2426405,8.612819,11996.0322729773
Latvia,Mortalidad_Media,25.365063,-23.457388,12.264292,8.629262,15677.6080864506
Latvia,Mortalidad_Media,24.533655,-25.187832,11.119174,9.293012,13370.9789452508
Latvia,Mortalidad_Media,24.520624,-25.485949,10.891766,9.443623,9211.7374468148
Latvia,Mortalidad_Media,19.983524,-45.53359,10.798165,9.490363,7283.78738127622
Latvia,Mortalidad_Media,19.933989,-45.78764,10.704925,9.569797,6109.73265186817
Latvia,Mortalidad_Media,19.872135,-46.006195,10.583368,9.676899,4914.57992829302
Latvia,Mortalidad_Media,19.726088,-46.09154,10.575429,9.722681,4003.60935783538
Latvia,Mortalidad_Media,1.6059448,25.887957,-2.959107,8.386814,3504.61829462397
Latvia,Mortalidad_Media,2.1189327,26.131653,-3.0433156,8.2960615,3278.17896440803
Latvia,Mortalidad_Alta,-2.0710056,-44.147728,13.329439,12.485622,2256.77360387054
Lebanon,Mortalidad_Baja,11.430974,23.346075,-2.5456264,6.002087,3654.35845534878
Lebanon,Mortalidad_Media,11.414564,23.14386,-2.5532196,5.984925,4045.37391066234
Lebanon,Mortalidad_Baja,11.371235,23.39298,-2.5756073,5.976607,5561.19166950397
Lebanon,Mortalidad_Baja,11.148889,24.463093,-2.6056385,5.95647,8905.88005497437
Lebanon,Mortalidad_Baja,11.144619,24.816292,-2.593105,5.973761,9174.53666204759
Lebanon,Mortalidad_Baja,11.275154,25.108557,-2.5925105,5.958104,8608.21084982387
Lebanon,Mortalidad_Baja,11.621393,25.522928,-2.6145718,5.9299417,8089.012088155
Lebanon,Mortalidad_Baja,11.66478,25.728844,-2.6310413,5.9192047,7714.1099998804
Lebanon,Mortalidad_Baja,11.24294,25.495272,-2.5931776,5.9492745,7577.6413302369
Lebanon,Mortalidad_Baja,11.14202,25.808355,-2.6098523,5.942413,8162.37929361396
Lebanon,Mortalidad_Baja,11.197735,25.642927,-2.602821,5.9589467,8406.98405608118
Lebanon,Mortalidad_Baja,29.176458,-47.02298,9.520315,8.861419,7834.96257108993
Lebanon,Mortalidad_Baja,11.611966,26.288988,-2.688744,5.8606944,7625.81051551165
Lebanon,Mortalidad_Baja,11.359269,26.68608,-2.7198658,5.8304768,7090.85493856621
Lebanon,Mortalidad_Baja,11.7842865,27.089266,-2.8048437,5.7232075,5912.04532820842
Lebanon,Mortalidad_Baja,11.494054,26.656523,-2.6837177,5.8678756,5125.25809960149
Lebanon,Mortalidad_Baja,11.079729,26.04056,-2.6418424,5.9263864,4635.2514117486
Lebanon,Mortalidad_Baja,11.401411,26.49834,-2.6991816,5.848328,4602.19804637945
Lebanon,Mortalidad_Baja,9.53956,25.464626,-2.586544,6.87318,4600.68371412993
Lebanon,Mortalidad_Baja,-7.276617,31.049099,-2.5775273,7.0876384,4437.71588507526
Lebanon,Mortalidad_Media,-7.232836,30.93095,-2.5746298,7.1065836,4290.85283803266
Lebanon,Mortalidad_Media,-7.126151,30.735176,-2.5742614,7.0894375,4009.55929751102
Lebanon,Mortalidad_Media,-7.1499753,30.645796,-2.5634742,7.102706,3986.83513941026
Lebanon,Mortalidad_Media,0.68555224,29.371725,-3.293944,8.574257,2958.74263957462
Lesotho,Mortalidad_Alta,-10.198459,-2.2867203,0.46227774,14.051335,1030.12579628833
Lesotho,Mortalidad_Alta,-11.94944,-3.0244558,0.34071222,14.270851,1066.58643600093
Lesotho,Mortalidad_Alta,-11.841051,-2.8029778,0.3405809,14.243831,918.582577421982
Lesotho,Mortalidad_Alta,-11.730441,-2.9442832,0.33513403,14.250487,1082.05706777516
Lesotho,Mortalidad_Alta,-11.685907,-3.2130716,0.3663555,14.328481,1170.65569702819
Lesotho,Mortalidad_Alta,-17.757816,-60.605118,9.143923,13.600469,1069.36673247542
Lesotho,Mortalidad_Alta,-11.653695,-5.6962643,0.47096404,14.455266,992.491840678465
Lesotho,Mortalidad_Alta,-11.734614,-5.76025,0.500307,14.497632,1121.19851342518
Lesotho,Mortalidad_Alta,-12.877879,-6.3890367,0.5442039,14.661642,1173.5377928819
Lesotho,Mortalidad_Alta,-13.260699,-6.7176504,0.54763275,14.699391,1151.03735837227
Lesotho,Mortalidad_Alta,-13.555298,-6.9727716,0.567269,14.759558,1217.93071228944
Lesotho,Mortalidad_Alta,-13.894185,-7.278827,0.5654448,14.849718,1280.73390931581
Lesotho,Mortalidad_Alta,-13.849909,-7.4672813,0.5721025,14.859602,1119.47557793042
Lesotho,Mortalidad_Alta,-13.923124,-7.7382965,0.57273275,14.900037,878.847950537772
Lesotho,Mortalidad_Alta,-14.606514,-8.437095,0.576103,14.995637,898.482517882593
Lesotho,Mortalidad_Alta,-14.404133,-8.386881,0.57983387,14.980338,861.188420899563
Lesotho,Mortalidad_Alta,-14.788403,-8.661837,0.575028,15.011912,925.467485502842
Lesotho,Mortalidad_Alta,-14.718027,-8.401647,0.5656461,15.008683,861.381496414995
Lesotho,Mortalidad_Alta,-14.8067255,-8.256605,0.5809677,14.977211,766.685820928242
Lesotho,Mortalidad_Alta,-14.79694,-7.9314704,0.5584476,15.004244,583.270036200288
Lesotho,Mortalidad_Alta,-28.323532,-59.13533,8.848364,14.440398,388.92334985135
Lesotho,Mortalidad_Alta,-15.184327,-7.653308,0.49261817,15.022282,412.677473676821
Lesotho,Mortalidad_Alta,-14.447946,-7.1001997,0.5235013,14.827908,442.779545779081
Lesotho,Mortalidad_Alta,-16.016489,-1.9411687,0.19805942,14.375614,513.413448796175
Liberia,Mortalidad_Alta,-55.898968,-1.2232083,-3.1814938,17.277773,744.617175237387
Liberia,Mortalidad_Alta,-55.69129,-1.3730855,-3.1893332,17.280483,667.96610514319
Liberia,Mortalidad_Alta,-55.10503,-1.3596964,-3.2101457,17.280388,616.787867006715
Liberia,Mortalidad_Alta,-54.103756,0.094903626,-3.1553268,17.067457,658.164180770507
Liberia,Mortalidad_Alta,-51.731453,1.1226913,-3.084339,16.780764,692.203127129794
Liberia,Mortalidad_Alta,-51.837406,1.2170117,-3.0807748,16.756634,699.269095727404
Liberia,Mortalidad_Alta,-27.46927,-49.545395,9.522078,15.192296,714.613063145659
Liberia,Mortalidad_Alta,-50.806953,1.1316912,-3.0514605,16.689154,692.590082351257
Liberia,Mortalidad_Alta,-28.829962,-49.23089,9.358157,15.427744,706.714490064507
Liberia,Mortalidad_Alta,-52.664043,-5.2237954,-2.7583647,17.576733,710.744570927863
Liberia,Mortalidad_Alta,-53.58912,-6.118726,-2.7140539,17.676725,638.368751462083
Liberia,Mortalidad_Alta,-51.735214,-1.3922731,-2.9114609,17.239248,568.087865520004
Liberia,Mortalidad_Alta,-51.723015,-1.3744531,-2.9225254,17.102913,492.252808033724
Liberia,Mortalidad_Alta,-54.13148,-19.053247,-1.4699848,18.70031,448.386367025545
Liberia,Mortalidad_Alta,-53.67981,-19.409796,-1.3860142,18.769331,451.713856283285
Liberia,Mortalidad_Alta,-54.131046,-20.35701,-1.3767426,18.808596,374.211308104278
Liberia,Mortalidad_Alta,-53.69297,-19.399237,-1.3932751,18.77978,320.55808618515
Liberia,Mortalidad_Alta,-53.446117,-19.517164,-1.3791914,18.791698,287.487333441381
Liberia,Mortalidad_Alta,-53.36155,-19.49102,-1.3757346,18.776718,284.140223992458
Liberia,Mortalidad_Alta,-52.802235,-19.554705,-1.3686321,18.79719,239.779556677091
Liberia,Mortalidad_Alta,-52.45859,-19.654667,-1.3452913,18.789333,299.536445539621
Liberia,Mortalidad_Alta,-52.408703,-19.625021,-1.3441538,18.781433,300.463828598983
Liberia,Mortalidad_Alta,-52.303127,-19.60849,-1.343405,18.774685,298.485340578945
Liberia,Mortalidad_Alta,-48.85622,-18.608953,-1.0637392,18.426693,62.1438140627579
Libya,Mortalidad_Media,-24.558393,51.031956,-6.704887,10.229941,5986.63694851258
Libya,Mortalidad_Media,-24.170616,50.044125,-6.56598,10.224251,4935.82787349801
Libya,Mortalidad_Media,11.257718,23.289398,-2.5557191,5.963263,6650.33810585348
Libya,Mortalidad_Media,-12.001714,44.093826,-4.9861603,9.165459,9963.19489084483
Libya,Mortalidad_Media,-11.804241,44.174606,-5.002883,9.024067,11196.5854810844
Libya,Mortalidad_Media,5.477947,25.764267,-3.2174518,7.8250556,9965.83236729757
Libya,Mortalidad_Media,8.8171215,24.439861,-2.6084538,6.082247,7525.80299308216
Libya,Mortalidad_Media,8.197687,24.606602,-2.6520321,6.372196,7458.48917756374
Libya,Mortalidad_Media,7.4542966,24.80293,-2.8645937,7.0796666,8926.42074591474
Libya,Mortalidad_Media,-11.994779,44.179283,-5.0660615,9.2640085,11951.7134126011
Libya,Mortalidad_Media,-23.34022,49.133038,-6.41666,10.209162,14975.8902795144
Libya,Mortalidad_Media,4.4010983,25.93415,-3.204925,8.000336,7593.8391525702
Libya,Mortalidad_Media,-24.093903,49.96866,-6.5335636,10.2159815,11600.9068649472
Libya,Mortalidad_Media,-24.046192,49.723236,-6.547211,10.238949,9551.05403869755
Libya,Mortalidad_Media,-25.03867,51.68336,-6.7465215,10.2422905,13906.1407818125
Libya,Mortalidad_Media,-25.03498,51.486015,-6.7114553,10.214726,11144.9448413435
Libya,Mortalidad_Media,-25.156319,51.81211,-6.7797785,10.235942,10048.8480434289
Libya,Mortalidad_Media,-22.9652,48.9016,-6.2731867,10.1598835,8079.24957329001
Libya,Mortalidad_Media,-12.827463,43.85659,-5.0351624,9.312276,5773.76333234281
Libya,Mortalidad_Media,-12.880906,43.8138,-5.0254483,9.31534,4674.09943200321
Libya,Mortalidad_Media,-5.984197,29.456015,-2.678925,7.089341,3718.29434696755
Libya,Mortalidad_Media,-13.521969,43.09211,-4.9999237,9.400297,6312.80030498965
Libya,Mortalidad_Media,-13.108105,43.724518,-5.076978,9.367524,7214.10040377084
Libya,Mortalidad_Media,-13.148336,40.78876,-4.8412647,9.467555,5205.25706378741
Lithuania,Mortalidad_Baja,35.177887,-14.19505,13.567492,5.971509,25085.784063499
Lithuania,Mortalidad_Media,35.26635,-13.532847,13.514887,6.0058966,23870.4594851722
Lithuania,Mortalidad_Media,35.097202,-13.917938,13.539614,5.999971,20428.6478157394
Lithuania,Mortalidad_Baja,22.638983,-21.578646,12.637795,8.617936,19608.7943945553
Lithuania,Mortalidad_Baja,22.770327,-21.385757,12.603144,8.540326,19247.2315367967
Lithuania,Mortalidad_Baja,35.179096,-13.768939,13.497016,6.005766,16800.1510246099
Lithuania,Mortalidad_Media,28.3422,-19.125488,12.6703,8.283418,14934.2702840428
Lithuania,Mortalidad_Media,28.16672,-19.12343,12.781714,8.319655,14269.8039878287
Lithuania,Mortalidad_Media,22.686169,-17.164192,12.928353,8.511251,16446.1647181663
Lithuania,Mortalidad_Media,22.593035,-17.469625,12.855165,8.56806,15636.5252586048
Lithuania,Mortalidad_Media,22.340391,-16.23925,13.137628,8.511735,14288.1853493139
Lithuania,Mortalidad_Media,22.136074,-16.450483,13.097552,8.578421,14261.8433787325
Lithuania,Mortalidad_Media,24.124388,-21.20291,12.607574,8.6311455,11829.122609457
Lithuania,Mortalidad_Media,24.879559,-22.059177,12.419678,8.609358,11854.3711053096
Lithuania,Mortalidad_Media,20.349613,-16.30252,13.4475355,8.624737,14955.5345462921
Lithuania,Mortalidad_Media,19.886696,-16.23442,13.498546,8.612688,12295.1212779366
Lithuania,Mortalidad_Media,19.615381,-16.217804,13.496261,8.663042,9210.10118229413
Lithuania,Mortalidad_Media,19.746454,-16.04852,13.482024,8.690201,7857.03148786492
Lithuania,Mortalidad_Media,20.146503,-15.848169,13.518595,8.648226,6734.57487061946
Lithuania,Mortalidad_Media,20.352083,-16.160362,13.435383,8.646733,5507.47434187652
Lithuania,Mortalidad_Media,16.0197,-18.27912,13.349801,9.316136,4148.13091485015
Lithuania,Mortalidad_Media,15.666153,-18.405008,13.336585,9.489926,3532.52787363242
Lithuania,Mortalidad_Media,1.5407705,-29.590975,12.619099,11.318143,3300.63634928559
Lithuania,Mortalidad_Media,-13.27321,40.16674,-4.8348446,9.50199,2182.69156931505
Luxembourg,Mortalidad_Baja,31.57454,12.608067,2.762847,-7.4086847,123719.658915996
Luxembourg,Mortalidad_Baja,31.412739,12.898714,2.758211,-7.404385,134965.815442152
Luxembourg,Mortalidad_Baja,31.480291,12.839255,2.7407293,-7.3865566,116860.02817236
Luxembourg,Mortalidad_Baja,31.865528,13.194244,2.7593818,-7.4052978,112696.649059674
Luxembourg,Mortalidad_Baja,32.243584,12.919971,2.783557,-7.430021,116926.759593905
Luxembourg,Mortalidad_Baja,32.209156,12.863007,2.7637644,-7.410438,110193.213797228
Luxembourg,Mortalidad_Baja,31.903801,13.146984,2.7358928,-7.381838,106899.293549552
Luxembourg,Mortalidad_Baja,32.08796,13.142146,2.747134,-7.39356,105462.012584423
Luxembourg,Mortalidad_Baja,32.838776,13.155234,2.8255587,-7.4713025,123678.702143275
Luxembourg,Mortalidad_Baja,32.706135,13.338397,2.8357923,-7.48179,120000.140729859
Luxembourg,Mortalidad_Baja,33.11046,13.534219,2.829959,-7.4754815,112584.676270958
Luxembourg,Mortalidad_Baja,32.819115,13.700453,2.8405159,-7.4867334,119025.057203467
Luxembourg,Mortalidad_Baja,33.144047,13.762909,2.8817434,-7.5261045,110885.991378721
Luxembourg,Mortalidad_Baja,32.55886,13.714017,2.8126678,-7.458873,109419.746953106
Luxembourg,Mortalidad_Baja,33.703854,14.019545,2.956328,-7.596297,120422.137934157
Luxembourg,Mortalidad_Baja,34.443577,14.491526,3.062623,-7.6975055,107475.320297978
Luxembourg,Mortalidad_Baja,33.98435,14.212198,2.995679,-7.6334324,90788.8004876145
Luxembourg,Mortalidad_Baja,34.52019,14.489051,3.063515,-7.697827,80988.1376230858
Luxembourg,Mortalidad_Baja,35.279846,14.880091,3.1534257,-7.7827873,76544.9170868473
Luxembourg,Mortalidad_Baja,35.347103,15.083369,3.1949363,-7.8239527,65689.3214536911
Luxembourg,Mortalidad_Baja,35.9477,15.620929,3.2717512,-7.8972816,53005.7339209179
Luxembourg,Mortalidad_Baja,35.75537,15.400853,3.2179954,-7.8455935,48440.1420151355
Luxembourg,Mortalidad_Baja,35.961475,15.527079,3.2703006,-7.893718,48659.5988753233
Luxembourg,Mortalidad_Baja,36.9852,16.146542,3.3200176,-7.9436903,51032.349635318
Madagascar,Mortalidad_Alta,-26.245035,9.578926,-1.8774441,14.094491,503.514533472879
Madagascar,Mortalidad_Alta,-26.374792,9.232743,-1.8960769,14.1502285,483.469463351371
Madagascar,Mortalidad_Alta,-31.128517,11.641899,-2.5225368,14.470305,450.771615201509
Madagascar,Mortalidad_Alta,-25.798439,8.416439,-1.8123876,14.063964,499.818837622534
Madagascar,Mortalidad_Alta,-26.259508,8.807703,-1.9486128,14.183856,500.45718552916
Madagascar,Mortalidad_Alta,-31.054182,11.865572,-2.5040326,14.396449,491.866848718929
Madagascar,Mortalidad_Alta,-31.321304,12.162935,-2.5557594,14.441307,453.970714522463
Madagascar,Mortalidad_Alta,-31.535675,12.149587,-2.6001253,14.486353,445.320069480568
Madagascar,Mortalidad_Alta,-31.558502,12.075646,-2.5905821,14.489505,505.684922503435
Madagascar,Mortalidad_Alta,-31.790686,12.211447,-2.586933,14.506999,515.301589361832
Madagascar,Mortalidad_Alta,-22.028599,-52.384262,9.709667,14.601169,493.511162904211
Madagascar,Mortalidad_Alta,-39.109867,11.068804,-2.9833674,15.300287,506.163691559309
Madagascar,Mortalidad_Alta,-22.785238,-52.03805,9.709827,14.663093,450.009391645726
Madagascar,Mortalidad_Alta,-40.576126,10.9671955,-3.0599108,15.548771,446.315238370592
Madagascar,Mortalidad_Alta,-40.15356,10.456001,-2.9636443,15.378725,512.579800058444
Madagascar,Mortalidad_Alta,-39.899345,10.400582,-2.9440143,15.423325,419.548001431865
Madagascar,Mortalidad_Alta,-36.657104,8.898978,-2.585934,15.193009,324.146874882604
Madagascar,Mortalidad_Alta,-23.136042,-52.95922,9.5998125,14.711423,305.812074924388
Madagascar,Mortalidad_Alta,-52.439316,5.6470737,-2.6908767,15.690651,272.20074858856
Madagascar,Mortalidad_Alta,-39.111465,6.8577933,-2.619745,15.581794,352.620095849925
Madagascar,Mortalidad_Alta,-39.167988,6.7241077,-2.6178985,15.735924,304.941777398445
Madagascar,Mortalidad_Alta,-24.023256,-53.40487,9.513057,14.682144,319.283278235657
Madagascar,Mortalidad_Alta,-39.271786,6.0640106,-2.3003662,15.984846,280.282905559649
Madagascar,Mortalidad_Alta,-47.298645,-11.686317,-1.0833338,17.811823,273.149653945976
Malawi,Mortalidad_Alta,-33.020294,16.624277,-3.228114,13.948919,604.269751184515
Malawi,Mortalidad_Alta,-32.687027,16.327555,-3.1788378,13.964356,617.447520802454
Malawi,Mortalidad_Alta,-32.642815,16.338017,-3.1734407,13.944125,602.507478176106
Malawi,Mortalidad_Alta,-19.064884,-52.599487,9.799408,14.241808,580.889816066776
Malawi,Mortalidad_Alta,-25.752146,13.650438,-2.3697274,13.892475,533.203173686705
Malawi,Mortalidad_Alta,-26.231194,13.7170925,-2.4583435,13.99567,495.769683367165
Malawi,Mortalidad_Alta,-19.097498,-52.988274,9.793611,14.2054615,450.506105510719
Malawi,Mortalidad_Alta,-28.267076,13.5203705,-2.484434,14.158922,539.605363240686
Malawi,Mortalidad_Alta,-29.313196,12.748027,-2.4754667,14.285451,529.5133440206
Malawi,Mortalidad_Alta,-29.561577,12.381969,-2.4613483,14.346124,496.947368267313
Malawi,Mortalidad_Alta,-29.201345,12.253078,-2.4199188,14.345874,558.46208832772
Malawi,Mortalidad_Alta,-29.332495,11.939313,-2.3855898,14.607112,763.061000394572
Malawi,Mortalidad_Alta,-23.473473,-53.541195,9.460322,14.5607605,683.124694716799
Malawi,Mortalidad_Alta,-36.971657,1.4443892,-2.0986738,15.687317,625.869729869625
Malawi,Mortalidad_Alta,-36.81263,0.93837464,-1.9992232,15.729033,554.048820396119
Malawi,Mortalidad_Alta,-36.28806,0.4312367,-1.8816404,15.725385,475.180261659331
Malawi,Mortalidad_Alta,-36.96318,-0.8666474,-1.7789128,15.970732,440.822149023873
Malawi,Mortalidad_Alta,-37.44456,-1.6695707,-1.7318693,16.072609,414.361121984475
Malawi,Mortalidad_Alta,-28.95832,-54.658028,8.875361,14.830063,404.674248445428
Malawi,Mortalidad_Alta,-40.822727,-9.8953705,-1.3326418,17.251806,383.348596852642
Malawi,Mortalidad_Alta,-40.979053,-11.716711,-1.1782438,17.4185,428.210439838398
Malawi,Mortalidad_Alta,-40.79406,-12.137137,-1.1015241,17.424103,215.474524898357
Malawi,Mortalidad_Alta,-40.85272,-12.486086,-1.0500808,17.45389,224.22415918428
Malawi,Mortalidad_Alta,-39.80963,-14.537167,-0.77949834,17.46162,200.362370007247
Malaysia,Mortalidad_Baja,-0.29041162,48.852577,-5.023087,7.047396,11748.0919307944
Malaysia,Mortalidad_Media,17.080912,-11.892088,13.00383,10.08553,10903.1116425938
Malaysia,Mortalidad_Baja,0.08499816,48.09501,-4.973336,7.0365677,9957.52626697613
Malaysia,Mortalidad_Baja,0.51541305,48.33248,-4.9688725,7.012098,10920.191763972
Malaysia,Mortalidad_Baja,17.150368,-11.85636,12.884032,9.870722,10901.8019954421
Malaysia,Mortalidad_Baja,-0.2890948,48.64287,-5.0194426,7.048051,9862.54806612235
Malaysia,Mortalidad_Baja,-0.113063574,48.50163,-5.009118,7.0458493,9476.53409809923
Malaysia,Mortalidad_Baja,16.974566,-11.915061,12.916025,10.077859,9648.6797937523
Malaysia,Mortalidad_Baja,-1.527382,48.60676,-5.0605145,7.1038494,11013.3107334403
Malaysia,Mortalidad_Baja,5.566339,-19.626049,13.123046,10.845396,10713.6407638899
Malaysia,Mortalidad_Baja,-1.6250982,48.8733,-5.0484633,7.0576057,10600.5744240026
Malaysia,Mortalidad_Baja,5.46524,-19.014133,13.228365,10.779825,10217.1068585031
Malaysia,Mortalidad_Baja,-1.04284,49.37568,-5.096236,7.0937967,8899.34505544675
Malaysia,Mortalidad_Baja,-0.94976,49.306625,-5.0801616,7.077962,7191.43287234626
Malaysia,Mortalidad_Media,5.3974166,-18.126627,13.286978,10.735452,8371.82156086005
Malaysia,Mortalidad_Media,-1.726728,50.147503,-5.09719,7.084448,7168.93031942508
Malaysia,Mortalidad_Media,5.4644885,-18.02536,13.299593,10.754587,6158.40785533236
Malaysia,Mortalidad_Media,-1.6663246,50.239098,-5.097618,7.086654,5555.58179951206
Malaysia,Mortalidad_Media,-1.7418566,50.10861,-5.11281,7.080655,4939.24851854427
Malaysia,Mortalidad_Media,5.72072,-17.972162,13.288729,10.7241,4465.32194567208
Malaysia,Mortalidad_Media,-1.3851165,49.35888,-5.102907,7.113292,4184.03163773539
Malaysia,Mortalidad_Media,-1.088498,49.424957,-5.079492,7.1048527,3943.79943910239
Malaysia,Mortalidad_Media,-1.3335097,50.07097,-5.1365724,7.099745,4083.52874483605
Malaysia,Mortalidad_Media,33.029884,-23.854311,11.739831,7.910047,4363.14458333034
Mali,Mortalidad_Alta,-50.072063,-2.8918004,-2.826096,17.258123,969.72220560562
Mali,Mortalidad_Alta,-29.241522,-48.675896,9.344329,15.409305,1027.27345365357
Mali,Mortalidad_Alta,-50.129868,-3.025614,-2.7258723,17.195814,953.242943290974
Mali,Mortalidad_Alta,-49.317753,-3.1641555,-2.631527,17.191257,971.949318638092
Mali,Mortalidad_Alta,-29.205893,-49.12606,9.340195,15.431879,996.379292136901
Mali,Mortalidad_Alta,-48.28841,-3.448273,-2.5821896,17.184824,924.057531692284
Mali,Mortalidad_Alta,-47.7258,-3.4467933,-2.4904943,17.133144,872.468587171653
Mali,Mortalidad_Alta,-46.726524,-3.3787677,-2.4035313,16.993412,838.11986940103
Mali,Mortalidad_Alta,-46.00866,-3.2891483,-2.2853591,16.856874,940.243260037952
Mali,Mortalidad_Alta,-45.204136,-3.2411263,-2.2376833,16.807932,903.190452512378
Mali,Mortalidad_Alta,-46.42908,-3.2946343,-2.3571227,17.008108,878.217175344858
Mali,Mortalidad_Alta,-44.588654,-3.134692,-2.194638,16.772472,941.574944706639
Mali,Mortalidad_Alta,-43.616474,-2.6604698,-1.9809297,16.57881,827.617660082715
Mali,Mortalidad_Alta,-28.3352,-53.87453,8.982983,14.917512,815.78868795173
Mali,Mortalidad_Alta,-33.359135,-6.819673,-1.0437016,16.325844,820.715705601841
Mali,Mortalidad_Alta,-32.9652,-6.955661,-0.9434015,16.312178,711.675463215078
Mali,Mortalidad_Alta,-28.180351,-55.40331,8.871735,14.806096,633.221946737432
Mali,Mortalidad_Alta,-33.216763,-7.138763,-0.9525979,16.364199,591.630393473705
Mali,Mortalidad_Alta,-33.026783,-10.860123,-0.7638579,16.663204,542.887347640863
Mali,Mortalidad_Alta,-45.892197,-13.577745,-0.98011875,17.894432,371.627016389759
Mali,Mortalidad_Alta,-46.13287,-13.876296,-1.0017185,18.019306,318.042432039222
Mali,Mortalidad_Alta,-31.98922,-52.397224,8.846832,15.347392,291.159497911347
Mali,Mortalidad_Alta,-45.881733,-14.356668,-0.9130319,17.99684,256.199554978241
Mali,Mortalidad_Alta,-46.613735,-16.669458,-0.9081895,18.196459,265.717051612187
Malta,Mortalidad_Baja,54.750416,-30.474129,16.131006,4.7307096,36224.2819955817
Malta,Mortalidad_Baja,54.575905,-30.416447,16.128279,4.745238,38065.354346575
Malta,Mortalidad_Baja,54.517204,-30.551664,16.12346,4.7375975,31833.596382464
Malta,Mortalidad_Baja,54.515755,-31.210642,16.104038,4.7170606,32421.9179753188
Malta,Mortalidad_Baja,54.375355,-31.027122,16.11725,4.761827,33382.2677502638
Malta,Mortalidad_Baja,54.337425,-30.734924,16.131815,4.7330356,30317.2443357939
Malta,Mortalidad_Baja,53.840214,-30.136753,16.078869,4.751054,26459.0772054811
Malta,Mortalidad_Baja,53.933456,-30.070358,16.082441,4.748433,25529.6813131565
Malta,Mortalidad_Baja,53.269825,-29.910149,16.026949,4.787871,27424.5765369278
Malta,Mortalidad_Baja,52.7742,-29.787533,15.975075,4.819221,25415.5566806942
Malta,Mortalidad_Baja,51.966164,-29.608494,15.726562,4.9913526,22878.3131257656
Malta,Mortalidad_Baja,49.916515,-29.855267,15.567526,5.152338,23516.9691282762
Malta,Mortalidad_Baja,49.78482,-28.601149,15.38649,5.084163,21946.6070188242
Malta,Mortalidad_Baja,49.40007,-28.626898,15.195071,5.22249,21176.3216665018
Malta,Mortalidad_Baja,44.82706,-24.00315,14.675799,5.2476068,22315.3104812611
Malta,Mortalidad_Baja,45.01787,-23.332773,14.526472,5.243474,19444.1743635565
Malta,Mortalidad_Baja,44.938534,-22.497225,14.471955,5.248481,16653.6038312389
Malta,Mortalidad_Baja,12.328766,38.442112,-3.623884,5.4269137,15831.3439802756
Malta,Mortalidad_Baja,12.252413,38.47847,-3.598817,5.468986,15212.1312964883
Malta,Mortalidad_Baja,0.9443868,40.664932,-3.558119,7.796949,13593.9787182902
Malta,Mortalidad_Baja,0.8684524,40.700115,-3.555524,7.800311,11251.2024877398
Malta,Mortalidad_Baja,0.9533494,40.66093,-3.594293,7.769298,10357.7026407269
Malta,Mortalidad_Baja,0.72729,40.7601,-3.570396,7.794689,10348.4860163
Malta,Mortalidad_Baja,-6.713912,31.390064,-2.5793002,7.1120987,9828.22830085662
Mauritania,Mortalidad_Media,-48.182617,26.989355,-5.1808553,14.115545,1960.35240077424
Mauritania,Mortalidad_Alta,-46.681816,27.4,-5.054674,14.068582,1947.78918383313
Mauritania,Mortalidad_Alta,-46.141785,27.218306,-4.861411,14.075408,1795.76459566714
Mauritania,Mortalidad_Media,-19.986464,-46.710037,10.489067,14.343761,1767.072710621
Mauritania,Mortalidad_Media,-48.195847,24.81397,-5.065913,14.287153,1722.93528854073
Mauritania,Mortalidad_Media,-47.832584,24.79272,-4.980745,14.194533,1615.00401327323
Mauritania,Mortalidad_Alta,-47.449257,24.800676,-4.807705,14.024518,1565.76575722696
Mauritania,Mortalidad_Alta,-41.03139,27.377115,-4.693286,13.873211,1554.94897871782
Mauritania,Mortalidad_Alta,-19.728798,-46.605625,10.481424,14.339389,1713.00865264234
Mauritania,Mortalidad_Alta,-43.832844,26.175737,-4.571448,14.026426,1934.24103064714
Mauritania,Mortalidad_Alta,-43.634243,26.132383,-4.590494,14.030011,1859.11733247641
Mauritania,Mortalidad_Alta,-43.8265,26.232534,-4.576161,14.024718,1931.19975525465
Mauritania,Mortalidad_Alta,-42.989548,25.441683,-4.4652414,14.088466,1659.96369705455
Mauritania,Mortalidad_Alta,-42.13778,24.519503,-4.378571,14.117774,1435.43010811893
Mauritania,Mortalidad_Alta,-20.57711,-48.3772,10.42083,14.383446,1635.5630623124
Mauritania,Mortalidad_Alta,-43.7334,24.664316,-4.453928,14.117915,1405.15016203368
Mauritania,Mortalidad_Alta,-44.237404,24.73663,-4.48725,14.119097,1300.60367988659
Mauritania,Mortalidad_Alta,-43.39662,21.288038,-4.2334337,14.370484,998.96583416747
Mauritania,Mortalidad_Alta,-22.822388,-50.340603,9.825145,14.616963,823.554457141893
Mauritania,Mortalidad_Alta,-44.296894,18.186094,-3.8687916,14.940252,732.017820812675
Mauritania,Mortalidad_Alta,-44.429043,18.144096,-3.88174,14.943223,648.879643934862
Mauritania,Mortalidad_Alta,-44.643246,17.916311,-3.8516698,15.010078,651.817840199777
Mauritania,Mortalidad_Alta,-27.236185,-52.291374,9.194461,15.004029,680.911061879778
Mauritania,Mortalidad_Alta,-28.256916,-52.068577,9.17179,15.173705,904.719170071042
Mauritius,Mortalidad_Media,10.4974785,34.754154,-3.6776555,5.706397,10223.7882316574
Mauritius,Mortalidad_Media,10.811856,34.4512,-3.6405957,5.665903,9068.97300226707
Mauritius,Mortalidad_Media,11.037442,34.243504,-3.5961664,5.639538,9011.04288445023
Mauritius,Mortalidad_Media,11.067554,29.778557,-3.1067967,5.795268,11403.2527870674
Mauritius,Mortalidad_Media,10.565588,34.292454,-3.6500134,5.658729,11643.4605962124
Mauritius,Mortalidad_Media,24.791018,-44.34119,10.122812,9.335158,10841.6847754844
Mauritius,Mortalidad_Media,10.480553,34.60796,-3.7008777,5.721321,9965.72531085228
Mauritius,Mortalidad_Media,10.074729,34.40836,-3.6757596,5.7202325,9507.87133656424
Mauritius,Mortalidad_Media,9.894296,34.589752,-3.7253969,5.76846,10366.3550754936
Mauritius,Mortalidad_Media,9.182818,34.365852,-3.7708673,5.855766,9764.64413060045
Mauritius,Mortalidad_Media,24.535452,-41.122963,10.412783,9.365618,9291.23627601053
Mauritius,Mortalidad_Media,8.918924,34.71333,-3.881772,5.9483314,9197.04299089459
Mauritius,Mortalidad_Media,8.824121,34.82313,-3.8402507,5.9088483,8000.37643182154
Mauritius,Mortalidad_Media,7.089042,33.697575,-3.898633,6.162173,7318.12640972422
Mauritius,Mortalidad_Media,7.786561,34.394257,-3.9334178,6.0951347,8030.05228087539
Mauritius,Mortalidad_Media,5.3963094,32.610764,-3.8448582,6.462985,6574.6635764099
Mauritius,Mortalidad_Media,17.715908,-46.433456,10.222964,9.919354,5695.97525509869
Mauritius,Mortalidad_Media,2.9161825,33.189785,-3.6506367,8.43261,5354.02974260642
Mauritius,Mortalidad_Media,2.0673022,33.482952,-3.739537,8.5585165,5460.60800184198
Mauritius,Mortalidad_Media,2.0376165,33.47788,-3.7097085,8.579211,4858.26575549747
Mauritius,Mortalidad_Media,1.776041,33.581646,-3.7152407,8.585623,4073.06053055903
Mauritius,Mortalidad_Media,1.1936926,33.674793,-3.7292225,8.701919,3908.55694927435
Mauritius,Mortalidad_Media,1.1463492,33.698147,-3.7058272,8.695066,3981.98343249582
Mauritius,Mortalidad_Media,-14.83479,37.0057,-4.732645,9.9493265,3648.01649622256
Mexico,Mortalidad_Media,20.02217,-50.458736,9.824156,9.992629,11402.1410374782
Mexico,Mortalidad_Media,2.9496431,32.075554,-3.5122404,8.402419,10314.0506725979
Mexico,Mortalidad_Media,16.505323,-47.370895,10.156899,10.495309,8841.2707511328
Mexico,Mortalidad_Media,4.5954137,27.659193,-3.3668118,7.9028506,10369.5553585271
Mexico,Mortalidad_Media,20.67038,-50.61964,9.830283,10.019921,10084.7937553679
Mexico,Mortalidad_Media,4.3087163,27.727959,-3.3242638,7.902961,9649.27816772402
Mexico,Mortalidad_Media,19.504927,-49.95651,9.794996,9.9905405,9097.92397674769
Mexico,Mortalidad_Media,3.9571772,27.782627,-3.31127,7.922383,10021.2386124039
Mexico,Mortalidad_Media,20.450401,-50.468845,9.811376,9.983625,11391.3773510244
Mexico,Mortalidad_Media,4.177523,27.488283,-3.3139944,7.8975916,11216.800851866
Mexico,Mortalidad_Media,20.0882,-50.538788,9.800956,9.983538,10744.1335229686
Mexico,Mortalidad_Media,3.8787985,27.807829,-3.3042781,7.9299736,10664.4944046282
Mexico,Mortalidad_Media,19.175745,-50.1845,9.831136,9.946989,9728.80078237782
Mexico,Mortalidad_Media,3.597262,27.73351,-3.284539,7.9444523,8423.56933214711
Mexico,Mortalidad_Media,19.339087,-50.766613,9.745195,10.040837,10523.7685427665
Mexico,Mortalidad_Media,3.6195545,28.076683,-3.3039548,7.9201264,10134.3327129706
Mexico,Mortalidad_Media,18.748426,-50.789814,9.737742,9.999197,9512.63575346699
Mexico,Mortalidad_Media,18.90442,-50.852165,9.75263,10.032693,8671.75891885163
Mexico,Mortalidad_Media,18.651596,-50.965748,9.730854,10.055352,7849.66759649565
Mexico,Mortalidad_Media,3.2439,28.04997,-3.3011029,7.9468255,7434.07465031562
Mexico,Mortalidad_Media,18.401037,-51.437218,9.730504,10.053041,7983.03398381759
Mexico,Mortalidad_Media,3.0501065,28.282078,-3.28107,7.971204,7952.76479510706
Mexico,Mortalidad_Media,17.917439,-51.707794,9.761227,10.090544,7524.0271380091
Mexico,Mortalidad_Media,1.5959797,30.455286,-3.4823487,8.613361,4183.87847727479
Moldova,Mortalidad_Media,14.605228,-45.36625,10.238907,10.620296,5744.29618434435
Moldova,Mortalidad_Media,-0.7365489,-41.593414,11.293022,11.891102,5274.60582195352
Moldova,Mortalidad_Media,-12.333058,38.227757,-4.6742334,9.456969,4375.7788930524
Moldova,Mortalidad_Media,-0.9550633,-43.4065,11.283581,12.008068,4405.33418162155
Moldova,Mortalidad_Media,-1.0228854,-43.17823,11.2748165,11.999223,4156.44981956646
Moldova,Mortalidad_Media,-1.723024,-42.550163,11.317438,12.063736,3453.26727720294
Moldova,Mortalidad_Media,-1.2749527,-41.751205,11.354833,11.968079,2847.08794770479
Moldova,Mortalidad_Media,-1.421831,-41.725082,11.363993,11.98683,2749.55137054338
Moldova,Mortalidad_Media,-2.7559526,-42.050125,11.349666,12.19446,3289.95758568777
Moldova,Mortalidad_Media,-1.7171819,-42.506863,11.349489,12.068746,3321.04397795719
Moldova,Mortalidad_Media,-0.78742415,-42.94888,11.294672,11.967463,3044.8084324815
Moldova,Mortalidad_Media,-1.1759855,-42.079147,11.362255,11.99813,2941.36224066021
Moldova,Mortalidad_Media,-1.0076234,-43.018867,11.251186,12.010853,2436.79935102421
Moldova,Mortalidad_Media,5.5035934,-48.046185,10.386462,11.189685,1898.43975710988
Moldova,Mortalidad_Media,0.11926067,-43.775356,11.186937,11.8302965,2110.55305353857
Moldova,Mortalidad_Media,-0.36466095,-43.885784,11.159985,11.986195,1531.21618590748
Moldova,Mortalidad_Media,-7.014224,-46.613823,10.895807,13.110404,1183.02481442894
Moldova,Mortalidad_Media,-7.777175,-47.10564,10.878818,13.206273,1034.39197746993
Moldova,Mortalidad_Media,-8.305597,-47.35938,10.808263,13.328389,897.178494749468
Moldova,Mortalidad_Media,-11.5344,-46.238594,10.73549,13.578654,682.319095965299
Moldova,Mortalidad_Media,-11.821208,-46.557106,10.668153,13.773972,570.799866188293
Moldova,Mortalidad_Media,-20.897573,-45.819286,10.517911,14.272553,507.404076252819
Moldova,Mortalidad_Media,-21.532629,-46.02892,10.483471,14.402712,440.538683980372
Moldova,Mortalidad_Alta,-52.518684,23.184744,-5.0636635,14.867297,593.593177049161
Mongolia,Mortalidad_Media,-10.342539,-31.138798,12.503611,13.003153,4993.51487463495
Mongolia,Mortalidad_Media,-23.7033,41.651283,-5.368271,10.874226,4517.61578018785
Mongolia,Mortalidad_Media,-23.643707,41.54683,-5.383663,10.872001,4001.25193077703
Mongolia,Mortalidad_Media,-24.186031,41.448483,-5.4159994,10.883888,4347.54610314873
Mongolia,Mortalidad_Media,-10.317713,-31.073732,12.5077505,12.99519,4107.64288528468
Mongolia,Mortalidad_Media,-23.370293,41.510784,-5.341194,10.816191,3645.96708669551
Mongolia,Mortalidad_Media,-11.030704,-33.868065,12.306731,13.204218,3619.90026383792
Mongolia,Mortalidad_Media,-23.401423,39.63406,-5.2501287,10.7520275,3838.92126989984
Mongolia,Mortalidad_Media,-9.194889,-34.561295,12.321301,12.963429,4126.23975800524
Mongolia,Mortalidad_Media,-24.349289,40.227726,-5.3277097,10.878976,4340.14310544449
Mongolia,Mortalidad_Media,-9.139858,-35.281067,12.25038,12.953262,4328.89001905655
Mongolia,Mortalidad_Media,-9.332855,-35.3688,12.225237,13.018944,3736.04201455077
Mongolia,Mortalidad_Media,-10.010233,-35.37297,12.190425,13.126199,2625.21881402433
Mongolia,Mortalidad_Media,-43.161156,30.846968,-5.012688,13.76931,1703.32756790019
Mongolia,Mortalidad_Media,-43.91563,30.545216,-5.010351,13.878179,2127.42678594737
Mongolia,Mortalidad_Alta,-16.716303,-38.461643,11.590017,14.14337,1627.68787743359
Mongolia,Mortalidad_Alta,-44.266422,28.413687,-4.8183303,14.054203,1329.89179579053
Mongolia,Mortalidad_Alta,-37.8869,25.192076,-4.374559,13.799383,994.90010913241
Mongolia,Mortalidad_Alta,-37.919666,25.165041,-4.248001,13.8091135,794.154552001815
Mongolia,Mortalidad_Alta,-38.176548,25.91391,-4.304537,13.731175,643.168068921658
Mongolia,Mortalidad_Alta,-17.991858,-50.371296,10.159068,14.025077,570.249213248399
Mongolia,Mortalidad_Alta,-37.472725,23.836828,-4.12628,13.929841,524.453483552485
Mongolia,Mortalidad_Alta,-37.031277,23.31376,-4.1757936,14.226454,476.02755082717
Mongolia,Mortalidad_Alta,-29.754833,-47.26187,9.3782425,15.456951,652.67456284915
Montenegro,Mortalidad_Baja,10.924318,38.39635,-3.8286579,5.932067,9990.20444616996
Montenegro,Mortalidad_Media,27.433386,-20.603786,12.503987,8.532883,9377.48879714989
Montenegro,Mortalidad_Baja,17.185818,-29.423872,12.338629,9.846388,7612.62845881291
Montenegro,Mortalidad_Baja,16.356075,-27.905485,12.394157,9.83667,8842.48528706869
Montenegro,Mortalidad_Baja,16.239504,-27.902754,12.372227,9.869092,8790.88152116679
Montenegro,Mortalidad_Baja,16.89782,-28.592867,12.358323,9.849989,7758.36921956034
Montenegro,Mortalidad_Baja,16.587742,-28.61432,12.3650255,9.843539,6999.1358134109
Montenegro,Mortalidad_Baja,16.856829,-28.838245,12.346493,9.8780775,6491.19280618646
Montenegro,Mortalidad_Baja,15.512665,-28.494314,12.367747,9.962724,7364.96590101549
Montenegro,Mortalidad_Baja,15.96582,-28.66822,12.363452,9.911499,7172.92908521143
Montenegro,Mortalidad_Baja,15.772579,-28.035631,12.393246,9.887228,6577.74033229273
Montenegro,Mortalidad_Baja,15.901907,-28.298365,12.390758,9.891927,7325.64689244715
Montenegro,Mortalidad_Baja,13.795667,-28.315714,12.371235,10.205109,6688.40259641346
Montenegro,Mortalidad_Media,12.667008,-28.643723,12.299011,10.480843,6727.10776676969
Montenegro,Mortalidad_Media,11.519232,-28.912632,12.422197,10.527977,7367.75190910882
Montenegro,Mortalidad_Media,5.3002367,-29.42209,12.378066,11.411554,5976.39414454596
Montenegro,Mortalidad_Media,11.663501,-30.358265,12.282611,10.551486,4425.67887307803
Montenegro,Mortalidad_Media,19.419802,-36.24282,11.425438,9.55777,3674.6179242797
Montenegro,Mortalidad_Media,-4.718855,37.156715,-4.357827,8.550973,3380.16512135859
Montenegro,Mortalidad_Media,-8.343053,31.471138,-2.5661871,7.1241145,2789.15906483509
Montenegro,Mortalidad_Media,-8.288961,31.32033,-2.5719335,7.1286035,2106.6350684523
Montenegro,Mortalidad_Media,-8.157907,35.250477,-4.185619,9.057285,1909.59870186179
Montenegro,Mortalidad_Media,-8.36097,33.857838,-4.0364075,9.020749,1627.06511911987
Montenegro,Mortalidad_Media,7.965392,35.47141,-4.00239,6.080374,10795.966586356715
Morocco,Mortalidad_Media,-13.280059,34.91715,-4.356674,9.408436,3455.39624023438
Morocco,Mortalidad_Media,-14.64892,35.70576,-4.5075865,9.795832,3785.93627929688
Morocco,Mortalidad_Media,-14.241717,35.51864,-4.527132,9.784289,3268.0302734375
Morocco,Mortalidad_Media,-14.148288,35.329082,-4.5115743,9.759294,3508.09765625
Morocco,Mortalidad_Media,-14.254055,35.375416,-4.48589,9.756686,3501.69799804688
Morocco,Mortalidad_Media,-14.635703,35.353184,-4.519501,9.790008,3296.52661132813
Morocco,Mortalidad_Media,-14.33577,35.36533,-4.5193825,9.773649,3140.85546875
Morocco,Mortalidad_Media,-14.982003,35.39839,-4.520717,9.845409,3146.24780273438
Morocco,Mortalidad_Media,-14.879501,34.62633,-4.5510435,9.796805,3435.40698242188
Morocco,Mortalidad_Media,-6.06857,-39.91613,11.712036,12.699636,3379.7431640625
Morocco,Mortalidad_Media,-22.462584,35.31771,-4.5890903,11.429899,3164.17724609375
Morocco,Mortalidad_Media,-22.71512,35.263393,-4.6017456,11.43097,3301.98876953125
Morocco,Mortalidad_Media,-22.97521,35.30252,-4.6019263,11.439321,3067.9853515625
Morocco,Mortalidad_Media,-23.12853,35.164673,-4.562707,11.486664,3119.58862304688
Morocco,Mortalidad_Media,-23.428495,34.99163,-4.5570517,11.496063,3183.20043945313
Morocco,Mortalidad_Media,-23.633366,34.578484,-4.547278,11.551727,2755.5859375
Morocco,Mortalidad_Media,-12.553683,-42.09478,11.11917,13.823266,2438.12646484375
Morocco,Mortalidad_Media,-24.042429,34.390446,-4.4632874,11.588248,2242.98828125
Morocco,Mortalidad_Media,-32.297867,31.088596,-4.374702,11.595883,2183.55541992188
Morocco,Mortalidad_Media,-31.551374,32.30985,-4.2494965,11.288053,1941.87255859375
Morocco,Mortalidad_Media,-31.7304,32.228397,-4.2174053,11.330913,1596.02062988281
Morocco,Mortalidad_Media,-32.05861,31.736954,-4.262537,11.480571,1506.24523925781
Morocco,Mortalidad_Alta,-14.369713,-42.803257,10.857828,14.101007,1499.107421875
Morocco,Mortalidad_Alta,-32.467064,32.276253,-4.173858,11.423833,1466.78820800781
Mozambique,Mortalidad_Alta,-49.64433,18.83097,-4.233778,15.216551,578.251663751351
Mozambique,Mortalidad_Alta,-49.08105,18.318495,-4.124564,15.24299,509.907829475551
Mozambique,Mortalidad_Alta,-49.135765,18.371998,-4.077422,15.236221,462.433876479921
Mozambique,Mortalidad_Alta,-23.465042,-50.172356,9.841775,14.669414,519.09255091362
Mozambique,Mortalidad_Alta,-48.67087,18.013693,-4.0872173,15.258748,517.507260258101
Mozambique,Mortalidad_Alta,-48.188248,17.651785,-3.9677904,15.289316,470.93856305196
Mozambique,Mortalidad_Alta,-43.94382,14.835038,-3.181064,15.365792,441.489734819071
Mozambique,Mortalidad_Alta,-36.85291,2.857925,-2.4755201,15.608856,610.563774706589
Mozambique,Mortalidad_Alta,-24.381262,-52.73209,9.486357,14.605371,697.142680444123
Mozambique,Mortalidad_Alta,-37.090363,1.6804045,-2.1013043,15.685367,686.505672517351
Mozambique,Mortalidad_Alta,-37.46876,0.9532199,-2.0527093,15.77653,685.685748199513
Mozambique,Mortalidad_Alta,-37.851444,-0.054760274,-1.9156384,15.938151,618.17649286789
Mozambique,Mortalidad_Alta,-37.992104,-1.0062413,-1.8470653,16.042763,496.185839392659
Mozambique,Mortalidad_Alta,-38.025185,-1.344729,-1.809804,16.10092,547.697144193651
Mozambique,Mortalidad_Alta,-28.256353,-54.533173,8.917197,14.799858,592.159111184122
Mozambique,Mortalidad_Alta,-35.471058,-4.6700444,-1.2365388,16.187353,507.874923914304
Mozambique,Mortalidad_Alta,-35.203217,-5.933689,-1.0236831,16.371204,457.487647833183
Mozambique,Mortalidad_Alta,-34.87664,-6.659931,-0.87352896,16.35918,436.773856167384
Mozambique,Mortalidad_Alta,-34.921654,-8.451722,-0.829635,16.471237,400.056973161545
Mozambique,Mortalidad_Alta,-35.06999,-8.965677,-0.7923212,16.618416,339.488737800648
Mozambique,Mortalidad_Alta,-29.901316,-55.72024,8.82401,14.844975,313.886661721198
Mozambique,Mortalidad_Alta,-19.007631,-10.06925,-0.4369633,16.481636,304.792138621913
Mozambique,Mortalidad_Alta,-34.747677,-11.999754,-0.6974854,16.870962,327.12623979157
Mozambique,Mortalidad_Alta,-41.979603,-15.882942,-0.78848773,17.790398,191.826096861406
Namibia,Mortalidad_Alta,-4.86731,2.950839,0.9811643,12.998767,4349.79908493314
Namibia,Mortalidad_Alta,-5.70005,2.205259,0.93838996,13.069481,4412.8355693052
Namibia,Mortalidad_Alta,-5.4458394,2.8006046,0.96349996,13.027918,3878.58982993966
Namibia,Mortalidad_Alta,-5.0337996,2.7573392,0.9854404,12.995969,4731.9210318831
Namibia,Mortalidad_Alta,-5.6041694,2.5086448,0.9395121,13.067107,5308.60813408705
Namibia,Mortalidad_Alta,-6.093492,2.3166516,0.8891669,13.120985,5143.96072323076
Namibia,Mortalidad_Alta,-5.326652,2.1164508,0.9644245,13.020829,4395.68776162376
Namibia,Mortalidad_Alta,-15.932352,-61.060596,9.194668,13.181734,4774.10650865775
Namibia,Mortalidad_Alta,-6.1371284,1.6771897,0.872526,13.147447,5378.32326241205
Namibia,Mortalidad_Alta,-6.2275295,1.4342768,0.8815886,13.174531,5346.62131149967
Namibia,Mortalidad_Alta,-6.933618,0.62017274,0.68170935,13.390939,5942.64680978673
Namibia,Mortalidad_Alta,-6.6954923,0.26218238,0.75283414,13.322617,5834.7917675794
Namibia,Mortalidad_Alta,-6.6723876,0.0063819406,0.7448256,13.33998,5418.21633365814
Namibia,Mortalidad_Alta,-16.691586,-61.069824,9.164931,13.212755,4302.91374148376
Namibia,Mortalidad_Alta,-7.4186673,-0.97501487,0.66981286,13.391813,4204.78555422749
Namibia,Mortalidad_Alta,-7.1141977,-0.9270475,0.7078375,13.359921,4379.04313682732
Namibia,Mortalidad_Alta,-6.8763394,-0.8703611,0.734897,13.362027,4017.1834716928
Namibia,Mortalidad_Alta,-6.036567,-0.90960747,0.7906382,13.342039,3685.77299991587
Namibia,Mortalidad_Alta,-5.4350443,-1.0788895,0.827261,13.299112,3403.15496192955
Namibia,Mortalidad_Alta,-16.369133,-61.66183,9.145277,13.158131,2569.24739317883
Namibia,Mortalidad_Alta,-5.6240172,-1.0888593,0.77495736,13.3279915,1772.07565537493
Namibia,Mortalidad_Alta,-5.627854,-1.0556068,0.78793776,13.346633,1915.58926594875
Namibia,Mortalidad_Alta,-5.645613,-0.99706197,0.7967639,13.34316,2156.67590512714
Namibia,Mortalidad_Alta,-12.313272,0.8654519,0.21212958,13.880003,2483.20353415161
Nepal,Mortalidad_Media,-11.842851,-47.209198,10.723527,13.61391,1385.91066274851
Nepal,Mortalidad_Media,-31.319849,18.621666,-3.3516846,13.501904,1252.75076731986
Nepal,Mortalidad_Media,-31.31908,18.527498,-3.364476,13.4625025,1154.21517578318
Nepal,Mortalidad_Media,-31.506195,18.324121,-3.3435836,13.520116,1203.14294706401
Nepal,Mortalidad_Media,-31.677689,18.172922,-3.3279202,13.604832,1179.19843190389
Nepal,Mortalidad_Media,-31.939203,17.972454,-3.3126664,13.675421,1034.28374906846
Nepal,Mortalidad_Media,-32.51086,17.557304,-3.2910914,13.779427,877.256454696737
Nepal,Mortalidad_Media,-32.83026,17.105423,-3.2836158,13.819476,875.543635474862
Nepal,Mortalidad_Media,-34.088192,16.198505,-3.2293837,14.058049,821.455224911731
Nepal,Mortalidad_Media,-34.45379,15.877478,-3.2277186,14.13665,803.269595420477
Nepal,Mortalidad_Media,-34.860374,15.485057,-3.1935544,14.291378,788.202937148377
Nepal,Mortalidad_Media,-35.065296,15.222242,-3.190472,14.326916,785.518656222132
Nepal,Mortalidad_Alta,-24.083143,-47.313927,10.011562,14.893608,585.278491984574
Nepal,Mortalidad_Alta,-35.359425,14.7787895,-3.178292,14.401545,473.078751198621
Nepal,Mortalidad_Alta,-35.357,14.771682,-3.1566005,14.422791,464.817391891529
Nepal,Mortalidad_Alta,-35.549377,14.633183,-3.1653616,14.460041,385.449767660642
Nepal,Mortalidad_Alta,-35.856632,14.541862,-3.2147937,14.457711,340.431796437968
Nepal,Mortalidad_Alta,-54.437317,4.813691,-3.203689,16.383987,309.024168339372
Nepal,Mortalidad_Alta,-54.520542,4.580518,-3.2047267,16.415089,279.587750044428
Nepal,Mortalidad_Alta,-25.82773,-48.461838,9.6727295,15.15194,246.429706587633
Nepal,Mortalidad_Alta,-54.74061,4.1534853,-3.2250013,16.519201,238.89140296106
Nepal,Mortalidad_Alta,-54.702133,4.2441154,-3.1996806,16.47695,240.795114544664
Nepal,Mortalidad_Alta,-56.859253,-0.3496085,-3.1485605,17.240517,223.830289183078
Nepal,Mortalidad_Alta,-30.359324,-49.05543,9.254555,15.475414,197.843001330326
Netherlands,Mortalidad_Baja,17.244633,52.329494,-1.2600229,2.5415506,59123.318556487
Netherlands,Mortalidad_Baja,57.509113,5.975087,11.043836,-0.34956703,60141.9880911492
Netherlands,Mortalidad_Baja,57.506504,5.758498,11.079424,-0.32033858,53467.9277413737
Netherlands,Mortalidad_Baja,57.778996,5.758275,11.074102,-0.32615426,53554.9007491475
Netherlands,Mortalidad_Baja,57.8113,5.0031796,11.151834,-0.2750856,53955.0770024266
Netherlands,Mortalidad_Baja,57.951527,5.264423,11.128259,-0.28675267,49513.6817346384
Netherlands,Mortalidad_Baja,58.094097,4.8646374,11.134532,-0.28458917,46808.5291492503
Netherlands,Mortalidad_Baja,58.051487,4.6936035,11.193323,-0.24457215,45793.8135434697
Netherlands,Mortalidad_Baja,57.86443,5.774019,11.064312,-0.34603742,53457.2234864322
Netherlands,Mortalidad_Baja,57.74886,6.6000876,10.959244,-0.40734458,52602.2860520766
Netherlands,Mortalidad_Baja,57.694378,6.9132,10.933212,-0.4230068,50473.9442002689
Netherlands,Mortalidad_Baja,57.71894,7.0314503,10.878475,-0.4565309,54701.7728030611
Netherlands,Mortalidad_Baja,57.625862,7.6733317,10.812859,-0.5063949,51305.7338533973
Netherlands,Mortalidad_Baja,57.696125,7.4996753,10.851902,-0.47697935,53172.0261581418
Netherlands,Mortalidad_Baja,57.51944,8.590948,10.671075,-0.5794462,58246.7026905874
Netherlands,Mortalidad_Baja,57.31503,8.563334,10.687608,-0.56736296,52100.7996285947
Netherlands,Mortalidad_Baja,57.32024,8.661194,10.660955,-0.5842236,45123.5432406426
Netherlands,Mortalidad_Baja,57.420338,8.47463,10.715582,-0.54882145,42165.396168388
Netherlands,Mortalidad_Baja,57.43017,8.355071,10.733222,-0.543533,40611.3414353091
Netherlands,Mortalidad_Baja,18.959686,54.09667,-1.1507646,2.165699,35896.7504630706
Netherlands,Mortalidad_Baja,18.71959,54.20404,-1.166057,2.2259576,29446.5330872868
Netherlands,Mortalidad_Baja,18.60327,54.39311,-1.1478114,2.2432318,26955.7128032278
Netherlands,Mortalidad_Baja,18.508224,54.34988,-1.1638143,2.2438293,26225.1697734149
Netherlands,Mortalidad_Baja,18.464722,54.49384,-1.1004857,2.1877825,29301.1940492376
New Zealand,Mortalidad_Baja,18.88574,58.076,-0.6808429,2.3372407,48760.0381935936
New Zealand,Mortalidad_Baja,19.002514,57.712498,-0.66538656,2.3504717,49689.498134519
New Zealand,Mortalidad_Baja,18.937088,57.460934,-0.6906257,2.315168,41850.92032802
New Zealand,Mortalidad_Baja,18.44947,57.742756,-0.6757874,2.3173544,42779.2298164101
New Zealand,Mortalidad_Baja,18.50393,57.419926,-0.6710456,2.3196132,43257.0769238879
New Zealand,Mortalidad_Baja,19.00987,56.777935,-0.6689956,2.323724,42950.3841711138
New Zealand,Mortalidad_Baja,18.89597,56.70876,-0.6524525,2.3409338,40113.7195382428
New Zealand,Mortalidad_Baja,19.005394,56.30963,-0.71864396,2.3149178,38665.3723018158
New Zealand,Mortalidad_Baja,18.600142,56.545506,-0.67995155,2.312972,44618.266973847
New Zealand,Mortalidad_Baja,17.897469,57.77186,-0.65638644,2.3251488,43000.4646849189
New Zealand,Mortalidad_Baja,18.477571,56.773415,-0.6476158,2.3124344,40053.6991536369
New Zealand,Mortalidad_Baja,17.986324,57.349957,-0.6874935,2.3098373,38431.7766788499
New Zealand,Mortalidad_Baja,17.875221,57.37829,-0.68539286,2.3004718,33761.9009639947
New Zealand,Mortalidad_Baja,18.187279,56.97839,-0.7175747,2.2727292,28276.7255416225
New Zealand,Mortalidad_Baja,17.722345,56.781525,-0.7243752,2.3021498,31324.7397977102
New Zealand,Mortalidad_Baja,17.380754,57.34365,-0.74647224,2.2722332,32479.9817381467
New Zealand,Mortalidad_Baja,17.651924,56.613182,-0.72732514,2.2921526,26654.5932018985
New Zealand,Mortalidad_Baja,17.659943,56.304092,-0.7488309,2.2886403,27751.0654708859
New Zealand,Mortalidad_Baja,17.385286,56.658287,-0.7321281,2.2788248,25420.234882944
New Zealand,Mortalidad_Baja,17.218462,56.71841,-0.7295675,2.2786045,21913.7081719961
New Zealand,Mortalidad_Baja,16.963987,56.86735,-0.72363925,2.2627203,16874.1874918196
New Zealand,Mortalidad_Baja,16.74375,57.581112,-0.72230875,2.2605786,13882.8568268586
New Zealand,Mortalidad_Baja,16.6938,57.528446,-0.7407521,2.2397351,13641.1027183822
New Zealand,Mortalidad_Baja,10.973418,47.746597,-2.169586,2.4090967,17400.4201848172
Nicaragua,Mortalidad_Media,-21.369709,30.223104,-4.0658445,12.4443245,2322.89053964583
Nicaragua,Mortalidad_Media,-21.768497,29.584446,-4.025456,12.419843,2138.38588469449
Nicaragua,Mortalidad_Media,-21.455744,29.358559,-4.0140586,12.391958,1938.44704754382
Nicaragua,Mortalidad_Media,-20.601858,29.731033,-3.9759083,12.401366,1958.62051528095
Nicaragua,Mortalidad_Media,-20.480366,29.40181,-3.9833083,12.40832,2035.16549390507
Nicaragua,Mortalidad_Media,-20.584465,29.316223,-3.9822714,12.410004,2182.61380995674
Nicaragua,Mortalidad_Media,-20.705847,29.3327,-3.9935894,12.405322,2131.68704828322
Nicaragua,Mortalidad_Media,-21.028795,29.259562,-3.9933636,12.405686,2074.45620634731
Nicaragua,Mortalidad_Media,-9.6774845,-44.342865,11.298164,13.227405,1958.37047579547
Nicaragua,Mortalidad_Media,-21.167053,29.164894,-3.9920049,12.408921,1835.43996363715
Nicaragua,Mortalidad_Media,-21.346205,29.025793,-4.0013003,12.410648,1784.69836017555
Nicaragua,Mortalidad_Media,-21.444801,28.74378,-3.9817638,12.393968,1679.71192084633
Nicaragua,Mortalidad_Media,-20.662727,27.908644,-3.8528137,12.341829,1526.56706951408
Nicaragua,Mortalidad_Media,-8.669821,-45.573574,10.8172245,13.247327,1467.08288052845
Nicaragua,Mortalidad_Media,-20.390097,27.284409,-3.773439,12.267985,1523.68437086409
Nicaragua,Mortalidad_Media,-20.366888,27.075321,-3.7474937,12.260635,1350.38145753377
Nicaragua,Mortalidad_Media,-20.259266,26.880047,-3.693802,12.208498,1248.17371577788
Nicaragua,Mortalidad_Media,-9.270986,-45.993954,10.771275,13.408336,1183.30214010175
Nicaragua,Mortalidad_Media,-20.31044,26.034517,-3.696556,12.221411,1098.62118662335
Nicaragua,Mortalidad_Media,-20.064468,25.575005,-3.6389492,12.210972,1021.35216668794
Nicaragua,Mortalidad_Media,-22.237112,24.9754,-3.85162,12.300537,1014.3339042591
Nicaragua,Mortalidad_Media,-11.336962,-46.031963,10.710996,13.562833,1051.874235891
Nicaragua,Mortalidad_Alta,-22.497482,24.81818,-3.9008539,12.408715,1017.3124434882
Nicaragua,Mortalidad_Alta,-25.321156,8.107027,-1.773378,14.019191,891.779352309996
Niger,Mortalidad_Alta,-52.95341,-5.5516043,-2.7146966,17.629496,609.745147661683
Niger,Mortalidad_Alta,-29.553795,-48.99611,9.349471,15.457145,608.722439593808
Niger,Mortalidad_Alta,-52.228836,-5.222073,-2.7511744,17.56809,579.512495758236
Niger,Mortalidad_Alta,-51.84758,-5.0432878,-2.6893547,17.506351,561.691304349698
Niger,Mortalidad_Alta,-29.650412,-48.970253,9.325251,15.471097,578.568035680892
Niger,Mortalidad_Alta,-51.441525,-4.847781,-2.665216,17.452217,521.804130023434
Niger,Mortalidad_Alta,-51.250362,-4.742339,-2.6183667,17.36811,502.706475406446
Niger,Mortalidad_Alta,-48.46157,-3.6955354,-2.565811,17.213177,485.662574175279
Niger,Mortalidad_Alta,-29.463161,-49.378254,9.307154,15.441559,565.30989731175
Niger,Mortalidad_Alta,-49.774014,-3.7324848,-2.5891006,17.215057,552.103334363117
Niger,Mortalidad_Alta,-50.17986,-4.0887117,-2.6387768,17.353382,528.510104469655
Niger,Mortalidad_Alta,-29.646706,-49.351658,9.302021,15.480616,510.75956176268
Niger,Mortalidad_Alta,-50.62205,-4.7269154,-2.637918,17.492785,474.425692340831
Niger,Mortalidad_Alta,-50.340683,-4.578154,-2.6043322,17.34881,461.131533961487
Niger,Mortalidad_Alta,-52.965244,-10.049267,-2.216188,18.029783,475.044955398162
Niger,Mortalidad_Alta,-30.383415,-49.886448,9.182828,15.481615,387.168065883301
Niger,Mortalidad_Alta,-52.232594,-10.14141,-2.0189946,18.005348,333.345078419447
Niger,Mortalidad_Alta,-31.859749,-51.474255,8.968468,15.408753,318.643121918273
Niger,Mortalidad_Alta,-47.55258,-13.763895,-1.0533327,18.00536,283.468281798296
Niger,Mortalidad_Alta,-48.205044,-14.847625,-1.1125216,18.16673,265.225363452469
Niger,Mortalidad_Alta,-47.95873,-15.300482,-1.0229623,18.22278,225.294391147438
Niger,Mortalidad_Alta,-47.366188,-15.692936,-0.91461104,18.229801,205.417936120931
Niger,Mortalidad_Alta,-45.88128,-15.901663,-0.87086725,18.16419,194.771959898935
Niger,Mortalidad_Alta,-42.001457,-15.735464,-0.80181175,17.745365,237.01998956862
Nigeria,Mortalidad_Alta,-36.617096,-2.1520298,-1.7106,16.048414,2139.37478476974
Nigeria,Mortalidad_Alta,-36.547108,-2.2880325,-1.5993997,16.063637,2017.27486481527
Nigeria,Mortalidad_Alta,-36.414913,-2.4536605,-1.499588,16.114153,2019.65706326224
Nigeria,Mortalidad_Alta,-33.011337,-3.7516465,-0.75099075,15.910326,2265.15520863056
Nigeria,Mortalidad_Alta,-28.472721,-57.04354,8.926968,14.601707,2057.87944554011
Nigeria,Mortalidad_Alta,-31.499485,-3.3033004,-0.69089735,15.697747,1876.34027111773
Nigeria,Mortalidad_Alta,-31.720959,-3.096694,-0.66788197,15.746308,2070.4127339595
Nigeria,Mortalidad_Alta,-28.884686,-57.338398,8.915525,14.591487,2585.73360671797
Nigeria,Mortalidad_Alta,-31.936518,-3.5519848,-0.5932874,15.727087,3088.72131316169
Nigeria,Mortalidad_Alta,-32.24769,-3.7748926,-0.6069363,15.859929,2872.79083379398
Nigeria,Mortalidad_Alta,-28.853388,-56.52852,8.861193,14.697479,2633.19734671361
Nigeria,Mortalidad_Alta,-33.7086,-4.7715683,-0.7095182,16.053186,2418.41316975875
Nigeria,Mortalidad_Alta,-29.091457,-56.20514,8.8488455,14.733486,2202.25672957344
Nigeria,Mortalidad_Alta,-36.195854,-7.690374,-0.8139996,16.304268,1820.48633854782
Nigeria,Mortalidad_Alta,-35.889286,-7.8368826,-0.7929192,16.385042,2154.10543545364
Nigeria,Mortalidad_Alta,-35.914024,-8.231857,-0.7720317,16.31677,1815.52697545827
Nigeria,Mortalidad_Alta,-35.945827,-8.892628,-0.7415541,16.507607,1599.53891556365
Nigeria,Mortalidad_Alta,-36.6817,-10.71753,-0.79946613,16.987684,1211.37703504386
Nigeria,Mortalidad_Alta,-37.117077,-10.900746,-0.82354146,17.080875,962.48104194733
Nigeria,Mortalidad_Alta,-32.045677,-52.481567,8.884506,15.357139,763.388745367223
Nigeria,Mortalidad_Alta,-46.71535,-15.111008,-0.9025045,18.127817,712.164852077686
Nigeria,Mortalidad_Alta,-35.81433,-11.674026,-0.7458998,17.013151,566.428231812933
Nigeria,Mortalidad_Alta,-35.328632,-11.950203,-0.72264683,16.972597,547.318298903379
Nigeria,Mortalidad_Alta,-40.93458,-12.957324,-1.0699484,17.434032,1271.61617353199
North Macedonia,Mortalidad_Media,-3.006278,40.602066,-4.702872,8.0247555,7606.2375253797
North Macedonia,Mortalidad_Media,-2.7827566,40.359768,-4.680722,7.9941106,7620.80296977508
North Macedonia,Mortalidad_Media,-2.8881862,40.22261,-4.639832,8.091119,6659.59651070776
North Macedonia,Mortalidad_Baja,15.32034,-32.065464,12.276077,10.048153,6718.85826635458
North Macedonia,Mortalidad_Baja,15.619341,-32.599106,12.131656,10.024921,6713.98925398989
North Macedonia,Mortalidad_Baja,16.686428,-33.35257,12.077668,9.874876,5955.2973863451
North Macedonia,Mortalidad_Baja,14.154241,-32.80818,12.092647,10.316077,5598.48622617967
North Macedonia,Mortalidad_Baja,13.80344,-32.8056,12.048919,10.420875,5262.68671928674
North Macedonia,Mortalidad_Baja,12.179205,-32.171085,12.0817585,10.608558,5925.38592218015
North Macedonia,Mortalidad_Baja,12.117015,-31.738503,12.119321,10.576952,5626.26115664893
North Macedonia,Mortalidad_Media,12.616863,-31.122595,12.173303,10.5016575,5049.8265386157
North Macedonia,Mortalidad_Media,11.974808,-31.080761,12.1807785,10.552942,5416.86672931659
North Macedonia,Mortalidad_Media,11.478914,-31.407778,12.128095,10.6571045,4833.36586759968
North Macedonia,Mortalidad_Media,10.661987,-31.25081,12.12761,10.80585,4799.78722768888
North Macedonia,Mortalidad_Media,2.9802063,-34.425728,12.053469,11.579903,5026.4202989873
North Macedonia,Mortalidad_Media,-9.276226,36.602154,-4.4589787,9.118194,4204.11328760452
North Macedonia,Mortalidad_Media,2.7657135,-34.549625,12.078248,11.576513,3440.4411057968
North Macedonia,Mortalidad_Media,2.557184,-34.801567,11.969753,11.7299,3120.98401394233
North Macedonia,Mortalidad_Media,5.7626395,-34.315556,11.94858,11.425111,2818.5814561242
North Macedonia,Mortalidad_Media,5.587442,-33.94939,12.000397,11.434713,2445.36286400013
North Macedonia,Mortalidad_Media,5.578029,-34.184166,11.8563595,11.523576,1989.13537265159
North Macedonia,Mortalidad_Media,-9.925102,36.972355,-4.6054134,9.363258,1823.02267682636
North Macedonia,Mortalidad_Media,-0.81016105,-39.353848,11.794646,11.771995,1861.89899780644
North Macedonia,Mortalidad_Media,-21.606888,38.899426,-5.163517,10.678716,2355.24705371138
Norway,Mortalidad_Baja,61.084503,20.34158,8.7008095,-0.8949528,109269.520580298
Norway,Mortalidad_Baja,60.24986,19.81416,8.739808,-0.9195018,93072.8925119571
Norway,Mortalidad_Baja,59.429993,16.142595,9.409279,-1.0729332,68340.0181033702
Norway,Mortalidad_Baja,59.60311,17.64028,9.060615,-1.0051705,76430.5889473338
Norway,Mortalidad_Baja,59.74149,19.022663,8.899277,-0.9595749,82792.8427113304
Norway,Mortalidad_Baja,59.610104,18.422016,8.965519,-0.9692048,76131.8384032764
Norway,Mortalidad_Baja,59.65572,18.002285,9.11821,-1.009906,70867.3609970749
Norway,Mortalidad_Baja,59.95286,18.407923,8.981189,-0.9700562,74809.9658049898
Norway,Mortalidad_Baja,59.782307,19.728487,8.748772,-0.9056478,97666.6951838749
Norway,Mortalidad_Baja,59.51801,20.270592,8.701236,-0.89214164,103553.840134417
Norway,Mortalidad_Baja,59.761814,20.710417,8.679477,-0.8752907,102175.919298374
Norway,Mortalidad_Baja,59.884956,20.604624,8.685294,-0.87841296,101221.813476644
Norway,Mortalidad_Baja,59.70981,21.869204,8.655337,-0.8581297,88163.2085931423
Norway,Mortalidad_Baja,59.714756,20.776485,8.6861315,-0.8721819,80347.5700665184
Norway,Mortalidad_Baja,58.977066,21.276709,8.654455,-0.85759073,97503.5407803783
Norway,Mortalidad_Baja,59.32271,20.711985,8.664747,-0.86793846,85502.2677087731
Norway,Mortalidad_Baja,58.886593,21.15237,8.666707,-0.88117486,74434.4996835671
Norway,Mortalidad_Baja,59.096622,21.11794,8.674148,-0.8803762,67047.1704558264
Norway,Mortalidad_Baja,59.668934,21.295353,8.6529665,-0.8579502,57768.6980958462
Norway,Mortalidad_Baja,59.976135,21.126497,8.681787,-0.8695638,50250.3298214345
Norway,Mortalidad_Baja,23.338425,56.669834,-1.1549829,1.773948,43170.557174499
Norway,Mortalidad_Baja,23.389185,56.67215,-1.1575016,1.7441701,38601.897639231
Norway,Mortalidad_Baja,58.88956,20.776638,8.663284,-0.86675614,38178.2368777076
Norway,Mortalidad_Baja,61.068836,22.44282,8.777293,-0.85798025,34875.7043347536
Oman,Mortalidad_Baja,36.232014,50.89365,-2.5116546,-0.7294217,23223.5829405935
Oman,Mortalidad_Baja,33.791126,50.977592,-2.611999,-0.64630646,19403.4600160211
Oman,Mortalidad_Baja,33.331722,50.53721,-2.7443058,-0.75807506,16784.8630630058
Oman,Mortalidad_Baja,33.88807,49.722645,-2.784064,-0.8758906,19180.1864152801
Oman,Mortalidad_Baja,34.49447,49.847733,-2.7479317,-0.8713084,19901.7615642016
Oman,Mortalidad_Baja,34.09447,49.24928,-2.7954855,-0.92097217,17820.0661809335
Oman,Mortalidad_Baja,33.95155,49.164913,-2.779696,-0.9307684,17110.1897460545
Oman,Mortalidad_Baja,34.38403,49.275047,-2.7682412,-0.9252666,18808.3077921839
Oman,Mortalidad_Baja,36.441704,50.527225,-2.5487998,-0.7872642,23160.6502252547
Oman,Mortalidad_Baja,37.080605,50.785374,-2.4913986,-0.78087133,23458.0233840053
Oman,Mortalidad_Baja,37.38593,51.139458,-2.454649,-0.70057076,24642.2978768596
Oman,Mortalidad_Baja,37.591812,51.064293,-2.4577377,-0.7359387,25188.0074151885
Oman,Mortalidad_Baja,36.891342,51.25927,-2.4909298,-0.70809144,23570.1798147325
Oman,Mortalidad_Baja,36.357735,50.610153,-2.5543854,-0.7748579,20655.9180249218
Oman,Mortalidad_Baja,37.208015,51.722168,-2.4888895,-0.6599943,26576.779241509
Oman,Mortalidad_Baja,35.888634,51.89751,-2.5111134,-0.67268205,18792.653772482
Oman,Mortalidad_Baja,36.32366,51.993137,-2.4991562,-0.6434543,16930.8565071853
Oman,Mortalidad_Media,5.9561515,52.482826,-2.3888597,1.6823415,14434.8577924647
Oman,Mortalidad_Media,6.2053967,51.885303,-2.3962195,1.7083447,11800.8507411171
Oman,Mortalidad_Media,6.241711,51.781734,-2.374805,1.7488273,10463.5425832141
Oman,Mortalidad_Media,6.2159734,51.79697,-2.3767865,1.7422086,9869.13050219438
Oman,Mortalidad_Media,6.1797495,51.831997,-2.3778276,1.7425654,9611.96360191054
Oman,Mortalidad_Media,6.064255,52.05399,-2.41718,1.6860151,9753.84755185404
Oman,Mortalidad_Media,6.482593,50.82296,-2.36876,1.7789022,7414.30279204109
Pakistan,Mortalidad_Media,-28.260336,5.5949397,-1.683447,14.605166,1538.3228133171
Pakistan,Mortalidad_Alta,-28.380213,5.4827847,-1.6558475,14.638057,1455.31922370186
Pakistan,Mortalidad_Alta,-28.349672,5.3409233,-1.6881245,14.657358,1278.39735206896
Pakistan,Mortalidad_Alta,-28.373358,5.2658353,-1.6379151,14.669466,1390.41690981745
Pakistan,Mortalidad_Alta,-22.426315,-56.499966,9.284598,14.19394,1569.33814626355
Pakistan,Mortalidad_Alta,-28.494774,5.0204797,-1.6319225,14.686062,1519.23459514248
Pakistan,Mortalidad_Alta,-28.58416,4.770954,-1.6060551,14.704914,1424.69161195897
Pakistan,Mortalidad_Alta,-22.765812,-56.596493,9.206541,14.185969,1380.47020838317
Pakistan,Mortalidad_Alta,-28.96766,3.862346,-1.6095923,14.800124,1266.61340849959
Pakistan,Mortalidad_Alta,-22.98606,-56.729755,9.173426,14.189036,1225.4340119198
Pakistan,Mortalidad_Alta,-29.171944,3.575216,-1.5741479,14.872171,1204.36475491585
Pakistan,Mortalidad_Alta,-23.186466,-56.926876,9.175871,14.165775,1131.73513834324
Pakistan,Mortalidad_Alta,-23.259632,-57.083305,9.167438,14.158527,987.304571124485
Pakistan,Mortalidad_Alta,-29.654526,3.0122976,-1.5629526,15.020862,963.788066395225
Pakistan,Mortalidad_Alta,-29.890741,2.8444965,-1.5934348,15.041033,1067.04324565284
Pakistan,Mortalidad_Alta,-23.602182,-57.644386,9.142757,14.169241,998.090114197524
Pakistan,Mortalidad_Alta,-29.931553,2.751535,-1.6036769,15.0575905,900.873564984808
Pakistan,Mortalidad_Alta,-23.720955,-57.526802,9.121245,14.157479,827.619861189926
Pakistan,Mortalidad_Alta,-23.680265,-57.507763,9.129719,14.177859,771.902247348954
Pakistan,Mortalidad_Alta,-30.25305,2.5848565,-1.5746906,15.110666,672.44178669894
Pakistan,Mortalidad_Alta,-30.360023,2.5334172,-1.5854226,15.113206,599.937345723927
Pakistan,Mortalidad_Alta,-23.882376,-57.56664,9.130301,14.164729,609.939506905073
Pakistan,Mortalidad_Alta,-30.910297,2.0410755,-1.5626756,15.252808,642.338346499898
Pakistan,Mortalidad_Alta,-32.676525,-11.269846,-0.79867154,16.657705,450.550279346206
Panama,Mortalidad_Baja,11.592777,27.760098,-2.853141,5.7390585,17332.4360742988
Panama,Mortalidad_Baja,26.624601,-46.523537,9.714659,9.057687,15509.8069109784
Panama,Mortalidad_Baja,11.663369,27.557455,-2.8709853,5.737636,13290.5608347594
Panama,Mortalidad_Baja,26.403788,-47.176414,9.694495,9.04497,16477.9066285687
Panama,Mortalidad_Baja,26.1575,-46.831093,9.71456,9.05785,16151.3273478476
Panama,Mortalidad_Baja,25.992872,-46.629383,9.735995,9.068647,15694.6297454295
Panama,Mortalidad_Baja,26.245209,-46.92443,9.704253,9.053281,14832.3611608191
Panama,Mortalidad_Baja,26.545115,-47.011803,9.690748,9.0360775,14082.6548502728
Panama,Mortalidad_Baja,26.779715,-47.013477,9.682934,9.035255,13213.1989637473
Panama,Mortalidad_Baja,27.289461,-46.88268,9.660895,9.007018,12273.3225037637
Panama,Mortalidad_Baja,28.138275,-46.46173,9.531438,8.869134,11064.8063606203
Panama,Mortalidad_Baja,28.512024,-46.515045,9.527686,8.86813,9662.29592216607
Panama,Mortalidad_Baja,28.598648,-46.3846,9.544989,8.8813,8331.46421351868
Panama,Mortalidad_Baja,28.814276,-46.469265,9.5200815,8.860826,7796.92617035048
Panama,Mortalidad_Baja,28.786966,-46.464764,9.500805,8.841295,7347.59050324397
Panama,Mortalidad_Baja,28.745434,-45.980442,9.539907,8.877873,6317.81730274124
Panama,Mortalidad_Baja,28.651766,-45.72522,9.519234,8.859085,5528.76705469354
Panama,Mortalidad_Media,28.82377,-45.879665,9.509324,8.848803,5017.7410922824
Panama,Mortalidad_Media,29.158375,-46.07873,9.49631,8.846002,4644.56582353041
Panama,Mortalidad_Media,28.624304,-45.462147,9.551528,8.88612,4264.66428846636
Panama,Mortalidad_Media,27.30883,-43.40699,9.967156,9.16177,4090.58617397129
Panama,Mortalidad_Media,27.258478,-43.372795,10.042651,9.228343,3991.7767076924
Panama,Mortalidad_Media,27.083887,-43.27035,10.040357,9.2153,3975.09308659503
Panama,Mortalidad_Media,25.48095,-42.51531,10.184333,9.34723,3513.89737854631
Papua New Guinea,Mortalidad_Alta,-43.977364,26.996058,-4.726476,13.988791,3102.28968594061
Papua New Guinea,Mortalidad_Alta,-40.137375,25.939697,-4.4684944,13.735896,2607.57861874444
Papua New Guinea,Mortalidad_Alta,-40.53151,26.459833,-4.4753423,13.731943,2429.61134585269
Papua New Guinea,Mortalidad_Alta,-39.426006,25.77885,-4.402495,13.706819,2575.77274140393
Papua New Guinea,Mortalidad_Alta,-40.23155,25.723467,-4.438184,13.753353,2566.36833735041
Papua New Guinea,Mortalidad_Alta,-40.38497,25.61772,-4.441312,13.786942,2477.76530986323
Papua New Guinea,Mortalidad_Alta,-42.04416,24.96573,-4.458273,13.966424,2316.39479758492
Papua New Guinea,Mortalidad_Alta,-42.122173,24.886042,-4.4222174,13.980009,2484.5963398603
Papua New Guinea,Mortalidad_Alta,-42.613995,24.178003,-4.330796,14.013093,2723.17529825196
Papua New Guinea,Mortalidad_Alta,-24.772476,9.785913,-1.8044468,14.006032,2560.77458976327
Papua New Guinea,Mortalidad_Alta,-25.036777,9.707833,-1.8355353,14.079797,2635.0873631547
Papua New Guinea,Mortalidad_Alta,-25.777311,9.769911,-1.912194,14.09776,2288.37591141234
Papua New Guinea,Mortalidad_Alta,-43.350166,22.790077,-4.188316,14.206139,1866.86889851208
Papua New Guinea,Mortalidad_Alta,-22.168127,-49.786083,10.001669,14.568704,1568.83193368607
Papua New Guinea,Mortalidad_Alta,-43.33913,21.539595,-4.150798,14.377647,1624.79319935188
Papua New Guinea,Mortalidad_Alta,-43.368248,21.60349,-4.14189,14.379054,1370.753415829
Papua New Guinea,Mortalidad_Alta,-43.611324,21.446526,-4.152024,14.404719,1238.18282926706
Papua New Guinea,Mortalidad_Alta,-48.95596,17.301487,-4.1106505,15.279149,744.486489977433
Papua New Guinea,Mortalidad_Alta,-53.22217,2.4891646,-3.1642294,16.543177,620.596147680561
Papua New Guinea,Mortalidad_Alta,-56.078766,-1.86413,-3.1679091,17.332287,577.467922387259
Papua New Guinea,Mortalidad_Alta,-55.637672,-1.5697743,-3.2246327,17.302162,506.331789534482
Papua New Guinea,Mortalidad_Alta,-43.563343,8.999596,-2.8914912,15.682866,537.847459634131
Papua New Guinea,Mortalidad_Alta,-43.631996,8.996741,-2.9946172,15.763602,635.957919047725
Papua New Guinea,Mortalidad_Alta,-51.53138,0.7942052,-3.0654635,16.825638,998.229967376131
Paraguay,Mortalidad_Media,-5.5776553,-38.090195,11.9951515,12.57163,6205.6259537937
Paraguay,Mortalidad_Media,-10.053669,-35.587147,12.122827,13.1215925,5976.9317978996
Paraguay,Mortalidad_Media,-5.6028047,-38.114056,11.989836,12.538966,5365.47220721191
Paraguay,Mortalidad_Media,-6.397004,-38.192284,11.963288,12.484106,5821.18199548637
Paraguay,Mortalidad_Media,-5.9388003,-38.068565,11.961639,12.497304,6258.44991640954
Paraguay,Mortalidad_Media,-5.4444857,-37.995255,11.933511,12.500856,6152.26711537703
Paraguay,Mortalidad_Media,-7.6081314,-38.225304,11.879148,12.803625,5775.1596339946
Paraguay,Mortalidad_Media,-7.155924,-38.299248,11.889572,12.657446,5879.33792308671
Paraguay,Mortalidad_Media,-8.867455,-38.617435,11.820391,13.034529,6652.25478942291
Paraguay,Mortalidad_Media,-9.292354,-38.663105,11.726135,13.158954,6435.68342733182
Paraguay,Mortalidad_Media,-7.97445,-38.509895,11.8563595,12.841944,5642.1699167298
Paraguay,Mortalidad_Media,-10.567047,-38.561848,11.740672,13.38912,5805.40154543044
Paraguay,Mortalidad_Media,-10.240415,-38.40617,11.796037,13.378005,4750.96273669322
Paraguay,Mortalidad_Media,-8.55772,-38.20404,11.870366,12.961545,3941.84815479271
Paraguay,Mortalidad_Media,-11.506601,-37.804016,11.797383,13.468279,4384.9546943793
Paraguay,Mortalidad_Media,-11.5146055,-38.594944,11.769498,13.5049715,3211.93621659546
Paraguay,Mortalidad_Media,-11.86888,-38.780098,11.774641,13.618848,2439.43124694576
Paraguay,Mortalidad_Media,-12.599777,-38.91137,11.71106,13.7356205,1970.87169852378
Paraguay,Mortalidad_Media,-12.987088,-38.940437,11.738521,13.719174,1786.21533938543
Paraguay,Mortalidad_Media,-13.170455,-38.84454,11.721926,13.783447,1443.99885236205
Paraguay,Mortalidad_Media,-12.939322,-38.921566,11.73682,13.761343,1367.76506935997
Paraguay,Mortalidad_Media,-12.325058,-38.875206,11.75504,13.71832,1637.68615122932
Paraguay,Mortalidad_Media,-47.99121,30.836884,-5.449131,13.822125,1736.11729210765
Paraguay,Mortalidad_Media,-18.19993,-41.611042,11.30947,14.240951,1978.71514099575
Peru,Mortalidad_Baja,8.092979,-38.94792,11.081761,10.772726,7350.63034300417
Peru,Mortalidad_Media,5.9165564,-40.17762,10.988638,11.053952,6826.20255614477
Peru,Mortalidad_Media,9.460471,-40.856636,11.050023,10.763258,6133.32552410183
Peru,Mortalidad_Baja,10.599392,-38.850685,11.139895,10.640957,7037.00803692604
Peru,Mortalidad_Baja,9.862322,-39.505768,11.136663,10.6442795,6978.49121548627
Peru,Mortalidad_Baja,10.111096,-39.769035,11.152521,10.629849,6736.16693725487
Peru,Mortalidad_Baja,10.281366,-39.728367,11.182975,10.612735,6217.03599995447
Peru,Mortalidad_Baja,10.061496,-39.793728,11.123223,10.634598,6231.71150338894
Peru,Mortalidad_Baja,9.04612,-39.55297,11.077326,10.725377,6667.13410360861
Peru,Mortalidad_Media,7.5614295,-39.86531,11.048976,10.872364,6746.80025696601
Peru,Mortalidad_Media,6.6468234,-40.068905,11.035254,11.012258,6519.37852981527
Peru,Mortalidad_Media,6.048327,-40.183712,11.011129,11.032972,5861.35793645245
Peru,Mortalidad_Media,6.278495,-40.426907,11.007741,11.025005,5072.11494019615
Peru,Mortalidad_Media,6.783405,-40.7546,10.982789,11.036044,4181.18755462253
Peru,Mortalidad_Media,5.8519335,-40.53497,11.005453,11.060593,4197.58444634142
Peru,Mortalidad_Media,5.737812,-40.57416,11.01118,11.047926,3581.0893081917
Peru,Mortalidad_Media,5.71815,-40.68832,10.991248,11.070741,3129.55996496982
Peru,Mortalidad_Media,6.414865,-41.20568,10.919902,11.055662,2706.66947297608
Peru,Mortalidad_Media,7.039073,-42.07771,10.665286,11.047584,2397.25147277714
Peru,Mortalidad_Media,10.241641,-50.299683,10.400716,11.027244,2129.44114197634
Peru,Mortalidad_Media,10.418276,-50.185905,10.305142,11.039997,2007.37019626753
Peru,Mortalidad_Media,10.436942,-50.11869,10.257315,11.08359,1929.57273038846
Peru,Mortalidad_Media,10.458959,-50.26561,10.235091,11.110318,1945.41338451698
Peru,Mortalidad_Media,-13.897855,4.06604,-0.389713,13.66592,2189.53431515311
Poland,Mortalidad_Baja,29.151255,-10.741051,13.09154,6.73343,18891.213529396
Poland,Mortalidad_Baja,29.677452,-11.140596,13.144017,6.51611,18635.5088812509
Poland,Mortalidad_Baja,29.592373,-11.086338,13.13722,6.599003,16150.9291009726
Poland,Mortalidad_Baja,24.432352,-11.309152,13.046423,7.8144307,15874.5220531254
Poland,Mortalidad_Baja,24.607725,-11.358884,13.056772,7.7373614,15658.210586693
Poland,Mortalidad_Baja,25.52144,-11.570702,13.073573,7.520173,13913.3415190124
Poland,Mortalidad_Baja,28.594543,-10.719015,13.076478,6.776651,12464.0121044827
Poland,Mortalidad_Baja,28.38795,-10.846081,13.070226,6.898809,12637.5220324406
Poland,Mortalidad_Baja,25.204184,-11.804458,13.080025,7.5771217,14262.2841914116
Poland,Mortalidad_Baja,25.213802,-11.928492,13.061982,7.618439,13621.9023794031
Poland,Mortalidad_Baja,24.53088,-12.072135,13.078892,7.695198,13087.420943321
Poland,Mortalidad_Baja,23.468973,-12.338369,13.108482,7.997597,13867.6669408192
Poland,Mortalidad_Baja,22.173756,-12.881465,13.116673,8.797019,12567.7317676382
Poland,Mortalidad_Baja,16.434069,-19.895586,13.18411,9.326467,11556.3026866026
Poland,Mortalidad_Baja,14.143493,-20.780725,13.283589,9.712559,14048.5604672654
Poland,Mortalidad_Baja,13.46422,-21.046206,13.291098,9.748608,11272.5293683383
Poland,Mortalidad_Media,13.893226,-21.047548,13.288158,9.741521,9068.85528307627
Poland,Mortalidad_Media,14.104956,-21.110136,13.269467,9.713028,8043.92332253757
Poland,Mortalidad_Media,15.505107,-20.180984,13.2256775,9.525683,6711.72715262967
Poland,Mortalidad_Media,17.108082,-20.767797,13.147329,9.3066,5720.81366178104
Poland,Mortalidad_Media,17.362862,-21.017408,13.112461,9.299542,5223.45178967082
Poland,Mortalidad_Media,17.35006,-20.698286,13.103969,9.263733,5015.23790036613
Poland,Mortalidad_Media,21.180542,-17.034143,13.184168,8.783249,4520.64100449111
Poland,Mortalidad_Media,6.4261274,-17.296364,13.27998,10.551194,3700.95956775144
Portugal,Mortalidad_Baja,46.00233,-23.21983,14.696566,5.1099205,24620.519556875
Portugal,Mortalidad_Baja,45.864906,-23.070114,14.6627,5.145758,24711.4510062111
Portugal,Mortalidad_Baja,45.870255,-22.987875,14.654186,5.1080413,22299.4044062173
Portugal,Mortalidad_Baja,46.48044,-26.177437,14.876915,5.3115726,23343.3628970034
Portugal,Mortalidad_Baja,46.381603,-26.94348,14.883596,5.3631344,23541.1401075289
Portugal,Mortalidad_Baja,46.43823,-26.36925,14.87229,5.352241,21442.3842768879
Portugal,Mortalidad_Baja,46.09756,-24.980925,14.792311,5.2949924,19980.2808866516
Portugal,Mortalidad_Baja,46.154884,-25.33137,14.817272,5.296121,19215.7813014347
Portugal,Mortalidad_Baja,46.138092,-25.699438,14.846037,5.330344,22120.6850127107
Portugal,Mortalidad_Baja,45.884243,-25.773287,14.834388,5.3447824,21676.4859642714
Portugal,Mortalidad_Baja,45.71433,-26.095552,14.8332815,5.359228,20593.4274224109
Portugal,Mortalidad_Baja,45.956787,-26.81497,14.899226,5.364584,23246.5425416481
Portugal,Mortalidad_Baja,44.98287,-25.377289,14.695229,5.3635345,22551.935098809
Portugal,Mortalidad_Baja,44.68137,-23.193218,14.510154,5.2956233,23151.2154130712
Portugal,Mortalidad_Baja,44.087166,-21.997684,14.165007,5.5045934,24949.0413566739
Portugal,Mortalidad_Baja,43.437023,-21.459435,13.957174,5.668461,22811.0564844365
Portugal,Mortalidad_Baja,43.15198,-21.292902,13.890259,5.7157288,19839.4540499032
Portugal,Mortalidad_Baja,43.229366,-21.224516,13.869862,5.729948,18780.12751241
Portugal,Mortalidad_Baja,42.93289,-21.09612,13.8407345,5.7583494,18064.1580932987
Portugal,Mortalidad_Baja,42.774673,-20.978603,13.795214,5.7999187,15797.7821340276
Portugal,Mortalidad_Baja,10.053721,47.8434,-2.1710978,2.410987,12936.6928204482
Portugal,Mortalidad_Baja,9.902853,48.098595,-2.18516,2.3862565,11734.7649743954
Portugal,Mortalidad_Baja,9.855852,47.963154,-2.191159,2.3914986,11526.3720667968
Portugal,Mortalidad_Baja,8.992252,48.442837,-2.1809504,2.33605,11781.3618502221
Qatar,Mortalidad_Baja,45.03571,34.867363,-1.9076338,-3.4648783,88701.463352273
Qatar,Mortalidad_Baja,44.741398,34.45026,-1.873117,-3.4260964,71751.8831257169
Qatar,Mortalidad_Baja,43.5452,34.65675,-1.8543599,-3.3550017,51683.5054376677
Qatar,Mortalidad_Baja,44.347282,34.909683,-1.8851689,-3.4335942,66841.3013484919
Qatar,Mortalidad_Baja,44.673668,34.956535,-1.9137931,-3.4743361,71039.8490579352
Qatar,Mortalidad_Baja,45.715946,33.323254,-1.87181,-3.4389682,63279.8556949332
Qatar,Mortalidad_Baja,44.14988,35.10517,-1.878766,-3.418919,61253.6375482797
Qatar,Mortalidad_Baja,44.60453,35.05189,-1.8899912,-3.438053,68985.2946961507
Qatar,Mortalidad_Baja,45.56268,35.42455,-1.8919591,-3.4568193,95840.6310094498
Qatar,Mortalidad_Baja,45.963577,35.49538,-1.9020497,-3.4691184,103697.008372373
Qatar,Mortalidad_Baja,46.039185,35.500153,-1.9037973,-3.4734874,108470.378825036
Qatar,Mortalidad_Baja,45.58585,35.560402,-1.9124932,-3.481751,103261.506539346
Qatar,Mortalidad_Baja,43.18945,33.62145,-1.7664803,-3.2946196,77387.3267885308
Qatar,Mortalidad_Baja,42.97226,34.257633,-1.8259178,-3.2892284,60785.7351551657
Qatar,Mortalidad_Baja,42.667583,33.834625,-1.8142003,-3.2501156,80781.4039187792
Qatar,Mortalidad_Baja,43.893757,33.489372,-1.7838503,-3.307682,65954.3419525051
Qatar,Mortalidad_Baja,44.14508,33.03544,-1.7991161,-3.3164234,62582.4453138755
Qatar,Mortalidad_Baja,43.867855,32.58428,-1.7711459,-3.2882297,53949.6764091147
Qatar,Mortalidad_Baja,43.823593,32.22125,-1.7550539,-3.2661903,41035.5008380177
Qatar,Mortalidad_Baja,43.542866,32.897255,-1.8007873,-3.3195863,31602.470865136
Qatar,Mortalidad_Baja,43.44288,32.667152,-1.7671056,-3.277899,27226.6593510117
Qatar,Mortalidad_Baja,43.193977,33.051403,-1.7855142,-3.2929423,25870.7991864314
Qatar,Mortalidad_Baja,42.650494,32.572105,-1.7720165,-3.294625,27535.182940934
Qatar,Mortalidad_Media,42.06213,33.776756,-1.7985376,-3.1557949,15822.5090711554
Romania,Mortalidad_Media,21.9371,-23.614775,12.545529,8.91372,15557.8826247584
Romania,Mortalidad_Media,27.78654,-20.240793,12.6026325,8.401252,14986.7854904274
Romania,Mortalidad_Media,27.84825,-20.1997,12.551692,8.420332,13082.3006559554
Romania,Mortalidad_Baja,16.663342,-24.95889,12.7213,9.368471,12992.0326104674
Romania,Mortalidad_Baja,16.02332,-24.888405,12.8344965,9.562544,12502.2624061935
Romania,Mortalidad_Baja,15.511966,-24.433584,12.810155,9.429276,10727.9822007426
Romania,Mortalidad_Baja,15.18258,-24.412582,12.883757,9.618173,9404.54005870715
Romania,Mortalidad_Media,9.793073,-22.560116,12.991914,10.366476,8977.01748158196
Romania,Mortalidad_Media,6.578222,-23.134302,13.057166,10.908336,10031.7710755404
Romania,Mortalidad_Media,6.375436,-23.325138,13.020225,10.957581,9497.67411615237
Romania,Mortalidad_Media,5.803411,-23.11956,13.048067,11.069963,8929.95366231474
Romania,Mortalidad_Media,1.9981892,-22.483734,12.892465,11.438108,9560.6755277458
Romania,Mortalidad_Media,4.0352964,-23.091528,12.938524,11.35277,8399.5374234284
Romania,Mortalidad_Media,4.558024,-23.341105,12.95421,11.301205,8548.4543409242
Romania,Mortalidad_Media,2.3334982,-25.70944,12.695529,11.770966,10435.1561230787
Romania,Mortalidad_Media,2.5154936,-26.016563,12.650564,11.785279,8360.33775916596
Romania,Mortalidad_Media,2.0552466,-26.39078,12.575728,11.948491,5757.53127301178
Romania,Mortalidad_Media,1.8267939,-26.554527,12.438738,12.190998,4618.00350802913
Romania,Mortalidad_Media,-8.966953,-34.53298,12.298851,12.936133,3494.99056448955
Romania,Mortalidad_Media,-9.064647,-34.52681,12.324354,12.907695,2679.40626016154
Romania,Mortalidad_Media,-9.095012,-34.646046,12.304172,12.953216,2119.85509684554
Romania,Mortalidad_Media,-9.862472,-34.186924,12.29902,13.05121,1825.19299373184
Romania,Mortalidad_Media,-5.6030173,-37.049934,12.174204,12.552379,1659.92904910528
Romania,Mortalidad_Media,-16.797226,-34.578964,11.779961,13.759867,1650.04922365201
Rwanda,Mortalidad_Media,-31.983976,23.813967,-2.982195,13.808879,975.469323979541
Rwanda,Mortalidad_Alta,-31.867634,24.038977,-3.00584,13.795818,829.544845639777
Rwanda,Mortalidad_Media,-31.957636,23.904552,-2.9926975,13.802829,778.701498787411
Rwanda,Mortalidad_Alta,-31.723045,24.368498,-3.0425372,13.719942,810.051412137354
Rwanda,Mortalidad_Alta,-31.806095,24.101406,-2.9728146,13.796472,771.773511057901
Rwanda,Mortalidad_Alta,-32.117992,22.935919,-2.9836087,13.894711,758.300966737624
Rwanda,Mortalidad_Alta,-16.989311,-50.48356,10.12589,13.96338,729.519134044611
Rwanda,Mortalidad_Alta,-31.945082,23.475967,-2.9135163,13.853091,733.998630392314
Rwanda,Mortalidad_Alta,-32.08795,22.895172,-2.9290755,13.88532,724.957526109262
Rwanda,Mortalidad_Alta,-17.04114,-50.511276,10.111742,14.009973,704.92421796616
Rwanda,Mortalidad_Alta,-32.180443,22.128859,-2.8505995,14.075623,706.8172686891
Rwanda,Mortalidad_Alta,-31.456505,13.842758,-2.8139546,14.31555,651.133677964662
Rwanda,Mortalidad_Alta,-20.55699,-52.474518,9.801132,14.31041,593.624927744346
Rwanda,Mortalidad_Alta,-31.571566,11.52792,-2.5854924,14.552133,564.039095842449
Rwanda,Mortalidad_Alta,-31.493439,10.694351,-2.46424,14.717201,528.326391755502
Rwanda,Mortalidad_Alta,-38.95221,2.2389462,-2.3750255,15.712933,426.234183487629
Rwanda,Mortalidad_Alta,-52.13381,5.149105,-2.3623555,16.063883,356.995022901154
Rwanda,Mortalidad_Alta,-28.780327,-50.513096,9.340192,15.350212,324.016863847189
Rwanda,Mortalidad_Alta,-47.462257,-11.249766,-1.2323569,17.712965,269.540446333402
Rwanda,Mortalidad_Alta,-46.966335,-11.620122,-1.0741163,17.718046,249.012274982252
Rwanda,Mortalidad_Alta,-37.226288,-11.741004,-0.8488623,17.256937,234.043016755733
Rwanda,Mortalidad_Alta,-44.594357,-15.0203285,-0.84108937,17.74499,237.308846200901
Rwanda,Mortalidad_Alta,-32.163925,-53.082695,8.857498,15.310371,251.86926386091
Rwanda,Mortalidad_Alta,-47.960564,-17.978678,-0.94829315,18.346008,227.971147849318
Saudi Arabia,Mortalidad_Baja,37.78251,50.283096,-2.453881,-0.8663322,38510.2276211037
Saudi Arabia,Mortalidad_Baja,36.175766,49.15737,-2.7071605,-0.98295146,31920.7653655643
Saudi Arabia,Mortalidad_Baja,34.72537,48.258167,-2.7960835,-1.0622702,24338.8307301067
Saudi Arabia,Mortalidad_Baja,35.638805,48.447407,-2.7573109,-1.0474267,29566.7933827436
Saudi Arabia,Mortalidad_Baja,36.1594,48.82806,-2.6453762,-1.0137581,29360.0658968566
Saudi Arabia,Mortalidad_Baja,35.25837,48.16125,-2.770802,-1.0724857,23929.2907135982
Saudi Arabia,Mortalidad_Baja,34.96208,48.14151,-2.7858586,-1.0983052,22267.7217050387
Saudi Arabia,Mortalidad_Baja,35.277767,48.11967,-2.779683,-1.0896888,23256.1549553531
Saudi Arabia,Mortalidad_Baja,38.577297,49.925613,-2.3385837,-1.0195799,27805.4850319422
Saudi Arabia,Mortalidad_Baja,38.56958,50.63524,-2.3302019,-0.9636919,27865.465604962
Saudi Arabia,Mortalidad_Baja,39.13911,50.476288,-2.3041909,-0.9734319,28733.4375513452
Saudi Arabia,Mortalidad_Baja,39.546688,50.693565,-2.295226,-1.0068583,27126.7498747702
Saudi Arabia,Mortalidad_Baja,39.34436,50.847954,-2.292898,-0.96914387,22028.3901426586
Saudi Arabia,Mortalidad_Baja,39.00464,51.14102,-2.3203712,-0.94605356,17718.3911648365
Saudi Arabia,Mortalidad_Baja,39.690094,52.002014,-2.2745695,-0.93733823,22320.4888964331
Saudi Arabia,Mortalidad_Media,39.455364,51.91988,-2.2717302,-0.9442308,18596.1502627898
Saudi Arabia,Mortalidad_Media,39.451977,51.973156,-2.2811334,-0.9271757,17563.6145370639
Saudi Arabia,Mortalidad_Media,38.638195,51.955627,-2.3390396,-0.87646985,15975.7473782258
Saudi Arabia,Mortalidad_Media,37.66583,52.07498,-2.4145749,-0.7614529,13154.4978989446
Saudi Arabia,Mortalidad_Media,37.529236,52.184517,-2.4498308,-0.7425057,11487.220410693
Saudi Arabia,Mortalidad_Media,35.31023,52.941376,-2.4967387,-0.6004919,10586.0543471363
Saudi Arabia,Mortalidad_Media,35.271767,53.00722,-2.4966574,-0.6028371,10805.311325122
Saudi Arabia,Mortalidad_Media,35.384735,53.035427,-2.4743576,-0.5897545,11714.5623675159
Saudi Arabia,Mortalidad_Media,35.37181,53.272743,-2.4990516,-0.6076187,10786.4008952769
Senegal,Mortalidad_Media,-29.587418,29.53527,-3.964056,11.272731,1574.0281059306
Senegal,Mortalidad_Media,-14.630618,-50.48266,10.391698,13.61728,1598.10676952274
Senegal,Mortalidad_Media,-30.13874,28.701853,-3.9306126,11.448873,1461.08720350553
Senegal,Mortalidad_Media,-30.110273,28.566204,-3.9300761,11.490502,1431.18128932159
Senegal,Mortalidad_Media,-14.582457,-50.54069,10.312634,13.550906,1452.55612562445
Senegal,Mortalidad_Media,-29.9085,28.374275,-3.8933716,11.483626,1356.80518449031
Senegal,Mortalidad_Alta,-29.893099,28.36635,-3.89144,11.46567,1266.43957151587
Senegal,Mortalidad_Alta,-29.980408,28.303001,-3.890365,11.486871,1218.00613555438
Senegal,Mortalidad_Alta,-20.523935,21.113922,-2.9366636,12.177545,1398.89137601382
Senegal,Mortalidad_Alta,-20.674238,20.937555,-2.935047,12.188976,1379.83196553924
Senegal,Mortalidad_Alta,-20.64421,20.792643,-2.904849,12.2068,1326.83798848379
Senegal,Mortalidad_Alta,-17.881054,-56.15183,9.766815,13.928281,1374.67591873844
Senegal,Mortalidad_Alta,-21.344372,19.870676,-2.853488,12.259973,1275.88357492357
Senegal,Mortalidad_Alta,-21.457487,19.712824,-2.8451877,12.274327,1308.69404336205
Senegal,Mortalidad_Alta,-21.265968,19.628935,-2.7874856,12.307796,1398.79218010021
Senegal,Mortalidad_Alta,-18.933382,6.441872,-2.7241259,12.352441,1188.93877808175
Senegal,Mortalidad_Alta,-19.29798,6.239742,-2.5553045,12.55422,1017.20196747987
Senegal,Mortalidad_Alta,-20.124773,-56.41377,9.549583,14.094683,979.846101520171
Senegal,Mortalidad_Alta,-23.441513,0.16859452,-1.1515881,14.77455,918.102079522155
Senegal,Mortalidad_Alta,-24.010447,-0.1076998,-1.1390578,14.881309,817.888034221442
Senegal,Mortalidad_Alta,-23.52593,-0.40779325,-1.0819364,14.95183,669.430447319209
Senegal,Mortalidad_Alta,-26.434702,-56.661274,9.005619,14.437181,637.213530563724
Senegal,Mortalidad_Alta,-26.838797,-1.7085176,-1.0081544,15.236804,603.233162455158
Senegal,Mortalidad_Alta,-30.045685,-5.6488795,-1.0340528,15.653489,714.994396357297
Serbia,Mortalidad_Baja,11.514461,-21.8987,13.144044,10.253682,10022.9688543402
Serbia,Mortalidad_Media,18.425873,-14.831976,13.417637,8.852477,9680.52798074468
Serbia,Mortalidad_Media,17.948074,-14.8445835,13.204639,9.109727,8098.70955668849
Serbia,Mortalidad_Baja,8.6137905,-23.253706,13.073238,10.57869,7755.632986437
Serbia,Mortalidad_Baja,8.197228,-23.368353,13.060804,10.690743,7559.86165747394
Serbia,Mortalidad_Baja,8.2230015,-23.001041,13.080026,10.675628,6548.03653824187
Serbia,Mortalidad_Baja,8.551287,-22.601286,13.040425,10.6972475,5982.37030126471
Serbia,Mortalidad_Baja,8.984486,-22.594803,13.048943,10.525692,5820.3215576888
Serbia,Mortalidad_Baja,7.2477593,-24.05011,12.977687,10.867507,6886.67809068704
Serbia,Mortalidad_Baja,6.7557106,-23.950096,12.987031,10.950896,7040.41812068781
Serbia,Mortalidad_Media,7.2880225,-23.825857,13.034439,10.861992,6263.04086072815
Serbia,Mortalidad_Media,-3.824495,44.901237,-4.8717766,7.848707,7082.2861666075
Serbia,Mortalidad_Media,7.4229646,-24.287338,12.998399,10.858911,5970.92660940072
Serbia,Mortalidad_Media,7.602389,-24.628998,12.919048,10.767845,6414.0448463847
Serbia,Mortalidad_Media,5.5852985,-22.102123,13.091476,11.070681,7376.73517910716
Serbia,Mortalidad_Media,5.505117,-22.359646,13.0599785,11.092856,6081.08765700202
Serbia,Mortalidad_Media,4.8367457,-22.1111,13.101451,11.161937,4492.7136699046
Serbia,Mortalidad_Media,6.2429285,-17.486105,13.284707,10.657674,3807.97417321786
Serbia,Mortalidad_Media,5.8275046,-17.702623,13.315668,10.71233,3597.08798057009
Serbia,Mortalidad_Media,-5.55012,-26.340668,12.961795,12.4698715,3153.9011312754
Serbia,Mortalidad_Media,-5.6565485,-26.35528,12.922255,12.521281,2390.73459447107
Serbia,Mortalidad_Media,-24.391489,41.03226,-5.3860593,10.901312,1812.42088281393
Serbia,Mortalidad_Media,-24.19568,40.967403,-5.37174,10.9110985,974.725469278615
Serbia,Mortalidad_Media,-23.42597,40.526657,-5.331671,10.869768,2349.40645150289
Seychelles,Mortalidad_Media,18.749199,41.93555,-2.6653407,4.125752,16836.6721895387
Seychelles,Mortalidad_Media,15.187749,42.690384,-2.5311413,3.73999,14982.9111487767
Seychelles,Mortalidad_Baja,13.740356,37.664024,-3.4612586,5.3611,14041.4754074575
Seychelles,Mortalidad_Media,16.931807,38.88418,-2.8523054,4.7028565,19141.5118743615
Seychelles,Mortalidad_Media,25.961842,-25.119022,12.165882,8.66017,18440.2340460932
Seychelles,Mortalidad_Media,16.900778,39.159775,-2.8430178,4.634044,17480.3651911372
Seychelles,Mortalidad_Media,16.513458,39.745846,-2.846105,4.59975,16566.9946042294
Seychelles,Mortalidad_Media,16.282064,39.669106,-2.910411,4.6901116,15333.1051727105
Seychelles,Mortalidad_Media,8.997916,36.881077,-3.9096186,5.896936,15188.1902175113
Seychelles,Mortalidad_Media,25.831816,-23.942896,12.195586,8.635796,14821.2921476077
Seychelles,Mortalidad_Media,8.240213,39.144836,-4.308471,6.207228,12337.1554669388
Seychelles,Mortalidad_Media,8.012953,38.209877,-4.2060404,6.192139,12110.0937461973
Seychelles,Mortalidad_Media,8.246512,37.982067,-4.1588435,6.120906,10934.79494629
Seychelles,Mortalidad_Media,8.391903,37.566334,-4.090114,6.1051574,9747.09180546291
Seychelles,Mortalidad_Media,4.8466144,26.36186,-3.2918973,7.884842,11265.4376270005
Seychelles,Mortalidad_Media,8.263688,37.942924,-4.143202,6.1235976,12669.3026687222
Seychelles,Mortalidad_Media,23.520088,-19.247864,12.980414,8.628374,12782.9938926475
Seychelles,Mortalidad_Media,7.5565205,39.00621,-4.4458156,6.429759,11802.1118276833
Seychelles,Mortalidad_Media,7.5864167,39.1247,-4.447502,6.444822,10827.671636033
Seychelles,Mortalidad_Media,-24.380798,47.06464,-6.24298,10.364621,9070.28460757013
Seychelles,Mortalidad_Media,-24.388842,46.722946,-6.1955743,10.397452,8864.16919495467
Seychelles,Mortalidad_Media,-23.43571,47.56122,-6.223502,10.283047,8153.2986369879
Seychelles,Mortalidad_Media,-23.875265,47.139046,-6.1764913,10.348784,8063.65500575169
Seychelles,Mortalidad_Media,-2.1585474,46.69257,-4.921754,7.5104246,7180.66832748656
Sierra Leone,Mortalidad_Alta,-51.524616,1.111077,-3.0972736,16.748108,860.774590932595
Sierra Leone,Mortalidad_Alta,-51.70773,1.1001111,-3.071604,16.765331,886.192939104469
Sierra Leone,Mortalidad_Alta,-53.295414,0.6042937,-3.0801408,16.930286,845.982914284565
Sierra Leone,Mortalidad_Alta,-52.550694,0.66620505,-3.0423007,16.864157,844.049555179116
Sierra Leone,Mortalidad_Alta,-28.473585,-49.919094,9.387491,15.371055,845.914540460932
Sierra Leone,Mortalidad_Alta,-52.818745,-0.003276854,-2.8861637,16.963114,779.186007841728
Sierra Leone,Mortalidad_Alta,-45.297413,-5.5423584,-2.2767327,16.983675,844.416411175476
Sierra Leone,Mortalidad_Alta,-44.81012,-6.3609953,-1.8851601,17.110504,964.575980888989
Sierra Leone,Mortalidad_Alta,-42.340973,-8.356885,-1.5820615,17.218927,1117.7586465721
Sierra Leone,Mortalidad_Alta,-42.1059,-8.330322,-1.5424612,17.194073,1117.47183075115
Sierra Leone,Mortalidad_Alta,-41.399025,-8.8387985,-1.3754025,17.209688,937.504428180231
Sierra Leone,Mortalidad_Alta,-30.254564,-54.45857,8.853885,15.0170965,761.146365577281
Sierra Leone,Mortalidad_Alta,-38.280853,-11.493211,-0.8702279,17.186827,685.039673490948
Sierra Leone,Mortalidad_Alta,-38.50993,-11.720108,-0.85004586,17.22704,652.845806767943
Sierra Leone,Mortalidad_Alta,-38.655773,-12.093072,-0.8608024,17.317402,705.359014080005
Sierra Leone,Mortalidad_Alta,-38.93431,-12.550447,-0.83465564,17.415678,631.889926264998
Sierra Leone,Mortalidad_Alta,-38.970097,-12.807514,-0.81983066,17.4546,580.26796974773
Sierra Leone,Mortalidad_Alta,-49.307842,-17.155363,-1.1678543,18.482912,462.633324427945
Sierra Leone,Mortalidad_Alta,-48.76981,-17.270205,-1.050744,18.461018,417.749983329227
Sierra Leone,Mortalidad_Alta,-33.47151,-51.68214,8.846799,15.388616,413.817607346927
Sierra Leone,Mortalidad_Alta,-48.277664,-17.459318,-0.9796007,18.381931,388.995111216836
Sierra Leone,Mortalidad_Alta,-48.08123,-17.611626,-0.9819272,18.378878,358.315716051546
Sierra Leone,Mortalidad_Alta,-50.59859,-18.453613,-1.2448694,18.574726,143.743743239644
Sierra Leone,Mortalidad_Alta,-50.517647,-18.377565,-1.3001125,18.569578,208.351997250955
Singapore,Mortalidad_Baja,23.316765,11.802631,1.9567919,-6.5905185,90299.0694637269
Singapore,Mortalidad_Baja,23.678602,12.100483,1.9483385,-6.581977,80056.1288247844
Singapore,Mortalidad_Baja,23.859884,12.358506,1.9606639,-6.594286,61410.0792630788
Singapore,Mortalidad_Baja,23.867811,12.370791,1.9791446,-6.612947,65952.0378959293
Singapore,Mortalidad_Baja,23.832748,11.725215,1.9579319,-6.591555,66881.6067035265
Singapore,Mortalidad_Baja,23.903625,11.654748,1.951559,-6.584404,61236.251270627
Singapore,Mortalidad_Baja,24.05589,11.588965,1.9532281,-6.587037,57005.5887176547
Singapore,Mortalidad_Baja,24.024824,12.459146,1.940668,-6.5743012,55645.6068614606
Singapore,Mortalidad_Baja,24.283684,12.486388,2.0044298,-6.6377244,57564.8023114977
Singapore,Mortalidad_Baja,24.486113,11.815422,2.0055313,-6.6387587,56967.4257940383
Singapore,Mortalidad_Baja,24.462091,11.762624,2.0062532,-6.639358,55547.5553077786
Singapore,Mortalidad_Baja,24.598385,11.913021,2.0348241,-6.6676726,53891.4570264372
Singapore,Mortalidad_Baja,24.579466,12.516184,2.039429,-6.6717834,47236.683084953
Singapore,Mortalidad_Baja,25.036903,12.434843,2.109084,-6.7388163,38926.8054365453
Singapore,Mortalidad_Baja,25.10904,12.393905,2.1068022,-6.7362876,40008.5720489092
Singapore,Mortalidad_Baja,25.342041,12.560419,2.1460497,-6.7735147,39432.8860198877
Singapore,Mortalidad_Baja,25.869913,12.778729,2.2097037,-6.8327374,33768.4528234651
Singapore,Mortalidad_Baja,26.296356,12.977865,2.2734876,-6.893886,29961.3172812732
Singapore,Mortalidad_Baja,26.394247,13.016984,2.2799807,-6.899848,27608.080013423
Singapore,Mortalidad_Baja,26.587622,13.117648,2.3015795,-6.920614,23730.3840054566
Singapore,Mortalidad_Baja,26.936264,13.348489,2.305184,-6.9241624,22159.8373710639
Singapore,Mortalidad_Baja,27.202065,13.567025,2.3484504,-6.965928,21699.7414868907
Singapore,Mortalidad_Baja,27.475864,13.888388,2.3620775,-6.9776893,23852.8389514753
Singapore,Mortalidad_Baja,27.695759,14.189138,-1.2534293,2.3929582,24914.8507020358
Slovenia,Mortalidad_Baja,32.977406,-7.3547974,12.960148,5.842584,28373.8382265999
Slovenia,Mortalidad_Baja,33.216908,-7.3489594,12.988313,5.8179812,29187.369382785
Slovenia,Mortalidad_Baja,32.946117,-7.3544946,12.979891,5.862396,25392.0651093612
Slovenia,Mortalidad_Baja,29.09026,-7.3742976,12.952325,6.379707,25814.1687167572
Slovenia,Mortalidad_Baja,28.951105,-7.35027,12.944233,6.3897123,25888.0481065655
Slovenia,Mortalidad_Baja,29.095158,-7.4275737,12.936717,6.376302,23303.077705959
Slovenia,Mortalidad_Baja,29.763638,-7.537347,12.950086,6.3412523,21447.8377796036
Slovenia,Mortalidad_Baja,29.545822,-7.6135793,12.941788,6.378549,20697.2748530619
Slovenia,Mortalidad_Baja,30.467226,-7.603012,12.964498,6.2677903,24013.0682060959
Slovenia,Mortalidad_Baja,30.055922,-7.8087897,12.981916,6.32613,23236.9655321695
Slovenia,Mortalidad_Baja,32.080387,-7.8902464,12.973684,6.030978,22442.1417859955
Slovenia,Mortalidad_Baja,32.71182,-7.988826,12.98883,5.912746,24940.6284841605
Slovenia,Mortalidad_Baja,33.078476,-8.125242,13.010244,5.862259,23329.8417691156
Slovenia,Mortalidad_Baja,32.690033,-8.181673,12.994149,5.8938274,24501.7897290425
Slovenia,Mortalidad_Baja,31.246872,-8.524195,12.986352,6.1214447,27461.9764165315
Slovenia,Mortalidad_Baja,30.136284,-8.855147,12.991332,6.3970356,23725.1596001515
Slovenia,Mortalidad_Baja,29.939972,-9.007464,12.989528,6.4446416,19563.005059144
Slovenia,Mortalidad_Baja,29.677298,-9.17632,13.004637,6.521597,17969.7095907161
Slovenia,Mortalidad_Baja,29.591593,-9.337272,13.030139,6.552223,17103.8297783905
Slovenia,Mortalidad_Baja,25.95512,-10.543434,13.068012,7.4926662,14711.674874253
Slovenia,Mortalidad_Baja,26.208328,-10.530784,13.0752325,7.4509287,11639.1297780477
Slovenia,Mortalidad_Baja,1.9765531,47.957092,-4.8608217,6.89532,10375.6255869861
Slovenia,Mortalidad_Baja,1.097323,47.626186,-4.9011374,6.9949393,10135.7219109212
Slovenia,Mortalidad_Media,0.790998,47.660908,-4.913747,7.025375,10738.0887611468
Somalia,Mortalidad_Alta,-30.169962,-9.872198,-0.5509401,16.326988,573.128092472349
Somalia,Mortalidad_Alta,-33.008087,-9.737121,-1.0051591,16.471964,549.114742721701
Somalia,Mortalidad_Alta,-46.761024,0.42343765,-2.5738258,16.815739,518.184778494334
Somalia,Mortalidad_Alta,-33.130154,-9.810585,-0.97456944,16.543896,539.893931565407
Somalia,Mortalidad_Alta,-30.399296,-9.928592,-0.6979384,16.402107,509.525801898508
Somalia,Mortalidad_Alta,-33.51177,-11.871292,-0.6928934,16.664885,510.939952317726
Somalia,Mortalidad_Alta,-48.679203,-12.915833,-1.1086094,18.027287,460.928490585175
Somalia,Mortalidad_Alta,-48.149403,-12.904157,-1.0782831,17.987917,445.583080073396
Somalia,Mortalidad_Alta,-46.609028,-12.450198,-1.0457902,17.80118,429.431656725102
Somalia,Mortalidad_Alta,-36.903572,-11.790239,-0.8382367,17.086948,393.398703952979
Somalia,Mortalidad_Alta,-43.766266,-15.422118,-0.8114076,17.753738,350.261946720512
Somalia,Mortalidad_Alta,-45.901623,-19.819021,-0.9640036,18.358074,235.325945610434
South Africa,Mortalidad_Alta,0.026334148,6.694626,1.6287506,12.488613,6523.41097815853
South Africa,Mortalidad_Alta,-0.06591502,5.9708104,1.6116152,12.513456,6843.39941886204
South Africa,Mortalidad_Alta,0.18780658,6.6396213,1.6021793,12.518782,5580.60383075189
South Africa,Mortalidad_Alta,0.5979917,6.788421,1.6107262,12.508823,6533.71121032856
South Africa,Mortalidad_Alta,0.27537864,6.6681995,1.6211363,12.499856,6914.1780318076
South Africa,Mortalidad_Alta,0.12320773,6.5610065,1.6081522,12.517817,6618.33508255701
South Africa,Mortalidad_Alta,0.31484738,6.415061,1.6063223,12.518374,5651.20585165749
South Africa,Mortalidad_Alta,0.42681977,6.251335,1.5966454,12.525406,6112.27382485974
South Africa,Mortalidad_Alta,-14.490015,-62.426525,9.17376,12.846581,6856.73137092522
South Africa,Mortalidad_Alta,0.46072555,5.8285627,1.5851592,12.543328,7331.65467384919
South Africa,Mortalidad_Alta,0.23284504,5.5684905,1.5862329,12.564678,8076.97678479741
South Africa,Mortalidad_Alta,0.24237806,5.177626,1.5359391,12.60893,8646.05571071635
South Africa,Mortalidad_Alta,-14.808638,-62.230515,9.143745,13.035326,7973.47195771517
South Africa,Mortalidad_Alta,0.2858209,3.799398,1.4080963,12.7965555,6374.70560042992
South Africa,Mortalidad_Alta,-15.189179,-62.091545,9.146246,13.084854,6184.75474328399
South Africa,Mortalidad_Alta,0.37435362,3.0965662,1.3835658,12.856868,6591.85535960564
South Africa,Mortalidad_Alta,0.39481553,2.9866593,1.3939875,12.868592,6077.38293388876
South Africa,Mortalidad_Alta,-15.407666,-62.08173,9.141676,13.082611,5836.87663325127
South Africa,Mortalidad_Alta,0.33069375,2.8591728,1.3567208,12.878427,5221.46333731721
South Africa,Mortalidad_Alta,0.29813552,2.8589554,1.3841249,12.880919,4062.21755993786
South Africa,Mortalidad_Alta,0.012962445,2.7949862,1.3615193,12.857063,2688.23676032806
South Africa,Mortalidad_Alta,-0.19657488,2.9334083,1.34608,12.812588,2847.15191945908
South Africa,Mortalidad_Alta,-15.251856,-61.806538,9.149224,13.074391,3217.84693448467
South Africa,Mortalidad_Alta,-1.5368413,3.1340294,1.2219517,12.744763,3855.6340871567
Spain,Mortalidad_Baja,49.38613,-23.178366,15.006496,4.961762,30270.2687017458
Spain,Mortalidad_Baja,49.188698,-22.716179,14.810803,4.9708996,30799.4775937775
Spain,Mortalidad_Baja,48.028942,-28.99178,15.38012,5.231888,27233.9426461608
Spain,Mortalidad_Baja,47.63185,-31.685183,15.471709,5.3850837,29786.5245689007
Spain,Mortalidad_Baja,47.548008,-31.771074,15.459056,5.432389,30602.4212881113
Spain,Mortalidad_Baja,49.160736,-27.014156,15.3048115,5.0955706,28381.3425596906
Spain,Mortalidad_Baja,49.66555,-26.242947,15.23234,4.9958386,26755.6061149398
Spain,Mortalidad_Baja,49.389965,-26.515703,15.2549,5.0182505,25982.4416197775
Spain,Mortalidad_Baja,50.098656,-25.371353,15.202381,4.971679,29707.765509467
Spain,Mortalidad_Baja,50.025917,-25.54832,15.207377,4.968432,29228.846559842
Spain,Mortalidad_Baja,49.665062,-25.6896,15.231212,4.9406805,28456.4438151477
Spain,Mortalidad_Baja,49.296875,-25.563713,15.170903,5.0095625,31824.6219134777
Spain,Mortalidad_Baja,47.760384,-23.339575,14.745347,5.0668597,30658.7422282912
Spain,Mortalidad_Baja,47.618942,-22.829792,14.66687,5.0535707,32279.8208476151
Spain,Mortalidad_Baja,46.80763,-20.897266,14.349264,5.156542,35603.248328071
Spain,Mortalidad_Baja,34.987297,-7.945689,13.118526,5.681844,32652.015594702
Spain,Mortalidad_Baja,34.68397,-7.7752676,13.061292,5.7256975,28421.686527407
Spain,Mortalidad_Baja,34.28419,-7.993701,13.05545,5.792505,26450.9530130382
Spain,Mortalidad_Baja,34.719658,-8.044981,13.09178,5.7537065,24925.0267844576
Spain,Mortalidad_Baja,34.51839,-8.182226,13.076882,5.7862024,21522.0170990262
Spain,Mortalidad_Baja,10.339612,48.80057,-2.154733,2.3630002,17111.0685058941
Spain,Mortalidad_Baja,10.223329,48.37627,-2.1583362,2.3747604,15368.2337984435
Spain,Mortalidad_Baja,30.894941,-9.8278265,13.070428,6.416665,14743.2671031455
Spain,Mortalidad_Baja,21.693974,-21.51187,12.702305,8.562727,15460.9110266653
Sri Lanka,Mortalidad_Baja,-4.930048,38.803696,-4.6281843,8.363989,3342.63650253855
Sri Lanka,Mortalidad_Baja,-5.0954556,38.91024,-4.663619,8.334409,3996.96240014909
Sri Lanka,Mortalidad_Baja,-5.1328964,38.88549,-4.656208,8.352952,3847.60137695639
Sri Lanka,Mortalidad_Baja,11.227723,-37.59543,11.213992,10.564187,4081.94772722003
Sri Lanka,Mortalidad_Baja,-6.293156,40.05142,-4.7354493,8.320681,4358.56095906047
Sri Lanka,Mortalidad_Baja,-6.506751,40.169254,-4.739219,8.30445,4398.88828068715
Sri Lanka,Mortalidad_Baja,9.926433,-38.223286,11.175305,10.604146,4149.19190775593
Sri Lanka,Mortalidad_Baja,-5.7715883,39.306095,-4.7050743,8.323732,4057.7158346231
Sri Lanka,Mortalidad_Baja,-6.113964,39.53713,-4.7234907,8.29632,3971.91913148166
Sri Lanka,Mortalidad_Baja,-6.225794,39.54858,-4.7253346,8.304018,3740.61589348326
Sri Lanka,Mortalidad_Baja,10.556726,-37.983147,11.133086,10.670921,3327.77612404326
Sri Lanka,Mortalidad_Media,-6.8495026,39.480385,-4.733888,8.357472,3224.95736331928
Sri Lanka,Mortalidad_Media,-6.846213,39.49698,-4.727469,8.357622,2808.36779237408
Sri Lanka,Mortalidad_Media,2.7005699,-48.239304,10.576063,11.914363,2026.65939950702
Sri Lanka,Mortalidad_Media,-7.669757,35.148666,-4.129463,9.012059,1973.58476901287
Sri Lanka,Mortalidad_Media,-7.5220466,35.255337,-4.139786,9.00639,1578.63451125392
Sri Lanka,Mortalidad_Media,3.4585602,-48.30803,10.531219,11.760674,1389.50625583936
Sri Lanka,Mortalidad_Media,-7.3985476,35.33712,-4.123887,8.917903,1207.21994764165
Sri Lanka,Mortalidad_Media,-8.809458,25.329971,-3.877899,9.410758,1028.62068132555
Sri Lanka,Mortalidad_Media,-1.5345958,32.90429,-3.6958368,8.849537,946.382255128072
Sri Lanka,Mortalidad_Media,17.56699,-36.25333,11.297159,9.770627,834.936014905338
Sri Lanka,Mortalidad_Media,-27.157455,30.925198,-3.9893563,11.06916,803.544026627385
Sri Lanka,Mortalidad_Media,-27.181911,30.914637,-3.949022,11.104879,846.460813304966
Sri Lanka,Mortalidad_Media,-12.263235,-47.235966,10.701379,13.635927,741.838255293455
Sudan,Mortalidad_Alta,-27.87746,54.09869,-7.061715,10.2504015,1046.24084472656
Sudan,Mortalidad_Alta,-28.000929,53.999516,-7.0576444,10.255124,712.122009277344
Sudan,Mortalidad_Alta,-44.507706,25.36969,-4.567649,14.155781,577.795227050781
Sudan,Mortalidad_Alta,-44.402866,25.298313,-4.5640616,14.142017,709.975280761719
Sudan,Mortalidad_Alta,-24.677433,9.160336,-1.841308,14.063242,731.027465820313
Sudan,Mortalidad_Alta,-24.544985,8.97512,-1.7833874,14.035591,966.505676269531
Sudan,Mortalidad_Alta,-25.41334,7.9868026,-1.7312698,13.978718,1033.21594238281
Sudan,Mortalidad_Alta,-54.115047,5.2738724,-3.1850667,16.264986,1292.37963867188
Sudan,Mortalidad_Alta,-25.6289,-48.498768,9.728672,15.028179,1275.43835449219
Sudan,Mortalidad_Alta,-53.886707,5.5137506,-3.1423156,16.08443,1138.62780761719
Sudan,Mortalidad_Alta,-51.277218,2.773228,-3.1215162,16.203772,1019.22210693359
Sudan,Mortalidad_Alta,-49.168728,17.267496,-4.112809,15.285634,1332.6572265625
Sudan,Mortalidad_Alta,-58.227287,-4.479496,-3.0761676,17.38275,1305.63598632813
Sudan,Mortalidad_Alta,-29.115967,-47.076954,9.453607,15.432152,1178.22180175781
Sudan,Mortalidad_Alta,-60.1463,-7.6219616,-3.1604412,18.14745,1527.58239746094
Sudan,Mortalidad_Alta,-60.432003,-7.8057823,-3.1571336,18.141645,1444.37219238281
Sudan,Mortalidad_Alta,-59.887096,-7.7974663,-3.1253273,18.125113,1132.474609375
Sudan,Mortalidad_Alta,-59.828674,-8.133903,-3.146579,18.123812,905.543640136719
Sudan,Mortalidad_Alta,-59.688274,-8.192766,-3.1614194,18.13625,705.113342285156
Sudan,Mortalidad_Alta,-59.48561,-7.7931046,-3.1379912,18.146187,580.320251464844
Sudan,Mortalidad_Alta,-59.530025,-7.7808366,-3.15381,18.141638,506.262634277344
Sudan,Mortalidad_Alta,-59.117607,-7.7678413,-3.1402857,18.143377,451.293304443359
Sudan,Mortalidad_Alta,-52.722954,-5.718595,-2.7232473,17.637674,362.116882324219
Sudan,Mortalidad_Alta,-44.893917,-6.3988457,-2.2891207,17.038157,462.585235595703
Suriname,Mortalidad_Media,4.1839433,-23.75148,12.697828,11.389945,6084.43876736445
Suriname,Mortalidad_Media,-14.578683,38.331276,-4.8322186,9.9978895,5029.84838543953
Suriname,Mortalidad_Media,-13.368562,38.07909,-4.7331433,9.470209,4755.39221710693
Suriname,Mortalidad_Media,-12.00996,38.148968,-4.669557,9.413226,6629.66775248603
Suriname,Mortalidad_Media,-14.238656,37.77888,-4.7873797,9.769528,6665.74180472239
Suriname,Mortalidad_Media,-20.99688,38.2702,-5.0860205,10.534582,6049.52128553675
Suriname,Mortalidad_Media,-11.629948,38.03925,-4.62545,9.391982,5644.2061057532
Suriname,Mortalidad_Media,-12.2320795,38.093426,-4.7171354,9.46878,8813.61705392067
Suriname,Mortalidad_Media,-13.350385,38.83154,-4.7406416,9.539531,9108.18905406764
Suriname,Mortalidad_Media,-13.777672,39.268955,-4.827878,9.633171,9043.19281529222
Suriname,Mortalidad_Media,-21.500587,37.599674,-5.0322433,10.512734,8851.24050668908
Suriname,Mortalidad_Media,-21.615265,37.727337,-5.0619755,10.554306,7949.88867218383
Suriname,Mortalidad_Media,-21.51286,37.53326,-5.0040975,10.501396,7943.60482816915
Suriname,Mortalidad_Media,-21.795439,37.499035,-5.0043674,10.587493,7129.5768626291
Suriname,Mortalidad_Media,-22.581009,38.24688,-5.160468,10.69007,6576.08546307249
Suriname,Mortalidad_Media,-22.579731,38.04251,-5.0730033,10.721623,5530.17615638309
Suriname,Mortalidad_Media,-22.67551,37.148464,-4.9858036,10.619211,5002.65798695759
Suriname,Mortalidad_Media,-18.893085,48.48596,-5.760033,9.867814,3453.42865937765
Suriname,Mortalidad_Alta,-18.7905,48.54947,-5.7576137,9.870338,2887.7721728844
Suriname,Mortalidad_Alta,-18.478855,48.63657,-5.712859,9.834797,2516.10404020956
Suriname,Mortalidad_Alta,-18.34033,48.678196,-5.708538,9.828516,2202.340682196
Suriname,Mortalidad_Alta,-18.217196,48.817577,-5.715394,9.828659,1714.64846637242
Suriname,Mortalidad_Alta,-17.865835,48.849873,-5.6818366,9.803507,1988.22172925433
Suriname,Mortalidad_Alta,-43.741398,28.287539,-4.696461,13.896254,1609.82504373206
Sweden,Mortalidad_Baja,59.563114,10.754592,10.222961,-0.8584916,55296.9371472535
Sweden,Mortalidad_Baja,59.128937,10.629182,10.229182,-0.8641708,61174.9680215622
Sweden,Mortalidad_Baja,59.05001,10.094044,10.306297,-0.8005563,52653.7565934247
Sweden,Mortalidad_Baja,58.272507,10.24857,10.271013,-0.8352112,51773.0464558993
Sweden,Mortalidad_Baja,58.696056,11.150159,10.18514,-0.8904482,54181.9069780904
Sweden,Mortalidad_Baja,57.94823,10.316138,10.27916,-0.8242071,53300.8587281785
Sweden,Mortalidad_Baja,57.983696,10.131264,10.300886,-0.8115112,51820.3972482676
Sweden,Mortalidad_Baja,58.51343,10.088592,10.30152,-0.807092,51197.9529341175
Sweden,Mortalidad_Baja,58.494576,10.92226,10.21223,-0.87132716,59583.7140001673
Sweden,Mortalidad_Baja,58.40915,11.447786,10.180614,-0.8911213,60844.2767113975
Sweden,Mortalidad_Baja,58.209583,12.043059,10.09321,-0.91794705,57749.8251328664
Sweden,Mortalidad_Baja,58.17039,12.514927,10.023093,-0.9420322,60379.7748160321
Sweden,Mortalidad_Baja,58.105644,13.180856,9.88987,-0.9949368,52542.8274141037
Sweden,Mortalidad_Baja,58.698147,11.378975,10.184379,-0.8805474,46707.8673215418
Sweden,Mortalidad_Baja,57.98492,13.012203,9.906448,-0.98640716,55817.4392710726
Sweden,Mortalidad_Baja,57.908028,13.760401,9.790555,-1.0341449,53568.5645523213
Sweden,Mortalidad_Baja,57.786438,13.569077,9.844939,-1.0151742,46531.6001120572
Sweden,Mortalidad_Baja,57.7606,13.793261,9.843045,-1.0152866,43378.6152117149
Sweden,Mortalidad_Baja,57.5095,14.477077,9.684351,-1.0774808,42758.2015503417
Sweden,Mortalidad_Baja,57.206852,14.195167,9.7859335,-1.0231699,37292.4214343004
Sweden,Mortalidad_Baja,57.6459,14.873879,9.664035,-1.0647384,29957.9387652616
Sweden,Mortalidad_Baja,57.76714,14.787906,9.652124,-1.0702065,27259.4806735435
Sweden,Mortalidad_Baja,58.168156,14.593624,9.730255,-1.0524312,29632.7736101599
Sweden,Mortalidad_Baja,57.742016,17.206228,9.411864,-1.0928711,30254.2972932631
Switzerland,Mortalidad_Baja,16.359726,51.220665,-1.3717682,2.584731,94394.5106803525
Switzerland,Mortalidad_Baja,60.146294,0.081990846,13.327233,0.9363763,93664.7736696111
Switzerland,Mortalidad_Baja,59.991833,0.5653716,13.327183,0.9422297,85897.7843338323
Switzerland,Mortalidad_Baja,59.91856,-0.03428872,13.335916,0.925121,84121.9310304414
Switzerland,Mortalidad_Baja,60.462456,-0.9151614,13.406063,0.8327824,85217.3691512274
Switzerland,Mortalidad_Baja,60.85593,-1.3025957,13.431264,0.7899349,82254.3770471336
Switzerland,Mortalidad_Baja,60.09599,-0.3647753,13.355413,0.9016938,82153.0745447889
Switzerland,Mortalidad_Baja,60.13201,-0.48999187,13.351266,0.90965545,83806.4476003837
Switzerland,Mortalidad_Baja,59.64299,0.18849634,13.322372,0.9464196,88724.9910735609
Switzerland,Mortalidad_Baja,59.24761,0.26109314,13.264955,1.0148861,87304.3305813557
Switzerland,Mortalidad_Baja,59.42615,-0.032608863,13.30773,0.96590084,85836.2076767359
Switzerland,Mortalidad_Baja,59.15974,0.6704267,13.252517,1.0388592,90476.7589651577
Switzerland,Mortalidad_Baja,58.92385,0.67391366,13.229514,1.0683912,76531.3728182297
Switzerland,Mortalidad_Baja,58.65671,0.82754874,13.170391,1.0924442,71568.3123885672
Switzerland,Mortalidad_Baja,58.234577,1.2187136,13.148384,1.1744213,74175.1927898555
Switzerland,Mortalidad_Baja,58.185596,1.1762484,13.139666,1.1944672,64989.1553256031
Switzerland,Mortalidad_Baja,58.01878,1.2406386,13.142759,1.198956,59011.0324592016
Switzerland,Mortalidad_Baja,16.88008,51.71776,-1.3491858,2.576176,56242.8933645639
Switzerland,Mortalidad_Baja,56.944756,1.3127172,12.97588,1.3102837,54659.4571488233
Switzerland,Mortalidad_Baja,16.881178,51.60765,-1.3937911,2.600563,49335.7456291067
Switzerland,Mortalidad_Baja,56.575794,1.294557,13.036243,1.3696568,42458.7384679187
Switzerland,Mortalidad_Baja,16.977427,52.11806,-1.3232237,2.5318635,39638.7911061864
Switzerland,Mortalidad_Baja,56.304317,1.4846262,13.038093,1.4162648,38865.021939688
Switzerland,Mortalidad_Baja,16.874311,52.991917,-1.3117481,2.504125,50113.8321221345
Tajikistan,Mortalidad_Media,-50.63274,29.515957,-5.364563,14.055105,1052.17949484894
Tajikistan,Mortalidad_Media,-52.926834,28.36545,-5.0476775,14.335924,896.748053372182
Tajikistan,Mortalidad_Media,-52.757687,28.400463,-5.064478,14.273078,834.311715460625
Tajikistan,Mortalidad_Media,-52.722103,28.79781,-5.0881553,14.16436,871.022372934846
Tajikistan,Mortalidad_Media,-52.76435,28.82466,-5.0547605,14.174065,834.288404578801
Tajikistan,Mortalidad_Media,-52.50393,28.893986,-5.1142216,14.110206,829.45714764957
Tajikistan,Mortalidad_Media,-50.507492,29.237694,-5.3253126,14.045152,788.710481734485
Tajikistan,Mortalidad_Media,-21.002699,-44.257565,10.726223,14.327849,956.916310930656
Tajikistan,Mortalidad_Media,-49.90426,27.476587,-5.3512974,14.146023,1081.54402932039
Tajikistan,Mortalidad_Media,-48.890568,27.779268,-5.301622,14.12378,1028.19704279396
Tajikistan,Mortalidad_Media,-49.336494,27.218937,-5.2999763,14.158334,952.452819695469
Tajikistan,Mortalidad_Media,-49.5688,26.989424,-5.351242,14.211732,833.601978202852
Tajikistan,Mortalidad_Media,-48.28702,27.908997,-5.2722354,14.129336,737.338883219356
Tajikistan,Mortalidad_Media,-10.528475,-48.072895,10.623406,13.798704,664.795655734657
Tajikistan,Mortalidad_Media,-47.987316,27.573738,-5.226286,14.112447,703.327375898643
Tajikistan,Mortalidad_Media,-19.689066,-45.832756,10.632959,14.304003,516.997210618914
Tajikistan,Mortalidad_Media,-46.702126,26.599436,-4.943978,14.160193,401.018403316427
Tajikistan,Mortalidad_Alta,-46.471992,26.429121,-4.7525625,14.140562,333.927150941684
Tajikistan,Mortalidad_Alta,-18.892838,-41.288258,11.22123,14.405285,305.745158587502
Tajikistan,Mortalidad_Alta,-19.868975,-41.240925,11.1518955,14.472473,233.58124845289
Tajikistan,Mortalidad_Alta,-51.701225,14.790985,-4.209702,15.371911,186.951638285222
Tajikistan,Mortalidad_Alta,-51.716568,14.663404,-3.917876,15.717579,168.676285365186
Tajikistan,Mortalidad_Alta,-51.72167,14.580938,-3.8051581,15.831618,136.925716400723
Tajikistan,Mortalidad_Alta,-59.265045,-8.312475,-3.1584918,18.163954,207.034457343036
Tanzania,Mortalidad_Media,-54.79356,23.191826,-5.0025506,14.600944,1207.85302734375
Tanzania,Mortalidad_Alta,-54.69963,22.938854,-4.987815,14.656084,1159.85656738281
Tanzania,Mortalidad_Alta,-54.554752,22.71027,-4.971369,14.700763,1117.41528320313
Tanzania,Mortalidad_Alta,-54.061474,21.915787,-4.953363,14.959257,1063.32250976563
Tanzania,Mortalidad_Alta,-24.165943,-46.22661,10.084386,14.891785,1023.10626220703
Tanzania,Mortalidad_Alta,-52.85603,20.628016,-4.9438896,15.068155,986.674011230469
Tanzania,Mortalidad_Alta,-51.695736,19.996483,-4.7258296,15.071901,953.0107421875
Tanzania,Mortalidad_Alta,-50.981125,19.514833,-4.5182457,15.143456,939.127319335938
Tanzania,Mortalidad_Alta,-50.058628,19.401903,-4.261823,15.187683,1022.74841308594
Tanzania,Mortalidad_Alta,-50.162342,19.035748,-4.2582498,15.214323,963.05712890625
Tanzania,Mortalidad_Alta,-49.615364,18.833828,-4.1828527,15.224855,861.969909667969
Tanzania,Mortalidad_Alta,-23.327248,-49.928535,9.912398,14.692134,775.392761230469
Tanzania,Mortalidad_Alta,-44.994003,14.92252,-3.696541,15.312908,736.530151367188
Tanzania,Mortalidad_Alta,-44.40628,14.324751,-3.2551084,15.418834,693.823547363281
Tanzania,Mortalidad_Alta,-44.45294,14.845936,-3.4073713,15.394166,675.977233886719
Tanzania,Mortalidad_Alta,-24.401377,-52.104652,9.573428,14.637361,543.198303222656
Tanzania,Mortalidad_Alta,-37.55788,2.0105567,-2.2989264,15.753993,475.746734619141
Tanzania,Mortalidad_Alta,-39.134373,-0.021024827,-2.0120974,15.984589,483.334869384766
Tanzania,Mortalidad_Alta,-39.40725,-0.9342367,-1.8985907,16.116526,450.385284423828
Tanzania,Mortalidad_Alta,-36.766823,-3.4938579,-1.5387828,16.1611,422.18359375
Tanzania,Mortalidad_Alta,-35.638687,-5.4372606,-1.1184206,16.280651,402.649047851563
Tanzania,Mortalidad_Alta,-35.65889,-7.664724,-0.8611692,16.366032,396.638732910156
Tanzania,Mortalidad_Alta,-29.785568,-55.202896,8.830286,14.910371,401.698150634766
Tanzania,Mortalidad_Alta,-56.63669,-14.306225,-1.9080904,18.653551,258.418334960938
Thailand,Mortalidad_Baja,12.339077,-30.312449,12.34401,10.472752,6909.35281815827
Thailand,Mortalidad_Baja,15.487674,-30.98854,12.324212,10.031518,7057.20754802279
Thailand,Mortalidad_Baja,15.456032,-30.323748,12.291638,10.014067,6985.64393892574
Thailand,Mortalidad_Baja,13.790781,-28.80296,12.367027,10.262373,7605.69657797759
Thailand,Mortalidad_Baja,13.103929,-28.816551,12.436184,10.415396,7099.77650081458
Thailand,Mortalidad_Baja,14.00495,-30.014513,12.346121,10.201835,6413.09182530343
Thailand,Mortalidad_Baja,12.9511175,-29.63679,12.376885,10.401334,5833.57715617098
Thailand,Mortalidad_Baja,11.920086,-29.332802,12.38448,10.578882,5688.85335397884
Thailand,Mortalidad_Baja,7.2741947,-31.162144,12.232359,11.005924,5801.1978916205
Thailand,Mortalidad_Baja,6.7794695,-31.557304,12.188668,11.252033,6018.08244729255
Thailand,Mortalidad_Baja,6.6059003,-31.801168,12.150557,11.256426,5725.52802835463
Thailand,Mortalidad_Baja,6.3391604,-31.897532,12.176215,11.274259,5373.6232832898
Thailand,Mortalidad_Media,6.2014174,-32.021873,12.172275,11.274454,4973.86288823778
Thailand,Mortalidad_Media,6.0209665,-32.508198,12.110349,11.300062,4135.43986952819
Thailand,Mortalidad_Media,6.340494,-32.625397,12.131525,11.268801,4309.13509292986
Thailand,Mortalidad_Media,6.5866137,-32.996983,12.094393,11.268075,3918.52817434581
Thailand,Mortalidad_Media,6.3295484,-33.14134,12.069257,11.295571,3331.32043511773
Thailand,Mortalidad_Media,-13.080542,38.123768,-4.700564,9.4985485,2867.70383436062
Thailand,Mortalidad_Media,0.36135137,-40.93154,11.693263,11.656715,2641.56268717857
Thailand,Mortalidad_Media,-13.000448,38.123413,-4.7053695,9.5347805,2347.54001286066
Thailand,Mortalidad_Media,0.6238806,-41.99007,11.503807,11.725682,2089.75183111554
Thailand,Mortalidad_Media,-12.146515,37.588215,-4.661541,9.452178,1889.93432467144
Thailand,Mortalidad_Media,0.6198849,-42.51731,11.248075,11.834333,2005.97694514234
Thailand,Mortalidad_Media,-3.0806923,32.394802,-3.883741,10.423855,2864.36515719866
Timor-Leste,Mortalidad_Media,-29.589281,47.69911,-6.548827,10.795297,2343.24523350389
Timor-Leste,Mortalidad_Alta,-29.050486,48.898785,-6.712788,10.708244,2684.82702378987
Timor-Leste,Mortalidad_Media,-32.53924,29.885096,-4.3294067,11.7480135,1630.86938521256
Timor-Leste,Mortalidad_Alta,-20.011597,21.096292,-2.873377,12.227632,1562.36458068032
Timor-Leste,Mortalidad_Alta,-18.310059,13.976976,-2.1616085,13.331275,1219.46599728983
Timor-Leste,Mortalidad_Alta,-18.325047,13.939277,-2.1612022,13.339131,1266.17767952941
Timor-Leste,Mortalidad_Alta,-18.498981,13.932363,-2.1588392,13.340098,1335.54390089814
Timor-Leste,Mortalidad_Alta,-18.7163,13.921695,-2.0990431,13.315578,1319.59297370991
Timor-Leste,Mortalidad_Alta,-17.892944,-53.45705,9.7665615,14.206637,1224.74957758801
Timor-Leste,Mortalidad_Alta,-19.528946,13.379482,-2.123939,13.415131,1204.56841532931
Timor-Leste,Mortalidad_Alta,-18.643164,12.701298,-2.194815,13.41148,1022.61903188429
Timor-Leste,Mortalidad_Alta,-18.777414,12.977635,-2.1649823,13.396808,939.045241112693
Timor-Leste,Mortalidad_Alta,-18.668419,12.626607,-2.2021842,13.437375,813.060177250597
Timor-Leste,Mortalidad_Alta,-18.698856,12.647222,-2.2143397,13.481812,686.579295832381
Timor-Leste,Mortalidad_Alta,-34.303368,7.4543076,-2.3502243,15.038075,628.153219252849
Timor-Leste,Mortalidad_Alta,-23.060556,-54.568245,9.5344715,14.437882,540.154584237662
Timor-Leste,Mortalidad_Alta,-34.27187,7.0420833,-2.2983932,15.044877,464.667001844159
Timor-Leste,Mortalidad_Alta,-34.225334,7.046436,-2.2933471,15.037283,487.464555404292
Timor-Leste,Mortalidad_Alta,-34.371754,6.758195,-2.2359855,15.10282,474.420767344689
Timor-Leste,Mortalidad_Alta,-31.474125,3.7018173,-1.7201062,15.133115,534.901153697657
Timor-Leste,Mortalidad_Alta,-31.43165,3.6469727,-1.5936731,15.064969,533.982476434866
Timor-Leste,Mortalidad_Alta,-24.230356,-57.958332,9.140111,14.201578,587.804355560918
Timor-Leste,Mortalidad_Alta,-32.239067,1.500355,-1.574381,15.833049,492.457669429651
Timor-Leste,Mortalidad_Alta,-49.789783,-18.309568,-1.131862,18.516474,302.736982028369
Togo,Mortalidad_Alta,-26.62413,12.189661,-2.2256868,14.018489,898.758154410712
Togo,Mortalidad_Alta,-19.528252,-53.817642,9.713954,14.172719,939.613373786407
Togo,Mortalidad_Alta,-26.990791,12.155234,-2.267607,14.10923,853.578220263722
Togo,Mortalidad_Alta,-26.920252,11.882762,-2.1913488,14.179267,826.260654099894
Togo,Mortalidad_Alta,-19.880339,-53.868828,9.744159,14.19661,851.130806891807
Togo,Mortalidad_Alta,-28.04065,12.4172,-2.3379872,14.182992,792.765487219069
Togo,Mortalidad_Alta,-27.757442,11.286342,-2.1703763,14.339561,772.581787093976
Togo,Mortalidad_Alta,-20.415781,-54.451176,9.643896,14.242292,751.052405084336
Togo,Mortalidad_Alta,-28.303732,8.746307,-1.8513901,14.576361,855.585284856656
Togo,Mortalidad_Alta,-28.48722,8.417171,-1.8688273,14.638083,826.543259457126
Togo,Mortalidad_Alta,-28.8716,8.375523,-1.8920208,14.753701,762.392047587088
Togo,Mortalidad_Alta,-21.069038,-54.81365,9.521335,14.323893,783.989380490906
Togo,Mortalidad_Alta,-34.951263,2.3257542,-1.9125489,15.079327,704.987164181378
Togo,Mortalidad_Alta,-35.03127,2.1348069,-1.9430501,15.173456,720.694168794129
Togo,Mortalidad_Alta,-35.336704,1.9733237,-1.9261637,15.283769,718.948786366771
Togo,Mortalidad_Alta,-24.401005,-0.73352104,-1.065316,14.892304,607.588224471809
Togo,Mortalidad_Alta,-25.975725,-58.094227,9.097416,14.406318,552.50227125256
Togo,Mortalidad_Alta,-25.83246,-3.8899128,-0.76498795,15.308719,551.259850017077
Togo,Mortalidad_Alta,-25.941624,-4.270772,-0.7227774,15.319735,560.266308533382
Togo,Mortalidad_Alta,-26.047386,-4.534108,-0.74134827,15.369939,538.16537776929
Togo,Mortalidad_Alta,-26.1387,-4.570043,-0.72540563,15.381008,445.238691488925
Togo,Mortalidad_Alta,-26.113033,-4.490771,-0.729345,15.342257,396.692654520135
Togo,Mortalidad_Alta,-26.330904,-4.894136,-0.72213495,15.416567,409.889802792768
Togo,Mortalidad_Alta,-29.407377,-4.1753,-0.6169603,15.641444,419.220334892756
Trinidad and Tobago,Mortalidad_Media,43.34006,44.395046,-2.7664506,-1.7809196,20874.37682915
Trinidad and Tobago,Mortalidad_Media,44.58125,43.25466,-2.9998703,-1.9070696,17679.1812561341
Trinidad and Tobago,Mortalidad_Media,44.354153,42.504826,-2.9594967,-1.9690762,15358.8612973066
Trinidad and Tobago,Mortalidad_Media,45.104923,42.599815,-3.0637238,-1.9577259,17293.4730123427
Trinidad and Tobago,Mortalidad_Media,45.156353,42.793217,-3.0838752,-1.9566532,17575.8042838042
Trinidad and Tobago,Mortalidad_Media,44.997925,42.66483,-3.0494277,-1.9508643,17578.6417765865
Trinidad and Tobago,Mortalidad_Media,44.912422,42.593884,-3.0624373,-1.9554712,17449.1623528186
Trinidad and Tobago,Mortalidad_Media,45.737667,42.49271,-3.1313803,-1.9766272,19887.2337359338
Trinidad and Tobago,Mortalidad_Media,46.472805,42.763485,-3.1973643,-1.9904635,21908.3017802988
Trinidad and Tobago,Mortalidad_Media,46.577396,42.90623,-3.2165515,-1.9873356,21304.9776454565
Trinidad and Tobago,Mortalidad_Media,46.799816,43.02579,-3.2387717,-1.9686993,20332.1389531925
Trinidad and Tobago,Mortalidad_Media,47.273987,43.437996,-3.2472382,-1.954316,19151.0870229722
Trinidad and Tobago,Mortalidad_Media,47.16281,43.232727,-3.2938898,-1.9774607,16815.424737361
Trinidad and Tobago,Mortalidad_Media,46.940506,43.27306,-3.2476435,-1.9634702,14634.0565003912
Trinidad and Tobago,Mortalidad_Media,47.527065,43.96666,-3.2577758,-1.9493209,21298.9945258063
Trinidad and Tobago,Mortalidad_Media,47.39684,43.745827,-3.2819638,-1.9451388,16606.675360681
Trinidad and Tobago,Mortalidad_Media,47.31117,44.064445,-3.267638,-1.9314915,14152.6607422113
Trinidad and Tobago,Mortalidad_Media,47.018814,44.45707,-3.1042328,-1.8751101,12346.4373094075
Trinidad and Tobago,Mortalidad_Media,43.863632,45.8923,-2.7421198,-1.6351734,9871.03419820086
Trinidad and Tobago,Mortalidad_Media,43.87498,46.046284,-2.7454345,-1.6397326,8445.04653518298
Trinidad and Tobago,Mortalidad_Media,43.942913,46.79051,-2.7541113,-1.5887146,6762.93080808096
Trinidad and Tobago,Mortalidad_Media,43.927845,46.903797,-2.7947965,-1.507954,6657.41466937221
Trinidad and Tobago,Mortalidad_Media,43.90873,47.049465,-2.7470465,-1.392025,6178.58975559687
Trinidad and Tobago,Mortalidad_Media,-5.0701604,47.367565,-4.9921174,7.7482486,4114.68908475464
Tunisia,Mortalidad_Baja,-2.5049465,36.73102,-4.152407,8.655156,3708.8481241036
Tunisia,Mortalidad_Media,16.509903,-42.94741,10.546454,10.102043,3906.93926319391
Tunisia,Mortalidad_Media,-3.4807563,36.354534,-4.225886,8.62296,3548.65363663803
Tunisia,Mortalidad_Baja,-3.8592374,36.214188,-4.1994505,8.640889,3528.87213306798
Tunisia,Mortalidad_Baja,-3.8454545,36.173706,-4.227094,8.638729,3628.10366464236
Tunisia,Mortalidad_Media,-3.719396,36.06987,-4.2271724,8.622133,3619.03247319953
Tunisia,Mortalidad_Media,-3.302494,35.972927,-4.2095156,8.630979,3847.80354448809
Tunisia,Mortalidad_Media,16.332,-41.796165,10.735428,10.104176,4014.94773686432
Tunisia,Mortalidad_Media,-3.0960848,35.64319,-4.1737385,8.691655,4458.97895464547
Tunisia,Mortalidad_Media,-3.2731311,35.680275,-4.182674,8.666103,4369.79345826358
Tunisia,Mortalidad_Media,-2.2476852,35.24615,-4.0802097,8.738985,4297.26782454273
Tunisia,Mortalidad_Media,-2.3018982,35.253647,-4.099229,8.74636,4420.64772206537
Tunisia,Mortalidad_Media,17.272692,-38.18963,11.018653,10.027746,4291.86120891575
Tunisia,Mortalidad_Media,-2.2425227,35.14879,-4.069812,8.82021,4080.09032448781
Tunisia,Mortalidad_Media,-1.1354594,34.679306,-3.8386595,8.811955,4255.05008019523
Tunisia,Mortalidad_Media,-0.6599987,34.197575,-3.7339723,8.826344,3726.91672935667
Tunisia,Mortalidad_Media,-0.6704543,33.900997,-3.7454398,8.843945,3322.56933570096
Tunisia,Mortalidad_Media,17.943815,-37.079445,11.159913,9.842545,3146.8260743927
Tunisia,Mortalidad_Media,-0.8090788,33.99949,-3.7288992,8.860068,3067.41936376975
Tunisia,Mortalidad_Media,-0.40718293,33.67068,-3.7071238,8.855165,2725.8643148859
Tunisia,Mortalidad_Media,-0.20347045,33.739285,-3.7441814,8.840455,2320.7723805785
Tunisia,Mortalidad_Media,-0.32363895,33.978664,-3.7371774,8.867591,2235.71981624751
Tunisia,Mortalidad_Media,9.921551,-49.329105,10.378429,11.005132,2199.04465936314
Tunisia,Mortalidad_Media,-13.096692,-33.054104,12.170899,13.355218,1968.16600944373
Uganda,Mortalidad_Media,-49.47764,26.198227,-5.194947,14.270371,963.067314233497
Uganda,Mortalidad_Alta,-49.16341,25.729666,-5.176561,14.2946615,882.791717442001
Uganda,Mortalidad_Alta,-49.195316,25.983187,-5.2004685,14.306576,845.76646385001
Uganda,Mortalidad_Alta,-20.898855,-46.345295,10.4748335,14.401814,822.171150141651
Uganda,Mortalidad_Alta,-48.224842,24.664469,-5.0633903,14.318153,792.16570022814
Uganda,Mortalidad_Alta,-48.081154,24.280706,-4.968891,14.275636,765.218332297361
Uganda,Mortalidad_Alta,-20.813808,-46.99423,10.352812,14.472801,752.696571725656
Uganda,Mortalidad_Alta,-47.945423,21.846254,-4.7039623,14.479787,862.934610355811
Uganda,Mortalidad_Alta,-48.06443,21.072412,-4.0139713,15.094368,896.054795546394
Uganda,Mortalidad_Alta,-48.051647,20.735167,-3.743081,15.207502,818.285427416713
Uganda,Mortalidad_Alta,-23.576845,-49.73796,9.846901,14.707789,795.222867553127
Uganda,Mortalidad_Alta,-39.90419,11.499056,-3.0886197,15.48833,835.620060555838
Uganda,Mortalidad_Alta,-52.562622,2.6541665,-3.1583927,16.403831,823.488144282
Uganda,Mortalidad_Alta,-26.931698,-49.307884,9.540895,15.204268,798.947089938247
Uganda,Mortalidad_Alta,-36.192577,2.3558753,-2.163228,15.514001,472.842681495852
Uganda,Mortalidad_Alta,-36.425236,1.7447892,-2.0576098,15.673005,401.389130865581
Uganda,Mortalidad_Alta,-37.306946,0.13988999,-1.9406381,15.839176,346.518255310647
Uganda,Mortalidad_Alta,-28.041441,-54.434883,8.9224415,14.869076,330.405402707025
Uganda,Mortalidad_Alta,-32.40134,-3.779357,-0.6817183,15.8773155,292.38185796262
Uganda,Mortalidad_Alta,-35.435055,-7.790443,-0.85901767,16.405375,250.71543664681
Uganda,Mortalidad_Alta,-29.276827,-55.691433,8.826961,14.800085,241.984688408335
Uganda,Mortalidad_Alta,-38.073124,-10.61797,-0.8949258,17.071241,236.021188853993
Uganda,Mortalidad_Alta,-38.4236,-10.698985,-0.92549425,17.170652,258.050338731086
Uganda,Mortalidad_Alta,-51.2733,-14.957038,-1.449104,18.35741,278.520835668767
Ukraine,Mortalidad_Media,-0.5309646,25.651207,-2.9838889,8.5659275,4199.6708984375
Ukraine,Mortalidad_Media,-11.622029,39.548885,-4.800104,9.272602,4775.94580078125
Ukraine,Mortalidad_Media,11.45917,-30.507944,12.242793,10.577115,3709.76928710938
Ukraine,Mortalidad_Media,4.9250374,-30.087673,12.276886,11.477413,3619.86157226563
Ukraine,Mortalidad_Media,3.8684824,-31.094053,12.255211,11.470455,3059.0517578125
Ukraine,Mortalidad_Media,3.9299705,-31.082575,12.269589,11.491152,2604.28759765625
Ukraine,Mortalidad_Media,3.3348656,-31.201447,12.266067,11.5740795,2158.46118164063
Ukraine,Mortalidad_Media,3.1940126,-31.29638,12.245107,11.587649,2094.47387695313
Ukraine,Mortalidad_Media,0.1468515,-31.198696,13.335958,12.279281,3054.908203125
Ukraine,Mortalidad_Media,-0.1418264,-30.807566,13.396966,12.287938,4129.89697265625
Ukraine,Mortalidad_Media,-0.45864478,-30.692862,13.437287,12.349747,3951.34228515625
Ukraine,Mortalidad_Media,-0.5913903,-30.782341,13.429446,12.365716,3656.69799804688
Ukraine,Mortalidad_Media,-0.7234825,-30.467476,13.466073,12.336877,3039.63232421875
Ukraine,Mortalidad_Media,-0.81795424,-30.501202,13.42333,12.320868,2607.08764648438
Ukraine,Mortalidad_Media,-2.028393,-30.319788,13.475143,12.459371,4017.806640625
Ukraine,Mortalidad_Media,-3.314215,-29.844004,13.518642,12.51871,3160.32763671875
Ukraine,Mortalidad_Media,-4.008246,-29.666105,13.461487,12.55243,2366.494140625
Ukraine,Mortalidad_Media,-4.254789,-29.611568,13.4400625,12.567275,1875.33508300781
Ukraine,Mortalidad_Media,-4.2610526,-29.68268,13.446734,12.543192,1401.01806640625
Ukraine,Mortalidad_Media,-4.5727525,-29.529099,13.346533,12.560595,1076.48156738281
Ukraine,Mortalidad_Media,-5.244542,-29.251144,13.100076,12.6574135,903.011901855469
Ukraine,Mortalidad_Media,-25.045948,40.324745,-5.3699837,10.917714,800.49072265625
Ukraine,Mortalidad_Media,-25.199348,40.764286,-5.400437,10.984313,653.294311523438
Ukraine,Mortalidad_Media,-16.736305,-34.51127,11.9625435,13.655027,933.191772460938
United Arab Emirates,Mortalidad_Baja,36.67106,43.934208,-1.8620826,-1.8562858,49899.0652975197
United Arab Emirates,Mortalidad_Baja,36.77076,43.386906,-1.8781409,-1.8966153,43360.0211001327
United Arab Emirates,Mortalidad_Baja,36.7275,42.592213,-1.9562078,-1.8924325,37173.8754093066
United Arab Emirates,Mortalidad_Baja,36.42538,42.191933,-1.8533264,-1.9678662,44251.4541398817
United Arab Emirates,Mortalidad_Baja,58.637623,22.933157,8.608084,-0.8289963,45689.8570049401
United Arab Emirates,Mortalidad_Baja,36.604885,42.24477,-1.8809453,-2.030822,42340.5917160161
United Arab Emirates,Mortalidad_Baja,37.056255,41.20523,-1.8719581,-2.130366,41326.4018161569
United Arab Emirates,Mortalidad_Baja,37.040558,41.441612,-1.8836257,-2.058429,43534.9972694631
United Arab Emirates,Mortalidad_Baja,37.150513,44.405186,-1.8847433,-1.8221697,51381.4069901746
United Arab Emirates,Mortalidad_Baja,58.609894,22.945614,8.623448,-0.83478653,52023.5170959441
United Arab Emirates,Mortalidad_Baja,37.191986,45.45368,-1.9737754,-1.6678408,52034.4762476071
United Arab Emirates,Mortalidad_Baja,37.089676,45.451324,-1.9398102,-1.6905367,50789.050540755
United Arab Emirates,Mortalidad_Baja,37.429234,44.84694,-1.9499991,-1.7269293,43696.6712590463
United Arab Emirates,Mortalidad_Baja,37.76108,45.062626,-2.018057,-1.6882266,37803.0663738777
United Arab Emirates,Mortalidad_Baja,37.556995,45.677567,-2.0041525,-1.6535292,50054.1700681803
United Arab Emirates,Mortalidad_Baja,37.31707,45.28853,-1.9626648,-1.6652611,45854.7325158162
United Arab Emirates,Mortalidad_Baja,37.57962,45.78895,-1.9653268,-1.6614633,44342.6048322482
United Arab Emirates,Mortalidad_Baja,38.248215,46.126793,-2.0742478,-1.6130557,38719.3138307623
United Arab Emirates,Mortalidad_Baja,36.853043,44.399117,-1.8712417,-1.8152716,33376.7152295209
United Arab Emirates,Mortalidad_Baja,34.878925,41.28206,-1.7477748,-2.0803502,29659.5428567811
United Arab Emirates,Mortalidad_Baja,34.918373,40.998936,-1.7549708,-2.0910258,27753.6089526346
United Arab Emirates,Mortalidad_Baja,34.91755,40.937325,-1.7276725,-2.1554012,27745.1708087672
United Arab Emirates,Mortalidad_Baja,34.752872,41.594494,-1.7182828,-2.0334723,29865.502347066
United Arab Emirates,Mortalidad_Media,37.212154,39.234577,-1.8386097,-2.2481053,27003.2006807782
United Kingdom,Mortalidad_Baja,16.398413,51.181705,-1.359108,2.585484,46062.9914079698
United Kingdom,Mortalidad_Baja,61.013435,0.39462382,13.3332815,0.92360896,46926.475736105
United Kingdom,Mortalidad_Baja,60.89162,0.74410284,13.331501,0.9147226,40404.8062238951
United Kingdom,Mortalidad_Baja,61.197285,-0.4888483,13.477068,0.7607032,42794.0022648288
United Kingdom,Mortalidad_Baja,61.960884,-1.5904132,13.518516,0.6864153,43315.4874501318
United Kingdom,Mortalidad_Baja,62.02514,-1.7574929,13.580504,0.6170962,40629.2340347345
United Kingdom,Mortalidad_Baja,62.108387,-1.7391912,13.552315,0.6507293,40988.1044233026
United Kingdom,Mortalidad_Baja,62.366314,-2.206357,13.573244,0.6212295,44983.885522934
United Kingdom,Mortalidad_Baja,62.226254,-2.6393282,13.565949,0.6164078,47426.6209829995
United Kingdom,Mortalidad_Baja,62.20861,-2.1388357,13.578828,0.61741585,43419.0352598932
United Kingdom,Mortalidad_Baja,62.472946,-2.2557046,13.580424,0.6146244,42490.1465463521
United Kingdom,Mortalidad_Baja,62.298107,-2.3692055,13.572008,0.62284094,42109.6418795749
United Kingdom,Mortalidad_Baja,62.632618,-2.025753,13.57242,0.6261915,39598.957119545
United Kingdom,Mortalidad_Baja,58.161243,-0.61013186,13.252594,1.078371,38744.131693043
United Kingdom,Mortalidad_Baja,56.840046,0.24992986,13.047632,1.3214772,47396.1202078484
United Kingdom,Mortalidad_Baja,56.788906,-0.11727152,13.088899,1.3557702,50397.6854954706
United Kingdom,Mortalidad_Baja,56.53025,-0.041813426,13.061777,1.4000705,44512.4590296865
United Kingdom,Mortalidad_Baja,56.44583,-0.08817127,13.076869,1.405702,42104.7884375024
United Kingdom,Mortalidad_Baja,55.9364,0.5756564,13.075021,1.4499353,40366.8886650968
United Kingdom,Mortalidad_Baja,55.427002,0.6783962,13.074233,1.4988817,34442.6875402308
United Kingdom,Mortalidad_Baja,55.221825,0.85921764,13.063307,1.5442033,30077.741432188
United Kingdom,Mortalidad_Baja,55.214436,0.70146674,13.07932,1.5600482,27906.5695029641
United Kingdom,Mortalidad_Baja,54.756546,0.8058468,13.107485,1.697422,28280.926786099
United Kingdom,Mortalidad_Baja,48.632797,1.1652962,13.131757,2.7191958,23168.9529580171
United States,Mortalidad_Baja,35.97068,19.40818,3.775226,-8.472483,77860.9112908848
United States,Mortalidad_Baja,35.57578,19.41424,3.7907913,-8.488021,71307.4017277218
United States,Mortalidad_Baja,35.20002,19.315834,3.81278,-8.510093,64401.5074354212
United States,Mortalidad_Baja,35.235966,18.56584,3.7877145,-8.484956,65227.9565911038
United States,Mortalidad_Baja,35.90724,18.899649,3.781782,-8.478756,62875.6661382728
United States,Mortalidad_Baja,35.319927,18.758358,3.8041604,-8.5016165,60047.7190728307
United States,Mortalidad_Baja,35.59521,18.862843,3.784923,-8.482396,57976.628204291
United States,Mortalidad_Baja,36.07507,18.918295,3.7717612,-8.468437,56849.4697923159
United States,Mortalidad_Baja,36.559223,18.75438,3.7561052,-8.452135,55153.3940182967
United States,Mortalidad_Baja,36.665955,18.869772,3.7868378,-8.482979,53297.3862901595
United States,Mortalidad_Baja,36.521587,18.961683,3.7774637,-8.474593,51708.3940614082
United States,Mortalidad_Baja,36.311325,18.447052,3.7682729,-8.465025,50024.8812320773
United States,Mortalidad_Baja,35.966213,18.265219,3.7631948,-8.458532,48642.6312088213
United States,Mortalidad_Baja,35.90078,18.331833,3.7728732,-8.470811,47194.9500893872
United States,Mortalidad_Baja,36.72291,18.034119,3.4593835,-8.101266,48570.0594269601
United States,Mortalidad_Baja,36.249508,17.418863,3.3625903,-7.9902453,48050.227412195
United States,Mortalidad_Baja,36.596947,17.560976,3.379349,-8.009056,46301.9876485519
United States,Mortalidad_Baja,36.75519,17.529589,3.375686,-8.003528,44123.3996470026
United States,Mortalidad_Baja,36.364857,17.223984,3.3572364,-7.9846425,41724.6411982614
United States,Mortalidad_Baja,36.080856,17.430712,3.3544981,-7.982924,39490.3023903176
United States,Mortalidad_Baja,35.980984,17.15416,3.3645654,-7.9929,37997.7424300242
United States,Mortalidad_Baja,36.754616,17.379196,3.3587627,-7.9864197,37133.6203973517
United States,Mortalidad_Baja,36.7699,16.950342,3.3471196,-7.975361,36329.9702595751
United States,Mortalidad_Baja,57.880486,21.50293,8.678419,-0.8907583,28690.8757013347
Uruguay,Mortalidad_Baja,37.729263,-20.68865,11.81244,7.333989,20818.6146091144
Uruguay,Mortalidad_Baja,37.47827,-20.63465,11.810542,7.338614,17881.818721099
Uruguay,Mortalidad_Baja,38.10306,-20.840588,11.823084,7.3096757,15757.5355995779
Uruguay,Mortalidad_Baja,38.309647,-20.943531,11.836697,7.2838616,18315.7316980028
Uruguay,Mortalidad_Baja,38.24042,-20.882626,11.819785,7.313378,19249.9404677501
Uruguay,Mortalidad_Baja,38.432785,-20.970837,11.852315,7.2786255,19184.6502617082
Uruguay,Mortalidad_Baja,37.841583,-20.755348,11.815687,7.3249574,17009.7584207276
Uruguay,Mortalidad_Baja,35.825176,-19.814018,11.764576,7.520851,17125.9016800298
Uruguay,Mortalidad_Baja,35.486996,-20.023458,11.7457485,7.5812173,18322.4276767157
Uruguay,Mortalidad_Baja,35.336227,-20.280018,11.729239,7.643052,18335.2594772322
Uruguay,Mortalidad_Baja,35.181923,-20.479322,11.729849,7.654923,16259.5940814256
Uruguay,Mortalidad_Baja,34.705246,-20.732985,11.719543,7.7399077,15132.2675725587
Uruguay,Mortalidad_Baja,34.976627,-20.224743,11.730261,7.6457458,12641.0576849008
Uruguay,Mortalidad_Baja,34.726746,-20.594309,11.717052,7.7229424,9881.39573127081
Uruguay,Mortalidad_Baja,34.316986,-21.227816,11.704349,7.8801084,9423.96562595893
Uruguay,Mortalidad_Baja,33.70435,-22.093002,11.594073,9.018795,7222.05403645877
Uruguay,Mortalidad_Baja,33.996628,-21.714518,11.688334,7.988782,6001.33294783172
Uruguay,Mortalidad_Baja,18.786163,-34.87586,11.565406,9.476771,5284.25677987129
Uruguay,Mortalidad_Baja,18.064463,-35.439785,11.461958,9.718724,4168.66065438387
Uruguay,Mortalidad_Media,18.657904,-36.160164,11.269556,9.6848345,3671.12329256883
Uruguay,Mortalidad_Media,24.083124,-43.654003,10.226775,9.476886,4149.76140312687
Uruguay,Mortalidad_Media,24.454136,-43.949203,10.155905,9.392713,6382.76104740859
Uruguay,Mortalidad_Media,24.261753,-43.909645,10.176152,9.413957,6987.70098766257
Uruguay,Mortalidad_Media,25.301699,-42.595955,10.239054,9.358731,6050.48632253644
Zambia,Mortalidad_Alta,10.498882,-53.278606,11.14744,16.102371,1447.12310138035
Zambia,Mortalidad_Alta,-9.205118,2.9969203,0.37330505,13.542557,1127.16077872857
Zambia,Mortalidad_Alta,-9.17988,3.0848005,0.361222,13.565599,951.644316655957
Zambia,Mortalidad_Alta,-9.015583,2.9457831,0.44778237,13.482549,1258.98619844462
Zambia,Mortalidad_Alta,-8.778285,2.6580164,0.4211069,13.500138,1463.89997855593
Zambia,Mortalidad_Alta,-9.0329895,2.421725,0.40176573,13.522872,1483.46577328065
Zambia,Mortalidad_Alta,-8.523692,1.8671001,0.4322188,13.509178,1239.08527877713
Zambia,Mortalidad_Alta,-16.11573,-60.723694,9.202683,13.205715,1295.87788680068
Zambia,Mortalidad_Alta,-9.694129,1.4281721,0.34604594,13.611343,1707.48573136694
Zambia,Mortalidad_Alta,-9.864833,1.011832,0.32047412,13.637943,1820.71854827391
Zambia,Mortalidad_Alta,-10.36215,0.7554265,0.24756528,13.752048,1710.05061343728
Zambia,Mortalidad_Alta,-10.560663,0.17570934,0.27502212,13.78195,1624.86817763443
Zambia,Mortalidad_Alta,-18.656504,-58.912476,9.351044,13.927911,1451.10616017155
Zambia,Mortalidad_Alta,-12.841194,-1.4552547,0.19901213,14.078759,1136.24168316848
Zambia,Mortalidad_Alta,-13.342359,-2.2151668,0.21304496,14.270826,1375.50211006997
Zambia,Mortalidad_Alta,-13.695466,-2.7380157,0.21415004,14.339737,1118.73162626953
Zambia,Mortalidad_Alta,-27.400991,-58.182476,8.946245,14.451431,1051.71714895686
Zambia,Mortalidad_Alta,-14.458666,-3.4972775,0.10931408,14.658177,710.982068171696
Zambia,Mortalidad_Alta,-27.9042,-57.982426,8.854312,14.515973,548.685974566277
Zambia,Mortalidad_Alta,-18.631248,-6.9378543,-0.059864294,15.48712,446.290104839041
Zambia,Mortalidad_Alta,-28.488298,-58.359615,8.818998,14.509849,393.864625518616
Zambia,Mortalidad_Alta,-18.07531,-9.312793,0.1542545,15.424878,396.548952993504
Zambia,Mortalidad_Alta,-18.215385,-9.46662,0.15229973,15.477877,359.429500988221
Zambia,Mortalidad_Alta,-22.205832,-12.430248,0.010274532,16.353909,433.312782642118
Zimbabwe,Mortalidad_Alta,-16.739595,3.6767719,-0.3909629,13.836553,2040.54658705395
Zimbabwe,Mortalidad_Alta,-12.690622,1.9181846,0.1323511,13.798337,1724.38727102272
Zimbabwe,Mortalidad_Alta,-13.294454,2.5898736,-0.08266033,13.731635,1730.45391034701
Zimbabwe,Mortalidad_Alta,-18.748081,-57.92357,9.4877825,14.000822,1683.91313584141
Zimbabwe,Mortalidad_Alta,-12.844137,1.9897606,0.13449837,13.802516,2271.85250365817
Zimbabwe,Mortalidad_Alta,-18.73032,-58.174786,9.4075985,13.987072,3448.08699068824
Zimbabwe,Mortalidad_Alta,-12.73202,1.2925617,0.16389622,13.837966,1407.42096413212
Zimbabwe,Mortalidad_Alta,-12.742541,1.157431,0.17116997,13.85259,1386.41855927575
Zimbabwe,Mortalidad_Alta,-12.835636,0.98018074,0.16910964,13.8739805,1372.21474610373
Zimbabwe,Mortalidad_Alta,-12.800516,0.558869,0.22178894,13.965553,1362.29952932396
Zimbabwe,Mortalidad_Alta,-12.869543,-0.5165928,0.25432298,14.120988,1238.59479481433
Zimbabwe,Mortalidad_Alta,-19.163628,-59.61562,9.232887,14.000171,1037.24613741902
Zimbabwe,Mortalidad_Alta,-16.187336,-3.6933615,0.29833654,14.260123,901.55051752819
Zimbabwe,Mortalidad_Alta,-16.18143,-3.976956,0.31675738,14.555655,735.446248561806
Zimbabwe,Mortalidad_Alta,-19.326069,-7.0805893,-0.16388744,15.621088,340.740210298158
Zimbabwe,Mortalidad_Alta,-19.739532,-7.245112,-0.18269907,15.639233,413.302605010004
Zimbabwe,Mortalidad_Alta,-19.534222,-7.2152543,-0.11922145,15.589506,430.809214010242
Zimbabwe,Mortalidad_Alta,-18.929947,-7.1029363,-0.033952195,15.501842,461.028318446444
Zimbabwe,Mortalidad_Alta,-18.850079,-7.103622,-0.087192655,15.537615,469.484691401035
Zimbabwe,Mortalidad_Alta,-7.31532,-6.586568,0.688749,14.027783,468.234223473035
Zimbabwe,Mortalidad_Alta,-7.300205,-6.579652,0.707992,14.014137,524.677281078209
Zimbabwe,Mortalidad_Alta,-7.3090186,-6.576878,0.7272068,13.9841,566.107692145462
Zimbabwe,Mortalidad_Alta,-7.3116164,-6.566935,0.72470176,13.965139,562.556945680495
Zimbabwe,Mortalidad_Alta,-14.014881,-3.6539934,0.21386582,14.44329,647.975499841761
