country,categoria_expectativa_vida,government_integrity,energy_use_kg_of_oil_equivalent_per_capita,government_integrity infant_mortality_rate_per_1_000_live_births,ratio_auto_agriculture_value_added_of_gdp_div_government_integrity,ratio_auto_infant_mortality_rate_per_1_000_live_births_div_agriculture_value_added_of_gdp,gdp_per_capita_current_us$
Albania,Mortalidad_Baja,0.35600000000000004,0.0357815277821338,0.056068311195445926,0.07464711834270955,0.0031863314624691066,6846.42669381643
Albania,Mortalidad_Baja,0.406,0.03713980028233272,0.06317267552182164,0.06857076642187784,0.00281680247378511,6413.28280828537
Albania,Mortalidad_Baja,0.38799999999999996,0.034909912055976655,0.05963567362428842,0.07583659425231037,0.0024166253560743,5370.77749956875
Albania,Mortalidad_Baja,0.40399999999999997,0.0374725594748351,0.06132827324478178,0.07033230038698651,0.0025468586311532698,5460.4305086932
Albania,Mortalidad_Baja,0.399,0.03774755033424578,0.05905502846299811,0.07025354294416288,0.0024785707671377464,5365.48880180298
Albania,Mortalidad_Baja,0.397,0.03780656199324813,0.058005692599620504,0.07125192746307749,0.002352844902273296,4614.0479692596
Albania,Mortalidad_Baja,0.33,0.03602899778633869,0.04759013282732448,0.09087728951082952,0.0019625453761855957,4168.37544462548
Albania,Mortalidad_Baja,0.31,0.034925260211861354,0.04470588235294117,0.09462036930549154,0.002080499621602364,3981.72662261867
Albania,Mortalidad_Baja,0.304,0.03718001547048307,0.044994307400379505,0.09901288946278215,0.0020812684042036474,4602.23051443229
Albania,Mortalidad_Baja,0.31,0.03684757146140003,0.047058823529411764,0.09551703761458732,0.0023106051860149047,4420.23461988353
Albania,Mortalidad_Baja,0.33,0.03156457319887963,0.0532258064516129,0.08340585291389956,0.003113438861351112,4222.3470988913
Albania,Mortalidad_Baja,0.32,0.03513904734442954,0.05464895635673624,0.08175285458973275,0.0038447425639792578,4465.70914328865
Albania,Mortalidad_Baja,0.34,0.03347570784337497,0.06258064516129032,0.07527976832135246,0.004570879041390833,4149.14469936847
Albania,Mortalidad_Baja,0.29,0.03361513830821926,0.05722960151802657,0.08243546188479157,0.005735346594974964,4213.65007574693
Albania,Mortalidad_Baja,0.26,0.03260482664416358,0.05476280834914611,0.09280706071261252,0.006254272360177322,4498.50486763601
Albania,Mortalidad_Baja,0.24,0.0311503960862338,0.05419354838709678,0.10126103065331418,0.0068701681206867135,3743.05529896187
Albania,Mortalidad_Baja,0.25,0.03240075601374469,0.06024667931688805,0.10039633027107578,0.007209535232819867,3057.77257038113
Albania,Mortalidad_Baja,0.25,0.03301273648503367,0.06404174573055028,0.10717518884860024,0.007164940688909995,2741.72136549578
Albania,Mortalidad_Baja,0.25,0.03280602061127119,0.0683111954459203,0.11617718994391388,0.006997634568158436,2446.90949947798
Albania,Mortalidad_Baja,0.1,0.029684336366705324,0.02903225806451613,0.30991538993693374,0.006953774706166923,1908.69900687608
Albania,Mortalidad_Baja,0.1,0.030230104334666476,0.030550284629981023,0.3092315874840792,0.00751389361468879,1479.83884572006
Albania,Mortalidad_Media,0.23,0.027311486800672177,0.07419354838709677,0.13913211821461763,0.007734062234368929,1326.41652388077
Albania,Mortalidad_Media,0.1,0.026529336930734206,0.03396584440227704,0.34701885642441643,0.0074136940145255945,1160.42047054038
Albania,Mortalidad_Media,0.1,0.01890254736894775,0.04212523719165085,0.5137836285951887,0.005674196600598886,911.320465445326
Algeria,Mortalidad_Baja,0.30100000000000005,0.06917747692603904,0.11423149905123339,0.05516832379829394,0.02171850868835442,4961.55257664733
Algeria,Mortalidad_Baja,0.327,0.06690805477367194,0.12533965844402278,0.053759220409948495,0.020569131405685056,4160.55926736925
Algeria,Mortalidad_Media,0.28300000000000003,0.06322113710924301,0.10954838709677418,0.0709564977615101,0.01780243332347068,3743.5419522929
Algeria,Mortalidad_Baja,0.289,0.06746795924190445,0.11351612903225805,0.062147528056877885,0.020640582764033077,4468.45341883656
Algeria,Mortalidad_Baja,0.29,0.06648373826281992,0.11555977229601518,0.06066345178608524,0.021495996156598064,4577.21029180491
Algeria,Mortalidad_Baja,0.317,0.06360848213280006,0.12812333965844402,0.05445040868767891,0.02233349209597093,4554.66753957828
Algeria,Mortalidad_Baja,0.36,0.06318408785016713,0.14755218216318786,0.048104950671213544,0.02260898685357486,4424.98529027556
Algeria,Mortalidad_Media,0.36,0.06519334394581311,0.14960151802656546,0.04577746638371889,0.024304568756912497,4685.05902729002
Algeria,Mortalidad_Media,0.287,0.06257362038799201,0.12144402277039848,0.051284192626369116,0.02817274254032122,6094.69392314956
Algeria,Mortalidad_Media,0.29,0.05866019741526853,0.1249146110056926,0.049205226480668864,0.029745561981982138,5979.60138960585
Algeria,Mortalidad_Media,0.29,0.057969394715405166,0.1276660341555977,0.04330764546183497,0.03507299919112166,6033.64884689543
Algeria,Mortalidad_Media,0.28,0.05404466342008524,0.1264516129032258,0.03958241131239568,0.04130877676107888,5916.31364364343
Algeria,Mortalidad_Media,0.32,0.05297127198856992,0.14815939278937382,0.036826019207328455,0.039711833250821484,4912.78585503672
Algeria,Mortalidad_Media,0.3,0.05286119842135566,0.1428842504743833,0.04178189214528342,0.03829743257750887,4235.42990456612
Algeria,Mortalidad_Media,0.31,0.04923952113188119,0.15235294117647058,0.028010614614819095,0.058661905531103044,5180.91881514686
Algeria,Mortalidad_Media,0.28,0.04956130984097645,0.14292220113851992,0.03534950087367005,0.0531571392215735,4167.45169937531
Algeria,Mortalidad_Media,0.27,0.04747184672759855,0.14294117647058824,0.03689044512713263,0.054888200561271125,3660.66104745322
Algeria,Mortalidad_Media,0.26,0.044997703680059314,0.1430740037950664,0.03947235982750291,0.05540026722413436,3233.13339634212
Algeria,Mortalidad_Media,0.5,0.04383618793021221,0.2855787476280835,0.024164645090195294,0.04845144898082234,2816.99384960555
Algeria,Mortalidad_Media,0.5,0.04390812464361885,0.2969639468690702,0.026463224555498637,0.04584021848940099,2283.77299346126
Algeria,Mortalidad_Media,0.5,0.041847216641084393,0.30740037950664134,0.02632649786805159,0.04783145449184831,1937.46411413019
Algeria,Mortalidad_Media,0.5,0.039622286556967666,0.3187855787476281,0.02780711450964265,0.04690179549675162,1896.30020878013
Algeria,Mortalidad_Media,0.5,0.0400937725709607,0.3292220113851993,0.026270240284725663,0.05157858037069647,1772.92869122761
Algeria,Mortalidad_Media,0.5,0.039074866027111535,0.3681214421252372,0.07102348578167407,0.01939570788786902,1466.94806760415
Angola,Mortalidad_Alta,0.20600000000000002,0.019185078359474986,0.15479316888045544,0.10434230964276377,0.03497082170631176,2929.69445467272
Angola,Mortalidad_Alta,0.204,0.01896401017019301,0.15832258064516128,0.08809728887024337,0.043975418338127896,1925.87466082167
Angola,Mortalidad_Alta,0.151,0.018002155150665833,0.12120113851992408,0.10306378371050223,0.05316316840627074,1449.92286669308
Angola,Mortalidad_Alta,0.20500000000000002,0.018900779020883822,0.17037950664136622,0.06016277355338648,0.07047412689371986,2189.85571407618
Angola,Mortalidad_Alta,0.189,0.01835238045207022,0.16246110056925994,0.07125876110106459,0.06657295684904482,2538.59139143371
Angola,Mortalidad_Alta,0.128,0.02074299987482136,0.11415559772296016,0.12244424267956511,0.05899582342211672,2437.25971190821
Angola,Mortalidad_Alta,0.19,0.021032718159061218,0.17629981024667932,0.0809584891784047,0.0627393972692106,1807.95294072643
Angola,Mortalidad_Alta,0.23,0.023566171582907424,0.22301707779886146,0.06205810539115917,0.07107146365289624,3213.90261080059
Angola,Mortalidad_Alta,0.177,0.02030063846682191,0.18002277039848197,0.06671372512581163,0.0909954391487076,5005.9997412707
Angola,Mortalidad_Alta,0.2,0.023310766383080946,0.21518026565464896,0.050908993257625774,0.11238437088212723,5057.74787833163
Angola,Mortalidad_Alta,0.19,0.024202809494085462,0.21776091081593926,0.049982670518072876,0.12882378060624822,5086.02740086376
Angola,Mortalidad_Alta,0.19,0.02211405491521477,0.23218216318785576,0.048138476612160884,0.14297082098206798,4615.91059831778
Angola,Mortalidad_Alta,0.19,0.022162584750027452,0.24840607210626184,0.050893971143651,0.14471888556137336,3597.34293216332
Angola,Mortalidad_Alta,0.22,0.02298137530869106,0.30766603415559773,0.04708956228538735,0.14448759856848004,3136.64546955947
Angola,Mortalidad_Alta,0.22,0.021456400628563497,0.32853889943074005,0.034175290985998225,0.21415011236700074,4103.0669003635
Angola,Mortalidad_Alta,0.2,0.02028345245840744,0.3180265654648956,0.04101105301618529,0.20894272158957652,3141.0459797605
Angola,Mortalidad_Alta,0.2,0.01917519060142933,0.3381404174573055,0.04061208759680656,0.2245832429365797,2617.05196022633
Angola,Mortalidad_Alta,0.33280000000000004,0.017766613863155395,0.5961351043643265,0.023790995929306644,0.24438309697571486,1916.46842218625
Angola,Mortalidad_Alta,0.26280000000000003,0.019669331405516688,0.4951810246679316,0.03721572599243886,0.20761966304495896,1266.21086410236
Angola,Mortalidad_Alta,0.278,0.02025301430697733,0.5486148007590134,0.03488546831521811,0.21947368643915874,992.698979254665
Angola,Mortalidad_Alta,0.262,0.019477530726063317,0.5374231499051233,0.034872969375229323,0.2424852187247546,882.147847234303
Angola,Mortalidad_Alta,0.1732,0.019439256351145354,0.3677624288425047,0.07368180308982464,0.1788549388957677,533.586202412447
Angola,Mortalidad_Alta,0.1,0.019421769066617266,0.21821631878557873,0.08863126643060813,0.26624513520348486,563.733795571487
Angola,Mortalidad_Alta,0.3,0.02093106918163741,0.7013282732447818,0.0346993276742859,0.24256045511978616,404.29481849612
Argentina,Mortalidad_Baja,0.451,0.08350159012093926,0.07103036053130929,0.023029842917277287,0.013298922021540609,13935.6811110049
Argentina,Mortalidad_Media,0.54,0.08037615491497752,0.08709677419354839,0.021126181444331774,0.012176384301034824,10738.0179223384
Argentina,Mortalidad_Baja,0.49700000000000005,0.07492422319757237,0.08204743833017078,0.020012851074187876,0.014868870684990551,8535.59938004389
Argentina,Mortalidad_Baja,0.335,0.08203584925183587,0.05657495256166983,0.024840467743494604,0.0189161378957341,9955.97478680428
Argentina,Mortalidad_Baja,0.326,0.08339845838263572,0.05691081593927894,0.021779411562539406,0.02361623739682793,11752.7998922979
Argentina,Mortalidad_Baja,0.38200000000000006,0.08655671896151582,0.06813662239089185,0.021428109946590182,0.020554293681076096,14532.5009308511
Argentina,Mortalidad_Baja,0.34,0.08725472931906407,0.06258064516129032,0.028828556687260323,0.017256527422774358,12699.9623137756
Argentina,Mortalidad_Baja,0.34,0.08864180716316071,0.06451612903225806,0.023730265770570004,0.02244584870141642,13679.6264980954
Argentina,Mortalidad_Baja,0.295,0.08826398045050013,0.05821631878557875,0.035602975056852185,0.01726860763773926,12233.1444119186
Argentina,Mortalidad_Baja,0.3,0.08904976797915645,0.06204933586337761,0.03156853349326747,0.020607648271604308,12963.675773326
Argentina,Mortalidad_Baja,0.29,0.08761391538208779,0.06273244781783682,0.031194046575317384,0.0228772758816903,12949.717486654
Argentina,Mortalidad_Baja,0.29,0.08611248338145704,0.06548387096774194,0.03776002870171794,0.01927357928573662,12704.2831819684
Argentina,Mortalidad_Baja,0.29,0.08429297825948039,0.06823529411764706,0.03847993887022939,0.019782028780126946,10260.1313108254
Argentina,Mortalidad_Baja,0.29,0.07949864450342391,0.07043643263757117,0.02845260015389369,0.02892447340782038,8150.23527028221
Argentina,Mortalidad_Baja,0.29,0.08723333726816977,0.07263757115749525,0.03948770516664425,0.020644188225972308,8944.1102657357
Argentina,Mortalidad_Media,0.28,0.08521479637847186,0.07225806451612904,0.041643409752954205,0.020928198267083323,7185.25155147027
Argentina,Mortalidad_Baja,0.25,0.0823422209767159,0.06641366223908918,0.04340633665454389,0.023499396251016783,5869.38028970204
Argentina,Mortalidad_Baja,0.25,0.07902007968079329,0.0683111954459203,0.04968475940739333,0.02078161386669614,5067.65342293276
Argentina,Mortalidad_Media,0.28,0.08034165017059978,0.0791650853889943,0.046729189055584444,0.020355144734686633,4242.02099089422
Argentina,Mortalidad_Media,0.35000000000000003,0.07329093067807574,0.10227703984819735,0.04617065597850965,0.016495422199310775,3320.47775133903
Argentina,Mortalidad_Media,0.35000000000000003,0.06843080518106,0.10493358633776091,0.04562741645488303,0.017251474556391717,2569.69963519124
Argentina,Mortalidad_Media,0.3,0.0700180321784176,0.09222011385199241,0.02382712993645414,0.04377894586478613,7141.47507662826
Argentina,Mortalidad_Media,0.3,0.07581275072648318,0.09506641366223909,0.02440771785239333,0.04407757928086381,7637.01489203628
Argentina,Mortalidad_Media,0.5,0.06949548517266559,0.198292220113852,0.01674609282217529,0.04855244810937007,7357.6162773788
Armenia,Mortalidad_Media,0.508,0.06208831116808024,0.08964705882352941,0.03125158986022479,0.008867364551385617,6571.97445545099
Armenia,Mortalidad_Media,0.45,0.0585583597941699,0.08282732447817837,0.03944093987067149,0.008051571940972002,4685.17997128509
Armenia,Mortalidad_Media,0.434,0.05678446226097997,0.084,0.04091754009929835,0.008630230742113639,4268.68093304583
Armenia,Mortalidad_Baja,0.386,0.053526037628976585,0.07837191650853889,0.046718348644589444,0.009024217065174122,4597.22887399548
Armenia,Mortalidad_Baja,0.405,0.04931418111218477,0.08607210626185959,0.05386300803978734,0.007363782574866281,4196.00562301769
Armenia,Mortalidad_Baja,0.434,0.05087490779859325,0.09635294117647059,0.054056279512390344,0.007058249233512993,3869.05373867752
Armenia,Mortalidad_Media,0.37,0.04795724798561283,0.08565464895635673,0.06931075299097846,0.006580743657409462,3524.42476874707
Armenia,Mortalidad_Media,0.36,0.04987961396899407,0.08743833017077798,0.07485488849555154,0.006565504566888208,3512.39350276709
Armenia,Mortalidad_Media,0.267,0.04809077199119721,0.06788994307400378,0.10590261163572931,0.006542799883439782,3852.11800610384
Armenia,Mortalidad_Media,0.26,0.044091586919600585,0.06956356736242884,0.11093665025080886,0.006853255705607455,3680.16692158886
Armenia,Mortalidad_Media,0.26,0.045142310790510724,0.07301707779886148,0.10779487348941856,0.007668102656941627,3511.56399687426
Armenia,Mortalidad_Media,0.27,0.04117463898013157,0.07992409867172676,0.0596083860953378,0.01683410731995664,3349.55309771906
Armenia,Mortalidad_Media,0.29,0.03740069296740115,0.09024667931688805,0.05474078975610532,0.018159346042439187,3041.34450723339
Armenia,Mortalidad_Media,0.3,0.03905796133112301,0.09791271347248577,0.0396931459611341,0.02670443170920094,2820.5926553347
Armenia,Mortalidad_Media,0.29,0.04471417926797726,0.09960151802656549,0.03971621564149361,0.029344415525393013,3777.66859313767
Armenia,Mortalidad_Media,0.29,0.04216005930784012,0.10510436432637572,0.05088562077288875,0.02358626775192573,2962.70234594569
Armenia,Mortalidad_Media,0.31,0.03752353691520612,0.11823529411764706,0.05728332625140545,0.020212105350229825,2041.65267068997
Armenia,Mortalidad_Media,0.3,0.03660785806705981,0.12125237191650853,0.13078445590742258,0.007975757370514383,1557.48458908655
Armenia,Mortalidad_Media,0.25,0.03026777547663469,0.10673624288425047,0.10488941454048939,0.014523127458300573,1130.08791444158
Armenia,Mortalidad_Media,0.25,0.028441747119434483,0.11242884250474383,0.16118538559114498,0.008916094185107233,882.030167695474
Armenia,Mortalidad_Media,0.25,0.0267644380417223,0.11859582542694497,0.1485623318437328,0.010681390581335715,742.651118319819
Armenia,Mortalidad_Media,0.3,0.028533292182499843,0.15028462998102465,0.18984330522947795,0.0063275795046133215,659.588988535629
Armenia,Mortalidad_Media,0.3,0.028577276176492073,0.15825426944971538,0.14544917246593497,0.009933285841111453,593.450581742282
Armenia,Mortalidad_Media,0.254,0.02262788388170039,0.17302846299810246,0.17498602947190645,0.013477499976062733,443.924860857976
Australia,Mortalidad_Baja,0.87,0.2264688652679761,0.052827324478178374,0.004807591270978389,0.012591689275419529,64997.0136536475
Australia,Mortalidad_Baja,0.898,0.23487558835354838,0.054527514231499055,0.004014087210635808,0.015140029259765668,60607.7788605166
Australia,Mortalidad_Baja,0.893,0.242221851505143,0.05422390891840607,0.0035256660041065807,0.017812436106097333,51791.540179984
Australia,Mortalidad_Baja,0.799,0.24532236075362507,0.04851612903225807,0.0041431887300224955,0.01677923985445724,54972.7017885437
Australia,Mortalidad_Baja,0.774,0.24468818766815312,0.046998102466793173,0.004972921781938737,0.013969064857371637,57196.4220783778
Australia,Mortalidad_Baja,0.748,0.2466244429666687,0.04541935483870968,0.005661203413530853,0.012396607116176349,53901.7145392154
Australia,Mortalidad_Baja,0.8,0.2416615153999087,0.04857685009487666,0.004704741686521673,0.014360248203575622,49888.0410842736
Australia,Mortalidad_Baja,0.81,0.2463802508248559,0.050721062618595825,0.004589553666668105,0.015138824606229168,56739.0265346593
Australia,Mortalidad_Baja,0.877,0.2505000054584776,0.05658064516129032,0.003961946655069917,0.017025911654107946,62544.0873773726
Australia,Mortalidad_Baja,0.88,0.2563448500467474,0.05844402277039848,0.004063547405227835,0.017031030250171414,68190.7010035651
Australia,Mortalidad_Baja,0.87,0.2563606695594466,0.05943074003795066,0.004078492826226153,0.017774848707004055,68072.8732340801
Australia,Mortalidad_Baja,0.87,0.26401500245458326,0.06273244781783682,0.0041226965152411236,0.018707247223634222,62605.600458306
Australia,Mortalidad_Baja,0.87,0.2669984972472897,0.06603415559772297,0.003964513786006912,0.020790017509922765,52144.6654705468
Australia,Mortalidad_Baja,0.86,0.27075710644630446,0.06853889943074004,0.004186466297875065,0.020932028430949583,42816.5674002829
Australia,Mortalidad_Baja,0.87,0.275734878921962,0.07263757115749525,0.004212070137511712,0.021641664046374253,49701.2817843335
Australia,Mortalidad_Baja,0.88,0.27121334915536943,0.07514231499051233,0.0039222605081290635,0.023782196045520683,41051.6120652288
Australia,Mortalidad_Baja,0.88,0.2675634373036655,0.07848197343453511,0.004855737224854082,0.01954779381325144,36595.7071548423
Australia,Mortalidad_Baja,0.88,0.26057332673174866,0.08015180265654648,0.005131024271253682,0.018781947861964982,34479.7679298388
Australia,Mortalidad_Baja,0.86,0.2618558165215329,0.07833017077798862,0.0055700831498083315,0.01751428462184882,30836.7306824685
Australia,Mortalidad_Baja,0.85,0.2601594154308824,0.07903225806451614,0.005314959787443605,0.01922998343304322,23718.1338501868
Australia,Mortalidad_Baja,0.8300000000000001,0.2538783825006731,0.07717267552182165,0.007436742483586513,0.013189374864307902,20301.8431713256
Australia,Mortalidad_Baja,0.87,0.25416425535461107,0.08254269449715369,0.00628886588783621,0.015682551759320176,19695.7297379144
Australia,Mortalidad_Baja,0.87,0.26320623514707125,0.08419354838709676,0.005593862539106144,0.018468145165552653,21870.4159669594
Australia,Mortalidad_Baja,0.7000000000000001,0.23800701134935134,0.07703984819734346,0.006727010802550519,0.02228564323034637,20448.1219685874
Austria,Mortalidad_Baja,0.8290000000000001,0.16036772288743545,0.042472485768500955,0.002594659457833348,0.022774623370618596,52176.6649141178
Austria,Mortalidad_Baja,0.848,0.17249560905479447,0.0450550284629981,0.0022435026759550767,0.027272424672846247,53648.7190742245
Austria,Mortalidad_Baja,0.84,0.16412854182503575,0.04622390891840607,0.00199560943359553,0.03263700589289042,48716.4098900349
Austria,Mortalidad_Baja,0.774,0.17432229428561952,0.04259203036053131,0.0021117091083885913,0.033557196816457815,49885.9947355204
Austria,Mortalidad_Baja,0.735,0.172078217626238,0.041840607210626185,0.0023610204207116874,0.032611445084072904,51194.0749841299
Austria,Mortalidad_Baja,0.752,0.1777550397424009,0.04280834914611006,0.0024965414900946325,0.029894128191137022,47163.7425775142
Austria,Mortalidad_Baja,0.72,0.1757696800421018,0.04098671726755218,0.0024974982397510674,0.031356233539374674,45061.4993920192
Austria,Mortalidad_Baja,0.6900000000000001,0.17569275095886183,0.04058823529411765,0.002593264023468363,0.03268857340473506,43915.228020857
Austria,Mortalidad_Baja,0.755,0.17359668164391628,0.04584440227703985,0.00264340742499629,0.030007010543189848,51314.9722616322
Austria,Mortalidad_Baja,0.78,0.18169388766967953,0.04884250474383301,0.002563280230665904,0.030986311043330578,50305.3545774973
Austria,Mortalidad_Baja,0.79,0.18050320582248133,0.050967741935483875,0.0028077754536087363,0.028540870439479518,48250.4059142637
Austria,Mortalidad_Baja,0.79,0.1818220314907779,0.052466793168880456,0.002894176809567608,0.028498844206228086,51116.8953522042
Austria,Mortalidad_Baja,0.81,0.18820132147350313,0.05533206831119545,0.0024973881151924087,0.03366841859234773,46611.1393420232
Austria,Mortalidad_Baja,0.81,0.17680606894259232,0.05686907020872865,0.0022726750303300527,0.038452415824855,47857.4446635266
Austria,Mortalidad_Baja,0.86,0.1864778777717302,0.06201138519924099,0.002519852180406717,0.03312580401162288,51581.3982361071
Austria,Mortalidad_Baja,0.87,0.18565132190244352,0.0643833017077799,0.0026292270327736575,0.03211731403681939,46622.9622913635
Austria,Mortalidad_Baja,0.84,0.1900592118792967,0.06375711574952561,0.0024727030365688163,0.03670460972451886,40382.2078298575
Austria,Mortalidad_Baja,0.8,0.18909750435159048,0.06223908918406072,0.0025080873834222245,0.03914766513580188,38157.37022862
Austria,Mortalidad_Baja,0.78,0.1839996977489044,0.06216318785578748,0.0029952102860167436,0.034044534318679154,36614.2506533707
Austria,Mortalidad_Baja,0.78,0.1831844189626593,0.06364326375711575,0.0029826821977068673,0.03509434068477221,32110.1159661425
Austria,Mortalidad_Baja,0.77,0.17458865032953738,0.06428842504743833,0.0032353932884693535,0.0333888514058788,26334.862215032
Austria,Mortalidad_Baja,0.76,0.17398875800126143,0.06489563567362429,0.003516819007890787,0.03167413125047611,24430.495982841
Austria,Mortalidad_Baja,0.75,0.16527115867667375,0.06404174573055028,0.003485772177804775,0.03245615825218058,24487.2974685956
Austria,Mortalidad_Baja,0.9,0.1561345928798873,0.09734345351043643,0.003798603986265245,0.031334275245166354,30207.0674314652
Azerbaijan,Mortalidad_Media,0.28600000000000003,0.07938595797055296,0.07651992409867173,0.025232118806010808,0.03728831102342993,7770.594223351
Azerbaijan,Mortalidad_Media,0.46799999999999997,0.07522862728529718,0.13143074003795066,0.019143224447341532,0.031016130092034806,5408.04535175023
Azerbaijan,Mortalidad_Media,0.387,0.07113479037755241,0.11455787476280835,0.027245321893139628,0.0274337916151837,4229.91064904503
Azerbaijan,Mortalidad_Media,0.44700000000000006,0.07352895999729414,0.14080075901328276,0.019935449935959023,0.03539679984030698,4805.75371765917
Azerbaijan,Mortalidad_Media,0.399,0.06783274995491087,0.13325237191650854,0.02043967931746686,0.04153007142781535,4739.7943123408
Azerbaijan,Mortalidad_Media,0.376,0.06817681880435308,0.13341935483870968,0.023333620623191012,0.04097668651501422,4147.1981423222
Azerbaijan,Mortalidad_Media,0.29,0.06827660180955429,0.10895635673624289,0.030241067660561026,0.04360020083647446,3880.6852276838
Azerbaijan,Mortalidad_Media,0.28,0.06966812937959173,0.11210626185958256,0.034520360585435526,0.04204747059520517,5500.50364628486
Azerbaijan,Mortalidad_Media,0.227,0.07037540562073807,0.09691650853889942,0.03666470376951295,0.05285860358777404,7890.84028062087
Azerbaijan,Mortalidad_Media,0.24,0.0690640758142682,0.10975332068311197,0.03498417782997023,0.05632699030991968,7875.34536661549
Azerbaijan,Mortalidad_Media,0.24,0.06903587295699776,0.11703984819734345,0.03350759380556861,0.06308790277238616,7495.86527658099
Azerbaijan,Mortalidad_Media,0.23,0.06433700200657297,0.1200189753320683,0.03453217628201879,0.06862705370665638,7189.81869211976
Azerbaijan,Mortalidad_Media,0.19,0.06015407353467646,0.10635673624288425,0.04565883284656053,0.06734065899624186,5843.5337683582
Azerbaijan,Mortalidad_Media,0.21,0.06411824185552446,0.1259203036053131,0.04561210572927169,0.0652327885162033,4950.39949009423
Azerbaijan,Mortalidad_Media,0.24,0.07321048574391048,0.15347248576850095,0.03631820077962005,0.07701691418211883,5574.46810432575
Azerbaijan,Mortalidad_Media,0.22,0.06727671531755017,0.1507020872865275,0.04651267996492559,0.06998663043250111,3851.33015175141
Azerbaijan,Mortalidad_Media,0.19,0.07193892852150971,0.1391650853889943,0.05839383493911244,0.06897334054368144,2472.95725732287
Azerbaijan,Mortalidad_Media,0.18,0.07381284258582288,0.141404174573055,0.07951377788717523,0.05678890978609004,1578.36733030667
Azerbaijan,Mortalidad_Media,0.2,0.07099455433969862,0.16888045540796964,0.0859607602499467,0.050469607889475715,1045.0136328106
Azerbaijan,Mortalidad_Media,0.2,0.06808663950880083,0.18178368121442126,0.09720764286997435,0.04788130484744527,883.692580745256
Azerbaijan,Mortalidad_Alta,0.15,0.06520629211586029,0.14715370018975332,0.1455587081825701,0.045888844615447594,763.108895463487
Azerbaijan,Mortalidad_Alta,0.17,0.06504099986841987,0.1796774193548387,0.13655935817495782,0.04654143969359749,703.670998584686
Azerbaijan,Mortalidad_Alta,0.3,0.0646875707169902,0.3409867172675522,0.08388938235044062,0.04614292961474947,655.097249579917
Azerbaijan,Mortalidad_Alta,0.18,0.08352250495341328,0.25787476280834914,0.22030345452993733,0.0362506999370515,314.55801908334
Bahrain,Mortalidad_Baja,0.41600000000000004,0.4962033886149533,0.0552561669829222,0.0009258397451316853,0.37426390100243134,30470.5219276023
Bahrain,Mortalidad_Baja,0.644,0.49454496236008144,0.08309677419354838,0.0006526390936806884,0.33280211062961046,27147.8083882286
Bahrain,Mortalidad_Baja,0.51,0.5022887468211801,0.06387096774193549,0.0009300484271578653,0.28576069108088364,24342.8444554718
Bahrain,Mortalidad_Baja,0.536,0.4816494898953506,0.06611005692599621,0.0007842821107474235,0.3179161792991432,27259.7438599327
Bahrain,Mortalidad_Baja,0.518,0.4420010939659983,0.06290702087286527,0.0008309810397503073,0.30557313828569843,26324.4066549559
Bahrain,Mortalidad_Baja,0.555,0.4378507092299581,0.06634724857685009,0.0007811144012330065,0.29859359198610935,24784.7693514607
Bahrain,Mortalidad_Baja,0.49,0.45800321494506574,0.058576850094876655,0.0010090142189504285,0.2614084067779849,23800.001440631
Bahrain,Mortalidad_Baja,0.48,0.48245932177929196,0.05738140417457305,0.0009841218481711383,0.27375828549387576,23734.0551143019
Bahrain,Mortalidad_Baja,0.494,0.47556237224614295,0.05999240986717268,0.0009120628762287888,0.29178637006136876,26451.7965647453
Bahrain,Mortalidad_Baja,0.51,0.5202263713741861,0.06290322580645161,0.0008107837575234173,0.3232572581976559,26989.7601148469
Bahrain,Mortalidad_Baja,0.49,0.46347278481979987,0.0613662239089184,0.0008467514542936726,0.32715561632728685,26438.6733230428
Bahrain,Mortalidad_Baja,0.51,0.49261110873315955,0.06580645161290323,0.0008586242875639778,0.3192943329108183,25032.7867743333
Bahrain,Mortalidad_Baja,0.54,0.4783910048628087,0.07275142314990511,0.0008273480933102151,0.3268395454614528,21819.3291098099
Bahrain,Mortalidad_Baja,0.5,0.48372431166410373,0.07020872865275142,0.0010554484701974609,0.288003394000602,19465.3140745038
Bahrain,Mortalidad_Baja,0.5700000000000001,0.5376000310244216,0.08436432637571158,0.0007268934473040636,0.38778454347620434,23299.4992780392
Bahrain,Mortalidad_Baja,0.58,0.5348246274442405,0.08914611005692599,0.0007884417221747051,0.364667058001862,20908.4042548073
Bahrain,Mortalidad_Baja,0.58,0.5370534959095705,0.0935483870967742,0.0007250252579228088,0.41661328402910747,19267.282615072
Bahrain,Mortalidad_Baja,0.61,0.5553109803265508,0.1018595825426945,0.009135168191408041,0.029504438262209012,17966.1657837625
Bahrain,Mortalidad_Baja,0.7000000000000001,0.5226294048472714,0.12087286527514231,0.003930983616969415,0.06539939115286071,15963.9493171617
Bahrain,Mortalidad_Baja,0.7000000000000001,0.5515760302247523,0.12485768500948767,0.005142034101790114,0.05095029604742961,14486.0269029822
Bahrain,Mortalidad_Baja,0.7000000000000001,0.5664146160138852,0.12884250474383302,0.004180379495230283,0.06556028025802527,13501.4708801425
Bahrain,Mortalidad_Media,0.7000000000000001,0.586528176606666,0.13415559772296015,0.003453236859115452,0.08349815423645011,13573.2339887597
Bahrain,Mortalidad_Media,0.7000000000000001,0.5951222817487284,0.13946869070208728,0.004477649872669627,0.06629083809004739,14214.4836839343
Bahrain,Mortalidad_Media,0.7000000000000001,0.5349920279100058,0.20721062618595826,0.0045486660441102,0.09847885680405156,11900.9317778335
Bangladesh,Mortalidad_Media,0.222,0.01333740636635961,0.10278557874762807,0.07906019034914519,0.025578295190402844,2716.48592780431
Bangladesh,Mortalidad_Media,0.277,0.013122481964102666,0.12877609108159394,0.06570788886154386,0.024661491032877365,2482.84917843357
Bangladesh,Mortalidad_Media,0.266,0.012175253155884053,0.12568121442125238,0.07058283801399869,0.024249240670773244,2248.85078828233
Bangladesh,Mortalidad_Media,0.244,0.01223388811262932,0.11760151802656545,0.07679063429935078,0.024859658816595378,2129.79896954606
Bangladesh,Mortalidad_Media,0.212,0.01151612707243428,0.10579886148007589,0.09210691801751052,0.024678162036783923,1965.24372731467
Bangladesh,Mortalidad_Media,0.19100000000000003,0.011655649619534332,0.09930550284629981,0.10614295744014991,0.024774864401243917,1811.08221668646
Bangladesh,Mortalidad_Media,0.25,0.011425614567429755,0.13567362428842505,0.08426951429193758,0.024899884715693085,1649.28380858601
Bangladesh,Mortalidad_Media,0.27,0.010580496764152294,0.15370018975332067,0.08566620897750707,0.023642521599580486,1224.38647668165
Bangladesh,Mortalidad_Media,0.233,0.009949061231029682,0.13882732447817836,0.10308824742595621,0.023855332953400678,1094.46199702838
Bangladesh,Mortalidad_Media,0.27,0.009709031933920836,0.16753320683111955,0.08978223030426992,0.024721100822333857,958.262989798283
Bangladesh,Mortalidad_Media,0.24,0.009203432940736238,0.15529411764705883,0.10546605538621828,0.024684785741279438,859.680536375497
Bangladesh,Mortalidad_Media,0.24,0.00884418830899051,0.1612144212523719,0.10958900147094068,0.0246586741174146,837.336944695647
Bangladesh,Mortalidad_Media,0.21,0.008625626706510873,0.14703984819734345,0.12666908784140957,0.025515682819561247,757.385280361508
Bangladesh,Mortalidad_Media,0.2,0.00825757157946448,0.14573055028462997,0.13381182831801047,0.026505763901275462,679.211477428056
Bangladesh,Mortalidad_Media,0.2,0.007920510583313735,0.1521821631878558,0.13765350794079337,0.026956666632827572,613.06204104124
Bangladesh,Mortalidad_Alta,0.17,0.007624195027838708,0.13516129032258065,0.1638858205904116,0.02794054867671705,537.955492792911
Bangladesh,Mortalidad_Alta,0.15,0.007360276641070507,0.12495256166982922,0.18811006961164237,0.02901894068231639,490.388026533289
Bangladesh,Mortalidad_Alta,0.13,0.0069658468888869176,0.11347248576850094,0.22351347092271112,0.02958570532739488,480.08585075452
Bangladesh,Mortalidad_Alta,0.12,0.006706761604867084,0.11020872865275141,0.2512133876996677,0.030051709958855657,455.614016909798
Bangladesh,Mortalidad_Alta,0.04,0.006655721404623694,0.038633776091081595,0.7749878852418632,0.030808313876925134,426.74880754362
Bangladesh,Mortalidad_Alta,0.23,0.0064160930982115,0.2339278937381404,0.1400282346181633,0.03127156740838525,393.886422327628
Bangladesh,Mortalidad_Alta,0.23,0.006428889312287591,0.24702087286527513,0.14862828322783433,0.031094161670371198,394.65641001891
Bangladesh,Mortalidad_Alta,0.23,0.005857616325578784,0.2609867172675522,0.15454534562895358,0.03164744500114233,396.670730249751
Bangladesh,Mortalidad_Alta,0.1,0.005528085899998258,0.1476280834914611,0.42721156164882607,0.0345300216924535,309.458680823367
Barbados,Mortalidad_Baja,0.687,0.2059575413706136,0.125146110056926,0.003723720833078501,0.07465603100222043,22164.0260273876
Barbados,Mortalidad_Baja,0.502,0.17642922871295322,0.09430360531309298,0.007139918225875395,0.05407813169833315,18696.7858952957
Barbados,Mortalidad_Baja,0.44,0.08442727823897099,0.08516129032258064,0.011798520002803797,0.03751517917947683,18347.1109131055
Barbados,Mortalidad_Baja,0.538,0.12978493627995485,0.10719165085388994,0.00718306308247953,0.053142370346803,20583.7265786414
Barbados,Mortalidad_Baja,0.538,0.2498301590300643,0.1112751423149905,0.006895965016806808,0.05773209569392556,20055.915870771
Barbados,Mortalidad_Baja,0.34299999999999997,0.1598330869569503,0.0728956356736243,0.008694593545037578,0.07471659026606212,19692.7606711615
Barbados,Mortalidad_Baja,0.74,0.24366403698727726,0.16148007590132826,0.003918705592414159,0.07908278086215889,19065.8069800213
Barbados,Mortalidad_Baja,0.75,0.16049763691664898,0.16793168880455409,0.00375988285114447,0.08362805651227345,18954.2913724506
Barbados,Mortalidad_Baja,0.779,0.18817702269800654,0.17738140417457304,0.0037827735174637512,0.0812953906432962,19277.9423599235
Barbados,Mortalidad_Baja,0.78,0.18759650836290923,0.18056925996204934,0.00395492207815262,0.07885617854830454,19308.0091116993
Barbados,Mortalidad_Baja,0.78,0.24366403698727726,0.18352941176470589,0.0037089665850207395,0.08574057361892175,19034.0708028512
Barbados,Mortalidad_Baja,0.74,0.22279770546604985,0.17552182163187854,0.0035912126403011275,0.09441289130973983,19345.9953139542
Barbados,Mortalidad_Baja,0.7000000000000001,0.19479918927212922,0.16869070208728654,0.004022325976427012,0.09040067328308084,18860.3833703309
Barbados,Mortalidad_Baja,0.6900000000000001,0.09136174575512207,0.16889943074003796,0.003259772330560571,0.1158433241501629,16294.9099491834
Barbados,Mortalidad_Baja,0.67,0.3269609030529696,0.16654648956356735,0.0030261871695176764,0.13092021352818065,17565.6929970592
Barbados,Mortalidad_Baja,0.6900000000000001,0.06814664184127923,0.17282732447817836,0.003054475350952128,0.1268083651994666,17235.4396434785
Barbados,Mortalidad_Media,0.73,0.06795772261908925,0.18561669829222013,0.0031081695695053774,0.11938566363249647,15619.6005955511
Barbados,Mortalidad_Media,0.7000000000000001,0.06690597744431209,0.1793168880455408,0.003546328073465585,0.10967250659806389,14214.4202213572
Barbados,Mortalidad_Media,0.7000000000000001,0.0646564686241364,0.1793168880455408,0.0036728487340063395,0.10578080792681499,12886.3665272467
Barbados,Mortalidad_Media,0.7000000000000001,0.1170429901336097,0.177988614800759,0.004422309618486257,0.0866231476102563,12075.9587020649
Barbados,Mortalidad_Media,0.7000000000000001,0.11777597166669063,0.17666034155597723,0.004223568513037598,0.09015194095178594,11760.4524736133
Barbados,Mortalidad_Media,0.7000000000000001,0.10438266109556603,0.17400379506641367,0.004734530857497698,0.0788124918293237,11639.5160522054
Barbados,Mortalidad_Media,0.7000000000000001,0.1357966307193135,0.17267552182163187,0.004460135069615145,0.08319894075059983,11674.6736471764
Barbados,Mortalidad_Media,0.408,0.16079771510928237,0.10374193548387098,0.01228121720215596,0.05225342851620168,8460.47380869104
Belarus,Mortalidad_Media,0.43700000000000006,0.1323924790063277,0.016584440227703987,0.028792785512006955,0.0,7994.64806074889
Belarus,Mortalidad_Media,0.39799999999999996,0.13549202810067798,0.015859582542694498,0.026365218835862063,0.0008553774846016883,7489.71894713888
Belarus,Mortalidad_Media,0.374,0.1236388240816423,0.01561290322580645,0.029607596081264263,0.0008252661959761887,6542.85579976768
Belarus,Mortalidad_Media,0.37700000000000006,0.1271242626228375,0.01716888045540797,0.02819926469635563,0.0013877294336075469,6837.77339645635
Belarus,Mortalidad_Media,0.42,0.1317802451327005,0.020721062618595826,0.024550145124780137,0.0019362538759349298,6360.037502312
Belarus,Mortalidad_Media,0.376,0.12450749783727212,0.019977229601518025,0.03148313688762609,0.0016116955819589838,5785.54491935194
Belarus,Mortalidad_Media,0.31,0.12202516943649255,0.01705882352941176,0.03480175074451996,0.0022820875814526394,5039.77560949445
Belarus,Mortalidad_Media,0.29,0.12300185642585375,0.017058823529411765,0.03389957476186441,0.0032486965709257313,5967.05595058777
Belarus,Mortalidad_Media,0.24600000000000002,0.13522756816530104,0.01540417457305503,0.04644943354392085,0.002697511672749181,8341.31809294883
Belarus,Mortalidad_Media,0.24,0.13275626497285375,0.015939278937381403,0.044390376567229245,0.0035227421841123236,7998.0802045456
Belarus,Mortalidad_Media,0.25,0.14895752806214713,0.017552182163187855,0.050887572156854834,0.002739816370354148,6953.21591683101
Belarus,Mortalidad_Media,0.24,0.14256491785317804,0.01776091081593928,0.05216654245119281,0.0031691173713759347,6527.6593428786
Belarus,Mortalidad_Media,0.2,0.1339297058081947,0.015939278937381403,0.06956277377193607,0.00296933755010876,6034.67885177216
Belarus,Mortalidad_Media,0.21,0.12898219712227185,0.018330170777988614,0.06058011710241617,0.004209509593530314,5352.48809190697
Belarus,Mortalidad_Media,0.21,0.1359621764263958,0.02032258064516129,0.06456883399633033,0.004511523732333234,6376.17569162063
Belarus,Mortalidad_Media,0.26,0.13533319701019356,0.0276280834914611,0.04996678652805207,0.005652738171987972,4735.48107556066
Belarus,Mortalidad_Media,0.33,0.13757903031665908,0.03819734345351044,0.040674270997709344,0.006138956009672715,3848.22350300163
Belarus,Mortalidad_Media,0.42,0.12842507764795513,0.05339658444022771,0.0317343280728049,0.007140787901484449,3126.07176665248
Belarus,Mortalidad_Media,0.48,0.12764159854850302,0.0655787476280835,0.028848631239633604,0.007499558517547182,2378.33700470129
Belarus,Mortalidad_Media,0.41000000000000003,0.1226444894315821,0.060683111954459204,0.03295496802696705,0.008690523695173877,1819.52653114699
Belarus,Mortalidad_Media,0.41000000000000003,0.11837775322381079,0.06612903225806452,0.03865175426839591,0.007840595000188135,1479.38066337175
Belarus,Mortalidad_Media,0.34,0.11538518324164986,0.05935483870967741,0.04763106638949771,0.008499556416279008,1244.37318523431
Belarus,Mortalidad_Media,0.39,0.11425402718229992,0.07326375711574953,0.04853082889534429,0.0075640894536577324,1276.28038121269
Belarus,Mortalidad_Media,0.1,0.11237241668754877,0.023529411764705882,0.24668687574959336,0.0071402934229398,1370.69991385664
Belgium,Mortalidad_Baja,0.836,0.20063885234859827,0.0491764705882353,0.0013044923023357948,0.05575035418695491,50822.2518538518
Belgium,Mortalidad_Baja,0.813,0.2219869858526524,0.049366223908918413,0.001260360770881889,0.061574578090081405,51658.238294958
Belgium,Mortalidad_Baja,0.802,0.20184076926153213,0.04869829222011386,0.0013906413676829069,0.05630315094239488,45906.2875805246
Belgium,Mortalidad_Baja,0.725,0.2210999206252159,0.04539848197343453,0.0015512243326257838,0.05765515167204001,46716.6227467964
Belgium,Mortalidad_Baja,0.7090000000000001,0.21581868000754015,0.044396584440227704,0.0014667012144174562,0.06262289428941198,47487.2100392561
Belgium,Mortalidad_Baja,0.715,0.2252558588385023,0.046129032258064515,0.0015964285722601635,0.05857749112871697,44035.3239358548
Belgium,Mortalidad_Baja,0.76,0.22714211054928268,0.049032258064516124,0.0013859107223205963,0.06375644352619879,41854.5498296444
Belgium,Mortalidad_Baja,0.75,0.21588368725360665,0.04838709677419355,0.0015659148056691569,0.056839306091695775,40893.804537772
Belgium,Mortalidad_Baja,0.742,0.21772154644793326,0.047870967741935486,0.001510894613413511,0.059701430977901565,47995.7786961339
Belgium,Mortalidad_Baja,0.75,0.23160883895057124,0.04981024667931689,0.0015950131262824363,0.05747872253492648,46964.5946777056
Belgium,Mortalidad_Baja,0.71,0.22343587698043282,0.04715370018975332,0.0018611893413558692,0.051720765014844065,44874.1709182123
Belgium,Mortalidad_Baja,0.71,0.2345768159966393,0.048500948766603415,0.0016004148161822783,0.0625145292698904,47760.8298776546
Belgium,Mortalidad_Baja,0.73,0.2553425679196557,0.05125237191650854,0.0018173650011968192,0.054635534667586916,44197.393671162
Belgium,Mortalidad_Baja,0.71,0.2390790460161641,0.05119544592030361,0.001583754441059081,0.06690183343146845,44923.3400135081
Belgium,Mortalidad_Baja,0.73,0.25131533919833926,0.052637571157495254,0.001526771813723405,0.06752682425336098,48303.397956286
Belgium,Mortalidad_Baja,0.74,0.24560887261925674,0.05476280834914611,0.0018765459232952515,0.055042107735002656,44319.165448813
Belgium,Mortalidad_Baja,0.75,0.2522694360626773,0.056925996204933584,0.0018927176453996625,0.055235775050849326,38705.1067959147
Belgium,Mortalidad_Baja,0.76,0.25709927437340224,0.059127134724857686,0.001730642185179156,0.06145494574624688,36809.7013403619
Belgium,Mortalidad_Baja,0.71,0.26015149692441275,0.05658444022770398,0.002254188062986358,0.05121400986196178,35429.4077933344
Belgium,Mortalidad_Baja,0.66,0.25987659969066723,0.055104364326375714,0.0024404496019995153,0.0534475198043035,30655.2092679024
Belgium,Mortalidad_Baja,0.61,0.25004566338470835,0.05208728652751423,0.0026499502431249432,0.05453000717677183,25006.191397109
Belgium,Mortalidad_Baja,0.53,0.25972299981513886,0.047267552182163185,0.0032749424671212435,0.05295047054067906,23015.0712632462
Belgium,Mortalidad_Baja,0.54,0.262359412910874,0.049184060721062614,0.003407425364755452,0.05089114893314552,23098.8865077401
Belgium,Mortalidad_Baja,0.934,0.24374157884827582,0.11342694497153702,0.002188842041305577,0.061732238141380374,28413.8264387368
Belize,Mortalidad_Media,0.381,0.08188345717342813,0.07880265654648956,0.031823626692763084,0.01537356485505544,7068.45478269722
Belize,Mortalidad_Media,0.363,0.07336859496164615,0.07576850094876661,0.03414487520516139,0.015134666448633852,6122.61158580079
Belize,Mortalidad_Media,0.335,0.06037549869296822,0.07055977229601518,0.03911826314393283,0.014294260200341686,5227.19363786168
Belize,Mortalidad_Media,0.272,0.05215334318518378,0.05883870967741935,0.037597239648322935,0.019856065893692945,6190.04792278445
Belize,Mortalidad_Media,0.34700000000000003,0.06621443552288771,0.07703795066413663,0.03220652445051961,0.018446770777264115,6031.28139580144
Belize,Mortalidad_Media,0.35000000000000003,0.0671815418027098,0.0803605313092979,0.03826723884514163,0.015465745451158598,6072.58267640581
Belize,Mortalidad_Media,0.067,0.05262055297776358,0.01601897533206831,0.17987226699958692,0.018417694957432704,6142.49873185177
Belize,Mortalidad_Media,0.067,0.05262055297776358,0.016654648956356734,0.22452314114249103,0.01478877663030666,6154.49593498217
Belize,Mortalidad_Media,0.067,0.05950603702134064,0.01729032258064516,0.23770385681126088,0.01443783853638996,6128.14288539305
Belize,Mortalidad_Media,0.0,0.08074058346838649,0.0,0.0,0.015379504484629916,5950.20299917747
Belize,Mortalidad_Media,0.2,0.08453214205784193,0.05578747628083491,0.0814927004640788,0.015434589056919986,5709.68918765363
Belize,Mortalidad_Media,0.29,0.07415649303172835,0.08309297912713472,0.04794184049601357,0.0192604626869425,5582.22170621269
Belize,Mortalidad_Media,0.29,0.045173817444058344,0.08529411764705883,0.04728622683675244,0.020179258024225773,5451.13897172477
Belize,Mortalidad_Media,0.3,0.06242120631015036,0.0905123339658444,0.04455580990460193,0.021409205453233115,5401.22963143045
Belize,Mortalidad_Media,0.35000000000000003,0.08453214205784193,0.10759013282732448,0.03725088318038029,0.022510666349315995,5713.28126796797
Belize,Mortalidad_Media,0.37,0.02744699718593846,0.11584440227703985,0.03673595250227704,0.021916157410623232,5765.28199932455
Belize,Mortalidad_Media,0.38,0.02727654125928507,0.12113851992409867,0.03917797598118819,0.020140612482743556,5527.16775856439
Belize,Mortalidad_Media,0.45,0.02625915523417673,0.14601518026565466,0.03385130908019489,0.020018101631970275,5272.74417207961
Belize,Mortalidad_Media,0.5,0.02602499641068096,0.16603415559772297,0.03235695917688447,0.019169009877482903,5156.09817143194
Belize,Mortalidad_Media,0.5,0.06218166168890425,0.16982922201138517,0.03271742909958851,0.019429396837690512,4962.08962013799
Belize,Mortalidad_Media,0.5,0.05415993523188315,0.174573055028463,0.0287117521506517,0.02332428890111127,4861.74314184267
Belize,Mortalidad_Media,0.5,0.05351149686156786,0.18026565464895636,0.02973698620818003,0.023244615427817486,4721.81625660785
Belize,Mortalidad_Media,0.5,0.05174302363974619,0.1859582542694497,0.03328730700129053,0.021162131020019615,4729.67080428075
Belize,Mortalidad_Media,0.5,0.0444635190157938,0.22485768500948766,0.03747998674550089,0.02297050061888747,4012.07959009728
Benin,Mortalidad_Alta,0.40299999999999997,0.01698988216470855,0.36476470588235294,0.10442499201092592,0.02024476278188616,1266.42710981159
Benin,Mortalidad_Alta,0.322,0.017000756231451638,0.3000037950664137,0.1386247467305335,0.019549101050202577,1318.65158107487
Benin,Mortalidad_Alta,0.29600000000000004,0.01932722598113991,0.2830815939278937,0.14329644982775183,0.02138258311854227,1200.19426631122
Benin,Mortalidad_Alta,0.281,0.018786945032292512,0.27620113851992406,0.1496462875213964,0.022288569510119538,1130.82135339795
Benin,Mortalidad_Alta,0.302,0.019192541145077777,0.304292220113852,0.14540034775127056,0.021819441892066208,1151.7409703472
Benin,Mortalidad_Alta,0.313,0.018683022850587275,0.3230967741935484,0.14241113897962704,0.022051215416203647,1054.97408066814
Benin,Mortalidad_Alta,0.39,0.018531474249444735,0.4122011385199241,0.1113438190623297,0.02334491848898631,1010.5338961993
Benin,Mortalidad_Alta,0.36,0.017160249994312836,0.3893738140417457,0.11470491891807137,0.025373627796390432,1002.41886879614
Benin,Mortalidad_Alta,0.295,0.01659416569535173,0.3263472485768501,0.13587567814969134,0.02691334137831992,1204.39918670094
Benin,Mortalidad_Alta,0.3,0.016568590065760606,0.3398481973434535,0.13182194114268878,0.028058870717112196,1168.92699279226
Benin,Mortalidad_Alta,0.28,0.015616181215246983,0.3240986717267552,0.14399584711349875,0.02812801422529254,1071.5258366283
Benin,Mortalidad_Alta,0.29,0.01592621022814914,0.3433776091081594,0.1391816753662939,0.028814432616418417,1059.41358852588
Benin,Mortalidad_Alta,0.31,0.0164293869821925,0.37470588235294117,0.13042496824894634,0.029427531519648192,973.244254931526
Benin,Mortalidad_Alta,0.27,0.016332399716542035,0.33352941176470585,0.1563407553470759,0.028736176014780283,1024.10277858112
Benin,Mortalidad_Alta,0.25,0.01603250067620953,0.3149905123339659,0.16789172077255757,0.029562088042020936,1060.60254502099
Benin,Mortalidad_Alta,0.29,0.01616856152149003,0.3736432637571157,0.14551618212848794,0.030123914625128194,912.338247188342
Benin,Mortalidad_Alta,0.32,0.015293648700671295,0.42079696394686905,0.13021512690299133,0.031247731017614536,809.147072506221
Benin,Mortalidad_Alta,0.3,0.013315551349359685,0.40360531309297915,0.1391966745321527,0.03196909936453634,779.437777753268
Benin,Mortalidad_Alta,0.3,0.013716154996669923,0.4127134724857685,0.13831746248051197,0.03299432424413047,758.695803786371
Benin,Mortalidad_Alta,0.3,0.013540712780857623,0.4223908918406072,0.12753788319775333,0.03698514199678051,676.002878084282
Benin,Mortalidad_Alta,0.3,0.01322629449703578,0.43263757115749524,0.13238168459246277,0.036452604256749205,546.463829658159
Benin,Mortalidad_Alta,0.3,0.012692880399832919,0.4428842504743833,0.1306367784001844,0.03793773975575141,492.401499509072
Benin,Mortalidad_Alta,0.3,0.012291500310146747,0.45370018975332066,0.12277750667503165,0.04164920833782048,487.424141384242
Benin,Mortalidad_Alta,0.19399999999999998,0.013317022436983275,0.32505123339658437,0.26687504896915704,0.03212822272105904,348.435238914394
Bhutan,Mortalidad_Media,0.735,0.05866571896043707,0.2663851992409867,0.03123083329741667,0.013983589044295726,3711.32767981591
Bhutan,Mortalidad_Media,0.55,0.0318466510863165,0.2066413662239089,0.044932630261000986,0.013342176006471381,3570.61257980872
Bhutan,Mortalidad_Media,0.512,0.03828375323195711,0.1972220113851992,0.047987220966456745,0.013862145558818326,3191.66906999331
Bhutan,Mortalidad_Media,0.545,0.0459753358912046,0.2182068311195446,0.037131766365947026,0.018358203186277473,3576.87987100503
Bhutan,Mortalidad_Media,0.509,0.046572621506665496,0.21055407969639467,0.04165449181327469,0.01805789079687567,3400.20417245342
Bhutan,Mortalidad_Media,0.44700000000000006,0.03257214358009898,0.19169259962049337,0.04525794907524899,0.01990549944992486,3435.28804735662
Bhutan,Mortalidad_Media,0.65,0.03488704352927841,0.2886148007590133,0.028891131938782108,0.02258373011680687,3152.30905106786
Bhutan,Mortalidad_Media,0.63,0.044822382886026205,0.29168880455407964,0.029790177922353722,0.023706391362423807,2954.04081911097
Bhutan,Mortalidad_Media,0.588,0.047449198225744824,0.2834003795066413,0.032100884825037805,0.024653159480765505,2849.49998647303
Bhutan,Mortalidad_Media,0.5700000000000001,0.07002127092900405,0.2866223908918406,0.03253499324471912,0.02638340412325224,2679.95217201538
Bhutan,Mortalidad_Media,0.5700000000000001,0.044833249228124025,0.30176470588235293,0.031767390775586456,0.0287068864335746,2751.2128864294
Bhutan,Mortalidad_Media,0.5,0.03161030310448368,0.27988614800759015,0.03692405375716518,0.02989244745330813,2787.97967608562
Bhutan,Mortalidad_Media,0.52,0.026236466888765995,0.3098292220113852,0.0373490291539567,0.03028489121683236,2435.5798056672
Bhutan,Mortalidad_Media,0.5,0.02935028614931809,0.3187855787476281,0.04382662807013635,0.028551266290404227,1918.39599211093
Bhutan,Mortalidad_Media,0.3468,0.02302776304490405,0.23624516129032258,0.06536285028303265,0.02959885421961702,1919.59774896395
Bhutan,Mortalidad_Media,0.19820000000000002,0.016234401872012204,0.1444189753320683,0.11767259453636841,0.030901857343333637,1850.41570433398
Bhutan,Mortalidad_Alta,0.2732,0.014146395966591813,0.2135833017077799,0.09931429809114012,0.028242778989223262,1405.6071618158
Bhutan,Mortalidad_Alta,0.314,0.01385261556532107,0.26275901328273243,0.08986109048342161,0.029166336434587305,1299.94938578359
Bhutan,Mortalidad_Alta,0.3152,0.012389425671216063,0.2823043643263757,0.09619336645234215,0.029037510480594247,1130.35934606796
Bhutan,Mortalidad_Alta,0.2416,0.02052187275848234,0.23059734345351043,0.12814167741227525,0.030450308086234404,1022.38240311018
Bhutan,Mortalidad_Alta,0.2486,0.018527304176846723,0.25237381404174575,0.1310358270505326,0.03081614747739691,895.799489930972
Bhutan,Mortalidad_Alta,0.2926,0.015607202787807466,0.3148087286527514,0.11167131925367395,0.03274673173219059,812.238210772056
Bhutan,Mortalidad_Alta,0.28940000000000005,0.013365747207527078,0.33003681214421254,0.11689074138685307,0.03360585084425403,771.924911410619
Bhutan,Mortalidad_Alta,0.204,0.006465961911673613,0.30038709677419345,0.21358563002404654,0.033696358060346536,530.103676927417
Bolivia,Mortalidad_Media,0.287,0.03659621135273321,0.11273055028462997,0.06797528117676119,0.01874043910224905,3643.92826984604
Bolivia,Mortalidad_Alta,0.259,0.03471991068653561,0.10517267552182161,0.07806778242310196,0.018684918943019668,3384.84486462654
Bolivia,Mortalidad_Alta,0.231,0.030073592273192003,0.09730929791271348,0.09483218590741065,0.017750678769363457,3099.94219053514
Bolivia,Mortalidad_Media,0.197,0.03646856578250314,0.08597722960151803,0.09706849124640098,0.02168451874681943,3503.89601123129
Bolivia,Mortalidad_Media,0.231,0.03682058146089915,0.10476091081593929,0.0777702569772003,0.024335258338144396,3500.72642189887
Bolivia,Mortalidad_Media,0.326,0.03671663988386234,0.15341176470588236,0.0556226648781383,0.025110202294090625,3306.30301224425
Bolivia,Mortalidad_Media,0.35000000000000003,0.035699227123796466,0.17201138519924097,0.04994233918408082,0.027479200570927346,3035.87347732132
Bolivia,Mortalidad_Media,0.34,0.034302084142154105,0.17483870967741935,0.0471205579131945,0.031838086132054154,2996.01289811344
Bolivia,Mortalidad_Media,0.281,0.03470524400275064,0.15143074003795065,0.054234192321422146,0.03541144478575605,3041.43503162408
Bolivia,Mortalidad_Alta,0.28,0.03200503339220889,0.1588614800759013,0.05569502111108397,0.036528869425342225,2870.02377000756
Bolivia,Mortalidad_Alta,0.28,0.03220921837421488,0.16736242884250474,0.05482990772294677,0.039322379876774026,2575.59857098084
Bolivia,Mortalidad_Alta,0.27,0.030196782150069514,0.17009487666034157,0.05661392054955153,0.04181853133239829,2315.52121930607
Bolivia,Mortalidad_Alta,0.3,0.028577053464281958,0.19867172675521821,0.05418775910259242,0.04129709924235263,1929.78373077158
Bolivia,Mortalidad_Alta,0.29,0.026757181489144636,0.20250474383301703,0.06017020209950774,0.04050983481252169,1731.18172112209
Bolivia,Mortalidad_Alta,0.27,0.02610639454151821,0.19878557874762806,0.06051284507874277,0.04603168762509962,1692.67248455876
Bolivia,Mortalidad_Alta,0.25,0.026017116618290863,0.19449715370018975,0.06265490068823326,0.05107460208666974,1354.54905949929
Bolivia,Mortalidad_Alta,0.22,0.02592580328771509,0.18075901328273244,0.0777871990122833,0.04926102136383691,1202.71150446327
Bolivia,Mortalidad_Alta,0.23,0.025885269026457495,0.19944971537001896,0.08022265807695016,0.04815145466368299,1020.12326200737
Bolivia,Mortalidad_Alta,0.22,0.023829167475478596,0.20121442125237193,0.0947480095408096,0.04473517192458341,953.191893246277
Bolivia,Mortalidad_Alta,0.2,0.023875623811967256,0.19316888045540798,0.10504309218986796,0.04702991969107123,893.013760211149
Bolivia,Mortalidad_Alta,0.27,0.02368204019466902,0.27512333965844404,0.07507381231591748,0.05173380502263315,888.221328974352
Bolivia,Mortalidad_Alta,0.25,0.020180434998928506,0.2685009487666034,0.0829606183089962,0.05339077757803102,930.168227214313
Bolivia,Mortalidad_Alta,0.28,0.019248884349930245,0.3166603415559772,0.0724523581383636,0.057730202777183236,975.777060358751
Bolivia,Mortalidad_Alta,0.1,0.02157489562696082,0.1425047438330171,0.23249261649225025,0.06380289037733389,852.754034861444
Bosnia and Herzegovina,Mortalidad_Baja,0.334,0.10492971751288015,0.03485768500948767,0.022608619433992554,0.011828859068297415,7655.59421024383
Bosnia and Herzegovina,Mortalidad_Media,0.424,0.1047688892479382,0.045859582542694496,0.018522076974836724,0.011775894920678123,7295.3438240957
Bosnia and Herzegovina,Mortalidad_Baja,0.418,0.0994536840916187,0.04600379506641366,0.022138499496907663,0.009718405802434427,6130.31133245161
Bosnia and Herzegovina,Mortalidad_Baja,0.302,0.09968508372829803,0.03381024667931689,0.028236038204828038,0.01107150152305291,6122.3753450882
Bosnia and Herzegovina,Mortalidad_Baja,0.284,0.10189802328007677,0.03179506641366224,0.031506203881102854,0.010396049475931927,6047.84584261133
Bosnia and Herzegovina,Mortalidad_Baja,0.327,0.09082228432653328,0.03722960151802656,0.02598644597455402,0.011366237600176576,5345.01985489192
Bosnia and Herzegovina,Mortalidad_Baja,0.39,0.0898250475561822,0.04366223908918406,0.024735506514054647,0.00940337572707418,4928.5665251728
Bosnia and Herzegovina,Mortalidad_Baja,0.42,0.08099762909576924,0.04702087286527514,0.022491763566802332,0.009672785633466829,4662.25883724069
Bosnia and Herzegovina,Mortalidad_Baja,0.33899999999999997,0.07762229289106601,0.03795256166982922,0.027466625311302107,0.009861398617734373,5206.06558252
Bosnia and Herzegovina,Mortalidad_Baja,0.32,0.08249888543168936,0.03582542694497154,0.033450705512335276,0.008148312290145121,5034.56616016469
Bosnia and Herzegovina,Mortalidad_Baja,0.32,0.08406841174023842,0.03582542694497154,0.030009897091271078,0.009461167152561414,4693.78899115381
Bosnia and Herzegovina,Mortalidad_Baja,0.3,0.0881736234018445,0.033586337760910814,0.03524450462851164,0.008290042583873591,4982.69375768263
Bosnia and Herzegovina,Mortalidad_Baja,0.32,0.07846557616901582,0.03643263757115749,0.03323249397845347,0.008418846976811632,4506.47828548389
Bosnia and Herzegovina,Mortalidad_Baja,0.33,0.07391976549540713,0.03757115749525616,0.03355224997639497,0.007955350383488572,4539.91863774968
Bosnia and Herzegovina,Mortalidad_Baja,0.29,0.06963521093374855,0.0335673624288425,0.03888514793993171,0.007935471345869919,4841.69311934649
Bosnia and Herzegovina,Mortalidad_Baja,0.29,0.06088218696005133,0.03411764705882353,0.04157027134406808,0.007381933315036638,3931.48948737505
Bosnia and Herzegovina,Mortalidad_Baja,0.31,0.06008364675124594,0.03705882352941177,0.040651480767406885,0.007083387784314912,3166.12865344833
Bosnia and Herzegovina,Mortalidad_Baja,0.33,0.05664605988895788,0.04007590132827324,0.03934026361428348,0.006939155188314837,2739.61076866057
Bosnia and Herzegovina,Mortalidad_Baja,0.1,0.05344572349826873,0.012523719165085389,0.13429968735969497,0.0069071386225771445,2452.68616839392
Bosnia and Herzegovina,Mortalidad_Baja,0.1,0.048406027338051494,0.013092979127134724,0.12681331243893793,0.008001287654619656,2033.94700935864
Bosnia and Herzegovina,Mortalidad_Baja,0.1,0.04837537594575467,0.013851992409867172,0.1388372399614244,0.00762088357799162,1606.54672243362
Bosnia and Herzegovina,Mortalidad_Baja,0.1,0.04618688607366543,0.014800759013282733,0.14270302313037345,0.008052865143651557,1387.89365131544
Bosnia and Herzegovina,Mortalidad_Baja,0.1,0.04803764411348193,0.015749525616698293,0.14083933887707387,0.008940635369545882,1338.48059636261
Bosnia and Herzegovina,Mortalidad_Media,0.3182,0.018211250590486776,0.08453130929791272,0.10178434332931777,0.005677797151330072,502.365980975339
Botswana,Mortalidad_Media,0.614,0.05362149262615324,0.4567134724857685,0.0040257034571284794,0.3261557867078356,8328.70905682185
Botswana,Mortalidad_Alta,0.488,0.05258882317788279,0.37317647058823533,0.00573459204306779,0.2958600810368614,7807.88794500125
Botswana,Mortalidad_Media,0.46399999999999997,0.051518252080391534,0.36538899430740035,0.007445699619310836,0.24624274453912665,6323.29749806946
Botswana,Mortalidad_Media,0.524,0.057173058474108404,0.4205920303605313,0.0062209736397546315,0.2662698594086909,7172.08956480028
Botswana,Mortalidad_Alta,0.5660000000000001,0.06190768510265558,0.46396963946869074,0.005853006796320012,0.26759994483759436,7407.95940141786
Botswana,Mortalidad_Alta,0.5760000000000001,0.05897044077807233,0.4841897533206831,0.005003530552713989,0.31601978200534775,7104.96401088027
Botswana,Mortalidad_Alta,0.63,0.05733260059205568,0.5582732447817838,0.004907186012877782,0.3105086407758637,6749.05994339013
Botswana,Mortalidad_Alta,0.64,0.060257210046565195,0.5732068311195446,0.004761758813830829,0.3184479504539362,6141.20394726616
Botswana,Mortalidad_Alta,0.612,0.061418904977195175,0.5620645161290322,0.004651949087792098,0.3498672276487419,7122.36423421503
Botswana,Mortalidad_Alta,0.61,0.05711158595120634,0.5509677419354838,0.005113363435157792,0.3137235850908628,6666.91219583487
Botswana,Mortalidad_Alta,0.58,0.05510990149520879,0.5370777988614801,0.006244510492330886,0.27660726191513396,6595.53845015424
Botswana,Mortalidad_Alta,0.56,0.0491892693795911,0.5525616698292221,0.005920221962489899,0.3225355914315664,7287.38295334919
Botswana,Mortalidad_Alta,0.58,0.052015767356515814,0.5557874762808349,0.005640860740230825,0.3173558411953209,6215.73216077919
Botswana,Mortalidad_Alta,0.54,0.048476473390654536,0.5051612903225806,0.00688431332417385,0.2721946799491481,5082.93388332404
Botswana,Mortalidad_Alta,0.56,0.05330635482095691,0.5206831119544592,0.005979306944680008,0.3007032306561796,5503.07395314313
Botswana,Mortalidad_Alta,0.59,0.05141750618578937,0.5273055028462998,0.00510939407485402,0.3212791950336012,5529.12574632532
Botswana,Mortalidad_Alta,0.6,0.050447520880514934,0.4986717267552182,0.004534641540215133,0.3311268696545982,5291.58379144849
Botswana,Mortalidad_Alta,0.5700000000000001,0.05017917990715155,0.4650853889943074,0.005018830991285,0.30895694172481536,5391.07076619634
Botswana,Mortalidad_Alta,0.64,0.04950327834493333,0.5404174573055028,0.0055240756382162835,0.25818147684908627,4956.69287735214
Botswana,Mortalidad_Alta,0.6,0.047614739319838055,0.49297912713472486,0.007099200548981093,0.20787712984522894,4230.12326909926
Botswana,Mortalidad_Alta,0.6,0.04862683426520916,0.4827324478178368,0.006325307411929713,0.22878818817459592,3117.25087183011
Botswana,Mortalidad_Alta,0.61,0.04878115567946602,0.4896204933586338,0.006643998078103928,0.21352074286050265,3206.07123689853
Botswana,Mortalidad_Alta,0.61,0.04922249505442428,0.49193548387096775,0.00716829991277304,0.1986121310258959,3450.81180622992
Botswana,Mortalidad_Alta,0.5,0.04436470655318551,0.3918406072106262,0.014512607477689059,0.11493631946751165,3156.18194514079
Brazil,Mortalidad_Media,0.4,0.06586605989351497,0.09563567362428843,0.022559868439683748,0.02570458681249572,9281.33334441234
Brazil,Mortalidad_Media,0.47500000000000003,0.06577004205788443,0.11446869070208729,0.02160424745010909,0.02240748835570398,7972.5366498646
Brazil,Mortalidad_Media,0.456,0.06339893886025406,0.1107552182163188,0.01959724611775217,0.026453876767711243,7074.19378337644
Brazil,Mortalidad_Baja,0.281,0.06510564464545311,0.0693168880455408,0.02341380387449986,0.03774563003848177,9029.83326681073
Brazil,Mortalidad_Baja,0.314,0.06453064547957696,0.07805313092979127,0.022026358018724483,0.03604593486066189,9300.66164923219
Brazil,Mortalidad_Baja,0.334,0.06584954673850771,0.084292220113852,0.0215515278809759,0.03508198623670271,10080.5092819305
Brazil,Mortalidad_Media,0.43,0.06505429874528076,0.11912713472485767,0.017798009860902096,0.03632908427099008,8836.28652735657
Brazil,Mortalidad_Media,0.42,0.06812703039713172,0.10918406072106261,0.016090138389774723,0.038812781564313656,8936.19661712113
Brazil,Mortalidad_Media,0.379,0.06998612021309168,0.10068311195445921,0.01785743364116245,0.0396707210629128,12274.9939689363
Brazil,Mortalidad_Media,0.38,0.06840413413814501,0.10383301707779886,0.01855683192015103,0.03912068216716394,12458.8912138813
Brazil,Mortalidad_Media,0.37,0.065892040147699,0.10390891840607211,0.017626700494613717,0.0438404468208409,12521.7213519966
Brazil,Mortalidad_Media,0.37,0.0638968845072473,0.10741935483870968,0.018361254437896865,0.04348341707169091,13396.6243562986
Brazil,Mortalidad_Media,0.35000000000000003,0.0636388527439907,0.1062618595825427,0.018398925773510186,0.04831380396162889,11403.2821278747
Brazil,Mortalidad_Media,0.35000000000000003,0.05796949337251081,0.11091081593927894,0.02001280508934037,0.04622746702319823,8678.6592244676
Brazil,Mortalidad_Media,0.33,0.06055005825049262,0.11020872865275143,0.02165752610746572,0.04785594608397163,8908.33176538648
Brazil,Mortalidad_Media,0.37,0.0578926588053785,0.13058823529411764,0.01867790666073397,0.05261016416531443,7409.69130673473
Brazil,Mortalidad_Media,0.39,0.05533441653838834,0.1457874762808349,0.017532022564952836,0.0565519652636669,5934.14470924968
Brazil,Mortalidad_Media,0.39,0.054019036283956275,0.15540796963946868,0.018659858088648573,0.05664530742753944,4827.78173074714
Brazil,Mortalidad_Media,0.4,0.05325112300476302,0.1700189753320683,0.0221602496516301,0.04919525751494555,3663.823188064
Brazil,Mortalidad_Media,0.4,0.050968047276144395,0.18140417457305502,0.024123359112644665,0.04815249859623988,3090.6070097455
Brazil,Mortalidad_Media,0.39,0.05075583778347443,0.18870967741935485,0.02196605980104169,0.058534765058104496,2855.94018885769
Brazil,Mortalidad_Media,0.41000000000000003,0.049994352818202845,0.2123908918406072,0.018321565549248905,0.07219673473228358,3176.28935747524
Brazil,Mortalidad_Media,0.4,0.04973302345300672,0.2208728652751423,0.018581745700826557,0.07803159825011959,3766.54811466032
Brazil,Mortalidad_Media,0.5,0.04590039277581324,0.3776091081593928,0.01568277804840981,0.10214001138973126,4756.74840785403
Brunei Darussalam,Mortalidad_Media,0.611,0.4421494239856595,0.09622960151802658,0.0028070083069163584,0.09723288291470147,36632.9280421411
Brunei Darussalam,Mortalidad_Media,0.47500000000000003,0.4154910321188155,0.07571157495256167,0.004138158533791251,0.0854753327445392,31006.9636220576
Brunei Darussalam,Mortalidad_Media,0.49600000000000005,0.42538855449898966,0.08,0.0038406008847320407,0.08939413598452264,26834.3592463839
Brunei Darussalam,Mortalidad_Media,0.43700000000000006,0.4274263925818068,0.07048387096774196,0.003530454266503206,0.11115188477443698,30426.5730284202
Brunei Darussalam,Mortalidad_Media,0.454,0.3849272425982047,0.07408728652751423,0.0035071140553490066,0.10890406727597296,30988.1190497851
Brunei Darussalam,Mortalidad_Media,0.409,0.3886963679056204,0.06674383301707779,0.004156211821622459,0.10179760382655065,28024.3824618568
Brunei Darussalam,Mortalidad_Media,0.6,0.3247928507816162,0.09791271347248577,0.0031387850948789786,0.09156369402732861,26663.2973199878
Brunei Darussalam,Mortalidad_Media,0.6,0.2982806021884397,0.0967741935483871,0.002876860087103461,0.0989972696718267,30625.128732694
Brunei Darussalam,Mortalidad_Media,0.533,0.39540400389118574,0.08596774193548387,0.0025328392040678566,0.12749801047105905,41026.508391054
Bulgaria,Mortalidad_Media,0.456,0.13729445416567698,0.04412903225806451,0.012733997717383275,0.014943779072055985,13999.6719197289
Bulgaria,Mortalidad_Media,0.46799999999999997,0.13497517343724144,0.046178368121442125,0.014465850376042663,0.012654405404854427,12972.2173356002
Bulgaria,Mortalidad_Media,0.44200000000000006,0.12320657676900454,0.045290322580645165,0.012152028228272733,0.017583498067306674,10769.9475699414
Bulgaria,Mortalidad_Media,0.35100000000000003,0.1281514561823864,0.03663187855787477,0.014247310480409394,0.019545830079017362,10372.8044341114
Bulgaria,Mortalidad_Media,0.38200000000000006,0.12784369032741333,0.042041745730550285,0.013912414897703316,0.019369714945258205,9872.38507789106
Bulgaria,Mortalidad_Media,0.418,0.12635034493758568,0.04838330170777989,0.015134124473228643,0.01672972216515437,8696.68930427924
Bulgaria,Mortalidad_Media,0.43,0.12052533594270612,0.052220113851992406,0.014754427934490954,0.01765413873746821,7822.49923292968
Bulgaria,Mortalidad_Media,0.41000000000000003,0.12195893614973123,0.05290322580645161,0.015501164049819022,0.018925108618530372,7268.65445473873
Bulgaria,Mortalidad_Media,0.35200000000000004,0.11557001108856502,0.04875901328273245,0.02026332985204376,0.01795938400082048,8069.60005667684
Bulgaria,Mortalidad_Media,0.33,0.10876916051550128,0.04884250474383301,0.021408919974342754,0.019633498630433555,7795.98092108928
Bulgaria,Mortalidad_Media,0.36,0.11525602303244378,0.056698292220113855,0.019254213922116535,0.02157352261039046,7431.95789508871
Bulgaria,Mortalidad_Media,0.38,0.11986351959576505,0.06273244781783682,0.019192905879575718,0.021478914607610058,7849.58061302818
Bulgaria,Mortalidad_Media,0.36,0.11064563026023592,0.06216318785578748,0.01752599960451272,0.026660550177351108,6853.94805511171
Bulgaria,Mortalidad_Media,0.41000000000000003,0.1080164937421542,0.07235294117647059,0.016164451005875626,0.025849491298877304,6988.27316296465
Bulgaria,Mortalidad_Media,0.4,0.12241348001568698,0.07286527514231499,0.022959442955290583,0.01841361242080119,7271.30338858025
Bulgaria,Mortalidad_Media,0.4,0.12322762711690821,0.07514231499051233,0.018195771432454128,0.024955083335999117,5888.57081403932
Bulgaria,Mortalidad_Media,0.41000000000000003,0.12470237636735867,0.08091081593927893,0.023264420542858048,0.01934858920708244,4523.1465578805
Bulgaria,Mortalidad_Media,0.39,0.1201733226075933,0.08140417457305503,0.02922115864647304,0.016749768607082573,3899.82596332878
Bulgaria,Mortalidad_Media,0.4,0.11276860453416881,0.08956356736242885,0.03306129513503356,0.015234341973709311,3389.68743360274
Bulgaria,Mortalidad_Media,0.39,0.1150830668972235,0.09250474383301707,0.036490424130015145,0.014944868451251354,2719.49436859287
Bulgaria,Mortalidad_Media,0.35000000000000003,0.11139641976310322,0.08766603415559772,0.04340977177034694,0.014746462323736964,2092.98288625558
Bulgaria,Mortalidad_Media,0.33,0.11184666940514525,0.08641366223908918,0.05027314263407079,0.013978282542778235,1770.90704918691
Bulgaria,Mortalidad_Media,0.29,0.10521400659654406,0.07869070208728654,0.05918866790717209,0.014004976505885629,1621.26210738992
Bulgaria,Mortalidad_Media,0.3,0.12694751036234544,0.08823529411764706,0.04807744831608179,0.019022989830482534,2259.25922555221
Burkina Faso,Mortalidad_Alta,0.414,0.014071159592760254,0.3621518026565465,0.0699044860777402,0.029789643747220207,836.118304593682
Burkina Faso,Mortalidad_Alta,0.34500000000000003,0.013618340466373337,0.3096489563567362,0.07841373809126594,0.03302025438357201,895.535288442991
Burkina Faso,Mortalidad_Alta,0.341,0.0117950006987336,0.31511764705882356,0.08220102612739377,0.03279077251540781,825.237038782475
Burkina Faso,Mortalidad_Alta,0.36600000000000005,0.013579303435524584,0.3486375711574952,0.07789160101824433,0.03327894466628467,764.853077774946
Burkina Faso,Mortalidad_Alta,0.318,0.013467122055323416,0.31136242884250476,0.10331199727800804,0.02932631230138604,777.465618514048
Burkina Faso,Mortalidad_Alta,0.317,0.012789573849514303,0.3194060721062619,0.10160855871164672,0.030945416120961106,709.091535894695
Burkina Faso,Mortalidad_Alta,0.38,0.012153858960561292,0.3944212523719165,0.0894090404380462,0.03014407131258278,663.742364842886
Burkina Faso,Mortalidad_Alta,0.38,0.012506768547603672,0.4059582542694497,0.09324559108866684,0.029706006193428107,630.124750752312
Burkina Faso,Mortalidad_Alta,0.313,0.01184451476198575,0.34447817836812145,0.11844063356956783,0.029199672956517153,764.861675106225
Burkina Faso,Mortalidad_Alta,0.3,0.011532640026571044,0.3404174573055028,0.12329831261151154,0.030283020412047335,759.762065168498
Burkina Faso,Mortalidad_Alta,0.31,0.011107506900815375,0.36235294117647054,0.1199009308496703,0.031126595993184493,731.470138867833
Burkina Faso,Mortalidad_Alta,0.36,0.010485904525740053,0.43377609108159393,0.10015199812613135,0.03328565049254768,725.024767725475
Burkina Faso,Mortalidad_Alta,0.35000000000000003,0.010126893046611445,0.43633776091081594,0.10792970374076599,0.03282893848905419,624.957252224766
Burkina Faso,Mortalidad_Alta,0.29,0.007505313412719082,0.37529411764705883,0.12519631727141342,0.0357207439862878,601.569520671859
Burkina Faso,Mortalidad_Alta,0.32,0.007382350333068731,0.43111954459203033,0.13355206972730105,0.031210832134753543,619.437533256264
Burkina Faso,Mortalidad_Alta,0.34,0.007316458812026982,0.4767741935483872,0.10050192124724813,0.04162570870875007,514.684451177238
Burkina Faso,Mortalidad_Alta,0.3,0.006976351344080057,0.43889943074003795,0.13157979698203331,0.03727378507559566,455.513655620024
Burkina Faso,Mortalidad_Alta,0.3,0.00662374457357976,0.4571157495256167,0.13962168213362047,0.036523792496694095,441.164148016012
Burkina Faso,Mortalidad_Alta,0.3,0.0064728220824914785,0.47362428842504745,0.12194410524269217,0.04394393147002554,403.81283743461
Burkina Faso,Mortalidad_Alta,0.3,0.0062969418619280276,0.4889943074003795,0.135397490479526,0.040630345208547296,362.373899996953
Burkina Faso,Mortalidad_Alta,0.3,0.006062785478046113,0.5026565464895636,0.13754348942451602,0.041153194494891306,285.654087637533
Burkina Faso,Mortalidad_Alta,0.1,0.005990469062784676,0.17172675521821631,0.4212043423238698,0.04133333994740136,259.485223380436
Burkina Faso,Mortalidad_Alta,0.1,0.005251084471503454,0.17533206831119544,0.3898117590988354,0.04594051481193072,248.908526921752
Burkina Faso,Mortalidad_Alta,0.304,0.0075900867412900174,0.5803111954459202,0.170962358899705,0.036909188272509955,229.092294496817
Burundi,Mortalidad_Alta,0.122,0.01425949616227737,0.07500569259962049,0.35353793447886106,0.01230324690761719,250.634225368744
Burundi,Mortalidad_Alta,0.27,0.014879391658166732,0.17111954459203035,0.1660835410680662,0.01217110849379014,214.091455416133
Burundi,Mortalidad_Alta,0.223,0.014879391658166732,0.1459867172675522,0.20084023180079644,0.01270039790942462,210.008139902508
Burundi,Mortalidad_Alta,0.262,0.014879391658166732,0.1769867172675522,0.1722546315110018,0.013084998086448625,210.236494521532
Burundi,Mortalidad_Alta,0.262,0.015003024998683136,0.1839468690702087,0.173254980522123,0.013631096583577277,224.89939239264
Burundi,Mortalidad_Alta,0.24600000000000002,0.015349447228035277,0.17924857685009488,0.18156445816150157,0.01455823132100465,236.694472592753
Burundi,Mortalidad_Alta,0.2,0.015003024998683135,0.15180265654648956,0.2467756113056119,0.013534407430979554,235.286205393908
Burundi,Mortalidad_Alta,0.21,0.014117750841979833,0.16656546489563567,0.22861956227207816,0.014784953647489522,280.966831311923
Burundi,Mortalidad_Alta,0.159,0.01492667810671073,0.13275142314990512,0.34400335920437963,0.013409464818594714,250.540481111877
Burundi,Mortalidad_Alta,0.19,0.015003024998683136,0.16692599620493356,0.31595090930849445,0.012720464965480476,234.843045388828
Burundi,Mortalidad_Alta,0.18,0.015003024998683136,0.16736242884250474,0.3078841213382242,0.015065842378346144,231.688496393569
Burundi,Mortalidad_Alta,0.18,0.01526918702792976,0.1772675521821632,0.3190498514801432,0.015472060460866523,230.070577369084
Burundi,Mortalidad_Alta,0.19,0.01526918702792976,0.198292220113852,0.3164709027981005,0.015699908987267266,216.727705301976
Burundi,Mortalidad_Alta,0.25,0.015307754314073881,0.27656546489563566,0.22982096173691485,0.017777535723212216,199.097633037708
Burundi,Mortalidad_Alta,0.24,0.015233307848412255,0.2814421252371916,0.24776406411459037,0.018288420150111385,189.502074570768
Burundi,Mortalidad_Alta,0.23,0.015605610648544401,0.28629981024667933,0.23764761351304362,0.021630450427514842,166.162744906755
Burundi,Mortalidad_Alta,0.3,0.015996345511348684,0.3956356736242884,0.21194272599447292,0.019405394195024645,161.892755640319
Burundi,Mortalidad_Alta,0.24600000000000002,0.01631389564585139,0.34262618595825434,0.2598052019584965,0.02055607822988508,147.234619294225
Burundi,Mortalidad_Alta,0.27399999999999997,0.016559552608962566,0.4008614800759012,0.23927719015696147,0.021128080683488655,125.194965184533
Burundi,Mortalidad_Alta,0.318,0.016559552608962566,0.48514611005692604,0.21078815175477275,0.021615539204893595,111.406682804391
Burundi,Mortalidad_Alta,0.268,0.016559552608962566,0.42361290322580647,0.25298858678229413,0.02222100072001456,120.952308575468
Burundi,Mortalidad_Alta,0.27399999999999997,0.016559552608962566,0.4476546489563567,0.25035827360000557,0.022772328165261375,132.159554541932
Burundi,Mortalidad_Alta,0.1,0.01654218576486823,0.1681214421252372,0.6901106900126571,0.023368888703799533,134.537861752389
Burundi,Mortalidad_Alta,0.21,0.012006861052036017,0.3837381404174573,0.31309449184889737,0.027124658858555892,164.915311679326
Cabo Verde,Mortalidad_Baja,0.609,0.051299122333317265,0.13289373814041747,0.012727813943915884,0.027519193079136237,4323.31362032709
Cabo Verde,Mortalidad_Media,0.48700000000000004,0.034232908899984954,0.11089184060721065,0.01918507180731123,0.023379569729278984,3971.44409203423
Cabo Verde,Mortalidad_Media,0.461,0.0609733420040199,0.10934535104364326,0.0210132723312816,0.023504364956874375,3539.22661248299
Cabo Verde,Mortalidad_Baja,0.43700000000000006,0.03903198494649071,0.10945730550284631,0.015887448372292803,0.03619474770797397,4380.78117331128
Cabo Verde,Mortalidad_Media,0.428,0.05316847356418007,0.11370018975332066,0.016533753051124516,0.03779743506628226,4294.96510035729
Cabo Verde,Mortalidad_Media,0.418,0.05454011917888907,0.1189753320683112,0.02012056148483969,0.03374881880825261,3893.09571382506
Cabo Verde,Mortalidad_Media,0.5700000000000001,0.07326129614470465,0.17521821631878556,0.01733036604974226,0.03076667629852966,3608.96605234906
Cabo Verde,Mortalidad_Media,0.58,0.05696121439350822,0.19370018975332068,0.01728720404518469,0.033163555024764854,3415.06266730931
Cabo Verde,Mortalidad_Media,0.549,0.03795733407685201,0.19793168880455406,0.01634470781057451,0.04068528830873823,3985.60706548134
Cabo Verde,Mortalidad_Media,0.55,0.038489903192643365,0.21394686907020874,0.016566815514281057,0.043436555086224134,3960.97596791345
Cabo Verde,Mortalidad_Media,0.51,0.04246520816153142,0.21096774193548387,0.017765842124972116,0.0466811611952971,3736.81517011087
Cabo Verde,Mortalidad_Media,0.51,0.04824157865007652,0.22161290322580646,0.016564348691058044,0.05301172170848811,4002.01386888785
Cabo Verde,Mortalidad_Media,0.51,0.07506695360382745,0.23032258064516128,0.017883051667955292,0.05090912388722254,3579.46006137809
Cabo Verde,Mortalidad_Media,0.49,0.0419581949639569,0.22593927893738142,0.0192427495346856,0.05023651473901686,3659.72046361628
Cabo Verde,Mortalidad_Media,0.4,0.05454011917888907,0.18519924098671728,0.02079304269700546,0.057642585881530095,3908.64885822576
Cabo Verde,Mortalidad_Media,0.3,0.009182142247334229,0.13833017077798862,0.03178637461507066,0.049635967816102626,3324.57675212498
Cabo Verde,Mortalidad_Media,0.3,0.009194796927886264,0.13719165085388993,0.043385607354178644,0.0351636498419695,2256.99666191075
Cabo Verde,Mortalidad_Media,0.3,0.009019412907856758,0.13605313092979127,0.046945004537403086,0.031952140921043634,2004.14680417563
Cabo Verde,Mortalidad_Media,0.3,0.008164800321134104,0.13605313092979127,0.05144216204265182,0.028870158726402806,1929.49081468781
Cabo Verde,Mortalidad_Media,0.3,0.027294620255825984,0.13833017077798862,0.052903682973053784,0.028504938369258034,1717.97565369655
Cabo Verde,Mortalidad_Media,0.3,0.02438545442104439,0.14402277039848196,0.05398730715481563,0.029149171579255104,1328.57874270666
Cabo Verde,Mortalidad_Media,0.3,0.02046350940713998,0.15370018975332067,0.059538055188016074,0.028100961378128217,1223.33055331575
Cabo Verde,Mortalidad_Media,0.3,0.027086893643945693,0.16736242884250474,0.06713179892238987,0.02702437399573349,1189.51479345891
Cabo Verde,Mortalidad_Alta,0.2262,0.03801746555998958,0.17941480075901325,0.09462859328428658,0.0372660672107379,1165.13832331934
Cambodia,Mortalidad_Media,0.12300000000000001,0.022829153801699278,0.04924667931688805,0.21044979521713952,0.013631647587261037,2325.03050040841
Cambodia,Mortalidad_Media,0.17,0.02281462054391902,0.07064516129032258,0.15558296678623182,0.013899046161790761,2167.40324198499
Cambodia,Mortalidad_Media,0.14800000000000002,0.023500805505033015,0.06346869070208729,0.18013987340947066,0.014307970956290888,2081.73914242939
Cambodia,Mortalidad_Media,0.167,0.022259427846746973,0.07446869070208728,0.14464374396401908,0.016908347927017564,2225.87705485686
Cambodia,Mortalidad_Media,0.177,0.020012408827832482,0.08195066413662239,0.14583692611471255,0.01633481530583485,2036.67377566578
Cambodia,Mortalidad_Media,0.128,0.01899160564114881,0.06169259962049336,0.21841432579142686,0.015572025775847024,1826.35391688754
Cambodia,Mortalidad_Media,0.21,0.018703595780811166,0.1055977229601518,0.14087590385873874,0.015306516482479283,1675.19555711109
Cambodia,Mortalidad_Media,0.2,0.017172016760447377,0.10512333965844402,0.15756458681670388,0.014958514352878113,1547.32010444393
Cambodia,Mortalidad_Media,0.187,0.01625331056730974,0.10325806451612903,0.18569542324215005,0.014106923869498392,1431.56396469993
Cambodia,Mortalidad_Media,0.21,0.015224403168730347,0.12273244781783682,0.18214609883422417,0.013425583262562607,1305.6600972686
Cambodia,Mortalidad_Media,0.21,0.015050235406234954,0.1307020872865275,0.1996415709716071,0.012950686373734572,1192.80263041673
Cambodia,Mortalidad_Media,0.2,0.014634314280513202,0.1332068311195446,0.21932828430989976,0.013320797615461141,1088.98152823081
Cambodia,Mortalidad_Media,0.18,0.014550415478089726,0.1287666034155598,0.2422937295815844,0.014655607793945176,952.274616324008
Cambodia,Mortalidad_Alta,0.2,0.014003093102019823,0.1540796963946869,0.21974658330573257,0.015888922778642522,875.748936193569
Cambodia,Mortalidad_Alta,0.21,0.013303586577200207,0.17453510436432637,0.20887091158682802,0.017442308226476532,866.283999789749
Cambodia,Mortalidad_Alta,0.23,0.013388243020382856,0.20555977229601516,0.17323570216715486,0.02125515575763122,731.692295125426
Cambodia,Mortalidad_Alta,0.1,0.012994354443360327,0.09582542694497154,0.411273849939084,0.02220637159835535,612.252648550727
Cambodia,Mortalidad_Alta,0.3,0.01283953692006457,0.31024667931688804,0.1431414143339835,0.023063283565608734,525.797325120926
Cambodia,Mortalidad_Alta,0.3,0.012509198258149792,0.3375711574952562,0.13887975541769748,0.026265673824284776,444.199067529081
Cambodia,Mortalidad_Alta,0.3,0.012338704047366707,0.3700189753320683,0.1537213739737103,0.0259786352393821,386.691123931778
Cambodia,Mortalidad_Alta,0.3,0.01217612131906215,0.40872865275142317,0.15443393177382694,0.028892614672736017,350.147276634294
Cambodia,Mortalidad_Alta,0.3,0.01236495442106578,0.45199240986717265,0.17192840558273587,0.02867769918903052,327.500984314444
Cambodia,Mortalidad_Alta,0.3,0.012223262257600863,0.4935483870967742,0.18529219041433412,0.029099379852137022,296.426687526334
Cambodia,Mortalidad_Alta,0.18,0.012652032715682309,0.32379506641366224,0.41483966048491766,0.023072125333647792,343.485224671585
Cameroon,Mortalidad_Alta,0.19899999999999998,0.01737432510443658,0.16048387096774192,0.13009335061006916,0.030801864368870203,1604.87726954895
Cameroon,Mortalidad_Alta,0.21,0.017419658018760543,0.17453510436432637,0.12635632844374498,0.030989040407886297,1672.32657340872
Cameroon,Mortalidad_Alta,0.20800000000000002,0.017503293530686345,0.1787931688804554,0.1316157150527416,0.031073574622565645,1555.60370660749
Cameroon,Mortalidad_Alta,0.255,0.01752814853817132,0.22645161290322582,0.10309532442690611,0.033679934912346464,1555.22660476477
Cameroon,Mortalidad_Alta,0.23399999999999999,0.01775892649897982,0.21357495256166983,0.11031824880365694,0.03540636553662596,1610.69641591017
Cameroon,Mortalidad_Alta,0.174,0.01777675368234615,0.16409487666034156,0.15010476252757435,0.03622880546400088,1496.08951771242
Cameroon,Mortalidad_Alta,0.27,0.018115846080270972,0.26436432637571156,0.0996300185411454,0.03654711942849785,1441.7201725688
Cameroon,Mortalidad_Alta,0.25,0.018250460502110703,0.2523719165085389,0.10770527203716444,0.03774275736760455,1415.00009710569
Cameroon,Mortalidad_Alta,0.219,0.017884252802417303,0.2302201138519924,0.12021078499959706,0.04041449207248534,1649.4433905949
Cameroon,Mortalidad_Alta,0.25,0.016969027654149323,0.27229601518026564,0.1046651721476147,0.04226944681586432,1575.92882118897
Cameroon,Mortalidad_Alta,0.22,0.01665822962152619,0.24963946869070205,0.11846531320267055,0.04436419210959361,1449.09874362279
Cameroon,Mortalidad_Alta,0.22,0.01640275393612609,0.25882352941176473,0.11875086168350601,0.04599896600102089,1513.96056994878
Cameroon,Mortalidad_Alta,0.23,0.016076574288132556,0.27888045540796963,0.11748111806800386,0.0458258929662942,1398.58702025047
Cameroon,Mortalidad_Alta,0.24,0.01642034966294346,0.3019354838709677,0.10683267350471141,0.05041619911650093,1461.38999232337
Cameroon,Mortalidad_Alta,0.23,0.015600033035553615,0.29633776091081593,0.10885173043974689,0.05303969253568756,1492.14269801453
Cameroon,Mortalidad_Alta,0.22,0.015921538271173413,0.29096774193548386,0.11277783503669034,0.05505724387722498,1325.67248215933
Cameroon,Mortalidad_Alta,0.21,0.01741749852231532,0.28411764705882353,0.11641631414747311,0.05728503883659441,1191.45458990968
Cameroon,Mortalidad_Alta,0.18,0.019436477091031502,0.2503605313092979,0.14545970068216574,0.05485635178698306,1142.62466252106
Cameroon,Mortalidad_Alta,0.22,0.019832934834727887,0.3126755218216319,0.12489246377703242,0.053327952301869784,1133.39326749673
Cameroon,Mortalidad_Alta,0.2,0.019743121044684238,0.29184060721062616,0.13669977928206256,0.05513014699304467,988.241276791846
Cameroon,Mortalidad_Alta,0.2,0.019481171044022753,0.29905123339658446,0.14294182894588445,0.05395916594661962,789.623811072554
Cameroon,Mortalidad_Alta,0.15,0.019024770685029054,0.23026565464895635,0.19423236935167384,0.054382476972127676,715.470296470585
Cameroon,Mortalidad_Alta,0.14,0.019311168367227807,0.21996204933586339,0.20248221667879626,0.057377047150619025,708.565731625965
Cameroon,Mortalidad_Alta,0.1,0.019231047359425643,0.16280834914611006,0.2995455641371444,0.056202213661546374,832.006674487689
Canada,Mortalidad_Baja,0.867,0.3537526681912013,0.07403225806451612,0.0011151134222853023,0.09339164899308174,56256.8007264015
Canada,Mortalidad_Baja,0.8790000000000001,0.3523379286841806,0.07505692599620493,0.002844431255583982,0.03408762719522606,52886.6616372703
Canada,Mortalidad_Baja,0.903,0.34694554999954813,0.07710626185958254,0.0031878008441096942,0.02917353864076068,43537.839298904
Canada,Mortalidad_Baja,0.846,0.3762254658437768,0.07223908918406072,0.0031386481073819804,0.03190446311408839,46352.8693445211
Canada,Mortalidad_Baja,0.783,0.378164921381035,0.0668595825426945,0.0033968025272897795,0.03184621900375101,46539.1761570405
Canada,Mortalidad_Baja,0.816,0.37853347664311016,0.0712258064516129,0.0036239421164491826,0.029013374670191078,45129.628116623
Canada,Mortalidad_Baja,0.81,0.3678699129201537,0.07070208728652752,0.0035971469700611628,0.029495249456155018,42314.0615817218
Canada,Mortalidad_Baja,0.81,0.35605747638078644,0.07223908918406072,0.0036118468400685375,0.030071851282693657,43594.1941045394
Canada,Mortalidad_Baja,0.877,0.36024681666118963,0.07821442125237192,0.0028305086342686686,0.03603097267241608,50960.8431174661
Canada,Mortalidad_Baja,0.87,0.3551287584784659,0.07924098671726755,0.0034066274757501803,0.030342971319737344,52638.1187235237
Canada,Mortalidad_Baja,0.89,0.3537010283150055,0.08106261859582542,0.003184360209961782,0.03188254306476976,52670.3447335415
Canada,Mortalidad_Baja,0.87,0.3573711495407569,0.08089184060721062,0.0031754096818237608,0.03354481771343454,52223.8588398531
Canada,Mortalidad_Baja,0.87,0.3547894617341596,0.08254269449715369,0.0026854685019968294,0.04115639629198133,47560.6666009406
Canada,Mortalidad_Baja,0.87,0.3564511324110777,0.08254269449715369,0.002787362042188526,0.03953119208364171,40874.8831932903
Canada,Mortalidad_Baja,0.85,0.37507876399173956,0.08225806451612903,0.0032549278389831494,0.03499218654399205,46710.2526864484
Canada,Mortalidad_Baja,0.84,0.3870875288632561,0.08129032258064516,0.0029563269616098595,0.039361992364854825,44660.0838892281
Canada,Mortalidad_Baja,0.85,0.39043551051937103,0.08387096774193549,0.003131128859929186,0.03728682668553959,40504.0370977806
Canada,Mortalidad_Baja,0.87,0.38777440763833987,0.08584440227703985,0.003381593344631347,0.03341655909119654,36383.6600068095
Canada,Mortalidad_Baja,0.9,0.3877743165648844,0.0905123339658444,0.003768687866317097,0.029159304691199185,32145.5412620217
Canada,Mortalidad_Baja,0.89,0.38465950982290076,0.08950664136622391,0.003609350980978767,0.030973167901133407,28301.8645937428
Canada,Mortalidad_Baja,0.92,0.3679447292754883,0.0925237191650854,0.0033803142390019603,0.032102123534125636,24256.0192337185
Canada,Mortalidad_Baja,0.92,0.37142765655718624,0.0925237191650854,0.003601857695244486,0.02992447732726381,23822.096210932
Canada,Mortalidad_Baja,0.92,0.38106209511093836,0.0925237191650854,0.003557235781759385,0.030341270895834375,24271.0020563821
Canada,Mortalidad_Baja,0.9,0.37039928784071796,0.09905123339658443,0.0038471577433011666,0.03149712717198764,20679.634792669
Central African Republic,Mortalidad_Alta,0.18300000000000002,0.0163396278599508,0.6566470588235295,0.30965175280462864,0.06602306960873962,467.359825026238
Central African Republic,Mortalidad_Alta,0.22,0.010427942814630093,0.3907400379506641,0.2542898057605124,0.03145538363020165,492.263142830507
Central African Republic,Mortalidad_Alta,0.24300000000000002,0.011975662603970885,0.3435199240986717,0.18991827936344882,0.030233597685462965,462.879071294011
Central African Republic,Mortalidad_Alta,0.23199999999999998,0.01265459905909703,0.5472030360531309,0.19113964798326752,0.05492919100704248,449.228467602439
Central African Republic,Mortalidad_Alta,0.24600000000000002,0.014573706903425602,0.34542694497153703,0.19870338632250045,0.02814752467369966,455.243962859534
Central African Republic,Mortalidad_Alta,0.287,0.016240601952208996,0.4759734345351044,0.17876093930540304,0.032087936831211236,432.324025684263
Central African Republic,Mortalidad_Alta,0.24,0.014685212710535585,0.3506641366223909,0.20808882575643667,0.028727745519792576,387.176203444318
Central African Republic,Mortalidad_Alta,0.25,0.01450045931651332,0.34345351043643263,0.1973143754088553,0.02718835867716856,366.322853938121
Central African Republic,Mortalidad_Alta,0.20600000000000002,0.012822892369726346,0.3916736242884251,0.25813021257679003,0.03584375261238139,409.8504859647
Central African Republic,Mortalidad_Alta,0.22,0.01443841646313232,0.3381404174573055,0.22942344550613197,0.030036599524045957,364.36696260838
Central African Republic,Mortalidad_Alta,0.21,0.009651490974008076,0.30483870967741933,0.27428781657726353,0.024288412380007566,544.395849142785
Central African Republic,Mortalidad_Alta,0.2,0.006855166355095033,0.29639468690702087,0.29390755049546274,0.02429951142716489,534.057281471636
Central African Republic,Mortalidad_Alta,0.2,0.006316247458688147,0.33434535104364327,0.29230034062998395,0.028004846755101405,476.873786950728
Central African Republic,Mortalidad_Alta,0.2,0.016346618649108087,0.89146110056926,0.29989103940970074,0.0780583920448212,456.471673898404
Central African Republic,Mortalidad_Alta,0.24,0.01575574060744218,0.38072106261859584,0.13807077042633695,0.04910828535085007,437.24827472489
Central African Republic,Mortalidad_Alta,0.3,0.016892310868062414,0.4872865275142315,0.17850844825478057,0.02990399838386728,380.887048839475
Central African Republic,Mortalidad_Alta,0.3,0.012554376512106532,0.4998102466793169,0.18384160118394066,0.02976937636448855,333.942519903031
Central African Republic,Mortalidad_Alta,0.3,0.01339602407178508,0.5151802656546489,0.18047436131482222,0.031422393529693116,311.950023138687
Central African Republic,Mortalidad_Alta,0.3,0.013170568458394837,0.527134724857685,0.189739667859117,0.03049315351813698,303.461321152782
Central African Republic,Mortalidad_Alta,0.3,0.01269609977497898,0.539089184060721,0.24283726082634224,0.02370248733723722,278.403992150941
Central African Republic,Mortalidad_Alta,0.3,0.01481687954850542,0.5493358633776091,0.18889433961952035,0.03207410331986066,248.639290978403
Central African Republic,Mortalidad_Alta,0.16399999999999998,0.013436781168533559,0.3059051233396584,0.36703924068434085,0.0306230115415251,237.951702544735
Central African Republic,Mortalidad_Alta,0.14,0.011034519602730412,0.26512333965844403,0.42996025337308497,0.031140688568404455,239.154133726071
Central African Republic,Mortalidad_Alta,0.16399999999999998,0.016308027803338444,0.32862239089184053,0.31141873420295346,0.039651485244334164,333.145863233895
Chad,Mortalidad_Alta,0.131,0.008762748133438338,0.1498918406072106,0.4207530911228829,0.019424940136207873,966.036468278568
Chad,Mortalidad_Alta,0.21,0.008639669299437672,0.24666034155597724,0.26664600094342694,0.019662583019697245,946.358500208374
Chad,Mortalidad_Alta,0.151,0.008506939772616644,0.1822314990512334,0.40221581770153825,0.01845220479700212,866.947814890409
Chad,Mortalidad_Alta,0.23199999999999998,0.008383163480197053,0.2883491461100569,0.25351251338398345,0.01983335730232737,893.336441643325
Chad,Mortalidad_Alta,0.231,0.008853586899513578,0.2954345351043644,0.2547981244029088,0.020486882054634187,948.656629871231
Chad,Mortalidad_Alta,0.24600000000000002,0.009028325954820303,0.32302087286527514,0.2444258204920553,0.020606165695056803,854.46120040098
Chad,Mortalidad_Alta,0.22,0.0094263531652416,0.29639468690702087,0.2800086129611688,0.02064144468224887,861.831767630746
Chad,Mortalidad_Alta,0.19,0.00962014796087744,0.26246679316888044,0.27686508782993224,0.025447626598540343,993.990730610869
Chad,Mortalidad_Alta,0.159,0.00981030039546668,0.2256774193548387,0.3067142155208741,0.028561488834882236,1278.78981422494
Chad,Mortalidad_Alta,0.2,0.010096307931713452,0.2907020872865275,0.2480939989241412,0.028768466725890833,1304.88742971475
Chad,Mortalidad_Alta,0.17,0.010193748030898064,0.25354838709677413,0.24927635952770882,0.03522946311665853,1354.34344701937
Chad,Mortalidad_Alta,0.16,0.00922714865468252,0.24500948766603417,0.2655595947830195,0.03615413561896738,1308.1421872538
Chad,Mortalidad_Alta,0.16,0.009717075221319023,0.2513851992409867,0.3251583659387812,0.0297606929521258,1141.80069268412
Chad,Mortalidad_Alta,0.18,0.009947372490469411,0.2899810246679317,0.28821030824987137,0.030695619560236545,1035.63719694254
Chad,Mortalidad_Alta,0.2,0.009622972801576955,0.33017077798861477,0.2273210982713828,0.03645123825765764,1166.36883453841
Chad,Mortalidad_Alta,0.17,0.009704567825901154,0.2870967741935484,0.2701412980395066,0.03695793927764953,980.483531485103
Chad,Mortalidad_Alta,0.17,0.009944557609865547,0.29354838709677417,0.2957471832453131,0.03429860199524436,906.897260572747
Chad,Mortalidad_Alta,0.1,0.010153658711854486,0.17647058823529413,0.4581539004075073,0.038867127633409194,838.092107712557
Chad,Mortalidad_Alta,0.1,0.009959130444232104,0.17988614800759012,0.4658561486272194,0.03897260555466808,445.850767157087
Chad,Mortalidad_Alta,0.1,0.010572392723123943,0.18330170777988614,0.40107557306311586,0.046733024315946066,289.087621122168
Chad,Mortalidad_Alta,0.1,0.010704084313568629,0.1869070208728653,0.5930395423101613,0.031202475482644182,219.061391951349
Chad,Mortalidad_Alta,0.1,0.010800987215983602,0.19032258064516128,0.6304733471358993,0.0297468995361942,194.32295331156
Chad,Mortalidad_Alta,0.1,0.010763294947727552,0.1935483870967742,0.6368836062756837,0.029968774532234378,163.121663683369
Chad,Mortalidad_Alta,0.264,0.012548693846516802,0.5480379506641366,0.20777977576982648,0.03812973896530524,203.964852705041
Chile,Mortalidad_Baja,0.7140000000000001,0.09783151415609752,0.07993548387096776,0.007088328761389874,0.020915667927240287,15405.6165774073
Chile,Mortalidad_Baja,0.745,0.09389630583765038,0.08199240986717268,0.007362913153804986,0.018663659659877523,16206.8325493421
Chile,Mortalidad_Baja,0.7340000000000001,0.08986741154411577,0.08217457305502847,0.008623411929525877,0.01606216563517094,13114.815470545
Chile,Mortalidad_Baja,0.623,0.09952906688974726,0.07092979127134726,0.010015150689590345,0.016674883945237765,14495.716721687
Chile,Mortalidad_Baja,0.612,0.09552038598529786,0.07316129032258065,0.010040804852031156,0.017996192733411576,15659.4808675628
Chile,Mortalidad_Baja,0.705,0.09542753376495061,0.08695445920303606,0.009500885219095315,0.01685761421469215,14879.9086227187
Chile,Mortalidad_Baja,0.73,0.09563608754466286,0.09280834914611007,0.009000012200275171,0.017883122840001354,13649.8520452803
Chile,Mortalidad_Baja,0.71,0.09089467693944842,0.09161290322580645,0.008174414575459924,0.02103775960443302,13433.9202987032
Chile,Mortalidad_Baja,0.723,0.08986946328967887,0.09603415559772296,0.008540787660920769,0.02024763306667349,14529.6767206336
Chile,Mortalidad_Baja,0.72,0.10060344367215904,0.09700189753320683,0.007547968149585075,0.023838530898079472,15683.5486369155
Chile,Mortalidad_Baja,0.72,0.09809677199952724,0.09836812144212523,0.00711673565781656,0.025888518629119756,15241.9069981119
Chile,Mortalidad_Baja,0.67,0.08945696447938326,0.09407969639468691,0.008468096204792695,0.023793282074636084,14487.3927832032
Chile,Mortalidad_Baja,0.6900000000000001,0.08288357836952912,0.09819734345351043,0.007887272895130365,0.025327115132309935,12632.8704724192
Chile,Mortalidad_Baja,0.7000000000000001,0.08010636103179139,0.10094876660341556,0.008263749888788507,0.023991607465060856,10098.8017167286
Chile,Mortalidad_Baja,0.73,0.08314351976815057,0.10527514231499051,0.0073396704394270386,0.026165061580047697,10683.2188772511
Chile,Mortalidad_Baja,0.73,0.08479906742938943,0.10527514231499051,0.007610026910978467,0.025118201283980207,10346.4138184533
Chile,Mortalidad_Baja,0.74,0.0825490977285854,0.10671726755218215,0.007848603138647287,0.023881917932106245,9318.65655296121
Chile,Mortalidad_Baja,0.74,0.08007154496565531,0.10812144212523721,0.008292971592439814,0.022763815319170724,7480.32330998636
Chile,Mortalidad_Baja,0.75,0.07843070821977247,0.11242884250474383,0.007840379270033112,0.024607454038799447,6120.59152055344
Chile,Mortalidad_Baja,0.75,0.07436982575270558,0.11385199240986717,0.008542395112960286,0.02263809411570981,4773.40177520754
Chile,Mortalidad_Baja,0.74,0.07437918941559694,0.11514231499051232,0.008594947386296846,0.023481136597913274,4430.84741157984
Chile,Mortalidad_Baja,0.6900000000000001,0.07263485198853643,0.11390891840607209,0.0092118445236801,0.025132537786381415,4563.5952986689
Chile,Mortalidad_Baja,0.68,0.07489194949378512,0.11870967741935481,0.011695500915401625,0.020729586745325018,5052.99245766325
Chile,Mortalidad_Baja,0.5,0.058144920947366105,0.10436432637571158,0.021802775099378998,0.017660015049552606,5081.4682771561
China,Mortalidad_Baja,0.39299999999999996,0.12441360867215322,0.03579506641366224,0.02845744883570637,0.005614046757647637,12970.6056414327
China,Mortalidad_Baja,0.46399999999999997,0.12180527726505196,0.04490322580645161,0.023905588074589427,0.006249523933808732,12887.4357242941
China,Mortalidad_Baja,0.46,0.11429574379651274,0.04800759013282732,0.025646897518504696,0.006382784955513771,10627.4637989619
China,Mortalidad_Baja,0.49100000000000005,0.11108760921159473,0.05590132827324479,0.022326099478487356,0.008068444928729657,10342.9009524335
China,Mortalidad_Baja,0.473,0.10675906528274606,0.05744212523719166,0.022881076167466173,0.008982661595225065,10085.6638148819
China,Mortalidad_Baja,0.41600000000000004,0.10233737657059223,0.0552561669829222,0.027562983482799785,0.009380340086757028,8979.67652709856
China,Mortalidad_Baja,0.36,0.09921317798251797,0.05191650853889943,0.03433769762992464,0.009470057099985123,8254.86859320357
China,Mortalidad_Baja,0.4,0.1003772261022421,0.06223908918406072,0.032168785768125686,0.009936544265654861,8175.33285077393
China,Mortalidad_Baja,0.35000000000000003,0.10050549497890067,0.05910815939278937,0.037919539103998375,0.01062892960671571,7781.06597484974
China,Mortalidad_Baja,0.36,0.09862881183322011,0.06626185958254269,0.038178731663872645,0.011359184583672254,7147.03518622344
China,Mortalidad_Baja,0.35000000000000003,0.09617983447890033,0.06973434535104364,0.040077058474675305,0.012248590782205788,6405.0574241349
China,Mortalidad_Baja,0.36,0.09346672499028658,0.07855787476280834,0.039262777199346593,0.013599918396472123,5703.76027973346
China,Mortalidad_Baja,0.36,0.08753690608864732,0.08538899430740038,0.03983931272972753,0.014803791052556857,4629.24551710077
China,Mortalidad_Baja,0.35000000000000003,0.07961848969221302,0.09032258064516129,0.04234773058114706,0.015759745204526374,3898.24459158811
China,Mortalidad_Media,0.33,0.07501112496099399,0.09267552182163187,0.04746024580213579,0.016328880938146623,3523.44302065213
China,Mortalidad_Media,0.32,0.07341143174701478,0.09776091081593928,0.04935136664155853,0.017876678400191793,2734.72709877693
China,Mortalidad_Media,0.34,0.06853008033971607,0.11419354838709676,0.04820828781003405,0.019131388968164572,2129.25696999613
China,Mortalidad_Media,0.34,0.06295878840573804,0.12516129032258064,0.052842114899072916,0.019129838320856067,1777.64496828464
China,Mortalidad_Media,0.35000000000000003,0.057414722510315264,0.14146110056925995,0.05690254927798788,0.01891585167248444,1530.92726215723
China,Mortalidad_Media,0.35000000000000003,0.05067608206716969,0.15607210626185958,0.054430068159726945,0.022324152146493356,1306.97245408557
China,Mortalidad_Media,0.31,0.04466776392309165,0.15058823529411766,0.06626697250221333,0.02258630506759714,1163.55957673426
China,Mortalidad_Media,0.34,0.04226888603095243,0.17935483870967742,0.06360718449804427,0.023402363333989807,1065.40597574519
China,Mortalidad_Media,0.35000000000000003,0.04119988517971768,0.19924098671726756,0.06494209050353707,0.024116867043319015,969.199513696287
China,Mortalidad_Media,0.3,0.03977858383930914,0.22030360531309298,0.1016910379307626,0.023050967877192505,612.680277898627
Colombia,Mortalidad_Baja,0.42,0.035540223964616535,0.09005692599620493,0.0329001761404402,0.013686405483951948,6680.44506854481
Colombia,Mortalidad_Media,0.49700000000000005,0.040047419909967595,0.10939658444022769,0.024466967634114517,0.016515253659415825,6222.62164397614
Colombia,Mortalidad_Media,0.461,0.03714193328413416,0.10497153700189754,0.02548366985755786,0.01791776136976566,5339.68711357943
Colombia,Mortalidad_Baja,0.335,0.04072641030817333,0.0788235294117647,0.029941454763536213,0.02237985823938447,6472.54544924705
Colombia,Mortalidad_Baja,0.334,0.03743315289031818,0.08048956356736243,0.029164412934098462,0.02378285767231234,6816.96818309544
Colombia,Mortalidad_Baja,0.396,0.03942003061902772,0.09918785578747628,0.025246062052149385,0.02412685384198873,6479.53231292429
Colombia,Mortalidad_Baja,0.37,0.04182572818271967,0.09548387096774193,0.02793667966844586,0.02403085211562408,5959.84250367574
Colombia,Mortalidad_Baja,0.36,0.040725125738378075,0.09563567362428843,0.025992040429926023,0.027779923568687737,6248.51490534512
Colombia,Mortalidad_Baja,0.332,0.04063145003364211,0.09071726755218217,0.025670050348761464,0.031799086404695434,8187.20824890084
Colombia,Mortalidad_Baja,0.34,0.04046367503897858,0.09548387096774195,0.02481643472641219,0.03313698918797206,8279.10255642981
Colombia,Mortalidad_Baja,0.35000000000000003,0.031163734084924906,0.10161290322580645,0.024956637988574386,0.033086170154326563,8108.59838244229
Colombia,Mortalidad_Media,0.37,0.032510773953136576,0.11092979127134725,0.025760088223266475,0.03113544051019506,7400.9940695669
Colombia,Mortalidad_Media,0.38,0.032066900037238354,0.11753320683111954,0.02604220420699909,0.03091556568514852,6398.2958447102
Colombia,Mortalidad_Media,0.38,0.032727962948830285,0.12113851992409867,0.027544603671298226,0.030041560224273844,5250.97292433518
Colombia,Mortalidad_Media,0.39,0.0316597269084403,0.12802656546489563,0.026828880448329595,0.031046026720224475,5541.83629665898
Colombia,Mortalidad_Media,0.4,0.030457981380798305,0.1351043643263757,0.027124995584219925,0.030779066142733395,4769.926147194
Colombia,Mortalidad_Media,0.38,0.031038771116011145,0.13195445920303606,0.029591089907329397,0.03050676912664063,3789.85361217027
Colombia,Mortalidad_Media,0.37,0.02983307688523957,0.13199240986717267,0.031830716909233094,0.029859373541289237,3456.06610874512
Colombia,Mortalidad_Media,0.36,0.028873679588430554,0.1318406072106262,0.034382606717692325,0.0290900762721695,2818.57195413044
Colombia,Mortalidad_Media,0.38,0.029144703403116572,0.14349146110056923,0.03429322508319514,0.028421704969530844,2311.94218760291
Colombia,Mortalidad_Media,0.32,0.028948512264312776,0.12387096774193547,0.04160932649614847,0.02852621326533046,2428.92969771584
Colombia,Mortalidad_Media,0.29,0.030009473309885005,0.11555977229601518,0.044893859005497624,0.03020666891000616,2472.99084035833
Colombia,Mortalidad_Media,0.22,0.030530140067022753,0.09017077798861482,0.059069789229782864,0.03122735780963217,2555.00751039968
Colombia,Mortalidad_Media,0.1,0.036028527272942604,0.04800759013282732,0.21933045499903744,0.020661151680898656,2583.34991436018
Comoros,Mortalidad_Alta,0.201,0.021164689139227554,0.14035673624288425,0.2737266341701039,0.010592914611768638,1533.87755332151
Comoros,Mortalidad_Alta,0.23600000000000002,0.020566796771731795,0.16927514231499052,0.23363958697953152,0.010939463246949705,1587.72988601478
Comoros,Mortalidad_Alta,0.23800000000000002,0.021894068081894914,0.17477419354838708,0.2353343980489067,0.011051898290266208,1527.16990927956
Comoros,Mortalidad_Alta,0.244,0.019815634438912016,0.18288425047438328,0.2284105311609183,0.011421548166071112,1519.26386326167
Comoros,Mortalidad_Alta,0.275,0.0232997062972793,0.21029411764705883,0.19185259757283288,0.012566146274162427,1540.71132331975
Comoros,Mortalidad_Alta,0.3,0.021507543140837294,0.2333965844402277,0.16636620649219502,0.013763506665426367,1423.92480215551
Comoros,Mortalidad_Alta,0.26,0.01696945333913742,0.20573055028463,0.1887690789597009,0.014348362301634521,1365.48403353158
Comoros,Mortalidad_Alta,0.28,0.018913328234078396,0.22580645161290322,0.17098372161634282,0.0151395746904913,1329.3704808998
Comoros,Mortalidad_Alta,0.22100000000000003,0.027938598608324327,0.18116129032258066,0.2124738885920849,0.015810075386026554,1615.71718460209
Comoros,Mortalidad_Alta,0.24,0.021249054016124116,0.20037950664136622,0.20072771550087815,0.015671874379753467,1603.32653496691
Comoros,Mortalidad_Alta,0.21,0.01941079114699573,0.17891840607210627,0.224807777798455,0.016455760787397453,1490.31425650871
Comoros,Mortalidad_Alta,0.23,0.02187262193762123,0.20032258064516129,0.20792038752430747,0.016637295099974275,1531.43969320468
Comoros,Mortalidad_Alta,0.25,0.01829680186900947,0.22296015180265655,0.1903586515233737,0.017214690729222538,1386.57533553376
Comoros,Mortalidad_Alta,0.26,0.01613965804366791,0.23829222011385198,0.18073251867293472,0.018051036304291227,1410.30516959473
Comoros,Mortalidad_Alta,0.2302,0.01857153422406677,0.2170956356736243,0.19805184733883235,0.01934415275575085,1455.02768595586
Comoros,Mortalidad_Alta,0.3004,0.0026328107699083556,0.29184971537001897,0.1508200819995988,0.020174490866074864,1289.73631056361
Comoros,Mortalidad_Alta,0.32799999999999996,0.002771637866040018,0.3292447817836812,0.14013115186051764,0.020607444603587932,1154.90422349749
Comoros,Mortalidad_Alta,0.319,0.0024457925039508954,0.3305009487666034,0.1440843679790418,0.02137585999313091,1103.20658498402
Comoros,Mortalidad_Alta,0.30460000000000004,0.002265774372306837,0.32656356736242886,0.15089466847523686,0.022234837258438587,1091.27216412426
Comoros,Mortalidad_Alta,0.24920000000000003,0.016586016050066783,0.2766261859582543,0.18444094697844649,0.0231387026442706,959.787894504834
Comoros,Mortalidad_Alta,0.26660000000000006,0.014667545493759869,0.3060588235294118,0.1724024916831249,0.024042768266731022,762.116930318449
Comoros,Mortalidad_Alta,0.3004,0.017197378949968128,0.35740189753320684,0.15300576977545668,0.02503686225420568,691.699908770798
Comoros,Mortalidad_Alta,0.2528,0.02809628382417341,0.31084326375711574,0.18181560696582344,0.025985980489725193,655.007796688241
Comoros,Mortalidad_Alta,0.254,0.013840259779196538,0.374011385199241,0.18095756406489635,0.03177109833211909,812.215996806703
Costa Rica,Mortalidad_Baja,0.631,0.046392214790676845,0.10536622390891842,0.010265723083421031,0.024919907760082138,13625.9008491478
Costa Rica,Mortalidad_Baja,0.59,0.04579906305898448,0.09516129032258064,0.011580131829292144,0.022542961168970862,12838.1185359009
Costa Rica,Mortalidad_Baja,0.5720000000000001,0.043589352383886545,0.08900189753320684,0.011883029574654829,0.021759846860715294,12394.0493969354
Costa Rica,Mortalidad_Baja,0.545,0.04580275990680921,0.08169829222011385,0.012063565148124464,0.02165988253741529,12884.6859951947
Costa Rica,Mortalidad_Baja,0.518,0.04365096286461043,0.07666793168880456,0.01354347336017731,0.019795080039906696,12590.2493781628
Costa Rica,Mortalidad_Baja,0.554,0.04469262691324938,0.08094497153700189,0.013273280286081218,0.01845128677785793,12317.0902771322
Costa Rica,Mortalidad_Baja,0.54,0.046010546299457666,0.07889943074003795,0.01423913722852742,0.017501451669666664,12091.0301606335
Costa Rica,Mortalidad_Baja,0.53,0.04709188947996462,0.07844402277039848,0.014019974987025495,0.01850488778698736,11714.7105980803
Costa Rica,Mortalidad_Baja,0.509,0.048932749563437725,0.07726755218216319,0.015024980943685666,0.018429037592940588,10911.4978783227
Costa Rica,Mortalidad_Baja,0.48,0.04874658692667249,0.07468690702087287,0.015592000754772144,0.019459089014045725,10803.2401961972
Costa Rica,Mortalidad_Baja,0.53,0.04677645880681235,0.08548387096774193,0.015146894639434548,0.01869389619573342,10126.999102414
Costa Rica,Mortalidad_Baja,0.53,0.045624949723222334,0.08850094876660342,0.016531531168811727,0.01756287735382868,9276.39107510528
Costa Rica,Mortalidad_Baja,0.51,0.04589654809583271,0.08709677419354839,0.019895888063683,0.015123991712666577,8265.78820275899
Costa Rica,Mortalidad_Baja,0.5,0.04605708299448027,0.08823529411764706,0.022060082948183457,0.014213702507510874,6832.69829924138
Costa Rica,Mortalidad_Baja,0.41000000000000003,0.04624615895741657,0.07313092979127134,0.026625222506095943,0.014586443540916977,6937.24261596055
Costa Rica,Mortalidad_Baja,0.42,0.046645389769081655,0.07571157495256167,0.0294869284245826,0.012633522806562198,6137.71199925542
Costa Rica,Mortalidad_Baja,0.49,0.04476646749351262,0.08925996204933585,0.02691742327690792,0.011818392832259,5256.59640859159
Costa Rica,Mortalidad_Baja,0.43,0.04173022810332985,0.079146110056926,0.031373454287182856,0.011634963309236952,4703.00721784778
Costa Rica,Mortalidad_Baja,0.45,0.0423333977732949,0.08453510436432637,0.03077937423752097,0.011546557080654713,4431.0117207843
Costa Rica,Mortalidad_Baja,0.45,0.0361212775566428,0.08624288425047438,0.030736500815757323,0.011867660095405226,4173.14856415514
Costa Rica,Mortalidad_Baja,0.54,0.03432583431872986,0.10656546489563568,0.024419048622824416,0.013082471742029258,4067.71851429092
Costa Rica,Mortalidad_Baja,0.51,0.03301954207379185,0.10451612903225807,0.025707547637709344,0.013810546255512904,3985.12984506207
Costa Rica,Mortalidad_Baja,0.56,0.03341594504298231,0.11901328273244781,0.02584099845680508,0.012776379092987471,3812.75388284924
Costa Rica,Mortalidad_Baja,0.5,0.030498325391049602,0.1204933586337761,0.03992342318183874,0.00991482010743003,3275.25256447416
Croatia,Mortalidad_Baja,0.5,0.09955692659442641,0.03700189753320683,0.01061793524801009,0.011958752854851507,18466.0955472648
Croatia,Mortalidad_Baja,0.514,0.10222738563403419,0.03803795066413662,0.010226442850861066,0.012111396358367436,17789.9304736722
Croatia,Mortalidad_Baja,0.51,0.09723141551352724,0.03870967741935484,0.009597739918042964,0.013674279806673162,14808.4620188819
Croatia,Mortalidad_Baja,0.386,0.10040358248886279,0.02929791271347249,0.011579918582262946,0.015288414216421584,15563.8167397199
Croatia,Mortalidad_Baja,0.405,0.09828922813934998,0.030740037950664136,0.01139998057476467,0.014695934775586983,15460.4183295843
Croatia,Mortalidad_Baja,0.434,0.09978965111032839,0.03376470588235293,0.010418955135944746,0.015534138377634244,13902.6310485422
Croatia,Mortalidad_Baja,0.48,0.09501974067019263,0.037343453510436435,0.00997308664675112,0.014490411689376185,12821.1738140304
Croatia,Mortalidad_Baja,0.48,0.09322623061290984,0.03825426944971537,0.009659831086445284,0.015515435308573201,12285.3032582105
Croatia,Mortalidad_Baja,0.41100000000000003,0.0881813046892052,0.032755218216318785,0.011186642016269928,0.015675091712434173,14187.9694531493
Croatia,Mortalidad_Baja,0.4,0.09192673399478855,0.03263757115749526,0.013445324604886247,0.01330758603735673,14136.3967669505
Croatia,Mortalidad_Baja,0.41000000000000003,0.09331633657307292,0.0342314990512334,0.012531101809342199,0.014489040690909305,13508.6836989693
Croatia,Mortalidad_Baja,0.41000000000000003,0.09873339151760814,0.03500948766603416,0.013829186456297889,0.01318545577246452,14694.9993201417
Croatia,Mortalidad_Baja,0.44,0.10076768786705903,0.039240986717267556,0.012958263226300665,0.013822586369799631,13731.2865213989
Croatia,Mortalidad_Baja,0.41000000000000003,0.10163775302249103,0.037343453510436435,0.015209180330609157,0.012688907710663623,14475.9632928725
Croatia,Mortalidad_Baja,0.34,0.10518074806451919,0.03225806451612903,0.01785657485356933,0.013806606320355632,15889.4347074759
Croatia,Mortalidad_Baja,0.34,0.10793121224164695,0.03419354838709677,0.01698067882309615,0.015768577440008945,13757.605654192
Croatia,Mortalidad_Baja,0.35000000000000003,0.10383539504057644,0.03652751423149905,0.017781531366252924,0.015056929084227988,11502.753124287
Croatia,Mortalidad_Baja,0.37,0.1044555402601876,0.04072106261859582,0.016350363351040002,0.016614860718949232,10443.5278353294
Croatia,Mortalidad_Baja,0.38,0.1029619673929095,0.04398481973434535,0.018189445490306176,0.015031637290843365,9718.97322801967
Croatia,Mortalidad_Media,0.39,0.10300911603102701,0.04884250474383301,0.015791080224339775,0.01896130928947788,8190.11135193887
Croatia,Mortalidad_Media,0.37,0.09616656964550176,0.046337760910815935,0.02047626453805771,0.014795280110426396,6219.58164143945
Croatia,Mortalidad_Media,0.27,0.09390712996801653,0.03535104364326376,0.028758696969489173,0.015158267625705832,5364.83824691607
Croatia,Mortalidad_Media,0.5,0.0869176584781868,0.0683111954459203,0.01554448449762972,0.015942566154180788,4953.65158789022
Croatia,Mortalidad_Media,0.4132,0.07551765319578085,0.0674292220113852,0.02140012306490965,0.0169023052142539,4929.05772183424
Cyprus,Mortalidad_Baja,0.629,0.07764048725927641,0.03341935483870967,0.0029247694559849467,0.028316298530788257,33894.44921875
Cyprus,Mortalidad_Baja,0.65,0.0768752882388778,0.03330170777988615,0.003616702194964574,0.020557426794649745,33734.03515625
Cyprus,Mortalidad_Baja,0.5760000000000001,0.07559233751748776,0.02841745730550285,0.004958280622027996,0.015610183939172748,28649.015625
Cyprus,Mortalidad_Baja,0.43700000000000006,0.08113735600381476,0.021559772296015182,0.006259243799653615,0.01644458738704692,29703.052734375
Cyprus,Mortalidad_Baja,0.413,0.081859472885143,0.01959203036053131,0.006509068720972887,0.0160173746678761,29599.986328125
Cyprus,Mortalidad_Baja,0.536,0.08280633557781128,0.024409867172675518,0.00540798454802601,0.01389816949067005,26696.990234375
Cyprus,Mortalidad_Baja,0.63,0.08131463012209819,0.028690702087286524,0.005324108526299522,0.011562323674922343,24715.154296875
Cyprus,Mortalidad_Baja,0.63,0.0773944084833676,0.028690702087286524,0.004639204994842854,0.013756813715784815,23487.228515625
Cyprus,Mortalidad_Baja,0.64,0.07656720606525058,0.029146110056925995,0.004510223852304026,0.013970487867525633,27244.3515625
Cyprus,Mortalidad_Baja,0.63,0.07595223027840257,0.02988614800759013,0.005057310969749883,0.012998517485257407,27797.45703125
Cyprus,Mortalidad_Baja,0.63,0.08940321243813162,0.02988614800759013,0.0049702492383512115,0.013284048252302253,28991.935546875
Cyprus,Mortalidad_Baja,0.66,0.09670212540507485,0.03256166982922201,0.005085793550334953,0.012789341296287603,32485.796875
Cyprus,Mortalidad_Baja,0.64,0.10129783506857847,0.03400379506641366,0.005030424906802955,0.014765381383212732,31105.02734375
Cyprus,Mortalidad_Baja,0.53,0.1068243850307987,0.029165085388994306,0.005871246672253647,0.01605837522915018,32236.44921875
Cyprus,Mortalidad_Baja,0.56,0.11089276533522543,0.03294117647058823,0.005848665665809648,0.016360506116049573,35397.296875
Cyprus,Mortalidad_Baja,0.5700000000000001,0.10599842366147863,0.03569259962049336,0.0055545161620704255,0.018350848201202915,31244.87890625
Cyprus,Mortalidad_Baja,0.54,0.10208049889826541,0.036888045540796964,0.006594543809523353,0.01769929663712034,26729.28125
Cyprus,Mortalidad_Baja,0.61,0.09986253585160768,0.045142314990512335,0.007024220910404254,0.015606563282442138,24959.26171875
Cyprus,Mortalidad_Baja,0.7000000000000001,0.09992348220868716,0.057115749525616696,0.006891805458672508,0.015214516359929797,23792.619140625
Cyprus,Mortalidad_Baja,0.7000000000000001,0.1083897280231676,0.061100569259962045,0.007494343713610973,0.014913790677343506,20252.24609375
Cyprus,Mortalidad_Baja,0.7000000000000001,0.10136500346710774,0.06641366223908918,0.008467466104558565,0.01422228291320639,16093.2158203125
Cyprus,Mortalidad_Baja,0.5,0.10175507408363843,0.051233396584440226,0.012081413296613733,0.015268683889658767,14821.44921875
Cyprus,Mortalidad_Baja,0.5,0.10466018868421739,0.05502846299810247,0.011413214883187287,0.01781207846343194,14388.3525390625
Cyprus,Mortalidad_Baja,0.5918,0.09116353611653358,0.08983681214421252,0.012627333652528426,0.018937529722882346,15261.4169921875
Denmark,Mortalidad_Baja,0.995,0.12155292202842032,0.05852941176470588,0.0012416149023522114,0.048826464111972605,68091.3191138669
Denmark,Mortalidad_Baja,0.934,0.1277443155175208,0.05671347248576851,0.001657599901981414,0.03963645983395252,69727.9873677012
Denmark,Mortalidad_Baja,0.93,0.12195218538969416,0.05647058823529412,0.00225023670577927,0.028463930344385324,60985.4885601514
Denmark,Mortalidad_Baja,0.858,0.12755051358579464,0.053726755218216314,0.002263470874461711,0.031997992918610926,59404.2663247723
Denmark,Mortalidad_Baja,0.841,0.132802363661595,0.05425806451612903,0.0018549386709864311,0.04197487931113755,61324.7665045565
Denmark,Mortalidad_Baja,0.8490000000000001,0.13399001819868267,0.0547741935483871,0.002321799809758233,0.03252985967452203,57521.5514992225
Denmark,Mortalidad_Baja,0.92,0.13373206643877383,0.061100569259962045,0.0015795893366285887,0.04673130886878459,54500.9260410217
Denmark,Mortalidad_Baja,0.91,0.1317312973208113,0.060436432637571154,0.0015617351952879359,0.04785940621699866,53094.0133607574
Denmark,Mortalidad_Baja,0.937,0.1332621288185666,0.06222960151802656,0.002259988089666293,0.031033640159700907,62520.4509747011
Denmark,Mortalidad_Baja,0.9400000000000001,0.14228049124897374,0.062428842504743835,0.0020916740560115187,0.033678187422731334,61377.5940590412
Denmark,Mortalidad_Baja,0.93,0.14211972235127623,0.061764705882352944,0.0027214117196699868,0.025426534320500856,58443.7747103968
Denmark,Mortalidad_Baja,0.93,0.1489169966945216,0.061764705882352944,0.0021338284303710265,0.033337413710667424,61809.737898222
Denmark,Mortalidad_Baja,0.93,0.16188675503713523,0.061764705882352944,0.0019994240620033123,0.03580037761914744,58104.5445594981
Denmark,Mortalidad_Baja,0.9400000000000001,0.1554473102994607,0.0642125237191651,0.0013431589886141301,0.055931929845253435,58412.7472358513
Denmark,Mortalidad_Baja,0.9500000000000001,0.16210358965156257,0.06669829222011385,0.0013862313403386075,0.05506477776177797,64616.6657583663
Denmark,Mortalidad_Baja,0.9500000000000001,0.1678507189560482,0.06850094876660341,0.001927593656643683,0.03980696334534536,58631.6566433635
Denmark,Mortalidad_Baja,0.9500000000000001,0.1726384552434409,0.07030360531309297,0.0018887662777579825,0.041850926018885654,52119.1787984282
Denmark,Mortalidad_Baja,0.9500000000000001,0.16126354997069337,0.07390891840607211,0.0018620114369891363,0.04484853071054008,48925.8076698784
Denmark,Mortalidad_Baja,0.9500000000000001,0.16654296665359666,0.07571157495256167,0.002629929512911934,0.03162042885077468,46625.050098011
Denmark,Mortalidad_Baja,0.9500000000000001,0.17262388127998718,0.07931688804554081,0.0026137565798783732,0.03350978307235341,40519.0974905924
Denmark,Mortalidad_Baja,0.98,0.16366037382011708,0.08368121442125237,0.002801712969301706,0.030745531768591232,33257.1622586509
Denmark,Mortalidad_Baja,1.0,0.16599047737097233,0.0872865275142315,0.003613997685561975,0.02313988846363813,30768.4775471112
Denmark,Mortalidad_Baja,1.0,0.16156882995095484,0.08918406072106262,0.0033632130261301457,0.02572927570338073,30722.0251837567
Denmark,Mortalidad_Baja,0.726,0.17160418240091602,0.07439089184060721,0.006100856772331191,0.022025291708066903,35321.0980773087
Djibouti,Mortalidad_Alta,0.245,0.024003016042413478,0.21338709677419354,0.0168022933357231,0.22833175636151723,3133.25779772463
Djibouti,Mortalidad_Alta,0.27899999999999997,0.036207613503427036,0.25041176470588233,0.01686411284385871,0.20553970534249044,3025.91126413549
Djibouti,Mortalidad_Alta,0.255,0.05212494344348553,0.23612903225806453,0.01225590630471719,0.32108098714214206,2844.88810647853
Djibouti,Mortalidad_Alta,0.281,0.05212494344348553,0.26873624288425046,0.008459856716006567,0.43713632266427294,2837.16902340932
Djibouti,Mortalidad_Alta,0.29,0.06334609022534861,0.2861480075901328,0.007643532465591188,0.4840414468842396,2718.08338799203
Djibouti,Mortalidad_Alta,0.326,0.05153312554173943,0.33094876660341555,0.006211670031770286,0.545545528314412,2618.95521147369
Djibouti,Mortalidad_Alta,0.34,0.0331613118513821,0.3554838709677419,0.004581539702236284,0.7315250819768827,2510.4300076241
Djibouti,Mortalidad_Alta,0.36,0.060771395424579405,0.3866413662239089,0.004602644013471437,0.7063255515023364,2376.12554719873
Djibouti,Mortalidad_Alta,0.309,0.02285877695132655,0.3418349146110057,0.006198304237985811,0.6290532139105581,2214.62084142432
Djibouti,Mortalidad_Alta,0.3,0.03075747396970195,0.3409867172675522,0.006226814403776234,0.6628350159585495,2075.94498424748
Djibouti,Mortalidad_Alta,0.32,0.01693378185732375,0.37404174573055027,0.07719545665972329,0.04850187194827189,1400.19357858954
Djibouti,Mortalidad_Alta,0.28,0.01680298447573577,0.33631878557874767,0.14388343501359863,0.029338565036436462,1306.34552844977
Djibouti,Mortalidad_Alta,0.3,0.018223062392565274,0.36944971537001897,0.10922841707363694,0.037842409665497935,1213.23352553429
Djibouti,Mortalidad_Alta,0.29,0.015427934348307373,0.36648956356736245,0.11277730446207024,0.039001624684379975,1150.9375857489
Djibouti,Mortalidad_Alta,0.3,0.021639747777491197,0.3876660341555977,0.1072447987563146,0.04066964496948326,1119.15233346969
Djibouti,Mortalidad_Alta,0.3,0.007137149123529056,0.39791271347248575,0.16814749591743383,0.0254844522560308,969.573220191902
Djibouti,Mortalidad_Alta,0.3,0.0073035408953772965,0.4075901328273245,0.13121257775516534,0.034484724684497585,898.464628136774
Djibouti,Mortalidad_Alta,0.3,0.0072357057597265415,0.41726755218216316,0.15978997891961055,0.028463517471521926,844.4483573908
Djibouti,Mortalidad_Alta,0.3,0.007020014083245106,0.4263757115749526,0.12868891289204806,0.03700147049523118,806.261652944964
Djibouti,Mortalidad_Alta,0.3,0.011670471988246296,0.4349146110056926,0.10807945687574365,0.04564793669526844,764.634465224597
Djibouti,Mortalidad_Alta,0.3,0.014055480137195632,0.444022770398482,0.10122396054872788,0.05005768684314006,743.013270420348
Djibouti,Mortalidad_Alta,0.3,0.014055480137195632,0.452561669829222,0.10122396054872788,0.05108383639050754,742.133791107063
Djibouti,Mortalidad_Alta,0.3,0.012717461749303917,0.4605313092979127,0.09759694760289701,0.05409832258244484,737.612183644052
Djibouti,Mortalidad_Alta,0.24980000000000002,0.011920950009051672,0.40290322580645166,0.1331361799161983,0.0497930026009266,786.201866748458
Dominican Republic,Mortalidad_Media,0.308,0.04365852184258007,0.1700721062618596,0.021100722442436194,0.08971632366042602,10104.2449349081
Dominican Republic,Mortalidad_Media,0.34600000000000003,0.043135287435412305,0.1956508538899431,0.019063470064985523,0.09055394204878542,8527.0754858205
Dominican Republic,Mortalidad_Media,0.312,0.0386529738892743,0.17997722960151802,0.022679712725118262,0.08594733392438238,7135.22273255899
Dominican Republic,Mortalidad_Media,0.23199999999999998,0.043106881330639446,0.1360303605313093,0.029168961923807094,0.09155580917328594,8183.01623600375
Dominican Republic,Mortalidad_Media,0.262,0.03950005133406132,0.15511195445920303,0.027300193840611588,0.08731530081068825,7882.98221584944
Dominican Republic,Mortalidad_Media,0.309,0.03780763037489911,0.1835237191650854,0.024495322122309184,0.08260454036426136,7412.71571571512
Dominican Republic,Mortalidad_Media,0.32,0.03865420041043008,0.19005692599620494,0.024579533944426805,0.0793672930673488,7160.44200982307
Dominican Republic,Mortalidad_Media,0.29,0.03657903789260126,0.1716888045540797,0.027293744952634764,0.07858537909413398,6800.95309395474
Dominican Republic,Mortalidad_Media,0.273,0.034159436629605515,0.16058823529411767,0.02772658458509074,0.081777747638944,6496.45166971142
Dominican Republic,Mortalidad_Media,0.26,0.03492841293319974,0.15244781783681213,0.030053512556607147,0.07884910298813948,6136.59429329301
Dominican Republic,Mortalidad_Media,0.3,0.03627769669777568,0.17533206831119544,0.026801681311596885,0.07627561395367934,6013.81965002603
Dominican Republic,Mortalidad_Media,0.3,0.035751089593784466,0.17533206831119544,0.028234325008665677,0.07223774531623171,5826.51014109195
Dominican Republic,Mortalidad_Media,0.3,0.035441150256160715,0.17476280834914612,0.03064025771474949,0.06608020939312455,5478.62470398954
Dominican Republic,Mortalidad_Media,0.3,0.034057392313877645,0.17476280834914612,0.03134581040993113,0.06451850569408486,4973.95186999952
Dominican Republic,Mortalidad_Media,0.28,0.03540265515058033,0.16364326375711574,0.03504201263457658,0.06190992580922604,5023.58513403515
Dominican Republic,Mortalidad_Media,0.3,0.03724530431199741,0.17590132827324478,0.03396061606300769,0.0597044522756907,4649.64558875814
Dominican Republic,Mortalidad_Media,0.29,0.03633244755842927,0.17058823529411765,0.03700461353020288,0.056709040085777596,4055.14270347371
Dominican Republic,Mortalidad_Media,0.33,0.03537773094256936,0.19537001897533204,0.034193906615955394,0.054138106252615455,3878.31206735244
Dominican Republic,Mortalidad_Media,0.35000000000000003,0.034326539615370286,0.20920303605313093,0.03138406314076652,0.056271987038325345,2451.69161616569
Dominican Republic,Mortalidad_Media,0.31,0.03592788860140224,0.18705882352941175,0.03378509251214014,0.05977393195140582,2383.26171780393
Dominican Republic,Mortalidad_Media,0.3,0.040490241232082204,0.18387096774193548,0.03549157918031352,0.05971813161690735,3065.60329524196
Dominican Republic,Mortalidad_Media,0.3,0.03758749145379487,0.1872865275142315,0.036495023517177816,0.05912383372371814,2935.89367312668
Dominican Republic,Mortalidad_Media,0.3,0.03928619856921928,0.19127134724857686,0.03503899947816523,0.06310130864389656,2831.45883638033
Dominican Republic,Mortalidad_Media,0.3,0.030399777050266273,0.22485768500948766,0.05118822249733913,0.05013339731007245,2109.16940728689
Ecuador,Mortalidad_Baja,0.37200000000000005,0.041536249848484225,0.07905882352941176,0.0310950279717151,0.016812357989521316,6515.58528418336
Ecuador,Mortalidad_Media,0.385,0.04067310892177405,0.08255218216318785,0.03283684799106767,0.01526655612598886,6061.32350181711
Ecuador,Mortalidad_Media,0.334,0.035999025062334974,0.07288425047438331,0.03928314369152675,0.01490619851976883,5463.64515348598
Ecuador,Mortalidad_Baja,0.253,0.04150064744488493,0.056168880455407966,0.04815566280940231,0.016647866973412032,6205.05765246766
Ecuador,Mortalidad_Baja,0.302,0.03990467990640897,0.06819354838709678,0.03960817138539751,0.017364994409361387,6303.91886658338
Ecuador,Mortalidad_Baja,0.33899999999999997,0.04122105142940523,0.07847817836812143,0.036472058932507816,0.01719649291479027,6233.32244797718
Ecuador,Mortalidad_Baja,0.33,0.04064809366671305,0.07827324478178369,0.03827232316336249,0.017258484024312484,5917.63771271481
Ecuador,Mortalidad_Baja,0.35000000000000003,0.04301757414770569,0.08567362428842505,0.03585453038297354,0.018053010246956776,5976.1596805651
Ecuador,Mortalidad_Baja,0.26,0.04517914568451675,0.06611005692599621,0.04455816989362419,0.020726489180083938,6405.79979300441
Ecuador,Mortalidad_Baja,0.27,0.04185787122597317,0.07172675521821632,0.04035120370747867,0.023393022932301808,6109.29031510341
Ecuador,Mortalidad_Baja,0.25,0.04002341341160284,0.06925996204933586,0.043806060060356124,0.024392990903373123,5634.08393191094
Ecuador,Mortalidad_Media,0.22,0.04091469042379272,0.06387096774193549,0.056245065861176426,0.022384609560652063,5153.6916424375
Ecuador,Mortalidad_Baja,0.2,0.03980638474705098,0.06072106261859583,0.06516836241483653,0.02220008166704183,4520.30959039763
Ecuador,Mortalidad_Media,0.21,0.03808364518555047,0.06654648956356736,0.06416651417808711,0.022444084895867657,4053.36331139298
Ecuador,Mortalidad_Media,0.23,0.034950168845576106,0.07593927893738141,0.04999579208936893,0.028132799894875243,4194.75750661981
Ecuador,Mortalidad_Media,0.25,0.04017815360727781,0.08586337760910817,0.047867538581500405,0.028119015057485625,3478.92488770671
Ecuador,Mortalidad_Media,0.24,0.03718718594535716,0.08561669829222013,0.05032674251020916,0.02903282854076361,3243.67010359339
Ecuador,Mortalidad_Media,0.22,0.03843390683031824,0.08140417457305503,0.05494917324190867,0.03020793503879443,2909.02606014388
Ecuador,Mortalidad_Media,0.22,0.036006762593547285,0.0847438330170778,0.05667448729636858,0.03052072431232218,2586.20914663347
Ecuador,Mortalidad_Media,0.23,0.03529317573385861,0.09208728652751423,0.061565545541939694,0.027653627294824006,2315.62215223014
Ecuador,Mortalidad_Media,0.26,0.03246643050597875,0.10804554079696393,0.05677191497904047,0.02751993780335386,2059.1585535974
Ecuador,Mortalidad_Media,0.24,0.030575649929201698,0.10474383301707779,0.06825782404821479,0.025864666758127507,1791.30359685037
Ecuador,Mortalidad_Media,0.23,0.029192320821266413,0.10518026565464897,0.08436180342856527,0.022500739762720226,1382.23421759909
Ecuador,Mortalidad_Media,0.1,0.031065106311134523,0.06204933586337761,0.3428437253781116,0.01651206403127979,2108.00698245316
El Salvador,Mortalidad_Media,0.36100000000000004,0.035222063536881586,0.06507590132827325,0.019758304994429595,0.02436673417978888,5074.60210221806
El Salvador,Mortalidad_Media,0.342,0.03306243956779347,0.0635977229601518,0.02201574468104059,0.023736906841942032,4642.60743101342
El Salvador,Mortalidad_Media,0.316,0.03063816430831655,0.06116129032258064,0.026513499312806776,0.02198914426347498,3997.19279583709
El Salvador,Mortalidad_Media,0.23399999999999999,0.03364973117785457,0.047066413662239084,0.034411321410910835,0.024045095918943975,4320.11671534627
El Salvador,Mortalidad_Media,0.252,0.03178246163645756,0.05307779886148008,0.03186852616599336,0.025411298302074378,4183.54620971358
El Salvador,Mortalidad_Media,0.317,0.030858823870598837,0.06917457305502847,0.026618448261360405,0.025010514929193883,4020.12671373919
El Salvador,Mortalidad_Media,0.39,0.031431151127625956,0.0888045540796964,0.022996623543153488,0.02449354169685842,3901.34014965811
El Salvador,Mortalidad_Media,0.38,0.03084437015745646,0.09013282732447818,0.02276848089748537,0.026711389426690067,3790.34089108162
El Salvador,Mortalidad_Media,0.34299999999999997,0.02966973133883118,0.08526185958254268,0.026762294452292012,0.026344709468740353,3666.01248913873
El Salvador,Mortalidad_Media,0.34,0.030182591182547777,0.08774193548387096,0.025831562949028296,0.028866593786384218,3582.26694005169
El Salvador,Mortalidad_Media,0.36,0.032102200358713945,0.09768500948766605,0.02831260596847621,0.025843823849758512,3497.91256915509
El Salvador,Mortalidad_Media,0.34,0.03168674665603175,0.09612903225806452,0.03373240205127014,0.023686740690373284,3330.60049486653
El Salvador,Mortalidad_Media,0.39,0.03189705236264233,0.1154459203036053,0.028009667014659217,0.02636507386197026,3040.07300952878
El Salvador,Mortalidad_Media,0.4,0.03154367622987036,0.12447817836812144,0.02608464397097311,0.02935089792344367,2910.18651752011
El Salvador,Mortalidad_Media,0.4,0.03214133629192878,0.13055028462998103,0.02773343888358346,0.028907760984142057,2983.24829577976
El Salvador,Mortalidad_Media,0.42,0.03178104879606687,0.1442504743833017,0.02605144197497962,0.031063317783480947,2830.65693770733
El Salvador,Mortalidad_Media,0.42,0.031429295835214366,0.15142314990512334,0.0225237997392267,0.03842197723049695,2665.61807194853
El Salvador,Mortalidad_Media,0.37,0.02943119023754343,0.14111954459203035,0.026098216394176716,0.039940080889559894,2447.39140845394
El Salvador,Mortalidad_Media,0.34,0.028674791562537334,0.13677419354838707,0.02635902337280564,0.045839772384185955,2285.68907438892
El Salvador,Mortalidad_Media,0.36,0.02843264063527212,0.15301707779886148,0.023853596489080947,0.05088747085576811,2207.83089518069
El Salvador,Mortalidad_Media,0.41000000000000003,0.026579407581223766,0.1843833017077799,0.022221460277442488,0.05073797672657685,2115.41187355626
El Salvador,Mortalidad_Media,0.39,0.025908898147497906,0.18500948766603414,0.026825300852416235,0.04634054013204311,2058.04459070452
El Salvador,Mortalidad_Media,0.36,0.02447511845890289,0.1810246679316888,0.031174258999772077,0.045751547414807095,1982.87093542615
El Salvador,Mortalidad_Alta,0.5,0.026615321742728244,0.33870967741935487,0.036076792881111465,0.03781233984302356,1548.3763038362
Estonia,Mortalidad_Baja,0.8390000000000001,0.16469344016822152,0.027064516129032257,0.004541251902512497,0.0059669629882027515,28451.1477825175
Estonia,Mortalidad_Baja,0.8640000000000001,0.15857214134362804,0.029510436432637573,0.003480571256689254,0.009132521640586451,27953.7670230126
Estonia,Mortalidad_Baja,0.8590000000000001,0.15579442333681826,0.02933965844402277,0.0035187083518209523,0.009069344557313034,23933.9939421065
Estonia,Mortalidad_Baja,0.731,0.16947348753002042,0.026354838709677416,0.004849378524729006,0.00783249752074032,24021.2501413306
Estonia,Mortalidad_Baja,0.757,0.2018877196306453,0.02872865275142315,0.004235829301408111,0.009655363470329179,23618.1361254581
Estonia,Mortalidad_Baja,0.6990000000000001,0.20582751507581165,0.02918026565464896,0.005235246582709159,0.009187044872420886,20851.5223496861
Estonia,Mortalidad_Baja,0.6900000000000001,0.21207292166122596,0.030113851992409863,0.0046975044848391765,0.011439201440005443,18666.3736521706
Estonia,Mortalidad_Baja,0.68,0.17103374049617145,0.03225806451612903,0.006457357496941796,0.008525608856151308,17722.1557669523
Estonia,Mortalidad_Baja,0.642,0.1956804935999782,0.03167362428842505,0.007591516000314142,0.007780309520746988,20581.7898991695
Estonia,Mortalidad_Baja,0.64,0.20539685257588494,0.03400379506641366,0.0074501422885130545,0.008897282233301645,19310.3874900757
Estonia,Mortalidad_Baja,0.65,0.18444322809208327,0.03700189753320683,0.007905754660318797,0.008825892407080387,17568.2137969714
Estonia,Mortalidad_Baja,0.66,0.19964813363621678,0.041328273244781784,0.008690006625221491,0.008650826618133203,17555.5455239426
Estonia,Mortalidad_Baja,0.66,0.20464762435817752,0.0450853889943074,0.007517154642876981,0.011771929435160276,14663.7041018705
Estonia,Mortalidad_Media,0.65,0.1555121785249846,0.04810246679316888,0.005948107296048911,0.017653333568611398,14712.4494217916
Estonia,Mortalidad_Media,0.67,0.19179648052855985,0.05466793168880456,0.00794284456837356,0.013483691979814373,18205.9064113446
Estonia,Mortalidad_Media,0.64,0.21721121211961705,0.05707779886148008,0.0095964006619968,0.012595580874686261,16745.4308011148
Estonia,Mortalidad_Media,0.6,0.18549559693413378,0.05806451612903226,0.008198177684550858,0.018236912461244523,12641.4800976473
Estonia,Mortalidad_Media,0.55,0.18589882700518018,0.05844402277039848,0.009349885724792693,0.019320536285465584,10414.6381183565
Estonia,Mortalidad_Media,0.56,0.18297090550937103,0.06588235294117646,0.010110562178339593,0.01944638797276415,8916.0728274602
Estonia,Mortalidad_Media,0.56,0.17033479584264677,0.07225806451612904,0.009665171026218273,0.022797598739797333,7205.40703313243
Estonia,Mortalidad_Media,0.5700000000000001,0.15620369692329877,0.08003795066413662,0.009751434189714367,0.02435537396533934,5343.18310760735
Estonia,Mortalidad_Media,0.5700000000000001,0.1661264193595794,0.08760910815939278,0.009597602818685706,0.02745685067922017,4502.66614992392
Estonia,Mortalidad_Media,0.5700000000000001,0.15630024324754083,0.09518026565464896,0.010664195043781825,0.02677277743818958,4070.60902410208
Estonia,Mortalidad_Media,0.5,0.18133198782941867,0.11859582542694497,0.012925826283132085,0.03687751631956407,3134.38975345407
Eswatini,Mortalidad_Alta,0.321,0.04405052747313412,0.2716622390891841,0.03695666694680913,0.07479970434526585,3889.65276959161
Eswatini,Mortalidad_Alta,0.364,0.043690213295305196,0.31634155597722957,0.03095862460137771,0.0811297818402775,3966.29863253832
Eswatini,Mortalidad_Alta,0.37200000000000005,0.04556199880840769,0.3324705882352941,0.03219798609542469,0.07838872711330694,3454.784217446
Eswatini,Mortalidad_Alta,0.35000000000000003,0.04703097395026611,0.3201138519924099,0.03319718472058431,0.08287696353582391,3913.12643969301
Eswatini,Mortalidad_Alta,0.269,0.045490854883918505,0.24756166982922204,0.04296168700049845,0.08388097101758281,3973.46344933667
Eswatini,Mortalidad_Alta,0.309,0.045804667231349495,0.3019639468690702,0.041088688520037324,0.08096353598253449,3853.99147918102
Eswatini,Mortalidad_Alta,0.43,0.04759780274749736,0.4242884250474383,0.019560572169079537,0.1251311132560852,3239.80707501414
Eswatini,Mortalidad_Alta,0.39,0.048106213779555096,0.406280834914611,0.02960044270261633,0.09549257934878,3420.75357067279
Eswatini,Mortalidad_Alta,0.316,0.04620533062039022,0.347180265654649,0.04061695961346484,0.09041268160457507,3771.90796458406
Eswatini,Mortalidad_Alta,0.31,0.04701417030409747,0.3376470588235294,0.04226607318066017,0.08770647761863795,3951.12008139006
Eswatini,Mortalidad_Alta,0.32,0.045759978502555414,0.3521821631878558,0.04988879739494398,0.07217218704600038,4347.99569336631
Eswatini,Mortalidad_Alta,0.36,0.046039007905054594,0.3948387096774194,0.04224442642759829,0.07565295787697109,4312.34243414155
Eswatini,Mortalidad_Alta,0.36,0.0383435542412246,0.4235294117647059,0.04414079273750188,0.0777516467590168,3992.95199562618
Eswatini,Mortalidad_Alta,0.33,0.045737935370065756,0.4101518026565465,0.043858800002318885,0.09071235708211323,3239.7578007877
Eswatini,Mortalidad_Alta,0.25,0.04080208509041823,0.3249525616698292,0.06258166511598562,0.0876530883332009,2999.82816920508
Eswatini,Mortalidad_Alta,0.27,0.04144933358316291,0.3396774193548387,0.06231953239870545,0.07855372926731982,3180.86121498525
Eswatini,Mortalidad_Alta,0.3,0.041335851060544576,0.3734345351043643,0.05833042290750963,0.07457530948698406,3035.06156119205
Eswatini,Mortalidad_Alta,0.3,0.03939132888537575,0.4252371916508539,0.057222357983066546,0.08709565110686024,2945.36394872311
Eswatini,Mortalidad_Alta,0.3,0.03926815027556008,0.43092979127134723,0.05037824173403902,0.10075114807085192,2581.24172793045
Eswatini,Mortalidad_Alta,0.3,0.04027554174070823,0.4320683111954459,0.06459439576428219,0.07806516454478281,2060.18418135789
Eswatini,Mortalidad_Alta,0.3,0.041086091281168656,0.4280834914611006,0.06520606148630684,0.0765585153984445,1351.86550182919
Eswatini,Mortalidad_Alta,0.3,0.04115138753727516,0.42296015180265656,0.06310255991712205,0.07823300143088383,1467.5389023828
Eswatini,Mortalidad_Alta,0.3,0.04195199371120636,0.41555977229601515,0.06423303026214335,0.07539654070507733,1668.9749133064
Eswatini,Mortalidad_Alta,0.5,0.04556524959030783,0.5939278937381404,0.03154125561736822,0.0791590495591352,1750.75400773784
Ethiopia,Mortalidad_Media,0.332,0.017087375837939244,0.23309297912713475,0.17739773236483217,0.009748783144457936,1011.07332413462
Ethiopia,Mortalidad_Alta,0.315,0.01690083342246459,0.22892789373814038,0.18665809113986281,0.01023001601457273,910.947887074508
Ethiopia,Mortalidad_Alta,0.294,0.01721430336015632,0.22091840607210625,0.1892361629870264,0.011484489154225905,905.313159254148
Ethiopia,Mortalidad_Alta,0.35100000000000003,0.017473285704077832,0.2730740037950664,0.14992481572989366,0.012883450472394134,828.709080522921
Ethiopia,Mortalidad_Alta,0.37700000000000006,0.017403138565390015,0.30403225806451617,0.12956442977245128,0.014773221079496064,747.968003672674
Ethiopia,Mortalidad_Alta,0.376,0.017280358969570586,0.31535483870967745,0.14056377138909687,0.014071317739648473,745.632433925343
Ethiopia,Mortalidad_Alta,0.33,0.017351986190236895,0.28804554079696393,0.16450847686642794,0.01430062263444746,696.196084806324
Ethiopia,Mortalidad_Alta,0.33,0.017186743053502353,0.3005692599620493,0.17095672671054474,0.01437314075478154,621.845673808133
Ethiopia,Mortalidad_Alta,0.27,0.017192065944156378,0.25667931688804557,0.2232227347842852,0.013966605279304394,549.986577082588
Ethiopia,Mortalidad_Alta,0.27,0.01700101589839669,0.267438330170778,0.23897943250433232,0.01350413612160001,484.039833104062
Ethiopia,Mortalidad_Alta,0.27,0.01680494428245817,0.27922201138519925,0.25689404865758647,0.013021011617672924,452.101031885754
Ethiopia,Mortalidad_Alta,0.27,0.016783126907653014,0.29100569259962045,0.23904003760008782,0.014980508060267865,343.024942351887
Ethiopia,Mortalidad_Alta,0.26,0.016643384841075033,0.292561669829222,0.2494185258128443,0.01569454268713205,330.619412798644
Ethiopia,Mortalidad_Alta,0.24,0.01665067604743222,0.2818975332068311,0.29912210651143795,0.014610355633703215,368.574712267445
Ethiopia,Mortalidad_Alta,0.24,0.016657779505288326,0.29464895635673627,0.2945707635273929,0.015709891654137845,316.410475118075
Ethiopia,Mortalidad_Alta,0.22,0.01661188270551493,0.282618595825427,0.3005862829787918,0.01796562426936972,237.146255996319
Ethiopia,Mortalidad_Alta,0.23,0.01653624567519771,0.3094307400379507,0.2892802946490334,0.018835153126738554,189.345737521418
Ethiopia,Mortalidad_Alta,0.25,0.01650576415865124,0.35294117647058826,0.2576909404232508,0.02068942993291484,158.243458082465
Ethiopia,Mortalidad_Alta,0.35000000000000003,0.01661658017072119,0.5173624288425047,0.17291254774589046,0.023438247784239242,133.169812538096
Ethiopia,Mortalidad_Alta,0.32,0.016609804580570674,0.4954838709677419,0.18230377207841153,0.02575609675706566,116.800491132777
Ethiopia,Mortalidad_Alta,0.32,0.016569286253256824,0.5167362428842505,0.1891847881597493,0.02590022987079914,109.593813612988
Ethiopia,Mortalidad_Alta,0.3,0.016579203384018745,0.5049335863377609,0.22082401268581653,0.02451297332611493,118.457204255261
Ethiopia,Mortalidad_Alta,0.3,0.0164228886562454,0.5248576850094877,0.23295220286962864,0.024105246379634647,122.269202606069
Ethiopia,Mortalidad_Alta,0.3,0.01648245203278513,0.6261859582542695,0.264216965860825,0.025527250958155025,136.523619088963
Fiji,Mortalidad_Media,0.543,0.05232114891853406,0.242134724857685,0.036627393028735446,0.021244208435506638,5405.03006162671
Fiji,Mortalidad_Alta,0.46799999999999997,0.06020477691166601,0.20336242884250472,0.05107264063500568,0.016601219843887533,4696.17103944634
Fiji,Mortalidad_Media,0.456,0.05767101941128087,0.18949525616698293,0.04915061392587731,0.016996894540074067,4844.42127154524
Fiji,Mortalidad_Media,0.23399999999999999,0.07392439092561455,0.0914686907020873,0.0754976679135175,0.020921684357970555,5950.82866866702
Fiji,Mortalidad_Media,0.348,0.06578840037508032,0.12678557874762808,0.04903650934915572,0.02007155392476009,6085.41979485376
Fiji,Mortalidad_Media,0.327,0.06264402417145043,0.1116888045540797,0.05039260611830313,0.019390387840822945,5826.84814459328
Fiji,Mortalidad_Alta,0.223,0.0781778598878825,0.07193548387096775,0.07482378974329439,0.017863400842249477,5363.79026679243
Fiji,Mortalidad_Alta,0.223,0.04853072282864104,0.06897343453510436,0.05522939973100366,0.02419181347673539,5097.53106864695
Fiji,Mortalidad_Alta,0.2,0.060217584615717704,0.06072106261859583,0.06335583929457755,0.022929663590179054,5293.35676680464
Fiji,Mortalidad_Alta,0.2,0.0620825635593969,0.0603415559772296,0.07911620490892157,0.017572870833056354,4572.44377544245
Fiji,Mortalidad_Alta,0.2,0.05558810000484979,0.061100569259962045,0.07569492651777451,0.018790828754612663,4341.40338748749
Fiji,Mortalidad_Media,0.4,0.06240963372440532,0.12447817836812144,0.03605571830355965,0.020320836083176867,4139.60288609702
Fiji,Mortalidad_Alta,0.4,0.0424301954365092,0.12751423149905122,0.036697926541123034,0.02047352445841184,3449.14452883369
Fiji,Mortalidad_Alta,0.4,0.06106062269941803,0.12979127134724858,0.039461633052100376,0.01920322271571033,3164.13275408169
Fiji,Mortalidad_Alta,0.4,0.05454011917888907,0.13206831119544593,0.041843975929487624,0.018294257171532605,3899.92231512129
Fiji,Mortalidad_Alta,0.4,0.026633912524612596,0.13282732447817835,0.046480807628322976,0.016251584417735034,3762.74692789299
Fiji,Mortalidad_Alta,0.3,0.028685370001056604,0.09905123339658443,0.06452864756656493,0.015370278894108852,3455.10599907349
Fiji,Mortalidad_Alta,0.3,0.0299483750905788,0.0984819734345351,0.06297275233296463,0.015721661361361175,3377.69126953493
Fiji,Mortalidad_Alta,0.3,0.0348977294042422,0.09734345351043643,0.06440994213374131,0.01508216075490723,3097.19096651759
Fiji,Mortalidad_Alta,0.3,0.05786657678991461,0.09563567362428843,0.0652676560430479,0.014522272232258772,2655.58079586044
Fiji,Mortalidad_Alta,0.3,0.03294962141226962,0.09506641366223909,0.06942203329283776,0.013355872350019607,2136.56794118683
Fiji,Mortalidad_Alta,0.3,0.04624260893764154,0.09449715370018977,0.06786732818208557,0.013635439721110103,1944.997414609
Fiji,Mortalidad_Alta,0.3,0.03853769521618407,0.09449715370018977,0.07816638525229981,0.011403782458859231,1995.72071163264
Fiji,Mortalidad_Alta,0.3,0.02693857622310799,0.10246679316888045,0.08957469750862418,0.01061312405382423,2466.74347815903
Finland,Mortalidad_Baja,0.9640000000000001,0.2632362077433002,0.03292599620493359,0.0036378288348118573,0.007360855881671064,50440.560224974
Finland,Mortalidad_Baja,0.9720000000000001,0.2777351270655239,0.03319924098671727,0.0034754592141076836,0.007767155973927442,53099.1351400148
Finland,Mortalidad_Baja,0.961,0.26589070023978034,0.0328235294117647,0.0036476389118439527,0.0073653761216818,48828.6846862799
Finland,Mortalidad_Baja,0.925,0.2791434845102145,0.033349146110056925,0.0037039743817759516,0.008218318730800363,48358.1807773701
Finland,Mortalidad_Baja,0.898,0.28567796486687225,0.03237571157495256,0.0036837172216968622,0.008629957484743015,49654.2497035329
Finland,Mortalidad_Baja,0.9,0.2812558546686865,0.032447817836812144,0.003595227146935978,0.008896475150231582,46085.0174739036
Finland,Mortalidad_Baja,0.89,0.2835983503868166,0.03208728652751423,0.0036738411059936025,0.008769576205660401,43451.2562442158
Finland,Mortalidad_Baja,0.89,0.27436136652133486,0.03377609108159393,0.00362237021972808,0.009585483240614336,42560.3456767103
Finland,Mortalidad_Baja,0.934,0.28941837956459077,0.03544592030360531,0.003714867480237173,0.008672586419064182,50073.7760815871
Finland,Mortalidad_Baja,0.9400000000000001,0.28441890206309106,0.0374573055028463,0.003681577850155743,0.009304030237754371,49691.0145200739
Finland,Mortalidad_Baja,0.92,0.29033405546894714,0.03840607210626186,0.003721710374331225,0.010045912278841143,47551.6740841369
Finland,Mortalidad_Baja,0.89,0.30226877858852996,0.038842504743833016,0.003971316423544474,0.010216373385567537,51060.3242589767
Finland,Mortalidad_Baja,0.9,0.31571163603925795,0.04098671726755218,0.0041145631103061305,0.010161751669639557,46506.2919016566
Finland,Mortalidad_Baja,0.9400000000000001,0.2898364733923041,0.046375711574952565,0.0037514948906128237,0.012014607145099887,47478.3495310999
Finland,Mortalidad_Baja,0.96,0.3083721978003003,0.04918406072106263,0.003594358031439768,0.012953217369509508,53769.4726240385
Finland,Mortalidad_Baja,0.96,0.32296572827147857,0.051005692599620484,0.0038798389086870835,0.012314891441426284,48473.0240091455
Finland,Mortalidad_Baja,0.97,0.32936075599241277,0.0533776091081594,0.003228629300080112,0.01593467625163845,41214.0187765069
Finland,Mortalidad_Baja,0.97,0.3037927327412985,0.055218216318785575,0.0036753440500634175,0.014179281793723098,39049.8703780223
Finland,Mortalidad_Baja,0.97,0.33039501170828606,0.05705882352941176,0.0038389455093929595,0.013992170673704478,37768.1334202029
Finland,Mortalidad_Baja,0.99,0.32775823824833666,0.060113851992409865,0.004008529187189636,0.013449410813317247,32920.0857192568
Finland,Mortalidad_Baja,1.0,0.31154526745633876,0.06261859582542695,0.004182457706769682,0.013088944758435311,26989.389260959
Finland,Mortalidad_Baja,0.98,0.29683498700292815,0.0632258064516129,0.004413876918844451,0.013026798071947945,24965.202996776
Finland,Mortalidad_Baja,0.96,0.28993711520139476,0.06375711574952561,0.004815871175045242,0.012424911932782669,24335.9225082659
Finland,Mortalidad_Baja,0.778,0.26231419591200894,0.06348007590132827,0.007643665283479989,0.01171933687299402,26246.2743214462
France,Mortalidad_Baja,0.7590000000000001,0.1435266391554403,0.04896774193548387,0.0036345054032625073,0.022302381032832126,41082.8119320747
France,Mortalidad_Baja,0.8009999999999999,0.16058642042926127,0.0516774193548387,0.0028584142954877064,0.02754720265075222,43725.0999521245
France,Mortalidad_Baja,0.833,0.14919148173885885,0.05216129032258064,0.002743139241837248,0.026699555170762224,39169.8606000707
France,Mortalidad_Baja,0.679,0.16670133955077676,0.04251802656546489,0.0032451260797698275,0.027810529346881253,40408.2848574751
France,Mortalidad_Baja,0.6509999999999999,0.16966081458094562,0.040764705882352946,0.003679881993284699,0.02531484021970176,41418.1766484844
France,Mortalidad_Baja,0.6970000000000001,0.17130524792340507,0.04364516129032258,0.0032212013842442687,0.02723216087272289,38687.1626407164
France,Mortalidad_Baja,0.6900000000000001,0.1719672151890232,0.04189753320683112,0.0030339813377825175,0.028452899029756347,37024.2157133669
France,Mortalidad_Baja,0.71,0.17571314815785555,0.04311195445920303,0.0033134860284415443,0.024955197550826994,36702.4323733379
France,Mortalidad_Baja,0.6990000000000001,0.17369434504566064,0.04111764705882354,0.0032714941914609007,0.02485983579084861,43148.0459288416
France,Mortalidad_Baja,0.7000000000000001,0.18156434740326466,0.041176470588235294,0.003042979217676948,0.026931425722863556,42669.1795111893
France,Mortalidad_Baja,0.68,0.18171860728945358,0.04,0.003511079957166083,0.023671331995043714,40863.5814412333
France,Mortalidad_Baja,0.6900000000000001,0.1826454724725757,0.04058823529411765,0.003517854814476774,0.023229218954407303,43929.7840873812
France,Mortalidad_Baja,0.6900000000000001,0.18705956216150368,0.04058823529411765,0.003403359578699771,0.024121780660113504,40694.8211697025
France,Mortalidad_Baja,0.73,0.18232342100429808,0.04294117647058824,0.0026414672392955345,0.03009568920757849,41728.0884164132
France,Mortalidad_Baja,0.74,0.19157420313973256,0.044933586337760914,0.0030030410620589002,0.026612356588691446,45464.8181385158
France,Mortalidad_Baja,0.75,0.1917811060314045,0.04554079696394687,0.0031641502453145045,0.024710650811821472,41486.1907828787
France,Mortalidad_Baja,0.71,0.1951278203064155,0.044459203036053135,0.003144821287223333,0.027401107435915464,36431.5658906555
France,Mortalidad_Baja,0.6900000000000001,0.19974101491579827,0.044516129032258066,0.003588900833751579,0.025220722898593777,34696.3718316971
France,Mortalidad_Baja,0.63,0.2003670911506772,0.041840607210626185,0.004272141142052912,0.02371296698514135,33644.9282220364
France,Mortalidad_Baja,0.67,0.19894431572948856,0.045768500948766604,0.004076452849618738,0.024080168119451056,29479.5222101175
France,Mortalidad_Baja,0.67,0.19540756658509484,0.0483111954459203,0.004445838543235173,0.023199937045610304,24144.5727019529
France,Mortalidad_Baja,0.66,0.19634098298794794,0.04884250474383301,0.004746652190109218,0.022559620578669115,22331.7948343036
France,Mortalidad_Baja,0.67,0.1912239484704804,0.05212523719165085,0.004634323921540097,0.02412922664647567,22340.5939516217
France,Mortalidad_Baja,0.9,0.18406386590367807,0.0905123339658444,0.004021757642352111,0.027116665994724527,26791.8151982369
Gabon,Mortalidad_Media,0.244,0.09683231773133456,0.12593548387096773,0.04036664094294331,0.054067328550414746,8409.20741452279
Gabon,Mortalidad_Media,0.364,0.09707601729655774,0.19408728652751422,0.02909958252221726,0.05180940093481765,8181.40914134398
Gabon,Mortalidad_Media,0.36700000000000005,0.09886827085221932,0.19847248576850096,0.028206762659452704,0.053891786561777184,6605.80346077904
Gabon,Mortalidad_Media,0.355,0.10191062924628332,0.20006641366223907,0.02448059973662545,0.06769327965477112,7441.1786472281
Gabon,Mortalidad_Media,0.334,0.10605214687329916,0.19456925996204935,0.02546478717173166,0.07168315925167017,7624.2775233771
Gabon,Mortalidad_Alta,0.376,0.10459868433249096,0.22617077798861482,0.021912122945433356,0.07662811792060874,6921.73373135624
Gabon,Mortalidad_Alta,0.37,0.11507070414611494,0.22677419354838707,0.021030012539814583,0.08293324362186785,6677.07003901644
Gabon,Mortalidad_Alta,0.34,0.11793497939573179,0.2161290322580645,0.019841445661478014,0.09985915124666032,7047.12654634355
Gabon,Mortalidad_Alta,0.29100000000000004,0.12033399053941717,0.1910550284629981,0.019470223418302797,0.12356125418135089,9201.36276648105
Gabon,Mortalidad_Alta,0.3,0.12817167620930037,0.20037950664136622,0.017362565698489714,0.13708639494106975,9197.70106323947
Gabon,Mortalidad_Alta,0.28,0.09029624707621613,0.1933965844402277,0.018740308326202243,0.14080674289157233,9296.96587941088
Gabon,Mortalidad_Alta,0.29,0.10609248612850344,0.20635673624288425,0.0185181155408656,0.14176218132269905,10219.1139339454
Gabon,Mortalidad_Alta,0.31,0.13680038190042876,0.22764705882352942,0.019756972102092346,0.12796409551273202,8356.74662013345
Gabon,Mortalidad_Alta,0.33,0.1261743976496648,0.2504743833017078,0.023915892761288596,0.10198701523325193,7290.57526093114
Gabon,Mortalidad_Alta,0.3,0.11919842090227559,0.2316888045540797,0.022060417838620967,0.1244545264099581,9688.64519690633
Gabon,Mortalidad_Alta,0.29,0.1118403368713181,0.23001897533206828,0.026748814794389637,0.1086411108985219,8003.54289696049
Gabon,Mortalidad_Alta,0.33,0.10459111121719458,0.2711385199240987,0.023285445351851085,0.11375922237184355,6847.00985685394
Gabon,Mortalidad_Alta,0.3,0.09580942366187108,0.2527514231499051,0.025997001709107796,0.11496459762641176,6547.87613955186
Gabon,Mortalidad_Alta,0.3,0.0844602839518305,0.25958254269449715,0.028514238577267433,0.10743823398916105,5465.79193590708
Gabon,Mortalidad_Alta,0.5,0.07478457346799654,0.4449715370018975,0.018788107386577733,0.10041343869219757,4710.74862768151
Gabon,Mortalidad_Alta,0.5,0.06531134539019098,0.45825426944971537,0.01797400283114682,0.10834728633511896,3966.48001864663
Gabon,Mortalidad_Alta,0.5,0.05549966964766044,0.46963946869070206,0.019225926487811615,0.10367034903157075,3835.75718279727
Gabon,Mortalidad_Alta,0.5,0.05306049971110904,0.4819734345351044,0.01944401027895109,0.10524841465008974,3982.906200928
Gabon,Mortalidad_Alta,0.5,0.054970402708125046,0.5275142314990512,0.025133149791941527,0.08861194856591299,4414.8755828572
Georgia,Mortalidad_Media,0.644,0.07118407580544357,0.09898292220113851,0.016113606361545175,0.0129134117328368,6729.84659930283
Georgia,Mortalidad_Media,0.6459999999999999,0.06572568893236022,0.10051612903225805,0.017504731288608008,0.011762241925485641,5083.60695484577
Georgia,Mortalidad_Media,0.648,0.06115066733087562,0.10082732447817835,0.020080704972757876,0.009789243390446203,4300.85701291207
Georgia,Mortalidad_Media,0.585,0.06318303296825172,0.09213472485768502,0.01961931691079508,0.011721106032002312,4741.2832715876
Georgia,Mortalidad_Media,0.618,0.05996682404889666,0.09850474383301708,0.019144124509651698,0.011447477690132261,4804.0546040444
Georgia,Mortalidad_Media,0.65,0.06047308648868506,0.10483870967741936,0.01665391302538427,0.013010137370727549,4418.75206546679
Georgia,Mortalidad_Media,0.52,0.05990285710202382,0.08584440227703985,0.024081034830426104,0.011131180596965528,4143.40125686315
Georgia,Mortalidad_Media,0.49,0.057984375121629406,0.08275142314990512,0.027275793523372213,0.010531679135784759,4086.6223465965
Georgia,Mortalidad_Media,0.428,0.0549502723633096,0.07471726755218215,0.03364765906926112,0.00996920170649983,4830.33486170249
Georgia,Mortalidad_Media,0.41000000000000003,0.05147354097477884,0.07468690702087287,0.03516513415897114,0.010530359360228418,4712.00229382665
Georgia,Mortalidad_Media,0.38,0.045671614697971805,0.07282732447817837,0.035268585703030875,0.012353654410051368,4530.69533409431
Georgia,Mortalidad_Media,0.41000000000000003,0.043341643471067476,0.08402277039848198,0.03716512721572031,0.011421993294545223,4119.66818307193
Georgia,Mortalidad_Media,0.39,0.037817307091299636,0.08658444022770398,0.035569135507578224,0.014219436245234024,3281.72930937343
Georgia,Mortalidad_Media,0.34,0.037213986530272934,0.08258064516129034,0.03728092611185019,0.017676116084988838,2822.68939668797
Georgia,Mortalidad_Media,0.28,0.035783842036967266,0.0749146110056926,0.045439164457114656,0.019720529237976264,3324.7537205015
Georgia,Mortalidad_Media,0.23,0.03972391199310898,0.06808349146110057,0.06255587650939913,0.0192222790994982,2635.36650276116
Georgia,Mortalidad_Media,0.2,0.03580962338133348,0.06565464895635674,0.08760953982994331,0.01720899789373087,1996.02013272284
Georgia,Mortalidad_Media,0.18,0.033331481661959414,0.0655787476280835,0.12838582523329306,0.013957705094151401,1642.78359414797
Georgia,Mortalidad_Media,0.24,0.03240827452794714,0.09654648956356736,0.10688398597326305,0.013866552868931006,1305.04748557208
Georgia,Mortalidad_Media,0.23,0.03132156994420938,0.10168880455407969,0.13130284251701219,0.012725858806220092,1010.03151630868
Georgia,Mortalidad_Media,0.23,0.02922542759345185,0.11085388994307399,0.1308904411301275,0.014225489191851006,853.526171868939
Georgia,Mortalidad_Media,0.23,0.02926711146884921,0.11958254269449714,0.14259835527256887,0.014053212959875732,801.98383707929
Georgia,Mortalidad_Media,0.1,0.03221048470282136,0.05578747628083491,0.3223446085759897,0.01564536602202543,749.908534993961
Georgia,Mortalidad_Media,0.2808,0.03667099321543357,0.19235066413662238,0.15316165097858442,0.014135403075555471,578.336923460866
Germany,Mortalidad_Baja,0.8940000000000001,0.14976048520864474,0.05258823529411766,0.0017570694936838865,0.03769558419669735,49686.1154582583
Germany,Mortalidad_Baja,0.8150000000000001,0.16044323939750266,0.04794117647058824,0.0014248306903403415,0.05215598698764735,52265.6541620571
Germany,Mortalidad_Baja,0.828,0.1549796697129127,0.048705882352941175,0.0013773477831770394,0.053167121680372194,47379.765194548
Germany,Mortalidad_Baja,0.813,0.16526805213996248,0.0478235294117647,0.0016044484029352462,0.046068620317411914,47623.8656074829
Germany,Mortalidad_Baja,0.753,0.16936813967087455,0.04572296015180266,0.0015440122491774636,0.053875815550375114,48874.8595028454
Germany,Mortalidad_Baja,0.777,0.1741929964490795,0.04718026565464895,0.0017328173724350667,0.046072118749429125,45526.5999576533
Germany,Mortalidad_Baja,0.79,0.17428692540897037,0.04946869070208729,0.0014464389089533282,0.05669231284722266,42961.0356905775
Germany,Mortalidad_Baja,0.78,0.175012396874011,0.04884250474383301,0.0014218640426525038,0.05851168224912256,41911.0109851054
Germany,Mortalidad_Baja,0.8009999999999999,0.1756434107110734,0.05015749525616698,0.0017880733061011198,0.044563133031517745,48971.0824722599
Germany,Mortalidad_Baja,0.8,0.18454168867563792,0.050094876660341556,0.0018127602228260188,0.04397030139640018,47220.0102098851
Germany,Mortalidad_Baja,0.79,0.18116565844702665,0.050967741935483875,0.0018043812714284412,0.04624834799590243,44735.5882319701
Germany,Mortalidad_Baja,0.8,0.1801647440767715,0.05161290322580645,0.0018078016215830506,0.045536390250147524,47646.582043143
Germany,Mortalidad_Baja,0.79,0.18656722777642498,0.052466793168880456,0.0015363978988854462,0.05660265593399156,42409.9356994694
Germany,Mortalidad_Baja,0.78,0.17690469349143909,0.051802656546489564,0.001344325974149931,0.06603934636109422,42487.2137101496
Germany,Mortalidad_Baja,0.8,0.18898275305114817,0.05464895635673624,0.0016367930845608363,0.05381192805986523,46386.3295924799
Germany,Mortalidad_Baja,0.8200000000000001,0.1862845300656227,0.057571157495256174,0.001568589713907663,0.05645679573368273,42350.9217211489
Germany,Mortalidad_Baja,0.8200000000000001,0.19613239951775865,0.059127134724857686,0.0013673309515595756,0.06710559761580479,36980.3349948954
Germany,Mortalidad_Baja,0.77,0.19028222062145267,0.05698292220113852,0.0014753373585216002,0.06801711998043868,35084.4363546269
Germany,Mortalidad_Baja,0.73,0.191290690312983,0.05540796963946869,0.0020337394913019927,0.05266926124221352,34566.7359143735
Germany,Mortalidad_Baja,0.74,0.18966022321807216,0.05757115749525616,0.0017535303352402562,0.062337042920740715,30711.1022511331
Germany,Mortalidad_Baja,0.76,0.19022359309058187,0.060569259962049336,0.0018556034746104713,0.05856711037890212,25486.5942008748
Germany,Mortalidad_Baja,0.8,0.19492865585962543,0.06527514231499051,0.002118773991754141,0.04939878401349587,23878.3641471651
Germany,Mortalidad_Baja,0.79,0.18955817412838505,0.06595825426944972,0.001972951962441505,0.05534318892704908,23925.8559901991
Germany,Mortalidad_Baja,0.9,0.19074685185990614,0.0905123339658444,0.001794537817903819,0.06486970461233796,31747.2449398447
Ghana,Mortalidad_Alta,0.454,0.0162175692176511,0.2515521821631878,0.06725014668830955,0.016566074644509165,2229.89122647803
Ghana,Mortalidad_Alta,0.32299999999999995,0.016345916730574644,0.1850967741935484,0.09522171898463619,0.017096135604678753,2445.18662529344
Ghana,Mortalidad_Alta,0.322,0.01658798954870527,0.19185578747628085,0.09161223215411006,0.018810738527692213,2195.45481659987
Ghana,Mortalidad_Alta,0.355,0.015988750147239973,0.21960151802656547,0.07635040828163629,0.02168420534712023,2186.65822682613
Ghana,Mortalidad_Alta,0.329,0.015813526769210086,0.21163377609108158,0.08625209001250854,0.021515417328437245,2195.32166016377
Ghana,Mortalidad_Alta,0.355,0.014477740155399498,0.23644212523719163,0.08621628423736763,0.020521842397106808,2012.28662641265
Ghana,Mortalidad_Alta,0.48,0.014765955663592057,0.33153700189753316,0.06794488539346077,0.019883991725097156,1912.47991339951
Ghana,Mortalidad_Alta,0.46,0.014831393457436238,0.3290702087286528,0.06796825236510827,0.021747544947191184,1722.77282833606
Ghana,Mortalidad_Alta,0.40399999999999997,0.014462180279181159,0.29974193548387096,0.07584480595604626,0.023206921485457527,1949.90832923846
Ghana,Mortalidad_Alta,0.39,0.014569683328309994,0.2997153700189753,0.08172104380112885,0.023096485757243927,2294.79584693743
Ghana,Mortalidad_Alta,0.41000000000000003,0.014832075572111853,0.3275332068311195,0.0844561067145952,0.02195545687708061,1543.77524235764
Ghana,Mortalidad_Alta,0.39,0.01363298880865854,0.32487666034155593,0.09493557283317634,0.021329640488547505,1507.43573198753
Ghana,Mortalidad_Alta,0.39,0.013290126874265961,0.3381973434535105,0.1124876114619308,0.018338589086936162,1263.89251760539
Ghana,Mortalidad_Alta,0.37,0.012265439347229998,0.33349146110056926,0.13106239992795068,0.017046660966728695,1047.70430093586
Ghana,Mortalidad_Alta,0.33,0.012319033934764263,0.30808349146110053,0.13943243730369012,0.018911120425224734,1182.65761256016
Ghana,Mortalidad_Alta,0.4,0.01180372685572727,0.38481973434535105,0.10676277604204037,0.021361261714335448,1050.12461524926
Ghana,Mortalidad_Alta,0.36,0.012314305785577686,0.3559013282732448,0.12314091389662182,0.021112916049714076,906.441027564887
Ghana,Mortalidad_Alta,0.33,0.011702665314112865,0.3343833017077799,0.1775757513389464,0.015628652333006737,478.611909191028
Ghana,Mortalidad_Alta,0.39,0.012087797695274903,0.40554079696394685,0.1522599828110272,0.015869324761730724,406.132105329565
Ghana,Mortalidad_Alta,0.34,0.012599485626913603,0.3632258064516129,0.16817626886532963,0.017152404551482713,358.39927142073
Ghana,Mortalidad_Alta,0.35000000000000003,0.013644956317663678,0.38519924098671726,0.15712600649230302,0.018607581368236432,297.46164468774
Ghana,Mortalidad_Alta,0.33,0.01408214183388091,0.3744592030360531,0.1670917409852107,0.01922765346609317,263.542156494853
Ghana,Mortalidad_Alta,0.33,0.014498037098892186,0.38698292220113856,0.1672326609468541,0.019961536762595662,253.746936203344
Ghana,Mortalidad_Alta,0.7000000000000001,0.0168116078195762,0.9005692599620493,0.08667718928185947,0.019911954920225967,371.537243033836
Greece,Mortalidad_Baja,0.523,0.09054069457619834,0.032749525616698284,0.011228504623989204,0.008371765743207676,20971.8349258283
Greece,Mortalidad_Baja,0.536,0.08879320871944506,0.03356356736242884,0.010309417918742899,0.009104116269647312,20654.7001960815
Greece,Mortalidad_Baja,0.512,0.08496278185178875,0.03303225806451613,0.011990878575198777,0.008202786064175316,17886.733165236
Greece,Mortalidad_Baja,0.37700000000000006,0.0950826098567129,0.025037950664136624,0.015196053796578972,0.00938961193515557,19335.3602002969
Greece,Mortalidad_Baja,0.379,0.09651278522176869,0.025889943074003795,0.014555287647762469,0.010255000330394235,19873.4015238771
Greece,Mortalidad_Baja,0.413,0.09923655581106149,0.028212523719165085,0.014215262831718353,0.009436505505179615,18631.9930129293
Greece,Mortalidad_Baja,0.43,0.09744356113872142,0.029373814041745733,0.012582983488767326,0.010520022064588394,17919.2426377048
Greece,Mortalidad_Baja,0.4,0.09923634768410389,0.02732447817836812,0.014948204478345807,0.009205610459363618,17980.7298238137
Greece,Mortalidad_Baja,0.332,0.09834276184057711,0.02267931688804554,0.01665225548749364,0.010225341491849756,21474.7257123892
Greece,Mortalidad_Baja,0.34,0.09854399130505426,0.02258064516129032,0.015422907494443559,0.010563771721078535,21573.3449762805
Greece,Mortalidad_Baja,0.35000000000000003,0.11133546304610852,0.02258064516129032,0.015284538227278191,0.00990121154501846,21624.346052551
Greece,Mortalidad_Baja,0.38,0.11153991748675496,0.024516129032258062,0.012606964516775182,0.011441687914536572,25504.7866510124
Greece,Mortalidad_Baja,0.47000000000000003,0.1149912244082372,0.029430740037950664,0.009701387624365707,0.011733006325876757,26653.0488008626
Greece,Mortalidad_Baja,0.46,0.122756028729075,0.02880455407969639,0.009951789931963,0.011673326104143483,29425.4573200263
Greece,Mortalidad_Baja,0.44,0.12716187336253207,0.028387096774193547,0.010294743590956602,0.012291090146487762,31695.8331092209
Greece,Mortalidad_Baja,0.43,0.12659222936814496,0.028557874762808348,0.011479061099632664,0.01142840061762037,28440.7625328955
Greece,Mortalidad_Baja,0.43,0.12711182664333237,0.030189753320683112,0.011955121673455192,0.01165004668036133,24416.0232970275
Greece,Mortalidad_Baja,0.43,0.12757470986691535,0.031821631878557875,0.016290973841246587,0.008263641309829418,22054.1315756886
Greece,Mortalidad_Baja,0.42,0.12566249350811695,0.03267552182163187,0.016949028966199403,0.008662938503852488,21449.2552764245
Greece,Mortalidad_Baja,0.42,0.12358751181251053,0.03506641366223909,0.019833712953123642,0.007670858905062406,18020.612039764
Greece,Mortalidad_Baja,0.49,0.12037816482543956,0.04462998102466793,0.016671361798152404,0.00890460444754234,13782.195640943
Greece,Mortalidad_Baja,0.49,0.11944793573432477,0.047419354838709675,0.017122191395705533,0.00932603119028548,12156.9572824221
Greece,Mortalidad_Baja,0.49,0.11612780952016272,0.05113851992409867,0.017570166928757708,0.009969248107782026,11638.2010697215
Greece,Mortalidad_Baja,0.5,0.09919465669249841,0.07020872865275142,0.021497925537321008,0.010999659007531165,12779.081491606
Guatemala,Mortalidad_Media,0.265,0.040751898812628196,0.0925237191650854,0.05362302832794112,0.02359743416584614,5358.70127494396
Guatemala,Mortalidad_Media,0.30100000000000005,0.04243984893300734,0.10851992409867173,0.04768468545630448,0.024197876733950283,4912.62225721201
Guatemala,Mortalidad_Media,0.29600000000000004,0.037777706746189965,0.11064895635673624,0.05246955614776799,0.023048546514111767,4477.61761796418
Guatemala,Mortalidad_Media,0.264,0.03906903412309479,0.10219354838709677,0.05576191933849895,0.025485977463749636,4511.99755157656
Guatemala,Mortalidad_Media,0.273,0.03824547182384252,0.10878557874762809,0.05407710831778644,0.02624856912555079,4352.94651790253
Guatemala,Mortalidad_Media,0.275,0.03749577175275129,0.11323529411764706,0.05516753708316786,0.026412341746804763,4324.99608157801
Guatemala,Mortalidad_Media,0.32,0.03823252206893067,0.1366223908918406,0.0472390029054718,0.02761907172845464,4060.13754974186
Guatemala,Mortalidad_Media,0.29,0.03608433871072324,0.12821631878557876,0.05377463098518434,0.027736677583673777,3893.50522093509
Guatemala,Mortalidad_Media,0.287,0.03464678745530786,0.13124667931688805,0.05492268168136708,0.028459877441638796,3689.14471813777
Guatemala,Mortalidad_Media,0.27,0.03384369418330178,0.12859582542694498,0.06001342249387881,0.028877873489813924,3444.15971264862
Guatemala,Mortalidad_Media,0.32,0.03361637571770514,0.1584819734345351,0.05242845170492735,0.029016133569980777,3286.61959336267
Guatemala,Mortalidad_Media,0.34,0.03269836102545666,0.17483870967741935,0.051810981474866895,0.028656862699941617,3168.98370607705
Guatemala,Mortalidad_Media,0.31,0.032687743121061916,0.16588235294117645,0.056700831807814336,0.03002688585407661,2805.25960237322
Guatemala,Mortalidad_Media,0.28,0.03302433314839487,0.15567362428842504,0.06620947384694355,0.029531126979821215,2611.64632773352
Guatemala,Mortalidad_Media,0.26,0.03141901818117065,0.14998102466793167,0.06820368810524807,0.03231154963798017,2763.05988172926
Guatemala,Mortalidad_Media,0.25,0.03298188087823633,0.14990512333965844,0.07283406564313835,0.03275050290349769,2458.81573919384
Guatemala,Mortalidad_Media,0.22,0.03142027026516108,0.13692599620493356,0.0814251008335765,0.034735837078710044,2225.1234753878
Guatemala,Mortalidad_Media,0.24,0.031873475838313375,0.15483870967741936,0.0820775178475232,0.032554372831728906,2046.46611650758
Guatemala,Mortalidad_Media,0.25,0.0318398136874192,0.16745730550284627,0.08182087907090041,0.03254835406647871,1840.91184884
Guatemala,Mortalidad_Media,0.29,0.03157746542854488,0.20140417457305504,0.07266952461010266,0.03277693164666084,1722.54701910774
Guatemala,Mortalidad_Media,0.32,0.03165264700086866,0.23013282732447818,0.06928504506728882,0.03220979387379178,1669.33517469705
Guatemala,Mortalidad_Media,0.32,0.028210364887909904,0.23863377609108158,0.06929413939869122,0.033516745660566366,1537.68663578252
Guatemala,Mortalidad_Media,0.31,0.028134355033633495,0.24,0.11518253503816528,0.02043545619542597,1648.96578971559
Guatemala,Mortalidad_Alta,0.5,0.02351615297300684,0.46774193548387094,0.07557375168841454,0.023801693403502442,1421.06177809796
Guinea,Mortalidad_Alta,0.256,0.017375449338390383,0.3065199240986717,0.1734656422540161,0.026216792372546253,1416.59612011764
Guinea,Mortalidad_Alta,0.22,0.01794115735323315,0.2696774193548387,0.1925311836863547,0.028381380074712227,1244.96550477914
Guinea,Mortalidad_Alta,0.161,0.01877155578462263,0.20163187855787473,0.2556200001759116,0.030013477310322334,1053.66097696415
Guinea,Mortalidad_Alta,0.255,0.016739985952963193,0.3261290322580645,0.1621522852196636,0.030560535432355027,1031.34146480732
Guinea,Mortalidad_Alta,0.269,0.012970907179538556,0.34964895635673626,0.13342958928673826,0.03634489128393258,933.273615633705
Guinea,Mortalidad_Alta,0.275,0.013184206320070833,0.36214421252371914,0.11679783665696024,0.04158443253138436,833.598621691121
Guinea,Mortalidad_Alta,0.25,0.01872589918926836,0.33301707779886147,0.1100868317849924,0.04968690866086975,711.996509782316
Guinea,Mortalidad_Alta,0.24,0.014264827237361829,0.3260721062618596,0.12046482299143965,0.04814555695148197,747.356966759448
Guinea,Mortalidad_Alta,0.192,0.014615734455180216,0.2630436432637571,0.14280332472022392,0.05140223108168363,765.146999389279
Guinea,Mortalidad_Alta,0.21,0.014264827237361829,0.28810246679316887,0.1307228993172307,0.051411008880762235,748.455020824734
Guinea,Mortalidad_Alta,0.2,0.01855339336489145,0.27666034155597724,0.13167646919552137,0.054203934113954834,699.353377212197
Guinea,Mortalidad_Alta,0.18,0.02001987949471703,0.2513851992409867,0.13968425196401937,0.05750886795181086,636.694958747648
Guinea,Mortalidad_Alta,0.16,0.029849469577274277,0.22588235294117648,0.17098391797600906,0.05319442651576927,659.235326211315
Guinea,Mortalidad_Alta,0.19,0.029849469577274277,0.2714800759013283,0.1347277056416065,0.057807369614501405,662.185914665575
Guinea,Mortalidad_Alta,0.19,0.01894365698852253,0.2754459203036053,0.1315934157475454,0.06017683735589906,703.532825784369
Guinea,Mortalidad_Alta,0.3,0.029395026962650627,0.44231499051233397,0.08772189993878923,0.058033947641936444,650.148575304743
Guinea,Mortalidad_Alta,0.25,0.016040098596343068,0.3761859582542694,0.09753612376609165,0.06425822539791652,446.980554135013
Guinea,Mortalidad_Alta,0.25,0.010016939578634296,0.38614800759013285,0.09563726328559842,0.0674242586951745,463.17768685098
Guinea,Mortalidad_Alta,0.25,0.009637094370227094,0.39753320683111953,0.10007178275765354,0.06628302590459083,584.897740538081
Guinea,Mortalidad_Alta,0.25,0.010297431160061887,0.4108159392789374,0.08919408765164065,0.07737789284430813,566.48540588068
Guinea,Mortalidad_Alta,0.25,0.010296276056101686,0.42552182163187857,0.09284962075019959,0.07697586146104386,495.916073559269
Guinea,Mortalidad_Alta,0.3,0.008537070486780905,0.530550284629981,0.077764814871256,0.07968976971187514,483.085120214741
Guinea,Mortalidad_Alta,0.3,0.011299507616416318,0.5521821631878557,0.07505045659096007,0.08619751570107474,518.157066924026
Guinea,Mortalidad_Alta,0.1,0.015865408422188563,0.21973434535104364,0.19872055856165288,0.11775486365733796,713.031460558683
Guinea-Bissau,Mortalidad_Alta,0.159,0.017458094609157954,0.13365654648956357,0.380475512768239,0.011910525237570855,873.437861875428
Guinea-Bissau,Mortalidad_Alta,0.20199999999999999,0.017560663657257117,0.17516888045540796,0.3008588236164636,0.012319529935944946,912.484104692847
Guinea-Bissau,Mortalidad_Alta,0.14800000000000002,0.01970456490486451,0.13199240986717267,0.3779099686502075,0.014154997281445392,836.26731423732
Guinea-Bissau,Mortalidad_Alta,0.253,0.019369046181216633,0.231876660341556,0.19222383142486846,0.01733000683784152,807.425524872835
Guinea-Bissau,Mortalidad_Alta,0.273,0.019369046181216633,0.25901328273244784,0.1865377675016269,0.0170948289395661,808.531613218504
Guinea-Bissau,Mortalidad_Alta,0.287,0.017819225936422746,0.2815540796963947,0.19821421953639182,0.01557772905417946,783.123186602022
Guinea-Bissau,Mortalidad_Alta,0.19,0.0177274023198294,0.1925237191650854,0.2993276925683765,0.016203753975959835,679.665386626818
Guinea-Bissau,Mortalidad_Alta,0.19,0.030600958035588446,0.19937381404174573,0.28952006366481897,0.01758206231489871,645.066837207039
Guinea-Bissau,Mortalidad_Alta,0.20199999999999999,0.03052498542071636,0.21924857685009488,0.2697495060380072,0.018505515801990797,652.022501029449
Guinea-Bissau,Mortalidad_Alta,0.22,0.03052498542071636,0.2479696394686907,0.2749588945634127,0.01709743140333387,654.304534409417
Guinea-Bissau,Mortalidad_Alta,0.21,0.01279257881846925,0.24626185958254268,0.2837584523631723,0.018242803942610127,635.461653303881
Guinea-Bissau,Mortalidad_Alta,0.19,0.014155340728977846,0.23290322580645162,0.3093299809087875,0.01953185175110907,719.539573498937
Guinea-Bissau,Mortalidad_Alta,0.19,0.01063758073088856,0.24444022770398482,0.3125391072139163,0.020416873784430294,600.194298540768
Guinea-Bissau,Mortalidad_Alta,0.22,0.011388708809396169,0.29681214421252367,0.2784636072626878,0.02080820151062735,583.190020139094
Guinea-Bissau,Mortalidad_Alta,0.1,0.012848723279151422,0.1413662239089184,0.5986188356451617,0.02255203716672566,640.210331101753
Guinea-Bissau,Mortalidad_Alta,0.1,0.0025870653708164435,0.14800759013282733,0.5972075002778147,0.023830630105142327,519.069789794741
Guinea-Bissau,Mortalidad_Alta,0.1,0.002499719974090601,0.15464895635673623,0.6177213736931457,0.024106643334577467,448.513075469701
Guinea-Bissau,Mortalidad_Alta,0.1,0.0024709712315821157,0.16129032258064516,0.632075303191657,0.024634544720600282,463.073962650452
Guinea-Bissau,Mortalidad_Alta,0.1,0.002505925177368551,0.16755218216318785,0.5784504340592311,0.028409537896365848,431.376557669634
Guinea-Bissau,Mortalidad_Alta,0.1,0.014861827723994171,0.17362428842504743,0.5759370718892182,0.029702173390076775,419.78486611807
Guinea-Bissau,Mortalidad_Alta,0.1,0.012768063688146508,0.1793168880455408,0.5519372040075122,0.032266456915986376,362.034574570354
Guinea-Bissau,Mortalidad_Alta,0.1,0.013262765635896004,0.18500948766603414,0.5752568527377132,0.03190797273230056,327.138431972397
Guinea-Bissau,Mortalidad_Alta,0.1,0.010549856712214976,0.19032258064516128,0.5782457368373929,0.03273191026164812,316.945495037639
Guinea-Bissau,Mortalidad_Alta,0.23199999999999998,0.012441405232447097,0.4970170777988615,0.349327182061234,0.025637845679500774,589.487023081945
Guyana,Mortalidad_Media,0.41500000000000004,0.19756397607790077,0.193719165085389,0.03781434411272925,0.02926316046950079,17913.4928066879
Guyana,Mortalidad_Alta,0.385,0.18860346481047494,0.18482922201138519,0.05468145371305102,0.021663608751994683,9860.87014834386
Guyana,Mortalidad_Media,0.341,0.11153318916120508,0.16952941176470587,0.0773182873464206,0.017341663949769083,6775.70939096303
Guyana,Mortalidad_Media,0.332,0.06035993958417032,0.17009487666034157,0.08292210899857462,0.01707205200075463,6405.82443444562
Guyana,Mortalidad_Media,0.348,0.06238754513387372,0.18357495256166984,0.08783354775440763,0.015592136401347984,6048.38697180418
Guyana,Mortalidad_Media,0.33899999999999997,0.076154830358512,0.18397343453510437,0.10503783246984523,0.013383615456834258,6178.6650437298
Guyana,Mortalidad_Media,0.3,0.06793796536602101,0.16793168880455409,0.1063280967853066,0.015910092741273897,5870.87823759835
Guyana,Mortalidad_Media,0.27,0.05680154929135587,0.1552371916508539,0.14744072831986535,0.012509858334123264,5640.41560569466
Guyana,Mortalidad_Media,0.244,0.052608229624950605,0.14445540796963946,0.1577072686050063,0.013541592510795746,5472.68820452237
Guyana,Mortalidad_Alta,0.25,0.06399519356392828,0.15180265654648956,0.16051555043706422,0.01326387908546237,5556.91231156932
Guyana,Mortalidad_Alta,0.27,0.04600560765112755,0.16753320683111955,0.14742268541372147,0.013764378346548692,5444.39751913913
Guyana,Mortalidad_Alta,0.26,0.07125059750542315,0.16428842504743832,0.1545586847938259,0.013912689368339405,4947.22170589917
Guyana,Mortalidad_Alta,0.26,0.06085244643100379,0.16724857685009487,0.17167829804418203,0.0124752920032317,4581.76179693492
Guyana,Mortalidad_Alta,0.26,0.0322825548742073,0.17070208728652753,0.17706835900314488,0.012310889098041658,4209.13230624565
Guyana,Mortalidad_Alta,0.25,0.06909876857215928,0.16698292220113853,0.1985672270379684,0.011428463792270407,4008.9628671603
Guyana,Mortalidad_Alta,0.25,0.030207147560710003,0.17030360531309297,0.190163164299528,0.012385348432082598,3608.28685240188
Guyana,Mortalidad_Alta,0.3,0.030122115682344918,0.20777988614800758,0.1773257945132513,0.01095148109469763,3135.60553528326
Guyana,Mortalidad_Alta,0.3,0.029738892245253213,0.21176470588235294,0.15065204588337897,0.013796907165177464,1084.06541388904
Guyana,Mortalidad_Alta,0.3,0.02870541291523204,0.2157495256166983,0.1642531521216515,0.012676123954273104,1033.31030902188
Guyana,Mortalidad_Alta,0.3,0.02118744053200036,0.22030360531309298,0.16748191130639525,0.012698860862575058,973.742598054188
Guyana,Mortalidad_Alta,0.3,0.01705530379282468,0.22485768500948766,0.16106095892019978,0.01368071994832576,950.866932470993
Guyana,Mortalidad_Alta,0.3,0.019267832590491134,0.2299810246679317,0.15509305239738552,0.014736050088832981,931.574723847673
Guyana,Mortalidad_Alta,0.3,0.019267832590491134,0.23510436432637571,0.1563752512941792,0.014986691220474217,931.796651718955
Guyana,Mortalidad_Alta,0.1,0.01942493850069212,0.08823529411764706,0.6392794650710276,0.011808665861298336,819.668541584905
Haiti,Mortalidad_Alta,0.14300000000000002,0.017069012326525437,0.11260910815939279,0.22184168127404919,0.02387437073337698,1760.62635668777
Haiti,Mortalidad_Alta,0.22,0.018396308171358112,0.1774193548387097,0.14708510679943193,0.023982757730731934,1835.44394078496
Haiti,Mortalidad_Alta,0.223,0.018037469832830583,0.18533965844402278,0.1428686499440283,0.025257784306403387,1290.32538667383
Haiti,Mortalidad_Alta,0.203,0.018567008554321772,0.17333965844402277,0.14788734636039985,0.027837252932083535,1352.17204191532
Haiti,Mortalidad_Alta,0.24600000000000002,0.019017283436448734,0.21612523719165086,0.1189753499462972,0.029561339095474502,1496.38048970156
Haiti,Mortalidad_Alta,0.19100000000000003,0.018603719576818147,0.17215370018975332,0.1542220218882004,0.030197372137067968,1395.23945184461
Haiti,Mortalidad_Alta,0.19,0.018509505360572304,0.17557874762808348,0.14809206748863987,0.0326535934193876,1318.40268167953
Haiti,Mortalidad_Alta,0.19,0.01811843791671258,0.18026565464895636,0.14180379022743647,0.035250410182463665,1411.12684746796
Haiti,Mortalidad_Alta,0.16899999999999998,0.018134901227178854,0.1641897533206831,0.16507059693735748,0.03482533875534034,1460.18898613914
Haiti,Mortalidad_Alta,0.18,0.018818773420686965,0.1789753320683112,0.1680018314337708,0.032695112379160625,1457.83221179626
Haiti,Mortalidad_Alta,0.22,0.018526053350802978,0.2229222011385199,0.13846881020486582,0.033113772414915324,1361.39396587374
Haiti,Mortalidad_Alta,0.18,0.018226935526741206,0.18648956356736243,0.17422225793215837,0.03286724163338689,1312.03953552013
Haiti,Mortalidad_Alta,0.14,0.017601293566774267,0.20880455407969642,0.22611873189082482,0.04827798291155785,1209.72733503094
Haiti,Mortalidad_Alta,0.16,0.017064431084935983,0.17244781783681212,0.18377977218508174,0.036826567220786255,1196.8528706018
Haiti,Mortalidad_Alta,0.18,0.016650452263952793,0.19776091081593927,0.16022316805524234,0.0384045042810945,1094.66058421644
Haiti,Mortalidad_Alta,0.18,0.016711670296204566,0.20185958254269448,0.16580793147667525,0.03783500861537358,984.566983448521
Haiti,Mortalidad_Alta,0.15,0.016614235952821407,0.17191650853889942,0.18479605363388488,0.04196441561207285,828.805700289589
Haiti,Mortalidad_Alta,0.15,0.016405155758230604,0.17561669829222012,0.1883082184816068,0.042076250889192646,775.845704056916
Haiti,Mortalidad_Alta,0.22,0.0161533004271535,0.263415559772296,0.11272797685940494,0.04955447646238156,683.185298155273
Haiti,Mortalidad_Alta,0.1,0.016110819464661624,0.12277039848197344,0.26160786184777324,0.04807594283387963,578.995291079709
Haiti,Mortalidad_Alta,0.1,0.016313537854473703,0.12618595825426945,0.24793869875407282,0.052416652965588145,720.969568042522
Haiti,Mortalidad_Alta,0.1,0.01602079281170585,0.12998102466793168,0.2573902063145323,0.05198484775746152,748.821159844528
Haiti,Mortalidad_Alta,0.1,0.016611546922993665,0.13415559772296015,0.26888924694391136,0.05132020725030477,820.600046761464
Haiti,Mortalidad_Alta,0.1,0.015233859645611712,0.1590132827324478,0.3685541239143988,0.04393321526538191,372.006104665125
Honduras,Mortalidad_Media,0.254,0.02615666207005264,0.0660303605313093,0.07683472694858273,0.011281125346823457,3003.28996826399
Honduras,Mortalidad_Media,0.29100000000000004,0.025999895128692118,0.07785768500948767,0.05856894823449931,0.013884221832337265,2735.14751503977
Honduras,Mortalidad_Media,0.28600000000000003,0.02482146037352555,0.07923339658444023,0.06667755174248828,0.012602818218647142,2307.61494319511
Honduras,Mortalidad_Media,0.253,0.026632232252605546,0.07249146110056925,0.06578875518010971,0.015544324789066396,2502.32744328073
Honduras,Mortalidad_Media,0.282,0.025773024352044774,0.08347628083491461,0.06441691972675313,0.014538102025008893,2464.64241531918
Honduras,Mortalidad_Media,0.322,0.02449746022443157,0.09837191650853891,0.06156354712554232,0.013570057315945393,2413.0076562942
Honduras,Mortalidad_Media,0.29,0.02815440961969202,0.09134724857685009,0.06501242051431703,0.01498892233867302,2307.34468351082
Honduras,Mortalidad_Media,0.26,0.030150101624074024,0.08485768500948766,0.07351327147465302,0.015392387743607542,2271.20265980349
Honduras,Mortalidad_Media,0.237,0.027583660308409284,0.0800493358633776,0.08277570485742068,0.01554710280711494,2179.88171977271
Honduras,Mortalidad_Media,0.26,0.028025815637798726,0.09028462998102467,0.07336372618588559,0.01662850885265946,2081.12843527945
Honduras,Mortalidad_Media,0.24,0.02791407301774014,0.08652751423149906,0.08844246211404909,0.015293309934373485,2126.03474686503
Honduras,Mortalidad_Media,0.25,0.027737864946770868,0.09297912713472486,0.0889938336621019,0.014999133947555735,2073.66121088074
Honduras,Mortalidad_Media,0.26,0.025621759877060297,0.09965844402277038,0.06975360496005595,0.019836417938258386,1893.32722662035
Honduras,Mortalidad_Media,0.25,0.02580872556971452,0.099146110056926,0.06774861184157446,0.022332705793909564,1781.15703614674
Honduras,Mortalidad_Media,0.25,0.02672420554890997,0.10246679316888045,0.07604194091486677,0.02030185181638146,1732.49062702803
Honduras,Mortalidad_Media,0.26,0.02691078886278411,0.1105123339658444,0.07167825876033873,0.021667488403527287,1577.73789197407
Honduras,Mortalidad_Media,0.23,0.02571445852328001,0.10168880455407969,0.08065706398448862,0.022790047684698927,1425.84780051892
Honduras,Mortalidad_Media,0.23,0.024112500561301386,0.10518026565464897,0.08483628906402599,0.022356425672236026,1304.70039153826
Honduras,Mortalidad_Media,0.27,0.02492781697530553,0.12859582542694498,0.07052819699285011,0.024080287986261675,1215.13995412761
Honduras,Mortalidad_Media,0.27,0.023558029305922625,0.13423149905123338,0.06730271466804241,0.026650124007538648,1156.08162681357
Honduras,Mortalidad_Media,0.18,0.022228556164618447,0.09324478178368122,0.10590276331475358,0.026449270786591778,1132.49965345317
Honduras,Mortalidad_Media,0.18,0.021775810243958894,0.09700189753320683,0.11444369671035644,0.025338235027868642,1132.1648753329
Honduras,Mortalidad_Media,0.17,0.020722236434727186,0.09548387096774195,0.13228023185405233,0.02404252591489295,1092.56400746252
Honduras,Mortalidad_Media,0.3,0.022384266931270484,0.20550284629981025,0.10712883151651137,0.0200326822047112,931.669547257738
Hungary,Mortalidad_Baja,0.444,0.12358189916400977,0.026960151802656547,0.011042822440400182,0.010256387058466524,18483.6366867035
Hungary,Mortalidad_Media,0.48700000000000004,0.13184572861611676,0.030495256166982922,0.011109272984244786,0.009369272997716909,19030.628130329
Hungary,Mortalidad_Baja,0.47500000000000003,0.1254633186060096,0.03064516129032258,0.011076067024607148,0.01012320149159918,16386.9308821258
Hungary,Mortalidad_Baja,0.353,0.12713690813010786,0.02344402277039848,0.01473786118789325,0.01067390924197295,17012.8598553199
Hungary,Mortalidad_Baja,0.364,0.12665360803012152,0.02486527514231499,0.014922533132706271,0.01046628089603495,16605.0570511887
Hungary,Mortalidad_Baja,0.41500000000000004,0.12658984429385903,0.029136622390891844,0.01413422517655064,0.00980196216849298,14736.1668157258
Hungary,Mortalidad_Baja,0.54,0.1208184855388205,0.04098671726755218,0.011206571053491132,0.010429393956550393,13215.8605277789
Hungary,Mortalidad_Baja,0.54,0.11887198805217487,0.04303605313092979,0.010898367801155304,0.01152370738345822,12782.9412577973
Hungary,Mortalidad_Baja,0.48600000000000004,0.11202041725961746,0.04149905123339658,0.012701482575047529,0.011842091921524637,14352.501883174
Hungary,Mortalidad_Baja,0.46,0.11186515797957862,0.0410246679316888,0.01334197417074573,0.012606948045393264,13739.4620151401
Hungary,Mortalidad_Media,0.47000000000000003,0.11511451337882375,0.04280834914611006,0.012944817368807666,0.01308762649260664,12950.1594488143
Hungary,Mortalidad_Media,0.51,0.12024414840220188,0.04838709677419355,0.012188817772099745,0.013407363006610407,14211.460557822
Hungary,Mortalidad_Media,0.51,0.1225936055749717,0.049354838709677426,0.009225498149615013,0.01921613532903443,13189.8433874768
Hungary,Mortalidad_Media,0.53,0.11783530777214149,0.053301707779886145,0.008842437584147418,0.020191640544672644,13051.1831777184
Hungary,Mortalidad_Media,0.52,0.12378004159122563,0.05426944971537002,0.010465397521683854,0.01769347681199949,15762.6322515113
Hungary,Mortalidad_Media,0.5,0.12530852995332448,0.05502846299810247,0.010914420098040273,0.01877700713926773,13934.605460375
Hungary,Mortalidad_Media,0.48,0.12765766367429093,0.05555977229601517,0.01153503709987881,0.019585158684285703,11478.4891640501
Hungary,Mortalidad_Media,0.48,0.128611059210714,0.058292220113852,0.012142620394074008,0.019509224122604554,11212.2046968994
Hungary,Mortalidad_Media,0.49,0.1192643194204527,0.0632258064516129,0.013911883058161151,0.017420827670936237,10291.2694721409
Hungary,Mortalidad_Media,0.53,0.11930569247960432,0.07240986717267553,0.011531818081404169,0.021170663188888213,8410.09248198479
Hungary,Mortalidad_Media,0.52,0.11651659804858745,0.07499051233396584,0.013148297199114915,0.019790078775090533,6658.04494326809
Hungary,Mortalidad_Media,0.52,0.11616953279967955,0.07992409867172676,0.015133113035446843,0.018081340837817157,5280.94887987063
Hungary,Mortalidad_Media,0.5,0.11317316001675753,0.08254269449715369,0.01585202407020423,0.019500727516980156,4629.91760812548
Hungary,Mortalidad_Media,0.5,0.11572120823111094,0.10341555977229601,0.022781530474929243,0.016577049640038786,4509.41740910077
Iceland,Mortalidad_Baja,0.853,0.7354226644545196,0.0323719165085389,0.007634912639744636,0.0030776194119066604,75121.0152280628
Iceland,Mortalidad_Baja,0.9059999999999999,0.7317375890467192,0.03438330170777988,0.0072594544884543154,0.0030150691244831434,69178.4046960961
Iceland,Mortalidad_Baja,0.903,0.7459657890667423,0.03426944971537002,0.008052174540411811,0.0024120789033831636,59023.5663465778
Iceland,Mortalidad_Baja,0.838,0.7745990382356579,0.03180265654648956,0.008143303288201993,0.002786396866883497,68452.23622306
Iceland,Mortalidad_Baja,0.773,0.8045863147944613,0.029335863377609107,0.00790431204545704,0.0034979337324722837,74452.1890731447
Iceland,Mortalidad_Baja,0.715,0.7529907921509433,0.02713472485768501,0.008267358204966917,0.0037267102555065524,72010.1490316258
Iceland,Mortalidad_Baja,0.79,0.7282313620822647,0.029981024667931688,0.009060293777594586,0.0025026748650719918,61987.9263620283
Iceland,Mortalidad_Baja,0.78,0.7843508338173515,0.029601518026565465,0.010613215145950887,0.0017168550066687127,52951.6815110898
Iceland,Mortalidad_Baja,0.8420000000000001,0.8324448158279144,0.03195445920303605,0.009787596817282158,0.001739480506546392,54576.7448146565
Iceland,Mortalidad_Baja,0.8300000000000001,0.8447753582473546,0.03149905123339659,0.011015196185069558,0.0012423846212681346,49804.9829978371
Iceland,Mortalidad_Baja,0.85,0.8179008386721939,0.03225806451612903,0.012128188058241481,0.0007282266414653858,45995.5478789467
Iceland,Mortalidad_Baja,0.87,0.8423987973890733,0.03301707779886148,0.011605035953461578,0.0008130846558132058,47714.5922308485
Iceland,Mortalidad_Baja,0.89,0.7896317505384963,0.03546489563567363,0.011068511263306376,0.0011264859106894288,43237.0729488958
Iceland,Mortalidad_Baja,0.92,0.8319601954050112,0.03666034155597723,0.009609894511812638,0.0016323384924928418,41301.273219718
Iceland,Mortalidad_Baja,0.96,0.804322823299057,0.04007590132827324,0.007962491111079955,0.0026768816506562982,56943.3704468563
Iceland,Mortalidad_Baja,0.97,0.7044193477692986,0.04233396584440228,0.006746732339013574,0.00399898185793192,69495.7267376825
Iceland,Mortalidad_Baja,0.9500000000000001,0.611421202867,0.04146110056925996,0.0078292345225093,0.003121960308142909,57492.9342498703
Iceland,Mortalidad_Baja,0.96,0.5043451878027537,0.04371916508538899,0.007666296524718127,0.0034724279691252797,56794.8501588953
Iceland,Mortalidad_Baja,0.9400000000000001,0.5050670180790928,0.046375711574952565,0.00879508757401449,0.0032311608078033735,47334.9306537723
Iceland,Mortalidad_Baja,0.92,0.5143410190411016,0.04713472485768501,0.010924353375148337,0.00227880954928376,39476.6978486684
Iceland,Mortalidad_Baja,0.91,0.5178566338632841,0.048349146110056924,0.012884982673381779,0.0016587681921096764,32409.2161491753
Iceland,Mortalidad_Baja,0.92,0.5065830642419428,0.052371916508538896,0.012701270873648966,0.0020313849487913747,28897.4439396908
Iceland,Mortalidad_Baja,0.93,0.528835607861538,0.05647058823529412,0.01174143067741396,0.0027858451542673904,32096.3722613695
Iceland,Mortalidad_Baja,0.45799999999999996,0.38962441726766045,0.03650094876660342,0.030019993342352762,0.0030438684779780195,26633.5913761549
India,Mortalidad_Media,0.424,0.032602722638338015,0.20596584440227705,0.06105783558961155,0.017240570602110115,2347.44829434623
India,Mortalidad_Media,0.48100000000000004,0.030887473456018652,0.24460721062618598,0.05651056146752145,0.017180462785656672,2239.61384367482
India,Mortalidad_Media,0.47200000000000003,0.0285474920441261,0.2525692599620493,0.06188410891897666,0.016754262568173996,1907.04251637669
India,Mortalidad_Media,0.478,0.030436935028348384,0.26938519924098675,0.054845639679081605,0.0202327057148705,2041.42863698585
India,Mortalidad_Media,0.47200000000000003,0.03071287857444848,0.28033396584440223,0.05314305799403529,0.02262058311076921,1966.25455171679
India,Mortalidad_Media,0.443,0.029619554756722115,0.27740037950664137,0.058482197688347566,0.023159169676238017,1950.10468280866
India,Mortalidad_Media,0.38,0.028569698082531708,0.2502087286527514,0.06737696145329641,0.02485309867366436,1707.50892912243
India,Mortalidad_Media,0.36,0.028379105791768867,0.2500189753320683,0.07029742570289577,0.026742283204663663,1583.99815907985
India,Mortalidad_Media,0.315,0.027847102550706115,0.23012333965844403,0.08340671531798732,0.027139907231562576,1553.88396075118
India,Mortalidad_Media,0.31,0.026321272133481666,0.23823529411764705,0.0865512506788441,0.028055593048172144,1432.84397512195
India,Mortalidad_Media,0.33,0.026045541157704407,0.2661290322580645,0.07986888784309674,0.03019609968304627,1429.32199520032
India,Mortalidad_Media,0.34,0.02495634266638353,0.287741935483871,0.07911478600683033,0.0311425990168242,1445.46127486037
India,Mortalidad_Media,0.34,0.024231933033483172,0.3012903225806452,0.07835334393203187,0.03311493057923574,1347.51939071367
India,Mortalidad_Alta,0.35000000000000003,0.023191307591706376,0.3234345351043643,0.07485296679999172,0.035314674368388026,1094.94974598436
India,Mortalidad_Alta,0.33,0.021896759833047647,0.3181024667931689,0.07961079688806942,0.03686790565165792,992.519584923828
India,Mortalidad_Alta,0.29,0.02095231562674965,0.290550284629981,0.09037134768240838,0.03855115628899424,1021.88707706826
India,Mortalidad_Alta,0.28,0.020051235501731563,0.291157495256167,0.09393038628103023,0.039983207020581224,801.668353659022
India,Mortalidad_Alta,0.28,0.01928934115788156,0.3012523719165085,0.09846090288574004,0.03942321747501626,710.488080408949
India,Mortalidad_Alta,0.27,0.01883037076377791,0.30022770398481974,0.10323461948327166,0.04037286575074076,624.258826510066
India,Mortalidad_Alta,0.27,0.018098081116610206,0.30996204933586335,0.11353396452921577,0.03769847018606012,544.143133545002
India,Mortalidad_Alta,0.28,0.017988809775577878,0.3315370018975332,0.10915812582925594,0.03911046843920067,469.149928973927
India,Mortalidad_Alta,0.29,0.017807886745296667,0.35383301707779885,0.11663962948167127,0.03618824584088615,450.357900514128
India,Mortalidad_Alta,0.29,0.017879210877891728,0.3648387096774194,0.11659742318282923,0.03743130056044182,442.750218937263
India,Mortalidad_Alta,0.1,0.016340461780527223,0.14345351043643265,0.3826694137584951,0.03773929685061182,375.17600537305
Indonesia,Mortalidad_Media,0.399,0.04297650329994832,0.13249525616698293,0.04862362988340805,0.015436709491479196,4730.83484836107
Indonesia,Mortalidad_Media,0.391,0.0378179777051447,0.13354838709677422,0.05314197480206402,0.01469416121950364,4287.17313995098
Indonesia,Mortalidad_Media,0.37200000000000005,0.03713966939138246,0.13129411764705884,0.05761534897649139,0.014726252331445,3853.70288774146
Indonesia,Mortalidad_Media,0.395,0.039008411897620686,0.1446584440227704,0.05035565131199221,0.016855378198575608,4106.94856160358
Indonesia,Mortalidad_Media,0.428,0.037299050575131505,0.16161669829222008,0.046823649594085456,0.01732642825154226,3860.95353090726
Indonesia,Mortalidad_Media,0.44700000000000006,0.03384599316985856,0.17557685009487664,0.04605194808169833,0.017587927471202684,3798.88326174526
Indonesia,Mortalidad_Media,0.34,0.03245525179013788,0.13870967741935483,0.0620271025510493,0.0178767434659694,3521.46943457574
Indonesia,Mortalidad_Media,0.32,0.031679983640208104,0.1354079696394687,0.0659717355547194,0.018642171106891915,3288.22269725538
Indonesia,Mortalidad_Media,0.28,0.03214919432972463,0.12326375711574952,0.07452517113736867,0.01979466449275517,3441.06808464008
Indonesia,Mortalidad_Media,0.3,0.031052757616118733,0.13719165085388993,0.06966084365260569,0.020654833399888713,3566.60284506078
Indonesia,Mortalidad_Media,0.28,0.03224695494299636,0.13335863377609108,0.07473315050881925,0.02161666757407738,3632.27254030331
Indonesia,Mortalidad_Media,0.28,0.03262123818540934,0.13867172675521822,0.07550603626862867,0.022344214209306525,3579.46442466152
Indonesia,Mortalidad_Media,0.26,0.03204764284989804,0.13370018975332068,0.08382316648857634,0.022529781165453223,3065.68348377765
Indonesia,Mortalidad_Media,0.23,0.030869456107422567,0.12307400379506642,0.10401469442427021,0.021185754616372354,2218.48541852977
Indonesia,Mortalidad_Media,0.24,0.028902314454378984,0.13343453510436434,0.09441051189680606,0.02356125017962305,2124.55483920618
Indonesia,Mortalidad_Media,0.22,0.028721016898960335,0.12732447817836812,0.09755224416183673,0.026221140604599756,1823.21976255073
Indonesia,Mortalidad_Media,0.2,0.02941826092222088,0.1206831119544592,0.10149581477772812,0.02924206310758913,1558.31562847163
Indonesia,Mortalidad_Media,0.19,0.029126128476303362,0.11969639468690703,0.10809612043261738,0.030279276116110643,1238.21447629488
Indonesia,Mortalidad_Alta,0.19,0.02900651644078363,0.13231499051233397,0.11805342074894601,0.03068843493300786,1126.84004447173
Indonesia,Mortalidad_Media,0.19,0.027267268342731535,0.1301518026565465,0.12504951007286752,0.028262168465434327,1043.2105838671
Indonesia,Mortalidad_Media,0.17,0.02768711218698821,0.12161290322580647,0.1502011521394079,0.027369984440294422,881.002913569131
Indonesia,Mortalidad_Alta,0.17,0.026981834559482862,0.12741935483870967,0.14721224316431264,0.02948691426713987,732.307093405708
Indonesia,Mortalidad_Alta,0.2,0.02673408488706554,0.15673624288425048,0.12265662705902573,0.03167253142205781,763.711124950924
Indonesia,Mortalidad_Alta,0.1,0.026222225435362966,0.098292220113852,0.2681512043107945,0.03682835646294018,1011.22614205568
Iraq,Mortalidad_Media,0.4202,0.06505837290389592,0.17142884250474383,0.007665653199953155,0.13535983492257495,6520.73154560584
Iraq,Mortalidad_Media,0.22,0.05872001623803452,0.09267552182163187,0.023321460125811013,0.0865852517704115,4868.49431080783
Iraq,Mortalidad_Media,0.20800000000000002,0.052599417202920586,0.09038330170777989,0.04580050192381013,0.04663530604696258,4295.18945121228
Iraq,Mortalidad_Media,0.203,0.060781861619920975,0.09090702087286527,0.029057423510962136,0.07981356718158873,5671.8568632942
Iraq,Mortalidad_Media,0.23399999999999999,0.05928212867421555,0.10834155597722958,0.018827797064614023,0.11175104080075304,5646.68932074742
Iraq,Mortalidad_Media,0.19100000000000003,0.05458360598876785,0.09096963946869072,0.024384653937774264,0.10865400410474124,4759.2846435467
Iraq,Mortalidad_Media,0.16,0.04951332978949567,0.07863377609108159,0.038892617798273396,0.08316216163007095,4334.42096404188
Iraq,Mortalidad_Media,0.16,0.04588053782862441,0.08106261859582542,0.0409919401703923,0.08126799864546601,4440.14189252367
Iraq,Mortalidad_Media,0.13699999999999998,0.049796005201975885,0.07148956356736243,0.05629696968523783,0.07076940150031129,6249.39226978969
Iraq,Mortalidad_Media,0.18,0.05411727673069633,0.09700189753320683,0.04144905482502021,0.07577582039559735,6650.35282247395
Iraq,Mortalidad_Media,0.3712,0.05477625849226729,0.20567438330170779,0.017384016006694324,0.09070243337917165,6477.59618450955
Iraq,Mortalidad_Media,0.27440000000000003,0.051775528586555396,0.1567256166982922,0.026022607393398803,0.08426795245863157,5775.54229080293
Iraq,Mortalidad_Media,0.2554,0.04893524108183523,0.14975066413662239,0.03162509235851644,0.07617276887692961,4461.75196161555
Iraq,Mortalidad_Media,0.49760000000000004,0.045761281695215254,0.3002595825426945,0.016444724786283397,0.07742961415176816,3714.71205987194
Iraq,Mortalidad_Alta,0.2864,0.04420761563636646,0.17770929791271348,0.021020743921972233,0.10953467803404339,4542.96609046032
Iraq,Mortalidad_Alta,0.4114,0.04174015677830481,0.26151612903225807,0.01874775510873788,0.08692879746971353,3128.99010329066
Iraq,Mortalidad_Alta,0.2884,0.042067122960307485,0.1877062618595825,0.03160738142563469,0.0748668689501532,2276.55435744086
Iraq,Mortalidad_Alta,0.3106,0.043602060092466165,0.206280834914611,0.03469211807445637,0.0641755304200545,1762.39360423421
Iraq,Mortalidad_Alta,0.292,0.04504053815002189,0.19780645161290322,0.0371789755390267,0.06501225800142962,1328.37157628292
Iraq,Mortalidad_Alta,0.2402,0.043150233189817096,0.1659066413662239,0.05475288212957936,0.0541949355066932,817.887862499622
Iraq,Mortalidad_Alta,0.1,0.0502722779902466,0.07020872865275142,0.13397387965758198,0.05407064748245875,1266.15961275094
Iraq,Mortalidad_Alta,0.1,0.05449274240885164,0.0715370018975332,0.10844363039302793,0.06891854185116258,1435.695683789
Iraq,Mortalidad_Alta,0.1,0.050158131647688405,0.07286527514231499,0.0725164828997584,0.10670444181721372,1980.18916038782
Iraq,Mortalidad_Alta,0.28,0.07290562809735317,0.2204933586337761,0.11502879275988455,0.023465390134555394,619.135530927038
Ireland,Mortalidad_Baja,0.807,0.12013776072311055,0.050533206831119545,0.0021302753138554794,0.036575477052313565,105234.511567597
Ireland,Mortalidad_Baja,0.8200000000000001,0.12425872012925072,0.04979127134724858,0.0018456851202454275,0.040621972218475716,103961.976350649
Ireland,Mortalidad_Baja,0.828,0.12161785789348196,0.048705882352941175,0.0017754323013852004,0.04050568775436341,86622.5067251295
Ireland,Mortalidad_Baja,0.78,0.12693240279248177,0.0444022770398482,0.0017719139181994379,0.04179079433534326,81810.1926481407
Ireland,Mortalidad_Baja,0.79,0.13031944825807837,0.04497153700189753,0.0016448933516226844,0.04465804544805541,80738.9628834696
Ireland,Mortalidad_Baja,0.783,0.13193625770155212,0.044573055028462996,0.00223653075892191,0.03228632131118358,72198.1076995377
Ireland,Mortalidad_Baja,0.74,0.13554764302174255,0.043529411764705886,0.0019558410314226738,0.041193851879306735,64192.9418053178
Ireland,Mortalidad_Baja,0.72,0.13060612079762146,0.04371916508538899,0.0018859437551443769,0.045654676757718976,64311.8234684057
Ireland,Mortalidad_Baja,0.748,0.1260135801973559,0.046838709677419356,0.0025435031512217213,0.03273121069954673,57278.2590911107
Ireland,Mortalidad_Baja,0.75,0.12954605261888863,0.04696394686907021,0.0022287506547246628,0.03771030920987456,52619.2123745817
Ireland,Mortalidad_Baja,0.8,0.13216921833262357,0.05161290322580645,0.001925997990993109,0.04253922668344123,49411.7387476787
Ireland,Mortalidad_Baja,0.8,0.13292865669675508,0.05313092979127135,0.0023528217123737027,0.03532687051728254,52692.7813135606
Ireland,Mortalidad_Baja,0.77,0.1456899920442441,0.05259962049335863,0.0019392067754448357,0.04678336671723452,48679.4026820361
Ireland,Mortalidad_Baja,0.75,0.146793968289802,0.05265654648956357,0.0011639914691547893,0.08474492652947734,52133.0909237885
Ireland,Mortalidad_Baja,0.74,0.15320588812604738,0.053358633776091076,0.0017972673341885108,0.05605371208399924,61353.1065629523
Ireland,Mortalidad_Baja,0.74,0.15767416013464547,0.05476280834914611,0.0022057496446570056,0.04633435301059544,61396.417461176
Ireland,Mortalidad_Baja,0.75,0.15887606789136346,0.058349146110056926,0.0019216806412767219,0.055794899849460365,54329.1618599624
Ireland,Mortalidad_Baja,0.75,0.1625712848644545,0.06261859582542695,0.002156159715272914,0.05322211564267159,50933.0216095589
Ireland,Mortalidad_Baja,0.6900000000000001,0.16469200882089868,0.06153700189753321,0.003569361679473189,0.03634234145264902,47754.2023194244
Ireland,Mortalidad_Baja,0.75,0.16270404242794467,0.07258064516129033,0.0030875387233638262,0.04245100552302936,41203.5295847568
Ireland,Mortalidad_Baja,0.72,0.16954449975098315,0.07514231499051233,0.0037709870000396904,0.03878017831611796,32705.4345565698
Ireland,Mortalidad_Baja,0.77,0.17190507050523163,0.0847438330170778,0.0040514897019958565,0.035320955225632576,28282.409882073
Ireland,Mortalidad_Baja,0.8200000000000001,0.16788594432074655,0.09335863377609108,0.004779609495837932,0.028500974296610096,26334.5672050501
Ireland,Mortalidad_Baja,0.5,0.13655330998903636,0.05787476280834915,0.01746183419917788,0.011212138672469188,19158.4564773907
Israel,Mortalidad_Baja,0.652,0.11539722627723094,0.03340417457305503,0.002788092624586969,0.02755343608767164,54949.621556429
Israel,Mortalidad_Baja,0.768,0.11243976229039412,0.040804554079696395,0.0027015045674905797,0.024733847968002806,52270.9040241956
Israel,Mortalidad_Baja,0.772,0.11341787400142234,0.041017077798861476,0.0027696454148115274,0.023902397238560354,44575.5719045492
Israel,Mortalidad_Baja,0.679,0.1112992289721152,0.037364326375711576,0.003102614944643746,0.025295163729211843,44250.6313628073
Israel,Mortalidad_Baja,0.612,0.11510893280610962,0.03367741935483871,0.0035519353740314,0.0244123115867296,42362.6652754196
Israel,Mortalidad_Baja,0.47600000000000003,0.1147121619930922,0.02709677419354839,0.004711380107380467,0.024488012164806165,41138.470964272
Israel,Mortalidad_Baja,0.6,0.11878224677649189,0.03529411764705882,0.0037849546463643207,0.02505578923764156,37671.5389138798
Israel,Mortalidad_Baja,0.61,0.12057486181700035,0.03588235294117647,0.003643673656777415,0.02567243807736502,36213.1041481958
Israel,Mortalidad_Baja,0.593,0.11687027774636528,0.036007590132827325,0.0036617902740358563,0.02731231356583072,38343.3046626235
Israel,Mortalidad_Baja,0.58,0.12311644646253131,0.036318785578747625,0.004104254408950664,0.02549679396522361,37034.3161080785
Israel,Mortalidad_Baja,0.61,0.13731648803232743,0.03935483870967742,0.0038285397169641427,0.026941957400467894,33321.4300881602
Israel,Mortalidad_Baja,0.61,0.137909778917701,0.0405123339658444,0.004745184862723993,0.021817298274245184,34522.5215979073
Israel,Mortalidad_Baja,0.6,0.14079605523992286,0.04212523719165085,0.004771483494306072,0.02354647220697393,31439.0887027614
Israel,Mortalidad_Baja,0.61,0.132966758987921,0.04398481973434535,0.005492601823294893,0.020259230732580413,28508.4938886475
Israel,Mortalidad_Baja,0.59,0.1448408660809155,0.04366223908918406,0.0047984671404112025,0.025315565766283504,30269.217773489
Israel,Mortalidad_Baja,0.63,0.1341033540268274,0.04901328273244781,0.004339160256335217,0.02785533812670916,25721.2594077311
Israel,Mortalidad_Baja,0.64,0.13334508634128225,0.052220113851992406,0.00444711797941567,0.028083754232767155,22527.2619795719
Israel,Mortalidad_Baja,0.7000000000000001,0.12308724037611962,0.05977229601518026,0.00419843787299394,0.028506962085790982,21286.8388636595
Israel,Mortalidad_Baja,0.73,0.13053005139933566,0.06510436432637572,0.003465594198211085,0.03529204161421368,20568.0694088834
Israel,Mortalidad_Baja,0.76,0.13642419359996544,0.07066413662239089,0.003516655468568321,0.03478489978458319,19643.4690380742
Israel,Mortalidad_Baja,0.66,0.13239514315631418,0.06387096774193549,0.004304352791068746,0.0339922018229734,19076.4584298321
Israel,Mortalidad_Baja,0.68,0.13752203964300583,0.06967741935483873,0.004048439607929542,0.03744730501537854,20966.3052667971
Israel,Mortalidad_Baja,0.71,0.13409678176828976,0.07544592030360532,0.0033797401006245035,0.04517877460192324,21706.5194056329
Israel,Mortalidad_Baja,0.3,0.12932131700171282,0.04098671726755218,0.010656383033710868,0.043484931892105984,19025.6840502517
Italy,Mortalidad_Baja,0.573,0.11146986032766608,0.026094876660341552,0.005161826906314872,0.013554789092419488,35653.9042103495
Italy,Mortalidad_Baja,0.637,0.11701267923320696,0.030218216318785577,0.0045032593038780485,0.0148028716755006,36852.5425414951
Italy,Mortalidad_Baja,0.622,0.10689621935622745,0.02950664136622391,0.0048498815809624625,0.013914315310078773,32091.4866621366
Italy,Mortalidad_Baja,0.43700000000000006,0.11529275981007908,0.021559772296015182,0.006511529603428028,0.01567951272963219,33812.788724868
Italy,Mortalidad_Baja,0.401,0.11572543901860412,0.02054459203036053,0.007247836910402501,0.015996917152651922,34904.1081923834
Italy,Mortalidad_Baja,0.44700000000000006,0.11823036413512207,0.02374952561669829,0.00662755252541564,0.016332476520082316,32844.115660604
Italy,Mortalidad_Baja,0.43,0.11610198279883432,0.02366223908918406,0.006728451242714425,0.017520676059639747,31391.5692898108
Italy,Mortalidad_Baja,0.43,0.11710255204224496,0.024478178368121443,0.007246499430419242,0.016698763294909668,30639.8829751432
Italy,Mortalidad_Baja,0.385,0.11246763359726401,0.02264705882352941,0.007756007293885811,0.01826476122797895,36028.3494022349
Italy,Mortalidad_Baja,0.39,0.11911819697463022,0.022941176470588236,0.008255588918157558,0.01669989121194571,35701.6746002376
Italy,Mortalidad_Baja,0.39,0.12394496273612585,0.023681214421252372,0.00765812502181635,0.018955949354894485,34854.3949441965
Italy,Mortalidad_Baja,0.43,0.1294106939705881,0.026925996204933588,0.006728263690533216,0.020393442171605013,38432.3742820019
Italy,Mortalidad_Baja,0.48,0.13433567631949728,0.030967741935483867,0.005767221029237987,0.022212880431535662,35856.8625485539
Italy,Mortalidad_Baja,0.52,0.13172484406995535,0.03354838709677419,0.005422280646754069,0.021748477406288314,37099.6133958219
Italy,Mortalidad_Baja,0.49,0.14192538211143343,0.0325426944971537,0.005980735685490824,0.021508742731024637,40828.5795580937
Italy,Mortalidad_Baja,0.5,0.14494179530977835,0.03415559772296015,0.0059272757314428525,0.02193279626163216,37826.1754554823
Italy,Mortalidad_Baja,0.48,0.14630364410594876,0.03370018975332069,0.006328869840054536,0.02200011141289549,33537.1286994269
Italy,Mortalidad_Baja,0.53,0.1482478792367905,0.03821631878557875,0.005992997298490243,0.021551414239286974,32062.723833669
Italy,Mortalidad_Baja,0.52,0.14631263046293558,0.038481973434535105,0.007047731082617219,0.01880522124693125,31348.1901841445
Italy,Mortalidad_Baja,0.55,0.14639028112672414,0.04278937381404174,0.006692000128601983,0.019839287826382057,27577.5700319855
Italy,Mortalidad_Baja,0.46,0.14044118454590115,0.03753320683111955,0.008045327440866145,0.020835332130466476,22451.3964379368
Italy,Mortalidad_Baja,0.47000000000000003,0.13973740886420494,0.040132827324478176,0.008262199943930258,0.02077161539091866,20570.4385917862
Italy,Mortalidad_Baja,0.46,0.13935360229601818,0.0410246679316888,0.008699441925849441,0.02109694326304613,20190.0035636084
Italy,Mortalidad_Baja,0.7000000000000001,0.12947374042441476,0.08500948766603415,0.006647905655847331,0.02526862253825543,20712.1798690324
Jamaica,Mortalidad_Media,0.49,0.044512871665691484,0.1701518026565465,0.0258622161236907,0.026697357602860093,6022.15339791763
Jamaica,Mortalidad_Media,0.47700000000000004,0.040420877784374476,0.16382732447817838,0.027359004771900945,0.025510605248777407,5165.33782130331
Jamaica,Mortalidad_Media,0.46799999999999997,0.03646361538696776,0.1598481973434535,0.029029970297388533,0.02422143447380476,4879.44025773374
Jamaica,Mortalidad_Media,0.45,0.049471122317334096,0.15199240986717266,0.02440696372265959,0.03036594090418277,5607.24299266608
Jamaica,Mortalidad_Media,0.394,0.04743076154063668,0.13233017077798861,0.026178427891996908,0.03234774026549982,5578.10347525832
Jamaica,Mortalidad_Media,0.38200000000000006,0.04222902664983724,0.12757495256166984,0.02716301489489272,0.03193461715719253,5259.31332766957
Jamaica,Mortalidad_Media,0.38,0.045901306057903414,0.1269070208728653,0.027170109799500592,0.032110823753304076,5009.79448724295
Jamaica,Mortalidad_Media,0.38,0.04147573174183507,0.1269070208728653,0.025974192432058,0.03374132365221782,5062.8955502426
Jamaica,Mortalidad_Media,0.33,0.041448471552275074,0.1108349146110057,0.02831733117108384,0.036046664486988705,4975.11325459872
Jamaica,Mortalidad_Media,0.33,0.042712480267722876,0.11146110056925995,0.02830780019215298,0.036282297049483,5124.21301411137
Jamaica,Mortalidad_Media,0.33,0.040791528448929144,0.11146110056925995,0.027364097048899808,0.03764744021707791,5340.83333232158
Jamaica,Mortalidad_Media,0.3,0.042425440814628956,0.10189753320683112,0.029452992578811434,0.038782813100677466,5232.63644918132
Jamaica,Mortalidad_Media,0.31,0.040160735015939954,0.10529411764705882,0.026593599507857876,0.041804313028324706,4809.977380312
Jamaica,Mortalidad_Media,0.33,0.04332815232030575,0.11208728652751422,0.02594563171577311,0.04012880958740058,4428.38153333557
Jamaica,Mortalidad_Media,0.37,0.05418870182150408,0.12567362428842505,0.020717024736467086,0.045209767628606644,5029.80095281745
Jamaica,Mortalidad_Media,0.36,0.06819417896153056,0.12227703984819734,0.020068977763032545,0.04816732842692445,4716.48612542727
Jamaica,Mortalidad_Media,0.33,0.06780048309873997,0.11208728652751422,0.02444528803773306,0.042794406121047034,4417.00127135363
Jamaica,Mortalidad_Media,0.38,0.060028741460925614,0.12834914611005693,0.021354033787250516,0.04226806052386372,4184.43974867497
Jamaica,Mortalidad_Media,0.4,0.06167251300043471,0.13586337760910816,0.01948807658331295,0.044401168403422876,3807.56293124552
Jamaica,Mortalidad_Media,0.38,0.061704401255270554,0.12979127134724858,0.021467762208918415,0.04253595802908382,3549.70758394618
Jamaica,Mortalidad_Media,0.38,0.05945945998361296,0.13123339658444022,0.022828337461413023,0.040282954184565956,3680.64551727724
Jamaica,Mortalidad_Media,0.38,0.06254182903303082,0.1333965844402277,0.025201760861946223,0.036829025247949516,3503.55026688858
Jamaica,Mortalidad_Media,0.38,0.06169474032578861,0.136280834914611,0.02565947287731957,0.03696539082842206,3453.09252800226
Jamaica,Mortalidad_Media,0.5,0.05540439956447986,0.20967741935483872,0.026902477344328633,0.03082930030884721,2630.84935382822
Japan,Mortalidad_Baja,0.8140000000000001,0.14507930419571274,0.027802656546489564,0.0017719907111961055,0.022622425278334454,34065.6438962526
Japan,Mortalidad_Baja,0.8200000000000001,0.1478804254121683,0.028007590132827324,0.0019279596195705,0.020350826875183338,40094.5599795288
Japan,Mortalidad_Baja,0.805,0.14095463935155306,0.027495256166982923,0.0020726629575122217,0.019109461648278283,40028.7341726762
Japan,Mortalidad_Baja,0.78,0.15091868887158458,0.02664136622390892,0.0020840580741211963,0.01970131216168157,40415.9567649547
Japan,Mortalidad_Baja,0.792,0.15469543147237774,0.028554079696394685,0.002062953357810446,0.020856022346413525,39751.1330982711
Japan,Mortalidad_Baja,0.861,0.15692228455343302,0.031041745730550276,0.0020506255891900448,0.019053599226237162,38834.0529341227
Japan,Mortalidad_Baja,0.76,0.1559865926471788,0.028842504743833017,0.002316021329271045,0.02030257466197947,39375.4731620781
Japan,Mortalidad_Baja,0.74,0.1573651899030454,0.02808349146110057,0.0021865030507042522,0.022376559183089163,34960.6393843385
Japan,Mortalidad_Baja,0.778,0.15946168869135313,0.03100189753320683,0.0020042625429568,0.024675420849984586,38475.3952461838
Japan,Mortalidad_Baja,0.8,0.16510468593100538,0.0333965844402277,0.002086269492576818,0.02408124073029179,40898.6478964744
Japan,Mortalidad_Baja,0.78,0.16368185986081343,0.03256166982922202,0.002252368855190568,0.022712234324306906,49145.2804308193
Japan,Mortalidad_Baja,0.77,0.16755593787090697,0.03360531309297913,0.0021950940836101265,0.024966747985870705,48760.0789494211
Japan,Mortalidad_Baja,0.73,0.18056477408268365,0.03324478178368121,0.0023754062776702952,0.02545033417380395,44968.1562349739
Japan,Mortalidad_Baja,0.75,0.17169225299438695,0.03415559772296015,0.002257895607993251,0.026140099556779126,41308.9968370512
Japan,Mortalidad_Baja,0.76,0.1789905992638349,0.036053130929791274,0.002170100210653387,0.028187761447101424,39876.3039685725
Japan,Mortalidad_Baja,0.73,0.1861483809959757,0.03601518026565465,0.0022577014214281684,0.029470288785434846,35779.0245416427
Japan,Mortalidad_Baja,0.6900000000000001,0.18816970506471065,0.03535104364326376,0.002454643063039442,0.029814858199721794,35991.546002862
Japan,Mortalidad_Baja,0.7000000000000001,0.1882663158208355,0.03586337760910816,0.0024846935168995124,0.02894695674582936,37812.8950199948
Japan,Mortalidad_Baja,0.71,0.18915038798242245,0.03772296015180266,0.0027126611320005237,0.026899382836493863,38298.9801712303
Japan,Mortalidad_Baja,0.71,0.1831826428844262,0.03907020872865275,0.0028626686286100556,0.026338889800026202,35387.0374203599
Japan,Mortalidad_Baja,0.64,0.1848542644641,0.03643263757115749,0.0033651475861834895,0.025635419426706538,32820.7936433254
Japan,Mortalidad_Baja,0.6,0.18472368150294502,0.03529411764705882,0.003566062012972159,0.026796457447554232,34406.1824638092
Japan,Mortalidad_Baja,0.58,0.18829386074019802,0.036318785578747625,0.004094683913501422,0.025564105530686942,39169.3595701504
Japan,Mortalidad_Baja,0.9,0.18126955553267793,0.07001897533206831,0.002859843226384017,0.029789916838467392,44197.6191013908
Jordan,Mortalidad_Baja,0.495,0.03455480464210663,0.11834914611005691,0.015228545540564931,0.0314220024555207,4332.25159897931
Jordan,Mortalidad_Media,0.51,0.03321606420821194,0.12483870967741935,0.014685260744710561,0.03247968299053644,4183.49998326866
Jordan,Mortalidad_Baja,0.49600000000000005,0.03458442855436891,0.1251764705882353,0.01465757300066797,0.034702135150456156,4022.0401356135
Jordan,Mortalidad_Baja,0.503,0.03721297149448132,0.12980645161290322,0.013599308947966465,0.03800057420696609,4170.1144003465
Jordan,Mortalidad_Baja,0.519,0.039887450218908625,0.13787476280834915,0.013206911383946626,0.03912892270668653,4145.43989673265
Jordan,Mortalidad_Baja,0.498,0.042107151497464725,0.13513092979127134,0.01395597213122257,0.03944145954664546,4065.61628749384
Jordan,Mortalidad_Baja,0.49,0.04074158841340541,0.13667931688804552,0.014389272635957294,0.0400097263116822,3986.71677010853
Jordan,Mortalidad_Media,0.45,0.04147562835804174,0.12808349146110057,0.015271694330677054,0.04204145862499997,4042.75678097555
Jordan,Mortalidad_Media,0.456,0.04271598213796372,0.13325237191650854,0.013616525903535329,0.048222381303107145,4191.18050084986
Jordan,Mortalidad_Media,0.45,0.044418684480408775,0.1349146110056926,0.012457973264397118,0.055247136350744734,4311.21916713038
Jordan,Mortalidad_Media,0.47000000000000003,0.047558370397957274,0.14447817836812143,0.011002721515429612,0.061776931973368754,4169.50470054618
Jordan,Mortalidad_Media,0.5,0.04338081691872358,0.15749525616698296,0.010968046015348322,0.05958084472090289,3946.85503855525
Jordan,Mortalidad_Media,0.51,0.04472327879446383,0.16451612903225807,0.010968315238361009,0.059831836932724355,3718.46571622945
Jordan,Mortalidad_Media,0.47000000000000003,0.04801301714654287,0.15607210626185958,0.01077498703018579,0.06848517644136265,3435.8337590698
Jordan,Mortalidad_Media,0.53,0.04648366304232645,0.1810246679316888,0.008494154557222687,0.07975954159997892,3241.6524135556
Jordan,Mortalidad_Media,0.5700000000000001,0.048548948219978905,0.20009487666034156,0.0069487783403036725,0.09372933187546917,2506.20599484139
Jordan,Mortalidad_Media,0.53,0.049036680645637376,0.19208728652751422,0.0076268477295319045,0.0948583288634564,2342.63459574933
Jordan,Mortalidad_Media,0.46,0.050937087157971656,0.17195445920303606,0.009382177328153312,0.0915241954149932,2087.87079273635
Jordan,Mortalidad_Media,0.45,0.04861061335509876,0.17333965844402277,0.008684959677915202,0.10460244524816426,1940.08641342805
Jordan,Mortalidad_Media,0.49,0.04136203516587472,0.19432637571157493,0.0078760035284013,0.10920199318469398,1775.67625581432
Jordan,Mortalidad_Media,0.46,0.041361059107711366,0.18853889943074004,0.0074545625601390745,0.12755514404680468,1706.26744384401
Jordan,Mortalidad_Media,0.44,0.040204192785281784,0.18535104364326374,0.006945757149365847,0.14760327627252467,1632.29454010563
Jordan,Mortalidad_Media,0.47000000000000003,0.04146678386083103,0.2042314990512334,0.006709376143233855,0.14755977237199394,1570.61002940477
Jordan,Mortalidad_Media,0.3,0.04155730376314796,0.15028462998102465,0.019225838691482786,0.0917849567353463,1415.71151592128
Kazakhstan,Mortalidad_Media,0.379,0.16486988487527898,0.05537571157495256,0.021661806896755263,0.016182031226492734,11255.3396437881
Kazakhstan,Mortalidad_Media,0.446,0.16351930066081247,0.06685768500948767,0.01764591301623115,0.01755108009791748,9983.60103576902
Kazakhstan,Mortalidad_Media,0.409,0.15679878176884487,0.06208728652751423,0.02062431993294149,0.016399942434471383,8781.50797787648
Kazakhstan,Mortalidad_Media,0.40299999999999997,0.17372723507651092,0.06194117647058823,0.01734032295470064,0.020777371879264653,9457.12614657136
Kazakhstan,Mortalidad_Media,0.446,0.17655726637038074,0.06939658444022771,0.015421252445007392,0.0214654762349535,9472.48527327758
Kazakhstan,Mortalidad_Media,0.38,0.15753184902872197,0.060569259962049336,0.018598411298674497,0.021389202694328768,8943.08416791984
Kazakhstan,Mortalidad_Media,0.29,0.15683333502898353,0.04842504743833017,0.024580853862297292,0.022343440968356963,7475.56688689424
Kazakhstan,Mortalidad_Media,0.26,0.14123012351373462,0.04686907020872865,0.028347115435850587,0.023475122837269102,10196.1226255982
Kazakhstan,Mortalidad_Media,0.257,0.1699142055883399,0.051204933586337764,0.026358501903523353,0.02889817433656739,12427.7094576939
Kazakhstan,Mortalidad_Media,0.27,0.2151525594182671,0.05994307400379506,0.026097664134143213,0.031191980295176516,13478.459627612
Kazakhstan,Mortalidad_Media,0.29,0.19772442845259555,0.0731878557874763,0.023136680876926306,0.03787698339836516,12018.7966527993
Kazakhstan,Mortalidad_Media,0.27,0.20987231917544777,0.07633776091081594,0.028910681568092372,0.036352015481536354,11287.1464926039
Kazakhstan,Mortalidad_Media,0.22,0.19008829352361373,0.06971537001897533,0.03207860672607334,0.04585682351543508,8793.07589980782
Kazakhstan,Mortalidad_Media,0.21,0.1768067565617916,0.07371916508538899,0.04579801264576956,0.03665830610224476,6938.01175663001
Kazakhstan,Mortalidad_Alta,0.26,0.1969406066491619,0.10064516129032258,0.03198942179466827,0.0476514558296064,8123.54705891736
Kazakhstan,Mortalidad_Alta,0.26,0.18821670555657122,0.11001897533206832,0.03406248209087939,0.049007245885340035,6449.43931096532
Kazakhstan,Mortalidad_Alta,0.22,0.1742134564281375,0.1010246679316888,0.03908605457213805,0.055162759124959146,5030.13494711519
Kazakhstan,Mortalidad_Alta,0.24,0.1474276831093718,0.11840607210626186,0.04152470059597338,0.05089545053956247,3577.35804001782
Kazakhstan,Mortalidad_Alta,0.23,0.14826889824896544,0.12176470588235293,0.0484555343340014,0.04870433044969117,2722.47407755402
Kazakhstan,Mortalidad_Alta,0.27,0.1265826697402418,0.15216318785578747,0.045560816266565024,0.04685417306036047,1958.02050246511
Kazakhstan,Mortalidad_Alta,0.3,0.11734009310937998,0.18045540796963946,0.04170205276094421,0.049336537453214174,1573.55219932325
Kazakhstan,Mortalidad_Alta,0.23,0.10246320658146418,0.1470777988614801,0.05935264403834189,0.047982392412873824,1422.27331810957
Kazakhstan,Mortalidad_Alta,0.1,0.10637332889627306,0.0683111954459203,0.12690352038081162,0.05563013157566864,1180.0444563226
Kazakhstan,Mortalidad_Alta,0.2828,0.14447240395946323,0.24148007590132825,0.06821390074532609,0.045157998893354,1217.79138769863
Kenya,Mortalidad_Alta,0.309,0.02460209033465818,0.20990891840607206,0.10651713782301629,0.019293778867268838,2109.56288513137
Kenya,Mortalidad_Alta,0.295,0.02452108717312712,0.2037571157495256,0.11391055292401434,0.019200856849782146,2061.35622089594
Kenya,Mortalidad_Alta,0.282,0.02428430388232712,0.1974535104364326,0.12596205655576168,0.018278409976026606,1927.66459027849
Kenya,Mortalidad_Alta,0.321,0.024703961961506846,0.22658823529411762,0.10168206119294236,0.020374412713421892,1960.40808854893
Kenya,Mortalidad_Alta,0.275,0.024823535788953875,0.19724857685009486,0.11558275927014533,0.021403204427981316,1836.45275528993
Kenya,Mortalidad_Alta,0.247,0.024456763954715865,0.18044592030360532,0.13235121744738007,0.021163732566737124,1667.48447230835
Kenya,Mortalidad_Alta,0.25,0.02421481711071769,0.18358633776091082,0.12538618710528143,0.022345422260604396,1554.12610314423
Kenya,Mortalidad_Alta,0.27,0.024077849292117398,0.20032258064516129,0.11282476427586022,0.02336235471407754,1489.11959777284
Kenya,Mortalidad_Alta,0.21,0.022549080515407847,0.15979127134724858,0.13670250540424525,0.025716251595162047,1482.81566253497
Kenya,Mortalidad_Alta,0.22,0.021342995622072623,0.17074003795066411,0.13239982086185526,0.025867962763845193,1370.87885214659
Kenya,Mortalidad_Alta,0.21,0.02094416472258637,0.16457305502846298,0.14029285211733392,0.02581977588825629,1285.00536171512
Kenya,Mortalidad_Alta,0.22,0.021412460484698123,0.17157495256166982,0.1343780758719797,0.025579075012123382,1096.14499807675
Kenya,Mortalidad_Alta,0.21,0.021274582218416726,0.16497153700189754,0.13089044145136217,0.027987300150661427,1091.51873101194
Kenya,Mortalidad_Alta,0.21,0.021326785314118742,0.1669639468690702,0.12110944785562226,0.030922691821021024,1047.9678324485
Kenya,Mortalidad_Alta,0.22,0.020661253806772174,0.17700189753320683,0.15785906682098008,0.02206073531106424,915.54435473604
Kenya,Mortalidad_Alta,0.21,0.020668220946689124,0.17891840607210627,0.15338310727426838,0.025656239123573434,840.201439476765
Kenya,Mortalidad_Alta,0.21,0.02084107413362298,0.18688804554079697,0.15288409066409875,0.027044873219037584,699.80237063381
Kenya,Mortalidad_Alta,0.19,0.020557237552076068,0.17810246679316888,0.1995827974191263,0.02376080346218373,523.456312433863
Kenya,Mortalidad_Alta,0.19,0.02038132320274825,0.18927893738140417,0.2052876450179477,0.02465982267125539,463.662781300121
Kenya,Mortalidad_Alta,0.2,0.019714101250625247,0.21062618595825428,0.20187162202948142,0.02525485203524905,442.898457253405
Kenya,Mortalidad_Alta,0.21,0.020199041189534788,0.23231499051233395,0.19262770295347947,0.02663809634957851,402.936385605382
Kenya,Mortalidad_Alta,0.2,0.020536465917883898,0.23225806451612904,0.2178685314644565,0.02587559997485067,410.700452474814
Kenya,Mortalidad_Alta,0.25,0.020908555014626986,0.3026565464895636,0.17975550213847175,0.026191148473288028,414.626365130846
Kenya,Mortalidad_Alta,0.5,0.020819315840852864,0.6736242884250474,0.08245465618415392,0.03247435165614964,340.064842175429
Kuwait,Mortalidad_Baja,0.438,0.423240089311159,0.06316508538899429,0.0014376718295238218,0.24742640784308786,39981.7690981957
Kuwait,Mortalidad_Baja,0.47500000000000003,0.39729751378010314,0.06850094876660341,0.0015581208020391485,0.21002344183075036,34018.6342879647
Kuwait,Mortalidad_Baja,0.46,0.4112825861797514,0.06721062618595826,0.001688187552951739,0.20268318695414722,25236.0755520534
Kuwait,Mortalidad_Baja,0.353,0.3871890944288987,0.05090702087286527,0.0016419013022491845,0.2691033771216085,31707.8737464917
Kuwait,Mortalidad_Baja,0.36600000000000005,0.4530534532445723,0.052781783681214424,0.0019062239373420417,0.22299687521220338,32067.9623689512
Kuwait,Mortalidad_Baja,0.413,0.44166971212180933,0.05955977229601517,0.0019892813988404167,0.18887043617592975,29047.6535822842
Kuwait,Mortalidad_Baja,0.44,0.4490104563512629,0.06428842504743833,0.0018440982032610724,0.1938393770906847,27323.6890643847
Kuwait,Mortalidad_Baja,0.43,0.45117556154486865,0.06364326375711575,0.0019566171156608293,0.18929258669573426,29882.2126867068
Kuwait,Mortalidad_Baja,0.43700000000000006,0.4024376225186446,0.06633776091081595,0.0016134497357373503,0.23240741173792967,44368.781373043
Kuwait,Mortalidad_Baja,0.46,0.45320137490709717,0.07157495256166983,0.0012080880264843062,0.3032338638457801,49651.0439709448
Kuwait,Mortalidad_Baja,0.45,0.48332728269465647,0.07258064516129033,0.001251264855653409,0.31030158626913595,52155.2225460479
Kuwait,Mortalidad_Baja,0.41000000000000003,0.48706495862548727,0.0684629981024668,0.0016746691450359797,0.262950460490866,49169.6063983139
Kuwait,Mortalidad_Baja,0.43,0.5245192866111013,0.0742504743833017,0.0016436914292117743,0.2641688636229787,39212.2522190461
Kuwait,Mortalidad_Baja,0.43,0.4882072826836272,0.07588235294117647,0.0009545235428064266,0.4674061795246926,37907.1001320042
Kuwait,Mortalidad_Baja,0.48,0.49374071222243576,0.08652751423149906,0.0005216108083193415,0.7849402619330499,55585.1889344442
Kuwait,Mortalidad_Baja,0.47000000000000003,0.4414782936812686,0.08561669829222011,0.0007101313878932022,0.5942264393845587,45709.4132876371
Kuwait,Mortalidad_Baja,0.46,0.48457457849697105,0.08554079696394687,0.0008044758647839983,0.546845486772918,42946.6374104066
Kuwait,Mortalidad_Baja,0.53,0.5572857941284832,0.09956356736242886,0.000889647007240785,0.4328777437164105,36122.6142741227
Kuwait,Mortalidad_Baja,0.7000000000000001,0.5086413907761829,0.13282732447817835,0.0009047044850524266,0.324732164393293,27552.2827399787
Kuwait,Mortalidad_Baja,0.7000000000000001,0.47105493360705797,0.13548387096774192,0.0010167606912948842,0.29441746687492687,22690.655175144
Kuwait,Mortalidad_Baja,0.7000000000000001,0.45020138638847534,0.13681214421252372,0.0011551973571567102,0.26130835186743956,18512.7523035862
Kuwait,Mortalidad_Baja,0.7000000000000001,0.45716047880978605,0.13946869070208728,0.0009985203474007082,0.3087724361627369,17374.2318664227
Kuwait,Mortalidad_Baja,0.7000000000000001,0.4401420227753431,0.14079696394686908,0.0007939808035709134,0.3929045983669452,19296.3471698729
Kuwait,Mortalidad_Baja,0.5834,0.4056281859365731,0.13505654648956356,0.0011238120424845019,0.38326395506115285,16168.165602374
Kyrgyz Republic,Mortalidad_Media,0.28800000000000003,0.029482754513318093,0.08251992409867173,0.059742707793034956,0.014929457998139,1739.72018344174
Kyrgyz Republic,Mortalidad_Media,0.337,0.027200333895882896,0.09783870967741935,0.05762764337361462,0.013064366460499048,1349.99730650542
Kyrgyz Republic,Mortalidad_Media,0.32,0.025643601841353846,0.09472485768500949,0.05950303974254052,0.013717906115631116,1229.51766602907
Kyrgyz Republic,Mortalidad_Media,0.272,0.027852316866609498,0.08309677419354838,0.059673856193308034,0.01730405995717161,1421.99927504102
Kyrgyz Republic,Mortalidad_Media,0.294,0.0323631922040284,0.0931650853889943,0.06213424932447528,0.015689532668669702,1283.5203037417
Kyrgyz Republic,Mortalidad_Media,0.303,0.027844130929161562,0.10061669829222011,0.06462260372808211,0.015264620086962275,1221.39046807082
Kyrgyz Republic,Mortalidad_Media,0.27,0.02852391805829368,0.09426944971537002,0.0743746820362605,0.01573291191341279,1103.27489428412
Kyrgyz Republic,Mortalidad_Media,0.24,0.030137739787666026,0.08834914611005693,0.09166605215667639,0.015017086580001228,1105.65193844261
Kyrgyz Republic,Mortalidad_Media,0.192,0.03164188027950026,0.07432258064516128,0.11994384778043618,0.015100330499666964,1264.52668823891
Kyrgyz Republic,Mortalidad_Media,0.21,0.03084893572604471,0.08567362428842505,0.10906100791121254,0.016199662749714634,1269.66303464348
Kyrgyz Republic,Mortalidad_Media,0.2,0.03348977051486692,0.08614800759013283,0.13028803254172236,0.014795274101836635,1168.62244675446
Kyrgyz Republic,Mortalidad_Media,0.19,0.027245283732338626,0.08652751423149906,0.13641338357761543,0.0159343475729856,1117.40174350185
Kyrgyz Republic,Mortalidad_Media,0.18,0.022920645542561353,0.0877798861480076,0.1516667442574301,0.016254550026421635,876.954476440354
Kyrgyz Republic,Mortalidad_Media,0.21,0.024385241937894115,0.10918406072106261,0.13977884632877316,0.01608951714801927,870.198894546917
Kyrgyz Republic,Mortalidad_Media,0.22,0.027112834976551925,0.12231499051233397,0.16702773164332899,0.013262486835480496,966.388569370494
Kyrgyz Republic,Mortalidad_Media,0.23,0.025566194880751916,0.13529411764705881,0.18285871537417986,0.012010271851851734,721.771577544361
Kyrgyz Republic,Mortalidad_Media,0.22,0.022076440002951947,0.1360910815939279,0.2039725451863545,0.011789923827592022,543.113512472219
Kyrgyz Republic,Mortalidad_Media,0.21,0.022685067904477954,0.13588235294117648,0.21221765909625542,0.012593533013114727,476.548193640077
Kyrgyz Republic,Mortalidad_Media,0.22,0.022654255720719076,0.14903225806451614,0.21267869175266083,0.012548504104065822,433.233873286
Kyrgyz Republic,Mortalidad_Media,0.22,0.023274929806574,0.15654648956356737,0.23911948493581534,0.0115066330408873,380.505828812441
Kyrgyz Republic,Mortalidad_Media,0.22,0.022070685727629224,0.16489563567362428,0.24468488929678125,0.011941640250257566,321.726775366804
Kyrgyz Republic,Mortalidad_Media,0.22,0.019777194605743082,0.1740796963946869,0.24565356472617722,0.012727200257241821,308.41129550148
Kyrgyz Republic,Mortalidad_Media,0.3,0.021517465485828335,0.2504743833017078,0.17830338111112154,0.013786090868483458,279.621738464365
Kyrgyz Republic,Mortalidad_Alta,0.25,0.023810988992979603,0.2618595825426945,0.2546067120966294,0.014713695772441875,364.250365258345
Latvia,Mortalidad_Media,0.611,0.1041527268328003,0.03130360531309299,0.013003565387262309,0.0037575752879338395,20227.2307431581
Latvia,Mortalidad_Media,0.47700000000000004,0.10978649950549037,0.02624857685009488,0.013798641362768987,0.00585099065078384,20261.8887788916
Latvia,Mortalidad_Baja,0.46399999999999997,0.10402674676627975,0.028174573055028462,0.013755169173545023,0.007113648235961638,17564.2321549354
Latvia,Mortalidad_Baja,0.355,0.10829444974227319,0.022903225806451613,0.016983627736371246,0.008412958622543078,17294.9751600969
Latvia,Mortalidad_Media,0.454,0.1110915420716779,0.031013282732447817,0.012617124376978917,0.00975391343384587,17252.1710428626
Latvia,Mortalidad_Media,0.6729999999999999,0.10467403245502153,0.047250474383301704,0.008427044484630166,0.010250907708211592,15132.4958333982
Latvia,Mortalidad_Media,0.55,0.10036833454852939,0.04174573055028463,0.00945980750223619,0.01266916311433802,13838.5266823272
Latvia,Mortalidad_Media,0.53,0.09959857244513136,0.04324478178368121,0.010493186760536443,0.012760263254385685,13321.9753140616
Latvia,Mortalidad_Media,0.436,0.1005813886516022,0.038056925996204936,0.012977779111693429,0.013586560702909702,15185.814581236
Latvia,Mortalidad_Media,0.42,0.09963273274632307,0.03984819734345351,0.011965995539044429,0.01736578682821835,14484.4715282132
Latvia,Mortalidad_Media,0.43,0.10030521248166112,0.04487666034155598,0.012854880978949566,0.017368370941820355,13329.3499931271
Latvia,Mortalidad_Media,0.45,0.0954618316903548,0.051233396584440226,0.013135220872559274,0.017785422052168275,12902.574053337
Latvia,Mortalidad_Media,0.5,0.0992974236102352,0.061669829222011384,0.012879650103797269,0.01766621256239522,11188.4191700977
Latvia,Mortalidad_Media,0.48,0.09497173313820735,0.06284629981024668,0.010713918213707114,0.024570896973761993,11996.0322729773
Latvia,Mortalidad_Media,0.47000000000000003,0.09731289743869959,0.06510436432637572,0.01029087557917506,0.028052177509937375,15677.6080864506
Latvia,Mortalidad_Media,0.42,0.10070886351628985,0.06136622390891841,0.012867105737641098,0.026297421919899353,13370.9789452508
Latvia,Mortalidad_Media,0.4,0.09767453305641637,0.06148007590132827,0.01338989044185839,0.028115436392730217,9211.7374468148
Latvia,Mortalidad_Media,0.38,0.09342370725701088,0.06201138519924099,0.015925173796902642,0.02622051384687699,7283.78738127622
Latvia,Mortalidad_Media,0.37,0.09057121907332372,0.06459203036053131,0.018458564403081645,0.024682063048782506,6109.73265186817
Latvia,Mortalidad_Media,0.34,0.08726895632811847,0.06258064516129032,0.01887865461705776,0.02809184542733493,4914.57992829302
Latvia,Mortalidad_Media,0.34,0.08138871894308615,0.06645161290322582,0.021295724164189494,0.026250114246914237,4003.60935783538
Latvia,Mortalidad_Media,0.34,0.08119840889875438,0.06967741935483873,0.02062080598784503,0.028698883249498146,3504.61829462397
Latvia,Mortalidad_Media,0.27,0.07466731882380298,0.05943074003795066,0.02636442161072837,0.030551128255420563,3278.17896440803
Latvia,Mortalidad_Alta,0.2902,0.0853923677045323,0.08700493358633778,0.043427277495091204,0.022742712034757872,2256.77360387054
Lebanon,Mortalidad_Baja,0.228,0.028205068907910198,0.06532827324478178,0.008163326889529086,0.16523632022505855,3654.35845534878
Lebanon,Mortalidad_Media,0.27899999999999997,0.044695114870797144,0.07570588235294118,0.007852104034745932,0.13230105737270165,4045.37391066234
Lebanon,Mortalidad_Baja,0.25,0.057527783759409416,0.06404174573055028,0.019265253167143406,0.054927404708778674,5561.19166950397
Lebanon,Mortalidad_Baja,0.182,0.06853377324638088,0.044204933586337765,0.027244282528135245,0.050325365199672026,8905.88005497437
Lebanon,Mortalidad_Baja,0.20199999999999999,0.06599697968711996,0.047146110056926,0.02503323753233127,0.047229237113325995,9174.53666204759
Lebanon,Mortalidad_Baja,0.233,0.0680387081217995,0.0521707779886148,0.018754785056657935,0.052794695716928464,8608.21084982387
Lebanon,Mortalidad_Baja,0.27,0.06248679669896667,0.058406072106261864,0.015803599517030788,0.05219996378022976,8089.012088155
Lebanon,Mortalidad_Baja,0.28,0.059144134516228,0.05950664136622391,0.018354546671552736,0.04197101819731452,7714.1099998804
Lebanon,Mortalidad_Baja,0.245,0.05489324126269069,0.05113851992409867,0.025690575603478757,0.03300377177348654,7577.6413302369
Lebanon,Mortalidad_Baja,0.25,0.05701739959414828,0.051707779886148005,0.02475489839326417,0.033286807629591166,8162.37929361396
Lebanon,Mortalidad_Baja,0.25,0.06375373733544784,0.051707779886148005,0.02356034706188527,0.035141929534558955,8406.98405608118
Lebanon,Mortalidad_Baja,0.25,0.057884845352351194,0.05218216318785579,0.023811181377992926,0.0350859304000388,7834.96257108993
Lebanon,Mortalidad_Baja,0.3,0.05861295346969522,0.06318785578747628,0.02014175391888364,0.03485967229581163,7625.81051551165
Lebanon,Mortalidad_Baja,0.3,0.061577984628104224,0.06489563567362429,0.020605471407283096,0.035009045625382366,7090.85493856621
Lebanon,Mortalidad_Baja,0.36,0.04880564991979355,0.07992409867172676,0.01965295981000514,0.03105207356847467,5912.04532820842
Lebanon,Mortalidad_Baja,0.31,0.03778342520923655,0.07176470588235294,0.024694693889602045,0.029804806725090005,5125.25809960149
Lebanon,Mortalidad_Baja,0.27,0.04529745721093204,0.06506641366223909,0.025901733936733434,0.034423418519251965,4635.2514117486
Lebanon,Mortalidad_Baja,0.3,0.04964531110432247,0.076280834914611,0.018669313061286646,0.04640051917798884,4602.19804637945
Lebanon,Mortalidad_Baja,0.1,0.05287479427698079,0.026755218216318787,0.05978299687626759,0.04569445009377963,4600.68371412993
Lebanon,Mortalidad_Baja,0.1,0.05325714500963904,0.028273244781783682,0.0858413068819919,0.03275693099804119,4437.71588507526
Lebanon,Mortalidad_Media,0.1,0.054090394451146565,0.029791271347248578,0.08860367352424085,0.033508426232086275,4290.85283803266
Lebanon,Mortalidad_Media,0.1,0.055225398019322164,0.03149905123339659,0.09173594285809318,0.03428965991367455,4009.55929751102
Lebanon,Mortalidad_Media,0.1,0.05230907971677401,0.0333965844402277,0.09759376391749529,0.03416194786550681,3986.83513941026
Lebanon,Mortalidad_Media,0.41979999999999995,0.05129879725542179,0.17763833017077799,0.025324955489722387,0.04027294265128549,2958.74263957462
Lesotho,Mortalidad_Alta,0.428,0.021077853604491673,0.46779506641366225,0.021754362601274668,0.12521365317025449,1030.12579628833
Lesotho,Mortalidad_Alta,0.322,0.018771555784622626,0.36538140417457304,0.02894196927615454,0.1300013063695657,1066.58643600093
Lesotho,Mortalidad_Alta,0.29600000000000004,0.013280935399034502,0.34374193548387094,0.028056048616565236,0.14979156303792487,918.582577421982
Lesotho,Mortalidad_Alta,0.309,0.019319688378237304,0.3711518026565465,0.022602542360174633,0.18498126093581935,1082.05706777516
Lesotho,Mortalidad_Alta,0.329,0.015364421243189211,0.4051631878557875,0.02021067991654016,0.19946237913775236,1170.65569702819
Lesotho,Mortalidad_Alta,0.396,0.019008134934877904,0.5124705882352941,0.019611667322960623,0.1791289153112732,1069.36673247542
Lesotho,Mortalidad_Alta,0.49,0.01775249984126395,0.6350474383301707,0.01572328112861502,0.1808622005422585,992.491840678465
Lesotho,Mortalidad_Alta,0.49,0.0213974455660345,0.6443453510436432,0.012076058193263395,0.23999445263415897,1121.19851342518
Lesotho,Mortalidad_Alta,0.371,0.015413208432379956,0.5012371916508539,0.016703615183809136,0.23537986579236875,1173.5377928819
Lesotho,Mortalidad_Alta,0.35000000000000003,0.02066596809758653,0.48349146110056923,0.022639543352205416,0.18755999000990034,1151.03735837227
Lesotho,Mortalidad_Alta,0.35000000000000003,0.01859517291900629,0.4854838709677419,0.021883807061833703,0.19496491015133785,1217.93071228944
Lesotho,Mortalidad_Alta,0.33,0.02109338847932243,0.4589943074003795,0.021544211051087937,0.21088013212444656,1280.73390931581
Lesotho,Mortalidad_Alta,0.32,0.022806855849997584,0.4620872865275142,0.023773409576055577,0.20450826583272896,1119.47557793042
Lesotho,Mortalidad_Alta,0.33,0.010071956677864978,0.49030360531309297,0.02609382763901877,0.18559880389467734,878.847950537772
Lesotho,Mortalidad_Alta,0.32,0.013194438469455864,0.5045920303605312,0.02394392200515867,0.22200753066058046,898.482517882593
Lesotho,Mortalidad_Alta,0.34,0.0,0.5174193548387097,0.022502958020177443,0.21445876916490716,861.188420899563
Lesotho,Mortalidad_Alta,0.3,1.9042974902402877e-06,0.4650853889943074,0.025257069735940475,0.220694712303031,925.467485502842
Lesotho,Mortalidad_Alta,0.3,0.0003327093003378289,0.4633776091081594,0.029577347191861246,0.187273780013395,861.381496414995
Lesotho,Mortalidad_Alta,0.3,0.00020780683618707119,0.45654648956356736,0.03120912988765403,0.17464686139176666,766.685820928242
Lesotho,Mortalidad_Alta,0.3,0.013581151559241802,0.450853889943074,0.03310169949741965,0.16238078249534388,583.270036200288
Lesotho,Mortalidad_Alta,0.3,0.019716678376155455,0.4468690702087286,0.03335426529704109,0.15967291521415464,388.92334985135
Lesotho,Mortalidad_Alta,0.3,0.019759345583741674,0.44573055028463,0.04328212527787893,0.1219704578124875,412.677473676821
Lesotho,Mortalidad_Alta,0.3,0.016649825840784484,0.444022770398482,0.04082182341443246,0.1290116449419476,442.779545779081
Lesotho,Mortalidad_Alta,0.209,0.012093161077561641,0.3010075901328273,0.06573404303947,0.11146810664186454,513.413448796175
Liberia,Mortalidad_Alta,0.251,0.01565006760647133,0.2567153700189754,0.22567436811176647,0.016465639805336284,744.617175237387
Liberia,Mortalidad_Alta,0.27,0.015637717451180384,0.28383301707779884,0.213945316128971,0.016621482073848528,667.96610514319
Liberia,Mortalidad_Alta,0.23800000000000002,0.013005326163267822,0.25651612903225807,0.25830997027221775,0.015891410889712434,616.787867006715
Liberia,Mortalidad_Alta,0.242,0.02499954802515211,0.2672561669829222,0.2355807990473176,0.017905519365945796,658.164180770507
Liberia,Mortalidad_Alta,0.32,0.01743711610258481,0.3606831119544592,0.17355968009228073,0.018916250211065497,692.203127129794
Liberia,Mortalidad_Alta,0.314,0.01743711610258481,0.36107020872865275,0.17909805697035433,0.019083888823068183,699.269095727404
Liberia,Mortalidad_Alta,0.37,0.014378941160981646,0.43388994307400375,0.1518902473879598,0.019542367450344475,714.613063145659
Liberia,Mortalidad_Alta,0.38,0.017437116102584815,0.4564326375711575,0.14165538312636816,0.021127209641997102,692.590082351257
Liberia,Mortalidad_Alta,0.33799999999999997,0.016358101324853123,0.4265085388994307,0.16895696245951217,0.020888855224947038,706.714490064507
Liberia,Mortalidad_Alta,0.32,0.01636089395495528,0.39893738140417456,0.1932801518881078,0.018765358404094833,710.744570927863
Liberia,Mortalidad_Alta,0.33,0.019322248867732022,0.42142314990512336,0.22147879199346943,0.015826940791608384,638.368751462083
Liberia,Mortalidad_Alta,0.31,0.0064964056338125435,0.40588235294117647,0.2235927814060623,0.017378056251489273,568.087865520004
Liberia,Mortalidad_Alta,0.24,0.009306825851157413,0.3224288425047438,0.29206391579769614,0.01768093507156637,492.252808033724
Liberia,Mortalidad_Alta,0.21,0.00996542118970494,0.2904933586337761,0.4324014298007544,0.013375953471006402,448.386367025545
Liberia,Mortalidad_Alta,0.142,0.00996542118970494,0.2034345351043643,0.7181259824652695,0.01207881738635334,451.713856283285
Liberia,Mortalidad_Alta,0.32799999999999996,0.016961643549440623,0.4898216318785579,0.3129165896063485,0.012627195273841573,374.211308104278
Liberia,Mortalidad_Alta,0.23199999999999998,0.010483502191497962,0.36450853889943075,0.43039400690995094,0.013924532052796377,320.55808618515
Liberia,Mortalidad_Alta,0.26,0.01043236706693648,0.43366223908918405,0.3973715219121246,0.014372232536401007,287.487333441381
Liberia,Mortalidad_Alta,0.22,0.01043236706693648,0.3919924098671727,0.46261330368945686,0.01586467338463782,284.140223992458
Liberia,Mortalidad_Alta,0.14,0.015478995496424081,0.2677798861480076,0.8073519018275834,0.015224419865319706,239.779556677091
Liberia,Mortalidad_Alta,0.26,0.009339307205569997,0.5338140417457305,0.4756608465532444,0.014873164330694957,299.536445539621
Liberia,Mortalidad_Alta,0.26,0.009339307205569997,0.5722960151802656,0.4605635477337832,0.016822130487978686,300.463828598983
Liberia,Mortalidad_Alta,0.26,0.009339307205569997,0.6112713472485769,0.4578011092002248,0.018322361714923473,298.485340578945
Liberia,Mortalidad_Alta,0.264,0.016532726981375354,0.7985123339658443,0.27425282875980583,0.04243381292146967,62.1438140627579
Libya,Mortalidad_Media,0.25579999999999997,0.11738910606233421,0.040772675521821636,0.010315270050548081,0.06283150411096765,5986.63694851258
Libya,Mortalidad_Media,0.21,0.10947330201835931,0.034667931688804554,0.014373961883047931,0.056573175354765554,4935.82787349801
Libya,Mortalidad_Media,0.189,0.07784629698242693,0.03227703984819734,0.035818950865923946,0.024315884821131357,6650.33810585348
Libya,Mortalidad_Media,0.158,0.15798433311538637,0.027582542694497156,0.02022147984218319,0.05651727350070272,9963.19489084483
Libya,Mortalidad_Media,0.231,0.1413528989511121,0.04164136622390892,0.02479107040509907,0.031159898312468494,11196.5854810844
Libya,Mortalidad_Media,0.267,0.16131534211902002,0.04965085388994308,0.022706292651818772,0.030278828258605492,9965.83236729757
Libya,Mortalidad_Media,0.18,0.144290736112916,0.03483870967741935,0.04008730929394117,0.02606390663833414,7525.80299308216
Libya,Mortalidad_Media,0.15,0.1494935951605055,0.0301707779886148,0.04575279702748887,0.02878430617980686,7458.48917756374
Libya,Mortalidad_Media,0.18300000000000002,0.16432561903475115,0.03819734345351044,0.030067161479611432,0.03822898271274778,8926.42074591474
Libya,Mortalidad_Media,0.2,0.1270603070434631,0.04326375711574953,0.01889666730579608,0.05936126173483604,11951.7134126011
Libya,Mortalidad_Media,0.22,0.14348365109710265,0.049677419354838714,0.012912395361022603,0.08372239195960676,14975.8902795144
Libya,Mortalidad_Media,0.25,0.12168328140109413,0.0659392789373814,0.01913644262429051,0.05705628876472992,7593.8391525702
Libya,Mortalidad_Media,0.26,0.1448772663388778,0.06413662239089184,0.010829205274276025,0.09261531028984518,11600.9068649472
Libya,Mortalidad_Media,0.25,0.12877574425651514,0.06546489563567362,0.013506284149720982,0.08160171948386269,9551.05403869755
Libya,Mortalidad_Media,0.27,0.11923437038472597,0.07531309297912712,0.008018148975638613,0.1377577640016931,13906.1407818125
Libya,Mortalidad_Media,0.25,0.10923810739711813,0.07447817836812144,0.009646968704600184,0.1319340463595776,11144.9448413435
Libya,Mortalidad_Media,0.25,0.12640094668679164,0.07969639468690702,0.00949819279522814,0.14367588949316717,10048.8480434289
Libya,Mortalidad_Media,0.21,0.1441105764469568,0.07132827324478178,0.01870110061366638,0.0913849522298848,8079.24957329001
Libya,Mortalidad_Media,0.1,0.141142647361749,0.03567362428842505,0.052299582992838614,0.07137434979653726,5773.76333234281
Libya,Mortalidad_Media,0.1,0.14032016504218559,0.037191650853889945,0.06402777885320977,0.06029124733285353,4674.09943200321
Libya,Mortalidad_Media,0.1,0.14293398874314936,0.03851992409867173,0.08113059334587636,0.048677801452614654,3718.29434696755
Libya,Mortalidad_Media,0.1,0.14224471762900454,0.0396584440227704,0.20393384034984882,0.017988170509905633,6312.80030498965
Libya,Mortalidad_Media,0.1,0.13769927366482262,0.04079696394686907,0.08083632901476562,0.051950909499726985,7214.10040377084
Libya,Mortalidad_Media,0.2382,0.13184049881634344,0.11390208728652751,0.056674619526791654,0.035476691084031044,5205.25706378741
Lithuania,Mortalidad_Baja,0.6659999999999999,0.11222868177907983,0.03664895635673624,0.009227865744586158,0.006500627735732725,25085.784063499
Lithuania,Mortalidad_Media,0.745,0.1273807334750699,0.042409867172675524,0.00713180381157684,0.008427682464592686,23870.4594851722
Lithuania,Mortalidad_Media,0.674,0.12274148292305316,0.03964705882352942,0.008200177841072749,0.008349964829938416,20428.6478157394
Lithuania,Mortalidad_Baja,0.478,0.12520474926344152,0.029931688804554074,0.010225876995317384,0.010723123142240236,19608.7943945553
Lithuania,Mortalidad_Baja,0.509,0.12536969555236865,0.033804554079696396,0.008873978449594954,0.012795315413704047,19247.2315367967
Lithuania,Mortalidad_Baja,0.6970000000000001,0.12268904302331664,0.050258064516129033,0.007967557703185827,0.010912999291627581,16800.1510246099
Lithuania,Mortalidad_Media,0.58,0.11580126957933297,0.04402277039848197,0.008418284320188993,0.013716845691116171,14934.2702840428
Lithuania,Mortalidad_Media,0.5700000000000001,0.11188539453798968,0.04434535104364326,0.009433654445704081,0.012537831566735167,14269.8039878287
Lithuania,Mortalidad_Media,0.499,0.10982809496344892,0.039768500948766605,0.010786710986500817,0.012907935262454198,16446.1647181663
Lithuania,Mortalidad_Media,0.48,0.10874389790864272,0.03825426944971537,0.011520734109342524,0.012475907732412054,15636.5252586048
Lithuania,Mortalidad_Media,0.5,0.11409254091324876,0.04079696394686907,0.012517249663075021,0.010970852874956768,14288.1853493139
Lithuania,Mortalidad_Media,0.49,0.11153139238634946,0.041840607210626185,0.011236485204325708,0.013676825171194123,14261.8433787325
Lithuania,Mortalidad_Media,0.46,0.10519848734716257,0.042770398481973435,0.010437814900408078,0.017898729301441648,11829.122609457
Lithuania,Mortalidad_Media,0.48,0.12818469189356363,0.04918406072106263,0.008244550607056806,0.025045067679855156,11854.3711053096
Lithuania,Mortalidad_Media,0.48,0.1377942603790405,0.05464895635673624,0.010696779107826291,0.02097412480232974,14955.5345462921
Lithuania,Mortalidad_Media,0.48,0.13542024228712668,0.05920303605313093,0.011319672977766707,0.021549960352931753,12295.1212779366
Lithuania,Mortalidad_Media,0.46,0.12345497528079437,0.061100569259962045,0.013173107276355421,0.020695960671470403,9210.10118229413
Lithuania,Mortalidad_Media,0.47000000000000003,0.12336892294994264,0.06510436432637572,0.014405457348017351,0.019096564870129278,7857.03148786492
Lithuania,Mortalidad_Media,0.48,0.12879149947006374,0.0683111954459203,0.013532968820660473,0.020683529009876023,6734.57487061946
Lithuania,Mortalidad_Media,0.48,0.125515103695696,0.07013282732447818,0.014395850040979796,0.019847119229915843,5507.47434187652
Lithuania,Mortalidad_Media,0.41000000000000003,0.11922562454149217,0.06146110056925997,0.0181939596887274,0.018698787012623324,4148.13091485015
Lithuania,Mortalidad_Media,0.38,0.11038527821801604,0.059127134724857686,0.020031370745994634,0.019077059288614466,3532.52787363242
Lithuania,Mortalidad_Media,0.3,0.09424899613764015,0.048956356736242886,0.0290682473257838,0.017185097267424863,3300.63634928559
Lithuania,Mortalidad_Media,0.2538,0.11098324885290173,0.05779127134724859,0.06048955742491116,0.012935935191116637,2182.69156931505
Luxembourg,Mortalidad_Baja,0.895,0.22579953286421792,0.03396584440227704,0.000423353957984757,0.10635262659859503,123719.658915996
Luxembourg,Mortalidad_Baja,0.925,0.26086018588678217,0.036859582542694495,0.0003296063468581405,0.1397868204209839,134965.815442152
Luxembourg,Mortalidad_Baja,0.903,0.2518310297073757,0.035982922201138516,0.000347261115328699,0.13582104938392178,116860.02817236
Luxembourg,Mortalidad_Baja,0.858,0.2955005266408053,0.034189753320683115,0.0003917550153554558,0.12648796676321572,112696.649059674
Luxembourg,Mortalidad_Baja,0.79,0.2972409590238168,0.03148007590132827,0.00046292837846839766,0.11598745427044219,116926.759593905
Luxembourg,Mortalidad_Baja,0.783,0.2925422409023286,0.0312011385199241,0.0004687337958548953,0.11556325247565254,110193.213797228
Luxembourg,Mortalidad_Baja,0.8200000000000001,0.2939033886026547,0.03267552182163188,0.0004087054117215164,0.12687034675235928,106899.293549552
Luxembourg,Mortalidad_Baja,0.8,0.3034670907315189,0.0333965844402277,0.00043757265964729155,0.12725681403947936,105462.012584423
Luxembourg,Mortalidad_Baja,0.841,0.31877828863606356,0.03510815939278938,0.000538690195946138,0.09757942471645602,123678.702143275
Luxembourg,Mortalidad_Baja,0.85,0.3392927401573858,0.03548387096774194,0.0004821024595212626,0.1082270591040051,120000.140729859
Luxembourg,Mortalidad_Baja,0.85,0.3579982980681476,0.037096774193548385,0.0005300431899684535,0.10275058618014668,112584.676270958
Luxembourg,Mortalidad_Baja,0.8200000000000001,0.37373984095729457,0.035787476280834916,0.00047914851239749454,0.11830749885717198,119025.057203467
Luxembourg,Mortalidad_Baja,0.8300000000000001,0.3864026904883779,0.0377988614800759,0.0005059816534392845,0.11541749236871957,110885.991378721
Luxembourg,Mortalidad_Baja,0.84,0.3689033174021467,0.03825426944971537,0.00043462149129118894,0.13326458589115536,109419.746953106
Luxembourg,Mortalidad_Baja,0.86,0.3998425326075001,0.04079696394686907,0.0005599526452535488,0.10454644192113202,120422.137934157
Luxembourg,Mortalidad_Baja,0.85,0.4069928271853711,0.041935483870967745,0.0006685980397063481,0.09173941490885473,107475.320297978
Luxembourg,Mortalidad_Baja,0.84,0.4252105039200578,0.04303605313092979,0.0005806940557435171,0.11168817596358788,90788.8004876145
Luxembourg,Mortalidad_Baja,0.87,0.43717781817629725,0.047874762808349146,0.0006411391070657702,0.10470455059803585,80988.1376230858
Luxembourg,Mortalidad_Baja,0.9,0.43491675440359046,0.052941176470588235,0.0009308348999300211,0.07357032198328917,76544.9170868473
Luxembourg,Mortalidad_Baja,0.87,0.39648260114648415,0.054478178368121445,0.000834895572214668,0.09107933073247484,65689.3214536911
Luxembourg,Mortalidad_Baja,0.86,0.3803528558557269,0.057115749525616696,0.0012565438360817014,0.06398254964582323,53005.7339209179
Luxembourg,Mortalidad_Baja,0.88,0.3701865589467899,0.06178368121442126,0.000996182697278935,0.08437861617898282,48440.1420151355
Luxembourg,Mortalidad_Baja,0.87,0.3560663666367194,0.0643833017077799,0.0010734186204445217,0.08345404801865658,48659.5988753233
Luxembourg,Mortalidad_Baja,0.7994,0.3571549184704659,0.08039506641366224,0.0018293012537897867,0.07199019460022903,51032.349635318
Madagascar,Mortalidad_Alta,0.23,0.013873619402268214,0.19508538899430738,0.14655954152006795,0.024245878310192218,503.514533472879
Madagascar,Mortalidad_Alta,0.20199999999999999,0.01388665721916916,0.17210246679316887,0.17444888045756005,0.023167716740469836,483.469463351371
Madagascar,Mortalidad_Alta,0.25,0.013552291395090173,0.2120493358633776,0.15454099712685054,0.020733112784172225,450.771615201509
Madagascar,Mortalidad_Alta,0.14300000000000002,0.014110417356191209,0.1207495256166983,0.25117463885580477,0.022435754506033467,499.818837622534
Madagascar,Mortalidad_Alta,0.17800000000000002,0.013137967866050952,0.14929032258064517,0.2107269916227732,0.02117760970646786,500.45718552916
Madagascar,Mortalidad_Alta,0.25,0.013445786782071511,0.20825426944971537,0.15364724065703544,0.02044026162858065,491.866848718929
Madagascar,Mortalidad_Alta,0.28,0.013161246964841795,0.2327134724857685,0.1404445824760585,0.01983640322245972,453.970714522463
Madagascar,Mortalidad_Alta,0.28,0.0123309165924616,0.2327134724857685,0.1438526753686924,0.019288216455683047,445.320069480568
Madagascar,Mortalidad_Alta,0.273,0.012138363625954473,0.22741366223908918,0.1481259553347106,0.01925041020975097,505.684922503435
Madagascar,Mortalidad_Alta,0.3,0.012008994564536723,0.2510436432637571,0.1381723939064473,0.018799322969599665,515.301589361832
Madagascar,Mortalidad_Alta,0.26,0.011858073250012707,0.22003795066413662,0.16850198505584021,0.017846454158253644,493.511162904211
Madagascar,Mortalidad_Alta,0.3,0.011582000564004838,0.2573055028462998,0.15150912789112955,0.01735658051254687,506.163691559309
Madagascar,Mortalidad_Alta,0.34,0.011405345360839406,0.2980645161290323,0.13381287275270162,0.01779337735273714,450.009391645726
Madagascar,Mortalidad_Alta,0.32,0.011319063482521603,0.2878178368121442,0.14895811095455,0.017355906267520257,446.315238370592
Madagascar,Mortalidad_Alta,0.31,0.011577543072269528,0.28705882352941176,0.13653931155760995,0.02064895163106497,512.579800058444
Madagascar,Mortalidad_Alta,0.28,0.01135683561056926,0.2677798861480076,0.15683717433148572,0.020540173432349502,419.548001431865
Madagascar,Mortalidad_Alta,0.31,0.011189450379350877,0.3076470588235294,0.15233548199926705,0.01970506458436616,324.146874882604
Madagascar,Mortalidad_Alta,0.26,0.011186947320513533,0.26740037950664136,0.1851238704168124,0.020090995244587687,305.812074924388
Madagascar,Mortalidad_Alta,0.17,0.011162127376725393,0.18129032258064515,0.2891845480254961,0.020446416173539102,272.20074858856
Madagascar,Mortalidad_Alta,0.3,0.0110139880710573,0.3318785578747628,0.16704892679312594,0.020865180125614915,352.620095849925
Madagascar,Mortalidad_Alta,0.3,0.010496568680260185,0.34497153700189753,0.17806767222682038,0.02026414881082004,304.941777398445
Madagascar,Mortalidad_Alta,0.3,0.011344134288464248,0.3586337760910816,0.15568724361744307,0.0247193371406738,319.283278235657
Madagascar,Mortalidad_Alta,0.3,0.011415703446750618,0.372865275142315,0.16104559004397015,0.024861965636188754,280.282905559649
Madagascar,Mortalidad_Alta,0.1,0.010862801153887932,0.15009487666034155,0.5469884021984288,0.026739460956949342,273.149653945976
Malawi,Mortalidad_Alta,0.294,0.02178073190795281,0.17015180265654647,0.14687032916383777,0.011371704454125706,604.269751184515
Malawi,Mortalidad_Alta,0.268,0.019611262026838838,0.15968121442125235,0.1490647675268898,0.013026317727829478,617.447520802454
Malawi,Mortalidad_Alta,0.24800000000000003,0.02178073190795281,0.152,0.15781920732088828,0.013842021113112035,602.507478176106
Malawi,Mortalidad_Alta,0.252,0.026878719703423756,0.16066793168880456,0.14247667451292462,0.016138925859450336,580.889816066776
Malawi,Mortalidad_Alta,0.289,0.014709013807140193,0.18919354838709676,0.11711744439070344,0.01787292137693426,533.203173686705
Malawi,Mortalidad_Alta,0.313,0.01257956872486235,0.2144079696394687,0.11460384411497333,0.017604714893871522,495.769683367165
Malawi,Mortalidad_Alta,0.33,0.014615536838986672,0.2354459203036053,0.10522310391489986,0.019192950690569574,450.506105510719
Malawi,Mortalidad_Alta,0.37,0.021796999950756717,0.27592030360531306,0.09723876618977445,0.01939004576526949,539.605363240686
Malawi,Mortalidad_Alta,0.319,0.01923206106784118,0.25059962049335865,0.11709414765822093,0.01972284723031564,529.5133440206
Malawi,Mortalidad_Alta,0.3,0.01257956872486235,0.24819734345351044,0.12438413374638686,0.020970953531478875,496.947368267313
Malawi,Mortalidad_Alta,0.34,0.023068666761472834,0.3006451612903226,0.10827810874187217,0.022993948309929603,558.46208832772
Malawi,Mortalidad_Alta,0.33,0.016543237808649157,0.3124667931688805,0.11346587006913014,0.024382961986181947,763.061000394572
Malawi,Mortalidad_Alta,0.28,0.0177274023198294,0.28478178368121443,0.137643261326731,0.025589789118932966,683.124694716799
Malawi,Mortalidad_Alta,0.27,0.01512936811095585,0.2843453510436433,0.1466652565489023,0.025813524311041617,625.869729869625
Malawi,Mortalidad_Alta,0.27,0.019406766343212357,0.29356736242884246,0.14448088761287017,0.027212282359227173,554.048820396119
Malawi,Mortalidad_Alta,0.28,0.019084652707527846,0.31825426944971535,0.12786628220361507,0.03145446609384403,475.180261659331
Malawi,Mortalidad_Alta,0.28,0.017223176117853723,0.3288804554079696,0.14346444263065541,0.028709874512355113,440.822149023873
Malawi,Mortalidad_Alta,0.28,0.019988249854888007,0.3458823529411765,0.15297961389026554,0.02827073055923701,414.361121984475
Malawi,Mortalidad_Alta,0.29,0.017043703143305833,0.3862998102466793,0.15577914859044045,0.028979414925259545,404.674248445428
Malawi,Mortalidad_Alta,0.32,0.018100663305150155,0.4687666034155598,0.14731051325600014,0.030719731646832296,383.348596852642
Malawi,Mortalidad_Alta,0.41000000000000003,0.018170307716564717,0.6620683111954458,0.12321317901431453,0.03169343591544546,428.210439838398
Malawi,Mortalidad_Alta,0.41000000000000003,0.012372472971052302,0.7243074003795066,0.11199043447107142,0.03881989974058967,215.474524898357
Malawi,Mortalidad_Alta,0.41000000000000003,0.020654719546135927,0.7795445920303605,0.11319080467099886,0.04155144749308305,224.22415918428
Malawi,Mortalidad_Alta,0.3,0.010374276302596502,0.6552182163187855,0.11653520931085586,0.06509236451001633,200.362370007247
Malaysia,Mortalidad_Baja,0.539,0.13260639857230283,0.06852561669829221,0.02598244918221192,0.006636618360181716,11748.0919307944
Malaysia,Mortalidad_Media,0.532,0.1291908683329516,0.06763567362428843,0.028134508115379188,0.005997158232643806,10903.1116425938
Malaysia,Mortalidad_Baja,0.494,0.12590066974873806,0.0628045540796964,0.025863862791297352,0.007591686492474492,9957.52626697613
Malaysia,Mortalidad_Baja,0.554,0.1331262842700981,0.0704326375711575,0.020451167022247557,0.008982790469202258,10920.191763972
Malaysia,Mortalidad_Baja,0.5479999999999999,0.13132347697119004,0.06966982922201138,0.021448209209598397,0.008539968449436856,10901.8019954421
Malaysia,Mortalidad_Baja,0.518,0.12103526366177685,0.06585578747628083,0.025971229514298907,0.007044006576046055,9862.54806612235
Malaysia,Mortalidad_Baja,0.52,0.1275977898944955,0.06611005692599621,0.025462881231470474,0.007209971905415826,9476.53409809923
Malaysia,Mortalidad_Baja,0.5,0.12517315969250634,0.06261859582542695,0.025933693479004878,0.007271769921231403,9648.6797937523
Malaysia,Mortalidad_Baja,0.443,0.13320168133778246,0.05548007590132826,0.03133919420619421,0.00657380308525957,11013.3107334403
Malaysia,Mortalidad_Baja,0.43,0.13273042992254397,0.05303605313092979,0.033160501826540296,0.00616786256480383,10713.6407638899
Malaysia,Mortalidad_Baja,0.44,0.11962755648561439,0.05426944971537002,0.034826289886292786,0.005509970446947416,10600.5744240026
Malaysia,Mortalidad_Baja,0.45,0.11980358439341941,0.05550284629981025,0.03982272522523933,0.004233094090450364,10217.1068585031
Malaysia,Mortalidad_Baja,0.51,0.11694328457257175,0.06290322580645161,0.030954814921364832,0.005251313647037832,8899.34505544675
Malaysia,Mortalidad_Baja,0.51,0.11481782087477908,0.06290322580645161,0.0282832421648412,0.006059249279399662,7191.43287234626
Malaysia,Mortalidad_Media,0.5,0.12386873266976446,0.061669829222011384,0.031194227571705514,0.005355422246890408,8371.82156086005
Malaysia,Mortalidad_Media,0.51,0.11950383692114112,0.06290322580645161,0.03063838520907238,0.0053396522104585484,7168.93031942508
Malaysia,Mortalidad_Media,0.5,0.11427642318779367,0.061669829222011384,0.0269428244784356,0.0067215215124014575,6158.40785533236
Malaysia,Mortalidad_Media,0.52,0.1162730074707899,0.06413662239089184,0.024860394756758174,0.007143331934689738,5555.58179951206
Malaysia,Mortalidad_Media,0.49,0.10959256725753176,0.0613662239089184,0.02960338949907255,0.006150055821085279,4939.24851854427
Malaysia,Mortalidad_Media,0.5,0.10416120951522834,0.0635673624288425,0.0291211057196483,0.006257096482491242,4465.32194567208
Malaysia,Mortalidad_Media,0.48,0.09953405058114248,0.06284629981024668,0.029288128342772356,0.006894154238361986,4184.03163773539
Malaysia,Mortalidad_Media,0.51,0.09866744025625103,0.0696774193548387,0.02457682638448689,0.008631208712735091,3943.79943910239
Malaysia,Mortalidad_Media,0.53,0.09711756691342467,0.07743833017077799,0.025385400821269083,0.00858716997871153,4083.52874483605
Malaysia,Mortalidad_Media,0.7000000000000001,0.07702445239517339,0.13548387096774192,0.028944341434959667,0.007156242719496872,4363.14458333034
Mali,Mortalidad_Alta,0.28300000000000003,0.012156047932273723,0.31683111954459203,0.18225574080756407,0.020461297258539155,969.72220560562
Mali,Mortalidad_Alta,0.23600000000000002,0.020491594037915718,0.27092979127134725,0.21240182919609224,0.02177107190545053,1027.27345365357
Mali,Mortalidad_Alta,0.207,0.012456551967455447,0.24392220113851992,0.24406640997603934,0.022232990273250177,953.242943290974
Mali,Mortalidad_Alta,0.29600000000000004,0.0143161841930008,0.3577836812144212,0.1705666602392986,0.0229085461098749,971.949318638092
Mali,Mortalidad_Alta,0.314,0.017335988274536984,0.3878823529411765,0.1619316338567129,0.02329558213277274,996.379292136901
Mali,Mortalidad_Alta,0.34299999999999997,0.013663050956751379,0.4334686907020873,0.14323762450256772,0.024858839439442885,924.057531692284
Mali,Mortalidad_Alta,0.32,0.010921648974447034,0.4129032258064516,0.15156698548047012,0.025823739736921293,872.468587171653
Mali,Mortalidad_Alta,0.28,0.014922275919742328,0.36872865275142325,0.1705729738419792,0.026884579697485304,838.11986940103
Mali,Mortalidad_Alta,0.277,0.014699304184503747,0.37213662239089185,0.16698988854618385,0.02849499430294336,940.243260037952
Mali,Mortalidad_Alta,0.28,0.012863459022409965,0.38413662239089186,0.15901504654971105,0.030431769322157638,903.190452512378
Mali,Mortalidad_Alta,0.27,0.008529664653650581,0.37861480075901327,0.17719181777816098,0.02878726554706308,878.217175344858
Mali,Mortalidad_Alta,0.28,0.014032467327844644,0.40113851992409866,0.15347582626276907,0.03319623415564841,941.574944706639
Mali,Mortalidad_Alta,0.31,0.01440729820177922,0.4547058823529412,0.12632666651892843,0.03770384767112808,827.617660082715
Mali,Mortalidad_Alta,0.27,0.01436415986648293,0.40525616698292216,0.14087787098126095,0.039898922231972056,815.78868795173
Mali,Mortalidad_Alta,0.28,0.01436415986648293,0.43089184060721064,0.13284581523626843,0.04199172767617026,820.715705601841
Mali,Mortalidad_Alta,0.29,0.017182969662094233,0.45783681214421257,0.11854191225680391,0.04697583922054124,711.675463215078
Mali,Mortalidad_Alta,0.32,0.01319290485131435,0.5185578747628083,0.10062233436033376,0.05179611953630239,633.221946737432
Mali,Mortalidad_Alta,0.3,0.014055197060784414,0.4998102466793169,0.11739368704363803,0.04848869584043492,591.630393473705
Mali,Mortalidad_Alta,0.1,0.016980733220463017,0.17172675521821631,0.3384559513750927,0.05224616319958874,542.887347640863
Mali,Mortalidad_Alta,0.1,0.011315706580746565,0.17722960151802655,0.4674578387038553,0.0382055854948747,371.627016389759
Mali,Mortalidad_Alta,0.1,0.010549856712214976,0.18311195445920303,0.5118549751164766,0.035863472473676127,318.042432039222
Mali,Mortalidad_Alta,0.1,0.010486632914463423,0.1891840607210626,0.5134105619884676,0.03703962370000285,291.159497911347
Mali,Mortalidad_Alta,0.1,0.010704703348271647,0.1950664136622391,0.5147915294679553,0.0381823952574626,256.199554978241
Mali,Mortalidad_Alta,0.1,0.012850143815838046,0.21897533206831118,0.5900044974381827,0.037330496640122314,265.717051612187
Malta,Mortalidad_Baja,0.5579999999999999,0.06713081916945252,0.052941176470588235,0.002160930982443312,0.08284069142780473,36224.2819955817
Malta,Mortalidad_Baja,0.55,0.06281244441589309,0.0532258064516129,0.0023609583811619638,0.07828907543107445,38065.354346575
Malta,Mortalidad_Baja,0.551,0.06158424005904126,0.054368121442125245,0.002063453388193445,0.09171047943384192,31833.596382464
Malta,Mortalidad_Baja,0.503,0.06639930621767012,0.05154079696394687,0.0014685306255087943,0.14856607562183888,32421.9179753188
Malta,Mortalidad_Baja,0.499,0.06487773558764949,0.052077798861480076,0.001950736913799309,0.11407610381528312,33382.2677502638
Malta,Mortalidad_Baja,0.536,0.06689710487086793,0.056956356736242886,0.0019723316423099313,0.10674214000800751,30317.2443357939
Malta,Mortalidad_Baja,0.55,0.060421165632792914,0.0594876660341556,0.0028750602522499696,0.07158193802882873,26459.0772054811
Malta,Mortalidad_Baja,0.56,0.06678864963075505,0.06163187855787476,0.0026295833444810067,0.0785212131373435,25529.6813131565
Malta,Mortalidad_Baja,0.5579999999999999,0.08277670147807539,0.062470588235294125,0.0028076087213622885,0.07493365299440001,27424.5765369278
Malta,Mortalidad_Baja,0.56,0.08411021104028538,0.0626944971537002,0.00284917898298637,0.07351683652989155,25415.5566806942
Malta,Mortalidad_Baja,0.56,0.09713576243709877,0.06375711574952561,0.0030481932413983395,0.06971839432427226,22878.3131257656
Malta,Mortalidad_Baja,0.52,0.09247056499443312,0.05920303605313093,0.003272953003543706,0.06993517526497657,23516.9691282762
Malta,Mortalidad_Baja,0.58,0.09341865707215362,0.06603415559772297,0.0034320017205202746,0.059315989248838435,21946.6070188242
Malta,Mortalidad_Baja,0.58,0.09020463851543799,0.06603415559772297,0.003586749744947163,0.05661437227318932,21176.3216665018
Malta,Mortalidad_Baja,0.64,0.09950096739417857,0.07286527514231499,0.00262641394388265,0.07085148312159627,22315.3104812611
Malta,Mortalidad_Baja,0.66,0.09845556459631528,0.07514231499051233,0.004160191256555673,0.04209395322963021,19444.1743635565
Malta,Mortalidad_Baja,0.68,0.09678280361725085,0.07741935483870968,0.004173718871395658,0.040615967985554176,16653.6038312389
Malta,Mortalidad_Baja,0.5,0.09709379295439857,0.05787476280834915,0.005593901532132849,0.04200529495155204,15831.3439802756
Malta,Mortalidad_Baja,0.5,0.0954551896343351,0.05787476280834915,0.0057787106858546555,0.04055631786043251,15212.1312964883
Malta,Mortalidad_Baja,0.3,0.0956815654078185,0.03529411764705882,0.01001203790212529,0.03957960395426909,13593.9787182902
Malta,Mortalidad_Baja,0.3,0.08549092272279493,0.03586337760910816,0.010987247377662804,0.03640374883654625,11251.2024877398
Malta,Mortalidad_Baja,0.3,0.0924260704225559,0.03700189753320683,0.011328974247324004,0.03642854404608229,10357.7026407269
Malta,Mortalidad_Baja,0.3,0.0799131250578094,0.0381404174573055,0.009683910775826381,0.04460797404604774,10348.4860163
Malta,Mortalidad_Baja,0.1,0.0867516041280078,0.01555977229601518,0.03523565194250503,0.0450433507339284,9828.22830085662
Mauritania,Mortalidad_Media,0.23500000000000001,0.04458120010801144,0.1426944971537002,0.14135041628751893,0.016710763295614342,1960.35240077424
Mauritania,Mortalidad_Alta,0.21,0.041583995779837374,0.13110056925996205,0.1426685162673467,0.01951038706289593,1947.78918383313
Mauritania,Mortalidad_Alta,0.219,0.02464947568605282,0.1404592030360531,0.13683228271527836,0.020129836675389465,1795.76459566714
Mauritania,Mortalidad_Media,0.306,0.039570628158884145,0.20206451612903228,0.10204785352466333,0.019849345778102694,1767.072710621
Mauritania,Mortalidad_Media,0.289,0.0272804540775864,0.19632258064516125,0.12807185054614817,0.01679140516130348,1722.93528854073
Mauritania,Mortalidad_Media,0.292,0.027938598608324327,0.2033472485768501,0.1217345772884323,0.01814622838451983,1615.00401327323
Mauritania,Mortalidad_Alta,0.3,0.043269684446239194,0.2140417457305503,0.11337920575044054,0.01966241911290426,1565.76575722696
Mauritania,Mortalidad_Alta,0.3,0.02330232453050047,0.21916508538899432,0.10759181845713697,0.02147693495264957,1554.94897871782
Mauritania,Mortalidad_Alta,0.239,0.03681698776559806,0.17822960151802655,0.12316859569368778,0.02443230169782433,1713.00865264234
Mauritania,Mortalidad_Alta,0.24,0.020877461717292812,0.18261859582542694,0.10615082701904788,0.029396854428887717,1934.24103064714
Mauritania,Mortalidad_Alta,0.23,0.030388137325647824,0.17806451612903226,0.10942838989984081,0.030374359846299867,1859.11733247641
Mauritania,Mortalidad_Alta,0.25,0.020877461717292812,0.19686907020872865,0.09084784750440629,0.03465714311789874,1931.19975525465
Mauritania,Mortalidad_Alta,0.28,0.02390953536207917,0.22527514231499052,0.09350350353991742,0.030341623460122674,1659.96369705455
Mauritania,Mortalidad_Alta,0.26,0.022338462521030066,0.21411764705882355,0.11541039606783646,0.026744516885063338,1435.43010811893
Mauritania,Mortalidad_Alta,0.31,0.034407048316749705,0.26352941176470585,0.09367282521228777,0.02874781051114282,1635.5630623124
Mauritania,Mortalidad_Alta,0.3,0.014972486749891795,0.26584440227703987,0.0961333955455857,0.03033708434361289,1405.15016203368
Mauritania,Mortalidad_Alta,0.3,0.01619736933709084,0.27893738140417457,0.08661328972588171,0.03587338533542814,1300.60367988659
Mauritania,Mortalidad_Alta,0.3,0.017395193455834967,0.29487666034155596,0.10467457707442264,0.030966108534171595,998.96583416747
Mauritania,Mortalidad_Alta,0.3,0.016134311015896387,0.31309297912713474,0.11952655180574277,0.02856196393233259,823.554457141893
Mauritania,Mortalidad_Alta,0.3,0.015136591399653143,0.33244781783681215,0.1261029434226086,0.028767274447558035,732.017820812675
Mauritania,Mortalidad_Alta,0.3,0.028368551447080708,0.35180265654648957,0.12636980161386563,0.030562662107892387,648.879643934862
Mauritania,Mortalidad_Alta,0.3,0.02809628382417341,0.36944971537001897,0.1297021586689518,0.03134766929198322,651.817840199777
Mauritania,Mortalidad_Alta,0.3,0.015436031745681561,0.38481973434535105,0.1294924234864365,0.03284764069277741,680.911061879778
Mauritania,Mortalidad_Alta,0.26239999999999997,0.012863459022409965,0.36248045540796964,0.16775604507120628,0.031054761193611197,904.719170071042
Mauritius,Mortalidad_Media,0.5650000000000001,0.05040023300340784,0.1479506641366224,0.00986692808655191,0.048122715551432424,10223.7882316574
Mauritius,Mortalidad_Media,0.55,0.04931848002547023,0.1461100569259962,0.00933153851355845,0.053365673874553744,9068.97300226707
Mauritius,Mortalidad_Media,0.533,0.04715621158464074,0.1426053130929791,0.009222967674994526,0.056284042669128044,9011.04288445023
Mauritius,Mortalidad_Media,0.40299999999999997,0.05352877321103827,0.10629411764705882,0.01051072766309602,0.06486911212559994,11403.2527870674
Mauritius,Mortalidad_Media,0.521,0.05255384293868952,0.1344516129032258,0.007699578041577334,0.0671279996963226,11643.4605962124
Mauritius,Mortalidad_Media,0.443,0.053204070440209215,0.11096015180265652,0.010577122652633397,0.05522091887925055,10841.6847754844
Mauritius,Mortalidad_Media,0.54,0.05226396511432417,0.1332068311195446,0.008974208331485668,0.052426419484081055,9965.72531085228
Mauritius,Mortalidad_Media,0.52,0.052275621319911626,0.12827324478178367,0.009243225291270928,0.052885506174062916,9507.87133656424
Mauritius,Mortalidad_Media,0.534,0.05080568410620753,0.1317267552182163,0.009352453029300637,0.050773409774898,10366.3550754936
Mauritius,Mortalidad_Media,0.51,0.04992739466464462,0.1267741935483871,0.010217893879482697,0.04892113817163764,9764.64413060045
Mauritius,Mortalidad_Media,0.54,0.04903189753831863,0.1352561669829222,0.010596786339387947,0.04461936286169705,9291.23627601053
Mauritius,Mortalidad_Media,0.54,0.048442683510409756,0.13423149905123338,0.010731161944252332,0.04366079515245048,9197.04299089459
Mauritius,Mortalidad_Media,0.55,0.04831272363868863,0.13567362428842505,0.010359942581998953,0.04409452185068957,8000.37643182154
Mauritius,Mortalidad_Media,0.47000000000000003,0.045934600820010295,0.1159392789373814,0.012918626336946354,0.041176718077167704,7318.12640972422
Mauritius,Mortalidad_Media,0.51,0.04719657084828833,0.12774193548387094,0.012501298803747134,0.03970822295013467,8030.05228087539
Mauritius,Mortalidad_Media,0.42,0.04630959210849308,0.10679316888045542,0.016301875269149384,0.037355527472349506,6574.6635764099
Mauritius,Mortalidad_Media,0.41000000000000003,0.04623654180185055,0.10502846299810246,0.01872380708369891,0.03323043900832574,5695.97525509869
Mauritius,Mortalidad_Media,0.44,0.043439687604236464,0.11354838709677419,0.01746625583117016,0.03346086381779842,5354.02974260642
Mauritius,Mortalidad_Media,0.45,0.04223693375397902,0.11783681214421252,0.018101294671640587,0.031892905850180946,5460.60800184198
Mauritius,Mortalidad_Media,0.45,0.04173811041045293,0.12039848197343453,0.017762560382644555,0.03334377821232583,4858.26575549747
Mauritius,Mortalidad_Media,0.47000000000000003,0.04007353500855696,0.1302087286527514,0.01705260187529524,0.03454115146074114,4073.06053055903
Mauritius,Mortalidad_Media,0.49,0.040703320006482906,0.14318785578747628,0.01937047067691644,0.03040400584742977,3908.55694927435
Mauritius,Mortalidad_Media,0.5,0.03905356618127114,0.15749525616698296,0.01761525264539238,0.03585164443738613,3981.98343249582
Mauritius,Mortalidad_Media,0.43060000000000004,0.031896784661139245,0.15851309297912713,0.032978242501538364,0.025078680538806488,3648.01649622256
Mexico,Mortalidad_Media,0.32,0.06543944672912237,0.06740037950664136,0.01906554106103003,0.03449408486103892,11402.1410374782
Mexico,Mortalidad_Media,0.39799999999999996,0.06446527176679905,0.08685009487666034,0.014870503793706283,0.03706366404015361,10314.0506725979
Mexico,Mortalidad_Media,0.36700000000000005,0.06219789404369121,0.08217457305502847,0.015821700288302223,0.03891485210708818,8841.2707511328
Mexico,Mortalidad_Media,0.263,0.06724234388306811,0.060884250474383304,0.019721585260659494,0.045561598120418524,10369.5553585271
Mexico,Mortalidad_Media,0.269,0.06837149787289303,0.06431499051233397,0.019176624581271364,0.047440202158798385,10084.7937553679
Mexico,Mortalidad_Media,0.3,0.06750290536803276,0.07400379506641366,0.017197920666852645,0.0490422994898257,9649.27816772402
Mexico,Mortalidad_Media,0.35000000000000003,0.06974951305714532,0.0896584440227704,0.014512090783214658,0.05191324608063947,9097.92397674769
Mexico,Mortalidad_Media,0.34,0.070418689376339,0.08967741935483871,0.014197547276036847,0.05651792833583408,10021.2386124039
Mexico,Mortalidad_Media,0.297,0.0724559946535106,0.08059013282732447,0.015947271892728255,0.05941951619034999,11391.3773510244
Mexico,Mortalidad_Media,0.3,0.07480996117454287,0.0842504743833017,0.01577427171577671,0.061668247856840094,11216.800851866
Mexico,Mortalidad_Media,0.31,0.07571594966368451,0.08941176470588234,0.015387498416298464,0.06289484091134215,10744.1335229686
Mexico,Mortalidad_Media,0.33,0.07482688146947473,0.0983111954459203,0.014108644552247819,0.06675053311966234,10664.4944046282
Mexico,Mortalidad_Media,0.36,0.07247112927560614,0.11066413662239087,0.013438444530029217,0.06626238189378532,9728.80078237782
Mexico,Mortalidad_Media,0.35000000000000003,0.07409443768241633,0.11157495256166983,0.013860800650714052,0.06863898143402582,8423.56933214711
Mexico,Mortalidad_Media,0.33,0.07684712830147349,0.10833017077798861,0.01436023725308454,0.07253724733641102,10523.7685427665
Mexico,Mortalidad_Media,0.35000000000000003,0.07753306341760238,0.11888045540796964,0.013598243944239754,0.07482940605133725,10134.3327129706
Mexico,Mortalidad_Media,0.36,0.07897599084783996,0.12637571157495256,0.012790631432781434,0.08016230010175472,9512.63575346699
Mexico,Mortalidad_Media,0.36,0.07875619009747545,0.13115749525616696,0.012802440504774432,0.0832405108671458,8671.75891885163
Mexico,Mortalidad_Media,0.36,0.07566451129785406,0.1366223908918406,0.013846719173461015,0.08004771572509799,7849.66759649565
Mexico,Mortalidad_Media,0.37,0.07533095673635336,0.14603415559772295,0.013563013775652328,0.082803111878102,7434.07465031562
Mexico,Mortalidad_Media,0.33,0.07126394184772081,0.13588235294117648,0.014747139877353484,0.08933010934453814,7983.03398381759
Mexico,Mortalidad_Media,0.34,0.07154133969373394,0.1464516129032258,0.014843204481148252,0.09014015216979121,7952.76479510706
Mexico,Mortalidad_Media,0.33,0.0705187904249978,0.14840607210626186,0.014979005320366745,0.09630159636563561,7524.0271380091
Mexico,Mortalidad_Media,0.5,0.06686029220537854,0.2846299810246679,0.012925609190486397,0.09313058424698238,4183.87847727479
Moldova,Mortalidad_Media,0.34700000000000003,0.06556973575025575,0.08954838709677419,0.03658738373224406,0.01895160159311059,5744.29618434435
Moldova,Mortalidad_Media,0.387,0.07433897297095068,0.09987096774193549,0.04280119027539916,0.013754652210086515,5274.60582195352
Moldova,Mortalidad_Media,0.37200000000000005,0.06737812518385371,0.09670588235294117,0.03939618251534727,0.01611783169130615,4375.7788930524
Moldova,Mortalidad_Media,0.254,0.06916823933224486,0.0660303605313093,0.0625900886132721,0.014600063337973505,4405.33418162155
Moldova,Mortalidad_Media,0.266,0.06896170249222192,0.06965464895635673,0.05968451400680691,0.014755499512935545,4156.44981956646
Moldova,Mortalidad_Media,0.28600000000000003,0.06440511250618024,0.07543453510436433,0.06674059601894237,0.011825950434556346,3453.26727720294
Moldova,Mortalidad_Media,0.35000000000000003,0.06248953410027509,0.09297912713472485,0.05578898592932072,0.011592738750837965,2847.08794770479
Moldova,Mortalidad_Media,0.35000000000000003,0.060249548076269734,0.09430740037950663,0.057315668117781306,0.011403109857089616,2749.55137054338
Moldova,Mortalidad_Media,0.295,0.05882459053417542,0.08060721062618596,0.07462983111820129,0.010285799573221847,3289.95758568777
Moldova,Mortalidad_Media,0.29,0.05453073564290438,0.0803415559772296,0.062317272322385854,0.013480941566014386,3321.04397795719
Moldova,Mortalidad_Media,0.29,0.060656745842309095,0.08144212523719167,0.05637066857624139,0.015505559379362226,3044.8084324815
Moldova,Mortalidad_Media,0.33,0.06092423012114546,0.09455407969639469,0.05397609032369817,0.014308973063091346,2941.36224066021
Moldova,Mortalidad_Media,0.29,0.059994580417499485,0.08419354838709679,0.0602179490299737,0.014898751244985365,2436.79935102421
Moldova,Mortalidad_Media,0.28,0.051128066661881355,0.0828842504743833,0.047483429495123845,0.02107312610575566,1898.43975710988
Moldova,Mortalidad_Media,0.32,0.0537614347728017,0.09715370018975332,0.043080706662277445,0.020808685097376725,2110.55305353857
Moldova,Mortalidad_Media,0.29,0.05400387413323612,0.09079696394686906,0.053860777566474456,0.01864299737427389,1531.21618590748
Moldova,Mortalidad_Media,0.23,0.05513942960992238,0.0750664136622391,0.09863188703885446,0.0124488783390272,1183.02481442894
Moldova,Mortalidad_Media,0.24,0.05615000082771081,0.08197343453510436,0.10691485000150962,0.0112708515521448,1034.39197746993
Moldova,Mortalidad_Media,0.21,0.05367078890950097,0.07690702087286527,0.13103184183172403,0.011268769123126863,897.178494749468
Moldova,Mortalidad_Media,0.31,0.05326976853568915,0.12352941176470589,0.09250580773166278,0.011910830350967122,682.319095965299
Moldova,Mortalidad_Media,0.26,0.048902885951202485,0.11347248576850094,0.12650509020326844,0.01122472741930691,570.799866188293
Moldova,Mortalidad_Media,0.26,0.048096639301469284,0.12531309297912713,0.13491924073194336,0.011740079234311323,507.404076252819
Moldova,Mortalidad_Media,0.3,0.04530411594666591,0.1588235294117647,0.13252037445534762,0.011276794148788547,440.538683980372
Moldova,Mortalidad_Alta,0.1,0.07370381021717007,0.06413662239089184,0.4580212577879976,0.012028365376332124,593.593177049161
Mongolia,Mortalidad_Media,0.37,0.08729004394995714,0.08144212523719165,0.055091167890319495,0.008520109376947277,4993.51487463495
Mongolia,Mortalidad_Media,0.374,0.08882259962723386,0.08374193548387096,0.05506807136257832,0.008600309737192342,4517.61578018785
Mongolia,Mortalidad_Media,0.369,0.08176802446804966,0.08542314990512334,0.05497673943733835,0.009191247661615404,4001.25193077703
Mongolia,Mortalidad_Media,0.298,0.0932154789040239,0.07237950664136623,0.06068643868479412,0.01140159005095594,4347.54610314873
Mongolia,Mortalidad_Media,0.348,0.08180636206549957,0.08914611005692599,0.05138093461136526,0.012382620772046727,4107.64288528468
Mongolia,Mortalidad_Media,0.368,0.07397962322988344,0.09915749525616697,0.0473522192352832,0.013626632153995075,3645.96708669551
Mongolia,Mortalidad_Media,0.39,0.07326120543704659,0.1110056925996205,0.050661195095325885,0.012469490292788406,3619.90026383792
Mongolia,Mortalidad_Media,0.38,0.06991978127780958,0.11320683111954459,0.05797026958321567,0.011503807084377914,3838.92126989984
Mongolia,Mortalidad_Media,0.282,0.08140423659104644,0.08829222011385199,0.07402140312695847,0.013118982256814541,4126.23975800524
Mongolia,Mortalidad_Media,0.27,0.08080078211496122,0.0886337760910816,0.07773335286655597,0.013821661923162172,4340.14310544449
Mongolia,Mortalidad_Media,0.27,0.07188514454319828,0.09324478178368122,0.06523929627571204,0.018162487435705272,4328.89001905655
Mongolia,Mortalidad_Media,0.27,0.07014033505670864,0.09939278937381403,0.05973025745796655,0.02168798531551009,3736.04201455077
Mongolia,Mortalidad_Media,0.3,0.06506013610488486,0.11840607210626186,0.06119028666112335,0.020236669889378375,2625.21881402433
Mongolia,Mortalidad_Media,0.3,0.06241774752717015,0.12808349146110057,0.09317061141285102,0.013420606473473805,1703.32756790019
Mongolia,Mortalidad_Media,0.28,0.06109533840817896,0.1296394686907021,0.10737323006449488,0.013557995246045692,2127.42678594737
Mongolia,Mortalidad_Alta,0.3,0.0618268287527699,0.15142314990512334,0.096109645070335,0.015863288315848014,1627.68787743359
Mongolia,Mortalidad_Alta,0.3,0.05993071790112593,0.16451612903225807,0.09201921679048461,0.018446046115633115,1329.89179579053
Mongolia,Mortalidad_Alta,0.43,0.05300912810061024,0.25702087286527514,0.07203819755034559,0.01782322762745225,994.90010913241
Mongolia,Mortalidad_Alta,0.43,0.04629642125231197,0.2806831119544592,0.07288169905028889,0.01950109365448264,794.154552001815
Mongolia,Mortalidad_Alta,0.43,0.045420287067220254,0.30516129032258066,0.06709527396629811,0.023627838573785948,643.168068921658
Mongolia,Mortalidad_Alta,0.43,0.04714891246265391,0.3312713472485768,0.06884040831500188,0.025190906551939868,570.249213248399
Mongolia,Mortalidad_Alta,0.43,0.04463015815430219,0.3590132827324478,0.08357614697509957,0.022132565593896106,524.453483552485
Mongolia,Mortalidad_Alta,0.5,0.04499441459201891,0.4497153700189753,0.08581206756704517,0.01964797700447109,476.02755082717
Mongolia,Mortalidad_Alta,0.5,0.054846371653324545,0.5929791271347249,0.10183476861622787,0.022197777152269678,652.67456284915
Montenegro,Mortalidad_Baja,0.46399999999999997,0.0772424724550492,0.019370018975332068,0.020380579542849175,0.0015308586891019413,9990.20444616996
Montenegro,Mortalidad_Media,0.51,0.07985912221517041,0.022258064516129033,0.0198231606270599,0.0014240738514150375,9377.48879714989
Montenegro,Mortalidad_Baja,0.47500000000000003,0.07500252822611071,0.022533206831119545,0.02488544888143062,0.001091554730812717,7612.62845881291
Montenegro,Mortalidad_Baja,0.395,0.08018777313360334,0.0194876660341556,0.0253265254743825,0.002097050745861404,8842.48528706869
Montenegro,Mortalidad_Baja,0.381,0.07749452482220491,0.020242884250474383,0.027646828074726085,0.002220105186675757,8790.88152116679
Montenegro,Mortalidad_Baja,0.434,0.07498550710279198,0.024705882352941175,0.02470917741701863,0.0025095304758303992,7758.36921956034
Montenegro,Mortalidad_Baja,0.42,0.07158547610934649,0.02550284629981025,0.027821456579593205,0.0023870265724467237,6999.1358134109
Montenegro,Mortalidad_Baja,0.44,0.07378342364805451,0.02922201138519924,0.02866533961049637,0.002462683978474508,6491.19280618646
Montenegro,Mortalidad_Baja,0.378,0.07066239694609942,0.027256166982922197,0.03352704281129897,0.002926941880466209,7364.96590101549
Montenegro,Mortalidad_Baja,0.4,0.07262123620163012,0.031878557874762806,0.031428126148481984,0.0036384748190018434,7172.92908521143
Montenegro,Mortalidad_Baja,0.37,0.07851126753947231,0.032296015180265654,0.031514340191548175,0.004893342700082929,6577.74033229273
Montenegro,Mortalidad_Baja,0.39,0.08360450728456867,0.03774193548387097,0.03238756286210982,0.00508577243405468,7325.64689244715
Montenegro,Mortalidad_Baja,0.34,0.0840331538815093,0.036774193548387096,0.03533334211158983,0.0065546934707505135,6688.40259641346
Montenegro,Mortalidad_Media,0.33,0.07171411809935632,0.03944971537001898,0.039201891970243694,0.006814719626019249,6727.10776676969
Montenegro,Mortalidad_Media,0.35380000000000006,0.09075141706095201,0.04699430740037951,0.032904428147400425,0.009189273785647536,7367.75190910882
Montenegro,Mortalidad_Media,0.25579999999999997,0.08440356104021006,0.03786034155597723,0.044217364326045415,0.011023918400528049,5976.39414454596
Montenegro,Mortalidad_Media,0.378,0.0850182658021817,0.06096774193548386,0.03398884871487406,0.010441957993143985,4425.67887307803
Montenegro,Mortalidad_Media,0.5346000000000001,0.07671728748240024,0.09434117647058825,0.025631260034173268,0.010797550142574722,3674.6179242797
Montenegro,Mortalidad_Media,0.3616,0.04485066128407417,0.06930094876660342,0.04007592363603,0.011176737778367547,3380.16512135859
Montenegro,Mortalidad_Media,0.1,0.0353961844996771,0.02049335863377609,0.15513257604442077,0.011160455625420193,2789.15906483509
Montenegro,Mortalidad_Media,0.1,0.057480307192090914,0.021821631878557873,0.17091645483721338,0.010675682105821638,2106.6350684523
Montenegro,Mortalidad_Media,0.2864,0.03780465783292646,0.06630132827324478,0.059062515266889104,0.011680913097026412,1909.59870186179
Montenegro,Mortalidad_Media,0.204,0.046600821505340104,0.04916129032258064,0.08668247135665778,0.011617821916679306,1627.06511911987
Montenegro,Mortalidad_Media,0.5670000000000001,0.06762238433472842,0.14524667931688806,0.014020897598728684,0.03197549737317076,10795.966586356715
Morocco,Mortalidad_Media,0.41000000000000003,0.02753267746428098,0.12447817836812144,0.0374676148377755,0.01833525978350124,3455.39624023438
Morocco,Mortalidad_Media,0.399,0.02815335770396958,0.12568121442125238,0.04696996313021206,0.015098805603602985,3785.93627929688
Morocco,Mortalidad_Media,0.392,0.026265947351619915,0.12868311195445922,0.042562806243833934,0.018238310261624528,3268.0302734375
Morocco,Mortalidad_Media,0.392,0.028066759073535733,0.1338899430740038,0.04327631448568282,0.018740374843996238,3508.09765625
Morocco,Mortalidad_Media,0.413,0.026334598431326052,0.14654838709677417,0.04283039786505627,0.018659482481562108,3501.69799804688
Morocco,Mortalidad_Media,0.371,0.026353325492874884,0.1379810246679317,0.04706654981578259,0.02001604350019683,3296.52661132813
Morocco,Mortalidad_Media,0.39,0.025447426871441962,0.151707779886148,0.04141032318780987,0.023067575431275706,3140.85546875
Morocco,Mortalidad_Media,0.37,0.02570458055600623,0.1516508538899431,0.04988281945386897,0.021010152601060844,3146.24780273438
Morocco,Mortalidad_Media,0.33299999999999996,0.02533275207470686,0.14343643263757114,0.048645085071210625,0.025809547950747736,3435.40698242188
Morocco,Mortalidad_Media,0.34,0.025273861296713628,0.15483870967741936,0.056871277371017374,0.02248268389617923,3379.7431640625
Morocco,Mortalidad_Media,0.34,0.025521426035037646,0.16322580645161291,0.052137751078923225,0.026347131512893154,3164.17724609375
Morocco,Mortalidad_Media,0.33,0.025507352167363596,0.16719165085388996,0.05728385424015491,0.026039866942608864,3301.98876953125
Morocco,Mortalidad_Media,0.35000000000000003,0.0239640469882845,0.1872865275142315,0.0534748462532096,0.02799871478638221,3067.9853515625
Morocco,Mortalidad_Media,0.35000000000000003,0.02297833233797025,0.19724857685009486,0.05348810661084061,0.029655478579521624,3119.58862304688
Morocco,Mortalidad_Media,0.32,0.023120979529842448,0.19066413662239087,0.053123791733711706,0.03506992344579662,3183.20043945313
Morocco,Mortalidad_Media,0.32,0.022542705184213283,0.20098671726755218,0.048284619515108616,0.04120130930849657,2755.5859375
Morocco,Mortalidad_Media,0.32,0.02213017559602887,0.21191650853889943,0.060160732810619844,0.03435843020754894,2438.12646484375
Morocco,Mortalidad_Media,0.33,0.0220473446082365,0.22981024667931688,0.05072653934796232,0.04224292740069022,2242.98828125
Morocco,Mortalidad_Media,0.37,0.02107726419308482,0.270303605313093,0.050192110422975666,0.03976519871875168,2183.55541992188
Morocco,Mortalidad_Media,0.47000000000000003,0.01809976079048082,0.3585199240986717,0.04158532471259446,0.039425862425321784,1941.87255859375
Morocco,Mortalidad_Media,0.47000000000000003,0.01841990886629413,0.37368121442125235,0.03942619922352925,0.04367166040041168,1596.02062988281
Morocco,Mortalidad_Media,0.41000000000000003,0.018361939708471504,0.3384250474383302,0.04532143662653932,0.04533031140920392,1506.24523925781
Morocco,Mortalidad_Alta,0.37,0.017539978763189336,0.31734345351043647,0.04536839930810802,0.052635948861781766,1499.107421875
Morocco,Mortalidad_Alta,0.5,0.01596447448072578,0.5161290322580645,0.04222193044779382,0.05023007301477395,1466.78820800781
Mozambique,Mortalidad_Alta,0.263,0.01619243040983358,0.23205882352941176,0.15253163879927237,0.02077817457272959,578.251663751351
Mozambique,Mortalidad_Alta,0.23800000000000002,0.015935778650492265,0.21541935483870966,0.1768067466595801,0.020246590390857026,509.907829475551
Mozambique,Mortalidad_Alta,0.23199999999999998,0.015464185260540789,0.21615180265654646,0.18129424524480311,0.020949123482637975,462.433876479921
Mozambique,Mortalidad_Alta,0.281,0.016244202245817914,0.2650037950664137,0.1379198262760459,0.02333871556673126,519.09255091362
Mozambique,Mortalidad_Alta,0.282,0.0165453098878135,0.2707628083491461,0.14171837068600993,0.023000544100263687,517.507260258101
Mozambique,Mortalidad_Alta,0.309,0.016800448993418756,0.3019639468690702,0.13203103251384338,0.02292177591682734,470.93856305196
Mozambique,Mortalidad_Alta,0.31,0.017221210394493945,0.31117647058823533,0.119251237479708,0.02642518280619542,441.489734819071
Mozambique,Mortalidad_Alta,0.3,0.017422669085226175,0.3062618595825427,0.12290832254808794,0.027009150769490214,610.563774706589
Mozambique,Mortalidad_Alta,0.262,0.017338023039726116,0.2724402277039848,0.14723897473892636,0.026208674977387183,697.142680444123
Mozambique,Mortalidad_Alta,0.27,0.01721085356843468,0.2874193548387097,0.14054354857854545,0.02741019766989676,686.505672517351
Mozambique,Mortalidad_Alta,0.27,0.0164797446695885,0.29459203036053133,0.14787294309621654,0.026616377819080467,685.685748199513
Mozambique,Mortalidad_Alta,0.25,0.016760139111560046,0.2832068311195446,0.16575579712350802,0.02662672908423025,618.17649286789
Mozambique,Mortalidad_Alta,0.26,0.014300981517922796,0.31328273244781785,0.16434227194543644,0.027570642890613364,496.185839392659
Mozambique,Mortalidad_Alta,0.28,0.01620366896212523,0.3384440227703985,0.155963153708692,0.027000753114087037,547.697144193651
Mozambique,Mortalidad_Alta,0.28,0.015265371564113124,0.355977229601518,0.15001282110428513,0.029834848161455207,592.159111184122
Mozambique,Mortalidad_Alta,0.28,0.015256299950080272,0.37032258064516127,0.13420151372255493,0.035231663591770684,507.874923914304
Mozambique,Mortalidad_Alta,0.28,0.019443574253069907,0.40220113851992406,0.13474451956457412,0.03838011845692557,457.487647833183
Mozambique,Mortalidad_Alta,0.27,0.019248600572532856,0.4108918406072106,0.1328276012037587,0.04315438541623465,436.773856167384
Mozambique,Mortalidad_Alta,0.22,0.019336204498584354,0.35316888045540795,0.15994847515520919,0.04664285747194328,400.056973161545
Mozambique,Mortalidad_Alta,0.22,0.019092630518403406,0.3736242884250474,0.1616034354956695,0.048994545309063796,339.488737800648
Mozambique,Mortalidad_Alta,0.22,0.018550790700580064,0.39449715370018973,0.16168413331772827,0.05188858517074596,313.886661721198
Mozambique,Mortalidad_Alta,0.35000000000000003,0.0184436111326232,0.6648007590132827,0.08147562400936181,0.06962053933304214,304.792138621913
Mozambique,Mortalidad_Alta,0.1,0.01792766264504316,0.20132827324478178,0.2978920839257877,0.07068916657371015,327.12623979157
Mozambique,Mortalidad_Alta,0.1,0.017593334267135947,0.25673624288425045,0.4904566686988831,0.054006686256801016,191.826096861406
Namibia,Mortalidad_Alta,0.539,0.03168470669573844,0.40603984819734346,0.02542560694347427,0.056878216426432725,4349.79908493314
Namibia,Mortalidad_Alta,0.474,0.031148996507616357,0.37416318785578745,0.03156652874001129,0.05445590974329586,4412.8355693052
Namibia,Mortalidad_Alta,0.46,0.031029006443804304,0.3762049335863377,0.03115028992180543,0.059183708987505614,3878.58982993966
Namibia,Mortalidad_Alta,0.498,0.03288786199422155,0.42145730550284627,0.022256589918233968,0.08029109512915752,4731.9210318831
Namibia,Mortalidad_Alta,0.454,0.03357498508917645,0.39369639468690704,0.02677200148482214,0.07480734353970567,5308.60813408705
Namibia,Mortalidad_Alta,0.413,0.03272927833622492,0.36284440227703985,0.02908068189563236,0.07678275418660335,5143.96072323076
Namibia,Mortalidad_Alta,0.49,0.03479409485477801,0.4425806451612903,0.021458118318705727,0.09074453571091427,4395.68776162376
Namibia,Mortalidad_Alta,0.48,0.03282259626035548,0.43263757115749524,0.02167799542134853,0.09153041729628748,4774.10650865775
Namibia,Mortalidad_Alta,0.44200000000000006,0.031619282714581406,0.3933548387096774,0.02881085795240778,0.07320793848150611,5378.32326241205
Namibia,Mortalidad_Alta,0.44,0.030724800722431736,0.3974193548387097,0.02781289937019029,0.0775017487204438,5346.62131149967
Namibia,Mortalidad_Alta,0.44,0.03052590524131969,0.40075901328273245,0.028641477147590712,0.07582353071250658,5942.64680978673
Namibia,Mortalidad_Alta,0.45,0.03006143331634283,0.3791271347248577,0.02821066837831957,0.06935551232557868,5834.7917675794
Namibia,Mortalidad_Alta,0.45,0.02985923601265823,0.36461100569259963,0.029398888727145304,0.0637493993086213,5418.21633365814
Namibia,Mortalidad_Alta,0.45,0.03555220616101954,0.36802656546489565,0.028330683586203165,0.06692936799775064,4302.91374148376
Namibia,Mortalidad_Alta,0.41000000000000003,0.03474290910514993,0.3166413662239089,0.028742148055878648,0.06844682070357183,4204.78555422749
Namibia,Mortalidad_Alta,0.43,0.03189601012128377,0.3133206831119545,0.030712951404611208,0.05710184037135978,4379.04313682732
Namibia,Mortalidad_Alta,0.41000000000000003,0.03171043771115985,0.28629981024667933,0.036812511542404724,0.047349431590127396,4017.1834716928
Namibia,Mortalidad_Alta,0.47000000000000003,0.03214684269662152,0.34246679316888046,0.034516634437568805,0.045871159223311586,3685.77299991587
Namibia,Mortalidad_Alta,0.5700000000000001,0.030152355925330686,0.4488614800759013,0.024539333521248347,0.058333911886140344,3403.15496192955
Namibia,Mortalidad_Alta,0.54,0.028265321420367136,0.43650853889943075,0.02959852327325325,0.052067304951231456,2569.24739317883
Namibia,Mortalidad_Alta,0.54,0.027471383812235246,0.44573055028463,0.029087991103797565,0.054229417052432734,1772.07565537493
Namibia,Mortalidad_Alta,0.53,0.03037245835654281,0.4475332068311195,0.028563199828001894,0.05776416195053993,1915.58926594875
Namibia,Mortalidad_Alta,0.53,0.026302189911913278,0.4616129032258064,0.0316793431371814,0.053489578763756256,2156.67590512714
Namibia,Mortalidad_Alta,0.2824,0.02612224515104026,0.27221859582542696,0.05234279354640603,0.06809263157057661,2483.20353415161
Nepal,Mortalidad_Media,0.33799999999999997,0.023678730663793317,0.15521062618595824,0.09681416999285622,0.012061182341731964,1385.91066274851
Nepal,Mortalidad_Media,0.33799999999999997,0.02388311791312825,0.16098292220113852,0.10193893606617993,0.011831463447462371,1252.75076731986
Nepal,Mortalidad_Media,0.315,0.023894561216845304,0.15600569259962052,0.11017006210672006,0.012321842327179505,1154.21517578318
Nepal,Mortalidad_Media,0.262,0.021952821959759724,0.13572296015180266,0.12889285998119837,0.013492000323354797,1203.14294706401
Nepal,Mortalidad_Media,0.24600000000000002,0.02296739088588136,0.13303605313092978,0.14205460375715656,0.013640446461047085,1179.19843190389
Nepal,Mortalidad_Media,0.267,0.022017624887353697,0.15148576850094875,0.1388799816498239,0.013449046042243817,1034.28374906846
Nepal,Mortalidad_Media,0.29,0.02081601590475974,0.1716888045540797,0.13767571935871517,0.012931823638739416,877.256454696737
Nepal,Mortalidad_Media,0.31,0.019333725239042882,0.19176470588235295,0.13384379415780992,0.013020221294208498,875.543635474862
Nepal,Mortalidad_Media,0.21300000000000002,0.019552066754792267,0.1378235294117647,0.20172593859006632,0.013184734694592354,821.455224911731
Nepal,Mortalidad_Media,0.22,0.018761469862982032,0.1486148007590133,0.2035626582988913,0.013211944701431428,803.269595420477
Nepal,Mortalidad_Media,0.22,0.016671037852198426,0.15487666034155598,0.21389914964553397,0.013076109624477585,788.202937148377
Nepal,Mortalidad_Media,0.23,0.017410413664982985,0.16889943074003796,0.20956128925058817,0.013377910396207277,785.518656222132
Nepal,Mortalidad_Alta,0.27,0.016879485367806354,0.20595825426944972,0.19227168075586468,0.012784757906820857,585.278491984574
Nepal,Mortalidad_Alta,0.25,0.016488861314797487,0.198292220113852,0.19603307748513027,0.014416571193941753,473.078751198621
Nepal,Mortalidad_Alta,0.25,0.01611569896049876,0.20588235294117646,0.18966857699902187,0.01571212161412736,464.817391891529
Nepal,Mortalidad_Alta,0.25,0.015676321751028368,0.21394686907020874,0.1950427265002503,0.015912484067262662,385.449767660642
Nepal,Mortalidad_Alta,0.28,0.015502477048303182,0.2491840607210626,0.18086242393747246,0.015937262522890006,340.431796437968
Nepal,Mortalidad_Alta,0.1,0.015658873663101352,0.09259962049335864,0.529233490328856,0.01585354225919142,309.024168339372
Nepal,Mortalidad_Alta,0.1,0.01530651058008127,0.09658444022770399,0.5425556707010404,0.016187264854308634,279.587750044428
Nepal,Mortalidad_Alta,0.1,0.015281072559281805,0.10113851992409867,0.549276025318986,0.01685651862099846,246.429706587633
Nepal,Mortalidad_Alta,0.1,0.015065605706011662,0.10607210626185958,0.5656173025043695,0.017229052107666756,238.89140296106
Nepal,Mortalidad_Alta,0.1,0.015130336413673773,0.11157495256166983,0.5514945871181898,0.018847212712605588,240.795114544664
Nepal,Mortalidad_Alta,0.1,0.014879771558754216,0.11726755218216318,0.5983743663088176,0.018153451585538258,223.830289183078
Nepal,Mortalidad_Alta,0.264,0.01355292666240773,0.39925616698292216,0.23138348332047767,0.02380269864726338,197.843001330326
Netherlands,Mortalidad_Baja,0.923,0.1654957924976251,0.06129981024667932,0.002783353296026989,0.02500022712521758,59123.318556487
Netherlands,Mortalidad_Baja,0.9059999999999999,0.187658479327341,0.0601707779886148,0.0028575105462922508,0.024783010995699975,60141.9880911492
Netherlands,Mortalidad_Baja,0.9009999999999999,0.1841781275252749,0.05983870967741936,0.003017024806153673,0.023445727903498772,53467.9277413737
Netherlands,Mortalidad_Baja,0.891,0.19121630993213268,0.05917457305502847,0.0030885264094425565,0.023119746855909427,53554.9007491475
Netherlands,Mortalidad_Baja,0.86,0.17944756713622848,0.057115749525616696,0.0032017952928993275,0.02310375179028994,53955.0770024266
Netherlands,Mortalidad_Baja,0.8570000000000001,0.19099352897329486,0.05691650853889943,0.0035927529384196387,0.020312687365524357,49513.6817346384
Netherlands,Mortalidad_Baja,0.8300000000000001,0.1950016438261764,0.05512333965844402,0.0035137968571979173,0.021628771604884384,46808.5291492503
Netherlands,Mortalidad_Baja,0.8300000000000001,0.18505163917862621,0.05512333965844402,0.003404450603791787,0.022429516449321184,45793.8135434697
Netherlands,Mortalidad_Baja,0.88,0.19517702611516655,0.05844402277039848,0.003202132606206935,0.022500900652306862,53457.2234864322
Netherlands,Mortalidad_Baja,0.89,0.20785823280467275,0.06079696394686908,0.003243072681739353,0.02260864889529766,52602.2860520766
Netherlands,Mortalidad_Baja,0.88,0.21299110588705664,0.060113851992409865,0.003017187845150756,0.024864966462368687,50473.9442002689
Netherlands,Mortalidad_Baja,0.89,0.21358089465085953,0.062485768500948766,0.002810077135242136,0.02743179492937752,54701.7728030611
Netherlands,Mortalidad_Baja,0.89,0.23061074175606064,0.06417457305502847,0.003142981008773983,0.024919132210011866,51305.7338533973
Netherlands,Mortalidad_Baja,0.9,0.21608462449678617,0.0666034155597723,0.0027223106357039885,0.029765946020729496,53172.0261581418
Netherlands,Mortalidad_Baja,0.87,0.22022565707057268,0.06603415559772297,0.002971694523916559,0.028838996915577154,58246.7026905874
Netherlands,Mortalidad_Baja,0.86,0.222883496242321,0.06690702087286528,0.0033326578680186315,0.02641584710806723,52100.7996285947
Netherlands,Mortalidad_Baja,0.87,0.22420241316930922,0.07098671726755218,0.0035246307018609504,0.025829190037210382,45123.5432406426
Netherlands,Mortalidad_Baja,0.89,0.22665968254572166,0.07430740037950664,0.0032895784721307113,0.027918880837662363,42165.396168388
Netherlands,Mortalidad_Baja,0.9,0.23092682067172704,0.07855787476280834,0.0032589876895850723,0.029278323105950715,40611.3414353091
Netherlands,Mortalidad_Baja,0.88,0.22971024981245325,0.08015180265654648,0.00367647559055098,0.027519203636624228,35896.7504630706
Netherlands,Mortalidad_Baja,0.89,0.2225221002872595,0.08275142314990512,0.003669821180026054,0.027864203427947033,29446.5330872868
Netherlands,Mortalidad_Baja,0.9,0.22153177320835,0.08538899430740038,0.0038863072219091402,0.026395031113806634,26955.7128032278
Netherlands,Mortalidad_Baja,0.9,0.21745394714043667,0.08709677419354839,0.004017178648126495,0.02600215293046702,26225.1697734149
Netherlands,Mortalidad_Baja,0.878,0.21916718035600755,0.0949639468690702,0.005539972818177642,0.021042176408272002,29301.1940492376
New Zealand,Mortalidad_Baja,0.975,0.17264526704759836,0.075853889943074,0.007332056308063946,0.008612454472393144,48760.0381935936
New Zealand,Mortalidad_Baja,0.953,0.18037158782948456,0.0759506641366224,0.009470588899563048,0.006365170044667783,49689.498134519
New Zealand,Mortalidad_Baja,0.9390000000000001,0.1785868309844331,0.0748349146110057,0.009505482627493853,0.006473287143907493,41850.92032802
New Zealand,Mortalidad_Baja,0.9670000000000001,0.19306997496963194,0.07890132827324478,0.00920567456673571,0.006732747852901129,42779.2298164101
New Zealand,Mortalidad_Baja,0.9570000000000001,0.19165168988000325,0.07990132827324478,0.009255956393587983,0.007017048326335703,43257.0769238879
New Zealand,Mortalidad_Baja,0.899,0.19457889195953548,0.07676470588235294,0.010284807306096842,0.006808596824424487,42950.3841711138
New Zealand,Mortalidad_Baja,0.91,0.19761587154268395,0.07943074003795067,0.00953275306535095,0.007713863408030966,40113.7195382428
New Zealand,Mortalidad_Baja,0.91,0.20453958014711168,0.08115749525616699,0.007680920593492175,0.010666969958324312,38665.3723018158
New Zealand,Mortalidad_Baja,0.9400000000000001,0.20630869487190137,0.08561669829222011,0.007942979654228135,0.010053218528841492,44618.266973847
New Zealand,Mortalidad_Baja,0.9500000000000001,0.19989717571120572,0.08833017077798863,0.011577945754434231,0.005952665751088654,43000.4646849189
New Zealand,Mortalidad_Baja,0.93,0.19915798856041175,0.08823529411764706,0.009264032931892941,0.008754124289145742,40053.6991536369
New Zealand,Mortalidad_Baja,0.9400000000000001,0.18983576780896297,0.09096774193548386,0.010448079802399273,0.007485634233598765,38431.7766788499
New Zealand,Mortalidad_Baja,0.93,0.19157603406049178,0.09176470588235294,0.011055529103479716,0.007204574340505303,33761.9009639947
New Zealand,Mortalidad_Baja,0.9400000000000001,0.18710700104537592,0.09275142314990513,0.009549208141296683,0.008732522843179226,28276.7255416225
New Zealand,Mortalidad_Baja,0.96,0.1877601579829383,0.09654648956356736,0.008150773441843019,0.01076906690935417,31324.7397977102
New Zealand,Mortalidad_Baja,0.96,0.18707723738948795,0.09654648956356736,0.00989034270855725,0.008294152523995593,32479.9817381467
New Zealand,Mortalidad_Baja,0.96,0.1862510253110862,0.09836812144212526,0.008122378487180662,0.011084679803141682,26654.5932018985
New Zealand,Mortalidad_Baja,0.9500000000000001,0.18829146084338433,0.099146110056926,0.007440537962986602,0.0128622782902957,27751.0654708859
New Zealand,Mortalidad_Baja,0.9500000000000001,0.19528569683506536,0.099146110056926,0.008836994834813781,0.010307920947219731,25420.234882944
New Zealand,Mortalidad_Baja,0.9400000000000001,0.19321015086398707,0.1016698292220114,0.009536456040659296,0.009907337108784164,21913.7081719961
New Zealand,Mortalidad_Baja,0.9400000000000001,0.19995292254943714,0.10345351043643262,0.009742123043336952,0.009855323435992854,16874.1874918196
New Zealand,Mortalidad_Baja,0.9400000000000001,0.20382234006643804,0.10523719165085389,0.01328499012977109,0.006512833481337186,13882.8568268586
New Zealand,Mortalidad_Baja,0.9400000000000001,0.20487362810891271,0.10702087286527515,0.012904680909488327,0.006973342764410358,13641.1027183822
New Zealand,Mortalidad_Baja,0.6206,0.1891099058626817,0.08361024667931688,0.016263470032003638,0.011311514663086528,17400.4201848172
Nicaragua,Mortalidad_Media,0.19,0.027776372026393343,0.038576850094876665,0.13837093436041195,0.005152826093937355,2322.89053964583
Nicaragua,Mortalidad_Media,0.24800000000000003,0.027431540317172723,0.05223529411764705,0.0992397047175025,0.006067267957467459,2138.38588469449
Nicaragua,Mortalidad_Media,0.24300000000000002,0.026673496891654516,0.0534876660341556,0.10242048797778307,0.006380440447650857,1938.44704754382
Nicaragua,Mortalidad_Media,0.203,0.028143258748984247,0.04660910815939279,0.11969616043218184,0.007042972247367869,1958.62051528095
Nicaragua,Mortalidad_Media,0.242,0.02816023810570868,0.058318785578747624,0.09906424228579436,0.007703046338371187,2035.16549390507
Nicaragua,Mortalidad_Media,0.27399999999999997,0.02889613641142738,0.06914990512333966,0.0856342586667958,0.00847336044412239,2182.61380995674
Nicaragua,Mortalidad_Media,0.28,0.02863852527408987,0.07385199240986717,0.08334622692993436,0.009071474240861818,2131.68704828322
Nicaragua,Mortalidad_Media,0.28,0.027944871546381516,0.07757115749525617,0.09002154072287148,0.008730867308211451,2074.45620634731
Nicaragua,Mortalidad_Media,0.24100000000000002,0.026781948343047642,0.06996774193548387,0.1084787590755977,0.008855672986969357,1958.37047579547
Nicaragua,Mortalidad_Media,0.25,0.02630190641575735,0.07590132827324478,0.10320850446249841,0.009580063837848677,1835.43996363715
Nicaragua,Mortalidad_Media,0.25,0.025853853323736464,0.07969639468690702,0.11022224110150176,0.009363459259445268,1784.69836017555
Nicaragua,Mortalidad_Media,0.25,0.024208354998216452,0.08349146110056926,0.11819060459587219,0.009072012170120526,1679.71192084633
Nicaragua,Mortalidad_Media,0.25,0.02409908082189017,0.08776091081593927,0.10628597313905322,0.011161621722506839,1526.56706951408
Nicaragua,Mortalidad_Media,0.26,0.023839180432899537,0.09571157495256166,0.09669185283586577,0.012728979215369108,1467.08288052845
Nicaragua,Mortalidad_Media,0.26,0.024322047832086125,0.10064516129032258,0.09786615889036868,0.013353049151199501,1523.68437086409
Nicaragua,Mortalidad_Media,0.26,0.024622779066036726,0.10557874762808349,0.09906098290365319,0.013958744220893575,1350.38145753377
Nicaragua,Mortalidad_Media,0.27,0.024558797183838892,0.11527514231499052,0.09213719425599017,0.0154870870599056,1248.17371577788
Nicaragua,Mortalidad_Media,0.26,0.024050383216136905,0.1164326375711575,0.0971145853503684,0.01611473348988844,1183.30214010175
Nicaragua,Mortalidad_Media,0.25,0.023981744047315165,0.11812144212523719,0.09994100650368676,0.01740121150414115,1098.62118662335
Nicaragua,Mortalidad_Media,0.24,0.0229850727810832,0.11931688804554079,0.10186962570915294,0.01896017386232141,1021.35216668794
Nicaragua,Mortalidad_Media,0.31,0.022411659647844116,0.1623529411764706,0.08292580000183097,0.01900185600457895,1014.3339042591
Nicaragua,Mortalidad_Media,0.31,0.022682584727365708,0.17176470588235296,0.08485996918941596,0.01975700584029066,1051.874235891
Nicaragua,Mortalidad_Alta,0.3,0.022770330698486135,0.17533206831119544,0.09265463429406139,0.019716902003490425,1017.3124434882
Nicaragua,Mortalidad_Alta,0.1,0.022115628909000516,0.0777988614800759,0.31418316258729007,0.023807623951072606,891.779352309996
Niger,Mortalidad_Alta,0.325,0.007068886252153043,0.42120493358633776,0.1990711917395092,0.018628631167863535,609.745147661683
Niger,Mortalidad_Alta,0.318,0.0065881933138974905,0.4163567362428843,0.17949434140067133,0.021810713287892948,608.722439593808
Niger,Mortalidad_Alta,0.334,0.006408563056927781,0.4398406072106262,0.1797708716556395,0.020709320120957133,579.512495758236
Niger,Mortalidad_Alta,0.341,0.00642273998920152,0.44970588235294123,0.1697318477299222,0.021643344478151073,561.691304349698
Niger,Mortalidad_Alta,0.304,0.006328935091458267,0.40033396584440234,0.19340448830574175,0.021219200617250987,578.568035680892
Niger,Mortalidad_Alta,0.35000000000000003,0.006223588337916558,0.4609108159392789,0.16011440460145535,0.02242466479006278,521.804130023434
Niger,Mortalidad_Alta,0.35000000000000003,0.006391610371437141,0.46024667931688806,0.15763822583557963,0.02279112769245639,502.706475406446
Niger,Mortalidad_Alta,0.34,0.0064535396472534135,0.4470967741935484,0.14917796582400653,0.02508191155022848,485.662574175279
Niger,Mortalidad_Alta,0.26,0.006588607841172994,0.3409108159392789,0.20116918302032416,0.024143162618646564,565.30989731175
Niger,Mortalidad_Alta,0.25,0.0067331821903021585,0.32827324478178366,0.20174308175722347,0.025200965617771597,552.103334363117
Niger,Mortalidad_Alta,0.26,0.005505701379404223,0.3423908918406072,0.2026853643422619,0.024056122460272743,528.510104469655
Niger,Mortalidad_Alta,0.29,0.004787159973195064,0.38464895635673624,0.18153323539685032,0.024281260320808244,510.75956176268
Niger,Mortalidad_Alta,0.28,0.005801938310834332,0.3766982922201139,0.20016826192028017,0.022977402334549056,474.425692340831
Niger,Mortalidad_Alta,0.26,0.005571333675040431,0.35669829222011384,0.20932790705717533,0.024294905542582814,461.131533961487
Niger,Mortalidad_Alta,0.23,0.005445493765837113,0.3251423149905123,0.26377575849314727,0.022208326075027856,475.044955398162
Niger,Mortalidad_Alta,0.24,0.005390247178682598,0.3515749525616698,0.24182945407796402,0.02433045261563294,387.168065883301
Niger,Mortalidad_Alta,0.22,0.005345242468397889,0.336888045540797,0.28266466320336947,0.023656881524978912,333.345078419447
Niger,Mortalidad_Alta,0.1,0.005397501847055505,0.16091081593927894,0.6145936517794705,0.025361578157014526,318.643121918273
Niger,Mortalidad_Alta,0.1,0.005549194929927387,0.16944971537001896,0.5847281820969819,0.02842435543971398,283.468281798296
Niger,Mortalidad_Alta,0.1,0.005501047809647423,0.17855787476280835,0.6445563567615109,0.027026534376302522,265.225363452469
Niger,Mortalidad_Alta,0.1,0.005455265462462586,0.18785578747628084,0.6472382663970294,0.028473600238190372,225.294391147438
Niger,Mortalidad_Alta,0.1,0.005446559278313604,0.196584440227704,0.6286973191832484,0.030930687006600274,205.417936120931
Niger,Mortalidad_Alta,0.1,0.005481806905032548,0.20436432637571159,0.5722711144416425,0.03579440832193982,194.771959898935
Niger,Mortalidad_Alta,0.264,0.007484495111648551,0.6432182163187856,0.18212840494523688,0.05217419812439714,237.01998956862
Nigeria,Mortalidad_Alta,0.227,0.015005440241404428,0.2653358633776091,0.16329931302814063,0.03121979339975406,2139.37478476974
Nigeria,Mortalidad_Alta,0.23500000000000001,0.015062277772825665,0.28182163187855785,0.15551100617312874,0.032624174968334564,2017.27486481527
Nigeria,Mortalidad_Alta,0.223,0.014544610809146395,0.2737779886148008,0.16939582940074457,0.03227911795769336,2019.65706326224
Nigeria,Mortalidad_Alta,0.20500000000000002,0.014878503929325607,0.25712523719165087,0.16719601780544383,0.03676111160459957,2265.15520863056
Nigeria,Mortalidad_Alta,0.14400000000000002,0.0134595390890905,0.18416698292220113,0.2303888776501442,0.03890251875429714,2057.87944554011
Nigeria,Mortalidad_Alta,0.122,0.014217806931055819,0.15880834914611003,0.26735336072590926,0.04038997996741943,1876.34027111773
Nigeria,Mortalidad_Alta,0.27,0.01489676045470697,0.3560721062618596,0.1215953388704994,0.040675162806262974,2070.4127339595
Nigeria,Mortalidad_Alta,0.25,0.014379858612353868,0.33301707779886147,0.12912487630496858,0.04187426297084078,2585.73360671797
Nigeria,Mortalidad_Alta,0.227,0.015722225801486456,0.30496394686907025,0.13778543514279099,0.04372283063280535,3088.72131316169
Nigeria,Mortalidad_Alta,0.24,0.015836748424740588,0.3251612903225806,0.13533126354800692,0.04236599663969248,2872.79083379398
Nigeria,Mortalidad_Alta,0.24,0.016103808622108036,0.32789373814041745,0.14251117931034996,0.040429604329578275,2633.19734671361
Nigeria,Mortalidad_Alta,0.25,0.017001432369662416,0.34629981024667933,0.13915612299259214,0.040289681072237515,2418.41316975875
Nigeria,Mortalidad_Alta,0.27,0.015080103906030361,0.3791271347248577,0.13846198615159938,0.03781869359239969,2202.25672957344
Nigeria,Mortalidad_Alta,0.22,0.011631256981049203,0.31476280834914616,0.190236281337203,0.03412441737703792,1820.48633854782
Nigeria,Mortalidad_Alta,0.22,0.012872301535875319,0.3218595825426945,0.1797881019679939,0.037192288051979626,2154.10543545364
Nigeria,Mortalidad_Alta,0.19,0.012622606649641904,0.284819734345351,0.20309334717731017,0.03922853612292272,1815.52697545827
Nigeria,Mortalidad_Alta,0.16,0.012911953084581339,0.24652751423149905,0.24188148087671021,0.04028495339679548,1599.53891556365
Nigeria,Mortalidad_Alta,0.14,0.0137218353612115,0.2223529411764706,0.29157141561118444,0.039294659518884674,1211.37703504386
Nigeria,Mortalidad_Alta,0.16,0.01283437723819452,0.262314990512334,0.2662844054643114,0.03882602329306525,962.48104194733
Nigeria,Mortalidad_Alta,0.1,0.013320288948107672,0.16907020872865275,0.5292673469010339,0.03167040260727077,763.388745367223
Nigeria,Mortalidad_Alta,0.12,0.012713360735391718,0.2092599620493359,0.4819714086813416,0.029707260089420276,712.164852077686
Nigeria,Mortalidad_Alta,0.16,0.012677288725917215,0.2872106261859582,0.23934251554789035,0.04801656730810264,566.428231812933
Nigeria,Mortalidad_Alta,0.19,0.012261782545881283,0.35007590132827326,0.1758743047755369,0.05706318971125798,547.318298903379
Nigeria,Mortalidad_Alta,0.5,0.011471775569200308,1.0,0.07975375589992435,0.0516068985848687,1271.61617353199
North Macedonia,Mortalidad_Media,0.387,0.06826266838633874,0.026436432637571162,0.029432324587382222,0.0032637602876849337,7606.2375253797
North Macedonia,Mortalidad_Media,0.419,0.06707713161718712,0.03498292220113852,0.026690106299192235,0.004871490600363694,7620.80296977508
North Macedonia,Mortalidad_Media,0.42200000000000004,0.06398901591068912,0.04163946869070209,0.031771047723043615,0.004755095371916138,6659.59651070776
North Macedonia,Mortalidad_Baja,0.44700000000000006,0.06932446470545058,0.05174003795066414,0.02846533169925867,0.006657238533369745,6718.85826635458
North Macedonia,Mortalidad_Baja,0.474,0.06313394681228178,0.06475901328273244,0.02795994673604032,0.007983955816539007,6713.98925398989
North Macedonia,Mortalidad_Baja,0.52,0.06630691455532862,0.08387096774193549,0.023689792949755435,0.011032270020149365,5955.2973863451
North Macedonia,Mortalidad_Baja,0.45,0.0649020452606441,0.08111954459203036,0.03189373482517235,0.010448765040322319,5598.48622617967
North Macedonia,Mortalidad_Baja,0.44,0.0639627096825008,0.08265654648956357,0.03458863636093482,0.010211572525357052,5262.68671928674
North Macedonia,Mortalidad_Baja,0.396,0.06474716228815719,0.07363946869070208,0.04021236687971821,0.009482748484951722,5925.38592218015
North Macedonia,Mortalidad_Baja,0.39,0.06645680728502008,0.06956356736242884,0.04022887318629223,0.009144470975591058,5626.26115664893
North Macedonia,Mortalidad_Media,0.41000000000000003,0.07145972553714335,0.07001897533206831,0.03474509982376163,0.009822600802287824,5049.8265386157
North Macedonia,Mortalidad_Media,0.38,0.07471941867298193,0.06417457305502847,0.03850214913163322,0.009334952049245546,5416.86672931659
North Macedonia,Mortalidad_Media,0.36,0.06801246706493692,0.06284629981024667,0.04398603406299105,0.008767555468210753,4833.36586759968
North Macedonia,Mortalidad_Media,0.33,0.06627628012754352,0.06074003795066414,0.04916801926459765,0.009117265933278166,4799.78722768888
North Macedonia,Mortalidad_Media,0.27,0.07105014054605407,0.052770398481973436,0.06631419850087221,0.008648543528310028,5026.4202989873
North Macedonia,Mortalidad_Media,0.27,0.0715001605794466,0.05584440227703985,0.05176259730886346,0.012899985938814694,4204.11328760452
North Macedonia,Mortalidad_Media,0.27,0.06853934228679186,0.05891840607210626,0.05209262450810729,0.013683546542217888,3440.4411057968
North Macedonia,Mortalidad_Media,0.23,0.06700361852135715,0.053244781783681215,0.06623266767394505,0.013335244038482253,3120.98401394233
North Macedonia,Mortalidad_Media,0.33,0.06276559490617932,0.07889943074003795,0.05478088829795404,0.011177342001792327,2818.5814561242
North Macedonia,Mortalidad_Media,0.33,0.06355365352605039,0.07952561669829222,0.05470873336198031,0.01131150650098743,2445.36286400013
North Macedonia,Mortalidad_Media,0.33,0.05760815327568153,0.07952561669829222,0.04821953419641769,0.01327814797387457,1989.13537265159
North Macedonia,Mortalidad_Media,0.29100000000000004,0.058313417391222665,0.07288804554079696,0.05239683202823623,0.014682473471021458,1823.02267682636
North Macedonia,Mortalidad_Media,0.2798,0.06064662710849572,0.0753920303605313,0.05645788168320558,0.015372025609704945,1861.89899780644
North Macedonia,Mortalidad_Media,0.3318,0.05761569250082813,0.13788273244781782,0.050036667388588724,0.0241012400858778,2355.24705371138
Norway,Mortalidad_Baja,0.96,0.21440767459851887,0.034611005692599624,0.0026638174095541573,0.012132741936821262,109269.520580298
Norway,Mortalidad_Baja,0.958,0.24568849535713339,0.03453889943074004,0.002611308975401626,0.012475977882563207,93072.8925119571
Norway,Mortalidad_Baja,0.956,0.23837783771654894,0.034466793168880454,0.003017847172267324,0.010379055363177214,68340.0181033702
Norway,Mortalidad_Baja,0.923,0.24190763592693085,0.035028462998102465,0.003021545794732634,0.011595743088279336,76430.5889473338
Norway,Mortalidad_Baja,0.9359999999999999,0.2566690935320601,0.03552182163187856,0.0030276186086799746,0.011359361620785565,82792.8427113304
Norway,Mortalidad_Baja,0.883,0.2628479822119831,0.03518595825426945,0.0033999699314154965,0.011229311606720797,76131.8384032764
Norway,Mortalidad_Baja,0.86,0.24869648728410032,0.03426944971537002,0.00370034093020643,0.01040682536820193,70867.3609970749
Norway,Mortalidad_Baja,0.86,0.228365123650906,0.03590132827324478,0.002695943948673941,0.01641021266528968,74809.9658049898
Norway,Mortalidad_Baja,0.881,0.255982611512688,0.038449715370018976,0.0024569286288476065,0.01877202869934792,97666.6951838749
Norway,Mortalidad_Baja,0.9,0.28018952823613186,0.04098671726755218,0.0021783705970679947,0.02212876441735685,103553.840134417
Norway,Mortalidad_Baja,0.86,0.26895298121921113,0.03916508538899431,0.0019599230302629663,0.026277882045779393,102175.919298374
Norway,Mortalidad_Baja,0.86,0.25488643647182435,0.04242884250474383,0.002373934499005072,0.02315427359072634,101221.813476644
Norway,Mortalidad_Baja,0.79,0.2991305383736616,0.04047438330170778,0.0030198984993819867,0.020208759039089787,88163.2085931423
Norway,Mortalidad_Baja,0.87,0.28730497583601666,0.04622390891840607,0.0022230086945288705,0.026774015687148132,80347.5700665184
Norway,Mortalidad_Baja,0.88,0.2971365863910652,0.04842504743833017,0.001924763254732869,0.032266118459268786,97503.5407803783
Norway,Mortalidad_Baja,0.89,0.27170232423834606,0.050664136622390894,0.002110124384472017,0.029883319125330196,85502.2677087731
Norway,Mortalidad_Baja,0.89,0.2928114484165284,0.05404174573055029,0.0024006694052022704,0.027811605607595474,74434.4996835671
Norway,Mortalidad_Baja,0.88,0.2928472262193505,0.05510436432637571,0.0024171961324741817,0.02892665256948926,67047.1704558264
Norway,Mortalidad_Baja,0.85,0.2887639619294661,0.054838709677419356,0.002458471732509027,0.030498070024352772,57768.6980958462
Norway,Mortalidad_Baja,0.86,0.27496439854485194,0.05874762808349147,0.0022860205185625724,0.03473855824264038,50250.3298214345
Norway,Mortalidad_Baja,0.91,0.25489262567842813,0.0638899430740038,0.002534077468686218,0.030030144504022284,43170.557174499
Norway,Mortalidad_Baja,0.89,0.2759031657493369,0.06417457305502847,0.0027157139874573488,0.0293592159025148,38601.897639231
Norway,Mortalidad_Baja,0.9,0.2699305325319969,0.0666034155597723,0.003101678750258018,0.02572137553386866,38178.2368777076
Norway,Mortalidad_Baja,0.778,0.2497541392194141,0.06790891840607209,0.005207827464484915,0.020283439648695653,34875.7043347536
Oman,Mortalidad_Baja,0.533,0.2718424601012066,0.08596774193548387,0.006188851989121357,0.05022894036570565,23223.5829405935
Oman,Mortalidad_Baja,0.66,0.2749114775259928,0.10770398481973435,0.005671026129200816,0.0444307033433448,19403.4600160211
Oman,Mortalidad_Baja,0.6459999999999999,0.2638994230514624,0.10541935483870966,0.005980540148931693,0.042941283193550506,16784.8630630058
Oman,Mortalidad_Baja,0.538,0.23642441549045237,0.08881593927893738,0.005801100146016125,0.05460751415165959,19180.1864152801
Oman,Mortalidad_Baja,0.515,0.25681360540432285,0.08599620493358635,0.005618743490314578,0.05987508745087765,19901.7615642016
Oman,Mortalidad_Baja,0.47600000000000003,0.26710277042337044,0.08038709677419355,0.006523440581123465,0.05624085691842701,17820.0661809335
Oman,Mortalidad_Baja,0.45,0.2574554595897795,0.07685009487666034,0.00690286384522529,0.056887955340380734,17110.1897460545
Oman,Mortalidad_Baja,0.47000000000000003,0.2792736738544001,0.08115749525616699,0.005758362949780287,0.06654824303436405,18808.3077921839
Oman,Mortalidad_Baja,0.48200000000000004,0.28153521346573707,0.08322960151802657,0.0036119746879129683,0.1052838603718258,23160.6502252547
Oman,Mortalidad_Baja,0.48,0.2941758640451605,0.08379506641366224,0.003723374207065831,0.10363635997959976,23458.0233840053
Oman,Mortalidad_Baja,0.53,0.310624509213619,0.09352941176470587,0.002997916585735843,0.11829173344892106,24642.2978768596
Oman,Mortalidad_Baja,0.55,0.3316269927058285,0.09810246679316888,0.003130439872393126,0.11011637842216435,25188.0074151885
Oman,Mortalidad_Baja,0.55,0.31219814272312374,0.099146110056926,0.0035482866470485683,0.09782469486183465,23570.1798147325
Oman,Mortalidad_Baja,0.47000000000000003,0.2739269320484944,0.08561669829222011,0.004288857984988163,0.0956342158238093,20655.9180249218
Oman,Mortalidad_Baja,0.54,0.274651592785987,0.10041745730550286,0.0028219009792661395,0.13030039196136506,26576.779241509
Oman,Mortalidad_Baja,0.63,0.31929044239997945,0.11834914611005694,0.0029808036998963095,0.1062158457454652,18792.653772482
Oman,Mortalidad_Baja,0.61,0.28444022154143134,0.11690702087286528,0.0031429253985643655,0.10613926137057296,16930.8565071853
Oman,Mortalidad_Media,0.63,0.18657887609574741,0.12432637571157495,0.0035145393382123107,0.09427511233051407,14434.8577924647
Oman,Mortalidad_Media,0.7000000000000001,0.16933464703362114,0.14345351043643265,0.0037772984436716156,0.08155114358487438,11800.8507411171
Oman,Mortalidad_Media,0.7000000000000001,0.16500643456359546,0.14876660341555978,0.004312844353901658,0.07376699075589198,10463.5425832141
Oman,Mortalidad_Media,0.7000000000000001,0.16056006445807658,0.15673624288425048,0.0045289853200964035,0.0740206144870447,9869.13050219438
Oman,Mortalidad_Media,0.7000000000000001,0.15288119325766464,0.16603415559772297,0.00457083771888769,0.07785755744819714,9611.96360191054
Oman,Mortalidad_Media,0.7000000000000001,0.15205945135717455,0.17666034155597723,0.004392643051353903,0.08655485899270264,9753.84755185404
Oman,Mortalidad_Media,0.7000000000000001,0.1330845196498217,0.25901328273244784,0.005446341551738857,0.10295445216552752,7414.30279204109
Pakistan,Mortalidad_Media,0.27399999999999997,0.021394171364950938,0.26932068311195445,0.12749349245232597,0.02750248090563698,1538.3228133171
Pakistan,Mortalidad_Alta,0.312,0.021129920770670878,0.31614421252371916,0.11364863347805182,0.027983649838466844,1455.31922370186
Pakistan,Mortalidad_Alta,0.297,0.020629674828943022,0.3105256166982922,0.11512985663547282,0.03017372583501337,1278.39735206896
Pakistan,Mortalidad_Alta,0.306,0.019574596546382682,0.32980645161290323,0.10572927206855176,0.03316958010733106,1390.41690981745
Pakistan,Mortalidad_Alta,0.273,0.020595502376311893,0.30304554079696394,0.12408831126707763,0.03257244898397907,1569.33814626355
Pakistan,Mortalidad_Alta,0.305,0.020711680752415747,0.34898481973434536,0.11266958305431489,0.033151035393676524,1519.23459514248
Pakistan,Mortalidad_Alta,0.29,0.020285378018404254,0.34227703984819735,0.12046727551419628,0.03368475455952422,1424.69161195897
Pakistan,Mortalidad_Alta,0.28,0.019834368367561535,0.34056925996204923,0.12999168013859796,0.03328336200398783,1380.47020838317
Pakistan,Mortalidad_Alta,0.227,0.019662891548312925,0.28428842504743834,0.16192671580303664,0.03399917450172203,1266.61340849959
Pakistan,Mortalidad_Alta,0.25,0.01911197004737159,0.3221062618595826,0.14837417720967525,0.03472520428733216,1225.4340119198
Pakistan,Mortalidad_Alta,0.23,0.01901751915402715,0.30462998102466793,0.15908988970965773,0.03632653368037852,1204.36475491585
Pakistan,Mortalidad_Alta,0.24,0.01917042557362696,0.3260721062618596,0.1552869093297019,0.03660875453494512,1131.73513834324
Pakistan,Mortalidad_Alta,0.25,0.019471309335002247,0.34724857685009486,0.14199810647954125,0.039534264343623574,987.304571124485
Pakistan,Mortalidad_Alta,0.24,0.019654268203148948,0.3406451612903225,0.14203503955203528,0.042282582876638275,963.788066395225
Pakistan,Mortalidad_Alta,0.22,0.019865918601863656,0.3185199240986717,0.14473771392952872,0.046476676523212274,1067.04324565284
Pakistan,Mortalidad_Alta,0.21,0.020765017778915908,0.3096204933586338,0.14854980268225104,0.04844115094581025,998.090114197524
Pakistan,Mortalidad_Alta,0.21,0.020147723429407755,0.31480075901328275,0.15212903329811703,0.04806910560684877,900.873564984808
Pakistan,Mortalidad_Alta,0.25,0.01978371124875213,0.38140417457305503,0.13502424772375557,0.0461777465622923,827.619861189926
Pakistan,Mortalidad_Alta,0.26,0.01958020673244376,0.40356736242884256,0.13240289512585224,0.046061468214676514,771.902247348954
Pakistan,Mortalidad_Alta,0.23,0.01870573419677752,0.3639848197343454,0.15069356888910945,0.04668610770839056,672.44178669894
Pakistan,Mortalidad_Alta,0.22,0.018311192315557535,0.3548387096774194,0.1614597529549465,0.04640930424923669,599.937345723927
Pakistan,Mortalidad_Alta,0.22,0.018481046972374692,0.36318785578747625,0.17171754020478683,0.04453953205662729,609.939506905073
Pakistan,Mortalidad_Alta,0.27,0.018647574652947398,0.45648956356736237,0.14711629747946406,0.04329696788244777,642.338346499898
Pakistan,Mortalidad_Alta,0.1,0.018004439480015566,0.19297912713472484,0.366465065308101,0.054349641451916425,450.550279346206
Panama,Mortalidad_Baja,0.38,0.048866915412406245,0.08003795066413662,0.01075277957344583,0.05313214227978157,17332.4360742988
Panama,Mortalidad_Baja,0.394,0.047503354637246566,0.0867248576850095,0.011130662306318987,0.05164753625574846,15509.8069109784
Panama,Mortalidad_Baja,0.37200000000000005,0.04299002247059175,0.08611764705882352,0.012887935832820864,0.04956160408819201,13290.5608347594
Panama,Mortalidad_Baja,0.341,0.053514121652385456,0.0821764705882353,0.011264767882806875,0.06538119783606855,16477.9066285687
Panama,Mortalidad_Baja,0.38799999999999996,0.04718185063569941,0.09644781783681214,0.009864335336952136,0.06780218688474235,16151.3273478476
Panama,Mortalidad_Baja,0.409,0.047625560803295545,0.10399620493358633,0.009841549744984572,0.06585583910462867,15694.6297454295
Panama,Mortalidad_Baja,0.37,0.04808105940967297,0.09478178368121443,0.011758155059774482,0.06116184961332598,14832.3611608191
Panama,Mortalidad_Baja,0.35000000000000003,0.04711630753320774,0.09032258064516129,0.013185855762362341,0.05791695145540638,14082.6548502728
Panama,Mortalidad_Baja,0.34,0.047582033196400676,0.08838709677419355,0.01374422517319517,0.0576018474186349,13213.1989637473
Panama,Mortalidad_Baja,0.33,0.04606554180626972,0.08703984819734345,0.014479678839500403,0.05712976329323327,12273.3225037637
Panama,Mortalidad_Baja,0.36,0.048402829934827904,0.09631878557874764,0.013598247237617158,0.056533235916037906,11064.8063606203
Panama,Mortalidad_Baja,0.34,0.04770355988318465,0.09225806451612906,0.015090481209676232,0.054597836672445284,9662.29592216607
Panama,Mortalidad_Baja,0.34,0.043558034887355504,0.09483870967741935,0.016732321116738905,0.05037713158713622,8331.46421351868
Panama,Mortalidad_Baja,0.32,0.03999487716570231,0.0916888045540797,0.01849712506203763,0.04969435260979841,7796.92617035048
Panama,Mortalidad_Baja,0.31,0.03698506262676063,0.09176470588235294,0.022430849446168712,0.043303838758639565,7347.59050324397
Panama,Mortalidad_Baja,0.35000000000000003,0.039369350767037015,0.10692599620493358,0.021246064469241405,0.041676239300280006,6317.81730274124
Panama,Mortalidad_Baja,0.37,0.0401359246667094,0.11654648956356738,0.022377585400907875,0.038348113152278554,5528.76705469354
Panama,Mortalidad_Media,0.34,0.038468458824008386,0.11096774193548387,0.026338152198612727,0.03659931703382741,5017.7410922824
Panama,Mortalidad_Media,0.3,0.03463302298398504,0.10132827324478179,0.032371635887487114,0.03477450322534336,4644.56582353041
Panama,Mortalidad_Media,0.37,0.03548813624432314,0.12918406072106262,0.02841358672465251,0.033057085257002315,4264.66428846636
Panama,Mortalidad_Media,0.5,0.03625125246223457,0.18026565464895636,0.020699424241507534,0.03483515481099738,4090.58617397129
Panama,Mortalidad_Media,0.5,0.04071797133976687,0.1869070208728653,0.02095107727721235,0.035765250403297776,3991.7767076924
Panama,Mortalidad_Media,0.5,0.03625400237602479,0.19259962049335863,0.019752276028126032,0.03939840118694124,3975.09308659503
Panama,Mortalidad_Media,0.5,0.03334285852837068,0.20872865275142316,0.02029613460379656,0.04173427446028516,3513.89737854631
Papua New Guinea,Mortalidad_Alta,0.262,0.03613157161397073,0.1640607210626186,0.10097572778420648,0.02261102618338515,3102.28968594061
Papua New Guinea,Mortalidad_Alta,0.327,0.06691516850090098,0.2115882352941177,0.09087654478381672,0.02053640350070801,2607.57861874444
Papua New Guinea,Mortalidad_Alta,0.297,0.024431544799534785,0.19781214421252372,0.09880501676375429,0.021546151365172527,2429.61134585269
Papua New Guinea,Mortalidad_Alta,0.37200000000000005,0.04018812696842637,0.2548235294117647,0.07140270589914843,0.02493198584161792,2575.77274140393
Papua New Guinea,Mortalidad_Alta,0.331,0.03555757309894699,0.2330189753320683,0.08023481136879615,0.025718555287149975,2566.36833735041
Papua New Guinea,Mortalidad_Alta,0.327,0.034835001964954794,0.23702846299810248,0.0844495208293521,0.02543497469099137,2477.76530986323
Papua New Guinea,Mortalidad_Alta,0.25,0.026406699683410795,0.1864326375711575,0.11181663962238317,0.02590377613216802,2316.39479758492
Papua New Guinea,Mortalidad_Alta,0.25,0.034835001964954794,0.19165085388994307,0.10925434212141215,0.02742536808308102,2484.5963398603
Papua New Guinea,Mortalidad_Alta,0.20199999999999999,0.056987341696864334,0.15907020872865274,0.13703611366941412,0.027842719464875727,2723.17529825196
Papua New Guinea,Mortalidad_Alta,0.22,0.037110214269462094,0.17783681214421254,0.13697612581315316,0.02606534557160961,2560.77458976327
Papua New Guinea,Mortalidad_Alta,0.21,0.044403668306349134,0.17413662239089184,0.1436025959317156,0.026801884418684696,2635.0873631547
Papua New Guinea,Mortalidad_Alta,0.21,0.02438411983035842,0.1785199240986717,0.14304946751387776,0.02767898323882457,2288.37591141234
Papua New Guinea,Mortalidad_Alta,0.2,0.02110237329015984,0.17419354838709677,0.1533990664149153,0.027778120964665025,1866.86889851208
Papua New Guinea,Mortalidad_Alta,0.2,0.019362157842007316,0.17874762808349146,0.16931977803475678,0.02559187923591601,1568.83193368607
Papua New Guinea,Mortalidad_Alta,0.2922,0.032229977070222834,0.2672493358633776,0.10802926469952837,0.028419094148185005,1624.79319935188
Papua New Guinea,Mortalidad_Alta,0.258,0.01889058902415013,0.24135483870967742,0.11891524045522266,0.030080011955283953,1370.753415829
Papua New Guinea,Mortalidad_Alta,0.256,0.048928036750503556,0.24482732447817837,0.12470100409208487,0.029495701832939467,1238.18282926706
Papua New Guinea,Mortalidad_Alta,0.31880000000000003,0.017057733048437308,0.3109358633776091,0.143020552368198,0.020117017581586894,744.486489977433
Papua New Guinea,Mortalidad_Alta,0.23760000000000003,0.015374134848250516,0.23624743833017076,0.23685834833240116,0.016040745661896002,620.596147680561
Papua New Guinea,Mortalidad_Alta,0.2962,0.013632296083866933,0.30013434535104366,0.20257001632238483,0.015186552631876281,577.467922387259
Papua New Guinea,Mortalidad_Alta,0.2942,0.013810828539013728,0.30313206831119544,0.2020434963523574,0.015675290872507217,506.331789534482
Papua New Guinea,Mortalidad_Alta,0.5,0.017012090891978155,0.523719165085389,0.10768164344020134,0.017996526086743563,537.847459634131
Papua New Guinea,Mortalidad_Alta,0.5,0.028017412673652452,0.5313092979127134,0.10628947313881013,0.01858821210424257,635.957919047725
Papua New Guinea,Mortalidad_Alta,0.31079999999999997,0.016298970367168365,0.35503149905123343,0.17022002513910583,0.020336894568275626,998.229967376131
Paraguay,Mortalidad_Media,0.295,0.048044825380876954,0.08732447817836812,0.05779828110428001,0.015704825656115584,6205.6259537937
Paraguay,Mortalidad_Media,0.322,0.050322598326350394,0.09898292220113851,0.05480519719937841,0.015768379540366608,5976.9317978996
Paraguay,Mortalidad_Media,0.29600000000000004,0.04858110241580432,0.09379886148007589,0.05670710817205425,0.017366518869349555,5365.47220721191
Paraguay,Mortalidad_Media,0.255,0.05085613865039184,0.08322580645161291,0.059317611798031064,0.02032055891067252,5821.18199548637
Paraguay,Mortalidad_Media,0.28300000000000003,0.052012692989712374,0.09504933586337762,0.05501186425586684,0.020316526499792997,6258.44991640954
Paraguay,Mortalidad_Media,0.326,0.051356280312329854,0.11320303605313094,0.04888175491965625,0.020554627433355534,6152.26711537703
Paraguay,Mortalidad_Media,0.24,0.04932668634729955,0.08607210626185959,0.06973356020306748,0.02015816403276569,5775.1596339946
Paraguay,Mortalidad_Media,0.24,0.042485466824939,0.0888045540796964,0.06154474097270579,0.02412352700372714,5879.33792308671
Paraguay,Mortalidad_Media,0.20500000000000002,0.039453628845204584,0.07857685009487667,0.08983902801489721,0.019483299157818462,6652.25478942291
Paraguay,Mortalidad_Media,0.22,0.03829342781331432,0.08683111954459204,0.09149398307054202,0.01816494709385571,6435.68342733182
Paraguay,Mortalidad_Media,0.22,0.03847263167272535,0.08933586337760911,0.07141974177581666,0.024992069804129505,5642.1699167298
Paraguay,Mortalidad_Media,0.21,0.038827760110322566,0.08766603415559772,0.10279023440900664,0.017870574548583377,5805.40154543044
Paraguay,Mortalidad_Media,0.24,0.03880155718609376,0.10337760910815938,0.08484503078846997,0.019856504069354453,4750.96273669322
Paraguay,Mortalidad_Media,0.24,0.03685374096408219,0.10611005692599622,0.06485338893836996,0.027796162734349705,3941.84815479271
Paraguay,Mortalidad_Media,0.26,0.03644986477753806,0.11791271347248576,0.08074465912385881,0.02034810543272928,4384.9546943793
Paraguay,Mortalidad_Media,0.21,0.034299707435624285,0.09802656546489565,0.09469521477413853,0.0223966461063163,3211.93621659546
Paraguay,Mortalidad_Media,0.19,0.033990119531936286,0.090853889943074,0.09711883823033701,0.025068439825697033,2439.43124694576
Paraguay,Mortalidad_Media,0.16,0.03332129342282662,0.07833017077798862,0.1243287173688658,0.02364130111719091,1970.87169852378
Paraguay,Mortalidad_Media,0.17,0.03412950739873038,0.08516129032258064,0.12823821988600284,0.021855064131513596,1786.21533938543
Paraguay,Mortalidad_Media,0.2,0.03422567347159426,0.10246679316888045,0.10177072404155382,0.024255097395327215,1443.99885236205
Paraguay,Mortalidad_Media,0.2,0.03390204165327071,0.10474383301707779,0.08612992949873233,0.02998294201258652,1367.76506935997
Paraguay,Mortalidad_Media,0.2,0.034657628755012604,0.10664136622390892,0.08897499981083214,0.02950232616795497,1637.68615122932
Paraguay,Mortalidad_Media,0.15,0.03466653193027456,0.0816888045540797,0.1341058319185147,0.026337142804725405,1736.11729210765
Paraguay,Mortalidad_Media,0.1,0.039293976141126626,0.06091081593927894,0.2885764234314564,0.019806219326941737,1978.71514099575
Peru,Mortalidad_Baja,0.397,0.037914791230052015,0.10395825426944971,0.02827427843299513,0.02223791835601825,7350.63034300417
Peru,Mortalidad_Media,0.363,0.03552145441996924,0.09643263757115748,0.030700584285050885,0.022795400933766825,6826.20255614477
Peru,Mortalidad_Media,0.335,0.030487598145908575,0.08962998102466793,0.036037080943074645,0.02096114399236355,6133.32552410183
Peru,Mortalidad_Baja,0.318,0.03660300482027749,0.08568500948766604,0.03371835811072066,0.024209696394990165,7037.00803692604
Peru,Mortalidad_Baja,0.36600000000000005,0.03592778816778253,0.09931309297912713,0.029436546819223322,0.024271421391585685,6978.49121548627
Peru,Mortalidad_Baja,0.38799999999999996,0.03491387943492702,0.10601897533206832,0.02733967872777965,0.0248987045672621,6736.16693725487
Peru,Mortalidad_Baja,0.38,0.035007253544687686,0.10455407969639469,0.028554586587227083,0.024458744311700403,6217.03599995447
Peru,Mortalidad_Baja,0.38,0.03403065269761631,0.10599620493358634,0.029010014295728866,0.024399824251313,6231.71150338894
Peru,Mortalidad_Baja,0.34,0.033363504774167614,0.0967741935483871,0.031312087368117573,0.02596801678786121,6667.13410360861
Peru,Mortalidad_Media,0.34,0.03194424491257096,0.09870967741935485,0.030686525310434233,0.02716204022990124,6746.80025696601
Peru,Mortalidad_Media,0.35000000000000003,0.03351850632396647,0.10426944971537001,0.0300642387304723,0.027693890668908646,6519.37852981527
Peru,Mortalidad_Media,0.37,0.031480438376865476,0.1137381404174573,0.030024390623556736,0.026992360093495878,5861.35793645245
Peru,Mortalidad_Media,0.36,0.02755406971044138,0.11476280834914612,0.029675748110867164,0.029366402123181257,5072.11494019615
Peru,Mortalidad_Media,0.35000000000000003,0.02661118641205808,0.11622390891840607,0.03309815082511908,0.028080606606368658,4181.18755462253
Peru,Mortalidad_Media,0.33,0.02653998491321161,0.11459203036053131,0.03395212840758882,0.03062871234612516,4197.58444634142
Peru,Mortalidad_Media,0.35000000000000003,0.024222097914515028,0.12817836812144212,0.029977398102008564,0.034911629629729615,3581.0893081917
Peru,Mortalidad_Media,0.35000000000000003,0.022903365137957873,0.13481973434535105,0.02951997242730306,0.03751443519370298,3129.55996496982
Peru,Mortalidad_Media,0.37,0.02391907699328973,0.15024667931688804,0.02898477833794827,0.03815187240216144,2706.66947297608
Peru,Mortalidad_Media,0.4,0.022748444406164695,0.17229601518026566,0.027124504236945957,0.04016174464790891,2397.25147277714
Peru,Mortalidad_Media,0.41000000000000003,0.021109097157690583,0.18749525616698293,0.027907296531114734,0.04045409017292696,2129.44114197634
Peru,Mortalidad_Media,0.44,0.021735825223080676,0.2154079696394687,0.026754992193577444,0.04222670791070255,2007.37019626753
Peru,Mortalidad_Media,0.46,0.02196847984082023,0.24178368121442126,0.02684909135177341,0.04329044366992433,1929.57273038846
Peru,Mortalidad_Media,0.45,0.02303167096427951,0.25531309297912713,0.02805680543458338,0.04589556886464319,1945.41338451698
Peru,Mortalidad_Media,0.1,0.02046009092928537,0.08462998102466793,0.1257681074039312,0.07036751049722563,2189.53431515311
Poland,Mortalidad_Baja,0.606,0.1296523219547009,0.042546489563567366,0.00724497029213988,0.01420510139675261,18891.213529396
Poland,Mortalidad_Baja,0.65,0.13508803254264648,0.04686907020872865,0.0054052402212956055,0.01916667628864214,18635.5088812509
Poland,Mortalidad_Baja,0.6459999999999999,0.12539781587345908,0.04658064516129032,0.006220831861612073,0.016341759723754883,16150.9291009726
Poland,Mortalidad_Baja,0.498,0.12768591609173355,0.035908918406072105,0.00744705130999026,0.01798390201144774,15874.5220531254
Poland,Mortalidad_Baja,0.509,0.13253343485476968,0.03766793168880455,0.007425496818419287,0.018133986358316496,15658.210586693
Poland,Mortalidad_Baja,0.555,0.12644929294626492,0.04212523719165085,0.008416207558969876,0.014487853115306688,13913.3415190124
Poland,Mortalidad_Baja,0.61,0.12090555614220701,0.0474573055028463,0.006729940338910947,0.01744545880203882,12464.0121044827
Poland,Mortalidad_Baja,0.6,0.1155129954302477,0.047817836812144215,0.006476609326600346,0.01915090738611787,12637.5220324406
Poland,Mortalidad_Baja,0.5479999999999999,0.11435387857991898,0.0447134724857685,0.00848324530166265,0.015913329040283263,14262.2841914116
Poland,Mortalidad_Baja,0.55,0.11868780079517405,0.04696394686907021,0.009178743525241598,0.015215760674376853,13621.9023794031
Poland,Mortalidad_Baja,0.53,0.1185257795570944,0.047267552182163185,0.008813931418844777,0.01759935485468623,13087.420943321
Poland,Mortalidad_Baja,0.5,0.1226700601868813,0.04648956356736243,0.009925390234820402,0.017209648551637247,13867.6669408192
Poland,Mortalidad_Baja,0.46,0.12216318616840591,0.044516129032258066,0.009916838204953234,0.019923304694701112,12567.7317676382
Poland,Mortalidad_Baja,0.42,0.11386541044674546,0.04303605313092979,0.009784157905621989,0.02399680082593208,11556.3026866026
Poland,Mortalidad_Baja,0.37,0.11852087383561867,0.04001897533206831,0.011176913463350695,0.025331462168791265,14048.5604672654
Poland,Mortalidad_Baja,0.34,0.11694455564573071,0.03870967741935484,0.014238507096912677,0.02244522006293465,11272.5293683383
Poland,Mortalidad_Media,0.35000000000000003,0.11736882484668522,0.041840607210626185,0.012275251508293882,0.02716044847358503,9068.85528307627
Poland,Mortalidad_Media,0.36,0.1115919449052393,0.0444022770398482,0.012897758652900831,0.025779663894062988,8043.92332253757
Poland,Mortalidad_Media,0.4,0.1101763927642634,0.050853889943074,0.01303954655275965,0.02338346918734719,6711.72715262967
Poland,Mortalidad_Media,0.41000000000000003,0.10978800538332263,0.05445920303605313,0.010272202376224117,0.03122616261766776,5720.81366178104
Poland,Mortalidad_Media,0.41000000000000003,0.10687277016047864,0.05679316888045541,0.01072119207568124,0.031197974803889153,5223.45178967082
Poland,Mortalidad_Media,0.42,0.10805842324867367,0.060569259962049336,0.01238644538332662,0.02704671496317802,5015.23790036613
Poland,Mortalidad_Media,0.46,0.10729887727714381,0.07070208728652752,0.010852049537653239,0.03040640818836296,4520.64100449111
Poland,Mortalidad_Media,0.5,0.11919951529131435,0.11859582542694497,0.017949027606969304,0.02563288211618534,3700.95956775144
Portugal,Mortalidad_Baja,0.6779999999999999,0.0899779176464433,0.03344971537001898,0.004397194639095773,0.014815146464599091,24620.519556875
Portugal,Mortalidad_Baja,0.682,0.08962733776777117,0.03494117647058823,0.004960111683874291,0.013278955973563463,24711.4510062111
Portugal,Mortalidad_Baja,0.6890000000000001,0.09038430527562236,0.035299810246679324,0.004861691272253648,0.013442755882282937,22299.4044062173
Portugal,Mortalidad_Baja,0.595,0.09771129853909806,0.03161290322580645,0.005259036234982592,0.01528703255709843,23343.3628970034
Portugal,Mortalidad_Baja,0.568,0.09890817000109216,0.031256166982922204,0.005283852249938291,0.016771404559369752,23541.1401075289
Portugal,Mortalidad_Baja,0.59,0.10211460989736901,0.03246679316888045,0.005207485835252868,0.016306297313845385,21442.3842768879
Portugal,Mortalidad_Baja,0.63,0.09752155287994192,0.034667931688804554,0.00477424445552296,0.01672771787690416,19980.2808866516
Portugal,Mortalidad_Baja,0.62,0.09798518153219973,0.03411764705882352,0.004985135285509084,0.016189772881937278,19215.7813014347
Portugal,Mortalidad_Baja,0.611,0.09400908890997875,0.0336223908918406,0.0050615839790776,0.016178151143371167,22120.6850127107
Portugal,Mortalidad_Baja,0.61,0.0949454624347986,0.03356736242884251,0.005237363572005706,0.01555520641770826,21676.4859642714
Portugal,Mortalidad_Baja,0.6,0.0941835188168104,0.03415559772296015,0.005006928861536331,0.017443346189548622,20593.4274224109
Portugal,Mortalidad_Baja,0.58,0.0999781941057308,0.03301707779886148,0.004959433659493633,0.01836423048515452,23246.5425416481
Portugal,Mortalidad_Baja,0.61,0.10269755657894658,0.034724857685009484,0.004976921507455963,0.01722628703982815,22551.935098809
Portugal,Mortalidad_Baja,0.65,0.10648218175109185,0.03823529411764706,0.004695388580816846,0.017798800556208187,23151.2154130712
Portugal,Mortalidad_Baja,0.66,0.10802823879810684,0.04007590132827324,0.004655410003782764,0.01833366696048849,24949.0413566739
Portugal,Mortalidad_Baja,0.65,0.11104563692071055,0.040702087286527515,0.004809798271080729,0.018625843638231502,22811.0564844365
Portugal,Mortalidad_Baja,0.63,0.11048655671811752,0.04064516129032258,0.005595745955920747,0.016733602867800443,19839.4540499032
Portugal,Mortalidad_Baja,0.66,0.1164581911498526,0.046337760910815935,0.005460769790268453,0.018024818577182175,18780.12751241
Portugal,Mortalidad_Baja,0.63,0.11385761632059141,0.04662239089184061,0.006462508784444579,0.016597626933983697,18064.1580932987
Portugal,Mortalidad_Baja,0.63,0.11096909682156869,0.051404174573055024,0.006584300388178875,0.01823278013669297,15797.7821340276
Portugal,Mortalidad_Baja,0.64,0.11453055301736721,0.05707779886148008,0.006656732429523821,0.019616123974208463,12936.6928204482
Portugal,Mortalidad_Baja,0.67,0.11052634701964338,0.06483870967741935,0.006914132738689778,0.019568725320012824,11734.7649743954
Portugal,Mortalidad_Baja,0.65,0.1104737922857834,0.06783681214421253,0.0074855328478708955,0.020180748902712015,11526.3720667968
Portugal,Mortalidad_Baja,0.7000000000000001,0.09301400732525011,0.09962049335863378,0.010729858689909338,0.01744194364971415,11781.3618502221
Qatar,Mortalidad_Baja,0.6,0.7738134159326816,0.056925996204933584,0.000669033539000344,0.2554565406648954,88701.463352273
Qatar,Mortalidad_Baja,0.54,0.7931698241413017,0.05225806451612903,0.0008641368097745407,0.22374602001103958,71751.8831257169
Qatar,Mortalidad_Baja,0.6459999999999999,0.6896090935143424,0.06374193548387097,0.0008204613635482732,0.20051315783486104,51683.5054376677
Qatar,Mortalidad_Baja,0.774,0.7309817141447978,0.07930929791271346,0.0005255960655964807,0.27245372124417555,66841.3013484919
Qatar,Mortalidad_Baja,0.716,0.7485721339182225,0.07608349146110055,0.00047694388531473154,0.3373661911415388,71039.8490579352
Qatar,Mortalidad_Baja,0.59,0.7754179194998877,0.06605313092979127,0.0005694752911828248,0.36149309256984363,63279.8556949332
Qatar,Mortalidad_Baja,0.6900000000000001,0.7039774677363722,0.0811764705882353,0.00041694424754447384,0.44439945394326125,61253.6375482797
Qatar,Mortalidad_Baja,0.68,0.761937136855269,0.08258064516129034,0.00037118105743435203,0.5234536008856038,68985.2946961507
Qatar,Mortalidad_Baja,0.7240000000000001,0.8262959079222696,0.09204554079696395,0.0002532112555469974,0.7559346388713079,95840.6310094498
Qatar,Mortalidad_Baja,0.72,0.9575207227186501,0.09426944971537002,0.00020866681876180674,0.9507831534131567,103697.008372373
Qatar,Mortalidad_Baja,0.77,0.9952937936298635,0.1037381404174573,0.00019140562963641415,0.9974739424997765,108470.378825036
Qatar,Mortalidad_Baja,0.7000000000000001,0.7640566356562413,0.09696394686907021,0.00021593203748572674,1.0,103261.506539346
Qatar,Mortalidad_Baja,0.65,0.7782806143587379,0.09250474383301707,0.00028381519595952273,0.8412690591027683,77387.3267885308
Qatar,Mortalidad_Baja,0.6,0.6986131211671643,0.08766603415559772,0.0003215815998440423,0.825731758913323,60785.7351551657
Qatar,Mortalidad_Baja,0.6,0.7396132845352713,0.08994307400379506,0.0003250449289028551,0.8382023766890623,80781.4039187792
Qatar,Mortalidad_Baja,0.59,0.8499087401787945,0.0906831119544592,0.0002915573157365058,0.9749100393796901,65954.3419525051
Qatar,Mortalidad_Baja,0.52,0.934232931673106,0.0828842504743833,0.0003665894373125043,0.9121170205630575,62582.4453138755
Qatar,Mortalidad_Baja,0.56,0.9369165545960506,0.09244781783681214,0.00037232111179147994,0.8635351134294414,53949.6764091147
Qatar,Mortalidad_Baja,0.7000000000000001,0.9999999999999998,0.11954459203036052,0.000406354423320857,0.6539976453949945,41035.5008380177
Qatar,Mortalidad_Baja,0.7000000000000001,0.880566160863833,0.12352941176470589,0.0005244638731882579,0.5229493658307781,31602.470865136
Qatar,Mortalidad_Baja,0.7000000000000001,0.8906533892987523,0.12751423149905122,0.0005739853826023217,0.4930574119594517,27226.6593510117
Qatar,Mortalidad_Baja,0.7000000000000001,0.8261738344875416,0.13282732447817835,0.0008402938085685629,0.34987683164589223,25870.7991864314
Qatar,Mortalidad_Baja,0.9,0.785650283238584,0.1776091081593928,0.0006481025280324488,0.3670980090590777,27535.182940934
Qatar,Mortalidad_Media,0.5818,0.7352986775013162,0.14131005692599619,0.005475905811970965,0.08016288441557166,15822.5090711554
Romania,Mortalidad_Media,0.454,0.07639122496198726,0.04651992409867173,0.013140470098166082,0.015501942484542909,15557.8826247584
Romania,Mortalidad_Media,0.546,0.08248128454837703,0.054910815939278934,0.013198038973276966,0.011977011310460105,14986.7854904274
Romania,Mortalidad_Media,0.551,0.07703408067703077,0.05645920303605313,0.011542409204778325,0.01433673626762143,13082.3006559554
Romania,Mortalidad_Baja,0.39799999999999996,0.07868713263573739,0.04229222011385199,0.016901199511377325,0.013992545582871998,12992.0326104674
Romania,Mortalidad_Baja,0.4,0.07923752445830912,0.04554079696394687,0.01758264733061296,0.014420654744978006,12502.2624061935
Romania,Mortalidad_Baja,0.459,0.07813560705886706,0.056612903225806456,0.01513101017182599,0.01614061719142878,10727.9822007426
Romania,Mortalidad_Baja,0.43,0.07401683360369364,0.05793168880455408,0.015617799497106346,0.018661030129075162,9404.54005870715
Romania,Mortalidad_Media,0.43,0.073741558776498,0.06282732447817838,0.016104486977470054,0.019797238843151106,8977.01748158196
Romania,Mortalidad_Media,0.37700000000000006,0.07284656037036102,0.05937571157495256,0.020536626531197946,0.018968494920612623,10031.7710755404
Romania,Mortalidad_Media,0.36,0.07334717951605006,0.06079696394686908,0.023946293838808665,0.018145237603916224,9497.67411615237
Romania,Mortalidad_Media,0.37,0.0801405758938208,0.06669829222011385,0.019201768378961,0.024476144496738707,8929.95366231474
Romania,Mortalidad_Media,0.38,0.08177078713818271,0.07210626185958255,0.024502424275777684,0.019009541805546377,9560.6755277458
Romania,Mortalidad_Media,0.38,0.07958934808176205,0.07571157495256167,0.021317000628972453,0.023625878457595208,8399.5374234284
Romania,Mortalidad_Media,0.37,0.0788056836110916,0.07793168880455408,0.0258634657738623,0.02079466265786259,8548.4543409242
Romania,Mortalidad_Media,0.31,0.08888939697107712,0.06999999999999999,0.031807003761924545,0.02176976648949606,10435.1561230787
Romania,Mortalidad_Media,0.3,0.08774726459716937,0.07343453510436433,0.02869265784475128,0.027830959399464287,8360.33775916596
Romania,Mortalidad_Media,0.29,0.08687638244364725,0.0781404174573055,0.04219533002781003,0.0208052861698745,5757.53127301178
Romania,Mortalidad_Media,0.28,0.08346395865993939,0.08235294117647059,0.047419958939032454,0.020949291265830835,4618.00350802913
Romania,Mortalidad_Media,0.26,0.0832766043304691,0.08140417457305503,0.07645918149878515,0.013940596838056834,3494.99056448955
Romania,Mortalidad_Media,0.28,0.08501338835311598,0.08979127134724857,0.06657702817093468,0.015531289423325349,2679.40626016154
Romania,Mortalidad_Media,0.29,0.08101096299038874,0.0935483870967742,0.06119546572369487,0.016598028696660223,2119.85509684554
Romania,Mortalidad_Media,0.33,0.0768988358378315,0.10895635673624288,0.062346123517214046,0.014267023219249353,1825.19299373184
Romania,Mortalidad_Media,0.3,0.07451394040350214,0.1030360531309298,0.056607780054594714,0.018839315368457087,1659.92904910528
Romania,Mortalidad_Media,0.1,0.09489275667254751,0.04212523719165085,0.284180485245581,0.01292657190028544,1650.04922365201
Rwanda,Mortalidad_Media,0.547,0.01685856536780894,0.3196888045540797,0.07118617210259495,0.013129959681773532,975.469323979541
Rwanda,Mortalidad_Alta,0.5910000000000001,0.016511293690731305,0.3487685009487666,0.06372531906258666,0.013852679163754099,829.544845639777
Rwanda,Mortalidad_Media,0.5760000000000001,0.01616898771258323,0.34428842504743834,0.07240724538999792,0.012388166176915164,778.701498787411
Rwanda,Mortalidad_Alta,0.679,0.01613587650011086,0.409719165085389,0.054291013882538104,0.014618544492532104,810.051412137354
Rwanda,Mortalidad_Alta,0.612,0.016056022915451502,0.3739354838709678,0.06294996978839872,0.01406123572409153,771.773511057901
Rwanda,Mortalidad_Alta,0.459,0.015891715573102747,0.28393548387096773,0.08980563176544165,0.013127447255611989,758.300966737624
Rwanda,Mortalidad_Alta,0.49,0.01568682257812252,0.3077609108159393,0.08031553097852441,0.01417046304587913,729.519134044611
Rwanda,Mortalidad_Alta,0.53,0.015799418515998472,0.3389184060721062,0.07079496016355545,0.015356364926646477,733.998630392314
Rwanda,Mortalidad_Alta,0.469,0.015891746864436285,0.3079203036053131,0.08236250544167202,0.01530582420693836,724.957526109262
Rwanda,Mortalidad_Alta,0.5,0.016018327910158635,0.33870967741935487,0.07798200442629863,0.01571866737484941,704.92421796616
Rwanda,Mortalidad_Alta,0.4,0.01598488736404241,0.2823529411764706,0.09687166339824704,0.016641814184326312,706.8172686891
Rwanda,Mortalidad_Alta,0.33,0.01581218039089159,0.24421252371916508,0.11301915787944422,0.018421049298705087,651.133677964662
Rwanda,Mortalidad_Alta,0.3,0.015747803572842757,0.24022770398481974,0.12681036114663594,0.019742046727764057,593.624927744346
Rwanda,Mortalidad_Alta,0.28,0.01579723521644825,0.2412144212523719,0.14169669187479636,0.02046971158551813,564.039095842449
Rwanda,Mortalidad_Alta,0.25,0.015652755346710342,0.2314990512333966,0.15508904801204165,0.022844958282667,528.326391755502
Rwanda,Mortalidad_Alta,0.21,0.015681440381769145,0.2111954459203036,0.1942259808152165,0.023692282535913364,426.234183487629
Rwanda,Mortalidad_Alta,0.1,0.01583349035878702,0.10986717267552182,0.4697966143464429,0.02230101674394666,356.995022901154
Rwanda,Mortalidad_Alta,0.1,0.015890697433013013,0.12125237191650853,0.5284624398019557,0.021817394268218195,324.016863847189
Rwanda,Mortalidad_Alta,0.1,0.017511753973015253,0.1349146110056926,0.5303344424734369,0.02454909979165316,269.540446333402
Rwanda,Mortalidad_Alta,0.1,0.01794933200403812,0.150853889943074,0.516880299084147,0.02865013706759334,249.012274982252
Rwanda,Mortalidad_Alta,0.1,0.018475335594483527,0.16755218216318785,0.4724342403109255,0.03552575801756868,234.043016755733
Rwanda,Mortalidad_Alta,0.1,0.018400825743912476,0.1859582542694497,0.4974575405881135,0.03762341439530063,237.308846200901
Rwanda,Mortalidad_Alta,0.1,0.0183800896535102,0.2047438330170778,0.4879287516619862,0.04263770126169173,251.86926386091
Rwanda,Mortalidad_Alta,0.264,0.04814449315515174,0.6296925996204934,0.2607738423707987,0.034628649372581186,227.971147849318
Saudi Arabia,Mortalidad_Baja,0.507,0.3489865305911562,0.04906451612903226,0.006834956372431955,0.02727178282122066,38510.2276211037
Saudi Arabia,Mortalidad_Baja,0.532,0.34602913106679095,0.05350284629981024,0.007200013588500382,0.025442419773668772,31920.7653655643
Saudi Arabia,Mortalidad_Baja,0.49600000000000005,0.3323391257377057,0.05176470588235294,0.009323315396946055,0.021405741042867705,24338.8307301067
Saudi Arabia,Mortalidad_Baja,0.498,0.35541971470422745,0.054808349146110054,0.007709547719754526,0.028080857802301414,29566.7933827436
Saudi Arabia,Mortalidad_Baja,0.499,0.3546048761996797,0.057759013282732447,0.007569037236880988,0.030249463362477573,29360.0658968566
Saudi Arabia,Mortalidad_Baja,0.459,0.3572219759298811,0.056612903225806456,0.009664749174191068,0.02713716847445637,23929.2907135982
Saudi Arabia,Mortalidad_Baja,0.49,0.3486147091437303,0.06415559772296016,0.009317587290878403,0.028093852514343612,22267.7217050387
Saudi Arabia,Mortalidad_Baja,0.46,0.36092817240843467,0.06459203036053132,0.009366913150134526,0.03237598207858664,23256.1549553531
Saudi Arabia,Mortalidad_Baja,0.43700000000000006,0.3689520736333519,0.06550853889943074,0.00816113845767948,0.04271497242544272,27805.4850319422
Saudi Arabia,Mortalidad_Baja,0.44,0.34302629153540704,0.07096774193548387,0.007637630579740746,0.04924293261806927,27865.465604962
Saudi Arabia,Mortalidad_Baja,0.47000000000000003,0.3644323448690038,0.08115749525616699,0.006864701900160742,0.055290923366818,28733.4375513452
Saudi Arabia,Mortalidad_Baja,0.43,0.3698601244144433,0.079146110056926,0.007833644889768692,0.05652024772796431,27126.7498747702
Saudi Arabia,Mortalidad_Baja,0.35000000000000003,0.369204893656821,0.06907020872865276,0.011708427964767202,0.0494197658194915,22028.3901426586
Saudi Arabia,Mortalidad_Baja,0.34,0.33021203825853207,0.07225806451612904,0.013025218173905562,0.049236459877110506,17718.3911648365
Saudi Arabia,Mortalidad_Baja,0.33,0.32348307353923555,0.07514231499051233,0.010870321420049865,0.06619216478056446,22320.4888964331
Saudi Arabia,Mortalidad_Media,0.34,0.31034427591260333,0.08258064516129034,0.012621788963624562,0.058661150226589145,18596.1502627898
Saudi Arabia,Mortalidad_Media,0.34,0.3060975928339024,0.08838709677419355,0.013437210296255721,0.058993387353099204,17563.6145370639
Saudi Arabia,Mortalidad_Media,0.45,0.298747909890703,0.12466793168880455,0.011075479307108355,0.057553684510589315,15975.7473782258
Saudi Arabia,Mortalidad_Media,0.5,0.2954284366579972,0.14705882352941177,0.012105068831203452,0.04989874063048283,13154.4978989446
Saudi Arabia,Mortalidad_Media,0.5,0.30732161123769525,0.15654648956356737,0.013993654529417773,0.045687835001769005,11487.220410693
Saudi Arabia,Mortalidad_Media,0.7000000000000001,0.31637962867234015,0.23377609108159392,0.011259810817375775,0.04308610957620584,10586.0543471363
Saudi Arabia,Mortalidad_Media,0.7000000000000001,0.2941774763685564,0.24838709677419354,0.011477334563906639,0.045051253284849296,10805.311325122
Saudi Arabia,Mortalidad_Media,0.7000000000000001,0.301947114457615,0.26432637571157497,0.010954475034157191,0.050610158960013585,11714.5623675159
Saudi Arabia,Mortalidad_Media,0.616,0.2926981484897264,0.32494876660341554,0.014855579346532373,0.05980795246162887,10786.4008952769
Senegal,Mortalidad_Media,0.478,0.014212095297071159,0.28480455407969635,0.05346351389587584,0.022223056175898953,1574.0281059306
Senegal,Mortalidad_Media,0.436,0.01320073644552009,0.2705351043643265,0.05580717803856974,0.024616609627294804,1598.10676952274
Senegal,Mortalidad_Media,0.406,0.012571179974860356,0.2611650853889943,0.06223354076551078,0.024570231260844504,1461.08720350553
Senegal,Mortalidad_Media,0.40299999999999997,0.013404288937882855,0.2668823529411764,0.0578340214133658,0.027805113765096097,1431.18128932159
Senegal,Mortalidad_Media,0.42600000000000005,0.012282176692949374,0.28858064516129034,0.055046663933618456,0.028324443859213955,1452.55612562445
Senegal,Mortalidad_Media,0.42100000000000004,0.012451064001216768,0.2907855787476281,0.055680037296690965,0.028956379224020272,1356.80518449031
Senegal,Mortalidad_Alta,0.43,0.012869778193970192,0.30108159392789374,0.052447829093975246,0.030688161504614446,1266.43957151587
Senegal,Mortalidad_Alta,0.41000000000000003,0.01332150052572665,0.2901897533206831,0.054504649293185756,0.03137282535966126,1218.00613555438
Senegal,Mortalidad_Alta,0.295,0.012767863107937571,0.2121537001897533,0.07090553136002083,0.034338902119122904,1398.89137601382
Senegal,Mortalidad_Alta,0.29,0.012128329232212364,0.2118595825426945,0.07404937720489464,0.03394268072663842,1379.83196553924
Senegal,Mortalidad_Alta,0.29,0.013583384054053809,0.21626185958254265,0.07606079689988948,0.033711197875838775,1326.83798848379
Senegal,Mortalidad_Alta,0.3,0.014282879936277349,0.22941176470588234,0.06752440730915732,0.03802615790014528,1374.67591873844
Senegal,Mortalidad_Alta,0.34,0.014092864702786062,0.267741935483871,0.07337761135779075,0.03125439761958531,1275.88357492357
Senegal,Mortalidad_Alta,0.36,0.013690940790371966,0.2937381404174573,0.07000721132890188,0.03214227176246409,1308.69404336205
Senegal,Mortalidad_Alta,0.33,0.011579276256106302,0.281157495256167,0.069633618885252,0.03728962665264439,1398.79218010021
Senegal,Mortalidad_Alta,0.32,0.011324442548028094,0.2866034155597723,0.059875884994270406,0.04787364128802404,1188.93877808175
Senegal,Mortalidad_Alta,0.3,0.010760397128931374,0.2851992409867173,0.06986138933376587,0.04635751212140696,1017.20196747987
Senegal,Mortalidad_Alta,0.32,0.010985295694026773,0.32485768500948764,0.07422393495885356,0.04349122486663359,979.846101520171
Senegal,Mortalidad_Alta,0.31,0.011012283178323012,0.3382352941176471,0.07167909684902933,0.05045522990724369,918.102079522155
Senegal,Mortalidad_Alta,0.29,0.010492377940320489,0.3400759013282732,0.08357860060294638,0.04966661611306815,817.888034221442
Senegal,Mortalidad_Alta,0.35000000000000003,0.011145430433067175,0.4396584440227704,0.05981694520631216,0.062386463217181776,669.430447319209
Senegal,Mortalidad_Alta,0.34,0.01132665925156949,0.45419354838709686,0.0747911634406844,0.05421109716262243,637.213530563724
Senegal,Mortalidad_Alta,0.33,0.010713061039157635,0.4621252371916509,0.07794329721598968,0.05630358772950156,603.233162455158
Senegal,Mortalidad_Alta,0.26,0.009330700872247268,0.37297912713472486,0.1171674874521812,0.048252259700641974,714.994396357297
Serbia,Mortalidad_Baja,0.379,0.11284113996632242,0.03236242884250474,0.022038278930886234,0.007890217213119178,10022.9688543402
Serbia,Mortalidad_Media,0.45,0.10886625300710782,0.03927893738140417,0.017926678855557536,0.008543848476083905,9680.52798074468
Serbia,Mortalidad_Media,0.44,0.1059089342568085,0.039240986717267556,0.017970942746808872,0.009045958129498167,8098.70955668849
Serbia,Mortalidad_Baja,0.37200000000000005,0.1017363335391234,0.03388235294117647,0.020040469127990446,0.01007354488934354,7755.632986437
Serbia,Mortalidad_Baja,0.365,0.10167552782378754,0.03462998102466793,0.02231066688695096,0.009453148402131894,7559.86165747394
Serbia,Mortalidad_Baja,0.38200000000000006,0.10281454448789634,0.03696774193548387,0.020716096858197898,0.010086130978409331,6548.03653824187
Serbia,Mortalidad_Baja,0.41000000000000003,0.10007585983526414,0.040455407969639465,0.021777475469756415,0.00879653307267418,5982.37030126471
Serbia,Mortalidad_Baja,0.42,0.09611531898629984,0.04303605313092979,0.020883871726451703,0.009487524215509245,5820.3215576888
Serbia,Mortalidad_Baja,0.34,0.08595938801222165,0.036774193548387096,0.028151208992510394,0.009069424838141093,6886.67809068704
Serbia,Mortalidad_Baja,0.33,0.09618751229111225,0.036944971537001894,0.02986850282170489,0.009132990770765159,7040.41812068781
Serbia,Mortalidad_Media,0.35000000000000003,0.09350184284235238,0.0405123339658444,0.02701726564900684,0.010099131619398512,6263.04086072815
Serbia,Mortalidad_Media,0.35000000000000003,0.1035974912117321,0.04250474383301708,0.028377884910935038,0.010084066504377157,7082.2861666075
Serbia,Mortalidad_Media,0.34,0.09913735515476063,0.04258064516129032,0.028147224177121316,0.011024849842106485,5970.92660940072
Serbia,Mortalidad_Media,0.34,0.09577999542223914,0.043225806451612905,0.02757238761322282,0.011545142210214208,6414.0448463847
Serbia,Mortalidad_Media,0.38280000000000003,0.1059353932449322,0.05011992409867173,0.02599444554168169,0.011103153175315872,7376.73517910716
Serbia,Mortalidad_Media,0.3658,0.10357652511574365,0.04928235294117647,0.023545822371774182,0.013822681021023157,6081.08765700202
Serbia,Mortalidad_Media,0.3714,0.10599492193185052,0.052151043643263756,0.026212904244430273,0.01248851133650185,4492.7136699046
Serbia,Mortalidad_Media,0.49260000000000004,0.09944142587249752,0.07290853889943075,0.01956621400936646,0.013509832718177904,3807.97417321786
Serbia,Mortalidad_Media,0.5272000000000001,0.11179799455743207,0.08403187855787478,0.022635741928071437,0.011320797582369606,3597.08798057009
Serbia,Mortalidad_Media,0.1,0.1021599150784575,0.01726755218216319,0.1099782802532926,0.013887220517476961,3153.9011312754
Serbia,Mortalidad_Media,0.1,0.09691141389320931,0.01878557874762808,0.13315194073237507,0.012143755408082203,2390.73459447107
Serbia,Mortalidad_Media,0.24880000000000002,0.09074847413877228,0.049099051233396585,0.08035556307904433,0.007504558089242757,1812.42088281393
Serbia,Mortalidad_Media,0.29660000000000003,0.0831527235534114,0.061346110056926,0.07737137752292729,0.006565225580325972,974.725469278615
Serbia,Mortalidad_Media,0.3318,0.08225771940834238,0.10640265654648956,0.06677548761080357,0.012543822179098418,2349.40645150289
Seychelles,Mortalidad_Media,0.652,0.30006143694063797,0.16454648956356738,0.00584479749712017,0.06920134087791001,16836.6721895387
Seychelles,Mortalidad_Media,0.644,0.11499759987376074,0.16497153700189754,0.005939418237145727,0.07001884163445109,14982.9111487767
Seychelles,Mortalidad_Baja,0.533,0.1040333798965233,0.1375483870967742,0.005757256242570979,0.0887683293290718,14041.4754074575
Seychelles,Mortalidad_Media,0.392,0.2526669541892656,0.10116129032258064,0.008499894245387114,0.08149155417491381,19141.5118743615
Seychelles,Mortalidad_Media,0.38799999999999996,0.16025674110567756,0.09939278937381403,0.008381031709198983,0.08294184038981346,18440.2340460932
Seychelles,Mortalidad_Media,0.443,0.24906550900680183,0.11264136622390891,0.007529309928816471,0.08015627629456075,17480.3651911372
Seychelles,Mortalidad_Media,0.55,0.21325588666020429,0.13880455407969639,0.005447497450586503,0.08891595200498921,16566.9946042294
Seychelles,Mortalidad_Media,0.54,0.18520440189011927,0.1352561669829222,0.005948696090481066,0.0820634064984043,15333.1051727105
Seychelles,Mortalidad_Media,0.485,0.09199525163224585,0.12055977229601518,0.007519097458829968,0.0713235080583973,15188.1902175113
Seychelles,Mortalidad_Media,0.48,0.09617490923851423,0.11749525616698293,0.008842621412210264,0.059835997601044785,14821.2921476077
Seychelles,Mortalidad_Media,0.48,0.1786073938758453,0.116584440227704,0.006518799643624056,0.08167954460991766,12337.1554669388
Seychelles,Mortalidad_Media,0.48,0.10928372481501708,0.11567362428842502,0.007149896486125014,0.0735731900354582,12110.0937461973
Seychelles,Mortalidad_Media,0.48,0.11515501209509199,0.1147628083491461,0.007286792104996365,0.07153500315919012,10934.79494629
Seychelles,Mortalidad_Media,0.45,0.09725723913948851,0.10673624288425047,0.0077928475501109545,0.07074795051968132,9747.09180546291
Seychelles,Mortalidad_Media,0.3178,0.13039752871875906,0.07477647058823529,0.012487090551160061,0.0616107354681259,11265.4376270005
Seychelles,Mortalidad_Media,0.5479999999999999,0.11143166667965072,0.12790132827324477,0.007503079245565441,0.058843311984823295,12669.3026687222
Seychelles,Mortalidad_Media,0.465,0.13284976071815896,0.1076470588235294,0.009361730330377427,0.05491824942875948,12782.9938926475
Seychelles,Mortalidad_Media,0.5238,0.12725081113873937,0.12026527514231497,0.009074744873034786,0.04958010028568703,11802.1118276833
Seychelles,Mortalidad_Media,0.49100000000000005,0.14359939808229683,0.11180265654648958,0.01028353333626053,0.04606998457999149,10827.671636033
Seychelles,Mortalidad_Media,0.37579999999999997,0.07959080147025581,0.08557115749525616,0.010248131664768944,0.0614276340726425,9070.28460757013
Seychelles,Mortalidad_Media,0.4144,0.07788878454394425,0.0935741935483871,0.010170164281534664,0.05535536668167362,8864.16919495467
Seychelles,Mortalidad_Media,0.3128,0.10618197882910681,0.07003870967741935,0.013194508112978945,0.05609238399863473,8153.2986369879
Seychelles,Mortalidad_Media,0.3744,0.10487560750917159,0.0838314990512334,0.01103681723095235,0.056021346181207875,8063.65500575169
Seychelles,Mortalidad_Media,0.452,0.11249849724373379,0.10292220113851994,0.013485225538328564,0.03759652302715941,7180.66832748656
Sierra Leone,Mortalidad_Alta,0.324,0.01404555496701522,0.35658444022770397,0.16329978991798702,0.019470967564072458,860.774590932595
Sierra Leone,Mortalidad_Alta,0.305,0.013060278164438877,0.34724857685009486,0.1730217099357055,0.020317632864398194,886.192939104469
Sierra Leone,Mortalidad_Alta,0.218,0.013165806592736633,0.25605692599620494,0.25248763565250465,0.020060340708578806,845.982914284565
Sierra Leone,Mortalidad_Alta,0.262,0.01285080430304022,0.31867552182163184,0.20646697594806818,0.021314626686294243,844.049555179116
Sierra Leone,Mortalidad_Alta,0.22,0.013347141528790973,0.27677419354838706,0.24881293239637775,0.021859720301942703,845.914540460932
Sierra Leone,Mortalidad_Alta,0.189,0.016125319929208508,0.24674003795066413,0.2759377188756148,0.02410352483070079,779.186007841728
Sierra Leone,Mortalidad_Alta,0.31,0.012988904653149233,0.4194117647058824,0.16442560579806623,0.025757024114784918,844.416411175476
Sierra Leone,Mortalidad_Alta,0.3,0.012981753689315721,0.43776091081593926,0.17890235648236247,0.026463398120616103,964.575980888989
Sierra Leone,Mortalidad_Alta,0.24600000000000002,0.018956081897956462,0.36269829222011385,0.20292065278137722,0.02903371263418715,1117.7586465721
Sierra Leone,Mortalidad_Alta,0.25,0.019085988309704264,0.3795066413662239,0.18852649862476242,0.031959473140075946,1117.47183075115
Sierra Leone,Mortalidad_Alta,0.24,0.009299619851225205,0.37981024667931684,0.19986216151537597,0.032817949188788824,937.504428180231
Sierra Leone,Mortalidad_Alta,0.22,0.012028001772553623,0.36318785578747625,0.22462825692800495,0.03327053800072349,761.146365577281
Sierra Leone,Mortalidad_Alta,0.19,0.016084855301481633,0.32736242884250477,0.2515148052394659,0.0361702321408624,685.039673490948
Sierra Leone,Mortalidad_Alta,0.21,0.01467322226304384,0.37736242884250476,0.2270346493713522,0.037961073867694074,652.845806767943
Sierra Leone,Mortalidad_Alta,0.22,0.015817146971334677,0.4111954459203036,0.20622835144735036,0.04179922063427214,705.359014080005
Sierra Leone,Mortalidad_Alta,0.24,0.01319290485131435,0.466337760910816,0.185137312024644,0.04457400760746731,631.889926264998
Sierra Leone,Mortalidad_Alta,0.23,0.0162306159252696,0.4626185958254269,0.1873492167566859,0.04780134936622044,580.26796974773
Sierra Leone,Mortalidad_Alta,0.22,0.011003875313350018,0.45628083491461097,0.35632870956909574,0.025662717805378456,462.633324427945
Sierra Leone,Mortalidad_Alta,0.1,0.010424264912773883,0.21328273244781784,0.7683429816486091,0.027088222605045734,417.749983329227
Sierra Leone,Mortalidad_Alta,0.1,0.015990826710413127,0.21897533206831118,0.7338463456526315,0.029366068745906103,413.817607346927
Sierra Leone,Mortalidad_Alta,0.12119999999999999,0.016291406189818343,0.27183757115749524,0.6048558760261397,0.030193446393318425,388.995111216836
Sierra Leone,Mortalidad_Alta,0.16399999999999998,0.015709329605993375,0.3759240986717267,0.43686383182423133,0.03172475169472646,358.315716051546
Sierra Leone,Mortalidad_Alta,0.1,0.015350720635885613,0.23415559772296016,0.8607664732694288,0.026479906046551302,143.743743239644
Sierra Leone,Mortalidad_Alta,0.1,0.016424291813619287,0.25180265654648953,0.6251398908150029,0.040795788179882594,208.351997250955
Singapore,Mortalidad_Baja,0.9279999999999999,0.3072554600861022,0.03169639468690702,4.3798289272127156e-05,0.9167053951962489,90299.0694637269
Singapore,Mortalidad_Baja,0.932,0.3010116741066395,0.03360151802656546,5.128916146685467e-05,0.8224241186196145,80056.1288247844
Singapore,Mortalidad_Baja,0.924,0.27955053987986606,0.033313092979127136,5.557008774776929e-05,0.765411442928759,61410.0792630788
Singapore,Mortalidad_Baja,0.951,0.2811370010665124,0.03609108159392789,5.306262463259948e-05,0.8200483664853282,65952.0378959293
Singapore,Mortalidad_Baja,0.912,0.26863733985787674,0.0363415559772296,5.166897527256549e-05,0.9225009179201972,66881.6067035265
Singapore,Mortalidad_Baja,0.8790000000000001,0.2925456445427875,0.03502656546489564,5.475942657732266e-05,0.9030470092878883,61236.251270627
Singapore,Mortalidad_Baja,0.84,0.2756033983316831,0.03506641366223909,5.871316998237165e-05,0.923382295502476,57005.5887176547
Singapore,Mortalidad_Baja,0.86,0.27021200793435796,0.03590132827324478,5.933486813271828e-05,0.8923476983174672,55645.6068614606
Singapore,Mortalidad_Baja,0.919,0.2598714387414032,0.038364326375711584,5.8806910407161245e-05,0.8423715348963747,57564.8023114977
Singapore,Mortalidad_Baja,0.92,0.24040213753826134,0.03840607210626186,5.846129868060687e-05,0.846446346773708,56967.4257940383
Singapore,Mortalidad_Baja,0.93,0.2172443690273766,0.0388235294117647,5.5977858793792986e-05,0.8746027220616759,55547.5553077786
Singapore,Mortalidad_Baja,0.92,0.19183721143394372,0.03840607210626186,5.8856509801005596e-05,0.8407404353503259,53891.4570264372
Singapore,Mortalidad_Baja,0.92,0.22058947362932335,0.03840607210626186,6.147792023514086e-05,0.8047505730821146,47236.683084953
Singapore,Mortalidad_Baja,0.93,0.24042983936245368,0.0388235294117647,6.845287394000884e-05,0.7146112535915402,38926.8054365453
Singapore,Mortalidad_Baja,0.9400000000000001,0.22966368658728673,0.0410246679316888,6.89637486259112e-05,0.7337583495474678,40008.5720489092
Singapore,Mortalidad_Baja,0.9400000000000001,0.21012357885125088,0.0410246679316888,7.135364807520383e-05,0.709071450066013,39432.8860198877
Singapore,Mortalidad_Baja,0.93,0.2375460033727309,0.04058823529411765,8.221093113989468e-05,0.621639315666359,33768.4528234651
Singapore,Mortalidad_Baja,0.9400000000000001,0.22814589886493145,0.0410246679316888,9.162741461453445e-05,0.5514494665893201,29961.3172812732
Singapore,Mortalidad_Baja,0.93,0.34162738109370056,0.042352941176470586,9.362356524072886e-05,0.569318681148325,27608.080013423
Singapore,Mortalidad_Baja,0.92,0.2880733327352552,0.04364326375711575,0.00010396959188283707,0.5396603923964932,23730.3840054566
Singapore,Mortalidad_Baja,0.91,0.2346634458820759,0.04662239089184061,0.00012213169436288337,0.5013800887782377,22159.8373710639
Singapore,Mortalidad_Baja,0.91,0.2383681116582278,0.048349146110056924,0.00014160159709755447,0.4481092522287761,21699.7414868907
Singapore,Mortalidad_Baja,0.91,0.21464361103087076,0.051802656546489564,0.00015840857483610793,0.4290376483455875,23852.8389514753
Singapore,Mortalidad_Baja,0.9,0.2476945881488448,0.0683111954459203,0.00025183886066664944,0.3633200733681112,24914.8507020358
Slovenia,Mortalidad_Baja,0.667,0.14058581817546337,0.024047438330170777,0.004011807044428047,0.011448579110404951,28373.8382265999
Slovenia,Mortalidad_Baja,0.682,0.14524584883336186,0.02458823529411765,0.0034670703036047156,0.013390762939925952,29187.369382785
Slovenia,Mortalidad_Baja,0.674,0.14186683994911706,0.024299810246679317,0.0044043953561351806,0.0099942282080559,25392.0651093612
Slovenia,Mortalidad_Baja,0.536,0.15077519955942165,0.020341555977229604,0.005167958888517967,0.011697180804286668,25814.1687167572
Slovenia,Mortalidad_Baja,0.521,0.15420655433732078,0.019772296015180265,0.0059802478081323095,0.01003303477041666,25888.0481065655
Slovenia,Mortalidad_Baja,0.536,0.15656695030674223,0.020341555977229604,0.004942110270545897,0.012382629794791133,23303.077705959
Slovenia,Mortalidad_Baja,0.58,0.15232791178268648,0.023111954459203034,0.0049941173819691735,0.011759004922234655,21447.8377796036
Slovenia,Mortalidad_Baja,0.5700000000000001,0.14768106892479418,0.0227134724857685,0.005417485179668256,0.010825585082940577,20697.2748530619
Slovenia,Mortalidad_Baja,0.61,0.14974546840363315,0.025464895635673626,0.004671706851930541,0.012735579238468396,24013.0682060959
Slovenia,Mortalidad_Baja,0.59,0.15433846164258583,0.02574952561669829,0.004855039982057371,0.013378330815569476,23236.9655321695
Slovenia,Mortalidad_Baja,0.64,0.15875853742758225,0.029146110056925995,0.004464109717304032,0.014148913134935286,22442.1417859955
Slovenia,Mortalidad_Baja,0.66,0.16580170948667258,0.031309297912713474,0.004838187977715772,0.012962282962544326,24940.6284841605
Slovenia,Mortalidad_Baja,0.67,0.16614634842632056,0.033055028462998105,0.004248839080855066,0.015671619643339876,23329.8417691156
Slovenia,Mortalidad_Baja,0.66,0.16264044759350643,0.03506641366223909,0.004175612988924287,0.01780448878057538,24501.7897290425
Slovenia,Mortalidad_Baja,0.64,0.18296087588665172,0.03521821631878558,0.004299581900161338,0.018591439707715648,27461.9764165315
Slovenia,Mortalidad_Baja,0.61,0.17390679889484534,0.03588235294117647,0.005214140123092522,0.01694549115001783,23725.1596001515
Slovenia,Mortalidad_Baja,0.6,0.17288567984861605,0.03757115749525616,0.005455485673561064,0.017641602704902167,19563.005059144
Slovenia,Mortalidad_Baja,0.59,0.17422596583975186,0.03918406072106262,0.006428578796875319,0.015868039607944747,17969.7095907161
Slovenia,Mortalidad_Baja,0.6,0.16842208086040406,0.04212523719165085,0.006264079746873257,0.017149034053394276,17103.8297783905
Slovenia,Mortalidad_Baja,0.52,0.16381210094503804,0.038481973434535105,0.006668159465800632,0.02006363562233017,14711.674874253
Slovenia,Mortalidad_Baja,0.55,0.1612624972001355,0.04278937381404174,0.00823357878661786,0.015506511701574055,11639.1297780477
Slovenia,Mortalidad_Baja,0.6,0.1612526779669448,0.048956356736242886,0.007097911349069876,0.017673327871345484,10375.6255869861
Slovenia,Mortalidad_Baja,0.5,0.15181871152929635,0.04269449715370019,0.00939613854895354,0.01659626089557388,10135.7219109212
Slovenia,Mortalidad_Media,0.5088,0.14106656611290355,0.05985882352941177,0.011772519518764473,0.018200914940793397,10738.0887611468
Somalia,Mortalidad_Alta,0.23800000000000002,0.007685226940935556,0.4060000000000001,0.1164975628514703,0.06405601747629652,573.128092472349
Somalia,Mortalidad_Alta,0.115,0.016055702979108195,0.15667931688804554,0.3208575232415545,0.03712182393020197,549.114742721701
Somalia,Mortalidad_Alta,0.131,0.010340687342072176,0.1832011385199241,0.34909461741695125,0.03017726048344766,518.184778494334
Somalia,Mortalidad_Alta,0.079,0.011996649510532125,0.11347817836812146,0.5101212054754513,0.03572079683489087,539.893931565407
Somalia,Mortalidad_Alta,0.17800000000000002,0.010702838828596729,0.2897988614800759,0.17613834947211682,0.05354881013533536,509.525801898508
Somalia,Mortalidad_Alta,0.11599999999999999,0.009877248091452823,0.21285009487666035,0.30194907664686443,0.05405125618962416,510.939952317726
Somalia,Mortalidad_Alta,0.08,0.008596258422059726,0.12447817836812144,0.7425325372631656,0.02537482054607908,460.928490585175
Somalia,Mortalidad_Alta,0.08,0.007137430013229395,0.1276660341555977,0.7320112125016801,0.026531963233746632,445.583080073396
Somalia,Mortalidad_Alta,0.05,0.01004876368335029,0.08187855787476281,1.0,0.03255415241272944,429.431656725102
Somalia,Mortalidad_Alta,0.1,0.01571900630461266,0.16888045540796964,0.44914203961437266,0.037863115060587364,393.398703952979
Somalia,Mortalidad_Alta,0.174,0.0180354737626164,0.37111195445920303,0.2949058722397495,0.04220275354426915,350.261946720512
Somalia,Mortalidad_Alta,0.14,0.02083022120679265,0.5730170777988615,0.41069471283805753,0.07463191211627536,235.325945610434
South Africa,Mortalidad_Alta,0.484,0.09128014900242759,0.22500948766603415,0.008760323433795172,0.11673751638740223,6523.41097815853
South Africa,Mortalidad_Alta,0.506,0.09382911198014715,0.23715749525616697,0.007693525930672702,0.1285068887424953,6843.39941886204
South Africa,Mortalidad_Alta,0.466,0.09270552856923692,0.22106261859582543,0.008658032525571357,0.12542171228772003,5580.60383075189
South Africa,Mortalidad_Alta,0.397,0.10261414549999966,0.19285009487666038,0.007686461617417203,0.1709776791427973,6533.71121032856
South Africa,Mortalidad_Alta,0.454,0.10040277670368328,0.22656925996204932,0.007791097815023786,0.1511611780691834,6914.1780318076
South Africa,Mortalidad_Alta,0.47600000000000003,0.1048866693443596,0.24658064516129033,0.008197195085713463,0.14204769837366077,6618.33508255701
South Africa,Mortalidad_Alta,0.44,0.10619811977219629,0.23711574952561668,0.00858477474333139,0.15289061268849752,5651.20585165749
South Africa,Mortalidad_Alta,0.42,0.1036310942071767,0.23669829222011388,0.008322245397572538,0.17321656983566344,6112.27382485974
South Africa,Mortalidad_Alta,0.41600000000000004,0.11200369411029365,0.24391650853889943,0.007995201265896796,0.18969898506209973,6856.73137092522
South Africa,Mortalidad_Alta,0.41000000000000003,0.10740392006418635,0.2489563567362429,0.007353171934274324,0.21720135591508394,7331.65467384919
South Africa,Mortalidad_Alta,0.45,0.10985911110794058,0.28178368121442127,0.006872918545920533,0.21835631777790016,8076.97678479741
South Africa,Mortalidad_Alta,0.47000000000000003,0.1164200230719741,0.30233396584440225,0.006804107349014012,0.21691684776306447,8646.05571071635
South Africa,Mortalidad_Alta,0.49,0.11556572423720791,0.32914611005692596,0.006730410965007473,0.21969006195137392,7973.47195771517
South Africa,Mortalidad_Alta,0.51,0.12566746828332329,0.3648387096774194,0.007361405119059226,0.20530757967758126,6374.70560042992
South Africa,Mortalidad_Alta,0.46,0.12559597546667456,0.3543833017077799,0.008749968621877293,0.20624695524267275,6184.75474328399
South Africa,Mortalidad_Alta,0.45,0.11813940337818389,0.3740037950664137,0.008191392956765266,0.24354488890682396,6591.85535960564
South Africa,Mortalidad_Alta,0.46,0.10986850032377768,0.40151802656546487,0.006976116031303883,0.2944880297923815,6077.38293388876
South Africa,Mortalidad_Alta,0.44,0.10881117753014913,0.39992409867172674,0.007414618304776701,0.3017106767918825,5836.87663325127
South Africa,Mortalidad_Alta,0.48,0.11360815199681253,0.4462998102466793,0.007861325671286936,0.26646131482512597,5221.46333731721
South Africa,Mortalidad_Alta,0.48,0.10533658359057649,0.4426565464895636,0.00865101060146272,0.2398355336266965,4062.21755993786
South Africa,Mortalidad_Alta,0.5,0.09466152656617667,0.45540796963946867,0.009253116335974778,0.21222764290948215,2688.23676032806
South Africa,Mortalidad_Alta,0.5,0.0997436707375441,0.45161290322580644,0.00880087611747296,0.2214144403198292,2847.15191945908
South Africa,Mortalidad_Alta,0.52,0.10382631743899186,0.4627703984819735,0.007867510568414431,0.23485095797218372,3217.84693448467
South Africa,Mortalidad_Alta,0.5,0.10743459349269571,0.4430740037950664,0.009768233563989719,0.1953324738525429,3855.6340871567
Spain,Mortalidad_Baja,0.672,0.11123710758333503,0.033153700189753325,0.00537741738492739,0.011644919770442838,30270.2687017458
Spain,Mortalidad_Baja,0.703,0.11187585375147652,0.0346831119544592,0.0061611347801157875,0.009168336473267407,30799.4775937775
Spain,Mortalidad_Baja,0.551,0.10645130298239783,0.027184060721062622,0.007907415989696886,0.009094754544452919,27233.9426461608
Spain,Mortalidad_Baja,0.519,0.11899977491208105,0.025605313092979125,0.007596433948585267,0.010397898908083717,29786.5245689007
Spain,Mortalidad_Baja,0.515,0.12328590140442408,0.026385199240986718,0.00820679572763521,0.00996900943591181,30602.4212881113
Spain,Mortalidad_Baja,0.5720000000000001,0.1244106841873793,0.029305502846299816,0.007668441792238277,0.009485379245859784,28381.3425596906
Spain,Mortalidad_Baja,0.6,0.11849404313839065,0.030740037950664136,0.007341284329834747,0.00943189873543737,26755.6061149398
Spain,Mortalidad_Baja,0.59,0.11800184360911678,0.030227703984819738,0.007221868966423361,0.00986185745421477,25982.4416197775
Spain,Mortalidad_Baja,0.626,0.11364735254861537,0.033259962049335866,0.0063159365515655565,0.011409849495885548,29707.765509467
Spain,Mortalidad_Baja,0.62,0.11586028117145375,0.03411764705882352,0.006585217759059,0.011453621594724486,29228.846559842
Spain,Mortalidad_Baja,0.61,0.1237926638037547,0.03356736242884251,0.006150181504727564,0.012756382029744355,28456.4438151477
Spain,Mortalidad_Baja,0.61,0.12412507922535408,0.034724857685009484,0.006059771401237856,0.013557972013780383,31824.6219134777
Spain,Mortalidad_Baja,0.65,0.12648446196383167,0.039468690702087285,0.0058189900604356855,0.014273624733171323,30658.7422282912
Spain,Mortalidad_Baja,0.67,0.1271654108891088,0.04195445920303605,0.005253414228754623,0.016174883751284275,32279.8208476151
Spain,Mortalidad_Baja,0.68,0.13947075728891078,0.04387096774193548,0.005415615967658872,0.015877800889277354,35603.248328071
Spain,Mortalidad_Baja,0.7000000000000001,0.14661543530024043,0.047817836812144215,0.00557602121211442,0.0158582861828118,32652.015594702
Spain,Mortalidad_Baja,0.71,0.1476255904104891,0.049848197343453506,0.00529054149865753,0.017160812616955543,28421.686527407
Spain,Mortalidad_Baja,0.6900000000000001,0.14989116768047483,0.04975332068311195,0.006254802655858839,0.014989223038751128,26450.9530130382
Spain,Mortalidad_Baja,0.71,0.14927602515583988,0.052542694497153694,0.006870716799946112,0.013306325437750758,24925.0267844576
Spain,Mortalidad_Baja,0.7000000000000001,0.14552217408053328,0.05445920303605313,0.007646058839230087,0.012611646791124956,21522.0170990262
Spain,Mortalidad_Baja,0.7000000000000001,0.14322933472748928,0.05445920303605313,0.007783174553500498,0.012331295461507562,17111.0685058941
Spain,Mortalidad_Baja,0.66,0.14104103067939563,0.05259962049335863,0.008710367168475668,0.011875152834292536,15368.2337984435
Spain,Mortalidad_Baja,0.61,0.13837946342078186,0.05092979127134725,0.009604018044886623,0.012300398243919581,14743.2671031455
Spain,Mortalidad_Baja,0.5,0.11728786167282736,0.05218216318785579,0.012124475378877713,0.015545408495925879,15460.9110266653
Sri Lanka,Mortalidad_Baja,0.401,0.021542554812374014,0.041850094876660346,0.03296233356544674,0.00534210121846917,3342.63650253855
Sri Lanka,Mortalidad_Baja,0.395,0.024011303969355333,0.04347248576850095,0.03481766668084073,0.005458941317360071,3996.96240014909
Sri Lanka,Mortalidad_Baja,0.34700000000000003,0.023266425843274118,0.03950664136622391,0.03720531339958247,0.00635265493612217,3847.60137695639
Sri Lanka,Mortalidad_Baja,0.289,0.02383989782738265,0.034,0.0392848443762984,0.008042604454627735,4081.94772722003
Sri Lanka,Mortalidad_Baja,0.307,0.023147291019007227,0.03786527514231499,0.038692992791359744,0.008065454227590899,4358.56095906047
Sri Lanka,Mortalidad_Baja,0.3,0.023411467960707002,0.0381404174573055,0.038754137261960094,0.008669710414431323,4398.88828068715
Sri Lanka,Mortalidad_Baja,0.38,0.024726716265963032,0.05047438330170778,0.029899687674634315,0.009496784595549574,4149.19190775593
Sri Lanka,Mortalidad_Baja,0.37,0.022821199318796104,0.051954459203036055,0.03474714869201355,0.008655256546244635,4057.7158346231
Sri Lanka,Mortalidad_Baja,0.334,0.022095845455431584,0.048800759013282735,0.037854174773627465,0.009349772629297738,3971.91913148166
Sri Lanka,Mortalidad_Baja,0.33,0.02073710588275828,0.050721062618595825,0.0375728791886404,0.010269183236491595,3740.61589348326
Sri Lanka,Mortalidad_Baja,0.32,0.02191400929280619,0.05161290322580645,0.0386770378334785,0.010965142317004054,3327.77612404326
Sri Lanka,Mortalidad_Media,0.31,0.021453600948372186,0.052352941176470595,0.04811561031092897,0.009093474416311483,3224.95736331928
Sri Lanka,Mortalidad_Media,0.32,0.021234886701543068,0.0552561669829222,0.04424147823011365,0.010051122987891868,2808.36779237408
Sri Lanka,Mortalidad_Media,0.32,0.020014777833935203,0.07893738140417457,0.06205688091514501,0.010297550309003195,2026.65939950702
Sri Lanka,Mortalidad_Media,0.31,0.019837461250674236,0.05705882352941176,0.06752728940883189,0.006324106434023112,1973.58476901287
Sri Lanka,Mortalidad_Media,0.32,0.020522113999828676,0.061935483870967735,0.05712435998937448,0.008289762322171977,1578.63451125392
Sri Lanka,Mortalidad_Media,0.35000000000000003,0.02026088572904697,0.07106261859582542,0.05067728841681188,0.009230082287289752,1389.50625583936
Sri Lanka,Mortalidad_Media,0.34,0.02021215181125429,0.07225806451612904,0.05439139237742018,0.009279424473134366,1207.21994764165
Sri Lanka,Mortalidad_Media,0.37,0.01987655851680603,0.11724857685009488,0.05304425822648288,0.014374575965441673,1028.62068132555
Sri Lanka,Mortalidad_Media,0.5,0.019745147033413055,0.11480075901328274,0.041401643516890164,0.008840792072301536,946.382255128072
Sri Lanka,Mortalidad_Media,0.5,0.018759137017621517,0.11764705882352941,0.04468362920684884,0.008227854988204648,834.936014905338
Sri Lanka,Mortalidad_Media,0.5,0.01860942102624356,0.1204933586337761,0.06279350747075711,0.005101076590309372,803.544026627385
Sri Lanka,Mortalidad_Media,0.5,0.01957948858079284,0.12333965844402277,0.0623576331558236,0.005359701461956693,846.460813304966
Sri Lanka,Mortalidad_Media,0.3,0.015417246954079259,0.09278937381404175,0.12068554329367441,0.0060505689281899686,741.838255293455
Sudan,Mortalidad_Alta,0.146,0.01865871339861322,0.1116470588235294,0.05391847056917225,0.10304818239167383,1046.24084472656
Sudan,Mortalidad_Alta,0.20199999999999999,0.019323910462507334,0.15945351043643263,0.04923999227647907,0.08358354235930725,712.122009277344
Sudan,Mortalidad_Alta,0.255,0.01914324222238122,0.2070967741935484,0.12468459601146148,0.02466290663171967,577.795227050781
Sudan,Mortalidad_Alta,0.262,0.019754747078646915,0.21874762808349146,0.12041665757793818,0.025670598821761377,709.975280761719
Sudan,Mortalidad_Alta,0.212,0.019743230337540184,0.1822314990512334,0.1623187900971524,0.024045403614687946,731.027465820313
Sudan,Mortalidad_Alta,0.189,0.02011190741876826,0.16676470588235293,0.17575596887626868,0.0257786230212185,966.505676269531
Sudan,Mortalidad_Alta,0.11,0.020360798174993425,0.09977229601518026,0.3268304174752286,0.02431874020301248,1033.21594238281
Sudan,Mortalidad_Alta,0.11,0.021052519079334177,0.10227703984819735,0.4488552547866035,0.017314701000230096,1292.37963867188
Sudan,Mortalidad_Alta,0.098,0.02162335955383816,0.09316508538899432,0.5208654827434991,0.017087573548509365,1275.43835449219
Sudan,Mortalidad_Alta,0.16,0.02156469568149906,0.15574952561669828,0.289530684534579,0.01970315018408928,1138.62780761719
Sudan,Mortalidad_Alta,0.32720000000000005,0.017678685356144645,0.3247165085388995,0.1615057802860878,0.017257966837369243,1019.22210693359
Sudan,Mortalidad_Alta,0.28800000000000003,0.021241062490831065,0.29182542694497154,0.15128908014118245,0.022158307089477514,1332.6572265625
Sudan,Mortalidad_Alta,0.2534,0.020181417328200255,0.2620550284629981,0.1966726418367207,0.0194159011899187,1305.63598632813
Sudan,Mortalidad_Alta,0.25739999999999996,0.02190032065604766,0.27205275142314994,0.20367311382661304,0.018769668536061226,1178.22180175781
Sudan,Mortalidad_Alta,0.2374,0.021490766830013063,0.2567703984819734,0.23847159590098446,0.01761404663440122,1527.58239746094
Sudan,Mortalidad_Alta,0.2856,0.02170904469036127,0.31649032258064513,0.19540041512111006,0.01843759008889833,1444.37219238281
Sudan,Mortalidad_Alta,0.24920000000000003,0.023135404618992696,0.2832462998102467,0.19978572364814332,0.021692056974849654,1132.474609375
Sudan,Mortalidad_Alta,0.2798,0.022091521471967825,0.35466110056926,0.18565223137518197,0.023412749197721003,905.543640136719
Sudan,Mortalidad_Alta,0.3084,0.021887664051403584,0.3991058823529412,0.1725253840699077,0.023326059583410438,705.113342285156
Sudan,Mortalidad_Alta,0.244,0.022352066493308682,0.3009487666034156,0.24634290812464704,0.019162963280580834,580.320251464844
Sudan,Mortalidad_Alta,0.1998,0.023567210036864867,0.2536360531309298,0.29493566632221624,0.02028244541525572,506.262634277344
Sudan,Mortalidad_Alta,0.1718,0.02248013678535338,0.22461138519924098,0.3258647765135141,0.022265078232620573,451.293304443359
Sudan,Mortalidad_Alta,0.3,0.022144697708532488,0.4030360531309298,0.2121747687869067,0.01980484016900873,362.116882324219
Sudan,Mortalidad_Alta,0.3,0.022085115436829696,0.449146110056926,0.19443245711484292,0.0247982108208341,462.585235595703
Suriname,Mortalidad_Media,0.376,0.08026087622391873,0.11201518026565466,0.03035901582236476,0.02527040096764103,6084.43876736445
Suriname,Mortalidad_Media,0.385,0.07838730296886606,0.11834914611005691,0.039329701647763976,0.018923721151541964,5029.84838543953
Suriname,Mortalidad_Media,0.369,0.07790542722163256,0.11623149905123341,0.03449823933100133,0.0237878957476878,4755.39221710693
Suriname,Mortalidad_Media,0.355,0.07988704019401131,0.11518975332068312,0.037886356527815634,0.0231103729634334,6629.66775248603
Suriname,Mortalidad_Media,0.399,0.07028811549541097,0.13325237191650854,0.03934102616707437,0.01999051568814263,6665.74180472239
Suriname,Mortalidad_Media,0.317,0.07446855524347351,0.10887476280834914,0.05388713746521017,0.01870984316114721,6049.52128553675
Suriname,Mortalidad_Media,0.36,0.07977276541321554,0.12705882352941178,0.04679159460397181,0.019636492886479603,5644.2061057532
Suriname,Mortalidad_Media,0.36,0.07274934051009413,0.12979127134724858,0.0452357905126924,0.02093569351503295,8813.61705392067
Suriname,Mortalidad_Media,0.329,0.08243188562505312,0.12111195445920302,0.04463114282011521,0.024144715824514624,9108.18905406764
Suriname,Mortalidad_Media,0.3,0.0790853037969251,0.1127134724857685,0.04425784916691748,0.027677639105360422,9043.19281529222
Suriname,Mortalidad_Media,0.37,0.06506067222457418,0.14252371916508538,0.03545806657592423,0.02884215630670106,8851.24050668908
Suriname,Mortalidad_Media,0.37,0.07737351241887128,0.14533206831119544,0.036926701705964064,0.02817192067571294,7949.88867218383
Suriname,Mortalidad_Media,0.36,0.06226334494644724,0.14413662239089184,0.041167911681955764,0.02627429577723233,7943.60482816915
Suriname,Mortalidad_Media,0.35000000000000003,0.053563173363459476,0.14345351043643265,0.04399765111373617,0.025837282833948167,7129.5768626291
Suriname,Mortalidad_Media,0.3,0.05414111778049751,0.12580645161290321,0.046572043856683266,0.029558072408996702,6576.08546307249
Suriname,Mortalidad_Media,0.32,0.05140198615586413,0.13722960151802657,0.04961639935072103,0.026268310138163914,5530.17615638309
Suriname,Mortalidad_Media,0.43,0.05406559412167436,0.1884819734345351,0.0363563791000833,0.027394270438211216,5002.65798695759
Suriname,Mortalidad_Media,0.1,0.056694295231519844,0.04497153700189753,0.07696981511424274,0.0606643063276347,3453.42865937765
Suriname,Mortalidad_Alta,0.1,0.04994959807504253,0.04611005692599621,0.0817498960987122,0.05844877510376993,2887.7721728844
Suriname,Mortalidad_Alta,0.1,0.0461507531812156,0.04743833017077799,0.10138351393344558,0.04792464205950718,2516.10404020956
Suriname,Mortalidad_Alta,0.1,0.044259253805222505,0.04876660341555977,0.10490471698949333,0.04759138312392604,2202.340682196
Suriname,Mortalidad_Alta,0.1,0.06229297075849191,0.05028462998102467,0.14230076527780072,0.03538469339306205,1714.64846637242
Suriname,Mortalidad_Alta,0.1,0.05894735836612048,0.051802656546489564,0.14925362057222136,0.03469599901082561,1988.22172925433
Suriname,Mortalidad_Alta,0.3394,0.025716145133600106,0.2067313092979127,0.06447694743515077,0.027170734531884497,1609.82504373206
Sweden,Mortalidad_Baja,0.9570000000000001,0.20033812937123813,0.036318785578747625,0.0017006552615563934,0.022226436998700867,55296.9371472535
Sweden,Mortalidad_Baja,0.925,0.21119378944677522,0.036859582542694495,0.001885874749706311,0.02170647095482972,61174.9680215622
Sweden,Mortalidad_Baja,0.914,0.19850242073220228,0.03642125237191651,0.0020536443785533326,0.01993982158403913,52653.7565934247
Sweden,Mortalidad_Baja,0.88,0.2215597776041561,0.036736242884250474,0.0022952819246494735,0.019324961154128233,51773.0464558993
Sweden,Mortalidad_Baja,0.929,0.23010840158965365,0.03878178368121442,0.00215450531356252,0.019531982934058528,54181.9069780904
Sweden,Mortalidad_Baja,0.8740000000000001,0.22827811297108333,0.03814421252371917,0.0023545612510510907,0.019916208873166582,53300.8587281785
Sweden,Mortalidad_Baja,0.87,0.22511705542613136,0.037969639468690704,0.0022919327268556807,0.02066033152593087,51820.3972482676
Sweden,Mortalidad_Baja,0.89,0.2118829172761508,0.038842504743833016,0.002290491702095438,0.020136586933999855,51197.9529341175
Sweden,Mortalidad_Baja,0.923,0.23157255845026925,0.042034155597722965,0.0021216351307542787,0.022158169658958227,59583.7140001673
Sweden,Mortalidad_Baja,0.93,0.23997366202711615,0.042352941176470586,0.0020703878075872695,0.022591995485133187,60844.2767113975
Sweden,Mortalidad_Baja,0.92,0.24537318596458244,0.04189753320683112,0.0021302172735815465,0.022138284387191894,57749.8251328664
Sweden,Mortalidad_Baja,0.92,0.24469818888194608,0.04364326375711575,0.0024008450669539398,0.020211125972309712,60379.7748160321
Sweden,Mortalidad_Baja,0.93,0.25216539721545866,0.04411764705882353,0.0022908127600784456,0.021075538406722275,52542.8274141037
Sweden,Mortalidad_Baja,0.93,0.22655105083641405,0.04588235294117647,0.0019168002445041593,0.026997554155782554,46707.8673215418
Sweden,Mortalidad_Baja,0.92,0.24940135563120694,0.04538899430740038,0.002142166817891695,0.024104576695237006,55817.4392710726
Sweden,Mortalidad_Baja,0.92,0.2531461247325086,0.04713472485768501,0.0024470316416169307,0.021612878228872145,53568.5645523213
Sweden,Mortalidad_Baja,0.92,0.2563161321328447,0.04888045540796964,0.002109490343000279,0.0266699737233387,46531.6001120572
Sweden,Mortalidad_Baja,0.93,0.26461767188432184,0.052941176470588235,0.001952104582972144,0.031026756384151304,43378.6152117149
Sweden,Mortalidad_Baja,0.93,0.27210492316142,0.05470588235294118,0.002827448060318713,0.021188998947982516,42758.2015503417
Sweden,Mortalidad_Baja,0.9,0.2629890192230179,0.05464895635673624,0.002975472855947962,0.02152212146634557,37292.4214343004
Sweden,Mortalidad_Baja,0.9400000000000001,0.2699407224688021,0.05886148007590133,0.0029161802361514304,0.02170687449204924,29957.9387652616
Sweden,Mortalidad_Baja,0.9400000000000001,0.2641554391561534,0.05886148007590133,0.002982379830968955,0.021151752949906993,27259.4806735435
Sweden,Mortalidad_Baja,0.9500000000000001,0.24902947057099312,0.06129032258064516,0.0029395167855745044,0.021991085249166105,29632.7736101599
Sweden,Mortalidad_Baja,0.9,0.26416417380218593,0.0683111954459203,0.004618214231654865,0.01669042332782905,30254.2972932631
Switzerland,Mortalidad_Baja,0.923,0.11980434508370968,0.06129981024667932,0.001044858634436769,0.07209121623176155,94394.5106803525
Switzerland,Mortalidad_Baja,0.8790000000000001,0.12103638472059315,0.0583776091081594,0.0011170750638287265,0.07074718206304963,93664.7736696111
Switzerland,Mortalidad_Baja,0.9009999999999999,0.12429061079896075,0.05983870967741936,0.0012250936775488161,0.06256946816999157,85897.7843338323
Switzerland,Mortalidad_Baja,0.88,0.13185420851063304,0.05844402277039848,0.001151682030522613,0.06844045241743701,84121.9310304414
Switzerland,Mortalidad_Baja,0.828,0.12949603528171189,0.056561669829222005,0.0012164610823824583,0.07094816102003913,85217.3691512274
Switzerland,Mortalidad_Baja,0.8029999999999999,0.12966230679428556,0.054853889943074004,0.00123013885430299,0.07240852970534001,82254.3770471336
Switzerland,Mortalidad_Baja,0.86,0.13016135283138605,0.060379506641366223,0.0011971406945774873,0.07135689138293462,82153.0745447889
Switzerland,Mortalidad_Baja,0.85,0.13520080131665357,0.05967741935483871,0.001153123268313481,0.07511866951104991,83806.4476003837
Switzerland,Mortalidad_Baja,0.881,0.14000985263644816,0.06352561669829221,0.001258943457854407,0.06787257709874417,88724.9910735609
Switzerland,Mortalidad_Baja,0.88,0.1512694783916143,0.06345351043643263,0.0011779752091456396,0.07285121484897418,87304.3305813557
Switzerland,Mortalidad_Baja,0.87,0.14672319605097298,0.06273244781783682,0.0011412551064439382,0.07620495117708896,85836.2076767359
Switzerland,Mortalidad_Baja,0.9,0.14698818979422543,0.0666034155597723,0.0011764254148455403,0.07321909395062763,90476.7589651577
Switzerland,Mortalidad_Baja,0.9,0.1535765341240027,0.0666034155597723,0.0011525053015310862,0.07480728220410654,76531.3728182297
Switzerland,Mortalidad_Baja,0.9,0.1599931193988868,0.0683111954459203,0.0012560610154213766,0.07020525332633512,71568.3123885672
Switzerland,Mortalidad_Baja,0.91,0.1609336712541597,0.06907020872865276,0.0013471850680009112,0.06448005688473991,74175.1927898555
Switzerland,Mortalidad_Baja,0.91,0.15693582808721826,0.07079696394686907,0.0013293528658799405,0.067106584737116,64989.1553256031
Switzerland,Mortalidad_Baja,0.91,0.1666289552999987,0.07252371916508539,0.0012951984833485344,0.07072583093682334,59011.0324592016
Switzerland,Mortalidad_Baja,0.88,0.16055920968680673,0.07180265654648955,0.0014554931466483167,0.06644074549867227,56242.8933645639
Switzerland,Mortalidad_Baja,0.85,0.1625838121962981,0.07096774193548389,0.0017210890061558205,0.05917983515652826,54659.4571488233
Switzerland,Mortalidad_Baja,0.84,0.16312043867688233,0.07172675521821632,0.0015590240043138759,0.06808248977925231,49335.7456291067
Switzerland,Mortalidad_Baja,0.86,0.16372060087803536,0.07343453510436433,0.001698635819050218,0.06069169040196186,42458.7384679187
Switzerland,Mortalidad_Baja,0.89,0.16931417831088416,0.07768500948766603,0.0016189919089244274,0.06301830872053865,39638.7911061864
Switzerland,Mortalidad_Baja,0.89,0.16042413705059572,0.07937381404174573,0.0018527461338463788,0.05591075358208854,38865.021939688
Switzerland,Mortalidad_Baja,0.8522,0.15760150556078267,0.08408804554079696,0.002568135073341417,0.04605708979237576,50113.8321221345
Tajikistan,Mortalidad_Media,0.17800000000000002,0.016960928396222485,0.07802277039848199,0.20159827521099147,0.010070919623093167,1052.17949484894
Tajikistan,Mortalidad_Media,0.35200000000000004,0.016616203125096807,0.15496015180265654,0.09978533850543166,0.010419441212716485,896.748053372182
Tajikistan,Mortalidad_Media,0.32,0.016968831033454597,0.1408728652751423,0.11094394489084262,0.010273490014677472,834.311715460625
Tajikistan,Mortalidad_Media,0.364,0.016755885184546956,0.16093358633776092,0.08969557110246112,0.011523347846256004,871.022372934846
Tajikistan,Mortalidad_Media,0.38200000000000006,0.015685359653391438,0.16961669829222012,0.08098364230190998,0.012411636096169939,834.288404578801
Tajikistan,Mortalidad_Media,0.327,0.014806859828497361,0.14705692599620493,0.09705135939111423,0.012211880469452057,829.45714764957
Tajikistan,Mortalidad_Media,0.23,0.014704178556893282,0.10518026565464897,0.14188430467895544,0.012039799147845791,788.710481734485
Tajikistan,Mortalidad_Media,0.22,0.014338899480499974,0.10311195445920303,0.1535508986296647,0.011887494710355648,956.916310930656
Tajikistan,Mortalidad_Media,0.19399999999999998,0.013546087506702453,0.09350284629981023,0.191737657368067,0.010883537801658795,1081.54402932039
Tajikistan,Mortalidad_Media,0.23,0.012932566109640548,0.11478178368121442,0.1450401665836788,0.013076013527660439,1028.19704279396
Tajikistan,Mortalidad_Media,0.21,0.01323239768818204,0.10838709677419353,0.1737988985024822,0.01217989276475701,952.452819695469
Tajikistan,Mortalidad_Media,0.2,0.01248980811450323,0.10777988614800758,0.1864684198129638,0.012517930562933427,833.601978202852
Tajikistan,Mortalidad_Media,0.2,0.012743975112319793,0.11347248576850094,0.1532292293991303,0.016966501164201203,737.338883219356
Tajikistan,Mortalidad_Media,0.21,0.012758840338285086,0.12552182163187856,0.13822365042445245,0.019242009233054982,664.795655734657
Tajikistan,Mortalidad_Media,0.22,0.015065859906929631,0.13943074003795067,0.14129495718237156,0.019019293577259542,703.327375898643
Tajikistan,Mortalidad_Media,0.21,0.016182684093663236,0.14225806451612905,0.14480046544877415,0.02108741294998885,516.997210618914
Tajikistan,Mortalidad_Media,0.2,0.015413973993955072,0.14535104364326376,0.16781460015790864,0.020404168846456374,401.018403316427
Tajikistan,Mortalidad_Alta,0.18,0.015230763451564766,0.141404174573055,0.18420602593288632,0.022636596997876346,333.927150941684
Tajikistan,Mortalidad_Alta,0.1,0.015571639122863357,0.08500948766603415,0.3007580940327314,0.027642495856261575,305.745158587502
Tajikistan,Mortalidad_Alta,0.1,0.014658338755694219,0.09240986717267552,0.37855470794954765,0.023423314983772075,233.58124845289
Tajikistan,Mortalidad_Alta,0.1,0.014662905856699795,0.10056925996204934,0.34784942212384823,0.02835045012138212,186.951638285222
Tajikistan,Mortalidad_Alta,0.1,0.014908696889104796,0.10910815939278937,0.3725128186586201,0.028764339644110515,168.676285365186
Tajikistan,Mortalidad_Alta,0.1,0.015414440663068463,0.11802656546489564,0.3931052176755424,0.029568353275965548,136.925716400723
Tajikistan,Mortalidad_Alta,0.264,0.016906921817309954,0.4157874762808349,0.21745762245035766,0.026732624976787776,207.034457343036
Tanzania,Mortalidad_Media,0.369,0.01835082862957215,0.21845920303605312,0.10285395958327063,0.013775681618292306,1207.85302734375
Tanzania,Mortalidad_Alta,0.34500000000000003,0.018319385642151916,0.21210626185958253,0.11241936491449042,0.014052276961940084,1159.85656738281
Tanzania,Mortalidad_Alta,0.325,0.018375858003976953,0.20659392789373815,0.12158308564629769,0.014310055865297521,1117.41528320313
Tanzania,Mortalidad_Alta,0.332,0.018787036729704575,0.21860341555977233,0.1253318687615845,0.014022136960914615,1063.32250976563
Tanzania,Mortalidad_Alta,0.318,0.018247734203606637,0.21722960151802656,0.1371193873855923,0.013849346725869202,1023.10626220703
Tanzania,Mortalidad_Alta,0.292,0.018402187508342844,0.20888804554079696,0.15407011883630975,0.014106518958555398,986.674011230469
Tanzania,Mortalidad_Alta,0.31,0.018869183696667357,0.2323529411764706,0.13851564007550246,0.015807905137751696,953.0107421875
Tanzania,Mortalidad_Alta,0.33,0.019027153578489144,0.2573624288425047,0.12681011171267265,0.017101095792647923,939.127319335938
Tanzania,Mortalidad_Alta,0.28800000000000003,0.018789156574910218,0.2311650853889943,0.14017851107754795,0.018464501348416634,1022.74841308594
Tanzania,Mortalidad_Alta,0.3,0.019597368522695145,0.24876660341555978,0.13972572404585132,0.01835538393783596,963.05712890625
Tanzania,Mortalidad_Alta,0.27,0.019263462499359573,0.23055028462998103,0.15386036447881757,0.01920119805295279,861.969909667969
Tanzania,Mortalidad_Alta,0.26,0.019631793514493637,0.22990512333965843,0.1503056856726976,0.021469914235980374,775.392761230469
Tanzania,Mortalidad_Alta,0.3,0.01907109057619782,0.27609108159392787,0.13342308789862495,0.02186966419657723,736.530151367188
Tanzania,Mortalidad_Alta,0.32,0.01880497304493786,0.3066413662239089,0.12729801140789335,0.022451855137430112,693.823547363281
Tanzania,Mortalidad_Alta,0.29,0.01880341727645983,0.29275142314990515,0.13361642124213333,0.025219766073391586,675.977233886719
Tanzania,Mortalidad_Alta,0.29,0.019001451221980402,0.3059582542694497,0.12541558685089338,0.028455626214805373,543.198303222656
Tanzania,Mortalidad_Alta,0.28,0.019472403405849943,0.31347248576850095,0.1322630154637725,0.029794217630294363,475.746734619141
Tanzania,Mortalidad_Alta,0.25,0.019326159728041515,0.29554079696394686,0.15426497617228832,0.03025657577535283,483.334869384766
Tanzania,Mortalidad_Alta,0.27,0.018792159808107906,0.34018975332068313,0.14896300912272767,0.030994414791259688,450.385284423828
Tanzania,Mortalidad_Alta,0.22,0.018616222225896817,0.29514231499051236,0.17722454493489848,0.03436801639566632,422.18359375
Tanzania,Mortalidad_Alta,0.25,0.018381742207450705,0.357685009487666,0.1575375201488962,0.03646935001475049,402.649047851563
Tanzania,Mortalidad_Alta,0.19,0.01797916562059355,0.2898671726755218,0.21253533701454722,0.03805931502833207,396.638732910156
Tanzania,Mortalidad_Alta,0.19,0.0178203444695938,0.30753320683111957,0.2158960741053694,0.03989700695115783,401.698150634766
Tanzania,Mortalidad_Alta,0.3,0.01635358336962913,0.5749525616698292,0.156769774106823,0.04131094505057662,258.418334960938
Thailand,Mortalidad_Baja,0.385,0.08574368469463278,0.06063567362428843,0.03543555762379133,0.009336600648363697,6909.35281815827
Thailand,Mortalidad_Baja,0.451,0.08465535887593799,0.07274193548387096,0.03015779800829357,0.009680661601700656,7057.20754802279
Thailand,Mortalidad_Baja,0.434,0.08644954944274336,0.07247058823529412,0.031374926425161494,0.010123525904107205,6985.64393892574
Thailand,Mortalidad_Baja,0.364,0.09127205263039086,0.06285388994307399,0.03494004837501759,0.011562074302324414,7605.69657797759
Thailand,Mortalidad_Baja,0.34700000000000003,0.08945015876171247,0.061893738140417466,0.036982099288915556,0.01191497195281476,7099.77650081458
Thailand,Mortalidad_Baja,0.40700000000000003,0.09123401743786343,0.07414041745730551,0.03231670935560499,0.011860510123404524,6413.09182530343
Thailand,Mortalidad_Baja,0.38,0.09166981351645347,0.07210626185958255,0.034907970344231286,0.012358776769047593,5833.57715617098
Thailand,Mortalidad_Baja,0.35000000000000003,0.08924118848757127,0.06840607210626186,0.03966429605107845,0.012111131493986923,5688.85335397884
Thailand,Mortalidad_Baja,0.336,0.08894194220090858,0.06758254269449716,0.04698035679102703,0.010647911951402463,5801.1978916205
Thailand,Mortalidad_Baja,0.34,0.08976324444462605,0.07096774193548387,0.05210307243461994,0.009597456029573731,6018.08244729255
Thailand,Mortalidad_Baja,0.35000000000000003,0.0839282496261787,0.07504743833017077,0.051427504383320936,0.009739752203363589,5725.52802835463
Thailand,Mortalidad_Baja,0.34,0.07866697112069167,0.07548387096774194,0.053343621243922654,0.010099256671121166,5373.6232832898
Thailand,Mortalidad_Media,0.35000000000000003,0.07930730917414279,0.0810246679316888,0.04703794529508446,0.012092475426346427,4973.86288823778
Thailand,Mortalidad_Media,0.33,0.072816602472193,0.07889943074003795,0.04640320597032929,0.013791473415239014,4135.43986952819
Thailand,Mortalidad_Media,0.36,0.0736550954414473,0.0894876660341556,0.043776673998906585,0.013966227356602684,4309.13509292986
Thailand,Mortalidad_Media,0.38,0.07240409070596329,0.09806451612903225,0.03848852773592221,0.016015280116390754,3918.52817434581
Thailand,Mortalidad_Media,0.36,0.07032748507354342,0.09700189753320683,0.04086281528839009,0.016751011252736724,3331.32043511773
Thailand,Mortalidad_Media,0.33,0.06955321478081379,0.09267552182163187,0.04359314297057758,0.018070324125272617,2867.70383436062
Thailand,Mortalidad_Media,0.32,0.06810615166324896,0.09351043643263757,0.04542850765109619,0.018705184428943585,2641.56268717857
Thailand,Mortalidad_Media,0.32,0.06355951828791924,0.09776091081593928,0.04616312362307711,0.019339383996798302,2347.54001286066
Thailand,Mortalidad_Media,0.32,0.05923666647492899,0.10261859582542694,0.04250005403551663,0.02251285652839389,2089.75183111554
Thailand,Mortalidad_Media,0.32,0.05404163421485922,0.1074762808349146,0.0419480793720457,0.024090632146573386,1889.93432467144
Thailand,Mortalidad_Media,0.3,0.05305975574192175,0.10531309297912714,0.044330308246567515,0.02559630397805733,2005.97694514234
Thailand,Mortalidad_Media,0.7000000000000001,0.04838338251869551,0.3161290322580645,0.020298185497542493,0.03149522095364371,2864.36515719866
Timor-Leste,Mortalidad_Media,0.38200000000000006,0.053246486997099454,0.26747248576850097,0.042328865236737824,0.044105770927951204,2343.24523350389
Timor-Leste,Mortalidad_Alta,0.374,0.049672138822831266,0.26896774193548384,0.0362730083034252,0.054735318857320296,2684.82702378987
Timor-Leste,Mortalidad_Media,0.325,0.033115320669752195,0.2398956356736243,0.06384715568679646,0.03564263748264413,1630.86938521256
Timor-Leste,Mortalidad_Alta,0.321,0.040886690967932286,0.24303415559772296,0.06886871899732308,0.03419260646242013,1562.36458068032
Timor-Leste,Mortalidad_Alta,0.32,0.043051008036881486,0.24713472485768503,0.08689233471899052,0.02710584646678872,1219.46599728983
Timor-Leste,Mortalidad_Alta,0.292,0.016365321864510323,0.23049715370018975,0.09178461335549351,0.028943073312902343,1266.17767952941
Timor-Leste,Mortalidad_Alta,0.28,0.01990292201369356,0.22633776091081592,0.09534767352732892,0.02984652986068602,1335.54390089814
Timor-Leste,Mortalidad_Alta,0.3,0.016202304392638183,0.2493358633776091,0.09297931003166203,0.029318403056541154,1319.59297370991
Timor-Leste,Mortalidad_Alta,0.254,0.04248283765440386,0.21737001897533206,0.12967128634390304,0.025144026957189796,1224.74957758801
Timor-Leste,Mortalidad_Alta,0.24,0.04467680600172119,0.21222011385199244,0.13899095332916958,0.025718893500591384,1204.56841532931
Timor-Leste,Mortalidad_Alta,0.25,0.019127493062655317,0.2286527514231499,0.16144757094656123,0.021506352537682863,1022.61903188429
Timor-Leste,Mortalidad_Alta,0.22,0.02124256970720277,0.20872865275142316,0.1576023454641421,0.026655621350154195,939.045241112693
Timor-Leste,Mortalidad_Alta,0.22,0.01703213857971684,0.21749525616698293,0.18204014739499813,0.023723292503710025,813.060177250597
Timor-Leste,Mortalidad_Alta,0.26,0.01760459916770515,0.26789373814041745,0.1502214384917812,0.025579330539126668,686.579295832381
Timor-Leste,Mortalidad_Alta,0.334,0.01512936811095585,0.35935104364326376,0.14126385488517246,0.021662792405537572,628.153219252849
Timor-Leste,Mortalidad_Alta,0.2668,0.0023657198256270624,0.3002132827324478,0.17591743190295886,0.022945170242725552,540.154584237662
Timor-Leste,Mortalidad_Alta,0.2258,0.002352291218062899,0.26650398481973436,0.22315189055846657,0.02234215174790573,464.667001844159
Timor-Leste,Mortalidad_Alta,0.2752,0.00238698182077702,0.3409973434535104,0.16437973124084246,0.02668542446855354,487.464555404292
Timor-Leste,Mortalidad_Alta,0.21780000000000002,0.002445752723313763,0.28392523719165086,0.2211771494005256,0.026324562948341325,474.420767344689
Timor-Leste,Mortalidad_Alta,0.16880000000000003,0.01668115404756866,0.23125920303605318,0.23055696921165397,0.03523780121209841,534.901153697657
Timor-Leste,Mortalidad_Alta,0.105,0.014524829586652013,0.15142314990512334,0.36769134656081603,0.03759240669434393,533.982476434866
Timor-Leste,Mortalidad_Alta,0.24600000000000002,0.013581151559241802,0.3729677419354839,0.1370874889687596,0.04591748205700016,587.804355560918
Timor-Leste,Mortalidad_Alta,0.28800000000000003,0.01219904036504723,0.4585047438330171,0.15443841393989025,0.03588455872099895,492.457669429651
Timor-Leste,Mortalidad_Alta,0.15,0.016703997276997833,0.3925047438330171,0.5897388740117454,0.029082412919393105,302.736982028369
Togo,Mortalidad_Alta,0.28800000000000003,0.019290880762974978,0.20165464895635674,0.10159288006386641,0.02289750583036842,898.758154410712
Togo,Mortalidad_Alta,0.322,0.019157725323564103,0.23218216318785576,0.08923715005867472,0.02417090571285573,939.613373786407
Togo,Mortalidad_Alta,0.312,0.019254677050124153,0.23148387096774195,0.0956673518472955,0.023911284374559222,853.578220263722
Togo,Mortalidad_Alta,0.281,0.018763112063221527,0.2143491461100569,0.1086582535047233,0.02404940052917753,826.260654099894
Togo,Mortalidad_Alta,0.314,0.01862464112336727,0.24667172675521817,0.09791062468033972,0.024672572576074237,851.130806891807
Togo,Mortalidad_Alta,0.368,0.018293656632419195,0.2981707779886148,0.08637531152115675,0.02460499112748982,792.765487219069
Togo,Mortalidad_Alta,0.29,0.01917042324860281,0.24212523719165086,0.10998345706469778,0.025356267574690176,772.581787093976
Togo,Mortalidad_Alta,0.29,0.01814583411064527,0.2498292220113852,0.10208896428535241,0.02855477548022009,751.052405084336
Togo,Mortalidad_Alta,0.23800000000000002,0.019206046638454422,0.2113548387096774,0.12713536940940812,0.028829076397634795,855.585284856656
Togo,Mortalidad_Alta,0.24,0.018887215844640395,0.21996204933586333,0.12477666487255731,0.030204212111913,826.543259457126
Togo,Mortalidad_Alta,0.24,0.01997611348648737,0.22679316888045536,0.1367487362835671,0.028220272860982235,762.392047587088
Togo,Mortalidad_Alta,0.28,0.02058859600151327,0.2730929791271347,0.11100508858189292,0.031052611869182414,783.989380490906
Togo,Mortalidad_Alta,0.27,0.021034833400605683,0.2715370018975332,0.1221446663992418,0.03008369421343081,704.987164181378
Togo,Mortalidad_Alta,0.23,0.021630211975129605,0.23829222011385198,0.14522768182927123,0.030655697463850107,720.694168794129
Togo,Mortalidad_Alta,0.24,0.018222379370956925,0.25548387096774194,0.13483023640821748,0.032713315382100004,718.948786366771
Togo,Mortalidad_Alta,0.3,0.018003192522245474,0.32846299810246676,0.08829642375738327,0.0419496650488115,607.588224471809
Togo,Mortalidad_Alta,0.1,0.017836138652696207,0.11252371916508538,0.2653750653061522,0.04311934508395381,552.50227125256
Togo,Mortalidad_Alta,0.1,0.018389418568937815,0.1157495256166983,0.2711899904788782,0.04342622943119144,551.259850017077
Togo,Mortalidad_Alta,0.1,0.018514870349021696,0.11916508538899431,0.24104440521494383,0.050821496876983625,560.266308533382
Togo,Mortalidad_Alta,0.1,0.018804905134583084,0.12277039848197344,0.2280035836485957,0.055648287392140755,538.16537776929
Togo,Mortalidad_Alta,0.1,0.018251403238873604,0.12656546489563567,0.24627799852644155,0.05296108039238768,445.238691488925
Togo,Mortalidad_Alta,0.1,0.01806906975560899,0.13036053130929792,0.23726726244965743,0.05684891663030767,396.692654520135
Togo,Mortalidad_Alta,0.1,0.01860901993539853,0.13434535104364326,0.23164633033104678,0.060191782417784306,409.889802792768
Togo,Mortalidad_Alta,0.266,0.016030442248527333,0.40429981024667927,0.09850938786886665,0.060201348422270415,419.220334892756
Trinidad and Tobago,Mortalidad_Media,0.44200000000000006,0.5118251646361791,0.14761290322580647,0.0026871774350927064,0.3045329369196154,20874.37682915
Trinidad and Tobago,Mortalidad_Media,0.364,0.5202829364054025,0.12501707779886148,0.003912828190309401,0.2607018403452004,17679.1812561341
Trinidad and Tobago,Mortalidad_Media,0.374,0.4978891564990424,0.132,0.004422508013613103,0.23031074162784007,15358.8612973066
Trinidad and Tobago,Mortalidad_Media,0.329,0.5815258872790018,0.11861480075901329,0.0036217945484721035,0.3279494241836886,17293.4730123427
Trinidad and Tobago,Mortalidad_Media,0.331,0.5748801950785599,0.12122011385199241,0.0045581509811795,0.26244259598818614,17575.8042838042
Trinidad and Tobago,Mortalidad_Media,0.368,0.571806211691708,0.13756356736242883,0.004615694752804853,0.23763591354504346,17578.6417765865
Trinidad and Tobago,Mortalidad_Media,0.38,0.5680995306767476,0.14493358633776093,0.004086286877132809,0.2656083032575902,17449.1623528186
Trinidad and Tobago,Mortalidad_Media,0.38,0.6513093077372382,0.14709677419354839,0.0037964991626840607,0.29045424576558165,19887.2337359338
Trinidad and Tobago,Mortalidad_Media,0.34,0.6776527679872347,0.1341935483870968,0.003076624366748908,0.4097776760185063,21908.3017802988
Trinidad and Tobago,Mortalidad_Media,0.32,0.6646528164990629,0.12872865275142314,0.0034850637450457938,0.3916088238974901,21304.9776454565
Trinidad and Tobago,Mortalidad_Media,0.36,0.6715524035499125,0.14686907020872866,0.002711418429407972,0.4542740761988383,20332.1389531925
Trinidad and Tobago,Mortalidad_Media,0.36,0.6882046861732062,0.14960151802656546,0.001984219069153915,0.6336048403962536,19151.0870229722
Trinidad and Tobago,Mortalidad_Media,0.36,0.6965545839593567,0.15233396584440229,0.002260651881880863,0.5659342944000803,16815.424737361
Trinidad and Tobago,Mortalidad_Media,0.34,0.6582391779374454,0.14580645161290323,0.002738768445582654,0.5008925056169486,14634.0565003912
Trinidad and Tobago,Mortalidad_Media,0.32,0.6570318303643677,0.1396584440227704,0.001787168010458464,0.8321786737705203,21298.9945258063
Trinidad and Tobago,Mortalidad_Media,0.38,0.6795008050378145,0.16944971537001896,0.0015302946554103419,0.8362220407289209,16606.675360681
Trinidad and Tobago,Mortalidad_Media,0.42,0.6409449191486173,0.19047438330170777,0.0021117883022334803,0.5564841388711298,14152.6607422113
Trinidad and Tobago,Mortalidad_Media,0.46,0.576108517182054,0.21210626185958253,0.0016462570345113121,0.6633124433247145,12346.4373094075
Trinidad and Tobago,Mortalidad_Media,0.49,0.4757992275749264,0.22965844402277039,0.0024315069314477336,0.4273725913098142,9871.03419820086
Trinidad and Tobago,Mortalidad_Media,0.53,0.4672453599671812,0.2514231499051233,0.002798275331534205,0.34688301934421356,8445.04653518298
Trinidad and Tobago,Mortalidad_Media,0.53,0.416795630675608,0.2554459203036053,0.004128466903963743,0.2378511046951851,6762.93080808096
Trinidad and Tobago,Mortalidad_Media,0.5,0.38644854285679264,0.24478178368121442,0.004025400732384414,0.2629938593001727,6657.41466937221
Trinidad and Tobago,Mortalidad_Media,0.5,0.3511207644331985,0.2476280834914611,0.004247004593232747,0.2520337346214358,6178.58975559687
Trinidad and Tobago,Mortalidad_Media,0.384,0.21394350841657706,0.20256546489563568,0.009423740215297769,0.1562910599109244,4114.68908475464
Tunisia,Mortalidad_Baja,0.473,0.043917064575205965,0.10321631878557873,0.035433149892410615,0.010952375234655668,3708.8481241036
Tunisia,Mortalidad_Media,0.42,0.044308463442019864,0.09962049335863378,0.037588727141728825,0.013146440044792014,3906.93926319391
Tunisia,Mortalidad_Media,0.397,0.041154570532991604,0.10169829222011385,0.04095500125595069,0.013946766417515815,3548.65363663803
Tunisia,Mortalidad_Baja,0.36600000000000005,0.04366521202820845,0.10000759013282734,0.04175014426572875,0.016274967390618233,3528.87213306798
Tunisia,Mortalidad_Baja,0.368,0.044707551943674866,0.10544212523719164,0.04204308349025283,0.01697280229912939,3628.10366464236
Tunisia,Mortalidad_Media,0.373,0.04474835157303469,0.10970588235294117,0.037693861539548415,0.019600058269392883,3619.03247319953
Tunisia,Mortalidad_Media,0.4,0.04387693857086075,0.11992409867172675,0.03334813321975179,0.02130439353341413,3847.80354448809
Tunisia,Mortalidad_Media,0.41000000000000003,0.04377518599975524,0.12447817836812144,0.03513164223625343,0.0197739700788004,4014.94773686432
Tunisia,Mortalidad_Media,0.392,0.043161905101282226,0.11975711574952563,0.03421288419708532,0.02163662703565621,4458.97895464547
Tunisia,Mortalidad_Media,0.38,0.04297756874504311,0.11681214421252373,0.032813147506268965,0.023688197617079892,4369.79345826358
Tunisia,Mortalidad_Media,0.43,0.042716359771747994,0.13299810246679317,0.030201877217229813,0.022772002197497813,4297.26782454273
Tunisia,Mortalidad_Media,0.42,0.04145100277177644,0.13149905123339659,0.028226038162734376,0.025611945805422184,4420.64772206537
Tunisia,Mortalidad_Media,0.44,0.04390156079642072,0.13943074003795067,0.024344694621578684,0.02908585909050819,4291.86120891575
Tunisia,Mortalidad_Media,0.42,0.03945821372708024,0.13468690702087285,0.03150341834632216,0.023231970765378907,4080.09032448781
Tunisia,Mortalidad_Media,0.46,0.041051941097754466,0.15013282732447816,0.026696109199467633,0.025794803880063524,4255.05008019523
Tunisia,Mortalidad_Media,0.49,0.039727454445986,0.16457305502846298,0.02759497601541212,0.023891788374492406,3726.91672935667
Tunisia,Mortalidad_Media,0.5,0.03880954636474733,0.17267552182163187,0.029041698652234688,0.02273565411250793,3322.56933570096
Tunisia,Mortalidad_Media,0.49,0.03717834688745356,0.17573055028462997,0.029280338889437124,0.02406405417155589,3146.8260743927
Tunisia,Mortalidad_Media,0.48,0.038186236079820496,0.1785199240986717,0.03227872963897108,0.02297772994241747,3067.41936376975
Tunisia,Mortalidad_Media,0.53,0.036543542951951634,0.20616698292220115,0.02742967651279503,0.02599208627638084,2725.8643148859
Tunisia,Mortalidad_Media,0.52,0.03591886454864336,0.21214421252371915,0.024969286211829256,0.031097476757459615,2320.7723805785
Tunisia,Mortalidad_Media,0.5,0.03581222694688011,0.21537001897533206,0.029483381005261478,0.028687049116666134,2235.71981624751
Tunisia,Mortalidad_Media,0.5,0.034274883416680314,0.22675521821631878,0.03131231628790958,0.028410863152219253,2199.04465936314
Tunisia,Mortalidad_Media,0.5,0.02895522993766038,0.29506641366223907,0.035568798485640964,0.033026218222406395,1968.16600944373
Uganda,Mortalidad_Media,0.24,0.021955627955744513,0.1307020872865275,0.15653912649458382,0.012567720418695158,963.067314233497
Uganda,Mortalidad_Alta,0.25,0.021983630770766763,0.13994307400379508,0.149214126811039,0.01312633974570482,882.791717442001
Uganda,Mortalidad_Alta,0.214,0.02160772920622063,0.12425806451612904,0.17495333623950915,0.013676804648463813,845.76646385001
Uganda,Mortalidad_Alta,0.254,0.020684019066389725,0.15278557874762808,0.14134316633596145,0.015041093806264725,822.171150141651
Uganda,Mortalidad_Alta,0.28300000000000003,0.021291106291504498,0.17667362428842506,0.1285443063472404,0.015485912335258355,792.16570022814
Uganda,Mortalidad_Alta,0.287,0.021293442639873338,0.18842884250474382,0.12788964775952474,0.016281071189654654,765.218332297361
Uganda,Mortalidad_Alta,0.26,0.021527861295766344,0.17958254269449714,0.1363652095488064,0.018025826833340943,752.696571725656
Uganda,Mortalidad_Alta,0.26,0.021386605628167275,0.18944971537001898,0.14125194252025075,0.01841929104946507,862.934610355811
Uganda,Mortalidad_Alta,0.23800000000000002,0.020712621911314812,0.182,0.1631680935452696,0.018256325445168003,896.054795546394
Uganda,Mortalidad_Alta,0.24,0.020403751097580376,0.19218216318785578,0.16969895502249643,0.018223052153745548,818.285427416713
Uganda,Mortalidad_Alta,0.25,0.01978832147467392,0.20920303605313093,0.17008909280979242,0.018242890383868022,795.222867553127
Uganda,Mortalidad_Alta,0.25,0.019470427137205586,0.2215370018975332,0.18130427538526944,0.018101805084196818,835.620060555838
Uganda,Mortalidad_Alta,0.26,0.01909320949820707,0.24421252371916508,0.1977929876576978,0.016693993795825326,823.488144282
Uganda,Mortalidad_Alta,0.28,0.01879847897263977,0.2784060721062619,0.19486793114533416,0.016648551690644848,798.947089938247
Uganda,Mortalidad_Alta,0.27,0.018237251381349778,0.28229601518026565,0.12392193268633901,0.030908742357829734,472.842681495852
Uganda,Mortalidad_Alta,0.25,0.017957132503378347,0.2784629981024668,0.13942775906052263,0.031682181066919744,401.389130865581
Uganda,Mortalidad_Alta,0.26,0.017827552567209574,0.3093358633776091,0.144637333882945,0.03133471057888909,346.518255310647
Uganda,Mortalidad_Alta,0.22,0.01775449551609034,0.279696394686907,0.17833147223743706,0.03217500990085079,330.405402707025
Uganda,Mortalidad_Alta,0.21,0.017585249424006383,0.28571157495256166,0.16145723997214464,0.040628427560290066,292.38185796262
Uganda,Mortalidad_Alta,0.19,0.01757315624461088,0.27616698292220115,0.20181237351542416,0.03819822200726792,250.71543664681
Uganda,Mortalidad_Alta,0.23,0.01752375069624274,0.35525616698292223,0.15941119927087322,0.0428192294018464,241.984688408335
Uganda,Mortalidad_Alta,0.22,0.01746657329147832,0.35859582542694496,0.19806928076455985,0.03765011983473751,236.021188853993
Uganda,Mortalidad_Alta,0.26,0.017489405913673445,0.4430360531309298,0.1655442051571844,0.04004031329739158,258.050338731086
Uganda,Mortalidad_Alta,0.3,0.018025529183618806,0.5624288425047438,0.23623463223759567,0.0256590804032895,278.520835668767
Ukraine,Mortalidad_Media,0.33799999999999997,0.06883514495785685,0.05130929791271347,0.03968494306653073,0.009087916031559794,4199.6708984375
Ukraine,Mortalidad_Media,0.379,0.0919564845091124,0.057533206831119545,0.044939772380827865,0.006455530087973687,4775.94580078125
Ukraine,Mortalidad_Media,0.379,0.08925269378442702,0.058252371916508526,0.038435130470480555,0.00824949140309493,3709.76928710938
Ukraine,Mortalidad_Media,0.29600000000000004,0.09179137721233499,0.04661859582542695,0.04738907066376706,0.008990182580751677,3619.86157226563
Ukraine,Mortalidad_Media,0.29,0.09555656656668113,0.0467741935483871,0.054705475835078794,0.007828395854776685,3059.0517578125
Ukraine,Mortalidad_Media,0.292,0.09087298049640492,0.04820493358633776,0.05453504999833454,0.008047617766734351,2604.28759765625
Ukraine,Mortalidad_Media,0.26,0.09273594037101966,0.043908918406072105,0.07056288105786253,0.006775677850682166,2158.46118164063
Ukraine,Mortalidad_Media,0.25,0.09364995886838945,0.04364326375711575,0.07547370528813825,0.00682713323782114,2094.47387695313
Ukraine,Mortalidad_Media,0.219,0.10622519678784616,0.039478178368121446,0.07254874347057111,0.009119396970205904,3054.908203125
Ukraine,Mortalidad_Media,0.23,0.1164026814065682,0.04320683111954459,0.059131376908215946,0.011820053569239496,4129.89697265625
Ukraine,Mortalidad_Media,0.24,0.12258117960367915,0.046907020872865274,0.05059816509623326,0.014318287313881363,3951.34228515625
Ukraine,Mortalidad_Media,0.22,0.12638067340811876,0.0450853889943074,0.057963898764224975,0.01429202693682057,3656.69799804688
Ukraine,Mortalidad_Media,0.25,0.13175642952717895,0.054079696394686905,0.04632676194356221,0.0171461947519982,3039.63232421875
Ukraine,Mortalidad_Media,0.27,0.11340917438060538,0.06096774193548387,0.04001618317622451,0.019578726670529806,2607.08764648438
Ukraine,Mortalidad_Media,0.28,0.13301479666250943,0.06641366223908918,0.03651952194218371,0.022093065925748168,4017.806640625
Ukraine,Mortalidad_Media,0.26,0.13700532686714706,0.06413662239089184,0.03780982299169899,0.024169851024298687,3160.32763671875
Ukraine,Mortalidad_Media,0.22,0.1325844451817735,0.05635673624288425,0.05148377934277318,0.02145870892576913,2366.494140625
Ukraine,Mortalidad_Media,0.23,0.1371396100028619,0.061100569259962045,0.060376288584925504,0.017641820535610513,1875.33508300781
Ukraine,Mortalidad_Media,0.24,0.13682440200081183,0.06648956356736242,0.06804196176928046,0.015271197259967546,1401.01806640625
Ukraine,Mortalidad_Media,0.21,0.13478622931762757,0.06096774193548387,0.07822792853707936,0.01604583047293551,1076.48156738281
Ukraine,Mortalidad_Media,0.15,0.12884305711076716,0.04554079696394687,0.13146258546813286,0.013553755560915004,903.011901855469
Ukraine,Mortalidad_Media,0.26,0.12628965830714098,0.0828842504743833,0.08410524153293307,0.012658056044708531,800.49072265625
Ukraine,Mortalidad_Media,0.28,0.12485635847721899,0.09351043643263758,0.07796193074945686,0.013447186022852534,653.294311523438
Ukraine,Mortalidad_Media,0.1,0.14660340697412658,0.03681214421252372,0.21544538706329502,0.015404236848042764,933.191772460938
United Arab Emirates,Mortalidad_Baja,0.718,0.3864015100567291,0.057222011385199244,0.0015326960854416581,0.07598322927251973,49899.0652975197
United Arab Emirates,Mortalidad_Baja,0.66,0.40210694925507584,0.055104364326375714,0.002236511972798221,0.05862226554447749,43360.0211001327
United Arab Emirates,Mortalidad_Baja,0.6459999999999999,0.3779803686882171,0.05761290322580645,0.002334565798460708,0.06143947643650463,37173.8754093066
United Arab Emirates,Mortalidad_Baja,0.788,0.40871009976350386,0.07476280834914611,0.0014826473694828425,0.08560366955617843,44251.4541398817
United Arab Emirates,Mortalidad_Baja,0.773,0.3932000674800872,0.07774003795066413,0.001440072235909752,0.09560697109068597,45689.8570049401
United Arab Emirates,Mortalidad_Baja,0.742,0.39500227903999746,0.07884629981024667,0.0016062891769936145,0.0943056752502773,42340.5917160161
United Arab Emirates,Mortalidad_Baja,0.7000000000000001,0.48013464899416214,0.07703984819734346,0.0016783149201563747,0.09925849256254922,41326.4018161569
United Arab Emirates,Mortalidad_Baja,0.6900000000000001,0.4704273317897868,0.07986717267552182,0.0016409799440581126,0.10861629946726856,43534.9972694631
United Arab Emirates,Mortalidad_Baja,0.664,0.4466218431629123,0.07937760910815941,0.0014814850592861266,0.12974309896128444,51381.4069901746
United Arab Emirates,Mortalidad_Baja,0.68,0.41064593965205237,0.08387096774193549,0.0014568806304539488,0.1330006088698891,52023.5170959441
United Arab Emirates,Mortalidad_Baja,0.63,0.3993197623680061,0.08009487666034155,0.0015595209031711592,0.1383643673096473,52034.4762476071
United Arab Emirates,Mortalidad_Baja,0.65,0.3967244321847654,0.08387096774193549,0.0015680490161516017,0.13529684791585145,50789.050540755
United Arab Emirates,Mortalidad_Baja,0.59,0.41464687081185003,0.07836812144212524,0.0019492224093392125,0.12314493427783149,43696.6712590463
United Arab Emirates,Mortalidad_Baja,0.5700000000000001,0.4397638106493896,0.07787476280834914,0.0028462128000992138,0.08889437177524587,37803.0663738777
United Arab Emirates,Mortalidad_Baja,0.62,0.4370060077663204,0.08588235294117648,0.002087781492847359,0.11385541327229158,50054.1700681803
United Arab Emirates,Mortalidad_Baja,0.62,0.4139729920996655,0.08823529411764706,0.002464719595060603,0.09865702027292454,45854.7325158162
United Arab Emirates,Mortalidad_Baja,0.61,0.4283395613672531,0.0879696394686907,0.0028066947349707915,0.08891524311321927,44342.6048322482
United Arab Emirates,Mortalidad_Baja,0.52,0.4420650843511908,0.07597722960151802,0.004198646278670253,0.06996384136059404,38719.3138307623
United Arab Emirates,Mortalidad_Baja,0.7000000000000001,0.43769771031930027,0.10493358633776091,0.003722386181215893,0.059682108328067585,33376.7152295209
United Arab Emirates,Mortalidad_Baja,0.9,0.46837793291702146,0.1366223908918406,0.0033512294069418147,0.05179990228235144,29659.5428567811
United Arab Emirates,Mortalidad_Baja,0.9,0.5038357001345329,0.1400379506641366,0.0038304201883997946,0.04611178450497423,27753.6089526346
United Arab Emirates,Mortalidad_Baja,0.9,0.5426807447112616,0.14174573055028464,0.0038910539617566745,0.04593499257261178,27745.1708087672
United Arab Emirates,Mortalidad_Baja,0.9,0.4152277119172382,0.14516129032258066,0.003933559543357887,0.04657655768643413,29865.502347066
United Arab Emirates,Mortalidad_Media,0.7308,0.526791676535797,0.1317381404174573,0.003826074778687808,0.06728017558564672,27003.2006807782
United Kingdom,Mortalidad_Baja,0.871,0.1045888326534309,0.0644573055028463,0.0011862054337863936,0.07511496432612416,46062.9914079698
United Kingdom,Mortalidad_Baja,0.865,0.10967667609927402,0.06401328273244782,0.0012815424750837606,0.06978479901291018,46926.475736105
United Kingdom,Mortalidad_Baja,0.899,0.10712803931272114,0.06652941176470588,0.0011679470991267195,0.07386030952059991,40404.8062238951
United Kingdom,Mortalidad_Baja,0.838,0.11631069923685147,0.060425047438330166,0.0011290734952591665,0.08013157988852365,42794.0022648288
United Kingdom,Mortalidad_Baja,0.79,0.12170289953426232,0.056963946869070206,0.0011311043893962834,0.08504206046094345,43315.4874501318
United Kingdom,Mortalidad_Baja,0.783,0.12294874209048652,0.05645920303605313,0.0011871558399309662,0.08162340415809867,40629.2340347345
United Kingdom,Mortalidad_Baja,0.78,0.12471153499527918,0.05624288425047438,0.0011611703730767106,0.0838578713039806,40988.1044233026
United Kingdom,Mortalidad_Baja,0.76,0.12832290256374707,0.05624288425047438,0.0012993953446078792,0.07873942841344704,44983.885522934
United Kingdom,Mortalidad_Baja,0.7640000000000001,0.12800570265564068,0.056538899430740044,0.0015257459539059894,0.06620242276670235,47426.6209829995
United Kingdom,Mortalidad_Baja,0.78,0.13702454387485122,0.05920303605313093,0.0012703163763771045,0.08056227695621965,43419.0352598932
United Kingdom,Mortalidad_Baja,0.76,0.14010953605447482,0.059127134724857686,0.001293701336567818,0.08332629517341351,42490.1465463521
United Kingdom,Mortalidad_Baja,0.77,0.1375598019346033,0.06282732447817838,0.0013868069386757022,0.08035171618348835,42109.6418795749
United Kingdom,Mortalidad_Baja,0.77,0.1496827687841793,0.06428842504743833,0.0011921164892290583,0.09627678997376969,39598.957119545
United Kingdom,Mortalidad_Baja,0.84,0.14545718449064565,0.07332068311195446,0.0012591641059453375,0.08704625294943052,38744.131693043
United Kingdom,Mortalidad_Baja,0.86,0.1559527639231691,0.07833017077798862,0.0012269315005660677,0.09120109605172882,47396.1202078484
United Kingdom,Mortalidad_Baja,0.86,0.15936050049514275,0.07996204933586337,0.0010233065820843528,0.11236660664140076,50397.6854954706
United Kingdom,Mortalidad_Baja,0.86,0.16666816669452403,0.08159392789373814,0.0010383035824159438,0.11302240650212667,44512.4590296865
United Kingdom,Mortalidad_Baja,0.87,0.17077530634411184,0.08419354838709676,0.0009798593931030183,0.12098074288788614,42104.7884375024
United Kingdom,Mortalidad_Baja,0.87,0.17114440760266164,0.08584440227703985,0.0013100945468777585,0.09147545021595382,40366.8886650968
United Kingdom,Mortalidad_Baja,0.8300000000000001,0.1742332732829095,0.08347248576850094,0.001603251899636234,0.07943876329398433,34442.6875402308
United Kingdom,Mortalidad_Baja,0.87,0.17203171867606087,0.08914611005692599,0.0016045492067750103,0.07705893147156605,30077.741432188
United Kingdom,Mortalidad_Baja,0.86,0.17523561503643745,0.08975332068311195,0.0013821181128391366,0.09282439473527598,27906.5695029641
United Kingdom,Mortalidad_Baja,0.87,0.1752700820575701,0.09079696394686906,0.0014743520264379891,0.0857750422754622,28280.926786099
United Kingdom,Mortalidad_Baja,0.9,0.17263176091850702,0.10417457305502846,0.0021169574555147345,0.06320978290814927,23168.9529580171
United States,Mortalidad_Baja,0.757,0.3014648656150669,0.07900379506641367,0.002304737629631886,0.06218705179294845,77860.9112908848
United States,Mortalidad_Baja,0.768,0.29845488334198345,0.08015180265654648,0.001966810718688406,0.07233988933260307,71307.4017277218
United States,Mortalidad_Baja,0.772,0.2843781106248496,0.08056925996204933,0.0015460371308235457,0.09242821667018661,64401.5074354212
United States,Mortalidad_Baja,0.774,0.3103826717040294,0.08077798861480077,0.0015411138500587788,0.0924858837243073,65227.9565911038
United States,Mortalidad_Baja,0.7190000000000001,0.31215343230977133,0.0764022770398482,0.0018658860752611482,0.08341366191258676,62875.6661382728
United States,Mortalidad_Baja,0.7809999999999999,0.30532827619734826,0.08299051233396584,0.0018064093367273857,0.07915819000378946,60047.7190728307
United States,Mortalidad_Baja,0.74,0.3087141957145776,0.08003795066413662,0.0018832234805874748,0.08166783927861905,57976.628204291
United States,Mortalidad_Baja,0.73,0.31453843802659304,0.0803415559772296,0.002133915106893053,0.07404642442365213,56849.4697923159
United States,Mortalidad_Baja,0.72,0.320464786301788,0.07924098671726755,0.002475453100778885,0.06430072433551806,55153.3940182967
United States,Mortalidad_Baja,0.71,0.3192011358048678,0.0794876660341556,0.002817789159676312,0.057962446325185636,53297.3862901595
United States,Mortalidad_Baja,0.71,0.3160520968139847,0.0808349146110057,0.002433063485326327,0.06885241344281286,51708.3940614082
United States,Mortalidad_Baja,0.75,0.324831727655619,0.08681214421252371,0.002405648763886917,0.06693400130519678,50024.8812320773
United States,Mortalidad_Baja,0.73,0.33192802094658064,0.08588235294117648,0.0020757205250030338,0.08169888963090982,48642.6312088213
United States,Mortalidad_Baja,0.72,0.3268847978090465,0.08743833017077798,0.001940885312002689,0.09183975853672875,47194.9500893872
United States,Mortalidad_Baja,0.73,0.34690889621280674,0.09003795066413663,0.0021266130513082756,0.08367923176327789,48570.0594269601
United States,Mortalidad_Baja,0.76,0.3594940398274444,0.09518026565464896,0.0020803353375440387,0.08341825126458499,48050.227412195
United States,Mortalidad_Baja,0.75,0.35663491920743895,0.09535104364326376,0.0019198441885469202,0.09336341783603366,46301.9876485519
United States,Mortalidad_Baja,0.75,0.363549074665517,0.0967741935483871,0.0020829540660903547,0.08712362212438061,44123.3996470026
United States,Mortalidad_Baja,0.77,0.3651801552924322,0.09935483870967743,0.0024034963641953047,0.07302851410489897,41724.6411982614
United States,Mortalidad_Baja,0.76,0.3611317852714996,0.0995066413662239,0.0020712718501782277,0.08775680518510694,39490.3023903176
United States,Mortalidad_Baja,0.78,0.36341309303103375,0.10360531309297913,0.0017742293558559176,0.10177732772427546,37997.7424300242
United States,Mortalidad_Baja,0.75,0.3626604844111425,0.09962049335863378,0.001986526865630463,0.09430161752385323,37133.6203973517
United States,Mortalidad_Baja,0.75,0.37337629341428635,0.10104364326375712,0.0020130988197143824,0.09438922872718249,36329.9702595751
United States,Mortalidad_Baja,0.9,0.35972033555039734,0.1349146110056926,0.0038701320148608787,0.04381546922514699,28690.8757013347
Uruguay,Mortalidad_Baja,0.752,0.07501169390924373,0.0799089184060721,0.014394574833630134,0.007445110206124369,20818.6146091144
Uruguay,Mortalidad_Baja,0.757,0.07587659123269101,0.08331309297912713,0.015985792196120795,0.00665475959429734,17881.818721099
Uruguay,Mortalidad_Baja,0.735,0.07062795068105987,0.08368121442125237,0.015341227857797207,0.007752121894540083,15757.5355995779
Uruguay,Mortalidad_Baja,0.6920000000000001,0.07105407205494267,0.08141176470588235,0.014702962473706956,0.009357065617823356,18315.7316980028
Uruguay,Mortalidad_Baja,0.716,0.0719913610542364,0.0883111954459203,0.012726507011327675,0.011516780530820994,19249.9404677501
Uruguay,Mortalidad_Baja,0.703,0.06975721613731911,0.09070967741935484,0.012032714525395564,0.013397813579936505,19184.6502617082
Uruguay,Mortalidad_Baja,0.73,0.07152746185445977,0.09973434535104364,0.0143146651889677,0.01101162720323788,17009.7584207276
Uruguay,Mortalidad_Baja,0.73,0.06874600994563715,0.10388994307400379,0.013141671303469446,0.012938873572802259,17125.9016800298
Uruguay,Mortalidad_Baja,0.706,0.06440721793440203,0.10583301707779887,0.014927034637973296,0.01227092993684399,18322.4276767157
Uruguay,Mortalidad_Baja,0.7000000000000001,0.06353627544707413,0.10891840607210626,0.017023590976402506,0.010993057052655845,18335.2594772322
Uruguay,Mortalidad_Baja,0.6900000000000001,0.0648694378227919,0.11129032258064515,0.01841673202787353,0.010593636488480074,16259.5940814256
Uruguay,Mortalidad_Baja,0.67,0.06116887542074329,0.11187855787476281,0.020618426689690432,0.0099314592608847,15132.2675725587
Uruguay,Mortalidad_Baja,0.6900000000000001,0.05649113816491937,0.12045540796963945,0.016331224781890183,0.013658617685545068,12641.0576849008
Uruguay,Mortalidad_Baja,0.67,0.057779078030181674,0.12332068311195446,0.0184182203051725,0.013027423932844987,9881.39573127081
Uruguay,Mortalidad_Baja,0.64,0.05868094518856145,0.12387096774193547,0.022415541819564202,0.011468401511064827,9423.96562595893
Uruguay,Mortalidad_Baja,0.59,0.045303038362533556,0.1220303605313093,0.022539551356868737,0.01372550092545871,7222.05403645877
Uruguay,Mortalidad_Baja,0.62,0.04551569593775278,0.1364705882352941,0.022494908965303543,0.013976410451032957,6001.33294783172
Uruguay,Mortalidad_Baja,0.55,0.042091235423944356,0.12941176470588237,0.0248799507855689,0.015522844198774569,5284.25677987129
Uruguay,Mortalidad_Baja,0.51,0.04061877297787482,0.1267741935483871,0.033737013134383334,0.012514704756379362,4168.66065438387
Uruguay,Mortalidad_Media,0.51,0.03551387583143811,0.13161290322580646,0.029570785938204155,0.015431881404341074,3671.12329256883
Uruguay,Mortalidad_Media,0.44,0.03537636824035462,0.11688804554079696,0.026775246322600952,0.02138477092069445,4149.76140312687
Uruguay,Mortalidad_Media,0.44,0.038155133646658644,0.11939278937381405,0.0198661525434821,0.030683403392383582,6382.76104740859
Uruguay,Mortalidad_Media,0.43,0.04357153344622533,0.11994307400379507,0.021810878816234364,0.029259057289144116,6987.70098766257
Uruguay,Mortalidad_Media,0.5,0.03692864350863908,0.17552182163187854,0.02696200218274219,0.02520635765367885,6050.48632253644
Zambia,Mortalidad_Alta,0.308,0.03670674046689899,0.1881897533206831,0.015717470564332637,0.13487832098614325,1447.12310138035
Zambia,Mortalidad_Alta,0.305,0.0352800459062225,0.19330170777988614,0.015394485362954872,0.14447442924563153,1127.16077872857
Zambia,Mortalidad_Alta,0.284,0.03477372382560562,0.1859203036053131,0.016376983762221544,0.15079371538353653,951.644316655957
Zambia,Mortalidad_Alta,0.32299999999999995,0.03396594457137314,0.2188064516129032,0.013857727280974709,0.16238843114369225,1258.98619844462
Zambia,Mortalidad_Alta,0.363,0.03326347344981312,0.25830170777988615,0.014401137871768168,0.14572039974128595,1463.89997855593
Zambia,Mortalidad_Alta,0.35000000000000003,0.03216102030129022,0.25768500948766604,0.01798995329427929,0.12471195658546344,1483.46577328065
Zambia,Mortalidad_Alta,0.38,0.03127876513787287,0.2949146110056926,0.025645357603384204,0.08388555220680911,1239.08527877713
Zambia,Mortalidad_Alta,0.38,0.03141217991105347,0.3064516129032258,0.020508294019765935,0.10999004967351934,1295.87788680068
Zambia,Mortalidad_Alta,0.313,0.031233628056908408,0.2571707779886148,0.03388991160949713,0.08149815440946277,1707.48573136694
Zambia,Mortalidad_Alta,0.32,0.030721783519920737,0.27142314990512334,0.040223252746542947,0.06884259450339908,1820.71854827391
Zambia,Mortalidad_Alta,0.3,0.03028639973283515,0.26413662239089186,0.04861629856279973,0.06278837648282004,1710.05061343728
Zambia,Mortalidad_Alta,0.3,0.029532176239915223,0.27096774193548384,0.05031870818620598,0.06220377664849838,1624.86817763443
Zambia,Mortalidad_Alta,0.28,0.02874340367561892,0.2603415559772296,0.05264381186813737,0.0657560221786201,1451.10616017155
Zambia,Mortalidad_Alta,0.26,0.028321412922785675,0.25013282732447817,0.06952230009471971,0.05496649362848264,1136.24168316848
Zambia,Mortalidad_Alta,0.26,0.02817268697938533,0.2609867172675522,0.06892783882261085,0.05801925110411094,1375.50211006997
Zambia,Mortalidad_Alta,0.26,0.02727302882781591,0.27332068311195445,0.07284901380998558,0.05746056219975212,1118.73162626953
Zambia,Mortalidad_Alta,0.26,0.027599863952920214,0.2836812144212524,0.07947265081865697,0.0545076185308659,1051.71714895686
Zambia,Mortalidad_Alta,0.25,0.027762303860226996,0.2903225806451613,0.09130256964388965,0.05239755089041809,710.982068171696
Zambia,Mortalidad_Alta,0.26,0.027933395198897707,0.3290702087286528,0.09376294243800609,0.053536754503245194,548.685974566277
Zambia,Mortalidad_Alta,0.26,0.027908222238452757,0.3596584440227704,0.0939805263002735,0.058676299871580705,446.290104839041
Zambia,Mortalidad_Alta,0.34,0.02757088622114021,0.5083870967741935,0.07069090923341452,0.06480741352786357,393.864625518616
Zambia,Mortalidad_Alta,0.35000000000000003,0.027224313457967678,0.5618595825426945,0.06941348302662367,0.06903856943856305,396.548952993504
Zambia,Mortalidad_Alta,0.35000000000000003,0.02718802049696986,0.5937381404174573,0.07219535071083669,0.0701973830728073,359.429500988221
Zambia,Mortalidad_Alta,0.3,0.030332528962286814,0.5612903225806452,0.0734820433490641,0.08961560267945842,433.312782642118
Zimbabwe,Mortalidad_Alta,0.20600000000000002,0.01888176859906268,0.16495635673624293,0.05446231189013137,0.07483786182458167,2040.54658705395
Zimbabwe,Mortalidad_Alta,0.21300000000000002,0.01836810416223495,0.1762201138519924,0.06500841211707795,0.062110494613539693,1724.38727102272
Zimbabwe,Mortalidad_Alta,0.189,0.01688482536244738,0.1610265654648956,0.07262567694446635,0.06465242623949337,1730.45391034701
Zimbabwe,Mortalidad_Alta,0.158,0.01867657518852559,0.1379127134724858,0.09723721918555576,0.05889816948084799,1683.91313584141
Zimbabwe,Mortalidad_Alta,0.189,0.020208506783779504,0.16999240986717265,0.060593107478225446,0.08268184039531619,2271.85250365817
Zimbabwe,Mortalidad_Alta,0.147,0.018863639439078848,0.13723719165085388,0.07714284461092254,0.0868293064673136,3448.08699068824
Zimbabwe,Mortalidad_Alta,0.21,0.019188001693886503,0.20242884250474383,0.05866573024347927,0.08235906342995554,1407.42096413212
Zimbabwe,Mortalidad_Alta,0.21,0.020598545124867258,0.21039848197343453,0.06172284843094482,0.08132173452062293,1386.41855927575
Zimbabwe,Mortalidad_Alta,0.193,0.020911917742329807,0.1988595825426945,0.07089700058696399,0.07913803467454678,1372.21474610373
Zimbabwe,Mortalidad_Alta,0.22,0.021029482974830083,0.2379506641366224,0.05081116403095304,0.10262743173989006,1362.29952932396
Zimbabwe,Mortalidad_Alta,0.24,0.02065091613150672,0.2727893738140417,0.05244473044080028,0.09556180216293209,1238.59479481433
Zimbabwe,Mortalidad_Alta,0.22,0.020191422287399632,0.2700948766603416,0.06163164808646733,0.09582715524564689,1037.24613741902
Zimbabwe,Mortalidad_Alta,0.18,0.01904149299894074,0.2308918406072106,0.08353288122614402,0.09009658400943371,901.55051752819
Zimbabwe,Mortalidad_Alta,0.21,0.018947041451046955,0.28172675521821633,0.08003831971893566,0.0840807464025942,735.446248561806
Zimbabwe,Mortalidad_Alta,0.24,0.018857386099701143,0.32652751423149906,0.12400369753904915,0.046747123998922724,340.740210298158
Zimbabwe,Mortalidad_Alta,0.26,0.021498263908581654,0.3527514231499051,0.1275633744127461,0.04148271399462821,413.302605010004
Zimbabwe,Mortalidad_Alta,0.23,0.022492210475276983,0.3033206831119545,0.1308172162677533,0.04468407555932338,430.809214010242
Zimbabwe,Mortalidad_Alta,0.23,0.021787117391747508,0.2906641366223909,0.11665478315384203,0.04826443014656686,461.028318446444
Zimbabwe,Mortalidad_Alta,0.27,0.020398639246820106,0.32891840607210626,0.10467816867496967,0.04388673142081728,469.484691401035
Zimbabwe,Mortalidad_Alta,0.29,0.0216947735911842,0.33567362428842507,0.07981408290337509,0.05144692267772762,468.234223473035
Zimbabwe,Mortalidad_Alta,0.3,0.023661615003467838,0.3318785578747628,0.06554936041275662,0.05828686333240844,524.677281078209
Zimbabwe,Mortalidad_Alta,0.41000000000000003,0.024621753111559903,0.47535104364326375,0.059635458284860235,0.04861098745185745,566.107692145462
Zimbabwe,Mortalidad_Alta,0.42,0.0253480507846512,0.47259962049335863,0.05836455133228242,0.046953020736900754,562.556945680495
Zimbabwe,Mortalidad_Alta,0.3,0.04116789975867887,0.32960151802656545,0.07023073155600561,0.053787128637365685,647.975499841761
